{"type":"FeatureCollection","municipality":"Girona","source":{"organization":"Ajuntament de Girona - UMAT","title":"Barris i sectors de Girona","official":true,"accessedAt":"2026-08-08"},"features":[{"type":"Feature","id":"170792--barri--centre","properties":{"name":"Centre","officialName":"Barri del Centre","municipality":"Girona","kind":"barri","quality":"official","code":"1290"},"geometry":{"bbox":[2.819749261903692,41.97272115791919,2.8332950709698106,41.990519790850044],"type":"Polygon","coordinates":[[[2.8264408124263523,41.99017315054051],[2.826491094695978,41.99011090843718],[2.8266664726431308,41.99011740509277],[2.826741447215353,41.99019229171896],[2.8267913768738526,41.990260906988],[2.826958832426077,41.9901116117269],[2.8271139037642996,41.98988034579333],[2.82717646261841,41.98981429403527],[2.827224208784998,41.98976537857489],[2.827276845360586,41.98972993453751],[2.8273228691132806,41.98970673952077],[2.8275020149180956,41.98963596325615],[2.8269986777954537,41.98883412647193],[2.8270004925367056,41.988591033479246],[2.8267604347809674,41.98847692338791],[2.826706858914967,41.98832436841357],[2.826713574231259,41.98801922225828],[2.8269241232674993,41.98783849475799],[2.8280286120127065,41.98739042570726],[2.828431435961314,41.98715832005026],[2.828580213699924,41.98716776424475],[2.8287268006009394,41.9871478431892],[2.828857928261757,41.98713940944287],[2.8289737320389894,41.987096430099896],[2.829031685583191,41.987053356393986],[2.829139881433,41.986970087661646],[2.8292981481567994,41.986907031334454],[2.8295488278242886,41.986884588975734],[2.8296088370774113,41.9867807039962],[2.8297086120623502,41.98669173180137],[2.8295845756679916,41.986501811124214],[2.82955739001258,41.98645577362627],[2.829548902266433,41.98637469185389],[2.8295350775075803,41.986238832503],[2.829487195936832,41.98611755843164],[2.829369204407675,41.98569034913197],[2.829107944923979,41.98516330444039],[2.828838300492538,41.98470361662916],[2.8283116729123035,41.98412356691838],[2.8279429542283134,41.98403348211156],[2.827879646408193,41.98400800636427],[2.8278662836527806,41.98395354990298],[2.8278800077887767,41.983872933596075],[2.8279072726158754,41.98378023259534],[2.827969586688809,41.983721862671054],[2.828021079101727,41.983665485893795],[2.8280751657374523,41.98364540993528],[2.828167113006976,41.983619337230614],[2.828321237139658,41.98358126146682],[2.828545628401682,41.98353925456238],[2.8286644617488657,41.9835616064453],[2.828764369429329,41.98358796407375],[2.8289642581681953,41.983612452214864],[2.8290642726968667,41.983598487694316],[2.8291291103917766,41.98360261921371],[2.8292046995730176,41.98363095775907],[2.829280272565094,41.98366131462952],[2.8294098633524487,41.98370585530522],[2.8296042544669926,41.98376460461423],[2.8296906869579135,41.983778846351704],[2.8298122090797353,41.983807252629035],[2.829966187856683,41.98382361087076],[2.8300714509750713,41.98387013226248],[2.830122328610815,41.98389905688496],[2.830757921704484,41.98389221836738],[2.831054660744197,41.98380806281589],[2.831186102255082,41.983567515476224],[2.8310471150376206,41.98335910337107],[2.8307339254736674,41.98307234817369],[2.8305426777830496,41.98295754686964],[2.8302348086489264,41.982892578894926],[2.829981100698477,41.98278334047309],[2.8297276407044745,41.98258136086172],[2.8294203099027597,41.982314785723155],[2.8293268570921226,41.982275395666974],[2.8289775371367742,41.98218106391595],[2.8289669682070695,41.98208831527443],[2.829080837376253,41.981943323108794],[2.8291351702440415,41.98183453920083],[2.828854432608554,41.98173331992882],[2.828735855309519,41.98161621010962],[2.8287523466269024,41.98151139681023],[2.8288175805627165,41.98136634133964],[2.8288988746095582,41.98127775470996],[2.8292666672973534,41.98116136567837],[2.829358594253905,41.981137310376376],[2.8296142791602734,41.98109439316261],[2.829730827852505,41.98088439398891],[2.829611860716743,41.98044531228103],[2.8296822528570953,41.980315773474494],[2.82989685834934,41.979739750544105],[2.8304987935239887,41.97911082511962],[2.830524926337607,41.978721287140196],[2.8303438809451436,41.9784331936129],[2.8297985882996195,41.97824691426893],[2.8294105664432814,41.97785118929519],[2.8292311144636075,41.977641305107184],[2.8291820822213167,41.977233241308504],[2.829320928957654,41.977012369369845],[2.829461062796816,41.976886446896266],[2.829697733814701,41.97678799111928],[2.8297887562284707,41.976726332038176],[2.829864527589509,41.97671774748335],[2.8299097765766783,41.97671964829558],[2.8301539697345324,41.97668296256328],[2.830575579615763,41.97663519973813],[2.8308401206463567,41.9767283300239],[2.830958491401983,41.97692204034721],[2.8311637049435197,41.97697073352283],[2.831363955676179,41.976850057957975],[2.8315428734760912,41.97662048585335],[2.831575854829001,41.976406832259634],[2.831500972421514,41.97611640848735],[2.8314310524937167,41.97599131174532],[2.831334151844133,41.97585407842165],[2.8313185563904666,41.975620187490925],[2.8313409241453837,41.9753299064219],[2.831441970332031,41.97510633643737],[2.832103660612716,41.97451168823975],[2.832750328235274,41.97396607289775],[2.8328756728262086,41.973817056666086],[2.8330127161462135,41.97365413564598],[2.833341424319017,41.97274172600715],[2.8333414364730682,41.97274169360066],[2.8324145480950125,41.973109938134655],[2.8318104361359455,41.97344666566486],[2.831758657209928,41.97346497338393],[2.8309047489098527,41.973766871940136],[2.8299566332276322,41.97382978574157],[2.8287290190704657,41.97368327540573],[2.827651248280454,41.97389067028192],[2.8249340246998202,41.974867244888436],[2.824391649713635,41.975170855698344],[2.823756187486422,41.975702119459726],[2.823622587757344,41.97625386473613],[2.823540949099168,41.9771210862814],[2.8240396952678584,41.97828487683296],[2.8241437520672403,41.9788764168937],[2.82261148594661,41.97887406855203],[2.822319409740937,41.97940585226534],[2.822556514747563,41.979642760925245],[2.8217362299232325,41.98011459920479],[2.8208364429427153,41.98066515303073],[2.8201745270487515,41.98117664038918],[2.8201200346462634,41.981767926320835],[2.819719747388578,41.98318659614193],[2.8197447323043026,41.98369916191457],[2.8204826843251007,41.98435082268269],[2.8210098785371827,41.98478531514873],[2.8224335545108064,41.98589141519746],[2.822776592144262,41.98604964062236],[2.8242282700768397,41.986372961684815],[2.824206189479812,41.98641707864304],[2.8237357313406477,41.98735945163494],[2.8233795362005516,41.98853469501052],[2.8231880628842116,41.98950809717849],[2.8239841251652815,41.98957056051649],[2.824427704840999,41.98945487977949],[2.8247309780645176,41.98962068602447],[2.825419633395476,41.98994017191065],[2.8259607852625304,41.9901675809163],[2.826006209443441,41.990272190291506],[2.826064103835264,41.99048413311435],[2.826147568193167,41.99050918912847],[2.826239510577019,41.99048439784437],[2.826314828711016,41.9904284353416],[2.826340195615845,41.99031631355058],[2.8264239682462935,41.9902229680336],[2.8264408124263523,41.99017315054051]]]}},{"type":"Feature","id":"170792--barri--eixample","properties":{"name":"Eixample","officialName":"Barri de l'Eixample","municipality":"Girona","kind":"barri","quality":"official","code":"1297"},"geometry":{"bbox":[2.8082126154663056,41.9589885430254,2.824881169761879,41.99415814085598],"type":"Polygon","coordinates":[[[2.8231880628842116,41.98950809717849],[2.8233795362005516,41.98853469501052],[2.8237357313406477,41.98735945163494],[2.824206189479812,41.98641707864304],[2.8242282700768397,41.986372961684815],[2.822776592144262,41.98604964062236],[2.8224335545108064,41.98589141519746],[2.8210098785371827,41.98478531514873],[2.8204826843251007,41.98435082268269],[2.8197447323043026,41.98369916191457],[2.819719747388578,41.98318659614193],[2.8201200346462634,41.981767926320835],[2.8201745270487515,41.98117664038918],[2.8208364429427153,41.98066515303073],[2.8217362299232325,41.98011459920479],[2.822556514747563,41.979642760925245],[2.822319409740937,41.97940585226534],[2.82261148594661,41.97887406855203],[2.8241437520672403,41.9788764168937],[2.8240396952678584,41.97828487683296],[2.823540949099168,41.9771210862814],[2.823622587757344,41.97625386473613],[2.823756187486422,41.975702119459726],[2.824391649713635,41.975170855698344],[2.8249340246998202,41.974867244888436],[2.824573852973378,41.97413541473568],[2.8245697960021423,41.97412716740235],[2.82439906618756,41.97353207661121],[2.8242928406770784,41.97298530614795],[2.824336940183734,41.97261561142299],[2.824253493144936,41.97161872855166],[2.8240639746175,41.97002685190483],[2.823852424733081,41.968611778503394],[2.823566514458929,41.967750802972006],[2.8235533125230172,41.96771102704761],[2.82314555606425,41.96714771507599],[2.8226724385039046,41.966857611251655],[2.821725947369459,41.966373850239336],[2.820803931757044,41.9660765577249],[2.8200826784688373,41.96601662936573],[2.8184737351150217,41.96609360710686],[2.8176773728888085,41.96593344601294],[2.8168602631109585,41.96541769533857],[2.814409874374784,41.96358104000107],[2.811400614911857,41.96138972472607],[2.810670344028009,41.960681147314574],[2.8097747678377765,41.95899114189303],[2.8088641143594892,41.95901336760166],[2.8092663571855137,41.96007688425409],[2.8109591879263855,41.964335896958154],[2.8103722262589894,41.964592830968016],[2.8097728736132455,41.96485895620665],[2.8096079451726483,41.96562586867756],[2.8097092023747643,41.96598236025863],[2.809554496868222,41.96640205175957],[2.809314866455639,41.966707074417855],[2.8090569889514376,41.96695782687837],[2.80895507980095,41.96727913489144],[2.8085784503035156,41.96777480808452],[2.808458066507563,41.968118205290494],[2.808183899563757,41.968563150183826],[2.80838635820274,41.96928885276093],[2.8086911447481246,41.970014724549614],[2.808707021551596,41.97040925477681],[2.808808081292007,41.970829369914476],[2.8089943722080397,41.971262353242615],[2.8090101371405547,41.97169505268007],[2.8089241985713684,41.97192397004948],[2.808691145471431,41.97208287544655],[2.808648090444226,41.97311227193143],[2.808766492790186,41.973634660817126],[2.8089651521707024,41.97406766368474],[2.809362940610905,41.97476955885752],[2.809401154871968,41.97536640635752],[2.8096590473343417,41.97605314480859],[2.809957508326011,41.97654598959486],[2.809952560823582,41.97654554728198],[2.810724325193767,41.978480615238325],[2.8110123115993964,41.979368149225266],[2.811088724233943,41.98033418169781],[2.81103297443319,41.98131971214075],[2.810366720592151,41.98327014537599],[2.809797510686743,41.984849469383825],[2.8097959648084605,41.98485375400527],[2.8097081543053295,41.98569975597587],[2.810547229908371,41.98635474262521],[2.811323861054852,41.98715764889752],[2.812770787244922,41.988402545425245],[2.814702464587076,41.98924737907502],[2.816667255159363,41.989853835226526],[2.820648771146452,41.99056762081238],[2.8218781034360525,41.99117491234529],[2.822778448878158,41.992067990165836],[2.823840831825025,41.99415654914983],[2.823654240224564,41.99264797719247],[2.8235667756032643,41.99208816710418],[2.8235178681640685,41.99137663566169],[2.8233290338612105,41.99068386682467],[2.823229593284933,41.98985843179786],[2.8231880628842116,41.98950809717849]]]}},{"type":"Feature","id":"170792--barri--montjuic","properties":{"name":"Montjuïc","officialName":"Barri de Montjuïc","municipality":"Girona","kind":"barri","quality":"official","code":"1293"},"geometry":{"bbox":[2.8261585775911318,41.989268961753076,2.8404356404694973,42.00027171566987],"type":"Polygon","coordinates":[[[2.8401324717674146,41.99989598978632],[2.840440381331154,41.99837398009856],[2.840272746483859,41.99792530953073],[2.839915172734635,41.99751571239212],[2.8397577957256077,41.99718506518534],[2.839559198124943,41.99646886208898],[2.8396247261765577,41.99567544619717],[2.8399320055548305,41.995628318042385],[2.840023107676794,41.995456776985],[2.840043310468161,41.99490338930103],[2.840241195431922,41.99456072500455],[2.8403167965947067,41.99386882768065],[2.8401791453658953,41.993103148973525],[2.839532564594915,41.992330638799025],[2.83836034833837,41.99166762230172],[2.8372389016211192,41.99123212040027],[2.837477539017077,41.99172759607136],[2.837509814475056,41.992042206246346],[2.8369943501820605,41.99210638749774],[2.8365686505650585,41.992096012703236],[2.8361627295832132,41.9920319127152],[2.835534171040746,41.99195283958403],[2.8350421960824965,41.992245304615444],[2.834538877168419,41.99262734957917],[2.833764227188073,41.99133651222543],[2.8332490349292385,41.990582530261236],[2.8325439785367412,41.99023856927204],[2.8313794237884906,41.98982657167524],[2.8309277081628,41.989917769119636],[2.830115279572518,41.98983083965059],[2.8290651482891827,41.989328407644436],[2.8284859765662995,41.98927246255105],[2.8278326691878988,41.98938660261306],[2.8275020149180956,41.98963596325615],[2.8273228691132806,41.98970673952077],[2.827276845360586,41.98972993453751],[2.827224208784998,41.98976537857489],[2.82717646261841,41.98981429403527],[2.8271139037642996,41.98988034579333],[2.826958832426077,41.9901116117269],[2.8267913768738526,41.990260906988],[2.826741447215353,41.99019229171896],[2.8266664726431308,41.99011740509277],[2.826491094695978,41.99011090843718],[2.8264408124263523,41.99017315054051],[2.8264239682462935,41.9902229680336],[2.826340195615845,41.99031631355058],[2.826314828711016,41.9904284353416],[2.82638852612243,41.99040905546568],[2.8266614805451744,41.99045915687623],[2.8265944576726794,41.9906130968746],[2.8265939071425206,41.990816827998906],[2.8265261975303946,41.99122482816547],[2.826525419166514,41.99151238406391],[2.8264580463409956,41.991795516091145],[2.8266101006935895,41.99221811301895],[2.826728725563724,41.992685387310935],[2.826820652184566,41.993177453471276],[2.826745646292133,41.99382331783889],[2.826604418825983,41.99432000454195],[2.8266033176825673,41.9947274656188],[2.826768938604402,41.99506063826412],[2.82691463155125,41.99537888267313],[2.8270469964294604,41.99569709869477],[2.8270466613142164,41.995821318183054],[2.826833067110971,41.99598001073929],[2.826672632623703,41.9961884630572],[2.8265854201359883,41.99641691250238],[2.8265846413437514,41.99670511662],[2.826403897502981,41.99703279604609],[2.8262432303594798,41.997325729914344],[2.82613620659632,41.997489545060176],[2.826205638362661,41.99783123704941],[2.8262303465923404,41.99809688195012],[2.8263310836713043,41.99846699220828],[2.8263375722975552,41.99857674824545],[2.8267183169711534,41.99875528450405],[2.8274197297417873,41.99914408256256],[2.8277843885619363,41.999375180999294],[2.8280931368940885,41.99950140292013],[2.828542721681292,41.9995020725942],[2.828837640774086,41.99954442791766],[2.8301294303931988,41.99982928297993],[2.830466476829682,41.99988218020491],[2.830747549307218,41.99985115990047],[2.831379739173024,41.99986256139886],[2.831462166897965,41.99980862985319],[2.8314842074331144,41.99979420921656],[2.8314844552856817,41.99969981073518],[2.831669490806882,41.999671034819485],[2.8319113260387003,42.00025955043729],[2.832933477873442,42.000261036267815],[2.8336928169649376,42.00025487498349],[2.8340724703923,42.000255421669415],[2.8343255819380073,42.00025578634317],[2.834510542546982,42.0002560513315],[2.834734444138091,42.000256372990755],[2.834958364493637,42.00024943396891],[2.8351920182320125,42.00024250938528],[2.8354937896613337,42.00024294043184],[2.835776128594247,42.00023608351625],[2.836019494580708,42.00023642961215],[2.836223938233825,42.00022945219217],[2.8363700070835605,42.000215140850806],[2.8366231609496437,42.00019371249919],[2.8369541791705912,42.00017966258537],[2.837324223031103,42.000136619635796],[2.8378889294756355,42.00010110902629],[2.838589957828169,42.000051258748044],[2.8393786840591435,41.99997248944354],[2.8398850555985673,41.99990784088392],[2.8401324717674146,41.99989598978632]]]}},{"type":"Feature","id":"170792--barri--est","properties":{"name":"Est","officialName":"Barri de l'Est","municipality":"Girona","kind":"barri","quality":"official","code":"1737"},"geometry":{"bbox":[2.8267650223405374,41.96686675335643,2.89778014472128,42.007587414750276],"type":"Polygon","coordinates":[[[2.8620959528410146,42.0068833622792],[2.8621692144307036,42.006868265048546],[2.862966086957783,42.00688734047195],[2.8622257826900723,42.00354948801692],[2.8616218061893357,42.00085847176062],[2.8616380810053137,42.000792568003874],[2.861710679418696,42.00068518707063],[2.861722265410867,42.00062766195487],[2.8616828026691423,42.000571232696124],[2.861686709228455,42.00041160238668],[2.8616833190688444,42.000248030070665],[2.8616819723377964,42.00017907432442],[2.8616839556160385,42.00014534135083],[2.8616948409447254,42.000112468431006],[2.8616950297607486,42.00011226060454],[2.8617156869255513,42.00008953555578],[2.8617531789524513,42.00006165915158],[2.8618131215574625,42.000038773335476],[2.8618780290963004,42.000027682285626],[2.862003230850833,42.00001141821361],[2.862067383505718,42.00000263455738],[2.862169547987405,41.999983489309614],[2.86219978459144,41.99997159628181],[2.8622335926488653,41.99995197531027],[2.862278367956337,41.99992516125404],[2.8623466504894983,41.99989263632359],[2.862446271919282,41.99985660658709],[2.862487803795347,41.99984325893072],[2.8625243389279573,41.999833940261475],[2.8625722815619996,41.999825486367556],[2.8626247877819813,41.999817888144115],[2.8626807141147594,41.999811146018395],[2.8628428779199564,41.99975005673347],[2.862974211699775,41.9996982928513],[2.8630952721509066,41.99964821882662],[2.863210422397761,41.99959959130725],[2.86323927700499,41.9995810629487],[2.863271362569062,41.999559807610126],[2.8633717918311925,41.99947472862893],[2.863465222419993,41.999387373356214],[2.8635856874846066,41.999285446726496],[2.8636630948132837,41.99922398892992],[2.8637208117491233,41.99918302309133],[2.863721024795195,41.99918277295894],[2.863751523622791,41.99914726255133],[2.8637517173705036,41.99914700248864],[2.8637707142618614,41.99912153346616],[2.8637868302029985,41.999077921595756],[2.8638121037128457,41.99899794446221],[2.863831630232832,41.9989375355946],[2.863845368669222,41.998915422509896],[2.863845442419583,41.99891537756405],[2.8638647917274236,41.998903529725084],[2.863896765595544,41.99889250294801],[2.8640122085854283,41.998886363915204],[2.8641320505565,41.99888748214091],[2.864202792574047,41.99888072708463],[2.864282724357217,41.99886323519421],[2.8643281547610187,41.99885126319373],[2.8643770923995895,41.99883208278002],[2.8644271167217905,41.998808916377286],[2.864475427900887,41.998783349454754],[2.864516080429765,41.998759948583256],[2.8645698570138336,41.998723863780555],[2.864624954831837,41.99868191807084],[2.8646761235565954,41.99863996770273],[2.864728597288114,41.99860095051949],[2.8648097420503222,41.99855950285601],[2.8648451590869146,41.9985382654074],[2.8648453745413005,41.99853801527573],[2.864881685924514,41.99849582215497],[2.8648817513244604,41.9984957285626],[2.864926727440586,41.99843118657347],[2.86492692721472,41.99843092831718],[2.8649779486018407,41.99836481274997],[2.8649781411347384,41.99836455268374],[2.8650454014184747,41.99827379592827],[2.8650454776696574,41.99827370955389],[2.8651197395426022,41.99819217300422],[2.8652434006620253,41.998065045008055],[2.865317549241352,41.99799749194741],[2.8653887621638248,41.99793806931789],[2.8654395329954596,41.99791080711264],[2.8655156575811622,41.99788462656855],[2.8655551205771603,41.99787521489038],[2.8655847224884847,41.99786579255331],[2.8656044822170244,41.997847951862106],[2.865717952457556,41.99774138264667],[2.8657834126931334,41.99766981655398],[2.8657834454412288,41.99766974634026],[2.865794510418711,41.99764613388369],[2.8658001070231722,41.99761214205289],[2.865797620289662,41.99748026800211],[2.8657894342874592,41.99743183677751],[2.865779887700444,41.99737413159518],[2.865760708929047,41.997298901679756],[2.865764244292011,41.99725924134251],[2.8657794935103986,41.99723247243742],[2.8657797041327298,41.997232219596256],[2.865811338311565,41.997194390738805],[2.8658528672044508,41.99714910780698],[2.8658530814465717,41.9971488558706],[2.8658860965732247,41.997109997341994],[2.865886107498583,41.99710996943407],[2.865895818414965,41.997084252326076],[2.865901434127589,41.99703995868041],[2.865909824413969,41.9969905164599],[2.8659250939225602,41.996953445728835],[2.8659993036264844,41.99680054057651],[2.866051974015907,41.99671096946524],[2.8660521725689097,41.99671071300681],[2.8660838260798256,41.99666979750733],[2.866083849075304,41.996669771414794],[2.8661297860628925,41.996622577801894],[2.866164222941014,41.9965837829936],[2.866164288355994,41.99658368039381],[2.8661858619799405,41.99654983415755],[2.8662028051387813,41.99652465324205],[2.8661986653257276,41.99648527305434],[2.866169210079471,41.9964348373898],[2.866116568928773,41.99636547508065],[2.865983843389336,41.99622356781945],[2.865949089416993,41.9961833637933],[2.8659301556155383,41.99615026558321],[2.8658902457744286,41.99605099246892],[2.865862902702631,41.99600055918959],[2.8656706682939914,41.99554121210975],[2.865635195582635,41.99533956704514],[2.8656459649326207,41.99523877607023],[2.8656640708486387,41.99516240806579],[2.8656790147405844,41.99508367390741],[2.86569396642656,41.995001789220915],[2.865713223029424,41.99488053419357],[2.865724037315757,41.994757694018766],[2.8657348172499026,41.99465060377012],[2.8657413066814166,41.99457658460902],[2.865741429156795,41.99451830887153],[2.865724811683285,41.994387561167756],[2.865708252666184,41.994228463218725],[2.865555264331424,41.99423063489103],[2.8664678146441713,41.993178819681134],[2.8689430224050434,41.991275057593576],[2.8689431517898507,41.991274958667816],[2.8741919091959343,41.99158705785475],[2.876784745302249,41.992458113832484],[2.8823031190651123,41.991771577936525],[2.8851123539400096,41.99142197525716],[2.895888807765823,41.98771519634471],[2.895889166069563,41.98771460673176],[2.8978170028277748,41.98453939808832],[2.89781701977436,41.98453936928202],[2.897801924774612,41.98453132818194],[2.8978017583266182,41.98453123886753],[2.865938440130269,41.96754784785011],[2.863636247798848,41.96844760938771],[2.863635979821166,41.96844763338753],[2.8619644001120723,41.9685978249483],[2.857460968874962,41.968851715441005],[2.8545291227928944,41.96846435197966],[2.8497419620338906,41.967730443926754],[2.8463748508065168,41.9672135056618],[2.8463816510194015,41.96689467701013],[2.8462088199664426,41.96695227685064],[2.846053173249453,41.96703781308874],[2.845863467748187,41.967083223507494],[2.845710155284802,41.96709732834647],[2.8447321224462687,41.9670028839744],[2.844732475382579,41.967003160057224],[2.845311464367322,41.96743681699432],[2.8452894175924652,41.96764578000995],[2.844986737602336,41.96809552103331],[2.8447490423968973,41.968400664365525],[2.843994045510735,41.96881763800132],[2.8432609351988427,41.96908994458249],[2.842506364539788,41.96933006216624],[2.8416663977685697,41.96924853632735],[2.840373724400319,41.96929497634384],[2.839318584944858,41.96911667296515],[2.8383057275719876,41.969259950073685],[2.83765977579932,41.96913042625408],[2.8369918341626277,41.96917771527847],[2.8363451888046547,41.96932148275513],[2.8363232367134055,41.96948222217019],[2.836214385481168,41.96993221516783],[2.836277813875222,41.97039852901352],[2.8362545073566894,41.97108978867606],[2.8361454068568652,41.9716362429735],[2.835896858928466,41.971949387165395],[2.8356483073574807,41.97226252989535],[2.8351734324142854,41.97261553708926],[2.834203847582035,41.97266237728904],[2.8333419051204483,41.97274156008105],[2.8333416707955803,41.972741627291185],[2.8333414364730682,41.97274169360066],[2.833341424319017,41.97274172600715],[2.8330127161462135,41.97365413564598],[2.8328756728262086,41.973817056666086],[2.832750328235274,41.97396607289775],[2.832103660612716,41.97451168823975],[2.831441970332031,41.97510633643737],[2.8313409241453837,41.9753299064219],[2.8313185563904666,41.975620187490925],[2.831334151844133,41.97585407842165],[2.8314310524937167,41.97599131174532],[2.831500972421514,41.97611640848735],[2.831575854829001,41.976406832259634],[2.8315428734760912,41.97662048585335],[2.831363955676179,41.976850057957975],[2.8311637049435197,41.97697073352283],[2.830958491401983,41.97692204034721],[2.8308401206463567,41.9767283300239],[2.830575579615763,41.97663519973813],[2.8301539697345324,41.97668296256328],[2.8299097765766783,41.97671964829558],[2.829864527589509,41.97671774748335],[2.8297887562284707,41.976726332038176],[2.829697733814701,41.97678799111928],[2.829461062796816,41.976886446896266],[2.829320928957654,41.977012369369845],[2.8291820822213167,41.977233241308504],[2.8292311144636075,41.977641305107184],[2.8294105664432814,41.97785118929519],[2.8297985882996195,41.97824691426893],[2.8303438809451436,41.9784331936129],[2.830524926337607,41.978721287140196],[2.8304987935239887,41.97911082511962],[2.82989685834934,41.979739750544105],[2.8296822528570953,41.980315773474494],[2.829611860716743,41.98044531228103],[2.829730827852505,41.98088439398891],[2.8296142791602734,41.98109439316261],[2.829358594253905,41.981137310376376],[2.8292666672973534,41.98116136567837],[2.8288988746095582,41.98127775470996],[2.8288175805627165,41.98136634133964],[2.8287523466269024,41.98151139681023],[2.828735855309519,41.98161621010962],[2.828854432608554,41.98173331992882],[2.8291351702440415,41.98183453920083],[2.829080837376253,41.981943323108794],[2.8289669682070695,41.98208831527443],[2.8289775371367742,41.98218106391595],[2.8293268570921226,41.982275395666974],[2.8294203099027597,41.982314785723155],[2.8297276407044745,41.98258136086172],[2.829981100698477,41.98278334047309],[2.8302348086489264,41.982892578894926],[2.8305426777830496,41.98295754686964],[2.8307339254736674,41.98307234817369],[2.8310471150376206,41.98335910337107],[2.831186102255082,41.983567515476224],[2.831054660744197,41.98380806281589],[2.830757921704484,41.98389221836738],[2.830122328610815,41.98389905688496],[2.8300714509750713,41.98387013226248],[2.829966187856683,41.98382361087076],[2.8298122090797353,41.983807252629035],[2.8296906869579135,41.983778846351704],[2.8296042544669926,41.98376460461423],[2.8294098633524487,41.98370585530522],[2.829280272565094,41.98366131462952],[2.8292046995730176,41.98363095775907],[2.8291291103917766,41.98360261921371],[2.8290642726968667,41.983598487694316],[2.8289642581681953,41.983612452214864],[2.828764369429329,41.98358796407375],[2.8286644617488657,41.9835616064453],[2.828545628401682,41.98353925456238],[2.828321237139658,41.98358126146682],[2.828167113006976,41.983619337230614],[2.8280751657374523,41.98364540993528],[2.828021079101727,41.983665485893795],[2.827969586688809,41.983721862671054],[2.8279072726158754,41.98378023259534],[2.8278800077887767,41.983872933596075],[2.8278662836527806,41.98395354990298],[2.827879646408193,41.98400800636427],[2.8279429542283134,41.98403348211156],[2.8283116729123035,41.98412356691838],[2.828838300492538,41.98470361662916],[2.829107944923979,41.98516330444039],[2.829369204407675,41.98569034913197],[2.829487195936832,41.98611755843164],[2.8295350775075803,41.986238832503],[2.829548902266433,41.98637469185389],[2.82955739001258,41.98645577362627],[2.8295845756679916,41.986501811124214],[2.8297086120623502,41.98669173180137],[2.8296088370774113,41.9867807039962],[2.8295488278242886,41.986884588975734],[2.8292981481567994,41.986907031334454],[2.829139881433,41.986970087661646],[2.829031685583191,41.987053356393986],[2.8289737320389894,41.987096430099896],[2.828857928261757,41.98713940944287],[2.8287268006009394,41.9871478431892],[2.828580213699924,41.98716776424475],[2.828431435961314,41.98715832005026],[2.8280286120127065,41.98739042570726],[2.8269241232674993,41.98783849475799],[2.826713574231259,41.98801922225828],[2.826706858914967,41.98832436841357],[2.8267604347809674,41.98847692338791],[2.8270004925367056,41.988591033479246],[2.8269986777954537,41.98883412647193],[2.8275020149180956,41.98963596325615],[2.8278326691878988,41.98938660261306],[2.8284859765662995,41.98927246255105],[2.8290651482891827,41.989328407644436],[2.830115279572518,41.98983083965059],[2.8309277081628,41.989917769119636],[2.8313794237884906,41.98982657167524],[2.8325439785367412,41.99023856927204],[2.8332490349292385,41.990582530261236],[2.833764227188073,41.99133651222543],[2.834538877168419,41.99262734957917],[2.8350421960824965,41.992245304615444],[2.835534171040746,41.99195283958403],[2.8361627295832132,41.9920319127152],[2.8365686505650585,41.992096012703236],[2.8369943501820605,41.99210638749774],[2.837509814475056,41.992042206246346],[2.837477539017077,41.99172759607136],[2.8372389016211192,41.99123212040027],[2.83836034833837,41.99166762230172],[2.839532564594915,41.992330638799025],[2.8401791453658953,41.993103148973525],[2.8403167965947067,41.99386882768065],[2.840241195431922,41.99456072500455],[2.840043310468161,41.99490338930103],[2.840023107676794,41.995456776985],[2.8399320055548305,41.995628318042385],[2.8396247261765577,41.99567544619717],[2.839559198124943,41.99646886208898],[2.8397577957256077,41.99718506518534],[2.839915172734635,41.99751571239212],[2.840272746483859,41.99792530953073],[2.840440381331154,41.99837398009856],[2.8401324717674146,41.99989598978632],[2.841107463617235,42.000293162911774],[2.8433988569546806,42.000136798233285],[2.8437052670915186,41.999749873418274],[2.845202701327343,41.99947846818177],[2.845812587877146,41.99991219971552],[2.84599439306458,42.000527644843565],[2.8462989335517137,42.00091540076297],[2.8473978706975243,42.001235849557446],[2.8478248789550045,42.00150982894805],[2.85040473391746,42.001742433131305],[2.8522263853687826,42.00221170600986],[2.8529800031469974,42.00276198629215],[2.853531231560377,42.00325707280691],[2.854359300166743,42.003464113178815],[2.8555186611204015,42.003726493930095],[2.8563825768028344,42.00437302757958],[2.857247285931155,42.00467622097569],[2.8577256942749685,42.00481414571822],[2.8578137105934784,42.005122983157634],[2.857445589013176,42.0050305803438],[2.85729821590339,42.00505291477862],[2.857080329717673,42.0049536029113],[2.8570801214525194,42.004953854838405],[2.8572980780860897,42.005052983958535],[2.8574454511940743,42.00503065042458],[2.859796496494414,42.005620779968694],[2.85992423472132,42.00574162510139],[2.861833132596282,42.007549776385034],[2.8619209916469677,42.006952123114615],[2.861917089080567,42.00688603840076],[2.8620959528410146,42.0068833622792]]]}},{"type":"Feature","id":"170792--barri--nord","properties":{"name":"Nord","officialName":"Barri del Nord","municipality":"Girona","kind":"barri","quality":"official","code":"1741"},"geometry":{"bbox":[2.817563649607926,41.98944417680326,2.857758554458311,42.02987906772297],"type":"Polygon","coordinates":[[[2.8570801214525194,42.004953854838405],[2.857080329717673,42.0049536029113],[2.85729821590339,42.00505291477862],[2.857445589013176,42.0050305803438],[2.8578137105934784,42.005122983157634],[2.8577256942749685,42.00481414571822],[2.857247285931155,42.00467622097569],[2.8563825768028344,42.00437302757958],[2.8555186611204015,42.003726493930095],[2.854359300166743,42.003464113178815],[2.853531231560377,42.00325707280691],[2.8529800031469974,42.00276198629215],[2.8522263853687826,42.00221170600986],[2.85040473391746,42.001742433131305],[2.8478248789550045,42.00150982894805],[2.8473978706975243,42.001235849557446],[2.8462989335517137,42.00091540076297],[2.84599439306458,42.000527644843565],[2.845812587877146,41.99991219971552],[2.845202701327343,41.99947846818177],[2.8437052670915186,41.999749873418274],[2.8433988569546806,42.000136798233285],[2.841107463617235,42.000293162911774],[2.8401324717674146,41.99989598978632],[2.8398850555985673,41.99990784088392],[2.8393786840591435,41.99997248944354],[2.838589957828169,42.000051258748044],[2.8378889294756355,42.00010110902629],[2.837324223031103,42.000136619635796],[2.8369541791705912,42.00017966258537],[2.8366231609496437,42.00019371249919],[2.8363700070835605,42.000215140850806],[2.836223938233825,42.00022945219217],[2.836019494580708,42.00023642961215],[2.835776128594247,42.00023608351625],[2.8354937896613337,42.00024294043184],[2.8351920182320125,42.00024250938528],[2.834958364493637,42.00024943396891],[2.834734444138091,42.000256372990755],[2.834510542546982,42.0002560513315],[2.8343255819380073,42.00025578634317],[2.8340724703923,42.000255421669415],[2.8336928169649376,42.00025487498349],[2.832933477873442,42.000261036267815],[2.8319113260387003,42.00025955043729],[2.831669490806882,41.999671034819485],[2.8314844552856817,41.99969981073518],[2.8314842074331144,41.99979420921656],[2.831462166897965,41.99980862985319],[2.831379739173024,41.99986256139886],[2.830747549307218,41.99985115990047],[2.830466476829682,41.99988218020491],[2.8301294303931988,41.99982928297993],[2.828837640774086,41.99954442791766],[2.828542721681292,41.9995020725942],[2.8280931368940885,41.99950140292013],[2.8277843885619363,41.999375180999294],[2.8274197297417873,41.99914408256256],[2.8267183169711534,41.99875528450405],[2.8263375722975552,41.99857674824545],[2.8263310836713043,41.99846699220828],[2.8262303465923404,41.99809688195012],[2.826205638362661,41.99783123704941],[2.82613620659632,41.997489545060176],[2.8262432303594798,41.997325729914344],[2.826403897502981,41.99703279604609],[2.8265846413437514,41.99670511662],[2.8265854201359883,41.99641691250238],[2.826672632623703,41.9961884630572],[2.826833067110971,41.99598001073929],[2.8270466613142164,41.995821318183054],[2.8270469964294604,41.99569709869477],[2.82691463155125,41.99537888267313],[2.826768938604402,41.99506063826412],[2.8266033176825673,41.9947274656188],[2.826604418825983,41.99432000454195],[2.826745646292133,41.99382331783889],[2.826820652184566,41.993177453471276],[2.826728725563724,41.992685387310935],[2.8266101006935895,41.99221811301895],[2.8264580463409956,41.991795516091145],[2.826525419166514,41.99151238406391],[2.8265261975303946,41.99122482816547],[2.8265939071425206,41.990816827998906],[2.8265944576726794,41.9906130968746],[2.8266614805451744,41.99045915687623],[2.82638852612243,41.99040905546568],[2.826314828711016,41.9904284353416],[2.826239510577019,41.99048439784437],[2.826147568193167,41.99050918912847],[2.826064103835264,41.99048413311435],[2.826006209443441,41.990272190291506],[2.8259607852625304,41.9901675809163],[2.825419633395476,41.98994017191065],[2.8247309780645176,41.98962068602447],[2.824427704840999,41.98945487977949],[2.8239841251652815,41.98957056051649],[2.8231880628842116,41.98950809717849],[2.823229593284933,41.98985843179786],[2.8233290338612105,41.99068386682467],[2.8235178681640685,41.99137663566169],[2.8235667756032643,41.99208816710418],[2.823654240224564,41.99264797719247],[2.823840831825025,41.99415654914983],[2.8233796269888702,41.99539851346402],[2.8228690092874444,41.99726173611298],[2.8223266757629246,41.99830622614697],[2.821650387161722,41.999843179796166],[2.8199760876945597,42.00248593710964],[2.819975779989345,42.00248586187183],[2.8199756963256166,42.002485984231186],[2.8197707059189403,42.00278792514481],[2.819618507647717,42.00302629048358],[2.819472115115562,42.00323267129056],[2.8193415861664257,42.003404080600994],[2.8193414019363665,42.00340432259016],[2.819220700933675,42.00357598680129],[2.8190999617697794,42.00376259826807],[2.818979489645898,42.00391907915304],[2.8189793054206285,42.003919318439586],[2.8188886806232807,42.004083560489214],[2.8187779349334825,42.00427765658642],[2.8186880737057614,42.00447584755992],[2.818657167176118,42.00455463309779],[2.818610766902833,42.00468552376698],[2.8185523960248218,42.004830383730024],[2.8184608476318993,42.00507527134519],[2.818357169271881,42.00535256544097],[2.8182454387393925,42.0056770739714],[2.8181496212925112,42.00597208917816],[2.8180298575394085,42.006337909962404],[2.817942138998169,42.00656800163608],[2.817846636345574,42.00675085269932],[2.8177591512329245,42.00689829954809],[2.817687528643276,42.00703396379955],[2.8176475666636955,42.00716967559966],[2.817623501229506,42.00728180170274],[2.8175596443961917,42.00747060753724],[2.817519631246921,42.007624032581255],[2.8175111766852172,42.00781292463344],[2.8175225028571624,42.00800480320665],[2.817537847934528,42.008176024203394],[2.817569086474501,42.00832365681819],[2.8176319385417896,42.008489050324755],[2.8177423171009073,42.00864271244461],[2.817907900354418,42.00886730203448],[2.81808936737012,42.009074204974794],[2.8182234938813058,42.009227904248164],[2.8184128274746203,42.00945253069507],[2.81862587728999,42.00968899930946],[2.818823095123297,42.00992544433373],[2.8190045848389307,42.010126442870614],[2.81918605897899,42.01033334404565],[2.819383447877028,42.01051075338714],[2.8196362635858403,42.010682348331706],[2.819904895377348,42.010859868684165],[2.8202446210502727,42.01109062905571],[2.820497457972448,42.01125631736443],[2.820789859021481,42.01142796894055],[2.82109511919855,42.01160117454167],[2.821351214788759,42.01173546166708],[2.8216265062826262,42.01188412022915],[2.821908225249212,42.0120280082737],[2.8222539943447984,42.012195902055225],[2.8226306910762546,42.01239288540655],[2.8231099172896292,42.01263221087427],[2.823416100239917,42.01278179807642],[2.8236955682873233,42.01295122469387],[2.8240682161360597,42.013170501135804],[2.8243609363642634,42.0133697719289],[2.8246936782766894,42.01355916066523],[2.8249863749911714,42.01376836954502],[2.8252524413762203,42.013967596504436],[2.8255237763707504,42.01417875564169],[2.825886027374406,42.01437217478801],[2.8262107949247075,42.0146040376284],[2.8265431596190895,42.01482462660237],[2.82679234720993,42.01502251578761],[2.8270565802047765,42.015254283952466],[2.8272679801899456,42.01543518627482],[2.8273989412312983,42.01558631832509],[2.8275027041481753,42.01578250829523],[2.8275823886688483,42.01598706069096],[2.8276420039527004,42.01619656896626],[2.8276986221076355,42.01630801203606],[2.8277591981699723,42.01650994349643],[2.827784797657349,42.016731356042904],[2.827819730831893,42.01690855458537],[2.827840580410786,42.01709280310042],[2.8278661077602534,42.01734025908727],[2.8278913931408716,42.01767887085463],[2.8279252859524417,42.018063071775174],[2.827956891996862,42.01829430325415],[2.8279605900332916,42.018576728030546],[2.827955508695021,42.0188093014266],[2.8279620522029036,42.019003969806015],[2.8279545898640484,42.019151525104526],[2.827958671821138,42.019291079096284],[2.827959545293803,42.01945724918037],[2.827959159430845,42.01960085035365],[2.827958496563244,42.019847664411955],[2.8279588219869045,42.02036278479392],[2.8277966050353687,42.02097002349288],[2.8277169025199544,42.02159918451804],[2.8277361637795777,42.022024164199244],[2.8278069710260993,42.0223873780712],[2.827894753539339,42.02271258774538],[2.82804267556159,42.02308826150886],[2.82850790137459,42.024151856494896],[2.8285484049373855,42.02444705690401],[2.828522474415329,42.024711753493925],[2.828715032345488,42.02493215388846],[2.828996633145854,42.02515657750156],[2.829100986875116,42.025312969018586],[2.8292128788321884,42.025553277355954],[2.8295128898673383,42.02582424447666],[2.829682746340855,42.026157222890056],[2.8298877250712287,42.0264150279831],[2.829997478072689,42.026737283590265],[2.8304364620697355,42.02701819735017],[2.8306485641301107,42.02727233686921],[2.8310168483183524,42.027471180206526],[2.831633183705222,42.02774177293955],[2.8322995458474347,42.027869658915066],[2.833423245602193,42.02804843734833],[2.8349367526582325,42.02834146015413],[2.8355572001530214,42.02840051545058],[2.836833189488059,42.02866673108545],[2.837868186100896,42.028874427635536],[2.838101749594923,42.029070413480454],[2.838420370893516,42.02928767155334],[2.83895193622545,42.029441768879515],[2.8395118202467606,42.02961705628055],[2.840539840010797,42.02978770176227],[2.841000828755152,42.02980420190883],[2.8417667129685333,42.02985813631513],[2.842270557397259,42.029753066875415],[2.843668028811637,42.02967036153554],[2.844860013895405,42.029502753462566],[2.845597679664348,42.02949316713991],[2.846520058090236,42.02935691095533],[2.8472512336890166,42.029093479007045],[2.847862043350697,42.0287399860469],[2.848508858458575,42.028153862120824],[2.8485090825182318,42.02815361833713],[2.8489319420532446,42.027697000491585],[2.848914653227371,42.027509250934166],[2.849074912624828,42.02722126249099],[2.8493417319797256,42.026859379288474],[2.8493419608593,42.026859137310765],[2.849672340048602,42.02651344146457],[2.849963376077367,42.02640805928107],[2.8499635106615773,42.02640784690068],[2.8503442037048017,42.02581364734505],[2.850344418100369,42.025813397240455],[2.8509273596106666,42.0251322435463],[2.851339921522791,42.02460925679542],[2.8517413174077264,42.024043814865344],[2.8517414337491873,42.02404365109501],[2.8513709589991536,42.02391708011245],[2.8511358782964606,42.023853592190385],[2.850942520484643,42.02379803877278],[2.8507427183551037,42.02374007188015],[2.850633176986865,42.02369664894359],[2.8505720192262025,42.02364847935927],[2.8505270724955847,42.02356185994487],[2.850465769548787,42.02333139056693],[2.8502452542961554,42.022825814132894],[2.8490053984704353,42.02124847909485],[2.8488680807084577,42.02107377869023],[2.8488675628847533,42.021073119623686],[2.8493901003653486,42.02024879984433],[2.8493233983025212,42.02017848398928],[2.849295188287552,42.02012297690604],[2.8492882745750894,42.020050326633154],[2.8492816029382415,42.01987465880779],[2.8492916888064546,42.01972873036632],[2.8493062496952475,42.01956233391561],[2.8493181704115598,42.019388672844215],[2.849356853490984,42.01875476463415],[2.8493862451426057,42.01847307385464],[2.8494083856177457,42.018186942276145],[2.8494311891751796,42.01790431152765],[2.849444976016345,42.01774724126351],[2.8494730641183277,42.017499638822905],[2.8495095085608217,42.017120971925166],[2.849522151315524,42.016879851987575],[2.849527839440479,42.01674278201674],[2.8495283677101955,42.0165176563819],[2.8495069709165444,42.01620194924843],[2.849492740294464,42.01597680424202],[2.849482510457537,42.01576166904642],[2.8494562520056426,42.015516495491966],[2.849413953297993,42.01524528790093],[2.849354193712415,42.01498206066883],[2.8493022540319908,42.014817900501086],[2.8492357047889887,42.014589683897526],[2.8491264029473236,42.014284368247864],[2.849051752077567,42.01407815400248],[2.8489917773658266,42.01390798017523],[2.848913107958523,42.013699758363146],[2.8488384015944175,42.013517558297956],[2.8487209082423157,42.01327426557698],[2.848587329929421,42.01302394974513],[2.848493795468213,42.01286173556011],[2.848344039364239,42.0126454161705],[2.8481721399519944,42.012432569075294],[2.848069121086202,42.01231036481161],[2.8479553709733088,42.01218714470054],[2.8478161793578325,42.01204388068381],[2.8477077828783495,42.01192667034872],[2.8475538224564634,42.011788388704076],[2.84741991825208,42.01167814958337],[2.8472712757447853,42.01156088712809],[2.847097864950985,42.01142107847601],[2.8469036934480267,42.01126773370356],[2.8467389880846388,42.01113443891176],[2.846597062739403,42.011014183526434],[2.846393698807256,42.01084812802511],[2.846213354851067,42.01068581283951],[2.8460435373222315,42.010527231230235],[2.8459141449785466,42.01038813728037],[2.845828330578744,42.010274063642925],[2.8458280717621203,42.01027371924136],[2.845907564031555,42.010099563545715],[2.8459361252952924,42.01003698946348],[2.8459555595868102,42.009906099404624],[2.8459803644650328,42.00980415580895],[2.8461219283715375,42.00955465973564],[2.8462351923246927,42.00934980575916],[2.8462390619320037,42.009205256016386],[2.846239369652818,42.009076471242295],[2.846268149307184,42.00883208101073],[2.8462825358882493,42.00871119950396],[2.8463180150031175,42.00861137225937],[2.8463958206988886,42.00849583190247],[2.84639591871831,42.00849574827179],[2.8465970996601513,42.00832526290231],[2.846724229335656,42.008215045403034],[2.8468866020642696,42.00810224483222],[2.846943124510753,42.00804449750654],[2.8469432347539407,42.00804435174577],[2.847052714514797,42.00790008861548],[2.847052928843428,42.00789984662212],[2.847144581839526,42.00779770807669],[2.847275219555423,42.00769275090984],[2.8474199168202046,42.007603581127874],[2.847645663654308,42.00751451876114],[2.847867867272855,42.007433335676886],[2.8480900640749254,42.00735478029346],[2.848231104457107,42.007320799213986],[2.84841088147163,42.007297381686534],[2.8486470002794246,42.00729243516685],[2.8488620061803145,42.007274319659054],[2.8489677982221076,42.007242917599655],[2.849091292272629,42.00717737287758],[2.849373683614823,42.00697536607061],[2.849588978012807,42.006833720622446],[2.8498253893035783,42.00670261496078],[2.8499806396903757,42.00661871292305],[2.8501323720844574,42.00653217793948],[2.8503722248305956,42.006435242380284],[2.850538014320046,42.006364494930786],[2.8507142640630234,42.00634106919832],[2.8511124859055554,42.00633369835976],[2.851235829046544,42.006331230129305],[2.85144361721277,42.00638406205754],[2.8518134407032445,42.00646601425668],[2.851993076312963,42.00650304179458],[2.852112876530512,42.00650845247899],[2.8522891151489214,42.006490280598214],[2.852461878500196,42.00645107704486],[2.8526064140555687,42.00642760764215],[2.8527438341331153,42.00643304029065],[2.8528882617631686,42.00645687874768],[2.8530432051086088,42.006504384661916],[2.8533109378142454,42.00654152198444],[2.853536458102074,42.00654706442882],[2.8538747734849195,42.00653960935946],[2.854163769418012,42.006524205320645],[2.8543893256792776,42.006513978185374],[2.854488073450967,42.0064799339557],[2.8545868797582763,42.00641960829709],[2.8547774335807454,42.006304205877946],[2.8549432823367376,42.006204539875014],[2.85512323983694,42.006099635153824],[2.8552572548525306,42.006052494054245],[2.8554335198728396,42.006021176667154],[2.8556097740432684,42.00599511527957],[2.855810665666599,42.00598222528058],[2.855979878062155,42.005953525436496],[2.8560962427211756,42.0059195028212],[2.8562126439728885,42.00586971038047],[2.856350286634393,42.00577526418722],[2.856473845874439,42.00567554393521],[2.856474066205904,42.005675298328995],[2.856572761225397,42.00556527929036],[2.8565729670793836,42.005565027361186],[2.8567252536749073,42.00537870229416],[2.856725467974619,42.005378453077256],[2.856889526468784,42.005189889012506],[2.8568897311127515,42.00518963708126],[2.8570801214525194,42.004953854838405]]]}},{"type":"Feature","id":"170792--barri--oest","properties":{"name":"Oest","officialName":"Barri de l'Oest","municipality":"Girona","kind":"barri","quality":"official","code":"1743"},"geometry":{"bbox":[2.782736579487629,41.9831159990884,2.823812606864463,42.00438951849735],"type":"Polygon","coordinates":[[[2.819975779989345,42.00248586187183],[2.8199760876945597,42.00248593710964],[2.821650387161722,41.999843179796166],[2.8223266757629246,41.99830622614697],[2.8228690092874444,41.99726173611298],[2.8233796269888702,41.99539851346402],[2.823840831825025,41.99415654914983],[2.822778448878158,41.992067990165836],[2.8218781034360525,41.99117491234529],[2.820648771146452,41.99056762081238],[2.816667255159363,41.989853835226526],[2.814702464587076,41.98924737907502],[2.812770787244922,41.988402545425245],[2.811323861054852,41.98715764889752],[2.810547229908371,41.98635474262521],[2.8097081543053295,41.98569975597587],[2.809260849139376,41.98535057923529],[2.806361833508175,41.98468440017363],[2.8008062772546194,41.98317186359665],[2.8000749486360257,41.98314751899876],[2.800074234055905,41.98314750154229],[2.800261010735473,41.983274993892636],[2.8002615238887665,41.98327534424493],[2.799348522097766,41.98417918000286],[2.798836461344743,41.98458945712136],[2.797968055529681,41.985044236064375],[2.7974297489650395,41.98524887766411],[2.7964611957206,41.98548785377173],[2.795923406647257,41.98552701660118],[2.7895104750567707,41.98552350928386],[2.788070695924846,41.98544412704906],[2.7875229660990377,41.98535136711239],[2.785405594455688,41.984738893852814],[2.7850147389009314,41.98464087776499],[2.784574963932824,41.984548849872155],[2.784224777930403,41.98447523085648],[2.7837441967519028,41.98440136341416],[2.7832963205528705,41.984297154533095],[2.7827332962464704,41.98415594903855],[2.7827330441634754,41.98415588551468],[2.7828774986092597,41.98434366449485],[2.7834553729246876,41.9850948461969],[2.7840499749450225,41.985801252619545],[2.7841828041477252,41.98595905631379],[2.784708438229468,41.986527464268725],[2.7848229836053164,41.986569109762534],[2.78576019946146,41.98752557084174],[2.786635177815456,41.98832879491723],[2.7874032176021566,41.988985906042366],[2.787566781377123,41.989116233741214],[2.7880172986166034,41.9894752035679],[2.7885463730147566,41.99001533432768],[2.7885467099102814,41.990015679903955],[2.791455267361575,41.99179981890031],[2.7949768226797,41.994115473078395],[2.7985082414408367,41.99644724771402],[2.8014474895796337,41.99864098887712],[2.8045580356957416,42.001349226104836],[2.806288231207773,42.002990470031826],[2.806344461577279,42.00316349362848],[2.806830642091872,42.00331382328827],[2.807310730177761,42.003483054638885],[2.80816269823167,42.00366731669787],[2.808875930973926,42.00380901024294],[2.8098617144015194,42.00407093964417],[2.810523440608094,42.0042486750268],[2.8109717767301188,42.004369091909126],[2.811085176095443,42.00398322629185],[2.8116109500737823,42.00219413332012],[2.81185799476983,42.00113265327214],[2.812160516014757,42.00050178173224],[2.812329313335427,42.00023964240988],[2.812329582621837,42.00023922494099],[2.812471047177992,42.00001953234282],[2.812554624537559,41.99951889838326],[2.813326292199596,41.99948502983262],[2.8135861949991177,41.99947833871503],[2.813592184460435,41.99947818451975],[2.814116031580372,41.99946469535378],[2.8142334665381505,41.99935770615487],[2.8143641490443785,41.99926244692013],[2.8144170906706685,41.999231060534306],[2.81450808434335,41.99917711628055],[2.8145911454364696,41.999135459543425],[2.814690675917343,41.99908554320184],[2.814878086315375,41.99899758026778],[2.815073883126121,41.99893214719743],[2.815286448322757,41.99891357543028],[2.815371237743692,41.99901306974956],[2.8153712750469957,41.9990131139422],[2.8154055819861163,41.99905337035987],[2.8154582944627613,41.99914661103851],[2.815458318492074,41.99914665250779],[2.815489674074189,41.99920211550977],[2.8155123060697638,41.9993093311847],[2.815531300167715,41.99942194500558],[2.815565706870834,41.999470414709485],[2.815570791335944,41.99947757777182],[2.8155709849510218,41.99947785008411],[2.815693997360475,41.99952938563101],[2.8159041027274854,41.9995270207678],[2.8162434889281625,41.99949604121339],[2.816576739235507,41.99949927617319],[2.81676055577571,41.99955703675032],[2.816769759217142,41.99955992906974],[2.8168444614837718,41.9996158895949],[2.8168491849123893,41.99965805822308],[2.8168585894376927,41.99974200542192],[2.816785304670745,42.000033704363304],[2.816811672618027,42.00010219708065],[2.8168006772527385,42.00056782397509],[2.81674586270677,42.000734359727744],[2.8166342340973163,42.00092242069951],[2.8167069500959454,42.00154645794992],[2.8167069854497173,42.00154676153083],[2.8167226191572894,42.00168092268389],[2.816824069662596,42.00167387928381],[2.819975779989345,42.00248586187183]]]}},{"type":"Feature","id":"170792--barri--mas-xirgu","properties":{"name":"Mas Xirgu","officialName":"Barri de Mas Xirgu","municipality":"Girona","kind":"barri","quality":"official","code":"1747"},"geometry":{"bbox":[2.7983685126513893,41.948506113492385,2.8109362718927655,41.97208659468051],"type":"Polygon","coordinates":[[[2.8109591879263855,41.964335896958154],[2.8092663571855137,41.96007688425409],[2.8088641143594892,41.95901336760166],[2.8082515436467452,41.95739367951865],[2.808308447686004,41.95697410146607],[2.807651136641391,41.955426034804994],[2.8054831197890917,41.949750213204965],[2.8054463024915703,41.94951420392162],[2.805444420652926,41.94950179484697],[2.8054443840206265,41.94950154169546],[2.8050121892239153,41.94957222388152],[2.805011869335926,41.949572276478044],[2.8033928109027824,41.94851512677625],[2.803392350943888,41.94851482606409],[2.8032394715374087,41.94864005512594],[2.8032387373416454,41.94864065641884],[2.803178893186494,41.94887653050552],[2.8031659690062187,41.94890911005541],[2.803165955634969,41.948909142456756],[2.803133903518648,41.94898993832807],[2.8031011699760273,41.94904122062855],[2.8029779291534327,41.949098652365585],[2.802925338505806,41.94912569852223],[2.802805124237033,41.94918752245165],[2.8026469012025688,41.94926295226226],[2.802545341893481,41.9493113690225],[2.80229291347426,41.94944146213227],[2.8022927781279865,41.9494415321518],[2.802311318099134,41.94945890115198],[2.802333909623399,41.94950359006776],[2.802353829265513,41.94957310596527],[2.8023650044014357,41.94967884633056],[2.802356975842276,41.9498043432486],[2.8023639224206893,41.949857264405054],[2.8023872223401476,41.94990898879127],[2.8024532594270855,41.94997376002128],[2.802562711422306,41.95000247443656],[2.8026480663331212,41.95001801910525],[2.8027383358740168,41.95005221880933],[2.8028348762769575,41.95013796037615],[2.802888114619866,41.95020682545494],[2.8028921916253156,41.95028667720692],[2.802932194711749,41.95035781445876],[2.803053020751647,41.95050909182977],[2.8032006418820576,41.95068518623718],[2.8033059996232774,41.950754978966955],[2.8033497989653937,41.950816786185136],[2.8033407396827195,41.950902147352224],[2.803338159166988,41.950941700531054],[2.803441294305696,41.95108595254205],[2.8034718789401323,41.951171631964726],[2.803476955843369,41.95123731419155],[2.8035031444891114,41.951304343931575],[2.803573218312352,41.95138972792835],[2.8036035865618882,41.951543251098684],[2.8036201260042057,41.95168084380484],[2.8035309474276766,41.9518165812987],[2.8035307922639143,41.951816817009714],[2.803438079524537,41.95188060706298],[2.803352278012312,41.951969843905],[2.803352142445901,41.95196998417793],[2.8033326839505106,41.95208113722237],[2.803359925116574,41.9521830392723],[2.803397580512934,41.95221301333063],[2.8034643712868728,41.95224642558754],[2.803638923449031,41.95231322729203],[2.803796123094941,41.95245161884935],[2.8039758430566204,41.95263290359342],[2.804178504299182,41.95291012730558],[2.8041910206540495,41.95300419158661],[2.8041886831477463,41.953101678311526],[2.804222006680998,41.95321522000974],[2.8042778778997186,41.95329681181296],[2.8042937058027158,41.95333748438967],[2.8043139542487445,41.9534398336156],[2.8043105937095345,41.95360990387059],[2.8043593060651424,41.95369681361273],[2.804421351315325,41.9537612778447],[2.8045492144868356,41.9538264701655],[2.804815788694499,41.95390513633493],[2.805067730285442,41.953932982661755],[2.8050684148021534,41.95398117075467],[2.805401018493779,41.95491213057452],[2.8053966232844854,41.95491434328465],[2.803331595978357,41.95611190383608],[2.803566157190479,41.95635098375637],[2.8007632948540895,41.95787004679658],[2.800763210244136,41.957870092584066],[2.8003727188638314,41.95748349038617],[2.8003722485092815,41.95748302482115],[2.7983380572501804,41.958168484595255],[2.7991058799362842,41.96035486237361],[2.7988018495048275,41.960718201630456],[2.798802023909687,41.960719150344076],[2.7989558904881773,41.961554865487436],[2.7991827158027713,41.96278681270831],[2.7990770761191155,41.962847228699864],[2.7990768911504156,41.962847334655464],[2.799092907207152,41.962936133818054],[2.7991836466780255,41.96309681123226],[2.7992993966949467,41.9631807013727],[2.7996072434327326,41.96331224815177],[2.8003815901155757,41.96349892386997],[2.8006210984504207,41.9635792233448],[2.8007776234225528,41.963654672342656],[2.8008305275710788,41.96369461886351],[2.8008278781525133,41.963702536577394],[2.800802732436343,41.96377767113435],[2.8008375911412036,41.96385535151254],[2.8009187813116,41.96383718977239],[2.801091908744725,41.96399616481217],[2.801380864320155,41.96426149681031],[2.8018410809954175,41.96468408295864],[2.802665577418492,41.96544114320009],[2.8027536153374544,41.965521978452436],[2.802965245646938,41.96571629517321],[2.8030725439014357,41.96581481459201],[2.8033050965915054,41.966028339157965],[2.803389872475444,41.96655362179234],[2.803538412039393,41.966710583897246],[2.8036628453546344,41.96684207232484],[2.803744954712566,41.966928835687106],[2.8037714435893597,41.966956826096244],[2.8038282768610405,41.96701688181644],[2.8038937852667964,41.96711111118938],[2.80406712635094,41.96736044547961],[2.8042802132516593,41.96755216196594],[2.8045193619455526,41.967767323669854],[2.8046652472512,41.96789857641003],[2.8046447961873597,41.96804773870643],[2.80467402440443,41.968170515700216],[2.8047036578655273,41.96829499654253],[2.8047246988965773,41.96838338277309],[2.8047565787045805,41.968517299246464],[2.804792896163995,41.96866985363593],[2.8048224585983124,41.968794030789994],[2.8048499804783353,41.96882127063742],[2.8048849240244977,41.96885585545502],[2.8049101934731167,41.96888086590142],[2.8049223836057964,41.96889293038924],[2.8049377912358393,41.9689081797114],[2.8049413648905483,41.968911717314526],[2.804951977567715,41.968922221858676],[2.8049559013761343,41.96892610411257],[2.8049636094085564,41.96893373328214],[2.804968984335021,41.968939053670475],[2.8049826123781605,41.96895254095278],[2.8049940023697437,41.96896381508579],[2.805004846092837,41.96897454698652],[2.805013930659782,41.96898353850399],[2.805031780939371,41.969001205760364],[2.8050477204616304,41.96901698106202],[2.805052497383978,41.96902170959069],[2.8050728372221907,41.96904184080063],[2.805090697161898,41.96905951707079],[2.8051236206942494,41.96909210339856],[2.8051400006548053,41.96910831445892],[2.805154332674518,41.96912249913403],[2.8051644256154953,41.969132488492924],[2.8051678958162496,41.969135923236806],[2.8051708281600614,41.96913882567187],[2.805176564101779,41.969144502428044],[2.805184936385587,41.96915278929891],[2.805195368656317,41.96916311428047],[2.8052023090675737,41.969169982865544],[2.805207132941287,41.96917475740154],[2.8052119977290095,41.969179571636275],[2.805216929897158,41.96918445353544],[2.8052235706989603,41.96919102619077],[2.805230694011129,41.969198076119255],[2.805240008465004,41.96920729497761],[2.806317414475308,41.97027361166568],[2.806256439113696,41.970601750176726],[2.806415479017377,41.97090040979949],[2.806724331613711,41.971005797965994],[2.8068548791545385,41.97105034417917],[2.8070167677677427,41.97108947675934],[2.807155101275981,41.97112291513608],[2.8072672262991065,41.97115001816605],[2.807487029184847,41.971203795826796],[2.8076507244848954,41.9712448192484],[2.8078093933003188,41.971284582990286],[2.807940063302653,41.97131733028677],[2.8081943671640492,41.97138166342237],[2.808532403579991,41.97167977685628],[2.808691145471431,41.97208287544655],[2.8089241985713684,41.97192397004948],[2.8090101371405547,41.97169505268007],[2.8089943722080397,41.971262353242615],[2.808808081292007,41.970829369914476],[2.808707021551596,41.97040925477681],[2.8086911447481246,41.970014724549614],[2.80838635820274,41.96928885276093],[2.808183899563757,41.968563150183826],[2.808458066507563,41.968118205290494],[2.8085784503035156,41.96777480808452],[2.80895507980095,41.96727913489144],[2.8090569889514376,41.96695782687837],[2.809314866455639,41.966707074417855],[2.809554496868222,41.96640205175957],[2.8097092023747643,41.96598236025863],[2.8096079451726483,41.96562586867756],[2.8097728736132455,41.96485895620665],[2.8103722262589894,41.964592830968016],[2.8109591879263855,41.964335896958154]]]}},{"type":"Feature","id":"170792--barri--sud","properties":{"name":"Sud","officialName":"Barri del Sud","municipality":"Girona","kind":"barri","quality":"official","code":"1744"},"geometry":{"bbox":[2.8054756423268854,41.9392189037549,2.845293414898349,41.97489648551906],"type":"Polygon","coordinates":[[[2.827651248280454,41.97389067028192],[2.8287290190704657,41.97368327540573],[2.8299566332276322,41.97382978574157],[2.8309047489098527,41.973766871940136],[2.831758657209928,41.97346497338393],[2.8318104361359455,41.97344666566486],[2.8324145480950125,41.973109938134655],[2.833341424319017,41.97274172600715],[2.8333416707955803,41.972741627291185],[2.834203847582035,41.97266237728904],[2.8351734324142854,41.97261553708926],[2.8356483073574807,41.97226252989535],[2.835896858928466,41.971949387165395],[2.8361454068568652,41.9716362429735],[2.8362545073566894,41.97108978867606],[2.836277813875222,41.97039852901352],[2.836214385481168,41.96993221516783],[2.8363232367134055,41.96948222217019],[2.8363451888046547,41.96932148275513],[2.8369918341626277,41.96917771527847],[2.83765977579932,41.96913042625408],[2.8383057275719876,41.969259950073685],[2.839318584944858,41.96911667296515],[2.840373724400319,41.96929497634384],[2.8416663977685697,41.96924853632735],[2.842506364539788,41.96933006216624],[2.8432609351988427,41.96908994458249],[2.843994045510735,41.96881763800132],[2.8447490423968973,41.968400664365525],[2.844986737602336,41.96809552103331],[2.8452894175924652,41.96764578000995],[2.845311464367322,41.96743681699432],[2.844732475382579,41.967003160057224],[2.8447321224462687,41.9670028839744],[2.843468356997597,41.96688083456596],[2.8394563662212167,41.96668137446661],[2.839126666691499,41.96666497647197],[2.8387048322487622,41.96644281938375],[2.838751230202382,41.96622942536839],[2.836765052858427,41.966123041364966],[2.8347907535434373,41.965625748553784],[2.8348354835828484,41.96466119335049],[2.834704475501889,41.964454750931715],[2.83421147264402,41.96423157410074],[2.834129345388212,41.9642566742933],[2.8339803266163655,41.96423338458699],[2.833805272141903,41.96421349756877],[2.833531457718071,41.96421058079783],[2.833110880876563,41.964229078869195],[2.833097324514026,41.96422877725236],[2.8331018197434195,41.96412430583486],[2.833123307269435,41.963889621037666],[2.8331488981918262,41.96365521239183],[2.8331964370373046,41.963147211423006],[2.833220186666496,41.962924059358734],[2.8332401616925034,41.96252815196034],[2.8332583025494285,41.9624200075684],[2.8333008127575687,41.96226830511716],[2.833334295223037,41.96220080330394],[2.8333396480907624,41.962183788367575],[2.833339355772195,41.96215703797535],[2.833331338597126,41.9621309068399],[2.8333131351659673,41.962101084370914],[2.8332358310422365,41.96196522457789],[2.8332126451277433,41.96187890648586],[2.8331831497500453,41.961712329311155],[2.8331545473656643,41.96143479057906],[2.8331646990632353,41.961243051266194],[2.8331918296398406,41.96092632417283],[2.8331808933140668,41.96086236053418],[2.833179822724478,41.96071716966524],[2.83323447129578,41.96049109017527],[2.8332443091655244,41.960373745925125],[2.83324447634086,41.96037349758231],[2.8333427955787287,41.9602275287273],[2.8333429519045983,41.960227275865215],[2.8334567076444186,41.960042605794946],[2.833611199546516,41.95970417506411],[2.833737631287063,41.95943685752196],[2.8338126513933566,41.95926439633384],[2.8339053438382513,41.95907124518413],[2.833905513418655,41.95907099774444],[2.834038340325436,41.95887725154689],[2.83406901787099,41.958822467427986],[2.833362203734424,41.95855250552039],[2.8325505588544275,41.958126742917685],[2.832724270056068,41.95794225280056],[2.8331933871147776,41.957353441220626],[2.833193427183583,41.95735334580748],[2.833392386295919,41.956881145181555],[2.8333850767378816,41.95681475496262],[2.833346686238515,41.95668257049013],[2.8332722936487587,41.95642793223685],[2.833249576561849,41.956021785675475],[2.83333990161281,41.95571676780649],[2.8334296268599406,41.955549552005586],[2.833429792817606,41.95554930275984],[2.8336757746269563,41.955178919679646],[2.83378420797726,41.955055413347274],[2.8341146126677668,41.95471624453193],[2.8343247185532183,41.95451632728271],[2.8346438648300034,41.954290571493964],[2.834975146086363,41.95386181141069],[2.835306424100303,41.953433051233915],[2.8353063614017726,41.95343303403118],[2.835083480015188,41.95337202761238],[2.8342903114763494,41.95335476712804],[2.8337264578319634,41.95317337046413],[2.8333817163152055,41.952854664456126],[2.8334399930351073,41.95262246343704],[2.833626521779261,41.95174124254114],[2.833631359508197,41.950990716089024],[2.8337138158088946,41.95032001164452],[2.8338935740615665,41.949812830185635],[2.8338542764451184,41.94942575358134],[2.8337542756754064,41.94909226925291],[2.8335361044358525,41.94882526526094],[2.8331393056964003,41.94863122621821],[2.8326787436161,41.948600475241776],[2.832074022505824,41.9486081524021],[2.831060090664052,41.94878725561351],[2.830051850350743,41.94900085591789],[2.82937195733026,41.94914603059439],[2.8289144708431335,41.94900124371705],[2.8282706744033703,41.94859606353554],[2.8276673841123072,41.94807051854104],[2.8272312262591224,41.94753666553504],[2.827039287920544,41.947173046218865],[2.826776027907099,41.94654911225027],[2.826570280486192,41.94598542957712],[2.8265342571900507,41.945475773317185],[2.826592650000912,41.945161974505474],[2.8267555707636625,41.94451715520172],[2.82675067819765,41.9442290218597],[2.8268072356840785,41.943521805178115],[2.826647365488295,41.9429925973374],[2.8264673244700513,41.942474166847134],[2.8258355586516135,41.94188840533217],[2.8253041092715807,41.94145977890585],[2.824700340757474,41.94118802915664],[2.8237105805117695,41.9409456785326],[2.822910772125756,41.940768099068315],[2.8221109297355107,41.940603483705594],[2.8210893744587735,41.94043626942509],[2.8204394670913,41.940194506097235],[2.8199164334627165,41.93983675277052],[2.8196126444114107,41.93937612064104],[2.819604890640476,41.939241971706494],[2.8183423837184427,41.939485866629944],[2.8182360081467372,41.9408401785372],[2.8182359981122573,41.940840313622665],[2.816207324534518,41.94237633859461],[2.815947152851284,41.943492759152946],[2.8123316447186517,41.94387419690033],[2.814931890916325,41.94873215357061],[2.8122372084819633,41.9485116166452],[2.8116880859651183,41.94855174935545],[2.8112006017280713,41.94858737476247],[2.8103305531610636,41.94864178259996],[2.8103273636445723,41.948641215310246],[2.809906732524197,41.94856643920726],[2.8099060885904756,41.94856632555685],[2.80904150227455,41.94840727195062],[2.808587890316866,41.94849405046042],[2.8082090651643723,41.94856652062108],[2.80780031647017,41.94874229272008],[2.8077994261259778,41.948742675817584],[2.806987184389894,41.9490919520589],[2.8068491208603974,41.949264649332974],[2.806211234214426,41.94934006152053],[2.806210646431729,41.94934013078104],[2.805984464393393,41.948416689180846],[2.8059842117468454,41.94841565658113],[2.8056761944666206,41.94913735846456],[2.805669262057355,41.949211576697465],[2.805542895936861,41.94946392710192],[2.8055405877274806,41.94948580777352],[2.8054443840206265,41.94950154169546],[2.805444420652926,41.94950179484697],[2.8054463024915703,41.94951420392162],[2.8054831197890917,41.949750213204965],[2.807651136641391,41.955426034804994],[2.808308447686004,41.95697410146607],[2.8082515436467452,41.95739367951865],[2.8088641143594892,41.95901336760166],[2.8097747678377765,41.95899114189303],[2.810670344028009,41.960681147314574],[2.811400614911857,41.96138972472607],[2.814409874374784,41.96358104000107],[2.8168602631109585,41.96541769533857],[2.8176773728888085,41.96593344601294],[2.8184737351150217,41.96609360710686],[2.8200826784688373,41.96601662936573],[2.820803931757044,41.9660765577249],[2.821725947369459,41.966373850239336],[2.8226724385039046,41.966857611251655],[2.82314555606425,41.96714771507599],[2.8235533125230172,41.96771102704761],[2.823566514458929,41.967750802972006],[2.823852424733081,41.968611778503394],[2.8240639746175,41.97002685190483],[2.824253493144936,41.97161872855166],[2.824336940183734,41.97261561142299],[2.8242928406770784,41.97298530614795],[2.82439906618756,41.97353207661121],[2.8245697960021423,41.97412716740235],[2.824573852973378,41.97413541473568],[2.8249340246998202,41.974867244888436],[2.827651248280454,41.97389067028192]]]}},{"type":"Feature","id":"170792--barri--santa-eugenia-de-ter","properties":{"name":"Santa Eugènia de Ter","officialName":"Barri de Santa Eugènia de Ter","municipality":"Girona","kind":"barri","quality":"official","code":"1690"},"geometry":{"bbox":[2.8000699488701115,41.963835714752356,2.81107285638859,41.98570200996891],"type":"Polygon","coordinates":[[[2.808691145471431,41.97208287544655],[2.808532403579991,41.97167977685628],[2.8081943671640492,41.97138166342237],[2.807940063302653,41.97131733028677],[2.8078093933003188,41.971284582990286],[2.8076507244848954,41.9712448192484],[2.807487029184847,41.971203795826796],[2.8072672262991065,41.97115001816605],[2.807155101275981,41.97112291513608],[2.8070167677677427,41.97108947675934],[2.8068548791545385,41.97105034417917],[2.806724331613711,41.971005797965994],[2.806415479017377,41.97090040979949],[2.806256439113696,41.970601750176726],[2.806317414475308,41.97027361166568],[2.805240008465004,41.96920729497761],[2.805230694011129,41.969198076119255],[2.8052235706989603,41.96919102619077],[2.805216929897158,41.96918445353544],[2.8052119977290095,41.969179571636275],[2.805207132941287,41.96917475740154],[2.8052023090675737,41.969169982865544],[2.805195368656317,41.96916311428047],[2.805184936385587,41.96915278929891],[2.805176564101779,41.969144502428044],[2.8051708281600614,41.96913882567187],[2.8051678958162496,41.969135923236806],[2.8051644256154953,41.969132488492924],[2.805154332674518,41.96912249913403],[2.8051400006548053,41.96910831445892],[2.8051236206942494,41.96909210339856],[2.805090697161898,41.96905951707079],[2.8050728372221907,41.96904184080063],[2.805052497383978,41.96902170959069],[2.8050477204616304,41.96901698106202],[2.805031780939371,41.969001205760364],[2.805013930659782,41.96898353850399],[2.805004846092837,41.96897454698652],[2.8049940023697437,41.96896381508579],[2.8049826123781605,41.96895254095278],[2.804968984335021,41.968939053670475],[2.8049636094085564,41.96893373328214],[2.8049559013761343,41.96892610411257],[2.804951977567715,41.968922221858676],[2.8049413648905483,41.968911717314526],[2.8049377912358393,41.9689081797114],[2.8049223836057964,41.96889293038924],[2.8049101934731167,41.96888086590142],[2.8048849240244977,41.96885585545502],[2.8048499804783353,41.96882127063742],[2.8048224585983124,41.968794030789994],[2.804792896163995,41.96866985363593],[2.8047565787045805,41.968517299246464],[2.8047246988965773,41.96838338277309],[2.8047036578655273,41.96829499654253],[2.80467402440443,41.968170515700216],[2.8046447961873597,41.96804773870643],[2.8046652472512,41.96789857641003],[2.8045193619455526,41.967767323669854],[2.8042802132516593,41.96755216196594],[2.80406712635094,41.96736044547961],[2.8038937852667964,41.96711111118938],[2.8038282768610405,41.96701688181644],[2.8037714435893597,41.966956826096244],[2.803744954712566,41.966928835687106],[2.8036628453546344,41.96684207232484],[2.803538412039393,41.966710583897246],[2.803389872475444,41.96655362179234],[2.8033050965915054,41.966028339157965],[2.8030725439014357,41.96581481459201],[2.802965245646938,41.96571629517321],[2.8027536153374544,41.965521978452436],[2.802665577418492,41.96544114320009],[2.8018410809954175,41.96468408295864],[2.801380864320155,41.96426149681031],[2.801091908744725,41.96399616481217],[2.8009187813116,41.96383718977239],[2.8008375911412036,41.96385535151254],[2.8008567391354218,41.963898021633135],[2.800867322855868,41.963921606970764],[2.800867449891523,41.963921890902746],[2.800761899268221,41.96387228341244],[2.800721329707359,41.96385321603068],[2.8006973260272723,41.963870074571396],[2.800653712514275,41.96390070635963],[2.800550621567391,41.96391609272599],[2.8004610579042706,41.96392051521481],[2.8003887130592013,41.963966969503666],[2.8003885377240145,41.96396708178281],[2.800392109828179,41.964001878245064],[2.8005979934855696,41.96406723839699],[2.80066761867263,41.964201435111576],[2.8007504983621723,41.96466022897195],[2.8007793883332095,41.964989798863655],[2.800874714982778,41.96598367163521],[2.8009704612804565,41.96662768177461],[2.8010787199168767,41.96695273797581],[2.801143246760981,41.96709738319769],[2.8011486982710285,41.96712915211373],[2.8011661006717397,41.96723057533186],[2.8012793991223126,41.96766579574015],[2.8013215665584417,41.96769540713491],[2.8013403754915687,41.96770861560277],[2.8013898897511806,41.967781941155195],[2.8017623442815425,41.96847846326349],[2.80186706829552,41.968704834988785],[2.802272623940622,41.969796711544866],[2.8023972178200216,41.97002339165998],[2.8023973426332778,41.97002361974454],[2.8024713192796264,41.970158208206655],[2.8024785217350057,41.97017082999094],[2.8024579687039637,41.97019758418343],[2.802394908692548,41.97027966728464],[2.8013610071426562,41.97053277293856],[2.8013610284752715,41.97053289906938],[2.8014120481007954,41.9708426847904],[2.8015055264893736,41.97141027621773],[2.8015453158792814,41.97142295439418],[2.8015814705321462,41.97144012962847],[2.801617611231025,41.97146180818064],[2.801641348400919,41.97148851265021],[2.8016416659229884,41.9714888698644],[2.801686355733245,41.971478139020746],[2.8017090469552026,41.971525719215826],[2.8017091392852325,41.97152591392016],[2.8016552772035292,41.971580459164144],[2.8015626398249918,41.971674271456656],[2.8016768572166604,41.971922066778646],[2.8017196918128904,41.97201499630245],[2.801647901336475,41.9722022117736],[2.801917179698014,41.972796229376534],[2.80201105045067,41.97300330142439],[2.8019996054704133,41.97306895587294],[2.801987779544619,41.97313679378831],[2.8019876455778885,41.97313679175592],[2.801848743043555,41.97313492999154],[2.8012169501866877,41.97312645950839],[2.8012165615603672,41.97312645433214],[2.801311847832932,41.97333497406526],[2.8013772025522132,41.97347799381943],[2.8013638604189426,41.974275964626194],[2.801052279605117,41.97431664428091],[2.8010520936545205,41.97431666827679],[2.8010940945427807,41.97488763085261],[2.801037781124664,41.97502987698222],[2.8009820818275672,41.97517056958855],[2.800543071861876,41.97601355449767],[2.8005413451376913,41.97601686956586],[2.800348477710005,41.976387206834055],[2.8001273807783242,41.97772015838],[2.8001378972538284,41.97813108200281],[2.8001379262535817,41.97813223040708],[2.8001451438942397,41.97841422911586],[2.800137788901631,41.97845024309505],[2.8001144942811593,41.97856548824396],[2.800094533324184,41.97862521291314],[2.8000922474745615,41.97863205222002],[2.800191509259614,41.979030235385544],[2.8002102897833026,41.97953893555185],[2.800126305075542,41.98163275708884],[2.8000384203580357,41.98249968710831],[2.800009683014229,41.983103439171984],[2.800074234055905,41.98314750154229],[2.8000749486360257,41.98314751899876],[2.8008062772546194,41.98317186359665],[2.806361833508175,41.98468440017363],[2.809260849139376,41.98535057923529],[2.8097081543053295,41.98569975597587],[2.8097959648084605,41.98485375400527],[2.809797510686743,41.984849469383825],[2.810366720592151,41.98327014537599],[2.81103297443319,41.98131971214075],[2.811088724233943,41.98033418169781],[2.8110123115993964,41.979368149225266],[2.810724325193767,41.978480615238325],[2.809952560823582,41.97654554728198],[2.809957508326011,41.97654598959486],[2.8096590473343417,41.97605314480859],[2.809401154871968,41.97536640635752],[2.809362940610905,41.97476955885752],[2.8089651521707024,41.97406766368474],[2.808766492790186,41.973634660817126],[2.808648090444226,41.97311227193143],[2.808691145471431,41.97208287544655]]]}},{"type":"Feature","id":"170792--sector--pedret","properties":{"name":"Pedret","officialName":"Sector de Pedret","municipality":"Girona","kind":"sector","quality":"official","parentName":"Nord","code":"1317"},"geometry":{"bbox":[2.822890660223843,41.98945251876007,2.8270412157726494,41.997832499022955],"type":"Polygon","coordinates":[[[2.826314828711016,41.9904284353416],[2.826239510577019,41.99048439784437],[2.826147568193167,41.99050918912847],[2.826064103835264,41.99048413311435],[2.826006209443441,41.990272190291506],[2.8259607852625304,41.9901675809163],[2.825419633395476,41.98994017191065],[2.8247309780645176,41.98962068602447],[2.824427704840999,41.98945487977949],[2.8239841251652815,41.98957056051649],[2.823188061676951,41.98950809717663],[2.8232295920801525,41.98985843089534],[2.8233290326539278,41.99068386682282],[2.8235178681640685,41.99137663566169],[2.8235667743959336,41.99208816710233],[2.8236542402270537,41.992647976291806],[2.823840831825025,41.99415654914983],[2.8233796269888702,41.99539851346402],[2.8228690092874444,41.99726173611298],[2.824254433972738,41.997519979960614],[2.8246420224561164,41.99762017560928],[2.826205638362661,41.99783123704941],[2.82613620659632,41.997489545060176],[2.8262432303594798,41.997325729914344],[2.826403897502981,41.99703279604609],[2.8265846413437514,41.99670511662],[2.8265854201359883,41.99641691250238],[2.826672632623703,41.9961884630572],[2.826833067110971,41.99598001073929],[2.8270466613142164,41.995821318183054],[2.8270469964294604,41.99569709869477],[2.82691463155125,41.99537888267313],[2.826768938604402,41.99506063826412],[2.8266033176825673,41.9947274656188],[2.826604418825983,41.99432000454195],[2.826745646292133,41.99382331783889],[2.826820652184566,41.993177453471276],[2.826728725563724,41.992685387310935],[2.8266101006935895,41.99221811301895],[2.8264580463409956,41.991795516091145],[2.826525419166514,41.99151238406391],[2.8265261975303946,41.99122482816547],[2.8265939071425206,41.990816827998906],[2.8265944576726794,41.9906130968746],[2.8266614805451744,41.99045915687623],[2.82638852612243,41.99040905546568],[2.826314828711016,41.9904284353416]]]}},{"type":"Feature","id":"170792--sector--sant-ponc","properties":{"name":"Sant Ponç","officialName":"Sector de Sant Ponç","municipality":"Girona","kind":"sector","quality":"official","parentName":"Oest","code":"1689"},"geometry":{"bbox":[2.816663973100765,41.99056132617594,2.8238178420635385,42.002491897590765],"type":"Polygon","coordinates":[[[2.819975779989345,42.00248586187183],[2.8199760876945597,42.00248593710964],[2.821650387161722,41.999843179796166],[2.8223266757629246,41.99830622614697],[2.8228690092874444,41.99726173611298],[2.8233796269888702,41.99539851346402],[2.823840831825025,41.99415654914983],[2.8227784476733473,41.99206798926331],[2.8218781034360525,41.99117491234529],[2.820648769939167,41.990567620810495],[2.8198232003986794,41.99274125119217],[2.819485656627392,41.99368796539444],[2.819271118505367,41.9959084432769],[2.8192492636684916,41.99776792012615],[2.819198360074786,41.99813973511908],[2.818942447198299,41.99852363088379],[2.8186201528016595,41.99887436582581],[2.8182646502050988,41.99921264689705],[2.817837212328501,41.99952189142055],[2.8173596551414595,41.99991783470402],[2.817009611310373,42.00028091494805],[2.8168026721748207,42.00049030952089],[2.8168025038422817,42.0004904812795],[2.8168006772527385,42.00056782397509],[2.81674586270677,42.000734359727744],[2.8166342340973163,42.00092242069951],[2.8167069500959454,42.00154645794992],[2.8167069854497173,42.00154676153083],[2.8167226191572894,42.00168092268389],[2.816824069662596,42.00167387928381],[2.819975779989345,42.00248586187183]]]}},{"type":"Feature","id":"170792--sector--sant-daniel","properties":{"name":"Sant Daniel","officialName":"Sector de Sant Daniel","municipality":"Girona","kind":"sector","quality":"official","parentName":"Est","code":"1330"},"geometry":{"bbox":[2.8267231334576683,41.98232273343159,2.849819236305352,42.00151245540271],"type":"Polygon","coordinates":[[[2.847124208231476,41.98235171307142],[2.8470268420068074,41.98239190723414],[2.8468266021816553,41.98251260191561],[2.8466587769086176,41.982637373642845],[2.8464478079999336,41.98272177347284],[2.8462099961275964,41.98273355293255],[2.846020703351455,41.98279378003183],[2.8458314491301846,41.98283787678664],[2.8456312932841743,41.982922290533686],[2.8454311479002357,41.98300265903954],[2.8451768798202814,41.98311521708479],[2.844711880226377,41.98321136863426],[2.843935281504547,41.983409035549066],[2.842599537629394,41.983693336462245],[2.8425099294067233,41.98368960008494],[2.841246125091509,41.98345748087001],[2.8409086892633946,41.983467086833194],[2.83984394821899,41.98380609708915],[2.8357344359331784,41.98373450383657],[2.834958582327703,41.98367205101738],[2.834651153556645,41.98364377076429],[2.8344148360455934,41.98370561413857],[2.8343148139914884,41.98397988653309],[2.834067055496213,41.98436216164732],[2.8336056905627656,41.98481103027283],[2.8331664580248233,41.98529312782022],[2.8328772025307543,41.98551551631338],[2.8323629473461427,41.985746377068835],[2.8319693136796826,41.985866628988084],[2.83148698863406,41.985989632441324],[2.8307808593627533,41.98616696666435],[2.830233747630065,41.98649197933858],[2.8299870581628466,41.98666287908152],[2.829808391605374,41.986602756823096],[2.8297086120623502,41.98669173180137],[2.8296088370774113,41.9867807039962],[2.8295488278242886,41.986884588975734],[2.8292981481567994,41.986907031334454],[2.829139881433,41.986970087661646],[2.829031685583191,41.987053356393986],[2.8289737320389894,41.987096430099896],[2.828857928261757,41.98713940944287],[2.8287268006009394,41.9871478431892],[2.828580213699924,41.98716776424475],[2.828431435961314,41.98715832005026],[2.8280286120127065,41.98739042570726],[2.8269241232674993,41.98783849475799],[2.826713574231259,41.98801922225828],[2.826706858914967,41.98832436841357],[2.8267604347809674,41.98847692338791],[2.8270004925367056,41.988591033479246],[2.8269986777954537,41.98883412647193],[2.8275020149180956,41.98963596325615],[2.8278326691878988,41.98938660261306],[2.8284859765662995,41.98927246255105],[2.8290651482891827,41.989328407644436],[2.830115279572518,41.98983083965059],[2.8309277081628,41.989917769119636],[2.8313794237884906,41.98982657167524],[2.8325439785367412,41.99023856927204],[2.8332490349292385,41.990582530261236],[2.833764227188073,41.99133651222543],[2.834538877168419,41.99262734957917],[2.8350421960824965,41.992245304615444],[2.835534171040746,41.99195283958403],[2.8361627295832132,41.9920319127152],[2.8365686505650585,41.992096012703236],[2.8369943501820605,41.99210638749774],[2.837509814475056,41.992042206246346],[2.837477539017077,41.99172759607136],[2.8372389016211192,41.99123212040027],[2.83836034833837,41.99166762230172],[2.839532564594915,41.992330638799025],[2.8401791453658953,41.993103148973525],[2.8403167965947067,41.99386882768065],[2.840241195431922,41.99456072500455],[2.840043310468161,41.99490338930103],[2.840023107676794,41.995456776985],[2.8399320055548305,41.995628318042385],[2.8396247261765577,41.99567544619717],[2.839559198124943,41.99646886208898],[2.8397577957256077,41.99718506518534],[2.839915172734635,41.99751571239212],[2.840272746483859,41.99792530953073],[2.840440381331154,41.99837398009856],[2.8401324717674146,41.99989598978632],[2.841107463617235,42.000293162911774],[2.8433988569546806,42.000136798233285],[2.8437052670915186,41.999749873418274],[2.845202701327343,41.99947846818177],[2.845812587877146,41.99991219971552],[2.84599439306458,42.000527644843565],[2.8462989335517137,42.00091540076297],[2.8473978706975243,42.001235849557446],[2.8478248789550045,42.00150982894805],[2.8491276018192195,41.99910786532723],[2.8496050142966842,41.99793490869401],[2.8498314195805325,41.996330645395425],[2.8497580170341723,41.995362844701965],[2.8495520905097664,41.99444871208828],[2.848683778708778,41.99247040039256],[2.8477046355303655,41.99054577731345],[2.847344770524577,41.9895937264932],[2.8472766565380914,41.988690435978505],[2.847478286481421,41.98799716875711],[2.8478312260023197,41.987304109863906],[2.8486723951350097,41.985837521106845],[2.849004220103012,41.98491863283645],[2.84901573782176,41.98462026450516],[2.848878711914856,41.98404543943522],[2.848731552377663,41.98366830665029],[2.848448320226245,41.983282547627326],[2.8479607252563874,41.9828286069604],[2.847549138168373,41.9825636354775],[2.847437299117589,41.9825013146143],[2.847124208231476,41.98235171307142]]]}},{"type":"Feature","id":"170792--sector--mercadal","properties":{"name":"Mercadal","officialName":"Sector del Mercadal","municipality":"Girona","kind":"sector","quality":"official","parentName":"Centre","code":"1321"},"geometry":{"bbox":[2.819731924113509,41.97886957318965,2.824403294900178,41.98637322953247],"type":"Polygon","coordinates":[[[2.82372931154716,41.980595857414585],[2.823929377808567,41.97997997864623],[2.823983510095485,41.979506966081814],[2.824143752069713,41.978876415993035],[2.8226114847420396,41.97887406764948],[2.822319409743436,41.97940585136465],[2.8225565135429833,41.97964276002271],[2.8217362287161447,41.98011459920291],[2.820836441735613,41.98066515302884],[2.8201745270512886,41.9811766394885],[2.8201200334391485,41.98176792631895],[2.8197197473911215,41.98318659524127],[2.819744731099687,41.98369916101202],[2.8204826831204497,41.98435082178014],[2.8210098773299896,41.98478531514685],[2.8224335533061073,41.98589141429494],[2.8227765909370492,41.9860496406205],[2.8242282688696254,41.98637296168297],[2.8243960236196806,41.98603769057517],[2.824405310701701,41.985639653413976],[2.8242178037099346,41.98517394594995],[2.8238423999618734,41.984383385886794],[2.8234515609011237,41.98324373750492],[2.8232985263339496,41.98218407119002],[2.8236842901159007,41.982184661599405],[2.8236854847928217,41.98174986539911],[2.8237853873506205,41.98123560876053],[2.82372931154716,41.980595857414585]]]}},{"type":"Feature","id":"170792--sector--eixample-sud","properties":{"name":"Eixample Sud","officialName":"Sector de l'Eixample Sud","municipality":"Girona","kind":"sector","quality":"official","parentName":"Eixample","code":"1340"},"geometry":{"bbox":[2.8082126154663056,41.9589885430254,2.8245669691795015,41.9766438256516],"type":"Polygon","coordinates":[[[2.8245738529758535,41.97413541383501],[2.8245697947951585,41.97412716740051],[2.82439906618756,41.97353207661121],[2.8242928406770784,41.97298530614795],[2.8243369401862046,41.97261561052232],[2.824253493147416,41.97161872765099],[2.8240639734106017,41.97002685190298],[2.8238524235262092,41.96861177850154],[2.8235665144614095,41.96775080207134],[2.8235533125230172,41.96771102704761],[2.82314555606425,41.96714771507599],[2.8226724385039046,41.966857611251655],[2.821725947369459,41.966373850239336],[2.820803931757044,41.9660765577249],[2.8200826784688373,41.96601662936573],[2.8184737351150217,41.96609360710686],[2.8176773728888085,41.96593344601294],[2.8168602631109585,41.96541769533857],[2.814409874374784,41.96358104000107],[2.811400614911857,41.96138972472607],[2.810670344028009,41.960681147314574],[2.8097747678377765,41.95899114189303],[2.8088641143594892,41.95901336760166],[2.8092663571855137,41.96007688425409],[2.8109591879263855,41.964335896958154],[2.8103722262589894,41.964592830968016],[2.8097728736132455,41.96485895620665],[2.8096079451726483,41.96562586867756],[2.8097092023747643,41.96598236025863],[2.809554496868222,41.96640205175957],[2.809314866455639,41.966707074417855],[2.8090569889514376,41.96695782687837],[2.80895507980095,41.96727913489144],[2.8085784503035156,41.96777480808452],[2.808458066507563,41.968118205290494],[2.808183899563757,41.968563150183826],[2.80838635820274,41.96928885276093],[2.8086911447481246,41.970014724549614],[2.808707021551596,41.97040925477681],[2.808808081292007,41.970829369914476],[2.8089943722080397,41.971262353242615],[2.8090101371405547,41.97169505268007],[2.8089241985713684,41.97192397004948],[2.808691145471431,41.97208287544655],[2.808648090444226,41.97311227193143],[2.809768522800287,41.97284557380697],[2.809534913714211,41.97226860511234],[2.8099993277264113,41.972401887603716],[2.811209198808669,41.97290302793998],[2.8117900989538693,41.972087978676484],[2.8117907992743905,41.97184926607155],[2.8121108605003666,41.971790109178585],[2.812468520347052,41.97255159762362],[2.8134006542739702,41.97514916280486],[2.813238053836103,41.97605900122529],[2.81337635791176,41.97662617987444],[2.8147730750217206,41.976141412658045],[2.8158572547767293,41.975768614918366],[2.821540174116345,41.974614526080195],[2.8233638982180844,41.97426250669375],[2.8245738529758535,41.97413541383501]]]}},{"type":"Feature","id":"170792--sector--barri-vell","properties":{"name":"Barri Vell","officialName":"Sector del Barri Vell","municipality":"Girona","kind":"sector","quality":"official","parentName":"Centre","code":"1337"},"geometry":{"bbox":[2.8232132249253707,41.98041287554231,2.82969842349044,41.990514511652364],"type":"Polygon","coordinates":[[[2.826314828711016,41.9904284353416],[2.826340195615845,41.99031631355058],[2.8264239682462935,41.9902229680336],[2.8264408124263523,41.99017315054051],[2.826491094695978,41.99011090843718],[2.8266664726431308,41.99011740509277],[2.826741447215353,41.99019229171896],[2.8267913768738526,41.990260906988],[2.826958832426077,41.9901116117269],[2.8271139037642996,41.98988034579333],[2.82717646261841,41.98981429403527],[2.827224208784998,41.98976537857489],[2.827276845360586,41.98972993453751],[2.8273228691132806,41.98970673952077],[2.8275020149180956,41.98963596325615],[2.8269986777954537,41.98883412647193],[2.8270004925367056,41.988591033479246],[2.8267604347809674,41.98847692338791],[2.826706858914967,41.98832436841357],[2.826713574231259,41.98801922225828],[2.8269241232674993,41.98783849475799],[2.8280286120127065,41.98739042570726],[2.828431435961314,41.98715832005026],[2.828580213699924,41.98716776424475],[2.8287268006009394,41.9871478431892],[2.828857928261757,41.98713940944287],[2.8289737320389894,41.987096430099896],[2.829031685583191,41.987053356393986],[2.829139881433,41.986970087661646],[2.8292981481567994,41.986907031334454],[2.8295488278242886,41.986884588975734],[2.8296088370774113,41.9867807039962],[2.8297086120623502,41.98669173180137],[2.8295845756679916,41.986501811124214],[2.82955739001258,41.98645577362627],[2.829548902266433,41.98637469185389],[2.8295350775075803,41.986238832503],[2.829487195936832,41.98611755843164],[2.829369204407675,41.98569034913197],[2.829107944923979,41.98516330444039],[2.828838300492538,41.98470361662916],[2.8283116729123035,41.98412356691838],[2.8279429542283134,41.98403348211156],[2.827879646408193,41.98400800636427],[2.8278662836527806,41.98395354990298],[2.8278800077887767,41.983872933596075],[2.8279072726158754,41.98378023259534],[2.827969586688809,41.983721862671054],[2.828021079101727,41.983665485893795],[2.8278852029646044,41.98358355646722],[2.8276197009779347,41.98342559598802],[2.826932590283785,41.98274788418261],[2.826454435090006,41.982200611132065],[2.8261943402273886,41.98164065981633],[2.8262822475942855,41.98138052467819],[2.8265543042312955,41.98074328647203],[2.8259268113468923,41.980605709693585],[2.8252994634743605,41.9804160692108],[2.824976196161693,41.980643304777175],[2.824540197027392,41.98063613911287],[2.82372931154716,41.980595857414585],[2.8237853873506205,41.98123560876053],[2.8236854847928217,41.98174986539911],[2.8236842901159007,41.982184661599405],[2.8232985263339496,41.98218407119002],[2.8234515609011237,41.98324373750492],[2.8238423999618734,41.984383385886794],[2.8242178037099346,41.98517394594995],[2.824405310701701,41.985639653413976],[2.8243960236196806,41.98603769057517],[2.8242282688696254,41.98637296168297],[2.8242061882726013,41.986417078641196],[2.823735730133423,41.98735945163308],[2.8233795362005516,41.98853469501052],[2.823188061676951,41.98950809717663],[2.8239841251652815,41.98957056051649],[2.824427704840999,41.98945487977949],[2.8247309780645176,41.98962068602447],[2.825419633395476,41.98994017191065],[2.8259607852625304,41.9901675809163],[2.826006209443441,41.990272190291506],[2.826064103835264,41.99048413311435],[2.826147568193167,41.99050918912847],[2.826239510577019,41.99048439784437],[2.826314828711016,41.9904284353416]]]}},{"type":"Feature","id":"170792--sector--eixample-nord","properties":{"name":"Eixample Nord","officialName":"Sector de l'Eixample Nord","municipality":"Girona","kind":"sector","quality":"official","parentName":"Eixample","code":"1335"},"geometry":{"bbox":[2.809742651481203,41.974111793380935,2.824881169761879,41.99415814085598],"type":"Polygon","coordinates":[[[2.823188061676951,41.98950809717663],[2.8233795362005516,41.98853469501052],[2.823735730133423,41.98735945163308],[2.8242061882726013,41.986417078641196],[2.8242282688696254,41.98637296168297],[2.8227765909370492,41.9860496406205],[2.8224335533061073,41.98589141429494],[2.8210098773299896,41.98478531514685],[2.8204826831204497,41.98435082178014],[2.819744731099687,41.98369916101202],[2.8197197473911215,41.98318659524127],[2.8201200334391485,41.98176792631895],[2.8201745270512886,41.9811766394885],[2.820836441735613,41.98066515302884],[2.8217362287161447,41.98011459920291],[2.8225565135429833,41.97964276002271],[2.822319409743436,41.97940585136465],[2.8226114847420396,41.97887406764948],[2.824143752069713,41.978876415993035],[2.8240396952678584,41.97828487683296],[2.823540949099168,41.9771210862814],[2.823622586550328,41.97625386473428],[2.8237561862794123,41.97570211945788],[2.8243916485066314,41.9751708556965],[2.8249340246998202,41.974867244888436],[2.8245738529758535,41.97413541383501],[2.8233638982180844,41.97426250669375],[2.821540174116345,41.974614526080195],[2.8158572547767293,41.975768614918366],[2.8147730750217206,41.976141412658045],[2.81337635791176,41.97662617987444],[2.813296380471308,41.97662604983721],[2.811780990045109,41.97662531369144],[2.809957507121672,41.9765459886922],[2.809952560823582,41.97654554728198],[2.810724325193767,41.978480615238325],[2.8110123115993964,41.979368149225266],[2.811088724233943,41.98033418169781],[2.81103297443319,41.98131971214075],[2.810366720592151,41.98327014537599],[2.809797510686743,41.984849469383825],[2.8097959648084605,41.98485375400527],[2.8097081543053295,41.98569975597587],[2.8105472299110357,41.98635474172456],[2.8113238598502903,41.98715764799489],[2.812770787244922,41.988402545425245],[2.814702464587076,41.98924737907502],[2.8166672539520876,41.989853835224594],[2.820648769939167,41.990567620810495],[2.8218781034360525,41.99117491234529],[2.8227784476733473,41.99206798926331],[2.823840831825025,41.99415654914983],[2.8236542402270537,41.992647976291806],[2.8235667743959336,41.99208816710233],[2.8235178681640685,41.99137663566169],[2.8233290326539278,41.99068386682282],[2.8232295920801525,41.98985843089534],[2.823188061676951,41.98950809717663]]]}},{"type":"Feature","id":"170792--sector--fontajau","properties":{"name":"Fontajau","officialName":"Sector de Fontajau","municipality":"Girona","kind":"sector","quality":"official","parentName":"Oest","code":"1688"},"geometry":{"bbox":[2.8092136676922626,41.98569893525915,2.8206208911888333,42.00049651141597],"type":"Polygon","coordinates":[[[2.817837212328501,41.99952189142055],[2.8182646502050988,41.99921264689705],[2.8186201528016595,41.99887436582581],[2.818942447198299,41.99852363088379],[2.819198360074786,41.99813973511908],[2.8192492636684916,41.99776792012615],[2.819271118505367,41.9959084432769],[2.819485656627392,41.99368796539444],[2.8198232003986794,41.99274125119217],[2.820648769939167,41.990567620810495],[2.8166672539520876,41.989853835224594],[2.814702464587076,41.98924737907502],[2.812770787244922,41.988402545425245],[2.8113238598502903,41.98715764799489],[2.8105472299110357,41.98635474172456],[2.8097081543053295,41.98569975597587],[2.809199019580994,41.99060457808198],[2.81091520150525,41.99175090435932],[2.813316799226799,41.993791513209324],[2.8125820606648033,41.99409584486598],[2.8119241588478063,41.994324398490505],[2.8112905521624567,41.99477640865338],[2.8121924780390084,41.99562853621178],[2.8122749618637073,41.99764092555208],[2.812717945992192,41.997790545510064],[2.813039063824388,41.99884719681803],[2.813167845277876,41.99939467210587],[2.8131848403841495,41.99949123858811],[2.813326292199596,41.99948502983262],[2.8135861949991177,41.99947833871503],[2.813592184460435,41.99947818451975],[2.814116031580372,41.99946469535378],[2.8142334665381505,41.99935770615487],[2.8143641490443785,41.99926244692013],[2.8144170906706685,41.999231060534306],[2.81450808434335,41.99917711628055],[2.8145911454364696,41.999135459543425],[2.814690675917343,41.99908554320184],[2.814878086315375,41.99899758026778],[2.815073883126121,41.99893214719743],[2.815286448322757,41.99891357543028],[2.815371237743692,41.99901306974956],[2.8153712750469957,41.9990131139422],[2.8154055819861163,41.99905337035987],[2.815458318492074,41.99914665250779],[2.815489674074189,41.99920211550977],[2.8155123060697638,41.9993093311847],[2.815531300167715,41.99942194500558],[2.815565706870834,41.999470414709485],[2.815570791335944,41.99947757777182],[2.8155709849510218,41.99947785008411],[2.815693997360475,41.99952938563101],[2.8159041027274854,41.9995270207678],[2.8162434889281625,41.99949604121339],[2.816576739235507,41.99949927617319],[2.81676055577571,41.99955703675032],[2.816769759217142,41.99955992906974],[2.8168444614837718,41.9996158895949],[2.8168491849123893,41.99965805822308],[2.8168585894376927,41.99974200542192],[2.816785304670745,42.000033704363304],[2.816811672618027,42.00010219708065],[2.8168025038422817,42.0004904812795],[2.8168026721748207,42.00049030952089],[2.817009611310373,42.00028091494805],[2.8173596551414595,41.99991783470402],[2.817837212328501,41.99952189142055]]]}},{"type":"Feature","id":"170792--sector--carme","properties":{"name":"Carme","officialName":"Sector del Carme","municipality":"Girona","kind":"sector","quality":"official","parentName":"Centre","code":"1332"},"geometry":{"bbox":[2.8235530776857147,41.97272706705581,2.8333123306311765,41.9839037329642],"type":"Polygon","coordinates":[[[2.8328756728262086,41.973817056666086],[2.8330127161462135,41.97365413564598],[2.8333414364730682,41.97274169360066],[2.8324145480950125,41.973109938134655],[2.8318104361359455,41.97344666566486],[2.831758657209928,41.97346497338393],[2.8309047489098527,41.973766871940136],[2.8299566332276322,41.97382978574157],[2.8287290190704657,41.97368327540573],[2.827651248280454,41.97389067028192],[2.8249340246998202,41.974867244888436],[2.8243916485066314,41.9751708556965],[2.8237561862794123,41.97570211945788],[2.823622586550328,41.97625386473428],[2.823540949099168,41.9771210862814],[2.8240396952678584,41.97828487683296],[2.824143752069713,41.978876415993035],[2.823983510095485,41.979506966081814],[2.823929377808567,41.97997997864623],[2.82372931154716,41.980595857414585],[2.824540197027392,41.98063613911287],[2.824976196161693,41.980643304777175],[2.8252994634743605,41.9804160692108],[2.8259268113468923,41.980605709693585],[2.8265543042312955,41.98074328647203],[2.8262822475942855,41.98138052467819],[2.8261943402273886,41.98164065981633],[2.826454435090006,41.982200611132065],[2.826932590283785,41.98274788418261],[2.8276197009779347,41.98342559598802],[2.8278852029646044,41.98358355646722],[2.828021079101727,41.983665485893795],[2.8280751657374523,41.98364540993528],[2.828167113006976,41.983619337230614],[2.828321237139658,41.98358126146682],[2.828545628401682,41.98353925456238],[2.8286644617488657,41.9835616064453],[2.828764369429329,41.98358796407375],[2.8289642581681953,41.983612452214864],[2.8290642726968667,41.983598487694316],[2.8291291103917766,41.98360261921371],[2.8292046995730176,41.98363095775907],[2.829280272565094,41.98366131462952],[2.8294098633524487,41.98370585530522],[2.8296042544669926,41.98376460461423],[2.8296906869579135,41.983778846351704],[2.8298122090797353,41.983807252629035],[2.829966187856683,41.98382361087076],[2.8300714509750713,41.98387013226248],[2.830122328610815,41.98389905688496],[2.830757921704484,41.98389221836738],[2.831054660744197,41.98380806281589],[2.831186102255082,41.983567515476224],[2.8310471150376206,41.98335910337107],[2.8307339254736674,41.98307234817369],[2.8305426777830496,41.98295754686964],[2.8302348086489264,41.982892578894926],[2.829981100698477,41.98278334047309],[2.8297276407044745,41.98258136086172],[2.8294203099027597,41.982314785723155],[2.8293268570921226,41.982275395666974],[2.8289775371367742,41.98218106391595],[2.8289669682070695,41.98208831527443],[2.829080837376253,41.981943323108794],[2.8291351702440415,41.98183453920083],[2.828854432608554,41.98173331992882],[2.828735855309519,41.98161621010962],[2.8287523466269024,41.98151139681023],[2.8288175805627165,41.98136634133964],[2.8288988746095582,41.98127775470996],[2.8292666672973534,41.98116136567837],[2.829358594253905,41.981137310376376],[2.8296142791602734,41.98109439316261],[2.829730827852505,41.98088439398891],[2.829611860716743,41.98044531228103],[2.8296822528570953,41.980315773474494],[2.82989685834934,41.979739750544105],[2.8304987935239887,41.97911082511962],[2.830524926337607,41.978721287140196],[2.8303438809451436,41.9784331936129],[2.8297985882996195,41.97824691426893],[2.8294105664432814,41.97785118929519],[2.8292311144636075,41.977641305107184],[2.8291820822213167,41.977233241308504],[2.829320928957654,41.977012369369845],[2.829461062796816,41.976886446896266],[2.829697733814701,41.97678799111928],[2.8297887562284707,41.976726332038176],[2.829864527589509,41.97671774748335],[2.8299097765766783,41.97671964829558],[2.8301539697345324,41.97668296256328],[2.830575579615763,41.97663519973813],[2.8308401206463567,41.9767283300239],[2.830958491401983,41.97692204034721],[2.8311637049435197,41.97697073352283],[2.831363955676179,41.976850057957975],[2.8315428734760912,41.97662048585335],[2.831575854829001,41.976406832259634],[2.831500972421514,41.97611640848735],[2.8314310524937167,41.97599131174532],[2.831334151844133,41.97585407842165],[2.8313185563904666,41.975620187490925],[2.8313409241453837,41.9753299064219],[2.831441970332031,41.97510633643737],[2.832103660612716,41.97451168823975],[2.832750328235274,41.97396607289775],[2.8328756728262086,41.973817056666086]]]}},{"type":"Feature","id":"170792--sector--montjuic","properties":{"name":"Montjuïc","officialName":"Sector de Montjuïc","municipality":"Girona","kind":"sector","quality":"official","parentName":"Montjuïc","code":"1322"},"geometry":{"bbox":[2.8261585775911318,41.989268961753076,2.8404356404694973,42.00027171566987],"type":"Polygon","coordinates":[[[2.8401324717674146,41.99989598978632],[2.840440381331154,41.99837398009856],[2.840272746483859,41.99792530953073],[2.839915172734635,41.99751571239212],[2.8397577957256077,41.99718506518534],[2.839559198124943,41.99646886208898],[2.8396247261765577,41.99567544619717],[2.8399320055548305,41.995628318042385],[2.840023107676794,41.995456776985],[2.840043310468161,41.99490338930103],[2.840241195431922,41.99456072500455],[2.8403167965947067,41.99386882768065],[2.8401791453658953,41.993103148973525],[2.839532564594915,41.992330638799025],[2.83836034833837,41.99166762230172],[2.8372389016211192,41.99123212040027],[2.837477539017077,41.99172759607136],[2.837509814475056,41.992042206246346],[2.8369943501820605,41.99210638749774],[2.8365686505650585,41.992096012703236],[2.8361627295832132,41.9920319127152],[2.835534171040746,41.99195283958403],[2.8350421960824965,41.992245304615444],[2.834538877168419,41.99262734957917],[2.833764227188073,41.99133651222543],[2.8332490349292385,41.990582530261236],[2.8325439785367412,41.99023856927204],[2.8313794237884906,41.98982657167524],[2.8309277081628,41.989917769119636],[2.830115279572518,41.98983083965059],[2.8290651482891827,41.989328407644436],[2.8284859765662995,41.98927246255105],[2.8278326691878988,41.98938660261306],[2.8275020149180956,41.98963596325615],[2.8273228691132806,41.98970673952077],[2.827276845360586,41.98972993453751],[2.827224208784998,41.98976537857489],[2.82717646261841,41.98981429403527],[2.8271139037642996,41.98988034579333],[2.826958832426077,41.9901116117269],[2.8267913768738526,41.990260906988],[2.826741447215353,41.99019229171896],[2.8266664726431308,41.99011740509277],[2.826491094695978,41.99011090843718],[2.8264408124263523,41.99017315054051],[2.8264239682462935,41.9902229680336],[2.826340195615845,41.99031631355058],[2.826314828711016,41.9904284353416],[2.82638852612243,41.99040905546568],[2.8266614805451744,41.99045915687623],[2.8265944576726794,41.9906130968746],[2.8265939071425206,41.990816827998906],[2.8265261975303946,41.99122482816547],[2.826525419166514,41.99151238406391],[2.8264580463409956,41.991795516091145],[2.8266101006935895,41.99221811301895],[2.826728725563724,41.992685387310935],[2.826820652184566,41.993177453471276],[2.826745646292133,41.99382331783889],[2.826604418825983,41.99432000454195],[2.8266033176825673,41.9947274656188],[2.826768938604402,41.99506063826412],[2.82691463155125,41.99537888267313],[2.8270469964294604,41.99569709869477],[2.8270466613142164,41.995821318183054],[2.826833067110971,41.99598001073929],[2.826672632623703,41.9961884630572],[2.8265854201359883,41.99641691250238],[2.8265846413437514,41.99670511662],[2.826403897502981,41.99703279604609],[2.8262432303594798,41.997325729914344],[2.82613620659632,41.997489545060176],[2.826205638362661,41.99783123704941],[2.8262303465923404,41.99809688195012],[2.8263310836713043,41.99846699220828],[2.8263375722975552,41.99857674824545],[2.8267183169711534,41.99875528450405],[2.8274197297417873,41.99914408256256],[2.8277843885619363,41.999375180999294],[2.8280931368940885,41.99950140292013],[2.828542721681292,41.9995020725942],[2.828837640774086,41.99954442791766],[2.8301294303931988,41.99982928297993],[2.830466476829682,41.99988218020491],[2.830747549307218,41.99985115990047],[2.831379739173024,41.99986256139886],[2.831462166897965,41.99980862985319],[2.8314842074331144,41.99979420921656],[2.8314844552856817,41.99969981073518],[2.831669490806882,41.999671034819485],[2.8319113260387003,42.00025955043729],[2.832933477873442,42.000261036267815],[2.8336928169649376,42.00025487498349],[2.8340724703923,42.000255421669415],[2.8343255819380073,42.00025578634317],[2.834510542546982,42.0002560513315],[2.834734444138091,42.000256372990755],[2.834958364493637,42.00024943396891],[2.8351920182320125,42.00024250938528],[2.8354937896613337,42.00024294043184],[2.835776128594247,42.00023608351625],[2.836019494580708,42.00023642961215],[2.836223938233825,42.00022945219217],[2.8363700070835605,42.000215140850806],[2.8366231609496437,42.00019371249919],[2.8369541791705912,42.00017966258537],[2.837324223031103,42.000136619635796],[2.8378889294756355,42.00010110902629],[2.838589957828169,42.000051258748044],[2.8393786840591435,41.99997248944354],[2.8398850555985673,41.99990784088392],[2.8401324717674146,41.99989598978632]]]}},{"type":"Feature","id":"170792--sector--torre-gironella","properties":{"name":"Torre Gironella","officialName":"Sector de la Torre Gironella","municipality":"Girona","kind":"sector","quality":"official","parentName":"Est","code":"1314"},"geometry":{"bbox":[2.8278681776250343,41.98325038340394,2.83440708048356,41.9866986052053],"type":"Polygon","coordinates":[[[2.8344148360455934,41.98370561413857],[2.8335699032431667,41.983258790866586],[2.833460241674896,41.98332547048256],[2.8331708216453015,41.98361469910019],[2.8328718003803144,41.98377022580884],[2.832413446062581,41.98394780360118],[2.831746094008783,41.98411022140971],[2.8311786153719316,41.98414651748036],[2.830601345277773,41.98412339718731],[2.830379117156442,41.98401372965935],[2.8302252222906756,41.98396511914358],[2.830122328610815,41.98389905688496],[2.8300714509750713,41.98387013226248],[2.829966187856683,41.98382361087076],[2.8298122090797353,41.983807252629035],[2.8296906869579135,41.983778846351704],[2.8296042544669926,41.98376460461423],[2.8294098633524487,41.98370585530522],[2.829280272565094,41.98366131462952],[2.8292046995730176,41.98363095775907],[2.8291291103917766,41.98360261921371],[2.8290642726968667,41.983598487694316],[2.8289642581681953,41.983612452214864],[2.828764369429329,41.98358796407375],[2.8286644617488657,41.9835616064453],[2.828545628401682,41.98353925456238],[2.828321237139658,41.98358126146682],[2.828167113006976,41.983619337230614],[2.8280751657374523,41.98364540993528],[2.828021079101727,41.983665485893795],[2.827969586688809,41.983721862671054],[2.8279072726158754,41.98378023259534],[2.8278800077887767,41.983872933596075],[2.8278662836527806,41.98395354990298],[2.827879646408193,41.98400800636427],[2.8279429542283134,41.98403348211156],[2.8283116729123035,41.98412356691838],[2.828838300492538,41.98470361662916],[2.829107944923979,41.98516330444039],[2.829369204407675,41.98569034913197],[2.829487195936832,41.98611755843164],[2.8295350775075803,41.986238832503],[2.829548902266433,41.98637469185389],[2.82955739001258,41.98645577362627],[2.8295845756679916,41.986501811124214],[2.8297086120623502,41.98669173180137],[2.829808391605374,41.986602756823096],[2.8299870581628466,41.98666287908152],[2.830233747630065,41.98649197933858],[2.8307808593627533,41.98616696666435],[2.83148698863406,41.985989632441324],[2.8319693136796826,41.985866628988084],[2.8323629473461427,41.985746377068835],[2.8328772025307543,41.98551551631338],[2.8331664580248233,41.98529312782022],[2.8336056905627656,41.98481103027283],[2.834067055496213,41.98436216164732],[2.8343148139914884,41.98397988653309],[2.8344148360455934,41.98370561413857]]]}},{"type":"Feature","id":"170792--sector--sant-narcis","properties":{"name":"Sant Narcís","officialName":"Sector de Sant Narcís","municipality":"Girona","kind":"sector","quality":"official","parentName":"Eixample","code":"1334"},"geometry":{"bbox":[2.808652064804394,41.97178439651412,2.8133963375413367,41.97662795064407],"type":"Polygon","coordinates":[[[2.81337635791176,41.97662617987444],[2.813238053836103,41.97605900122529],[2.8134006542739702,41.97514916280486],[2.812468520347052,41.97255159762362],[2.8121108605003666,41.971790109178585],[2.8117907992743905,41.97184926607155],[2.8117900989538693,41.972087978676484],[2.811209198808669,41.97290302793998],[2.8099993277264113,41.972401887603716],[2.809534913714211,41.97226860511234],[2.809768522800287,41.97284557380697],[2.808648090444226,41.97311227193143],[2.808766492792883,41.973634659916456],[2.808965150966419,41.974067662782055],[2.809362939406599,41.97476955795483],[2.809401154871968,41.97536640635752],[2.809659046130012,41.97605314390591],[2.809957507121672,41.9765459886922],[2.811780990045109,41.97662531369144],[2.813296380471308,41.97662604983721],[2.81337635791176,41.97662617987444]]]}},{"type":"Feature","id":"170792--sector--pedreres","properties":{"name":"Pedreres","officialName":"Sector de les Pedreres","municipality":"Girona","kind":"sector","quality":"official","parentName":"Est","code":"1326"},"geometry":{"bbox":[2.8287583139498267,41.97323342967665,2.847119861331346,41.98416885305779],"type":"Polygon","coordinates":[[[2.8362436810935683,41.97360797114341],[2.83555711153873,41.97357311556652],[2.8352444585786163,41.97324292101067],[2.8344734029370713,41.97324976031579],[2.8328756728262086,41.973817056666086],[2.832750328235274,41.97396607289775],[2.832103660612716,41.97451168823975],[2.831441970332031,41.97510633643737],[2.8313409241453837,41.9753299064219],[2.8313185563904666,41.975620187490925],[2.831334151844133,41.97585407842165],[2.8314310524937167,41.97599131174532],[2.831500972421514,41.97611640848735],[2.831575854829001,41.976406832259634],[2.8315428734760912,41.97662048585335],[2.831363955676179,41.976850057957975],[2.8311637049435197,41.97697073352283],[2.830958491401983,41.97692204034721],[2.8308401206463567,41.9767283300239],[2.830575579615763,41.97663519973813],[2.8301539697345324,41.97668296256328],[2.8299097765766783,41.97671964829558],[2.829864527589509,41.97671774748335],[2.8297887562284707,41.976726332038176],[2.829697733814701,41.97678799111928],[2.829461062796816,41.976886446896266],[2.829320928957654,41.977012369369845],[2.8291820822213167,41.977233241308504],[2.8292311144636075,41.977641305107184],[2.8294105664432814,41.97785118929519],[2.8297985882996195,41.97824691426893],[2.8303438809451436,41.9784331936129],[2.830524926337607,41.978721287140196],[2.8304987935239887,41.97911082511962],[2.82989685834934,41.979739750544105],[2.8296822528570953,41.980315773474494],[2.829611860716743,41.98044531228103],[2.829730827852505,41.98088439398891],[2.8296142791602734,41.98109439316261],[2.829358594253905,41.981137310376376],[2.8292666672973534,41.98116136567837],[2.8288988746095582,41.98127775470996],[2.8288175805627165,41.98136634133964],[2.8287523466269024,41.98151139681023],[2.828735855309519,41.98161621010962],[2.828854432608554,41.98173331992882],[2.8291351702440415,41.98183453920083],[2.829080837376253,41.981943323108794],[2.8289669682070695,41.98208831527443],[2.8289775371367742,41.98218106391595],[2.8293268570921226,41.982275395666974],[2.8294203099027597,41.982314785723155],[2.8297276407044745,41.98258136086172],[2.829981100698477,41.98278334047309],[2.8302348086489264,41.982892578894926],[2.8305426777830496,41.98295754686964],[2.8307339254736674,41.98307234817369],[2.8310471150376206,41.98335910337107],[2.831186102255082,41.983567515476224],[2.831054660744197,41.98380806281589],[2.830757921704484,41.98389221836738],[2.830122328610815,41.98389905688496],[2.8302252222906756,41.98396511914358],[2.830379117156442,41.98401372965935],[2.830601345277773,41.98412339718731],[2.8311786153719316,41.98414651748036],[2.831746094008783,41.98411022140971],[2.832413446062581,41.98394780360118],[2.8328718003803144,41.98377022580884],[2.8331708216453015,41.98361469910019],[2.833460241674896,41.98332547048256],[2.8335699032431667,41.983258790866586],[2.8344148360455934,41.98370561413857],[2.834651153556645,41.98364377076429],[2.834958582327703,41.98367205101738],[2.8357344359331784,41.98373450383657],[2.83984394821899,41.98380609708915],[2.8409086892633946,41.983467086833194],[2.841246125091509,41.98345748087001],[2.8425099294067233,41.98368960008494],[2.842599537629394,41.983693336462245],[2.843935281504547,41.983409035549066],[2.844711880226377,41.98321136863426],[2.8451768798202814,41.98311521708479],[2.8454311479002357,41.98300265903954],[2.8456312932841743,41.982922290533686],[2.8458314491301846,41.98283787678664],[2.846020703351455,41.98279378003183],[2.8462099961275964,41.98273355293255],[2.8464478079999336,41.98272177347284],[2.8466587769086176,41.982637373642845],[2.8468266021816553,41.98251260191561],[2.8470268420068074,41.98239190723414],[2.847124208231476,41.98235171307142],[2.8468704831126277,41.982238476934256],[2.84657351340804,41.98213324433918],[2.846249622558586,41.981983625968724],[2.8460120745110475,41.981886532472956],[2.8457800506271154,41.98174107005673],[2.8456181739586417,41.9816360154793],[2.8454239841771787,41.98149060320909],[2.845132687302914,41.981272474707986],[2.84493317872884,41.98109075744735],[2.8448038357311183,41.980941396687925],[2.8446315585544686,41.98067100876804],[2.8445939937287807,41.98056611999733],[2.8445293998049226,41.98045716861919],[2.8444703228798973,41.98030790170279],[2.8444273877419977,41.98018284861129],[2.8443737878030277,41.98000536207595],[2.8443578994042578,41.97987227561352],[2.844347367458288,41.979755327400994],[2.8443497476947015,41.97962006716459],[2.8443534502953374,41.97947711789965],[2.8443917391478855,41.97928765989994],[2.8444520649277454,41.97892081601776],[2.844484735338839,41.97885294977975],[2.8444090446645065,41.978836085758914],[2.8441930782740212,41.97875514869312],[2.844090679365081,41.97864211072038],[2.8440693950902416,41.97850902586537],[2.8440859194620978,41.978380018351146],[2.8441242096495873,41.97819055950552],[2.8441298682666267,41.978081694215874],[2.8440594910545185,41.97813401762888],[2.8439944622907594,41.978210541159065],[2.8439074420005994,41.97844025670294],[2.843787772659606,41.978762670617364],[2.843706050103693,41.979036742171324],[2.8437868413362954,41.979145715178944],[2.8437433412215753,41.97925855582642],[2.843597281848066,41.9793188468115],[2.8434889073586453,41.979443694952494],[2.8434290462739056,41.97961295813435],[2.843325791066915,41.97985072103663],[2.843206933508177,41.97983846367632],[2.843136937132406,41.97973353011646],[2.8430129911672593,41.97959626977279],[2.842925288733341,41.979569400824225],[2.842964801201798,41.979414754960516],[2.842781129065623,41.97938627839037],[2.8425488745061167,41.97934161201905],[2.8424084987091303,41.979289001336525],[2.842176344330911,41.97920401136702],[2.8419064993168206,41.979062515954276],[2.8417229006479374,41.97900984490195],[2.8415282070208265,41.97907005718899],[2.8414416844104373,41.97909413061182],[2.841306647672147,41.97906975294241],[2.8412686590154332,41.97913421539453],[2.84119801990101,41.97929540152434],[2.841078975720359,41.979359752663164],[2.840954842239615,41.979295066693034],[2.8407496036544786,41.97925043410534],[2.8406038250657457,41.97920184872139],[2.8404632913620014,41.97921375040944],[2.840290023238728,41.979350601326736],[2.840257431039007,41.97941909784183],[2.840197871500166,41.979463372932244],[2.840073379915265,41.97954787242939],[2.839862603292059,41.979555650415506],[2.839646500597729,41.979535183682344],[2.839403301765671,41.97954291553447],[2.839176022923864,41.979671620095246],[2.83910019035751,41.97974006380155],[2.83897575580437,41.979796344205916],[2.838732405215806,41.97986858037755],[2.8384731251144717,41.97982385969209],[2.838419236748998,41.97976330389754],[2.838373528189013,41.97969921996189],[2.8382899713649046,41.97966286205351],[2.838157072586577,41.97960503372514],[2.8380823759112355,41.97957253041183],[2.8379385244308186,41.97950993715076],[2.8377205845691127,41.97946314483139],[2.8375453958927523,41.979425530980976],[2.837461450877337,41.97928915075415],[2.8372931482957946,41.97918409241441],[2.8371667334453288,41.97917174063143],[2.836771110758046,41.97914681479834],[2.8366048908379686,41.97915690992684],[2.836406124865156,41.979090898689556],[2.8363649054248077,41.977994262805616],[2.8367786654420857,41.977242481706774],[2.8371356268875294,41.97648002747361],[2.837676898221513,41.97583439750728],[2.8375795534624464,41.97501832373263],[2.8365730650097354,41.974328112235085],[2.8362436810935683,41.97360797114341]]]}},{"type":"Feature","id":"170792--sector--font-de-la-polvora","properties":{"name":"Font de la Pólvora","officialName":"Sector de la Font de la Pólvora","municipality":"Girona","kind":"sector","quality":"official","parentName":"Est","code":"1329"},"geometry":{"bbox":[2.8328839352722963,41.97065622239808,2.8464626765550185,41.97987917904707],"type":"Polygon","coordinates":[[[2.839403301765671,41.97954291553447],[2.839646500597729,41.979535183682344],[2.839862603292059,41.979555650415506],[2.840073379915265,41.97954787242939],[2.840197871500166,41.979463372932244],[2.840257431039007,41.97941909784183],[2.840290023238728,41.979350601326736],[2.8404632913620014,41.97921375040944],[2.8406038250657457,41.97920184872139],[2.8407496036544786,41.97925043410534],[2.840954842239615,41.979295066693034],[2.841078975720359,41.979359752663164],[2.84119801990101,41.97929540152434],[2.8412686590154332,41.97913421539453],[2.841306647672147,41.97906975294241],[2.8414416844104373,41.97909413061182],[2.8415282070208265,41.97907005718899],[2.8417229006479374,41.97900984490195],[2.8419064993168206,41.979062515954276],[2.842176344330911,41.97920401136702],[2.8424084987091303,41.979289001336525],[2.8425488745061167,41.97934161201905],[2.842781129065623,41.97938627839037],[2.842964801201798,41.979414754960516],[2.842925288733341,41.979569400824225],[2.8430129911672593,41.97959626977279],[2.843136937132406,41.97973353011646],[2.843206933508177,41.97983846367632],[2.843325791066915,41.97985072103663],[2.8434290462739056,41.97961295813435],[2.8434889073586453,41.979443694952494],[2.843597281848066,41.9793188468115],[2.8437433412215753,41.97925855582642],[2.8437868413362954,41.979145715178944],[2.843706050103693,41.979036742171324],[2.843787772659606,41.978762670617364],[2.8439074420005994,41.97844025670294],[2.8439944622907594,41.978210541159065],[2.8440594910545185,41.97813401762888],[2.8441298682666267,41.978081694215874],[2.8441242096495873,41.97819055950552],[2.8440859194620978,41.978380018351146],[2.8440693950902416,41.97850902586537],[2.844090679365081,41.97864211072038],[2.8441930782740212,41.97875514869312],[2.8444090446645065,41.978836085758914],[2.844484735338839,41.97885294977975],[2.8445606914433728,41.97869516433639],[2.844680121597269,41.978469526259325],[2.844853621411878,41.97823186603602],[2.845092058093014,41.977953969287775],[2.8456755015507347,41.97736655904387],[2.845867253570274,41.97714991549211],[2.8464714663178627,41.97621978708086],[2.8458375029185734,41.97595204553748],[2.8451343854686044,41.97565837599562],[2.8449933783415458,41.97517318915769],[2.845186391037989,41.9750302952498],[2.8453572742687223,41.97469210766798],[2.845389311493391,41.974466539181],[2.845389735362537,41.97429028124568],[2.8451669970514906,41.973930414488855],[2.8451995613699617,41.973486286410655],[2.8452283966244702,41.97333891883393],[2.8447706191163187,41.9734780047039],[2.844863151079025,41.97364780170596],[2.844686235148026,41.97370148655124],[2.844421942854844,41.97395580500595],[2.843898985582072,41.973986206996],[2.8439865917730343,41.97406289838463],[2.843800022089937,41.973994908871504],[2.8432354927656074,41.97365836312966],[2.84283220345682,41.97344257128809],[2.8422865421068857,41.97334461721442],[2.841707236246025,41.97317678516928],[2.8409616085288985,41.97295731864149],[2.8401776410800306,41.97200536844629],[2.839908976793596,41.97156383744172],[2.8396763476116194,41.971251368207156],[2.839446102611622,41.971053025836504],[2.839458007098347,41.97090667444576],[2.8394814484133573,41.970760347286955],[2.8388240619230545,41.970664715314896],[2.8384201330906107,41.970715812726134],[2.8380160097207194,41.970844393165734],[2.837114917677868,41.971316652307536],[2.8358968577238466,41.971949386263],[2.8356483073574807,41.97226252989535],[2.8351734312096593,41.97261553618688],[2.8342038463750816,41.97266237728729],[2.8333419051204483,41.97274156008105],[2.8333414364730682,41.97274169360066],[2.8330127161462135,41.97365413564598],[2.8328756728262086,41.973817056666086],[2.8344734029370713,41.97324976031579],[2.8352444585786163,41.97324292101067],[2.83555711153873,41.97357311556652],[2.8362436810935683,41.97360797114341],[2.8365730650097354,41.974328112235085],[2.8375795534624464,41.97501832373263],[2.837676898221513,41.97583439750728],[2.8371356268875294,41.97648002747361],[2.8367786654420857,41.977242481706774],[2.8363649054248077,41.977994262805616],[2.836406124865156,41.979090898689556],[2.8366048908379686,41.97915690992684],[2.836771110758046,41.97914681479834],[2.8371667334453288,41.97917174063143],[2.8372931482957946,41.97918409241441],[2.837461450877337,41.97928915075415],[2.8375453958927523,41.979425530980976],[2.8377205845691127,41.97946314483139],[2.8379385244308186,41.97950993715076],[2.8380823759112355,41.97957253041183],[2.838157072586577,41.97960503372514],[2.8382899713649046,41.97966286205351],[2.838373528189013,41.97969921996189],[2.838419236748998,41.97976330389754],[2.8384731251144717,41.97982385969209],[2.838732405215806,41.97986858037755],[2.83897575580437,41.979796344205916],[2.83910019035751,41.97974006380155],[2.839176022923864,41.979671620095246],[2.839403301765671,41.97954291553447]]]}},{"type":"Feature","id":"170792--sector--domeny-nord","properties":{"name":"Domeny Nord","officialName":"Sector de Domeny Nord","municipality":"Girona","kind":"sector","quality":"official","parentName":"Oest","code":"1312"},"geometry":{"bbox":[2.7885049796021115,41.989848082441405,2.8090255618636757,41.99654234291176],"type":"Polygon","coordinates":[[[2.809038349366976,41.99226466911016],[2.8066917600661117,41.9922969710295],[2.80593694834643,41.99228937123543],[2.805080719302546,41.99216771303178],[2.802758148138857,41.991752505712256],[2.797324730961293,41.990806686061376],[2.7934934132348253,41.990154525128034],[2.7918320522251605,41.98987946887307],[2.791229994121368,41.98985307040767],[2.7893410427390775,41.9899381048794],[2.788680255289077,41.98997243436761],[2.788504988639529,41.989972639397855],[2.788504567288711,41.98997264222429],[2.7885463730147566,41.99001533432768],[2.7885467099102814,41.990015679903955],[2.791455267361575,41.99179981890031],[2.7949768226797,41.994115473078395],[2.7985082414408367,41.99644724771402],[2.7986118043467143,41.99652454632888],[2.798611965231805,41.99652445114045],[2.798612238620841,41.996524287698705],[2.8003025855691464,41.99557023621271],[2.8007209692212145,41.99543065466713],[2.802279954226484,41.99475521838613],[2.804391518551552,41.994462628922804],[2.806294023702931,41.99419303114661],[2.8075900852406925,41.994054905739425],[2.8079873463175056,41.993985415225595],[2.8082698647451156,41.99385337946525],[2.8084587023901406,41.99359647134474],[2.80863735065332,41.99325380239039],[2.809038349366976,41.99226466911016]]]}},{"type":"Feature","id":"170792--sector--pont-major","properties":{"name":"Pont Major","officialName":"Sector de Pont Major","municipality":"Girona","kind":"sector","quality":"official","parentName":"Nord","code":"1331"},"geometry":{"bbox":[2.8175413474736124,41.997253391884506,2.8404354925847217,42.01549478414153],"type":"Polygon","coordinates":[[[2.84044085486968,42.01334943575076],[2.839772216484617,42.010929859970126],[2.8396302491351135,42.00996581443346],[2.839488326585929,42.008980350809615],[2.8380776564892587,42.007286295477755],[2.8373856249670646,42.00689978206014],[2.835539751705432,42.00606182216984],[2.8340962773927276,42.005952664957064],[2.83305845070576,42.005308594073774],[2.834157014409146,42.004796133363335],[2.8341411972769652,42.00395012243962],[2.834049965036848,42.00356012119188],[2.8326174435914444,42.0026559974534],[2.8323780490481187,42.0024410131364],[2.8323761243466117,42.00242994024039],[2.8322023571441792,42.00143053698298],[2.8318339640413517,42.001512033276995],[2.8315422181542558,42.001540139522135],[2.8314276003580456,42.00149003923745],[2.8312939381678324,42.0014042444723],[2.8311745391152443,42.00135414591379],[2.831035909585517,42.00133967630015],[2.830834864793392,42.00142497141372],[2.830734542894946,42.00138915805395],[2.8305769193321044,42.00132830259138],[2.830414370978388,42.00131736266063],[2.8302470720428876,42.0012992840003],[2.830089313766186,42.0012847849552],[2.8302717634385117,42.00100329765882],[2.830678961487106,42.0007078833319],[2.831162654631916,42.00041970344612],[2.8312158436110852,42.00019509153791],[2.831417099334731,42.00002776335606],[2.831462166897965,41.99980862985319],[2.831379739173024,41.99986256139886],[2.830747549307218,41.99985115990047],[2.830466476829682,41.99988218020491],[2.8301294303931988,41.99982928297993],[2.828837640774086,41.99954442791766],[2.828542721681292,41.9995020725942],[2.8280931368940885,41.99950140292013],[2.8277843885619363,41.999375180999294],[2.8274197297417873,41.99914408256256],[2.8267183169711534,41.99875528450405],[2.8263375722975552,41.99857674824545],[2.8263310836713043,41.99846699220828],[2.8262303465923404,41.99809688195012],[2.826205638362661,41.99783123704941],[2.8246420224561164,41.99762017560928],[2.824254433972738,41.997519979960614],[2.8228690092874444,41.99726173611298],[2.8223266757629246,41.99830622614697],[2.821650387161722,41.999843179796166],[2.8199760876945597,42.00248593710964],[2.819975779989345,42.00248586187183],[2.8199756963256166,42.002485984231186],[2.8197707059189403,42.00278792514481],[2.819618507647717,42.00302629048358],[2.819472115115562,42.00323267129056],[2.8193415861664257,42.003404080600994],[2.8193414019363665,42.00340432259016],[2.819220700933675,42.00357598680129],[2.8190999617697794,42.00376259826807],[2.818979489645898,42.00391907915304],[2.8189793054206285,42.003919318439586],[2.8188886806232807,42.004083560489214],[2.8187779349334825,42.00427765658642],[2.8186880737057614,42.00447584755992],[2.818657167176118,42.00455463309779],[2.818610766902833,42.00468552376698],[2.8185523960248218,42.004830383730024],[2.8184608476318993,42.00507527134519],[2.818357169271881,42.00535256544097],[2.8182454387393925,42.0056770739714],[2.8181496212925112,42.00597208917816],[2.8180298575394085,42.006337909962404],[2.817942138998169,42.00656800163608],[2.817846636345574,42.00675085269932],[2.8177591512329245,42.00689829954809],[2.817687528643276,42.00703396379955],[2.8176475666636955,42.00716967559966],[2.817623501229506,42.00728180170274],[2.8175596443961917,42.00747060753724],[2.817519631246921,42.007624032581255],[2.8175111766852172,42.00781292463344],[2.8175225028571624,42.00800480320665],[2.817537847934528,42.008176024203394],[2.817569086474501,42.00832365681819],[2.8176319385417896,42.008489050324755],[2.8177423171009073,42.00864271244461],[2.817907900354418,42.00886730203448],[2.81808936737012,42.009074204974794],[2.8182234938813058,42.009227904248164],[2.8184128274746203,42.00945253069507],[2.81862587728999,42.00968899930946],[2.818823095123297,42.00992544433373],[2.8190045848389307,42.010126442870614],[2.81918605897899,42.01033334404565],[2.819383447877028,42.01051075338714],[2.8196362635858403,42.010682348331706],[2.819904895377348,42.010859868684165],[2.8202446210502727,42.01109062905571],[2.820497457972448,42.01125631736443],[2.820789859021481,42.01142796894055],[2.82109511919855,42.01160117454167],[2.821351214788759,42.01173546166708],[2.8216265062826262,42.01188412022915],[2.821908225249212,42.0120280082737],[2.8222539943447984,42.012195902055225],[2.8226306910762546,42.01239288540655],[2.8231099172896292,42.01263221087427],[2.823416100239917,42.01278179807642],[2.8236955682873233,42.01295122469387],[2.8240682161360597,42.013170501135804],[2.8243609363642634,42.0133697719289],[2.8246936782766894,42.01355916066523],[2.8249863749911714,42.01376836954502],[2.8252524413762203,42.013967596504436],[2.8255237763707504,42.01417875564169],[2.825886027374406,42.01437217478801],[2.8262107949247075,42.0146040376284],[2.8265431596190895,42.01482462660237],[2.82679234720993,42.01502251578761],[2.8270565802047765,42.015254283952466],[2.8272679801899456,42.01543518627482],[2.8273031539875766,42.015475778080706],[2.827303491201055,42.01547568672029],[2.830657251669449,42.0145305819221],[2.8309070563453456,42.01442283265717],[2.8310857581020272,42.01443050642279],[2.8313255894658766,42.01385327038461],[2.8313860041015806,42.013534955433386],[2.8310996187649207,42.012942141393616],[2.830833336305687,42.01225310130003],[2.830675629487416,42.01181597446163],[2.8308153963455593,42.01152739057103],[2.830964758187727,42.0113647056122],[2.8314917068751058,42.011098898955176],[2.8318991221533873,42.01097360680504],[2.832564408676204,42.01095976860143],[2.8329514073839155,42.01104919020321],[2.8334775062893685,42.01110178424719],[2.833596963311851,42.01098348315053],[2.833865542829158,42.010791335289724],[2.83463847136147,42.01138484097543],[2.834846398476737,42.011614691793795],[2.835183204342546,42.011918770973324],[2.8355099144116003,42.012289483852435],[2.835836552100824,42.01268981762641],[2.836293232365571,42.01272008096831],[2.8366412595503525,42.012520644591554],[2.8369297408840626,42.012313720015804],[2.83748552356952,42.01241076762499],[2.8380112937906206,42.012604034106616],[2.838586816403302,42.01275293837122],[2.8393509995698203,42.01290210213225],[2.8401643187713685,42.01325867116727],[2.84044085486968,42.01334943575076]]]}},{"type":"Feature","id":"170792--sector--germans-sabat","properties":{"name":"Germans Sàbat","officialName":"Sector dels Germans Sàbat","municipality":"Girona","kind":"sector","quality":"official","parentName":"Oest","code":"1336"},"geometry":{"bbox":[2.7999797687641452,41.996029451112314,2.8036948593233237,41.999262141881744],"type":"Polygon","coordinates":[[[2.803411563268624,41.99771719245952],[2.8034952149917944,41.997535517219134],[2.803445677349492,41.99743212595166],[2.8033467049576264,41.99718815589822],[2.8034970013413982,41.996952878125036],[2.8036859139556047,41.99676724879308],[2.8037029329967504,41.9966350411063],[2.8035649371763327,41.99647364965509],[2.8034375197395383,41.996477566513924],[2.8032106493491717,41.99639453354457],[2.8030340769890736,41.99617109142357],[2.802624573921239,41.99603402892045],[2.8024356476174,41.99622379146692],[2.801841723357736,41.99661119384144],[2.8014478356267496,41.99679646760021],[2.8012700389997405,41.99696971931602],[2.801297339686453,41.9970978593873],[2.801435625332047,41.99716421660359],[2.8014518166717943,41.99730060553701],[2.801107815625717,41.99747770436309],[2.80088599850985,41.99755169868311],[2.8006755873677087,41.99752240592235],[2.800487320436609,41.99749315937012],[2.800315651938187,41.997476334555],[2.80011628745238,41.99745532720238],[2.799986208648858,41.99753342350128],[2.799975416063021,41.99754171874957],[2.799975181220231,41.997541911083026],[2.7999750323298063,41.99754203151291],[2.8014474895796337,41.99864098887712],[2.802157853425885,41.99925950324371],[2.802157915547118,41.999259328621505],[2.80215802514674,41.999259028888495],[2.8022442175726567,41.99902098358067],[2.8023225367947533,41.998773182132226],[2.802428285597647,41.998612207041326],[2.8024678584500022,41.998356070665594],[2.8025788704274186,41.998281883695654],[2.802789830473123,41.99813761547668],[2.8030728290861036,41.99798107729619],[2.803411563268624,41.99771719245952]]]}},{"type":"Feature","id":"170792--sector--taiala","properties":{"name":"Taialà","officialName":"Sector de Taialà","municipality":"Girona","kind":"sector","quality":"official","parentName":"Oest","code":"1661"},"geometry":{"bbox":[2.7986305223747454,41.99058652628467,2.8132858698030967,42.00437287916318],"type":"Polygon","coordinates":[[[2.8122749618637073,41.99764092555208],[2.8121924780390084,41.99562853621178],[2.8112905521624567,41.99477640865338],[2.8119241588478063,41.994324398490505],[2.8125820606648033,41.99409584486598],[2.813316799226799,41.993791513209324],[2.81091520150525,41.99175090435932],[2.809199019580994,41.99060457808198],[2.8090478692936287,41.992241185631045],[2.809038349366976,41.99226466911016],[2.80863735065332,41.99325380239039],[2.8084587023901406,41.99359647134474],[2.8082698647451156,41.99385337946525],[2.8079873463175056,41.993985415225595],[2.8075900852406925,41.994054905739425],[2.806294023702931,41.99419303114661],[2.804391518551552,41.994462628922804],[2.802279954226484,41.99475521838613],[2.8007209692212145,41.99543065466713],[2.8003025855691464,41.99557023621271],[2.798612238620841,41.996524287698705],[2.798611965231805,41.99652445114045],[2.7986118043467143,41.99652454632888],[2.7999750323298063,41.99754203151291],[2.799975181220231,41.997541911083026],[2.799975416063021,41.99754171874957],[2.799986208648858,41.99753342350128],[2.80011628745238,41.99745532720238],[2.800315651938187,41.997476334555],[2.800487320436609,41.99749315937012],[2.8006755873677087,41.99752240592235],[2.80088599850985,41.99755169868311],[2.801107815625717,41.99747770436309],[2.8014518166717943,41.99730060553701],[2.801435625332047,41.99716421660359],[2.801297339686453,41.9970978593873],[2.8012700389997405,41.99696971931602],[2.8014478356267496,41.99679646760021],[2.801841723357736,41.99661119384144],[2.8024356476174,41.99622379146692],[2.802624573921239,41.99603402892045],[2.8030340769890736,41.99617109142357],[2.8032106493491717,41.99639453354457],[2.8034375197395383,41.996477566513924],[2.8035649371763327,41.99647364965509],[2.8037029329967504,41.9966350411063],[2.8036859139556047,41.99676724879308],[2.8034970013413982,41.996952878125036],[2.8033467049576264,41.99718815589822],[2.803445677349492,41.99743212595166],[2.8034952149917944,41.997535517219134],[2.803411563268624,41.99771719245952],[2.8030728290861036,41.99798107729619],[2.802789830473123,41.99813761547668],[2.8025788704274186,41.998281883695654],[2.8024678584500022,41.998356070665594],[2.802428285597647,41.998612207041326],[2.8023225367947533,41.998773182132226],[2.8022442175726567,41.99902098358067],[2.80215802514674,41.999259028888495],[2.802157915547118,41.999259328621505],[2.802157853425885,41.99925950324371],[2.8045580356957416,42.001349226104836],[2.806288231207773,42.002990470031826],[2.806344461577279,42.00316349362848],[2.806830642091872,42.00331382328827],[2.807310730177761,42.003483054638885],[2.80816269823167,42.00366731669787],[2.808875930973926,42.00380901024294],[2.8098617144015194,42.00407093964417],[2.810523440608094,42.0042486750268],[2.8109717767301188,42.004369091909126],[2.811085176095443,42.00398322629185],[2.8116109500737823,42.00219413332012],[2.81185799476983,42.00113265327214],[2.812160516014757,42.00050178173224],[2.812329313335427,42.00023964240988],[2.812471047177992,42.00001953234282],[2.812554624537559,41.99951889838326],[2.8131848403841495,41.99949123858811],[2.813167845277876,41.99939467210587],[2.813039063824388,41.99884719681803],[2.812717945992192,41.997790545510064],[2.8122749618637073,41.99764092555208]]]}},{"type":"Feature","id":"170792--sector--montilivi","properties":{"name":"Montilivi","officialName":"Sector de Montilivi","municipality":"Girona","kind":"sector","quality":"official","parentName":"Sud","code":"1667"},"geometry":{"bbox":[2.8235782014423654,41.96351477627138,2.8348090794614054,41.97488187858225],"type":"Polygon","coordinates":[[[2.827651248280454,41.97389067028192],[2.8287290190704657,41.97368327540573],[2.8299566332276322,41.97382978574157],[2.8309047489098527,41.973766871940136],[2.831758657209928,41.97346497338393],[2.8315272705859416,41.97311990150989],[2.8317838494726195,41.973025392093454],[2.8317476664242833,41.97294082734698],[2.831713433267782,41.9728849373949],[2.8316812401204188,41.97282301592972],[2.8316655340876125,41.972744128379176],[2.8317636429071316,41.97270464177972],[2.8317803087387663,41.972696316983544],[2.8319009925146497,41.972651243157074],[2.832062108523378,41.972525519254994],[2.8319872711709158,41.972256019151395],[2.8321370897977705,41.97223755749299],[2.8320963328927626,41.972176702619024],[2.832089491093036,41.9721687459948],[2.832079278972464,41.972144448074715],[2.832034075643626,41.97209513687582],[2.831980298169746,41.97203253992578],[2.831931113121699,41.97196952005304],[2.8319151184173768,41.97194209102652],[2.8319151398091456,41.97193395439807],[2.831899163261759,41.9719335941553],[2.8320497238303415,41.97155753045776],[2.8319905184950978,41.971107567737924],[2.831989433049153,41.97109991945348],[2.831988206367661,41.9710922808697],[2.8319868336064,41.97108465828417],[2.8319853183932864,41.971077049000236],[2.831983655888878,41.97106945751411],[2.8319818509208843,41.97106188383291],[2.8319798986522082,41.97105433155216],[2.831977803915312,41.97104679887766],[2.831975566700785,41.97103928941201],[2.831973186999221,41.9710318067579],[2.8319706624062557,41.97102434730911],[2.831967997730707,41.97101691827805],[2.831965190570611,41.97100951515783],[2.8319622397048865,41.97100214335068],[2.83195915236802,41.97099480556919],[2.8319559261485523,41.97098750090915],[2.8319525574210402,41.970980231166564],[2.8319490522224835,41.970972995449614],[2.831945409329453,41.97096580006121],[2.831941631158172,41.97095864410415],[2.8319377152924825,41.97095152847557],[2.831933664139163,41.97094445588101],[2.8319294776982495,41.970937426320475],[2.8319251583788723,41.970930441598796],[2.831920706176322,41.97092350351728],[2.831916122292839,41.97091661387902],[2.8319114067284423,41.970909772684024],[2.831906564301347,41.97090298354197],[2.8319015901839455,41.970896246445804],[2.831896486790072,41.97088956139905],[2.831891257726311,41.970882933810984],[2.831885903002155,41.970876360078925],[2.8318804250172596,41.97086984561038],[2.8318748189487195,41.97086338859695],[2.831869093235489,41.97085699265368],[2.831863246670687,41.97085065777871],[2.8318572792495695,41.97084438577342],[2.831851193386018,41.9708381766413],[2.8318449890658255,41.97083203578634],[2.8318386663032094,41.97082595780453],[2.8318322323207363,41.97081994991177],[2.8318256810885853,41.97081401029789],[2.8318190174296816,41.97080814077126],[2.831812243753115,41.970802343136754],[2.8318053600589352,41.97079661739436],[2.8317983663376296,41.97079096714668],[2.8317912674263517,41.97078538879815],[2.8317840633085147,41.97077988865339],[2.831776752781966,41.97077446490929],[2.831769341876513,41.97076911937598],[2.831761826969066,41.97076385294886],[2.8317542153010873,41.97075866563847],[2.831746504444537,41.9707535628453],[2.8317386968250835,41.97074854006949],[2.831730794844708,41.970743601817915],[2.8308401121933304,41.97019497226289],[2.831089251990094,41.97004512336071],[2.83131667464036,41.969909976986315],[2.8314205492505815,41.96983305823276],[2.831485366401629,41.969863100703876],[2.8316445396000747,41.96977752549045],[2.831817008827186,41.969642838823624],[2.832326040415462,41.96932972289852],[2.832393144276021,41.96925995942069],[2.832764212974105,41.96887638407569],[2.832871919228079,41.968754832306686],[2.83294724100007,41.968652634677525],[2.8329868762802946,41.96859158990064],[2.833043950949248,41.96849353576737],[2.8330903097683393,41.96840420163697],[2.8331407653957363,41.96828033359493],[2.8330278055847278,41.96826975760561],[2.83308251351705,41.96803289663769],[2.833159581095316,41.96803405343767],[2.8332188938002836,41.96801787259001],[2.8332976821958376,41.96798344627002],[2.834419877226575,41.967960433253474],[2.8344612149984934,41.9665021570494],[2.8345662177696127,41.96585727435374],[2.8346624900934976,41.96549502504628],[2.8347953147434173,41.96551666665054],[2.834795808103186,41.96551675562628],[2.8348354835828484,41.96466119335049],[2.834704475501889,41.964454750931715],[2.83421147264402,41.96423157410074],[2.834129345388212,41.9642566742933],[2.8339803266163655,41.96423338458699],[2.833805272141903,41.96421349756877],[2.833531457718071,41.96421058079783],[2.833110880876563,41.964229078869195],[2.833097324514026,41.96422877725236],[2.8331018197434195,41.96412430583486],[2.833123307269435,41.963889621037666],[2.8331488981918262,41.96365521239183],[2.8331530320414204,41.963611035930114],[2.8329410548962404,41.96375632222239],[2.8327850120711244,41.963711701834306],[2.832539873352725,41.96361144289408],[2.8320418704369237,41.9635274699163],[2.8317651090797575,41.9641486572126],[2.831600874775639,41.96439261653152],[2.831154245587727,41.9645640105197],[2.829777659100621,41.96489498320075],[2.829539731071694,41.9648835258068],[2.8293317152924895,41.96480551761119],[2.829101309334743,41.964760781657205],[2.828937523545146,41.96483268245728],[2.8287270034666414,41.96569816008825],[2.8285407221553145,41.965836632322926],[2.828406803113601,41.96585863470476],[2.8282656562104678,41.96580292516996],[2.8280202152317337,41.96581920308511],[2.8278936077021353,41.96589116707355],[2.8277595089513787,41.96597976409591],[2.827090566848468,41.96585666802551],[2.827044732399622,41.96606741020293],[2.8267639782338887,41.96730917063457],[2.825918373487246,41.967445888855984],[2.8235665144614095,41.96775080207134],[2.8238524235262092,41.96861177850154],[2.8240639734106017,41.97002685190298],[2.824253493147416,41.97161872765099],[2.8243369401862046,41.97261561052232],[2.8242928406770784,41.97298530614795],[2.82439906618756,41.97353207661121],[2.8245697947951585,41.97412716740051],[2.8245738529758535,41.97413541383501],[2.8249340246998202,41.974867244888436],[2.827651248280454,41.97389067028192]]]}},{"type":"Feature","id":"170792--sector--pla-de-campdora","properties":{"name":"Pla de Campdorà","officialName":"Sector del Pla de Campdorà","municipality":"Girona","kind":"sector","quality":"official","parentName":"Nord","code":"1704"},"geometry":{"bbox":[2.827315851687963,42.01078166919346,2.8517278925305263,42.02987143598713],"type":"Polygon","coordinates":[[[2.8499635106615773,42.02640784690068],[2.8503442037048017,42.02581364734505],[2.8503444181024737,42.025813396339785],[2.8509273596106666,42.0251322435463],[2.851339921522791,42.02460925679542],[2.8517413174077264,42.024043814865344],[2.8517414337491873,42.02404365109501],[2.8513709589991536,42.02391708011245],[2.8511358782964606,42.023853592190385],[2.850942520484643,42.02379803877278],[2.8507427183551037,42.02374007188015],[2.850633176986865,42.02369664894359],[2.8505720192262025,42.02364847935927],[2.8505270724955847,42.02356185994487],[2.850465769548787,42.02333139056693],[2.8502595250102036,42.02285853221571],[2.849161072647469,42.02372312630037],[2.848011199862133,42.02470240408155],[2.847573330761525,42.02507947395299],[2.847424191422995,42.02515333007982],[2.847275409422866,42.02507167720358],[2.8471839437434565,42.025003573464616],[2.8470526511463743,42.024970748680325],[2.8468115002387164,42.02509776546642],[2.846631639526026,42.025231394354655],[2.846609068841262,42.02547066029822],[2.846568913269042,42.025648325336256],[2.8465387001830287,42.02582599554176],[2.8463648294905814,42.02589492571717],[2.845974629789306,42.0260571641792],[2.8456938345993414,42.02611365666707],[2.845425709100532,42.02610589426708],[2.8450880462869597,42.02610544085933],[2.844810068215114,42.02606063749602],[2.8444427075706096,42.026023124812895],[2.844184727835758,42.02592650491096],[2.843787844775686,42.02577046791972],[2.8435796167707843,42.025636897127384],[2.8434210290885518,42.02551080433022],[2.8431832197789166,42.02528833310214],[2.8430157987300078,42.02471052741766],[2.8428797785124473,42.02348113317692],[2.8425357173234014,42.02204411349842],[2.8416050014667174,42.020924708453016],[2.8416359940148017,42.02043602346807],[2.840195960918393,42.02047846553609],[2.838527551224609,42.02051316775449],[2.838351718446021,42.020534059738196],[2.837951116422041,42.02069748133343],[2.8376330970710137,42.02079329750956],[2.8372257624430746,42.0208667749304],[2.8368680322530766,42.02095512020701],[2.8367389357512067,42.02095493756633],[2.836600117921098,42.02087329397896],[2.8364016217850643,42.02082858243617],[2.8356267271464484,42.020945954038616],[2.8350405416028757,42.02105619460912],[2.8342559354586467,42.02109208702842],[2.8337193908255536,42.0212023934161],[2.8332724383736534,42.02123136158988],[2.8325173831869637,42.021356152560905],[2.831941932599757,42.02115538591645],[2.831664211126942,42.02102909419813],[2.8314163548670765,42.020873232770334],[2.831526061830172,42.020695674099734],[2.831864024986923,42.02057029115671],[2.832361035632897,42.02038589218101],[2.832639431686102,42.02025300657903],[2.8333351985882596,42.02000965637028],[2.834060470002795,42.01978917460071],[2.8352456919264832,42.01936250028883],[2.836345367497167,42.01850731822486],[2.837675932963784,42.01769527697971],[2.8387179820148805,42.01675431927509],[2.8397047202216603,42.01482800145751],[2.840459084874599,42.01341539872237],[2.84044085486968,42.01334943575076],[2.8401643187713685,42.01325867116727],[2.8393509995698203,42.01290210213225],[2.838586816403302,42.01275293837122],[2.8380112937906206,42.012604034106616],[2.83748552356952,42.01241076762499],[2.8369297408840626,42.012313720015804],[2.8366412595503525,42.012520644591554],[2.836293232365571,42.01272008096831],[2.835836552100824,42.01268981762641],[2.8355099144116003,42.012289483852435],[2.835183204342546,42.011918770973324],[2.834846398476737,42.011614691793795],[2.83463847136147,42.01138484097543],[2.833865542829158,42.010791335289724],[2.833596963311851,42.01098348315053],[2.8334775062893685,42.01110178424719],[2.8329514073839155,42.01104919020321],[2.832564408676204,42.01095976860143],[2.8318991221533873,42.01097360680504],[2.8314917068751058,42.011098898955176],[2.830964758187727,42.0113647056122],[2.8308153963455593,42.01152739057103],[2.830675629487416,42.01181597446163],[2.830833336305687,42.01225310130003],[2.8310996187649207,42.012942141393616],[2.8313860041015806,42.013534955433386],[2.8313255894658766,42.01385327038461],[2.8310857581020272,42.01443050642279],[2.8309070563453456,42.01442283265717],[2.830657251669449,42.0145305819221],[2.827303491201055,42.01547568672029],[2.8273031539875766,42.015475778080706],[2.8273989412312983,42.01558631832509],[2.8275027041481753,42.01578250829523],[2.8275823886688483,42.01598706069096],[2.8276420039527004,42.01619656896626],[2.8276986221076355,42.01630801203606],[2.8277591981699723,42.01650994349643],[2.827784797657349,42.016731356042904],[2.827819730831893,42.01690855458537],[2.827840580410786,42.01709280310042],[2.8278661077602534,42.01734025908727],[2.8278913931408716,42.01767887085463],[2.8279252859524417,42.018063071775174],[2.827956891996862,42.01829430325415],[2.8279605900332916,42.018576728030546],[2.827955508695021,42.0188093014266],[2.8279620522029036,42.019003969806015],[2.8279545898640484,42.019151525104526],[2.827958671821138,42.019291079096284],[2.827959545293803,42.01945724918037],[2.827959159430845,42.01960085035365],[2.827958496563244,42.019847664411955],[2.8279588219869045,42.02036278479392],[2.8277966050353687,42.02097002349288],[2.8277169025199544,42.02159918451804],[2.8277361637795777,42.022024164199244],[2.8278069710260993,42.0223873780712],[2.827894753539339,42.02271258774538],[2.82804267556159,42.02308826150886],[2.82850790137459,42.024151856494896],[2.8285484049373855,42.02444705690401],[2.828522474415329,42.024711753493925],[2.828715032345488,42.02493215388846],[2.828996633145854,42.02515657750156],[2.829100986875116,42.025312969018586],[2.8292128788321884,42.025553277355954],[2.8295128898673383,42.02582424447666],[2.829682746340855,42.026157222890056],[2.8298877250712287,42.0264150279831],[2.829997478072689,42.026737283590265],[2.8304364620697355,42.02701819735017],[2.8306485641301107,42.02727233686921],[2.8310168483183524,42.027471180206526],[2.831633183705222,42.02774177293955],[2.8322995458474347,42.027869658915066],[2.833423245602193,42.02804843734833],[2.8349367526582325,42.02834146015413],[2.8355572001530214,42.02840051545058],[2.836833189488059,42.02866673108545],[2.837868186100896,42.028874427635536],[2.838101749594923,42.029070413480454],[2.838420370893516,42.02928767155334],[2.83895193622545,42.029441768879515],[2.8395118202467606,42.02961705628055],[2.840539840010797,42.02978770176227],[2.841000828755152,42.02980420190883],[2.8417667129685333,42.02985813631513],[2.842270557397259,42.029753066875415],[2.843668028811637,42.02967036153554],[2.844860013895405,42.029502753462566],[2.845597679664348,42.02949316713991],[2.846520058090236,42.02935691095533],[2.8472512336890166,42.029093479007045],[2.847862043350697,42.0287399860469],[2.848508858458575,42.028153862120824],[2.8485090825182318,42.02815361833713],[2.8489319420532446,42.027697000491585],[2.848914653227371,42.027509250934166],[2.849074912624828,42.02722126249099],[2.8493417319797256,42.026859379288474],[2.8493419608593,42.026859137310765],[2.849672340048602,42.02651344146457],[2.849963376077367,42.02640805928107],[2.8499635106615773,42.02640784690068]]]}},{"type":"Feature","id":"170792--sector--palau","properties":{"name":"Palau","officialName":"Sector de Palau","municipality":"Girona","kind":"sector","quality":"official","parentName":"Sud","code":"1707"},"geometry":{"bbox":[2.808305986125009,41.93922366394374,2.835269507031911,41.96776819034781],"type":"Polygon","coordinates":[[[2.827044732399622,41.96606741020293],[2.827090566848468,41.96585666802551],[2.8277595089513787,41.96597976409591],[2.8278936077021353,41.96589116707355],[2.8280202152317337,41.96581920308511],[2.8282656562104678,41.96580292516996],[2.828406803113601,41.96585863470476],[2.8285407221553145,41.965836632322926],[2.8287270034666414,41.96569816008825],[2.828937523545146,41.96483268245728],[2.829101309334743,41.964760781657205],[2.8293317152924895,41.96480551761119],[2.829539731071694,41.9648835258068],[2.829777659100621,41.96489498320075],[2.831154245587727,41.9645640105197],[2.831600874775639,41.96439261653152],[2.8317651090797575,41.9641486572126],[2.8320418704369237,41.9635274699163],[2.832539873352725,41.96361144289408],[2.8327850120711244,41.963711701834306],[2.8329410548962404,41.96375632222239],[2.8331530320414204,41.963611035930114],[2.8331964370373046,41.963147211423006],[2.833220186666496,41.962924059358734],[2.8332401616925034,41.96252815196034],[2.8332583025494285,41.9624200075684],[2.8333008127575687,41.96226830511716],[2.833334295223037,41.96220080330394],[2.8333396480907624,41.962183788367575],[2.833339355772195,41.96215703797535],[2.833331338597126,41.9621309068399],[2.8333131351659673,41.962101084370914],[2.8332358310422365,41.96196522457789],[2.8332126451277433,41.96187890648586],[2.8331831497500453,41.961712329311155],[2.8331545473656643,41.96143479057906],[2.8331646990632353,41.961243051266194],[2.8331918296398406,41.96092632417283],[2.8331808933140668,41.96086236053418],[2.833179822724478,41.96071716966524],[2.83323447129578,41.96049109017527],[2.8332443091655244,41.960373745925125],[2.83324447634086,41.96037349758231],[2.8333427955787287,41.9602275287273],[2.8333429519045983,41.960227275865215],[2.8334567076444186,41.960042605794946],[2.833611199546516,41.95970417506411],[2.833737631287063,41.95943685752196],[2.8338126513933566,41.95926439633384],[2.8339053438382513,41.95907124518413],[2.833905513418655,41.95907099774444],[2.834038340325436,41.95887725154689],[2.83406901787099,41.958822467427986],[2.833362203734424,41.95855250552039],[2.8325505588544275,41.958126742917685],[2.832724270056068,41.95794225280056],[2.8331933871147776,41.957353441220626],[2.833193427183583,41.95735334580748],[2.833392386295919,41.956881145181555],[2.8333850767378816,41.95681475496262],[2.833346686238515,41.95668257049013],[2.8332722936487587,41.95642793223685],[2.833249576561849,41.956021785675475],[2.83333990161281,41.95571676780649],[2.8334296268599406,41.955549552005586],[2.833429792817606,41.95554930275984],[2.8336757746269563,41.955178919679646],[2.83378420797726,41.955055413347274],[2.8341146126677668,41.95471624453193],[2.8343247185532183,41.95451632728271],[2.8346438648300034,41.954290571493964],[2.834975146086363,41.95386181141069],[2.835306424100303,41.953433051233915],[2.8353063614017726,41.95343303403118],[2.835083480015188,41.95337202761238],[2.8342903114763494,41.95335476712804],[2.8337264578319634,41.95317337046413],[2.8333817163152055,41.952854664456126],[2.8334399930351073,41.95262246343704],[2.833626521779261,41.95174124254114],[2.833631359508197,41.950990716089024],[2.8337138158088946,41.95032001164452],[2.8338935740615665,41.949812830185635],[2.8338542764451184,41.94942575358134],[2.8337542756754064,41.94909226925291],[2.8335361044358525,41.94882526526094],[2.8331393056964003,41.94863122621821],[2.8326787436161,41.948600475241776],[2.832074022505824,41.9486081524021],[2.831060090664052,41.94878725561351],[2.830051850350743,41.94900085591789],[2.82937195733026,41.94914603059439],[2.8289144708431335,41.94900124371705],[2.8282706744033703,41.94859606353554],[2.8276673841123072,41.94807051854104],[2.8272312262591224,41.94753666553504],[2.827039287920544,41.947173046218865],[2.826776027907099,41.94654911225027],[2.826570280486192,41.94598542957712],[2.8265342571900507,41.945475773317185],[2.826592650000912,41.945161974505474],[2.8267555707636625,41.94451715520172],[2.82675067819765,41.9442290218597],[2.8268072356840785,41.943521805178115],[2.826647365488295,41.9429925973374],[2.8264673244700513,41.942474166847134],[2.8258355586516135,41.94188840533217],[2.8253041092715807,41.94145977890585],[2.824700340757474,41.94118802915664],[2.8237105805117695,41.9409456785326],[2.822910772125756,41.940768099068315],[2.8221109297355107,41.940603483705594],[2.8210893744587735,41.94043626942509],[2.8204394670913,41.940194506097235],[2.8199164334627165,41.93983675277052],[2.8196126444114107,41.93937612064104],[2.819604890640476,41.939241971706494],[2.8183423837184427,41.939485866629944],[2.8182360081467372,41.9408401785372],[2.8182359981122573,41.940840313622665],[2.816207324534518,41.94237633859461],[2.815947152851284,41.943492759152946],[2.8123316447186517,41.94387419690033],[2.814931890916325,41.94873215357061],[2.813112338918212,41.94858324570074],[2.813112477478397,41.948583309874145],[2.8131510323464757,41.94860192921742],[2.8133340687207498,41.948735352911996],[2.813007948548124,41.94939911906256],[2.813043801647991,41.95015507904658],[2.8130864017733406,41.9511549785331],[2.8128268966709427,41.952405172936174],[2.812803719085422,41.95296781393237],[2.8126728180061216,41.95354636609136],[2.8124773833089645,41.95409265861564],[2.8123036707111524,41.95457467818633],[2.811979106236079,41.95508859644531],[2.811611447834654,41.9556024529445],[2.8111580201644486,41.955987550150034],[2.8107045394525634,41.956388724265715],[2.81022999007109,41.95662909880307],[2.8095184142030036,41.95690122609264],[2.8091302504952953,41.95706135428234],[2.8082515436467452,41.95739367951865],[2.8088641143594892,41.95901336760166],[2.8097747678377765,41.95899114189303],[2.810670344028009,41.960681147314574],[2.811400614911857,41.96138972472607],[2.814409874374784,41.96358104000107],[2.8168602631109585,41.96541769533857],[2.8176773728888085,41.96593344601294],[2.8184737351150217,41.96609360710686],[2.8200826784688373,41.96601662936573],[2.820803931757044,41.9660765577249],[2.821725947369459,41.966373850239336],[2.8226724385039046,41.966857611251655],[2.82314555606425,41.96714771507599],[2.8235533125230172,41.96771102704761],[2.8235665144614095,41.96775080207134],[2.825918373487246,41.967445888855984],[2.8267639782338887,41.96730917063457],[2.827044732399622,41.96606741020293]]]}},{"type":"Feature","id":"170792--sector--vila-roja","properties":{"name":"Vila-roja","officialName":"Sector de Vila-roja","municipality":"Girona","kind":"sector","quality":"official","parentName":"Est","code":"1668"},"geometry":{"bbox":[2.835909867617514,41.96688018781157,2.850348183274987,41.976224905955476],"type":"Polygon","coordinates":[[[2.848254578742151,41.97357898111992],[2.848636778809322,41.97295958647777],[2.848754665461435,41.971892138039635],[2.8488947949290764,41.97117771944433],[2.849092389234605,41.970558080799904],[2.849601851021287,41.96977526000897],[2.8500070908584862,41.9691558905618],[2.850261994936707,41.96869130396492],[2.850343609971416,41.96832118850167],[2.8503676274427967,41.96791656523125],[2.850367837869829,41.967826643363445],[2.8503678408336457,41.96782640829204],[2.8497419620338906,41.967730443926754],[2.8463748508065168,41.9672135056618],[2.8463816510194015,41.96689467701013],[2.8462088199664426,41.96695227685064],[2.846053173249453,41.96703781308874],[2.845863467748187,41.967083223507494],[2.845710155284802,41.96709732834647],[2.8447321224462687,41.9670028839744],[2.844732475382579,41.967003160057224],[2.845311463160483,41.967436816992695],[2.845289417594649,41.967645779109276],[2.844986737604524,41.96809552013265],[2.84474904239908,41.968400663464855],[2.843994045510735,41.96881763800132],[2.8432609339919606,41.969089944580844],[2.842506364539788,41.96933006216624],[2.8416663977685697,41.96924853632735],[2.840373724400319,41.96929497634384],[2.839318584944858,41.96911667296515],[2.838305726365111,41.96925995007198],[2.837659774592437,41.96913042625236],[2.8369918341626277,41.96917771527847],[2.8363451888046547,41.96932148275513],[2.8363232367134055,41.96948222217019],[2.8362143854834794,41.96993221426716],[2.836277813875222,41.97039852901352],[2.8362545073566894,41.97108978867606],[2.8361454068568652,41.9716362429735],[2.8358968577238466,41.971949386263],[2.837114917677868,41.971316652307536],[2.8380160097207194,41.970844393165734],[2.8384201330906107,41.970715812726134],[2.8388240619230545,41.970664715314896],[2.8394814484133573,41.970760347286955],[2.839458007098347,41.97090667444576],[2.839446102611622,41.971053025836504],[2.8396763476116194,41.971251368207156],[2.839908976793596,41.97156383744172],[2.8401776410800306,41.97200536844629],[2.8409616085288985,41.97295731864149],[2.841707236246025,41.97317678516928],[2.8422865421068857,41.97334461721442],[2.84283220345682,41.97344257128809],[2.8432354927656074,41.97365836312966],[2.843800022089937,41.973994908871504],[2.8439865917730343,41.97406289838463],[2.843898985582072,41.973986206996],[2.844421942854844,41.97395580500595],[2.844686235148026,41.97370148655124],[2.844863151079025,41.97364780170596],[2.8447706191163187,41.9734780047039],[2.8452283966244702,41.97333891883393],[2.8451995613699617,41.973486286410655],[2.8451669970514906,41.973930414488855],[2.845389735362537,41.97429028124568],[2.845389311493391,41.974466539181],[2.8453572742687223,41.97469210766798],[2.845186391037989,41.9750302952498],[2.8449933783415458,41.97517318915769],[2.8451343854686044,41.97565837599562],[2.8458375029185734,41.97595204553748],[2.8464714663178627,41.97621978708086],[2.8470512110997532,41.9750238169072],[2.8474215784359633,41.97454215924735],[2.8479998151192736,41.97397468876321],[2.848254578742151,41.97357898111992]]]}},{"type":"Feature","id":"170792--sector--avellaneda","properties":{"name":"Avellaneda","officialName":"Sector de l'Avellaneda","municipality":"Girona","kind":"sector","quality":"official","parentName":"Sud","code":"1705"},"geometry":{"bbox":[2.805447729625061,41.948401238668815,2.813308779735849,41.95740201422747],"type":"Polygon","coordinates":[[[2.813112338918212,41.94858324570074],[2.8122372084819633,41.9485116166452],[2.8116880859651183,41.94855174935545],[2.8112006017280713,41.94858737476247],[2.8103305531610636,41.94864178259996],[2.8103273636445723,41.948641215310246],[2.809906732524197,41.94856643920726],[2.8099060885904756,41.94856632555685],[2.80904150227455,41.94840727195062],[2.808587890316866,41.94849405046042],[2.8082090651643723,41.94856652062108],[2.8077994261259778,41.948742675817584],[2.806987184389894,41.9490919520589],[2.8068491208603974,41.949264649332974],[2.806211234214426,41.94934006152053],[2.806210646431729,41.94934013078104],[2.805984464393393,41.948416689180846],[2.8059842117468454,41.94841565658113],[2.8056761944666206,41.94913735846456],[2.805669262057355,41.949211576697465],[2.805542895936861,41.94946392710192],[2.8055405877274806,41.94948580777352],[2.8054443840206265,41.94950154169546],[2.805444420652926,41.94950179484697],[2.8054463024915703,41.94951420392162],[2.8054831197890917,41.949750213204965],[2.8076511354347518,41.955426034802976],[2.808308447686004,41.95697410146607],[2.8082515436467452,41.95739367951865],[2.8091302504952953,41.95706135428234],[2.8095184142030036,41.95690122609264],[2.81022999007109,41.95662909880307],[2.8107045394525634,41.956388724265715],[2.8111580201644486,41.955987550150034],[2.811611447834654,41.9556024529445],[2.811979106236079,41.95508859644531],[2.8123036707111524,41.95457467818633],[2.8124773833089645,41.95409265861564],[2.8126728180061216,41.95354636609136],[2.812803719085422,41.95296781393237],[2.8128268966709427,41.952405172936174],[2.8130864017733406,41.9511549785331],[2.813043801647991,41.95015507904658],[2.813007948548124,41.94939911906256],[2.8133340687207498,41.948735352911996],[2.8131510323464757,41.94860192921742],[2.813112477478397,41.948583309874145],[2.813112338918212,41.94858324570074]]]}},{"type":"Feature","id":"170792--sector--domeny-sud","properties":{"name":"Domeny Sud","officialName":"Sector de Domeny Sud","municipality":"Girona","kind":"sector","quality":"official","parentName":"Oest","code":"1709"},"geometry":{"bbox":[2.782736579487629,41.9831159990884,2.809688490502909,41.992301978098006],"type":"Polygon","coordinates":[[[2.809038349366976,41.99226466911016],[2.8090478692936287,41.992241185631045],[2.809199019580994,41.99060457808198],[2.8097081543053295,41.98569975597587],[2.8092608491366846,41.98535058013595],[2.806361833508175,41.98468440017363],[2.8008062772546194,41.98317186359665],[2.8000749486360257,41.98314751899876],[2.800074234055905,41.98314750154229],[2.800261010735473,41.983274993892636],[2.8002615238887665,41.98327534424493],[2.799348522097766,41.98417918000286],[2.798836461344743,41.98458945712136],[2.797968055529681,41.985044236064375],[2.7974297489650395,41.98524887766411],[2.7964611957206,41.98548785377173],[2.795923406647257,41.98552701660118],[2.7895104750567707,41.98552350928386],[2.788070695924846,41.98544412704906],[2.7875229660990377,41.98535136711239],[2.785405594455688,41.984738893852814],[2.7850147389009314,41.98464087776499],[2.784574963932824,41.984548849872155],[2.784224777930403,41.98447523085648],[2.7837441967519028,41.98440136341416],[2.7832963205528705,41.984297154533095],[2.7827332962464704,41.98415594903855],[2.7827330441634754,41.98415588551468],[2.7828774986092597,41.98434366449485],[2.7834553729246876,41.9850948461969],[2.7840499749450225,41.985801252619545],[2.7841828041477252,41.98595905631379],[2.784708438229468,41.986527464268725],[2.7848229836053164,41.986569109762534],[2.78576019946146,41.98752557084174],[2.786635177815456,41.98832879491723],[2.7874032176021566,41.988985906042366],[2.787566781377123,41.989116233741214],[2.7880172986166034,41.9894752035679],[2.788504567288711,41.98997264222429],[2.788504988639529,41.989972639397855],[2.788680255289077,41.98997243436761],[2.7893410427390775,41.9899381048794],[2.791229994121368,41.98985307040767],[2.7918320522251605,41.98987946887307],[2.7934934132348253,41.990154525128034],[2.797324730961293,41.990806686061376],[2.802758148138857,41.991752505712256],[2.805080719302546,41.99216771303178],[2.80593694834643,41.99228937123543],[2.8066917600661117,41.9922969710295],[2.809038349366976,41.99226466911016]]]}},{"type":"Feature","id":"170792--sector--muntanya-de-campdora","properties":{"name":"Muntanya de Campdorà","officialName":"Sector de la Muntanya de Campdorà","municipality":"Girona","kind":"sector","quality":"official","parentName":"Nord","code":"1712"},"geometry":{"bbox":[2.830094175867253,41.99945710066477,2.857766943649045,42.02612925174398],"type":"Polygon","coordinates":[[[2.8502595250102036,42.02285853221571],[2.8502452542961554,42.022825814132894],[2.8490053984704353,42.02124847909485],[2.8488680795005954,42.02107377868864],[2.8488675628847533,42.021073119623686],[2.849390099157494,42.02024879984275],[2.8493233983025212,42.02017848398928],[2.849295188287552,42.02012297690604],[2.8492882745750894,42.020050326633154],[2.8492816029382415,42.01987465880779],[2.8492916888064546,42.01972873036632],[2.8493062496952475,42.01956233391561],[2.8493181704115598,42.019388672844215],[2.849356853490984,42.01875476463415],[2.8493862451426057,42.01847307385464],[2.8494083856177457,42.018186942276145],[2.8494311891751796,42.01790431152765],[2.849444976016345,42.01774724126351],[2.8494730641183277,42.017499638822905],[2.8495095085608217,42.017120971925166],[2.849522151315524,42.016879851987575],[2.849527839440479,42.01674278201674],[2.8495283677101955,42.0165176563819],[2.8495069709165444,42.01620194924843],[2.849492740294464,42.01597680424202],[2.849482510457537,42.01576166904642],[2.8494562520056426,42.015516495491966],[2.849413953297993,42.01524528790093],[2.849354193712415,42.01498206066883],[2.8493022540319908,42.014817900501086],[2.8492357047889887,42.014589683897526],[2.8491264029473236,42.014284368247864],[2.849051752077567,42.01407815400248],[2.8489917773658266,42.01390798017523],[2.848913107958523,42.013699758363146],[2.8488384015944175,42.013517558297956],[2.8487209082423157,42.01327426557698],[2.848587329929421,42.01302394974513],[2.848493795468213,42.01286173556011],[2.848344039364239,42.0126454161705],[2.8481721399519944,42.012432569075294],[2.848069121086202,42.01231036481161],[2.8479553709733088,42.01218714470054],[2.8478161793578325,42.01204388068381],[2.8477077828783495,42.01192667034872],[2.8475538224564634,42.011788388704076],[2.84741991825208,42.01167814958337],[2.8472712757447853,42.01156088712809],[2.847097864950985,42.01142107847601],[2.8469036934480267,42.01126773370356],[2.8467389880846388,42.01113443891176],[2.846597062739403,42.011014183526434],[2.846393698807256,42.01084812802511],[2.846213354851067,42.01068581283951],[2.8460435373222315,42.010527231230235],[2.8459141449785466,42.01038813728037],[2.845828330578744,42.010274063642925],[2.8458280717621203,42.01027371924136],[2.8459074972559866,42.01009971026444],[2.8459361252952924,42.01003698946348],[2.8459555595868102,42.009906099404624],[2.8459803644650328,42.00980415580895],[2.8461219283715375,42.00955465973564],[2.8462351923246927,42.00934980575916],[2.8462390619320037,42.009205256016386],[2.846239369652818,42.009076471242295],[2.846268149307184,42.00883208101073],[2.8462825358882493,42.00871119950396],[2.8463180150031175,42.00861137225937],[2.8463958206988886,42.00849583190247],[2.84639591871831,42.00849574827179],[2.8465970996601513,42.00832526290231],[2.846724229335656,42.008215045403034],[2.8468866020642696,42.00810224483222],[2.846943124510753,42.00804449750654],[2.8469432347539407,42.00804435174577],[2.847052714514797,42.00790008861548],[2.84705293005105,42.00789984662372],[2.847144581839526,42.00779770807669],[2.847275219555423,42.00769275090984],[2.8474199168202046,42.007603581127874],[2.847645663654308,42.00751451876114],[2.847867867272855,42.007433335676886],[2.8480900640749254,42.00735478029346],[2.848231104457107,42.007320799213986],[2.84841088147163,42.007297381686534],[2.8486470002794246,42.00729243516685],[2.8488620061803145,42.007274319659054],[2.8489677982221076,42.007242917599655],[2.849091292272629,42.00717737287758],[2.849373683614823,42.00697536607061],[2.849588978012807,42.006833720622446],[2.8498253893035783,42.00670261496078],[2.8499806396903757,42.00661871292305],[2.8501323720844574,42.00653217793948],[2.8503722248305956,42.006435242380284],[2.850538014320046,42.006364494930786],[2.8507142640630234,42.00634106919832],[2.8511124859055554,42.00633369835976],[2.851235829046544,42.006331230129305],[2.85144361721277,42.00638406205754],[2.8518134407032445,42.00646601425668],[2.851993076312963,42.00650304179458],[2.852112876530512,42.00650845247899],[2.8522891151489214,42.006490280598214],[2.852461878500196,42.00645107704486],[2.8526064140555687,42.00642760764215],[2.8527438341331153,42.00643304029065],[2.8528882617631686,42.00645687874768],[2.8530432051086088,42.006504384661916],[2.8533109378142454,42.00654152198444],[2.853536458102074,42.00654706442882],[2.8538747734849195,42.00653960935946],[2.854163769418012,42.006524205320645],[2.8543893256792776,42.006513978185374],[2.854488073450967,42.0064799339557],[2.8545868797582763,42.00641960829709],[2.8547774335807454,42.006304205877946],[2.8549432823367376,42.006204539875014],[2.85512323983694,42.006099635153824],[2.8552572548525306,42.006052494054245],[2.8554335198728396,42.006021176667154],[2.8556097740432684,42.00599511527957],[2.855810665666599,42.00598222528058],[2.855979878062155,42.005953525436496],[2.8560962427211756,42.0059195028212],[2.8562126439728885,42.00586971038047],[2.856350286634393,42.00577526418722],[2.856473845874439,42.00567554393521],[2.856474066205904,42.005675298328995],[2.856572761225397,42.00556527929036],[2.8565729670793836,42.005565027361186],[2.8567252536749073,42.00537870229416],[2.856725467974619,42.005378453077256],[2.856889526468784,42.005189889012506],[2.8568897311127515,42.00518963708126],[2.8570801214525194,42.004953854838405],[2.8572980780860897,42.005052983958535],[2.8574454511940743,42.00503065042458],[2.8578137405279382,42.00512309757926],[2.8578137105934784,42.005122983157634],[2.8577256942749685,42.00481414571822],[2.857247285931155,42.00467622097569],[2.8563825768028344,42.00437302757958],[2.8555186611204015,42.003726493930095],[2.854359300166743,42.003464113178815],[2.853531231560377,42.00325707280691],[2.8529800031469974,42.00276198629215],[2.8522263853687826,42.00221170600986],[2.85040473391746,42.001742433131305],[2.8478248789550045,42.00150982894805],[2.8473978706975243,42.001235849557446],[2.8462989335517137,42.00091540076297],[2.84599439306458,42.000527644843565],[2.845812587877146,41.99991219971552],[2.845202701327343,41.99947846818177],[2.8437052670915186,41.999749873418274],[2.8433988569546806,42.000136798233285],[2.841107463617235,42.000293162911774],[2.8401324717674146,41.99989598978632],[2.8398850555985673,41.99990784088392],[2.8393786840591435,41.99997248944354],[2.838589957828169,42.000051258748044],[2.8378889294756355,42.00010110902629],[2.837324223031103,42.000136619635796],[2.8369541791705912,42.00017966258537],[2.8366231609496437,42.00019371249919],[2.8363700070835605,42.000215140850806],[2.836223938233825,42.00022945219217],[2.836019494580708,42.00023642961215],[2.835776128594247,42.00023608351625],[2.8354937896613337,42.00024294043184],[2.8351920182320125,42.00024250938528],[2.834958364493637,42.00024943396891],[2.834734444138091,42.000256372990755],[2.834510542546982,42.0002560513315],[2.8343255819380073,42.00025578634317],[2.8340724703923,42.000255421669415],[2.8336928169649376,42.00025487498349],[2.832933477873442,42.000261036267815],[2.8319113260387003,42.00025955043729],[2.831669490806882,41.999671034819485],[2.8314844552856817,41.99969981073518],[2.8314842074331144,41.99979420921656],[2.831462166897965,41.99980862985319],[2.831417099334731,42.00002776335606],[2.8312158436110852,42.00019509153791],[2.831162654631916,42.00041970344612],[2.830678961487106,42.0007078833319],[2.8302717634385117,42.00100329765882],[2.830089313766186,42.0012847849552],[2.8302470720428876,42.0012992840003],[2.830414370978388,42.00131736266063],[2.8305769193321044,42.00132830259138],[2.830734542894946,42.00138915805395],[2.830834864793392,42.00142497141372],[2.831035909585517,42.00133967630015],[2.8311745391152443,42.00135414591379],[2.8312939381678324,42.0014042444723],[2.8314276003580456,42.00149003923745],[2.8315422181542558,42.001540139522135],[2.8318339640413517,42.001512033276995],[2.8322023571441792,42.00143053698298],[2.8323761243466117,42.00242994024039],[2.8323780490481187,42.0024410131364],[2.8326174435914444,42.0026559974534],[2.834049965036848,42.00356012119188],[2.8341411972769652,42.00395012243962],[2.834157014409146,42.004796133363335],[2.83305845070576,42.005308594073774],[2.8340962773927276,42.005952664957064],[2.835539751705432,42.00606182216984],[2.8373856249670646,42.00689978206014],[2.8380776564892587,42.007286295477755],[2.839488326585929,42.008980350809615],[2.8396302491351135,42.00996581443346],[2.839772216484617,42.010929859970126],[2.84044085486968,42.01334943575076],[2.840459084874599,42.01341539872237],[2.8397047202216603,42.01482800145751],[2.8387179820148805,42.01675431927509],[2.837675932963784,42.01769527697971],[2.836345367497167,42.01850731822486],[2.8352456919264832,42.01936250028883],[2.834060470002795,42.01978917460071],[2.8333351985882596,42.02000965637028],[2.832639431686102,42.02025300657903],[2.832361035632897,42.02038589218101],[2.831864024986923,42.02057029115671],[2.831526061830172,42.020695674099734],[2.8314163548670765,42.020873232770334],[2.831664211126942,42.02102909419813],[2.831941932599757,42.02115538591645],[2.8325173831869637,42.021356152560905],[2.8332724383736534,42.02123136158988],[2.8337193908255536,42.0212023934161],[2.8342559354586467,42.02109208702842],[2.8350405416028757,42.02105619460912],[2.8356267271464484,42.020945954038616],[2.8364016217850643,42.02082858243617],[2.836600117921098,42.02087329397896],[2.8367389357512067,42.02095493756633],[2.8368680322530766,42.02095512020701],[2.8372257624430746,42.0208667749304],[2.8376330970710137,42.02079329750956],[2.837951116422041,42.02069748133343],[2.838351718446021,42.020534059738196],[2.838527551224609,42.02051316775449],[2.840195960918393,42.02047846553609],[2.8416359940148017,42.02043602346807],[2.8416050014667174,42.020924708453016],[2.8425357173234014,42.02204411349842],[2.8428797785124473,42.02348113317692],[2.8430157987300078,42.02471052741766],[2.8431832197789166,42.02528833310214],[2.8434210290885518,42.02551080433022],[2.8435796167707843,42.025636897127384],[2.843787844775686,42.02577046791972],[2.844184727835758,42.02592650491096],[2.8444427075706096,42.026023124812895],[2.844810068215114,42.02606063749602],[2.8450880462869597,42.02610544085933],[2.845425709100532,42.02610589426708],[2.8456938345993414,42.02611365666707],[2.845974629789306,42.0260571641792],[2.8463648294905814,42.02589492571717],[2.8465387001830287,42.02582599554176],[2.846568913269042,42.025648325336256],[2.846609068841262,42.02547066029822],[2.846631639526026,42.025231394354655],[2.8468115002387164,42.02509776546642],[2.8470526511463743,42.024970748680325],[2.8471839437434565,42.025003573464616],[2.847275409422866,42.02507167720358],[2.847424191422995,42.02515333007982],[2.847573330761525,42.02507947395299],[2.848011199862133,42.02470240408155],[2.849161072647469,42.02372312630037],[2.8502595250102036,42.02285853221571]]]}},{"type":"Feature","id":"170792--sector--mas-xirgu","properties":{"name":"Mas Xirgu","officialName":"Sector de Mas Xirgu","municipality":"Girona","kind":"sector","quality":"official","parentName":"Mas Xirgu","code":"1718"},"geometry":{"bbox":[2.7983685126513893,41.948506113492385,2.8109362718927655,41.97208659468051],"type":"Polygon","coordinates":[[[2.8109591879263855,41.964335896958154],[2.8092663571855137,41.96007688425409],[2.8088641143594892,41.95901336760166],[2.8082515436467452,41.95739367951865],[2.808308447686004,41.95697410146607],[2.8076511354347518,41.955426034802976],[2.8054831197890917,41.949750213204965],[2.8054463024915703,41.94951420392162],[2.805444420652926,41.94950179484697],[2.8054443840206265,41.94950154169546],[2.8050121892239153,41.94957222388152],[2.805011869335926,41.949572276478044],[2.8033928109027824,41.94851512677625],[2.803392350943888,41.94851482606409],[2.8032394715374087,41.94864005512594],[2.8032387373416454,41.94864065641884],[2.803178893186494,41.94887653050552],[2.8031659690062187,41.94890911005541],[2.803165955634969,41.948909142456756],[2.803133903518648,41.94898993832807],[2.8031011699760273,41.94904122062855],[2.8029779291534327,41.949098652365585],[2.802925338505806,41.94912569852223],[2.802805124237033,41.94918752245165],[2.8026469012025688,41.94926295226226],[2.802545341893481,41.9493113690225],[2.80229291347426,41.94944146213227],[2.8022927781279865,41.9494415321518],[2.802311318099134,41.94945890115198],[2.802333909623399,41.94950359006776],[2.802353829265513,41.94957310596527],[2.8023650044014357,41.94967884633056],[2.802356975842276,41.9498043432486],[2.8023639224206893,41.949857264405054],[2.8023872223401476,41.94990898879127],[2.8024532594270855,41.94997376002128],[2.802562711422306,41.95000247443656],[2.8026480663331212,41.95001801910525],[2.8027383358740168,41.95005221880933],[2.8028348762769575,41.95013796037615],[2.802888114619866,41.95020682545494],[2.8028921916253156,41.95028667720692],[2.802932194711749,41.95035781445876],[2.803053020751647,41.95050909182977],[2.8032006418820576,41.95068518623718],[2.8033059996232774,41.950754978966955],[2.8033497989653937,41.950816786185136],[2.8033407396827195,41.950902147352224],[2.803338159166988,41.950941700531054],[2.803441294305696,41.95108595254205],[2.8034718789401323,41.951171631964726],[2.803476955843369,41.95123731419155],[2.8035031444891114,41.951304343931575],[2.803573218312352,41.95138972792835],[2.8036035865618882,41.951543251098684],[2.8036201260042057,41.95168084380484],[2.8035309474276766,41.9518165812987],[2.8035307922639143,41.951816817009714],[2.803438079524537,41.95188060706298],[2.803352278012312,41.951969843905],[2.803352142445901,41.95196998417793],[2.8033326839505106,41.95208113722237],[2.803359925116574,41.9521830392723],[2.803397580512934,41.95221301333063],[2.8034643712868728,41.95224642558754],[2.803638923449031,41.95231322729203],[2.803796123094941,41.95245161884935],[2.8039758430566204,41.95263290359342],[2.804178504299182,41.95291012730558],[2.8041910206540495,41.95300419158661],[2.8041886831477463,41.953101678311526],[2.804222006680998,41.95321522000974],[2.8042778778997186,41.95329681181296],[2.8042937058027158,41.95333748438967],[2.8043139542487445,41.9534398336156],[2.8043105937095345,41.95360990387059],[2.8043593060651424,41.95369681361273],[2.804421351315325,41.9537612778447],[2.8045492144868356,41.9538264701655],[2.804815788694499,41.95390513633493],[2.805067730285442,41.953932982661755],[2.8050684148021534,41.95398117075467],[2.805401018493779,41.95491213057452],[2.8053966232844854,41.95491434328465],[2.803331595978357,41.95611190383608],[2.803566157190479,41.95635098375637],[2.8007632948540895,41.95787004679658],[2.800763210244136,41.957870092584066],[2.8003727188638314,41.95748349038617],[2.8003722485092815,41.95748302482115],[2.7983380572501804,41.958168484595255],[2.7991058799362842,41.96035486237361],[2.7988018495048275,41.960718201630456],[2.798802023909687,41.960719150344076],[2.7989558904881773,41.961554865487436],[2.7991827158027713,41.96278681270831],[2.7990770761191155,41.962847228699864],[2.7990768911504156,41.962847334655464],[2.799092907207152,41.962936133818054],[2.7991836466780255,41.96309681123226],[2.7992993966949467,41.9631807013727],[2.7996072434327326,41.96331224815177],[2.8003815901155757,41.96349892386997],[2.8006210984504207,41.9635792233448],[2.8007776234225528,41.963654672342656],[2.8008305275710788,41.96369461886351],[2.8008278781525133,41.963702536577394],[2.800802732436343,41.96377767113435],[2.8008375911412036,41.96385535151254],[2.8009187813116,41.96383718977239],[2.8033050965915054,41.966028339157965],[2.803389872475444,41.96655362179234],[2.8038282768610405,41.96701688181644],[2.80406712635094,41.96736044547961],[2.8046652472512,41.96789857641003],[2.8046447961873597,41.96804773870643],[2.8048224585983124,41.968794030789994],[2.806317414475308,41.97027361166568],[2.806256439113696,41.970601750176726],[2.806415479017377,41.97090040979949],[2.8068548791545385,41.97105034417917],[2.8074142701589713,41.971185561309326],[2.808193411389242,41.97138082059909],[2.808532403579991,41.97167977685628],[2.808691145471431,41.97208287544655],[2.8089241985713684,41.97192397004948],[2.8090101371405547,41.97169505268007],[2.8089943722080397,41.971262353242615],[2.808808081292007,41.970829369914476],[2.808707021551596,41.97040925477681],[2.8086911447481246,41.970014724549614],[2.80838635820274,41.96928885276093],[2.808183899563757,41.968563150183826],[2.808458066507563,41.968118205290494],[2.8085784503035156,41.96777480808452],[2.80895507980095,41.96727913489144],[2.8090569889514376,41.96695782687837],[2.809314866455639,41.966707074417855],[2.809554496868222,41.96640205175957],[2.8097092023747643,41.96598236025863],[2.8096079451726483,41.96562586867756],[2.8097728736132455,41.96485895620665],[2.8103722262589894,41.964592830968016],[2.8109591879263855,41.964335896958154]]]}},{"type":"Feature","id":"170792--sector--gavarres","properties":{"name":"Gavarres","officialName":"Sector de les Gavarres","municipality":"Girona","kind":"sector","quality":"official","parentName":"Est","code":"1714"},"geometry":{"bbox":[2.8443771530904525,41.96752064618256,2.89778014472128,42.007587414750276],"type":"Polygon","coordinates":[[[2.862966086957783,42.00688734047195],[2.8622257826900723,42.00354948801692],[2.8616218061893357,42.00085847176062],[2.8616380810053137,42.000792568003874],[2.861710679418696,42.00068518707063],[2.861722265410867,42.00062766195487],[2.8616828026691423,42.000571232696124],[2.861686709228455,42.00041160238668],[2.8616833190688444,42.000248030070665],[2.8616819723377964,42.00017907432442],[2.8616839556160385,42.00014534135083],[2.8616948409447254,42.000112468431006],[2.8616950297607486,42.00011226060454],[2.8617156869255513,42.00008953555578],[2.8617531789524513,42.00006165915158],[2.8618131215574625,42.000038773335476],[2.8618780290963004,42.000027682285626],[2.862003230850833,42.00001141821361],[2.862067383505718,42.00000263455738],[2.862169547987405,41.999983489309614],[2.86219978459144,41.99997159628181],[2.8622335926488653,41.99995197531027],[2.862278367956337,41.99992516125404],[2.8623466504894983,41.99989263632359],[2.862446271919282,41.99985660658709],[2.862487803795347,41.99984325893072],[2.8625243389279573,41.999833940261475],[2.8625722815619996,41.999825486367556],[2.8626247877819813,41.999817888144115],[2.8626807141147594,41.999811146018395],[2.8628428779199564,41.99975005673347],[2.862974211699775,41.9996982928513],[2.8630952721509066,41.99964821882662],[2.863210422397761,41.99959959130725],[2.86323927700499,41.9995810629487],[2.863271362569062,41.999559807610126],[2.8633717918311925,41.99947472862893],[2.863465222419993,41.999387373356214],[2.8635856874846066,41.999285446726496],[2.8636630948132837,41.99922398892992],[2.8637208117491233,41.99918302309133],[2.863721024793268,41.99918277385959],[2.863751523622791,41.99914726255133],[2.8637517173705036,41.99914700248864],[2.8637707142618614,41.99912153346616],[2.8637868302029985,41.999077921595756],[2.8638121037128457,41.99899794446221],[2.863831630232832,41.9989375355946],[2.863845368669222,41.998915422509896],[2.863845442419583,41.99891537756405],[2.8638647917274236,41.998903529725084],[2.863896765595544,41.99889250294801],[2.8640122085854283,41.998886363915204],[2.8641320505565,41.99888748214091],[2.864202792574047,41.99888072708463],[2.864282724357217,41.99886323519421],[2.8643281547610187,41.99885126319373],[2.8643770923995895,41.99883208278002],[2.8644271167217905,41.998808916377286],[2.864475427900887,41.998783349454754],[2.864516080429765,41.998759948583256],[2.8645698570138336,41.998723863780555],[2.864624954831837,41.99868191807084],[2.8646761235565954,41.99863996770273],[2.864728597288114,41.99860095051949],[2.8648097420503222,41.99855950285601],[2.8648451590869146,41.9985382654074],[2.8648453745413005,41.99853801527573],[2.864881685924514,41.99849582215497],[2.8648817513244604,41.9984957285626],[2.864926727440586,41.99843118657347],[2.864926926005374,41.99843092921641],[2.8649779486018407,41.99836481274997],[2.8649781411347384,41.99836455268374],[2.8650454014184747,41.99827379592827],[2.8650454776696574,41.99827370955389],[2.8651197395426022,41.99819217300422],[2.8652434006620253,41.998065045008055],[2.865317549241352,41.99799749194741],[2.8653887621638248,41.99793806931789],[2.8654395329954596,41.99791080711264],[2.8655156575811622,41.99788462656855],[2.8655551205771603,41.99787521489038],[2.8655847224884847,41.99786579255331],[2.8656044822170244,41.997847951862106],[2.865717952457556,41.99774138264667],[2.8657834126931334,41.99766981655398],[2.8657834454412288,41.99766974634026],[2.865794510418711,41.99764613388369],[2.8658001070231722,41.99761214205289],[2.865797620289662,41.99748026800211],[2.8657894342874592,41.99743183677751],[2.865779887700444,41.99737413159518],[2.865760708929047,41.997298901679756],[2.865764244292011,41.99725924134251],[2.8657794935103986,41.99723247243742],[2.8657797041327298,41.997232219596256],[2.865811338311565,41.997194390738805],[2.8658528672044508,41.99714910780698],[2.8658530814465717,41.9971488558706],[2.8658860965732247,41.997109997341994],[2.865886107498583,41.99710996943407],[2.865895818414965,41.997084252326076],[2.865901434127589,41.99703995868041],[2.865909824413969,41.9969905164599],[2.8659250939225602,41.996953445728835],[2.8659993036264844,41.99680054057651],[2.866051974015907,41.99671096946524],[2.8660521737782125,41.99671071210755],[2.8660838260798256,41.99666979750733],[2.866083849075304,41.996669771414794],[2.8661297860628925,41.996622577801894],[2.866164222941014,41.9965837829936],[2.866164288355994,41.99658368039381],[2.8661858619799405,41.99654983415755],[2.8662028051387813,41.99652465324205],[2.8661986653257276,41.99648527305434],[2.866169210079471,41.9964348373898],[2.866116568928773,41.99636547508065],[2.865983843389336,41.99622356781945],[2.865949089416993,41.9961833637933],[2.8659301556155383,41.99615026558321],[2.8658902457744286,41.99605099246892],[2.865862902702631,41.99600055918959],[2.8656706682939914,41.99554121210975],[2.865635195582635,41.99533956704514],[2.8656459649326207,41.99523877607023],[2.8656640708486387,41.99516240806579],[2.8656790147405844,41.99508367390741],[2.86569396642656,41.995001789220915],[2.865713223029424,41.99488053419357],[2.865724037315757,41.994757694018766],[2.8657348172499026,41.99465060377012],[2.8657413066814166,41.99457658460902],[2.865741429156795,41.99451830887153],[2.865724811683285,41.994387561167756],[2.865708252666184,41.994228463218725],[2.865555264331424,41.99423063489103],[2.8664678146441713,41.993178819681134],[2.8689430224050434,41.991275057593576],[2.8689431517898507,41.991274958667816],[2.8741919091959343,41.99158705785475],[2.876784745302249,41.992458113832484],[2.8823031190651123,41.991771577936525],[2.8851123539400096,41.99142197525716],[2.895888807765823,41.98771519634471],[2.895889166069563,41.98771460673176],[2.8978170028277748,41.98453939808832],[2.89781701977436,41.98453936928202],[2.897801924774612,41.98453132818194],[2.865938440130269,41.96754784785011],[2.863636247798848,41.96844760938771],[2.863635979821166,41.96844763338753],[2.8619644001120723,41.9685978249483],[2.857460968874962,41.968851715441005],[2.8545291227928944,41.96846435197966],[2.8503678408336457,41.96782640829204],[2.850367837869829,41.967826643363445],[2.8503676274427967,41.96791656523125],[2.850343609971416,41.96832118850167],[2.850261994936707,41.96869130396492],[2.8500070908584862,41.9691558905618],[2.849601851021287,41.96977526000897],[2.849092389234605,41.970558080799904],[2.8488947949290764,41.97117771944433],[2.848754665461435,41.971892138039635],[2.848636778809322,41.97295958647777],[2.848254578742151,41.97357898111992],[2.8479998151192736,41.97397468876321],[2.8474215784359633,41.97454215924735],[2.8470512110997532,41.9750238169072],[2.8464714663178627,41.97621978708086],[2.845867253570274,41.97714991549211],[2.8456755015507347,41.97736655904387],[2.845092058093014,41.977953969287775],[2.844853621411878,41.97823186603602],[2.844680121597269,41.978469526259325],[2.8445606914433728,41.97869516433639],[2.844484735338839,41.97885294977975],[2.8444520649277454,41.97892081601776],[2.8443917391478855,41.97928765989994],[2.8443534502953374,41.97947711789965],[2.8443497476947015,41.97962006716459],[2.844347367458288,41.979755327400994],[2.8443578994042578,41.97987227561352],[2.8443737878030277,41.98000536207595],[2.8444273877419977,41.98018284861129],[2.8444703228798973,41.98030790170279],[2.8445293998049226,41.98045716861919],[2.8445939937287807,41.98056611999733],[2.8446315585544686,41.98067100876804],[2.8448038357311183,41.980941396687925],[2.84493317872884,41.98109075744735],[2.845132687302914,41.981272474707986],[2.8454239841771787,41.98149060320909],[2.8456181739586417,41.9816360154793],[2.8457800506271154,41.98174107005673],[2.8460120745110475,41.981886532472956],[2.846249622558586,41.981983625968724],[2.84657351340804,41.98213324433918],[2.8468704831126277,41.982238476934256],[2.847124208231476,41.98235171307142],[2.847437299117589,41.9825013146143],[2.847549138168373,41.9825636354775],[2.8479607252563874,41.9828286069604],[2.848448320226245,41.983282547627326],[2.848731552377663,41.98366830665029],[2.848878711914856,41.98404543943522],[2.84901573782176,41.98462026450516],[2.849004220103012,41.98491863283645],[2.8486723951350097,41.985837521106845],[2.8478312260023197,41.987304109863906],[2.847478286481421,41.98799716875711],[2.8472766565380914,41.988690435978505],[2.847344770524577,41.9895937264932],[2.8477046355303655,41.99054577731345],[2.848683778708778,41.99247040039256],[2.8495520905097664,41.99444871208828],[2.8497580170341723,41.995362844701965],[2.8498314195805325,41.996330645395425],[2.8496050142966842,41.99793490869401],[2.8491276018192195,41.99910786532723],[2.8478248789550045,42.00150982894805],[2.85040473391746,42.001742433131305],[2.8522263853687826,42.00221170600986],[2.8529800031469974,42.00276198629215],[2.853531231560377,42.00325707280691],[2.854359300166743,42.003464113178815],[2.8555186611204015,42.003726493930095],[2.8563825768028344,42.00437302757958],[2.857247285931155,42.00467622097569],[2.8577256942749685,42.00481414571822],[2.8578137105934784,42.005122983157634],[2.8578137405279382,42.00512309757926],[2.859796496494414,42.005620779968694],[2.85992423472132,42.00574162510139],[2.861833132596282,42.007549776385034],[2.8619209916469677,42.006952123114615],[2.861917089080567,42.00688603840076],[2.8620959528410146,42.0068833622792],[2.8621692144307036,42.006868265048546],[2.862966086957783,42.00688734047195]]]}},{"type":"Feature","id":"170792--sector--la-creueta","properties":{"name":"La Creueta","officialName":"Sector de La Creueta","municipality":"Girona","kind":"sector","quality":"official","parentName":"Sud","code":"1663"},"geometry":{"bbox":[2.8308525601398835,41.965489475130155,2.8452968318421794,41.973484014536346],"type":"Polygon","coordinates":[[[2.8362143854834794,41.96993221426716],[2.8363232367134055,41.96948222217019],[2.8363451888046547,41.96932148275513],[2.8369918341626277,41.96917771527847],[2.837659774592437,41.96913042625236],[2.838305726365111,41.96925995007198],[2.839318584944858,41.96911667296515],[2.840373724400319,41.96929497634384],[2.8416663977685697,41.96924853632735],[2.842506364539788,41.96933006216624],[2.8432609339919606,41.969089944580844],[2.843994045510735,41.96881763800132],[2.84474904239908,41.968400663464855],[2.844986737604524,41.96809552013265],[2.845289417594649,41.967645779109276],[2.845311463160483,41.967436816992695],[2.844732475382579,41.967003160057224],[2.8447321224462687,41.9670028839744],[2.843468356997597,41.96688083456596],[2.8394563662212167,41.96668137446661],[2.839126666691499,41.96666497647197],[2.8387048322487622,41.96644281938375],[2.838751230202382,41.96622942536839],[2.836765052858427,41.966123041364966],[2.8347907535434373,41.965625748553784],[2.834795808103186,41.96551675562628],[2.8347953147434173,41.96551666665054],[2.8346624900934976,41.96549502504628],[2.8345662177696127,41.96585727435374],[2.8344612149984934,41.9665021570494],[2.834419877226575,41.967960433253474],[2.8332976821958376,41.96798344627002],[2.8332188938002836,41.96801787259001],[2.833159581095316,41.96803405343767],[2.83308251351705,41.96803289663769],[2.8330278055847278,41.96826975760561],[2.8331407653957363,41.96828033359493],[2.8330903097683393,41.96840420163697],[2.833043950949248,41.96849353576737],[2.8329868762802946,41.96859158990064],[2.83294724100007,41.968652634677525],[2.832871919228079,41.968754832306686],[2.832764212974105,41.96887638407569],[2.832393144276021,41.96925995942069],[2.832326040415462,41.96932972289852],[2.831817008827186,41.969642838823624],[2.8316445396000747,41.96977752549045],[2.831485366401629,41.969863100703876],[2.8314205492505815,41.96983305823276],[2.83131667464036,41.969909976986315],[2.831089251990094,41.97004512336071],[2.8308401121933304,41.97019497226289],[2.831730794844708,41.970743601817915],[2.8317386968250835,41.97074854006949],[2.831746504444537,41.9707535628453],[2.8317542153010873,41.97075866563847],[2.831761826969066,41.97076385294886],[2.831769341876513,41.97076911937598],[2.831776752781966,41.97077446490929],[2.8317840633085147,41.97077988865339],[2.8317912674263517,41.97078538879815],[2.8317983663376296,41.97079096714668],[2.8318053600589352,41.97079661739436],[2.831812243753115,41.970802343136754],[2.8318190174296816,41.97080814077126],[2.8318256810885853,41.97081401029789],[2.8318322323207363,41.97081994991177],[2.8318386663032094,41.97082595780453],[2.8318449890658255,41.97083203578634],[2.831851193386018,41.9708381766413],[2.8318572792495695,41.97084438577342],[2.831863246670687,41.97085065777871],[2.831869093235489,41.97085699265368],[2.8318748189487195,41.97086338859695],[2.8318804250172596,41.97086984561038],[2.831885903002155,41.970876360078925],[2.831891257726311,41.970882933810984],[2.831896486790072,41.97088956139905],[2.8319015901839455,41.970896246445804],[2.831906564301347,41.97090298354197],[2.8319114067284423,41.970909772684024],[2.831916122292839,41.97091661387902],[2.831920706176322,41.97092350351728],[2.8319251583788723,41.970930441598796],[2.8319294776982495,41.970937426320475],[2.831933664139163,41.97094445588101],[2.8319377152924825,41.97095152847557],[2.831941631158172,41.97095864410415],[2.831945409329453,41.97096580006121],[2.8319490522224835,41.970972995449614],[2.8319525574210402,41.970980231166564],[2.8319559261485523,41.97098750090915],[2.83195915236802,41.97099480556919],[2.8319622397048865,41.97100214335068],[2.831965190570611,41.97100951515783],[2.831967997730707,41.97101691827805],[2.8319706624062557,41.97102434730911],[2.831973186999221,41.9710318067579],[2.831975566700785,41.97103928941201],[2.831977803915312,41.97104679887766],[2.8319798986522082,41.97105433155216],[2.8319818509208843,41.97106188383291],[2.831983655888878,41.97106945751411],[2.8319853183932864,41.971077049000236],[2.8319868336064,41.97108465828417],[2.831988206367661,41.9710922808697],[2.831989433049153,41.97109991945348],[2.8319905184950978,41.971107567737924],[2.8320497238303415,41.97155753045776],[2.831899163261759,41.9719335941553],[2.8319151398091456,41.97193395439807],[2.8319151184173768,41.97194209102652],[2.831931113121699,41.97196952005304],[2.831980298169746,41.97203253992578],[2.832034075643626,41.97209513687582],[2.832079278972464,41.972144448074715],[2.832089491093036,41.9721687459948],[2.8320963328927626,41.972176702619024],[2.8321370897977705,41.97223755749299],[2.8319872711709158,41.972256019151395],[2.832062108523378,41.972525519254994],[2.8319009925146497,41.972651243157074],[2.8317803087387663,41.972696316983544],[2.8317636429071316,41.97270464177972],[2.8316655340876125,41.972744128379176],[2.8316812401204188,41.97282301592972],[2.831713433267782,41.9728849373949],[2.8317476664242833,41.97294082734698],[2.8317838494726195,41.973025392093454],[2.8315272705859416,41.97311990150989],[2.831758657209928,41.97346497338393],[2.8318104361359455,41.97344666566486],[2.8324145480950125,41.973109938134655],[2.8333414364730682,41.97274169360066],[2.8333419051204483,41.97274156008105],[2.8342038463750816,41.97266237728729],[2.8351734312096593,41.97261553618688],[2.8356483073574807,41.97226252989535],[2.8358968577238466,41.971949386263],[2.8361454068568652,41.9716362429735],[2.8362545073566894,41.97108978867606],[2.836277813875222,41.97039852901352],[2.8362143854834794,41.96993221426716]]]}},{"type":"Feature","id":"170792--sector--hortes","properties":{"name":"Hortes","officialName":"Sector de les Hortes","municipality":"Girona","kind":"sector","quality":"official","parentName":"Santa Eugènia de Ter","code":"1660"},"geometry":{"bbox":[2.800027388902236,41.97744461079122,2.8097949794331143,41.985699899862745],"type":"Polygon","coordinates":[[[2.8080622932466843,41.97994999795525],[2.8080982784826904,41.979435996532594],[2.8086873089987576,41.979622558964756],[2.8087504852709078,41.97965813709263],[2.808854245481572,41.97967543162457],[2.808998628253546,41.97966877009883],[2.8089803211668096,41.979371634903465],[2.80919682406486,41.979164379806626],[2.808410837704999,41.978920706042],[2.8081284598614236,41.97871720641773],[2.8071341988137797,41.97831403630279],[2.8067066552521096,41.97898773323294],[2.806003571636968,41.97881155171901],[2.805895608952199,41.979080980153626],[2.8052796531262776,41.978934900458604],[2.8052625181908657,41.9789322990823],[2.805395305520022,41.97864659228677],[2.8054115326097153,41.978653971057355],[2.805652092148622,41.97870503130168],[2.8059564719042025,41.978060799121934],[2.8045075531110686,41.97757414006042],[2.8040289569008365,41.977475864421336],[2.8036698508624887,41.977459014491515],[2.8030384799692563,41.97749042379006],[2.802581486049986,41.977449031252185],[2.802211268122538,41.97750524610057],[2.801993489842218,41.977537359656736],[2.801590281834418,41.97769909300201],[2.801372452127037,41.97774744346371],[2.801122249462024,41.97770640090939],[2.8008761213063518,41.977813633121954],[2.8008562741268874,41.9779421368677],[2.800827359473036,41.978038869066026],[2.800924959899561,41.978152738886045],[2.8008048033502964,41.97829058600636],[2.8006630084202704,41.97838780224976],[2.8003688979945287,41.97846850727971],[2.8001224058770298,41.97852634811134],[2.8001144942811593,41.97856548824396],[2.800094533324184,41.97862521291314],[2.8000922474745615,41.97863205222002],[2.800191509259614,41.979030235385544],[2.8002102897833026,41.97953893555185],[2.800126305075542,41.98163275708884],[2.8000384203580357,41.98249968710831],[2.800009683014229,41.983103439171984],[2.800074234055905,41.98314750154229],[2.8000749486360257,41.98314751899876],[2.8008062772546194,41.98317186359665],[2.806361833508175,41.98468440017363],[2.8092608491366846,41.98535058013595],[2.8097081543053295,41.98569975597587],[2.8097959648084605,41.98485375400527],[2.809797510686743,41.984849469383825],[2.808581033693585,41.984568508601996],[2.808178445971254,41.98442466002713],[2.8083067555953574,41.981625643122],[2.8075399550576607,41.981359476091974],[2.807665340761828,41.98114133789627],[2.807767330170154,41.980726280387955],[2.8080622932466843,41.97994999795525]]]}},{"type":"Feature","id":"170792--sector--santa-eugenia","properties":{"name":"Santa Eugènia","officialName":"Sector de Santa Eugènia","municipality":"Girona","kind":"sector","quality":"official","parentName":"Santa Eugènia de Ter","code":"1666"},"geometry":{"bbox":[2.8001356717268635,41.974283640447574,2.811075370636445,41.98485157942744],"type":"Polygon","coordinates":[[[2.811088724233943,41.98033418169781],[2.8110123115993964,41.979368149225266],[2.810724325193767,41.978480615238325],[2.809952560823582,41.97654554728198],[2.8092778646454772,41.976485188644965],[2.8086384341619137,41.976349856321434],[2.8079993321943166,41.976110070285685],[2.807559983244918,41.97593030129179],[2.8067817770493306,41.975406808216704],[2.8060629277337688,41.9750922836245],[2.801289722616638,41.97428564372758],[2.801052279605117,41.97431664428091],[2.8010520936545205,41.97431666827679],[2.8010940945427807,41.97488763085261],[2.801037781124664,41.97502987698222],[2.8009820818275672,41.97517056958855],[2.8005413463447213,41.97601686956797],[2.800348477710005,41.976387206834055],[2.8001273807783242,41.97772015838],[2.8001378972538284,41.97813108200281],[2.8001379262535817,41.97813223040708],[2.8001451438942397,41.97841422911586],[2.800137788901631,41.97845024309505],[2.8001224058770298,41.97852634811134],[2.8003688979945287,41.97846850727971],[2.8006630084202704,41.97838780224976],[2.8008048033502964,41.97829058600636],[2.800924959899561,41.978152738886045],[2.800827359473036,41.978038869066026],[2.8008562741268874,41.9779421368677],[2.8008761213063518,41.977813633121954],[2.801122249462024,41.97770640090939],[2.801372452127037,41.97774744346371],[2.801590281834418,41.97769909300201],[2.801993489842218,41.977537359656736],[2.802211268122538,41.97750524610057],[2.802581486049986,41.977449031252185],[2.8030384799692563,41.97749042379006],[2.8036698508624887,41.977459014491515],[2.8040289569008365,41.977475864421336],[2.8045075531110686,41.97757414006042],[2.8059564719042025,41.978060799121934],[2.805652092148622,41.97870503130168],[2.8054115326097153,41.978653971057355],[2.805395305520022,41.97864659228677],[2.8052625181908657,41.9789322990823],[2.8052796531262776,41.978934900458604],[2.805895608952199,41.979080980153626],[2.806003571636968,41.97881155171901],[2.8067066552521096,41.97898773323294],[2.8071341988137797,41.97831403630279],[2.8081284598614236,41.97871720641773],[2.808410837704999,41.978920706042],[2.80919682406486,41.979164379806626],[2.8089803211668096,41.979371634903465],[2.808998628253546,41.97966877009883],[2.808854245481572,41.97967543162457],[2.8087504852709078,41.97965813709263],[2.8086873089987576,41.979622558964756],[2.8080982784826904,41.979435996532594],[2.8080622932466843,41.97994999795525],[2.807767330170154,41.980726280387955],[2.807665340761828,41.98114133789627],[2.8075399550576607,41.981359476091974],[2.8083067555953574,41.981625643122],[2.808178445971254,41.98442466002713],[2.808581033693585,41.984568508601996],[2.809797510686743,41.984849469383825],[2.810366720592151,41.98327014537599],[2.81103297443319,41.98131971214075],[2.811088724233943,41.98033418169781]]]}},{"type":"Feature","id":"170792--sector--can-gibert-del-pla","properties":{"name":"Can Gibert del Pla","officialName":"Sector de Can Gibert del Pla","municipality":"Girona","kind":"sector","quality":"official","parentName":"Santa Eugènia de Ter","code":"1683"},"geometry":{"bbox":[2.800388946027935,41.96383626981126,2.809957507121672,41.9765459886922],"type":"Polygon","coordinates":[[[2.808648090444226,41.97311227193143],[2.808691145471431,41.97208287544655],[2.808532403579991,41.97167977685628],[2.808193411389242,41.97138082059909],[2.8074142701589713,41.971185561309326],[2.8068548791545385,41.97105034417917],[2.806415479017377,41.97090040979949],[2.806256439113696,41.970601750176726],[2.806317414475308,41.97027361166568],[2.8048224585983124,41.968794030789994],[2.8046447961873597,41.96804773870643],[2.8046652472512,41.96789857641003],[2.80406712635094,41.96736044547961],[2.8038282768610405,41.96701688181644],[2.803389872475444,41.96655362179234],[2.8033050965915054,41.966028339157965],[2.8009187813116,41.96383718977239],[2.8008375911412036,41.96385535151254],[2.8008567391354218,41.963898021633135],[2.800867322855868,41.963921606970764],[2.800867449891523,41.963921890902746],[2.800761899268221,41.96387228341244],[2.800721329707359,41.96385321603068],[2.8006973260272723,41.963870074571396],[2.800653712514275,41.96390070635963],[2.800550621567391,41.96391609272599],[2.8004610579042706,41.96392051521481],[2.8003887130592013,41.963966969503666],[2.8003885377240145,41.96396708178281],[2.800392109828179,41.964001878245064],[2.8005979934855696,41.96406723839699],[2.80066761867263,41.964201435111576],[2.8007504983621723,41.96466022897195],[2.8007793883332095,41.964989798863655],[2.800874714982778,41.96598367163521],[2.8009704612804565,41.96662768177461],[2.8010787199168767,41.96695273797581],[2.801143246760981,41.96709738319769],[2.8011486970697677,41.96712915031032],[2.8011661006717397,41.96723057533186],[2.8012793991223126,41.96766579574015],[2.8013215665584417,41.96769540713491],[2.8013403754915687,41.96770861560277],[2.8013898897511806,41.967781941155195],[2.8017623442815425,41.96847846326349],[2.80186706829552,41.968704834988785],[2.802272623940622,41.969796711544866],[2.8023972178200216,41.97002339165998],[2.8023973426332778,41.97002361974454],[2.8024713192796264,41.970158208206655],[2.8024785217350057,41.97017082999094],[2.8024579687039637,41.97019758418343],[2.802394908692548,41.97027966728464],[2.8013610071426562,41.97053277293856],[2.8013610284752715,41.97053289906938],[2.8014120481007954,41.9708426847904],[2.8015055264893736,41.97141027621773],[2.8015453158792814,41.97142295439418],[2.8015814705321462,41.97144012962847],[2.801617611231025,41.97146180818064],[2.801641348400919,41.97148851265021],[2.8016416659229884,41.9714888698644],[2.801686355733245,41.971478139020746],[2.8017090469552026,41.971525719215826],[2.8017091392852325,41.97152591392016],[2.8016552772035292,41.971580459164144],[2.8015626398249918,41.971674271456656],[2.8016768572166604,41.971922066778646],[2.8017196918128904,41.97201499630245],[2.801647901336475,41.9722022117736],[2.801917179698014,41.972796229376534],[2.80201105045067,41.97300330142439],[2.8019996054704133,41.97306895587294],[2.801987779544619,41.97313679378831],[2.8019876455778885,41.97313679175592],[2.801848743043555,41.97313492999154],[2.8012169501866877,41.97312645950839],[2.8012165615603672,41.97312645433214],[2.801311847832932,41.97333497406526],[2.8013772025522132,41.97347799381943],[2.8013638604189426,41.974275964626194],[2.801289722616638,41.97428564372758],[2.8060629277337688,41.9750922836245],[2.8067817770493306,41.975406808216704],[2.807559983244918,41.97593030129179],[2.8079993321943166,41.976110070285685],[2.8086384341619137,41.976349856321434],[2.8092778646454772,41.976485188644965],[2.809952560823582,41.97654554728198],[2.809957507121672,41.9765459886922],[2.809659046130012,41.97605314390591],[2.809401154871968,41.97536640635752],[2.809362939406599,41.97476955795483],[2.808965150966419,41.974067662782055],[2.808766492792883,41.973634659916456],[2.808648090444226,41.97311227193143]]]}}]}
