{"type":"FeatureCollection","municipality":"Reus","source":{"organization":"Ajuntament de Reus · Geoportal","title":"GeoAPI municipal · barris","official":true,"accessedAt":"2026-08-10"},"features":[{"type":"Feature","id":"431233--barri--casc-antic","properties":{"name":"CASC ANTIC","officialName":"CASC ANTIC","municipality":"Reus","kind":"barri","quality":"official","code":"1"},"geometry":{"type":"MultiPolygon","coordinates":[[[[1.106753701720596,41.155737944969324],[1.107254985145178,41.15604413731973],[1.107518866001388,41.15618033578465],[1.10779951021823,41.156309692775544],[1.107997889213684,41.15639869758936],[1.108313128102413,41.15653942968474],[1.108612195056921,41.15666647459857],[1.108667254390022,41.156683140490806],[1.108741330863742,41.15670984573762],[1.108792389819083,41.15671644802452],[1.108924171732484,41.15672995797914],[1.109036313361074,41.15673431853037],[1.109114088149967,41.156721789320144],[1.109218915355692,41.15670462399523],[1.109495907562946,41.156654029662455],[1.109976740416586,41.156568682504194],[1.11078611631107,41.1564137730393],[1.110949141135041,41.15653056712828],[1.111126304267016,41.15665723045767],[1.111331182275457,41.15649475852195],[1.111907057415756,41.15603715115275],[1.11195796144202,41.155990875522036],[1.111791893847576,41.155830527159594],[1.111910182599026,41.15574509138735],[1.111994857154955,41.155555880160406],[1.111996402243259,41.15554770868945],[1.111985986652414,41.15554519627601],[1.111841396616285,41.155371508228455],[1.111681562022418,41.15516838636436],[1.111413045893334,41.154902684742005],[1.110881337604292,41.15435623432828],[1.110706083132999,41.15418816769274],[1.110504300166344,41.15396445068734],[1.11029115260935,41.15373397172212],[1.110178894276976,41.15360503773755],[1.110018577121997,41.15343568351644],[1.10990542242466,41.15332141669031],[1.109849451946323,41.15327429142851],[1.109690731680512,41.15314072241964],[1.108946097405148,41.15276849011427],[1.108674349502793,41.15262856294159],[1.108235023487945,41.15312046040231],[1.107737598875385,41.1536350024994],[1.107659487399259,41.15371568867697],[1.107343265420247,41.1540080158448],[1.107265652916722,41.15409204268121],[1.107207032067376,41.15418286645476],[1.10713119947799,41.15444553969506],[1.107066281952994,41.15465596876929],[1.107022912160058,41.154804960472205],[1.106891419575678,41.155279295330395],[1.106834616609252,41.15550589063451],[1.106753701720596,41.155737944969324]]]]}},{"type":"Feature","id":"431233--barri--ample","properties":{"name":"AMPLE","officialName":"AMPLE","municipality":"Reus","kind":"barri","quality":"official","code":"10"},"geometry":{"type":"MultiPolygon","coordinates":[[[[1.092974149824887,41.15934612616539],[1.093019124518647,41.15942289229195],[1.093108571675905,41.15959071782099],[1.093386061944222,41.159663013358326],[1.093616775175102,41.15956076707922],[1.093839375257561,41.159438432302665],[1.094153382192653,41.15932209118113],[1.094236931527412,41.15929565874406],[1.094327103513992,41.159272907362414],[1.094385514611874,41.159259922189996],[1.094446488628818,41.1592492199043],[1.094539570193737,41.159236886224946],[1.094601946997236,41.15923125118115],[1.094664621284374,41.15922769272234],[1.094793884559553,41.15922694773168],[1.09488343353078,41.15923211769793],[1.094975284151621,41.159241741420026],[1.095010897202881,41.1592466531613],[1.095173981964261,41.159282313649584],[1.095289451221111,41.15930772984133],[1.095775217641207,41.159514814279376],[1.095909245171503,41.15944491141814],[1.096129594652681,41.15946797084077],[1.096510777488982,41.159582351003],[1.096758947612104,41.15969687711678],[1.096959672919966,41.159803504063916],[1.097064948480966,41.159868292837245],[1.097214199473143,41.159974642558225],[1.097290907623178,41.1600338836974],[1.097360235702765,41.1600970883895],[1.097577691976573,41.16030541371368],[1.097715246133025,41.16045333421093],[1.09780931401266,41.16057630353795],[1.098171448366202,41.160888437083365],[1.098440478792658,41.16116417592054],[1.099053218168174,41.16160618140635],[1.099871118064628,41.162195952400616],[1.100562783628774,41.16268743971464],[1.100790876405691,41.162825135884866],[1.101031142003737,41.16292925422319],[1.101424175191135,41.163022195505214],[1.101778266891259,41.16304517751238],[1.102256651322781,41.16300806243498],[1.102357058307354,41.16300223824609],[1.102808600798967,41.16297570829832],[1.102946657665256,41.16285863079821],[1.103090680151292,41.162729583027925],[1.103194791014544,41.162635679804524],[1.103691960444176,41.16217524388214],[1.103893129463144,41.16199380896617],[1.104003841211628,41.16189492598376],[1.10439682542808,41.16153388257241],[1.104687367813254,41.16127005594545],[1.105329380323619,41.16068746518807],[1.105587145664249,41.160446045899704],[1.106137586873677,41.159949339269716],[1.106243433539615,41.159857760268814],[1.106473098874214,41.15967480187315],[1.106757941342979,41.159455918438795],[1.10710599853178,41.15943379789549],[1.107353553899406,41.159221862230524],[1.107444191198127,41.15900410878518],[1.107361873587355,41.15898204104224],[1.10716096406205,41.15885228006042],[1.107179869179826,41.15878332322368],[1.10709324160666,41.15880757278379],[1.106572325395179,41.1584539486648],[1.106603306595136,41.158379515476746],[1.106515747360365,41.15841545896005],[1.105927838987979,41.15801272263187],[1.105584838917481,41.15778874987612],[1.105484397943711,41.15771729269221],[1.105394523091888,41.15765555684171],[1.105113782623957,41.157595819795254],[1.105073888853239,41.157582283805745],[1.104624673572865,41.15754166574001],[1.104238428977311,41.15750370222853],[1.1038747872371,41.15747547670236],[1.10382831013849,41.15747311884849],[1.103282125673605,41.15740430202608],[1.102860583282614,41.15736710457506],[1.102484098577505,41.15733379941812],[1.101416114105115,41.15724731861013],[1.101252703352446,41.15727678524469],[1.101037319493039,41.157773871869864],[1.10080566114693,41.15831446612265],[1.100527320610791,41.15895283223779],[1.100630773347313,41.159047852669495],[1.100502830871682,41.15901268855905],[1.100278403710498,41.15905006628153],[1.10007974113955,41.15909084040226],[1.099943711129554,41.15912531570984],[1.099653403136239,41.159198931860836],[1.09956503590302,41.15920900542945],[1.099533350049699,41.1592166801104],[1.099467402369356,41.15922216891859],[1.099357527993394,41.15922585298261],[1.099284003632651,41.15922130867974],[1.098764026882787,41.15910906363961],[1.097970297267295,41.158938708264145],[1.097562113510009,41.158839020050266],[1.097320979354574,41.1587863125167],[1.097083966096083,41.15873124046294],[1.096957517699553,41.15869807870111],[1.096826281506566,41.158661505059044],[1.096725305477787,41.158629483926646],[1.096599990997098,41.158581838546766],[1.096592372683962,41.15857738927074],[1.096181712603236,41.158476934718585],[1.096112549336745,41.15857721660167],[1.096052644576607,41.15871178936654],[1.095451279565508,41.15866538121875],[1.095062163190515,41.15867724054962],[1.09472355865171,41.15870632643322],[1.094357217607049,41.15877134302145],[1.093979841682044,41.1588799521136],[1.093388829039866,41.159093568077616],[1.093024933326912,41.15925103685849],[1.092974149824887,41.15934612616539]]]]}},{"type":"Feature","id":"431233--barri--poetes","properties":{"name":"POETES","officialName":"POETES","municipality":"Reus","kind":"barri","quality":"official","code":"11"},"geometry":{"type":"MultiPolygon","coordinates":[[[[1.096599990997098,41.158581838546766],[1.096725305477787,41.158629483926646],[1.096826281506566,41.158661505059044],[1.096957517699553,41.15869807870111],[1.097083966096083,41.15873124046294],[1.097562113510009,41.158839020050266],[1.097826861874699,41.15890769933883],[1.097970297267295,41.158938708264145],[1.098764026882787,41.15910906363961],[1.099284003632651,41.15922130867974],[1.099357527993394,41.15922585298261],[1.099467402369356,41.15922216891859],[1.099533350049699,41.1592166801104],[1.09956503590302,41.15920900542945],[1.099653403136239,41.159198931860836],[1.099943711129554,41.15912531570984],[1.099959586963323,41.159121303847535],[1.10007974113955,41.15909084040226],[1.100278403710498,41.15905006628153],[1.100502830871682,41.15901268855905],[1.100630773347313,41.159047852669495],[1.100527320610791,41.15895283223779],[1.10080566114693,41.15831446612265],[1.101037319493039,41.157773871869864],[1.101252703352446,41.15727678524469],[1.101416114105115,41.15724731861013],[1.101298355967635,41.15718557098781],[1.101637644882537,41.15640435734802],[1.101588665200737,41.15618917460914],[1.100779201642566,41.15623899130964],[1.100222929843322,41.156261987198604],[1.099880857334081,41.15627959180688],[1.099075476813784,41.156315862564576],[1.097892672831464,41.15662819687172],[1.097463821024153,41.156728852785086],[1.097154963188104,41.15681259157722],[1.097007086027734,41.15684998107965],[1.096928016368796,41.156869857087585],[1.096915130896361,41.15687306297041],[1.096824724985972,41.15690006078389],[1.096730594696086,41.15692816047957],[1.096722578808774,41.15701999393596],[1.096686982528206,41.15709705049562],[1.096627072577345,41.1571906397739],[1.096593442927419,41.15721611625921],[1.096568220022626,41.157235246124095],[1.096540758724191,41.157261725125835],[1.096475667497568,41.15726650576982],[1.096422797015647,41.15747118247164],[1.09634236164615,41.15781727100179],[1.09628776158238,41.158032277601485],[1.096181712603236,41.15847693471857],[1.096592372683962,41.15857738927074],[1.096599990997098,41.158581838546766]]]]}},{"type":"Feature","id":"431233--barri--escorxador","properties":{"name":"ESCORXADOR","officialName":"ESCORXADOR","municipality":"Reus","kind":"barri","quality":"official","code":"12"},"geometry":{"type":"MultiPolygon","coordinates":[[[[1.091907899412909,41.15713710063931],[1.09230736715011,41.1578996789251],[1.092346717984725,41.15803066700338],[1.09334887332466,41.15777674453242],[1.094370235284951,41.157513672815085],[1.094519658519537,41.15747758964035],[1.095109067907877,41.15733527996888],[1.095525609277508,41.15724433777993],[1.096062182737349,41.15710736592055],[1.096099306199623,41.15713833368482],[1.096208419872376,41.15720210570474],[1.096342893541757,41.15725026296708],[1.096475667497568,41.15726650576982],[1.096540758724191,41.157261725125835],[1.096568220022626,41.157235246124095],[1.096593442927419,41.15721611625921],[1.096627072577345,41.1571906397739],[1.096686982528206,41.15709705049562],[1.096722578808774,41.15701999393596],[1.096730594696086,41.15692816047957],[1.096824724985972,41.15690006078389],[1.096915130896361,41.15687306297041],[1.096928016368796,41.156869857087585],[1.097007086027734,41.15684998107965],[1.097154963188104,41.15681259157722],[1.097463821024153,41.156728852785086],[1.097892672831464,41.15662819687172],[1.099075476813784,41.156315862564576],[1.099880857334081,41.15627959180688],[1.100222929843322,41.156261987198604],[1.100779201642566,41.15623899130964],[1.101588665200737,41.15618917460914],[1.101641890431761,41.156112226478584],[1.101713330728161,41.15603593839096],[1.101985892660412,41.15593656812853],[1.102002666954534,41.15553628408411],[1.102005590570426,41.15510793916641],[1.10200226205447,41.15488423007905],[1.102009831789823,41.15431526560451],[1.102023426369575,41.1540129299127],[1.101906912774645,41.153912291313304],[1.101895635510438,41.15391075462653],[1.100654148468638,41.153610728133245],[1.09999244483705,41.15344310123247],[1.099783477041157,41.15342029295188],[1.099635804717941,41.153404348986506],[1.099041864424342,41.153333491865155],[1.098835329418123,41.153304867133464],[1.098368606584338,41.15324024669933],[1.097992036454283,41.15318602832594],[1.097572726288562,41.15311541980576],[1.09756963743456,41.15312739174073],[1.097565161740755,41.153137806118245],[1.097558678099281,41.15314817033337],[1.097550110326697,41.153158168268014],[1.097545052005976,41.153162922331276],[1.09753949740154,41.15316745461817],[1.0975334721607,41.15317172242376],[1.097527010309482,41.15317568538406],[1.097520153749034,41.153179306632396],[1.097512951420798,41.15318255387323],[1.097505458170983,41.153185400311415],[1.097497733367914,41.15318782538178],[1.097489839344788,41.15318981523864],[1.097472317107081,41.15319367806446],[1.09745001561796,41.15319322839467],[1.09744238058116,41.153192688589144],[1.097434967071208,41.15319179273083],[1.097420941428099,41.15318905012924],[1.09740814780984,41.15318524782887],[1.097396698376075,41.15318063638482],[1.097385999860643,41.15317508962774],[1.097375630259309,41.153168268071376],[1.097365935402844,41.1531601312191],[1.097361460921212,41.15315557462691],[1.097357302001299,41.15315070511142],[1.097353508884369,41.15314553890035],[1.097350130351236,41.15314009794146],[1.097347212353837,41.15313440989002],[1.097344796608458,41.153128507876495],[1.097342919222142,41.153122430041314],[1.097341609430298,41.15311621883888],[1.097340888523622,41.15310992012966],[1.09734076903502,41.15310358209686],[1.097341254242848,41.15309725403857],[1.097342338026027,41.15309098509782],[1.097345467750829,41.153080696953985],[1.097235039025988,41.153153456833],[1.09604569600746,41.152980254745344],[1.09586725365167,41.1529363254112],[1.095724902335616,41.15290127846555],[1.095343646517064,41.15277842760789],[1.094761537191779,41.1525254335844],[1.094327614833114,41.152278848216454],[1.094319084834566,41.152281229368334],[1.094300862335116,41.15228498164763],[1.094282075507352,41.15228764370987],[1.094263452054983,41.15228877720662],[1.09424509547108,41.15228892429315],[1.094226063258973,41.152287709100776],[1.09420350709776,41.15228472427156],[1.094160713291213,41.152272757935584],[1.094131335117155,41.15226254451142],[1.094119318286858,41.15225775217293],[1.093969028111632,41.15252197856792],[1.093900164556263,41.15267793004099],[1.093860169780254,41.152791663363516],[1.093828611199684,41.15290625667642],[1.093797231088908,41.15306823195701],[1.093776825944174,41.15334928653792],[1.09378273955666,41.15347855066285],[1.093799057294004,41.15361068894876],[1.093820915729378,41.153732560262135],[1.093896803813464,41.15385703583525],[1.093945001190018,41.15395826501154],[1.094008382139641,41.15413198456131],[1.094124850400679,41.15440683382102],[1.094289732974881,41.1547342755079],[1.094468179788116,41.15505428472995],[1.094794307703084,41.156254135609835],[1.093569634514785,41.15655533254039],[1.091907899412909,41.15713710063931]]]]}},{"type":"Feature","id":"431233--barri--mare-molas","properties":{"name":"MARE MOLAS","officialName":"MARE MOLAS","municipality":"Reus","kind":"barri","quality":"official","code":"13"},"geometry":{"type":"MultiPolygon","coordinates":[[[[1.097572726288562,41.15311541980576],[1.097992036454283,41.15318602832594],[1.098368606584338,41.15324024669933],[1.098835329418123,41.153304867133464],[1.099041864424342,41.153333491865155],[1.099635804717941,41.153404348986506],[1.099783477041157,41.15342029295188],[1.09999244483705,41.15344310123247],[1.100654148468638,41.153610728133245],[1.101895635510438,41.15391075462653],[1.101906912774645,41.153912291313304],[1.102069166173688,41.153856502965745],[1.102198898379322,41.153647143171334],[1.102265851689622,41.15353204894103],[1.102521869350408,41.15309219464057],[1.103085369447493,41.1521174915084],[1.103157591025324,41.152030406379964],[1.103062682643357,41.15193273636697],[1.103230662025724,41.15193036447494],[1.103564232163245,41.15136675979027],[1.103891061403932,41.15080529511066],[1.103953614522424,41.15068967711527],[1.104040388375945,41.15058958967692],[1.104143506193811,41.15048058321719],[1.104288599887901,41.15040370245612],[1.10439080274752,41.15035962431149],[1.104538192644935,41.150306470511154],[1.104861434129581,41.15020909693979],[1.10496637594015,41.1501774935347],[1.105110018219944,41.15013031240727],[1.105127127717673,41.1500035886741],[1.105099004135592,41.149937282348866],[1.105094039869821,41.14987784181862],[1.104303210693295,41.14942762703098],[1.104061154756019,41.14934582454257],[1.103747589903462,41.14926023387126],[1.103790583832131,41.14920311292822],[1.103790727071056,41.14913186649103],[1.103786462508411,41.14912684229903],[1.103802182824425,41.14908161318532],[1.103795148149695,41.14903619015804],[1.103769250460272,41.14897541463163],[1.103729484152953,41.148936929692645],[1.103652289415591,41.14889053340554],[1.103375419706906,41.14884670895423],[1.103350619312705,41.14884305850006],[1.103322437247314,41.14884097377447],[1.103301831486077,41.14884063495688],[1.1032810832974,41.1488411044626],[1.10326018231624,41.1488427424184],[1.103239252832121,41.14884537071931],[1.103218411361415,41.1488490813556],[1.103197779602721,41.14885378625413],[1.103177471481237,41.148859667437094],[1.10315773039533,41.14886654875848],[1.1031339680316,41.14887651655037],[1.102725142769975,41.148527780722915],[1.102411923495516,41.14826069234361],[1.102042074400432,41.14799864603491],[1.101988079377383,41.14795679985112],[1.101586690145222,41.14757065556882],[1.101162930726878,41.14722383020495],[1.10099219794719,41.14708230510103],[1.100601904388881,41.14675287251699],[1.10002661003551,41.14626870638508],[1.099580845670546,41.14589214852528],[1.099566984530255,41.145943082387234],[1.099516398717154,41.145986565541065],[1.099402688258687,41.14606206589088],[1.099297553941258,41.14609221990008],[1.099128195928746,41.14626273219261],[1.099024694433735,41.14670725477159],[1.098986362104464,41.1468175045448],[1.098950229774341,41.14696715303902],[1.098889647641853,41.14726213880688],[1.098810805179934,41.14756965067036],[1.098607666713049,41.1476048446605],[1.098586066056437,41.147783310039856],[1.09871061284656,41.148011668761086],[1.098538591488005,41.14869555970522],[1.09850384950184,41.14885063538147],[1.098456916925291,41.14906063554609],[1.098386146677528,41.1493533812705],[1.09818243423301,41.14944081579643],[1.098317737097402,41.149636077412],[1.098172761661318,41.15023979712965],[1.098101098566717,41.15052622269242],[1.09794213268682,41.15117844138652],[1.097913973106606,41.15130354055174],[1.097868367988845,41.15145915741937],[1.097845820719671,41.151571468492335],[1.097789281082722,41.15181688917592],[1.097711698889579,41.15213897626975],[1.097513608802342,41.15302853889756],[1.097524353405709,41.1530338444774],[1.097530994425599,41.153037688347766],[1.097537221392644,41.15304186059009],[1.097542994573431,41.1530463229914],[1.097548282303924,41.15305103410441],[1.097553061425854,41.15305595041932],[1.097557317385131,41.15306102754265],[1.097561044012927,41.153066221322675],[1.097564243029008,41.15307148887103],[1.097566923320504,41.15307678944184],[1.097570793701852,41.153087341472094],[1.097572833879393,41.15309761691048],[1.097573274855904,41.15310741706351],[1.097572726288562,41.15311541980576]]]]}},{"type":"Feature","id":"431233--barri--mas-vilanova","properties":{"name":"MAS VILANOVA","officialName":"MAS VILANOVA","municipality":"Reus","kind":"barri","quality":"official","code":"14"},"geometry":{"type":"MultiPolygon","coordinates":[[[[1.099276537579972,41.14565987706625],[1.0993791876518,41.1456703957417],[1.099462238182269,41.1457077037814],[1.099521309941889,41.145750111235074],[1.099567396378671,41.14580068163781],[1.099580371702105,41.14585899335873],[1.099580845670546,41.14589214852528],[1.10002661003551,41.14626870638508],[1.100601904388881,41.14675287251699],[1.10099219794719,41.14708230510103],[1.101162930726878,41.14722383020495],[1.101586690145222,41.14757065556882],[1.101988079377383,41.14795679985112],[1.102042074400432,41.14799864603491],[1.102411923495516,41.14826069234361],[1.102725142769975,41.148527780722915],[1.1031339680316,41.14887651655037],[1.10315773039533,41.14886654875848],[1.103177471481237,41.148859667437094],[1.103197779602721,41.14885378625413],[1.103218411361415,41.1488490813556],[1.103239252832121,41.14884537071931],[1.10326018231624,41.1488427424184],[1.1032810832974,41.1488411044626],[1.103301831486077,41.14884063495688],[1.103322437247314,41.14884097377447],[1.103350619312705,41.14884305850006],[1.103375419706906,41.14884670895423],[1.103652289415591,41.14889053340554],[1.103729484152953,41.148936929692645],[1.103769250460272,41.14897541463163],[1.103795148149695,41.14903619015804],[1.103802182824425,41.14908161318532],[1.103786462508411,41.14912684229903],[1.103790727071056,41.14913186649103],[1.103790583832131,41.14920311292822],[1.103747589903462,41.14926023387126],[1.104061154756019,41.14934582454257],[1.104303210693295,41.14942762703098],[1.105094039869821,41.14987784181862],[1.105106082669431,41.149840298508046],[1.10513569144339,41.1497803450246],[1.10516694973346,41.149737622825626],[1.105202459747399,41.149700374918396],[1.105255652410578,41.14966566931506],[1.105304098874286,41.14964268546481],[1.105371388028941,41.149623343837284],[1.105410466357986,41.14961533855722],[1.105455083319994,41.149609495941704],[1.105538268737938,41.14961338425455],[1.105435240254105,41.14954116391105],[1.105243593762306,41.149160784751736],[1.105018593142413,41.14868059540108],[1.105001550010072,41.1486392415152],[1.10496383364131,41.14856259915365],[1.104935739288421,41.14849944585993],[1.104904284223543,41.148461998608326],[1.104858512916374,41.14841683997134],[1.104071940602871,41.14767016877893],[1.103429101533814,41.147101320363525],[1.103278148525217,41.146955530044835],[1.10302486874657,41.14671611089862],[1.10282892386135,41.14653005792527],[1.102035053436929,41.1457804199799],[1.101283071761486,41.14506780654688],[1.10116992087929,41.1449461450987],[1.100783089219048,41.1445838028493],[1.100497183332888,41.144312565137206],[1.100465321705827,41.14426457127494],[1.100263953457918,41.14407417064988],[1.100147162657098,41.1440830560895],[1.100066637207987,41.144020209011885],[1.099879363102823,41.14394857772909],[1.099784053910962,41.14389017079854],[1.099737092473273,41.143890658227846],[1.099698784295469,41.1439216432539],[1.099640921679519,41.144044001828455],[1.099603307987639,41.144207948027386],[1.099597159991831,41.144334401222864],[1.099595153951092,41.14436265152387],[1.099552808003389,41.14458326658042],[1.099465002205153,41.14489690002979],[1.09934219803804,41.14537461263601],[1.099276537579972,41.14565987706625]]]]}},{"type":"Feature","id":"431233--barri--monestirs","properties":{"name":"MONESTIRS","officialName":"MONESTIRS","municipality":"Reus","kind":"barri","quality":"official","code":"15"},"geometry":{"type":"MultiPolygon","coordinates":[[[[1.103429101533814,41.147101320363525],[1.104071940602871,41.14767016877893],[1.104858512916374,41.14841683997134],[1.104904284223543,41.148461998608326],[1.104935739288421,41.14849944585993],[1.10496383364131,41.14856259915365],[1.105001550010072,41.1486392415152],[1.105018593142413,41.14868059540108],[1.105243593762306,41.149160784751736],[1.105435240254105,41.14954116391105],[1.105538268737938,41.14961338425455],[1.105605936288841,41.1496223320443],[1.105677809219577,41.149646661493264],[1.10574059893018,41.1496802094655],[1.105878714611784,41.14966770530224],[1.106300361710163,41.14937197845612],[1.106818064451135,41.14901774698498],[1.106832659821854,41.14892448935353],[1.106971384813172,41.14891145342184],[1.107174700541506,41.14877382350439],[1.107376376344305,41.14863517549525],[1.107385735411263,41.14854579514057],[1.107498010493434,41.14854916849582],[1.107770059778521,41.1483624937386],[1.107978985497752,41.14822027053005],[1.108224180507901,41.148113860839985],[1.108257434738923,41.148067927832045],[1.108254883666686,41.148011499437125],[1.108232981789262,41.14798159585314],[1.108197654648216,41.14795444454134],[1.108179586074098,41.14794460032564],[1.108098445220481,41.14793597352316],[1.108031640150032,41.147955144554906],[1.107322078696864,41.14736810921105],[1.10632232689638,41.14655039940533],[1.10604186661306,41.14632078907939],[1.105678990136834,41.14603587010083],[1.105406068895352,41.14580944456508],[1.105014346155764,41.14604314837344],[1.104740836143066,41.14621024655168],[1.104703046671128,41.146231513728175],[1.104542155704601,41.14633596851327],[1.104358031112215,41.14646517200827],[1.103609115172031,41.146990876342265],[1.103622003625991,41.14705233879072],[1.103527005920716,41.14711536029788],[1.103429101533814,41.147101320363525]]]]}},{"type":"Feature","id":"431233--barri--mare-de-deu-de-misericordia","properties":{"name":"MARE DE DÉU DE MISERICÒRDIA","officialName":"MARE DE DÉU DE MISERICÒRDIA","municipality":"Reus","kind":"barri","quality":"official","code":"16"},"geometry":{"type":"MultiPolygon","coordinates":[[[[1.099032121315455,41.13991315721121],[1.099529213840015,41.140396580557024],[1.099782868479668,41.14067404504402],[1.099909992571203,41.140996803993346],[1.099933824284136,41.14119518009877],[1.099969587860752,41.14160794966556],[1.100006345672837,41.14218467097724],[1.100047122731345,41.142712908333294],[1.100051729494743,41.14278044992756],[1.100099607528656,41.143492285691046],[1.099782240287592,41.1437216117717],[1.099733420375449,41.143753504541394],[1.099879363102823,41.14394857772909],[1.100066637207987,41.144020209011885],[1.100147162657098,41.1440830560895],[1.100263953457918,41.14407417064988],[1.100465321705827,41.14426457127494],[1.100497183332888,41.144312565137206],[1.100783089219048,41.1445838028493],[1.10116992087929,41.1449461450987],[1.101283071761486,41.14506780654688],[1.102035053436929,41.1457804199799],[1.10282892386135,41.14653005792527],[1.10302486874657,41.14671611089862],[1.103278148525217,41.146955530044835],[1.103429101533814,41.147101320363525],[1.103527005920716,41.14711536029788],[1.103622003625991,41.14705233879072],[1.103609115172031,41.146990876342265],[1.104358031112215,41.14646517200827],[1.104542155704601,41.14633596851327],[1.104703046671128,41.146231513728175],[1.104740836143066,41.14621024655168],[1.105014346155764,41.14604314837344],[1.105406068895352,41.14580944456508],[1.105096116103869,41.14555727931498],[1.104861337804485,41.14538444280142],[1.104554156888767,41.14511890055146],[1.104191754421613,41.14480552117846],[1.103962244843065,41.14464438902342],[1.103849793249829,41.14459768356816],[1.104057808538694,41.144491121873294],[1.104096162733465,41.144418078374805],[1.104163083511969,41.14437719660642],[1.10446169687421,41.14443497763701],[1.104519817675324,41.14431577344708],[1.105175378460735,41.14359586016308],[1.103790500231652,41.14231398685769],[1.102183283098511,41.14124869399179],[1.099391988955041,41.13963490222659],[1.099253205188939,41.13964234354906],[1.099241735540028,41.13968475976188],[1.099224471915324,41.13972563931124],[1.099201903651363,41.13976453988561],[1.099174525279061,41.13980083910987],[1.099143064324561,41.139834098596914],[1.099108364813448,41.13986397195422],[1.099071024802732,41.13989037895988],[1.099032121315455,41.13991315721121]]]]}},{"type":"Feature","id":"431233--barri--pastoreta","properties":{"name":"PASTORETA","officialName":"PASTORETA","municipality":"Reus","kind":"barri","quality":"official","code":"17"},"geometry":{"type":"MultiPolygon","coordinates":[[[[1.103849793249829,41.14459768356816],[1.103962244843065,41.14464438902342],[1.104191754421613,41.14480552117846],[1.104554156888767,41.14511890055146],[1.104861337804485,41.14538444280142],[1.105096116103869,41.14555727931498],[1.105406068895352,41.14580944456508],[1.105678990136834,41.14603587010083],[1.10604186661306,41.14632078907939],[1.10632232689638,41.14655039940533],[1.107322078696864,41.14736810921105],[1.108031640150032,41.147955144554906],[1.108098445220481,41.14793597352316],[1.108179586074098,41.14794460032564],[1.108197654648216,41.14795444454134],[1.108232981789262,41.14798159585314],[1.108254883666686,41.148011499437125],[1.108257434738923,41.148067927832045],[1.108224180507901,41.148113860839985],[1.107978985497752,41.14822027053005],[1.107770059778521,41.1483624937386],[1.107498010493434,41.14854916849582],[1.107385735411263,41.14854579514057],[1.107376376344305,41.14863517549525],[1.107174700541506,41.14877382350439],[1.106971384813172,41.14891145342184],[1.106832659821854,41.14892448935353],[1.106818064451135,41.14901774698498],[1.106300361710163,41.14937197845612],[1.105878714611784,41.14966770530224],[1.10574059893018,41.1496802094655],[1.10579265882078,41.1497346585996],[1.105816049120655,41.14977080220781],[1.10584248229388,41.14982546101602],[1.105858648717822,41.14988076189909],[1.105860992759019,41.149915298858666],[1.105854147410468,41.1499627456986],[1.105845509817271,41.149989626160426],[1.105829130096374,41.15002052290678],[1.105803718716389,41.15005469416384],[1.105779658782754,41.15007915958043],[1.105753431471529,41.150100256649615],[1.105721753506651,41.150120273384495],[1.105688102324343,41.150134312800226],[1.105908496703686,41.15041022665944],[1.106570321612071,41.150942262236285],[1.1071503243781,41.15048141320549],[1.107714179994733,41.149976700306254],[1.108013343663293,41.14970913270588],[1.1082572045155,41.149491639439084],[1.108493992850526,41.1492838477708],[1.108604913095026,41.149185117931275],[1.108957539200595,41.14886881908927],[1.109058250835284,41.148793456506716],[1.109509482215953,41.14857071259689],[1.109597388761613,41.14853044882583],[1.109955363441268,41.14837652288436],[1.110048385943223,41.14833652273877],[1.110671459354168,41.14805506879045],[1.111044135445995,41.14801733880264],[1.111712953757898,41.14714813931407],[1.111814429679371,41.1470126170724],[1.111973402729007,41.146725179545484],[1.112048652838206,41.14651509658188],[1.11215084741537,41.146229611865536],[1.112161981481916,41.14621114867714],[1.112168554452565,41.14620215873143],[1.112175225896591,41.146193890992315],[1.112182498017418,41.14618545293437],[1.112190598708795,41.14617720858474],[1.112199048974998,41.14616924017877],[1.112208206128646,41.14616155356389],[1.112217712857027,41.14615414289243],[1.112228048155442,41.14614692592871],[1.112238852132664,41.146139986857285],[1.112249995370431,41.14613368385783],[1.112261490761519,41.14612756676909],[1.112274050352296,41.14612173731783],[1.112307330490318,41.14610805017494],[1.112133234131943,41.14612898069636],[1.111796548175262,41.146060327832],[1.111200285437635,41.14592680385795],[1.110334831170677,41.145735543275286],[1.110153926216662,41.145703035212755],[1.110114424698222,41.145694235116764],[1.109921639986646,41.145810984725294],[1.109735746433209,41.14575589367733],[1.109696065484653,41.14560509838173],[1.107765208271386,41.145181887525695],[1.107329580579369,41.14508592735149],[1.107069999047453,41.145108600181366],[1.10686466263751,41.14498092776564],[1.106620562101524,41.14492927204431],[1.106498549219486,41.14497473849472],[1.106461537291527,41.14489846844332],[1.105748294950993,41.14473966673062],[1.105177560766692,41.144614277251115],[1.10449617390744,41.144441849384556],[1.10446169687421,41.14443497763701],[1.104163083511969,41.14437719660642],[1.104096162733465,41.144418078374805],[1.104057808538694,41.144491121873294],[1.103849793249829,41.14459768356816]]]]}},{"type":"Feature","id":"431233--barri--mas-iglesias","properties":{"name":"MAS IGLESIAS","officialName":"MAS IGLESIAS","municipality":"Reus","kind":"barri","quality":"official","code":"18"},"geometry":{"type":"MultiPolygon","coordinates":[[[[1.112392017032876,41.147211946919725],[1.112400378345848,41.14766894115568],[1.112440697543985,41.14802530475154],[1.112471481436825,41.14832350437499],[1.112447041977967,41.14848199570224],[1.112466426658031,41.14864147435828],[1.112496737357966,41.148835540208886],[1.112536834808757,41.149020758745706],[1.112577290454213,41.149147704996224],[1.112614779239787,41.14932000017782],[1.112685909888954,41.149499331133676],[1.112809026866134,41.14981912786242],[1.112866288973071,41.149950132084086],[1.112972822404753,41.15016661223063],[1.113046315165424,41.15027599380184],[1.113211753606816,41.150516226114505],[1.113358466424557,41.150715438301404],[1.113501273540879,41.150891042525764],[1.11352350270906,41.15088606048663],[1.113536305064636,41.150883679485005],[1.113549603550549,41.150881861522784],[1.113563341000277,41.150880661228065],[1.113577448419346,41.15088012957294],[1.113591845298945,41.15088031220066],[1.113606440401313,41.15088124772691],[1.113621133046093,41.150882966101115],[1.113650372202511,41.15088881921965],[1.113678647203636,41.15089788857623],[1.113715024770972,41.15091555985877],[1.113825499152848,41.1507982881],[1.11404527739788,41.15065560083691],[1.114107932302943,41.15061492077269],[1.114562170216346,41.1503494209067],[1.114831756592102,41.15015260085018],[1.114966825045009,41.15004662882894],[1.11508762678608,41.14994780961973],[1.11524503176065,41.14981914320839],[1.115561850585652,41.149508158195445],[1.115866797173349,41.149153832718746],[1.116129630420801,41.14888862282711],[1.116328102433472,41.14871549828189],[1.116557993753028,41.14852288987186],[1.116800245544997,41.14836056764202],[1.116997194009288,41.14824065102799],[1.117258837906403,41.14810532683781],[1.117263432623257,41.14806034417502],[1.117313516013875,41.147654475506464],[1.117355229426646,41.147257928000876],[1.117417277844662,41.14675434357397],[1.117460444975925,41.14643618447486],[1.117484169678186,41.146277229929304],[1.117517800694395,41.146092675740576],[1.117564140830368,41.14586365199697],[1.117589093467088,41.145749304315146],[1.117629489549557,41.145578191493684],[1.117667511756965,41.14543595382289],[1.117695585457041,41.14534165357169],[1.117757426395883,41.145153956615516],[1.117889330324887,41.14479103693648],[1.118080415660839,41.144291718985706],[1.118180812051846,41.1440431298709],[1.118304721687017,41.14376808200751],[1.118624753220623,41.14299226588216],[1.118772180122821,41.142632030202165],[1.118873003137443,41.14239335554812],[1.118983412271243,41.14215276539206],[1.119111555745581,41.141912824575336],[1.118885030868798,41.14186328291972],[1.116732522720133,41.14092975852707],[1.11661178551759,41.14091022281934],[1.11664418951468,41.140964616434545],[1.116149539726421,41.1415794949303],[1.115738727184102,41.142103954726835],[1.115386592740337,41.14255542048108],[1.115356460210264,41.14259663268204],[1.11511628672419,41.14289526877832],[1.11485880893795,41.143215599736145],[1.114437075496732,41.14382535685307],[1.113581504511829,41.144921536434865],[1.112743221005331,41.14599556362276],[1.112659163119615,41.146188749120626],[1.112666776518658,41.14619752083176],[1.112673892878804,41.146207005005635],[1.112680294614917,41.146216477486924],[1.112686212201589,41.14622621226987],[1.112691407429913,41.14623620545722],[1.112696007137784,41.14624618890092],[1.11269987933091,41.146256610813666],[1.112703039476516,41.146266931002],[1.112705487574247,41.146277149465966],[1.112707337572409,41.146287448218786],[1.112708475522059,41.146297645247316],[1.112709015371544,41.14630792256473],[1.112708962276414,41.14631810010652],[1.112708204865592,41.146327905827285],[1.112706854509593,41.1463376117724],[1.112705020001058,41.14634758001952],[1.112700377001929,41.14636407774998],[1.112547468732868,41.14681438003379],[1.112541256660819,41.14683157267774],[1.112536682685043,41.146841496096656],[1.112531642598736,41.14685105159091],[1.112525890456152,41.146860505359385],[1.112519547940753,41.14686976931863],[1.112512609895887,41.146879023532996],[1.112496359423737,41.14689722288543],[1.112467160958545,41.14692232624533],[1.112446987209373,41.14693604774679],[1.112392017032876,41.147211946919725]]]]}},{"type":"Feature","id":"431233--barri--fortuny","properties":{"name":"FORTUNY","officialName":"FORTUNY","municipality":"Reus","kind":"barri","quality":"official","code":"19"},"geometry":{"type":"MultiPolygon","coordinates":[[[[1.107069999047453,41.145108600181366],[1.107329580579369,41.14508592735149],[1.107765208271386,41.145181887525695],[1.109696065484653,41.14560509838173],[1.109735746433209,41.14575589367733],[1.109921639986646,41.145810984725294],[1.110114424698222,41.145694235116764],[1.110153926216662,41.145703035212755],[1.110334831170677,41.145735543275286],[1.111200285437635,41.14592680385795],[1.111796548175262,41.146060327832],[1.112133234131943,41.14612898069636],[1.112307330490318,41.14610805017494],[1.112274050352296,41.14612173731783],[1.112261490761519,41.14612756676909],[1.112249995370431,41.14613368385783],[1.112238852132664,41.146139986857285],[1.112228048155442,41.14614692592871],[1.112217712857027,41.14615414289243],[1.112208206128646,41.14616155356389],[1.112199048974998,41.14616924017877],[1.112190598708795,41.14617720858474],[1.112182498017418,41.14618545293437],[1.112175225896591,41.146193890992315],[1.112168554452565,41.14620215873143],[1.112161981481916,41.14621114867714],[1.11215084741537,41.146229611865536],[1.112048652838206,41.14651509658188],[1.111973402729007,41.146725179545484],[1.111970168148504,41.14674242089192],[1.111969154357187,41.14675285293121],[1.111968738670868,41.1467632046855],[1.111969032458229,41.146773748200886],[1.111969921772221,41.14678430146353],[1.11197152829744,41.146794776390664],[1.11197384171837,41.14680553311106],[1.111976874930183,41.14681612146369],[1.111980620196347,41.146826811545075],[1.11198520178054,41.146837425240236],[1.111990386630174,41.14684777858576],[1.111996405219578,41.14685814557707],[1.112003027074991,41.14686825221857],[1.112010373881039,41.14687801042736],[1.112018554427803,41.14688778228157],[1.112027232030271,41.146896841675144],[1.11203615558286,41.14690563487028],[1.112046272772299,41.14691435752633],[1.112056648806455,41.14692236382259],[1.112067395054141,41.146929925805004],[1.112078511515278,41.14693704347343],[1.11208999818977,41.146943716827785],[1.112101855077508,41.14694994586795],[1.11211420386279,41.14695564251091],[1.112126803755386,41.14696089289012],[1.112139305174381,41.14696542106101],[1.112151816910074,41.14696958910174],[1.112164937069363,41.14697331672633],[1.112175584376568,41.14697601306099],[1.112202603802956,41.14698122919337],[1.112227779429766,41.14698425335923],[1.112241691589226,41.14698529170389],[1.112255383587939,41.14698569592302],[1.112269205006891,41.14698574196082],[1.112283401792936,41.146985163618815],[1.112297373260072,41.14698413121572],[1.112311357619422,41.146982648649804],[1.112325598239091,41.14698053975483],[1.112339856907261,41.14697780063249],[1.112353890255213,41.14697460744914],[1.112367462649757,41.14697086627452],[1.112381648620147,41.14696650461785],[1.112395016319419,41.14696158912291],[1.112420959226359,41.14695030396964],[1.112433296222292,41.146943930413535],[1.112446987209373,41.14693604774679],[1.112467160958545,41.14692232624533],[1.112496359423737,41.14689722288543],[1.112512609895887,41.146879023532996],[1.112519547940753,41.14686976931863],[1.112525890456152,41.146860505359385],[1.112531642598736,41.14685105159091],[1.112536682685043,41.146841496096656],[1.112541256660819,41.14683157267774],[1.112547468732868,41.14681438003379],[1.112700377001929,41.14636407774998],[1.112705020001058,41.14634758001952],[1.112706854509593,41.1463376117724],[1.112708204865592,41.146327905827285],[1.112708962276414,41.14631810010652],[1.112709015371544,41.14630792256473],[1.112708475522059,41.146297645247316],[1.112707337572409,41.146287448218786],[1.112705487574247,41.146277149465966],[1.112703039476516,41.146266931002],[1.11269987933091,41.146256610813666],[1.112696007137784,41.14624618890092],[1.112691407429913,41.14623620545722],[1.112686212201589,41.14622621226987],[1.112680294614917,41.146216477486924],[1.112673892878804,41.146207005005635],[1.112666776518658,41.14619752083176],[1.112659163119615,41.146188749120626],[1.112743221005331,41.14599556362276],[1.113581504511829,41.144921536434865],[1.114437075496732,41.14382535685307],[1.11485880893795,41.143215599736145],[1.11511628672419,41.14289526877832],[1.115356460210264,41.14259663268204],[1.115386592740337,41.14255542048108],[1.115738727184102,41.142103954726835],[1.115640485508482,41.142060195100456],[1.115421092674163,41.14196131223476],[1.115224629025377,41.14187730558629],[1.115012344618452,41.1417798892053],[1.114924700491719,41.14166973707839],[1.114826617048846,41.14149131795269],[1.114766312217917,41.141387647477806],[1.114602915028372,41.141514053776156],[1.11372366755966,41.141852321511855],[1.113092531265675,41.14209330737274],[1.112680181398653,41.14182147246003],[1.112409203767855,41.141630944801406],[1.1122946165608,41.14155475826904],[1.1121377762151,41.141410414337486],[1.11196237894568,41.14124838209337],[1.11181976707572,41.14115228031296],[1.111442200074134,41.14086867010708],[1.110881637303115,41.140447310543756],[1.110583686746514,41.14024210510729],[1.110269502227642,41.14062409882292],[1.109895368316472,41.14116030771402],[1.109768190141128,41.1413405345673],[1.109733092138351,41.14138859965746],[1.109302473378693,41.141978736257094],[1.108965536670761,41.142447185086745],[1.108689747677142,41.142852412363],[1.107344559037807,41.14468462138743],[1.107069999047453,41.145108600181366]]]]}},{"type":"Feature","id":"431233--barri--mercat-central","properties":{"name":"MERCAT CENTRAL","officialName":"MERCAT CENTRAL","municipality":"Reus","kind":"barri","quality":"official","code":"2"},"geometry":{"type":"MultiPolygon","coordinates":[[[[1.101298355967635,41.15718557098781],[1.101416114105115,41.15724731861013],[1.102484098577505,41.15733379941812],[1.102860583282614,41.15736710457506],[1.103282125673605,41.15740430202608],[1.10382831013849,41.15747311884849],[1.1038747872371,41.15747547670236],[1.104238428977311,41.15750370222853],[1.104624673572865,41.15754166574001],[1.105073888853239,41.157582283805745],[1.105113782623957,41.157595819795254],[1.105394523091888,41.15765555684171],[1.105484397943711,41.15771729269221],[1.105584838917481,41.15778874987612],[1.105927838987979,41.15801272263187],[1.106515747360365,41.15841545896005],[1.106603306595136,41.158379515476746],[1.106572325395179,41.1584539486648],[1.10709324160666,41.15880757278379],[1.107179869179826,41.15878332322368],[1.10716096406205,41.15885228006042],[1.107361873587355,41.15898204104224],[1.107444191198127,41.15900410878518],[1.107527533765282,41.158944856269585],[1.107735131833597,41.15879198337329],[1.10804297541108,41.1585639211],[1.108348139213351,41.158337795669176],[1.108613071942768,41.15814298608178],[1.108946004828403,41.1578959667748],[1.109406605172552,41.15756492811337],[1.109791626014669,41.157288405020594],[1.109909901866335,41.15723683906037],[1.11045816930982,41.15686561828695],[1.110949141135041,41.15653056712828],[1.11078611631107,41.1564137730393],[1.109976740416586,41.156568682504194],[1.109495907562946,41.156654029662455],[1.109218915355692,41.15670462399523],[1.109114088149967,41.156721789320144],[1.109036313361074,41.15673431853037],[1.108924171732484,41.15672995797914],[1.108792389819083,41.15671644802452],[1.108741330863742,41.15670984573762],[1.108667254390022,41.156683140490806],[1.108612195056921,41.15666647459857],[1.108313128102413,41.15653942968474],[1.107997889213684,41.15639869758936],[1.10779951021823,41.156309692775544],[1.107518866001388,41.15618033578465],[1.107254985145178,41.15604413731973],[1.106753701720596,41.155737944969324],[1.106708948620496,41.15574423619871],[1.106583269248726,41.155883409674715],[1.106493410265403,41.15598290784245],[1.106424646771048,41.15601186381657],[1.1064018481646,41.15602139771169],[1.106373416999362,41.15602372326818],[1.105537235428069,41.15604548205678],[1.105101607758241,41.15605904352876],[1.104603720772001,41.15607842595248],[1.104549235566313,41.15607915196492],[1.103866486899363,41.156111526492055],[1.103636620791897,41.15611882671707],[1.102759022159383,41.15614682008845],[1.102144469873503,41.15616994754187],[1.101985892660412,41.15593656812853],[1.101713330728161,41.15603593839096],[1.101641890431761,41.156112226478584],[1.101588665200737,41.15618917460914],[1.101637644882537,41.15640435734802],[1.101298355967635,41.15718557098781]]]]}},{"type":"Feature","id":"431233--barri--juroca","properties":{"name":"JUROCA","officialName":"JUROCA","municipality":"Reus","kind":"barri","quality":"official","code":"20"},"geometry":{"type":"MultiPolygon","coordinates":[[[[1.110583686746514,41.14024210510729],[1.110881637303115,41.140447310543756],[1.111442200074134,41.14086867010708],[1.11181976707572,41.14115228031296],[1.11196237894568,41.14124838209337],[1.1121377762151,41.141410414337486],[1.1122946165608,41.14155475826904],[1.112409203767855,41.141630944801406],[1.112680181398653,41.14182147246003],[1.113092531265675,41.14209330737274],[1.11372366755966,41.141852321511855],[1.114602915028372,41.141514053776156],[1.114766312217917,41.141387647477806],[1.114826617048846,41.14149131795269],[1.114924700491719,41.14166973707839],[1.115012344618452,41.1417798892053],[1.115224629025377,41.14187730558629],[1.115421092674163,41.14196131223476],[1.115640485508482,41.142060195100456],[1.115738727184102,41.142103954726835],[1.116149539726421,41.1415794949303],[1.11664418951468,41.140964616434545],[1.11661178551759,41.14091022281934],[1.116690020310064,41.140882676256254],[1.117250418344123,41.14016807500063],[1.117753675579095,41.139526399681],[1.118094826692809,41.13909123077054],[1.118854995251172,41.13813046361881],[1.119270129040215,41.1375905697355],[1.119782055086902,41.13694848596544],[1.119813123761685,41.136828292365124],[1.119921183522945,41.13677826062883],[1.120283206417314,41.136337119830294],[1.12012105374306,41.13629115163872],[1.119116968139495,41.13549599968344],[1.118310949107289,41.134849990814864],[1.118349858521683,41.13482666562577],[1.118385090079034,41.13473599468535],[1.11837124934762,41.13462398631291],[1.118284114335711,41.134542038307075],[1.11821732283835,41.13452374455263],[1.118150293212324,41.13450544687502],[1.118049150269746,41.13451775847196],[1.11798309590156,41.134544603997604],[1.117908798365134,41.13461815380611],[1.117546073813808,41.134482708095035],[1.11694812464631,41.1342612737946],[1.1165290623599,41.134137966083166],[1.116190813691178,41.13403840513241],[1.115622197296794,41.133824739009505],[1.115284507079116,41.134305985673144],[1.11519120391484,41.134431646630226],[1.115000768498617,41.13468767969074],[1.114652468611998,41.13515632072878],[1.114301435662037,41.13562869910987],[1.113950640907902,41.13610090010445],[1.113688941735562,41.136452956197836],[1.113612783047658,41.136557998841695],[1.113540246665884,41.13668633990696],[1.113186346027244,41.136758736733285],[1.112803577258511,41.13685732227327],[1.112693570989246,41.136950190940695],[1.112711606793549,41.13710262194291],[1.112906674391275,41.137505383870604],[1.112543595184778,41.13799395309253],[1.112003744695022,41.13872219882081],[1.111386100422053,41.13938728706757],[1.110583686746514,41.14024210510729]]]]}},{"type":"Feature","id":"431233--barri--montserrat","properties":{"name":"MONTSERRAT","officialName":"MONTSERRAT","municipality":"Reus","kind":"barri","quality":"official","code":"21"},"geometry":{"type":"MultiPolygon","coordinates":[[[[1.113061343499703,41.13286258732319],[1.11372718521401,41.13311280478701],[1.11421540217793,41.133296252026],[1.115622197296794,41.133824739009505],[1.116190813691178,41.13403840513241],[1.1165290623599,41.134137966083166],[1.11694812464631,41.1342612737946],[1.117546073813808,41.134482708095035],[1.117908798365134,41.13461815380611],[1.11798309590156,41.134544603997604],[1.118049150269746,41.13451775847196],[1.118150293212324,41.13450544687502],[1.11821732283835,41.13452374455263],[1.118284114335711,41.134542038307075],[1.11837124934762,41.13462398631291],[1.118385090079034,41.13473599468535],[1.118349858521683,41.13482666562577],[1.118310949107289,41.134849990814864],[1.119116968139495,41.13549599968344],[1.12012105374306,41.13629115163872],[1.120283206417314,41.136337119830294],[1.120544718899217,41.13599502626604],[1.120611054742101,41.135910404710096],[1.120685329310513,41.135801426074195],[1.120751661008238,41.135701983667886],[1.120841425281946,41.13557913877006],[1.120919661956727,41.13545926279264],[1.121030017965327,41.135240737736915],[1.121083497472154,41.1351116310792],[1.121123645904602,41.13497789361259],[1.121139101954345,41.13491212062767],[1.121194644469615,41.13463532508071],[1.121246269153438,41.13436639225702],[1.121385430095289,41.133665116430116],[1.121444123475559,41.13336393068843],[1.121513039734858,41.13303159646127],[1.121441153472808,41.13284505219243],[1.121530460534677,41.132746253323056],[1.121587237996026,41.132455245784044],[1.121763825510039,41.13166657606133],[1.121792612171018,41.13154388115296],[1.121831062684312,41.131482175464264],[1.12198619751473,41.13133076338063],[1.122051087639748,41.13132371300119],[1.122105904829552,41.1313147871968],[1.122161280353641,41.13130298806404],[1.122216740456015,41.13128821781587],[1.122272166051075,41.1312704745138],[1.122326852917256,41.1312493863969],[1.122380192840713,41.13122539394046],[1.122432315146508,41.13119813895236],[1.122482259516321,41.131167876029124],[1.122529666149724,41.131134689392695],[1.12257429176252,41.13109875523633],[1.122615771431608,41.13106033784872],[1.122653383003501,41.13101969570541],[1.122687240432955,41.13097701081403],[1.122716613882534,41.130932811749595],[1.122741852902515,41.13088737442781],[1.122762470939894,41.13084105123288],[1.122776616406092,41.13080029741728],[1.122778695906751,41.13079420617482],[1.12278688284216,41.13077287924149],[1.122800964398403,41.13067711710519],[1.122163877459555,41.13061685671255],[1.121782454401064,41.130526159172675],[1.121673495712951,41.13053766796413],[1.121067763285729,41.13046420912418],[1.120847174346645,41.13043941646006],[1.120536825034647,41.13040646693808],[1.120161877567844,41.130362423426696],[1.120121097789099,41.13034391055104],[1.120087616155489,41.13030394594013],[1.120128156837413,41.13027091924273],[1.11935006237777,41.130151076257874],[1.117421272542044,41.12991938080598],[1.117057180936893,41.13091344781382],[1.117042468383556,41.13093221343036],[1.117038605596034,41.130942328819486],[1.117028012460435,41.13100457766494],[1.116928070471291,41.13144647401352],[1.116921541427383,41.13148320797708],[1.116912312852265,41.131535210567854],[1.116902539467723,41.13158125933633],[1.116894384546525,41.131604005184535],[1.116871861469375,41.13162093186213],[1.116846789829144,41.131631151407575],[1.116642601662153,41.131680962124086],[1.116534815644232,41.131709107178125],[1.116387695876519,41.13174210445296],[1.11622689121253,41.13178289471897],[1.116053744106397,41.13182618543688],[1.115896240562715,41.13187234355268],[1.115725112957351,41.131919990339306],[1.115638034115808,41.13194054620181],[1.115486296919506,41.1319683326396],[1.115357610560769,41.13198992000865],[1.115328713729468,41.13199224023459],[1.11527084658311,41.131991114686656],[1.115261931112773,41.13199042858058],[1.115244011971721,41.13198797402962],[1.115230553496417,41.131987844220475],[1.115192653704048,41.1319925394116],[1.114994514082534,41.13201821593181],[1.114867744924761,41.13203524027178],[1.114801938767745,41.13203677706893],[1.114622819817203,41.132043037429874],[1.114484842914853,41.132052041681455],[1.11446308046761,41.13205483859585],[1.114420402653379,41.13206413931806],[1.114371355096049,41.13207955105828],[1.114177900896893,41.13215799641743],[1.114042882594276,41.13221767044749],[1.113880981036787,41.13229672120535],[1.113818327166851,41.13232965494971],[1.11378838151991,41.13234781077445],[1.113756070959428,41.13237367434128],[1.113678584525884,41.13244617846913],[1.113528394176091,41.132603064547126],[1.113423426343659,41.132715832825944],[1.113345864436404,41.132790947651664],[1.113270312659841,41.132858258807175],[1.113061343499703,41.13286258732319]]]]}},{"type":"Feature","id":"431233--barri--bellissens","properties":{"name":"BELLISSENS","officialName":"BELLISSENS","municipality":"Reus","kind":"barri","quality":"official","code":"22"},"geometry":{"type":"MultiPolygon","coordinates":[[[[1.11661178551759,41.14091022281934],[1.116732522720133,41.14092975852707],[1.118885030868798,41.14186328291972],[1.119111555745581,41.141912824575336],[1.119189318210363,41.14177654864965],[1.119349202478594,41.141505689038844],[1.119453172825739,41.14133615230304],[1.119507044065589,41.14125209020208],[1.119576967710892,41.141148293194284],[1.11972470640339,41.14094389020477],[1.119812617485584,41.1408276857199],[1.119993850304532,41.14059770665508],[1.120112282691166,41.140451554137144],[1.12017320244706,41.140379316262035],[1.120269041943574,41.140273328960376],[1.120510589477668,41.140021452906524],[1.120764318019576,41.1397559933512],[1.120855649696071,41.13966596538157],[1.121142335873612,41.13940203264883],[1.121259794787828,41.13929405466854],[1.121781042551305,41.13882226487485],[1.122208534962787,41.13843343653111],[1.122480374746652,41.13818421107579],[1.122656337313565,41.13802575118084],[1.122906255659049,41.137793101965144],[1.123412097709835,41.13733429484261],[1.123721725901687,41.137050551965714],[1.123926740201103,41.13685905481349],[1.124678047034218,41.13617661500974],[1.125330263924966,41.135580382731206],[1.125914224423536,41.13504203672385],[1.126058637840649,41.134911522530054],[1.126608273768761,41.13441513056216],[1.127060152991272,41.13400037784075],[1.1275337359551,41.13357210406302],[1.128082866014892,41.133063356385065],[1.129061646487371,41.1321620933417],[1.129056296326389,41.13201473436776],[1.127973937851253,41.13187278252585],[1.126120999362981,41.131538877444946],[1.123952837103243,41.131054796519955],[1.122778695906751,41.13079420617482],[1.122776616406092,41.13080029741728],[1.122762470939894,41.13084105123288],[1.122741852902515,41.13088737442781],[1.122716613882534,41.130932811749595],[1.122687240432955,41.13097701081403],[1.122653383003501,41.13101969570541],[1.122615771431608,41.13106033784872],[1.12257429176252,41.13109875523633],[1.122529666149724,41.131134689392695],[1.122482259516321,41.131167876029124],[1.122432315146508,41.13119813895236],[1.122380192840713,41.13122539394046],[1.122326852917256,41.1312493863969],[1.122272166051075,41.1312704745138],[1.122216740456015,41.13128821781587],[1.122161280353641,41.13130298806404],[1.122105904829552,41.1313147871968],[1.122051087639748,41.13132371300119],[1.12198619751473,41.13133076338063],[1.121831062684312,41.131482175464264],[1.121792612171018,41.13154388115296],[1.121763825510039,41.13166657606133],[1.121587237996026,41.132455245784044],[1.121530460534677,41.132746253323056],[1.121441153472808,41.13284505219243],[1.121513039734858,41.13303159646127],[1.121444123475559,41.13336393068843],[1.121385430095289,41.133665116430116],[1.121246269153438,41.13436639225702],[1.121194644469615,41.13463532508071],[1.121139101954345,41.13491212062767],[1.121123645904602,41.13497789361259],[1.121083497472154,41.1351116310792],[1.121030017965327,41.135240737736915],[1.120919661956727,41.13545926279264],[1.120841425281946,41.13557913877006],[1.120751661008238,41.135701983667886],[1.120685329310513,41.135801426074195],[1.120611054742101,41.135910404710096],[1.120544718899217,41.13599502626604],[1.120283206417314,41.136337119830294],[1.119921183522945,41.13677826062883],[1.119813123761685,41.136828292365124],[1.119782055086902,41.13694848596544],[1.119270129040215,41.1375905697355],[1.118854995251172,41.13813046361881],[1.118094826692809,41.13909123077054],[1.117753675579095,41.139526399681],[1.117250418344123,41.14016807500063],[1.116690020310064,41.140882676256254],[1.11661178551759,41.14091022281934]]]]}},{"type":"Feature","id":"431233--barri--mas-abello","properties":{"name":"MAS ABELLÓ","officialName":"MAS ABELLÓ","municipality":"Reus","kind":"barri","quality":"official","code":"23"},"geometry":{"type":"MultiPolygon","coordinates":[[[[1.113715024770972,41.15091555985877],[1.113728751753143,41.15092475415731],[1.113739387875736,41.15093297257914],[1.113749241592269,41.15094174872177],[1.113772643678477,41.1509696214139],[1.113778538610453,41.15097932361884],[1.113783478077098,41.150989086787604],[1.11378749000242,41.15099884111834],[1.113790612065427,41.15100852304836],[1.113794374726546,41.15102745029276],[1.113795122534747,41.15103660410723],[1.113795191471425,41.15104550245917],[1.113794613469286,41.15105439023245],[1.113793342613628,41.151063511037826],[1.11379132271086,41.1510728281079],[1.113788500522298,41.151082297577524],[1.113784827410616,41.15109186839285],[1.113780261123161,41.151101482452304],[1.113773282325307,41.15111366866274],[1.114156403783058,41.15149465896213],[1.114335975924027,41.151690984279206],[1.114367521718876,41.151717171156655],[1.114430227703614,41.15177052940039],[1.115172077475612,41.15245355173821],[1.115136005187062,41.152624708968496],[1.115282858101937,41.15271646545023],[1.11541845544832,41.152722305078946],[1.115530902317557,41.1526858731325],[1.115612905553036,41.152566271009576],[1.116386897338104,41.15232456845872],[1.117042607185071,41.15213584933124],[1.117761492024738,41.151942076112924],[1.119324167635837,41.15152084169332],[1.120132962857441,41.151283078067515],[1.120789569228067,41.15109561309828],[1.121606356871143,41.150853015156706],[1.122445575196312,41.15061762213365],[1.123492504640647,41.15033173757791],[1.12366288300051,41.15013193165653],[1.124217283872785,41.14926821679109],[1.124623844198278,41.14794181499495],[1.124677915769227,41.14783811757076],[1.124729128689718,41.14765898129476],[1.124780918945911,41.14743860025469],[1.124755372454801,41.14731036924928],[1.124713088309291,41.14719663835579],[1.124678711440072,41.14708979158237],[1.124597393512012,41.14668529608115],[1.124565591704872,41.14645445853236],[1.124540046366441,41.146208950466296],[1.124532790087262,41.146162444117365],[1.124519468381809,41.14612808928807],[1.124511689461446,41.146116703501015],[1.124470220628675,41.14607486522254],[1.124448293861725,41.14606234865852],[1.124016730488952,41.14563828606955],[1.122689520499803,41.1460069872574],[1.122582081425815,41.14620628500503],[1.122554021604676,41.14604513541256],[1.12181322802891,41.146253398514176],[1.121547843472783,41.14634567701679],[1.121562881692705,41.146381059791224],[1.121568163488935,41.14639743399887],[1.12157201739432,41.14641359002125],[1.121574530512104,41.146429444277246],[1.12157579702583,41.14644492558621],[1.121575915426385,41.146459974923296],[1.121574939765936,41.146475006444724],[1.121572792446154,41.14649043216283],[1.121569378428384,41.14650618990121],[1.121564607669607,41.14652220547907],[1.121552645561607,41.14655338727022],[1.121530492774036,41.1465869453136],[1.121517967287409,41.14660273022283],[1.121503815290388,41.1466180980206],[1.121488063867086,41.14663291191675],[1.121470766241037,41.14664703522437],[1.121452002255512,41.146660334885254],[1.121416356312869,41.14668334678088],[1.121364753143934,41.146702964625],[1.121340692821892,41.14671052461134],[1.121316104872316,41.14671672886077],[1.121291187564539,41.146721555830275],[1.12126613815139,41.14672500547055],[1.121241148006612,41.14672709829137],[1.121216398263858,41.14672787372736],[1.121192056139416,41.14672738793878],[1.121139699391801,41.14672283565282],[1.121101484053503,41.146714390015816],[1.121081047502062,41.14670883482398],[1.121061627084809,41.146702552787815],[1.121043257259156,41.14669564115494],[1.121025956402007,41.1466881939145],[1.121009222998107,41.14668003937146],[1.120992623814878,41.146670920719565],[1.120976277606347,41.14666080683263],[1.120960314381666,41.146649675857105],[1.120944874189405,41.14663751711197],[1.12093010533639,41.14662433294369],[1.120916162012608,41.146610140435534],[1.120903201327164,41.146594972856775],[1.120884371510711,41.146566953034124],[1.120833302918141,41.14653171266418],[1.120756056861284,41.14649514507052],[1.12042151209849,41.14665606205168],[1.119935945961654,41.14686441802268],[1.119129899809761,41.14720400966961],[1.118666265370802,41.14741605057789],[1.118229260018045,41.14762185849302],[1.117827766657637,41.14781500322594],[1.117358958189964,41.14805352633844],[1.117258837906403,41.14810532683781],[1.116997194009288,41.14824065102799],[1.116800245544997,41.14836056764202],[1.116557993753028,41.14852288987186],[1.116328102433472,41.14871549828189],[1.116129630420801,41.14888862282711],[1.115866797173349,41.149153832718746],[1.115561850585652,41.149508158195445],[1.11524503176065,41.14981914320839],[1.11508762678608,41.14994780961973],[1.114966825045009,41.15004662882894],[1.114831756592102,41.15015260085018],[1.114562170216346,41.1503494209067],[1.114107932302943,41.15061492077269],[1.11404527739788,41.15065560083691],[1.113825499152848,41.1507982881],[1.113715024770972,41.15091555985877]]]]}},{"type":"Feature","id":"431233--barri--mas-carpa","properties":{"name":"MAS CARPA","officialName":"MAS CARPA","municipality":"Reus","kind":"barri","quality":"official","code":"24"},"geometry":{"type":"MultiPolygon","coordinates":[[[[1.123492504640647,41.15033173757791],[1.124094011505876,41.15054124998671],[1.124318131391525,41.15067689041974],[1.124450408776907,41.15074937257189],[1.124549600173589,41.15080372486476],[1.124789412979057,41.15092228646684],[1.125036779301094,41.15103211970868],[1.125290852450981,41.151132827636914],[1.125550739188631,41.151224076623],[1.125929476134578,41.15138388242287],[1.12602415081937,41.1514071284585],[1.126233879097549,41.15144521410882],[1.12665370123146,41.151512743054994],[1.127174097731982,41.15160144956863],[1.127685925642411,41.15168560100725],[1.12787277915303,41.15171934911313],[1.127996736988461,41.15174378937712],[1.128243488852486,41.15179589330177],[1.128667605587612,41.15189699230394],[1.129009575780023,41.15196399995549],[1.12909733795707,41.15198502995606],[1.129720431839279,41.15213375884155],[1.1301497202468,41.15223754840863],[1.130521672462434,41.1523377049313],[1.131101899499648,41.15249383832618],[1.131212471789137,41.152257914707285],[1.131306514736799,41.15207094444863],[1.13135914165158,41.15198408247939],[1.131428583899052,41.151900819400225],[1.131512081983872,41.15182529056926],[1.131604284508748,41.15176143860419],[1.131802855893161,41.1516328398249],[1.131989875188144,41.151494490397845],[1.13216666122014,41.15134485617962],[1.132331523335553,41.15118457243702],[1.132482862913414,41.1510144612425],[1.13261921767035,41.15083552161528],[1.132739303547027,41.150648912543076],[1.132842051861022,41.150455929334065],[1.132926639600739,41.15025797423404],[1.132992511122805,41.150056522675676],[1.133039390068558,41.1498530868507],[1.133067280977481,41.149649178477745],[1.133076460775515,41.14944627265618],[1.13306746097884,41.149245774553165],[1.133041042011239,41.14904899038941],[1.132962904426388,41.14869887039463],[1.132662531359405,41.14770057627891],[1.129967750848712,41.14849956960631],[1.12878220753067,41.14883451741062],[1.128321143736243,41.14890215947119],[1.128122593132208,41.14902459164065],[1.126185714738522,41.14957241411325],[1.124135559687143,41.15015916544794],[1.123492504640647,41.15033173757791]]]]}},{"type":"Feature","id":"431233--barri--jardins-reus","properties":{"name":"JARDINS REUS","officialName":"JARDINS REUS","municipality":"Reus","kind":"barri","quality":"official","code":"25"},"geometry":{"type":"MultiPolygon","coordinates":[[[[1.11541845544832,41.152722305078946],[1.115282858101937,41.15271646545023],[1.115820914492217,41.15323453370288],[1.11599006769171,41.15341213092987],[1.11608892747093,41.15351823181602],[1.116339449630025,41.15379686973956],[1.116472862658927,41.15393244841174],[1.116625426902289,41.154102657949814],[1.116910185720367,41.15444283395684],[1.117038067692552,41.15462191765978],[1.117328585205892,41.155086038848424],[1.117456421867378,41.1550582205852],[1.117369673389478,41.155191285769604],[1.117528049942516,41.15554200786129],[1.117651541848915,41.15587072276458],[1.117691370041093,41.15608268708063],[1.117742642073704,41.15653236410874],[1.117760614688573,41.156825218775076],[1.117768832004097,41.15695893307572],[1.117731372698414,41.15722305022259],[1.117672613466859,41.15750267283761],[1.117546999030206,41.15786551390879],[1.117465158694614,41.15803522935433],[1.117397247619321,41.158176258228565],[1.117203346570802,41.1585346515848],[1.117053260435779,41.15882213159322],[1.117261109518808,41.158890577194775],[1.117280634745746,41.15898207183173],[1.117833955601079,41.15907232817532],[1.118263368122839,41.159118426524095],[1.118611376465119,41.15915625982377],[1.119041486024867,41.15924411042398],[1.119594900413234,41.15936433596406],[1.120031650431405,41.15946666363052],[1.11966601023073,41.15835107839042],[1.120396429064312,41.15768436303906],[1.120499467719685,41.15752327770659],[1.120674503620126,41.1573617439831],[1.121055819406,41.156628355590485],[1.121253750499366,41.15624471024566],[1.12126856756756,41.15619870580229],[1.121276378003859,41.156149149604936],[1.121276216174835,41.15611302715404],[1.121276142714999,41.156098884284255],[1.121271265786685,41.15606511704433],[1.121262566668182,41.15603164784795],[1.121250275909209,41.15599875067247],[1.121225051608542,41.15595132101605],[1.121204094212424,41.155921435277705],[1.121191775855741,41.155580213122356],[1.120397272190754,41.15513139970462],[1.120088663033106,41.15495811164705],[1.120002182757291,41.154906530781794],[1.119833634257717,41.15479911720314],[1.119568740081753,41.15462672043974],[1.11946138598238,41.15455074902798],[1.119335322249627,41.154449702025964],[1.119109880336125,41.154243809250744],[1.118974024796375,41.15411008534315],[1.118825219081898,41.15394993843866],[1.118714183302174,41.15380680088659],[1.118500716967521,41.153477970569796],[1.118438533812539,41.153372740224356],[1.118332572995002,41.1531687948061],[1.118193171946925,41.15287558049359],[1.117776578594877,41.15198155086674],[1.117761492022909,41.151942076176915],[1.117042607185071,41.15213584933124],[1.116386897338104,41.15232456845872],[1.115612905553036,41.152566271009576],[1.115530902317556,41.152685873132505],[1.11541845544832,41.152722305078946]]]]}},{"type":"Feature","id":"431233--barri--xalets-quintana","properties":{"name":"XALETS QUINTANA","officialName":"XALETS QUINTANA","municipality":"Reus","kind":"barri","quality":"official","code":"26"},"geometry":{"type":"MultiPolygon","coordinates":[[[[1.110376351993797,41.164542473969256],[1.112212953382315,41.16456498149225],[1.113719757431296,41.164616294988285],[1.114797139588344,41.16464156533204],[1.115612325953042,41.164628314161305],[1.11697454096097,41.16460498327203],[1.118515335772749,41.16457229927347],[1.119513291023348,41.16454488751737],[1.119931823805554,41.16450991575924],[1.120396962257759,41.16444147374394],[1.12093186464281,41.16431741961341],[1.121199978646519,41.16423630666856],[1.121234529072319,41.16422849253609],[1.12134140453381,41.16420214110367],[1.121226508162653,41.16411270656623],[1.121159745746169,41.16406306908375],[1.121027095140982,41.16397912086502],[1.12054809947491,41.16361849620966],[1.119599761642754,41.162922631983506],[1.1192682577632,41.16267779698069],[1.119123885620632,41.16257041629754],[1.118472814200452,41.16209249258534],[1.118037240496341,41.16177325249457],[1.117929924968567,41.161692491208974],[1.117720458936212,41.16153472798517],[1.117454001885373,41.16132870322249],[1.117184066722203,41.161127665228825],[1.117120341588336,41.16112626471401],[1.117102132747195,41.16111281663443],[1.116810876963458,41.16090003045366],[1.116803483451148,41.16089449606962],[1.116622169253729,41.160759017839986],[1.116485938417408,41.160659228932786],[1.116426867126805,41.160615981282234],[1.116395475444588,41.160594425469135],[1.11626176118658,41.16050192328132],[1.116075893149262,41.16037463583037],[1.115894755333582,41.16037556966712],[1.115786183641693,41.160483686753466],[1.115544511613361,41.16066988544735],[1.115119589451635,41.16095811581445],[1.114835221111387,41.161111819064566],[1.114742249262864,41.16116200213959],[1.11428596156366,41.16136738886838],[1.113841555722823,41.16155315173357],[1.113766552175043,41.16151688635463],[1.113665080774255,41.16148090867272],[1.113584620545792,41.161622720749484],[1.113198473634132,41.16173845540653],[1.112594219124871,41.16187052643243],[1.111791105023958,41.16201267005832],[1.111664819439218,41.162014926234335],[1.111621731729842,41.16198377574564],[1.111580855659724,41.16192536896647],[1.11156467657304,41.162078140149816],[1.111437848256799,41.162253149502575],[1.11142234613381,41.162340718022705],[1.111430511459502,41.16244254548279],[1.111457451309618,41.16255053516223],[1.111432454707555,41.16279882072912],[1.111387873898477,41.16291951078923],[1.111243134004377,41.16331175576302],[1.111123594441561,41.16367306739497],[1.11097973008144,41.16393075550354],[1.110829511473463,41.16406917121969],[1.110661171713926,41.16419107655802],[1.110502656570501,41.16426963676705],[1.110348425098494,41.16431935312829],[1.110376351993797,41.164542473969256]]]]}},{"type":"Feature","id":"431233--barri--sant-joan","properties":{"name":"SANT JOAN","officialName":"SANT JOAN","municipality":"Reus","kind":"barri","quality":"official","code":"27"},"geometry":{"type":"MultiPolygon","coordinates":[[[[1.110185647080193,41.167892078114555],[1.110734203105179,41.16804033005207],[1.111185635902534,41.16816004596979],[1.112191374330604,41.16842034207971],[1.112613067211376,41.168533981058204],[1.113114262458743,41.16866583337744],[1.113865604338913,41.1688636045487],[1.114187260530691,41.16894976440088],[1.114492446675089,41.1690313924058],[1.114865237140439,41.169131226473354],[1.115417392085353,41.169279261141625],[1.116292810200674,41.16950019150184],[1.116325137100919,41.169511888639725],[1.117347550533459,41.16977826697087],[1.117859670099603,41.169927590906816],[1.118141818492218,41.17001266592813],[1.118161180885952,41.16997187296972],[1.118265121593441,41.1697884664036],[1.118359291322161,41.16964246125281],[1.11838658579137,41.16960084189762],[1.118502204205176,41.1694175355289],[1.118634902779956,41.169228832963825],[1.118647765548434,41.16920418230526],[1.118652448311528,41.169190477341225],[1.118657537424099,41.16916254728912],[1.118659983991479,41.16910611070215],[1.118662931034237,41.16907805563589],[1.118682205639041,41.16897082148306],[1.118693627531474,41.16891732358671],[1.118712357632005,41.1688458399844],[1.118726938103708,41.16879860871833],[1.118760727652427,41.168704852191524],[1.118822247254473,41.168556080099975],[1.117233272951981,41.16738349177361],[1.117154916014759,41.16732663694466],[1.116930499347417,41.16715867808009],[1.116632981803976,41.16694187594275],[1.116103935438056,41.16655177211653],[1.115583285450462,41.16616837845679],[1.115056882222806,41.16579047302805],[1.115109870197246,41.16571738805236],[1.115007481878971,41.16564239443945],[1.11494057014824,41.165593921899884],[1.114876595776348,41.16554693851544],[1.114809821416352,41.16549783762598],[1.114747365120201,41.16545195987177],[1.114707291451486,41.16542365209935],[1.114680868485642,41.165405655746525],[1.114613253306172,41.165360954634565],[1.114546239068491,41.16531608315793],[1.114498247686829,41.165285394031656],[1.114469087215467,41.16526726280646],[1.114405303973816,41.16523028051891],[1.114333713767615,41.16518704552175],[1.114260574852892,41.1651437851605],[1.114187960124922,41.16510719881224],[1.114166013712306,41.16509522042693],[1.114135072060696,41.16508102325934],[1.114023533589812,41.16503010912202],[1.113909641436076,41.164982308985884],[1.113793512149146,41.16493771482403],[1.113675262277033,41.16489641860989],[1.113555132661155,41.16485833420173],[1.113433237268475,41.16482364360608],[1.113309695221339,41.16479234876575],[1.113184744779239,41.16476445357295],[1.113145521594262,41.16475642586074],[1.113006863198578,41.164732719865995],[1.112867148631549,41.16471259939143],[1.112726737864504,41.16469598024888],[1.112585630875735,41.16468286243534],[1.112462625606879,41.164674454311],[1.112432558577422,41.164671350123214],[1.112378283372632,41.16466866042439],[1.110676697486174,41.16463548656176],[1.110753702135465,41.16464692625615],[1.110765221419433,41.164698277056374],[1.110909001315818,41.164776114123796],[1.110975263316756,41.164842953482086],[1.111018192100904,41.16493373069636],[1.111065617697192,41.16508799374224],[1.111085303320204,41.16519541429553],[1.111072949505393,41.16528537620892],[1.111050878270391,41.165377520907086],[1.111002314709505,41.16548831876525],[1.11091067864383,41.16562364929243],[1.110797143243842,41.16573384197886],[1.110604447859544,41.16588606353664],[1.110555324067174,41.16592932841616],[1.110533433912643,41.165951011364506],[1.110518528955081,41.16596842503572],[1.110495214110316,41.166004162829985],[1.110394548461723,41.16619752421231],[1.110312020455259,41.16636362217776],[1.110230409691134,41.16653837780726],[1.110194384052242,41.166626600644754],[1.110182337805117,41.166660090997084],[1.110163824247427,41.16672788369938],[1.110159027504686,41.16676212334793],[1.11015896189688,41.166785181248926],[1.110166106060892,41.16683114603309],[1.110172865104164,41.16685314478962],[1.110191177283452,41.16689623003462],[1.110212437029591,41.16694044445974],[1.110227952857989,41.16696051498111],[1.110311932884096,41.16703719285664],[1.110408558309365,41.16712182421027],[1.110430937986899,41.167143628485725],[1.110469647294938,41.167190380579946],[1.110510116709596,41.16725472594818],[1.110537005549036,41.16730632853027],[1.110543080990283,41.16736047252658],[1.110542863792265,41.167397129135004],[1.110532789417314,41.16744083019762],[1.110504729977813,41.167488199894485],[1.110428910420349,41.16757577088995],[1.110352871096858,41.16767099453242],[1.11027688579673,41.16776432745084],[1.110193871130985,41.16786168855331],[1.110185647080193,41.167892078114555]]]]}},{"type":"Feature","id":"431233--barri--mineta","properties":{"name":"MINETA","officialName":"MINETA","municipality":"Reus","kind":"barri","quality":"official","code":"28"},"geometry":{"type":"MultiPolygon","coordinates":[[[[1.091616521535257,41.16607706380839],[1.091619080881491,41.166087464665225],[1.091632218402396,41.166107138019896],[1.091671195236658,41.166144172808906],[1.091835373774691,41.16624957344653],[1.091907786365573,41.166292745897785],[1.092200536135917,41.16646134311159],[1.092418450356902,41.166584025206326],[1.09248787116685,41.16661940144918],[1.092633749075556,41.16668180321307],[1.092814347621429,41.16675126424787],[1.092906025361683,41.16678367552789],[1.093046002232921,41.16682760410291],[1.093252560875215,41.16688560389132],[1.093462385463806,41.166946089293916],[1.093566887430415,41.16697609988496],[1.093616381848583,41.16699574343139],[1.093656878204662,41.1670174000117],[1.093733345529457,41.16706469166673],[1.093840612860346,41.16713095746456],[1.09393604660711,41.16718189517195],[1.094173693451945,41.16728193118093],[1.094376367749055,41.1673506736568],[1.094699190409713,41.167444279383645],[1.094871972939609,41.16752036363859],[1.094935933150446,41.167542677557734],[1.095002142120869,41.167561425622885],[1.095136301073741,41.16759642832053],[1.095385587949146,41.1676650380987],[1.095652432132531,41.16772632832889],[1.09586860726486,41.167767230685605],[1.095958303969481,41.16778168211025],[1.096428290068538,41.16783997130236],[1.09670881098818,41.167863155961825],[1.097200778861868,41.1678909093503],[1.09754750866697,41.167904015045536],[1.09791072406917,41.16792000371241],[1.09847421248479,41.16794776013868],[1.098600892379243,41.16794876767081],[1.098881927498059,41.1679459241196],[1.099148929373582,41.16794609127288],[1.099486163522621,41.167945433455955],[1.099570505177682,41.16794144185283],[1.099737101748426,41.167928880110004],[1.099985267734722,41.167916131205054],[1.10026633646507,41.16789127107535],[1.101085020942262,41.167820514337286],[1.101185995336675,41.16780768644563],[1.101335046848473,41.16778483664117],[1.10140690071084,41.167777372331074],[1.101724391393657,41.167754494957734],[1.101789617919998,41.16734005682833],[1.102036416316797,41.16742491467847],[1.103410243793537,41.16706668013177],[1.104352902567293,41.166820871867685],[1.104472738316582,41.166797375425624],[1.104618858235964,41.16692351341553],[1.104795462810704,41.16717781216696],[1.104839150578043,41.16725644894974],[1.105244637651375,41.16721797881063],[1.105779757860396,41.167183442595686],[1.106155870311658,41.16717367568877],[1.106486488948447,41.16717910381856],[1.106857036148799,41.16720121955963],[1.107153995530848,41.167228972123524],[1.107486112735941,41.16726522731707],[1.107796953681893,41.167315994739006],[1.108067702587558,41.167368009777476],[1.108183468637133,41.16739023499442],[1.108235842564777,41.16740120524],[1.108540622685011,41.16746939386414],[1.108543739052603,41.16747016701838],[1.108639200978891,41.16749445296449],[1.108933025424738,41.16756917589094],[1.109230409633997,41.16764486180554],[1.109388833957401,41.16768516262938],[1.10964632842589,41.16775084932148],[1.109947625601085,41.16782774907763],[1.110185647080193,41.167892078114555],[1.110193871130985,41.16786168855331],[1.11027688579673,41.16776432745084],[1.110352871096858,41.16767099453242],[1.110428910420349,41.16757577088995],[1.110504729977813,41.167488199894485],[1.110532789417314,41.16744083019762],[1.110542863792265,41.167397129135004],[1.110543080990283,41.16736047252658],[1.110537005549036,41.16730632853027],[1.110510116709596,41.16725472594818],[1.110469647294938,41.167190380579946],[1.110430937986899,41.167143628485725],[1.110408558309365,41.16712182421027],[1.110311932884096,41.16703719285664],[1.110227952857989,41.16696051498111],[1.110212437029591,41.16694044445974],[1.110191177283452,41.16689623003462],[1.110172865104164,41.16685314478962],[1.110166106060892,41.16683114603309],[1.11015896189688,41.166785181248926],[1.110159027504686,41.16676212334793],[1.110163824247427,41.16672788369938],[1.110182337805117,41.166660090997084],[1.110194384052242,41.166626600644754],[1.110230409691134,41.16653837780726],[1.110312020455259,41.16636362217776],[1.110394548461723,41.16619752421231],[1.110495214110316,41.166004162829985],[1.110518528955081,41.16596842503572],[1.110533433912643,41.165951011364506],[1.110555324067174,41.16592932841616],[1.110604447859544,41.16588606353664],[1.110797143243842,41.16573384197886],[1.11091067864383,41.16562364929243],[1.111002314709505,41.16548831876525],[1.111050878270391,41.165377520907086],[1.111072949505393,41.16528537620892],[1.111085303320204,41.16519541429553],[1.111065617697192,41.16508799374224],[1.111018192100904,41.16493373069636],[1.110975263316756,41.164842953482086],[1.110909001315818,41.164776114123796],[1.110765221419433,41.164698277056374],[1.110753702135465,41.16464692625615],[1.110676697486174,41.16463548656176],[1.110376351993797,41.164542473969256],[1.109046361457516,41.16449788874629],[1.108384266140741,41.164468026666206],[1.107645942321337,41.164444566472056],[1.10712626547985,41.16439046177035],[1.10649563412719,41.16431931077998],[1.106078416193761,41.16422130580028],[1.105610892884538,41.164111123765466],[1.105090811526809,41.16393450243081],[1.104562764145554,41.16372829360846],[1.104146217683158,41.16352022209763],[1.103684649201308,41.16329042162808],[1.103294730968151,41.16303531576687],[1.103065373679327,41.16288751543586],[1.102946657665256,41.16285863079821],[1.102808600798967,41.16297570829832],[1.102357058307354,41.16300223824609],[1.102256651322781,41.16300806243498],[1.101778266891259,41.16304517751238],[1.101424175191135,41.163022195505214],[1.101031142003737,41.16292925422319],[1.100790876405691,41.162825135884866],[1.100562783628774,41.16268743971464],[1.099871118064628,41.162195952400616],[1.099053218168174,41.16160618140635],[1.098674394579107,41.16180593695042],[1.09773246953531,41.16229350153803],[1.097266681684023,41.16255213633356],[1.096833965866446,41.16285115907195],[1.096299560714921,41.16324145826904],[1.095393266049315,41.1638998901086],[1.09422515177946,41.16475377311632],[1.094096789848932,41.16484406807856],[1.093864515290887,41.164941743138804],[1.093628897125184,41.165035489277706],[1.093474067067253,41.16509715288766],[1.092274747203811,41.1655658838378],[1.091937417503499,41.16569370350195],[1.091817801316215,41.165864576652254],[1.091810778285302,41.16587247704931],[1.091793456331267,41.16588615194276],[1.091752483254522,41.165909794047806],[1.091733395067188,41.165922719118285],[1.091674372127176,41.16597281454206],[1.091648531323865,41.166000760306645],[1.091636561865166,41.16601893736181],[1.091620431308586,41.16605731221797],[1.091616521535257,41.16607706380839]]]]}},{"type":"Feature","id":"431233--barri--gaudi","properties":{"name":"GAUDÍ","officialName":"GAUDÍ","municipality":"Reus","kind":"barri","quality":"official","code":"29"},"geometry":{"type":"MultiPolygon","coordinates":[[[[1.080530950799008,41.1682608828842],[1.080550052546522,41.16830893994391],[1.081088684533637,41.168653698169216],[1.081194885487454,41.16854755651572],[1.081547229348872,41.168265631668206],[1.081770167379729,41.1681539550224],[1.081784578688308,41.16798656716601],[1.081886948884609,41.16802006577123],[1.082620153313278,41.16817943778478],[1.084426507061037,41.16857281093255],[1.084819719943182,41.16792207150968],[1.084892395305564,41.16796020857462],[1.085106927188055,41.16789963790991],[1.085230568523668,41.16776324696763],[1.085751789970779,41.16727935987741],[1.085831990680294,41.16732222965052],[1.086314005336811,41.16770862889222],[1.086356145222762,41.16777210960875],[1.086371800071594,41.16782407179043],[1.086357812427427,41.16788292821841],[1.086312295215846,41.167935676923555],[1.086224672969069,41.16800988516478],[1.086105196515126,41.16808914934116],[1.0856863259525,41.16838862940677],[1.085429288250822,41.16857459905803],[1.085359626907401,41.168621362000955],[1.085323553549544,41.168685436239706],[1.085304949484708,41.16873493827612],[1.085298911761852,41.1687868106968],[1.085274598251094,41.1688645912296],[1.085260128644372,41.16890308280168],[1.085239091770012,41.16894605911532],[1.085188033687525,41.16902943057726],[1.085134071517524,41.16911428505656],[1.085104021431386,41.16915567051943],[1.085084674467193,41.16917741741565],[1.085038478318653,41.16921655316316],[1.084991232042178,41.16925080746441],[1.084966214498204,41.169266695457274],[1.084787496047261,41.16937037541058],[1.084695477459393,41.169419378828316],[1.084552985985173,41.16949060287529],[1.084331092646353,41.169607346382264],[1.084247170003044,41.16965666405252],[1.084207296932346,41.16968329414004],[1.084138103548082,41.16973438764476],[1.084105026889361,41.16976095044391],[1.084057458910299,41.16980213470038],[1.08397613059363,41.16987698617805],[1.083852317799062,41.16999445732708],[1.083760049734379,41.17008065635624],[1.083466034234376,41.17036535863497],[1.083415002168938,41.17041495199997],[1.083401712531177,41.170429233054875],[1.083379465660365,41.17046047929741],[1.083373229215795,41.170474066891856],[1.083371050368071,41.17048339836803],[1.083371225470025,41.17050195649773],[1.083374308634395,41.170514798224524],[1.08338536782785,41.17054029276441],[1.08340196926534,41.17056786102727],[1.083412563903952,41.170580647427315],[1.083431688545287,41.17059934030077],[1.083472378434272,41.17063478496822],[1.083524359716355,41.17067546138268],[1.083585509864891,41.170732863717916],[1.083623310205565,41.1707733945306],[1.083657358032499,41.170819988005434],[1.083715751996867,41.170902475088916],[1.083832283821592,41.1710598787054],[1.08391372977713,41.17116130388668],[1.083974392049944,41.17124779177209],[1.084021319921886,41.171314685583575],[1.084197193044628,41.171243476292915],[1.084232959686199,41.17123100968386],[1.084307671919942,41.171211533666416],[1.08441607148233,41.171185501274365],[1.084528319031826,41.17116241505056],[1.084659987553701,41.17113965123601],[1.084815247194801,41.171117279010645],[1.085084287224993,41.17108058242491],[1.085221912784641,41.17105791686946],[1.085367530244909,41.17103097019808],[1.085501435762165,41.17100094656715],[1.085774792499253,41.170930542305626],[1.085881515154302,41.170904750916236],[1.085942564061007,41.17089189268978],[1.086066098204438,41.1708700731519],[1.086163104523673,41.17085456883467],[1.086212228359005,41.170850069604576],[1.086381148560345,41.17084161316216],[1.086521294107416,41.17083475078986],[1.086656254706766,41.17082582060631],[1.086730125646498,41.17081884932417],[1.086877270299277,41.170800843385265],[1.087061643371552,41.170773366448195],[1.087259897164827,41.17073585098857],[1.087366310076511,41.17071248507496],[1.087782337673777,41.17059327987871],[1.087901502187034,41.17055769468149],[1.08809644362115,41.17049463194086],[1.088306458336198,41.170425603606326],[1.088549262454925,41.170352164236704],[1.088911210152086,41.17024791167142],[1.089148533850494,41.170178433546056],[1.089202353794625,41.170159959305074],[1.089227947126507,41.170148853846875],[1.089264154311156,41.17012936719525],[1.089326519572952,41.17008752516604],[1.089490379467225,41.16996990078249],[1.089556404992562,41.169925146816915],[1.089591099628526,41.16990437397158],[1.089646711002639,41.16987755231678],[1.089723658203648,41.169846670389674],[1.089800276295936,41.16979425528864],[1.089850687853051,41.1697617628307],[1.089955926058402,41.169700724143084],[1.090018410303075,41.16966708043071],[1.090052398306115,41.16965422224906],[1.090142090025878,41.169627784558486],[1.09024223867959,41.169598367356166],[1.090352855626769,41.16956146710543],[1.090542709476354,41.16950101816495],[1.090663694317509,41.16946419918334],[1.090686366705789,41.16945926014495],[1.090733373361352,41.169453733114615],[1.090767652386732,41.16944727478788],[1.090838457726966,41.16942673901687],[1.090976092134909,41.16938713278663],[1.091013299333125,41.16937423752775],[1.091084862939192,41.16934398616733],[1.091297934038413,41.169255637008376],[1.091402975290874,41.169209545998726],[1.091507921605089,41.16915849925337],[1.091660868964852,41.16908816013684],[1.091703035540667,41.16906453783329],[1.091781806198723,41.16901179671221],[1.091842046856753,41.16897325088411],[1.091949892726245,41.168912613786006],[1.092005779739099,41.16888444442773],[1.092171327327953,41.168811160474974],[1.09229266992749,41.16876191547475],[1.09231792482375,41.1687542265343],[1.092370922763613,41.16874348356182],[1.092409255579828,41.16873285831325],[1.092518229589651,41.16868674124351],[1.092570587999472,41.168661035322145],[1.092851349838098,41.1685154347477],[1.092989878749755,41.1684407120251],[1.09325362996532,41.168293838384585],[1.093456089644403,41.16818477288637],[1.093643782468193,41.16809167627384],[1.09381280443473,41.16800529655291],[1.094006735947632,41.16791077118826],[1.094095028160308,41.16786665275769],[1.094137905342934,41.16784313136497],[1.094167160509151,41.1678248793834],[1.09422229382654,41.16778561737823],[1.094341401591654,41.167698141888636],[1.094451175544146,41.167620149984806],[1.094476048326094,41.16760092478032],[1.094523934463752,41.167560822303784],[1.09456217586156,41.16753272046347],[1.094699190409713,41.167444279383645],[1.094376367749055,41.1673506736568],[1.094173693451945,41.16728193118093],[1.09393604660711,41.16718189517195],[1.093840612860346,41.16713095746456],[1.093733345529457,41.16706469166673],[1.093656878204662,41.1670174000117],[1.093616381848583,41.16699574343139],[1.093566887430415,41.16697609988496],[1.093462385463806,41.166946089293916],[1.093252560875215,41.16688560389132],[1.093046002232921,41.16682760410291],[1.092906025361683,41.16678367552789],[1.092814347621429,41.16675126424787],[1.092633749075556,41.16668180321307],[1.09248787116685,41.16661940144918],[1.092418450356902,41.166584025206326],[1.092200536135917,41.16646134311159],[1.091907786365573,41.166292745897785],[1.091835373774691,41.16624957344653],[1.091671195236658,41.166144172808906],[1.091632218402396,41.166107138019896],[1.091619080881491,41.166087464665225],[1.091616521535257,41.16607706380839],[1.091620431308586,41.16605731221797],[1.091636561865166,41.16601893736181],[1.091648531323865,41.166000760306645],[1.091674372127176,41.16597281454206],[1.091733395067188,41.165922719118285],[1.091752483254522,41.165909794047806],[1.091793456331267,41.16588615194276],[1.091810778285302,41.16587247704931],[1.091817801316215,41.165864576652254],[1.091937417503499,41.16569370350195],[1.092274747203811,41.1655658838378],[1.093474067067253,41.16509715288766],[1.093628897125184,41.165035489277706],[1.093864515290887,41.164941743138804],[1.094096789848932,41.16484406807856],[1.09422515177946,41.16475377311632],[1.095393266049315,41.1638998901086],[1.096299560714921,41.16324145826904],[1.096833965866446,41.16285115907195],[1.097266681684023,41.16255213633356],[1.09773246953531,41.16229350153803],[1.098674394579107,41.16180593695042],[1.099053218168174,41.16160618140635],[1.098440478792658,41.16116417592054],[1.098171448366202,41.160888437083365],[1.09780931401266,41.16057630353795],[1.097715246133025,41.16045333421093],[1.097577691976573,41.16030541371368],[1.097360235702765,41.1600970883895],[1.097290907623178,41.1600338836974],[1.097214199473143,41.159974642558225],[1.097064948480966,41.159868292837245],[1.096959672919966,41.159803504063916],[1.096758947612104,41.15969687711678],[1.096510777488982,41.159582351003],[1.096129594652681,41.15946797084077],[1.095909245171502,41.15944491141814],[1.095775217641207,41.159514814279376],[1.095289451221111,41.15930772984133],[1.095173981964261,41.159282313649584],[1.095010897202881,41.1592466531613],[1.094975284151621,41.159241741420026],[1.09488343353078,41.15923211769793],[1.094793884559553,41.15922694773168],[1.094664621284374,41.15922769272234],[1.094601946997236,41.15923125118115],[1.094539570193737,41.159236886224946],[1.094446488628818,41.1592492199043],[1.094385514611874,41.159259922189996],[1.094327103513992,41.159272907362414],[1.094236931527412,41.15929565874406],[1.094153382192653,41.15932209118113],[1.093839375257561,41.159438432302665],[1.093616775175102,41.15956076707922],[1.093386061944222,41.159663013358326],[1.093108571675905,41.15959071782099],[1.093019124518647,41.15942289229195],[1.092974149824887,41.15934612616539],[1.093024933326912,41.15925103685849],[1.092534740084755,41.159464783939505],[1.09216353347757,41.159615283430924],[1.091273171990456,41.160061462008215],[1.091062464102375,41.160163902070146],[1.090635518703136,41.160362114076825],[1.090240640998714,41.16054356121864],[1.089002294615205,41.16113537426268],[1.088622867091617,41.16131391917076],[1.088214895837063,41.16151081517703],[1.087815683600644,41.16169740634134],[1.087597175775842,41.1617971885904],[1.087316467883777,41.161925122966494],[1.087080675569849,41.16202903122253],[1.086961343595822,41.16207911483529],[1.08667259482016,41.16219655574322],[1.086372676863878,41.16231687312701],[1.086151245066953,41.162402282317515],[1.086039220413751,41.162442848294575],[1.085782889759033,41.16253356875283],[1.085810699766188,41.16257119456804],[1.085837106390277,41.16262225440361],[1.085784414170818,41.16271694844666],[1.085670246628577,41.16280251549798],[1.085414139905192,41.16299003209947],[1.085307536849023,41.16306545591261],[1.085249708116105,41.163098994258625],[1.085066038833431,41.16318908154526],[1.084849425572549,41.163297176766655],[1.084580220140242,41.16342673655023],[1.084006679900952,41.163692836861664],[1.083732629984125,41.16381672957444],[1.083688220227781,41.163835537788025],[1.083529333658008,41.16389712059404],[1.08347596115527,41.163920823942675],[1.08345042563049,41.16393409087541],[1.083413416401455,41.1639566249123],[1.08339900488848,41.163968545422506],[1.083391234834176,41.163977513778015],[1.083380058161451,41.1639970542533],[1.083362060258561,41.164046205787606],[1.083355494387614,41.16407113724403],[1.083318130441986,41.16424922310216],[1.083253375503126,41.16451251409332],[1.083223707552519,41.164622721958445],[1.083206380857016,41.16467746920237],[1.08312021377047,41.164910589769434],[1.082988428099694,41.16528589941963],[1.08295718992351,41.165380408232856],[1.082928447073377,41.165471085331454],[1.082909698283384,41.16551734193279],[1.082899952240921,41.165532762732184],[1.082873755791912,41.165560520449816],[1.0828189750354,41.16560797959369],[1.082612842915852,41.165781458257335],[1.082566330893742,41.165823290004596],[1.082515037099428,41.16588197613704],[1.082461341617876,41.165957646291254],[1.082373062712589,41.16609119942027],[1.082287746707699,41.16620894872831],[1.082241038192562,41.16627797939958],[1.082222688856445,41.16629821115465],[1.082182238007617,41.166336540564686],[1.082146715197377,41.16636936732051],[1.082130943746052,41.166387029781774],[1.082104106072498,41.16642450463907],[1.082027405012301,41.16654518928851],[1.08165046103682,41.167090983463105],[1.081575530419797,41.16719584422812],[1.081461302345584,41.167368957811014],[1.081291354874555,41.16762572375689],[1.081207144964773,41.1677462829068],[1.081156714567652,41.16781615192994],[1.081146466482195,41.16782832155839],[1.081122204993085,41.16785097683799],[1.081073438861394,41.1678882667585],[1.081046260649393,41.16790465839509],[1.080997499023564,41.1679295181592],[1.080896558821779,41.16797377633551],[1.080878363821278,41.167980499349206],[1.080840826993255,41.16799239502885],[1.080813813964412,41.16800311470264],[1.080798910311722,41.16801142372744],[1.080773297643999,41.168031354231275],[1.080627957649844,41.16816755937838],[1.080530950799008,41.1682608828842]]]]}},{"type":"Feature","id":"431233--barri--carme","properties":{"name":"CARME","officialName":"CARME","municipality":"Reus","kind":"barri","quality":"official","code":"3"},"geometry":{"type":"MultiPolygon","coordinates":[[[[1.101906912774645,41.153912291313304],[1.102023426369575,41.1540129299127],[1.102009831789823,41.15431526560451],[1.10200226205447,41.15488423007905],[1.102005590570426,41.15510793916641],[1.102002666954534,41.15553628408411],[1.101985892660412,41.15593656812853],[1.102144469873503,41.15616994754187],[1.102759022159383,41.15614682008845],[1.103636620791897,41.15611882671707],[1.103866486899363,41.156111526492055],[1.104549235566313,41.15607915196492],[1.104603720772001,41.15607842595248],[1.105101607758241,41.15605904352876],[1.105537235428069,41.15604548205678],[1.106373416999362,41.15602372326818],[1.1064018481646,41.15602139771169],[1.106424646771048,41.15601186381657],[1.106493410265403,41.15598290784245],[1.106583269248726,41.155883409674715],[1.106708948620496,41.15574423619871],[1.106753701720596,41.155737944969324],[1.106834616609252,41.15550589063451],[1.106891419575678,41.155279295330395],[1.107022912160058,41.154804960472205],[1.107066281952994,41.15465596876929],[1.10713119947799,41.15444553969506],[1.107207032067376,41.15418286645476],[1.107265652916722,41.15409204268121],[1.107343265420247,41.1540080158448],[1.107659487399259,41.15371568867697],[1.107737598875385,41.1536350024994],[1.108235023487945,41.15312046040231],[1.108674349502793,41.15262856294159],[1.108648950610784,41.15256266245956],[1.108437495785767,41.15239814222025],[1.108229338467028,41.152235026788695],[1.107662360123877,41.151789676977884],[1.107552289157565,41.151688609283696],[1.107370055109797,41.15155663294468],[1.107269038926862,41.151488860898],[1.107006227615085,41.15176413888559],[1.106847400575608,41.15194987765162],[1.106620304047395,41.152209707652695],[1.106308211538739,41.15256163895034],[1.106050775676589,41.15285276591668],[1.105859274782551,41.15306390816519],[1.10581946463474,41.153097302514176],[1.105357925048595,41.15281490582559],[1.105280478265337,41.152723199123294],[1.105183692762955,41.15286888073561],[1.104896763000202,41.15273914390688],[1.104637225728433,41.152626610289055],[1.104274064679309,41.152458328531516],[1.103703662725033,41.152199086635164],[1.103201610149716,41.15197501396373],[1.103062682643357,41.15193273636697],[1.103157591025324,41.152030406379964],[1.103085369447493,41.1521174915084],[1.102521869350408,41.15309219464057],[1.102265851689622,41.15353204894103],[1.102198898379322,41.153647143171334],[1.102069166173688,41.153856502965745],[1.101906912774645,41.153912291313304]]]]}},{"type":"Feature","id":"431233--barri--pelai","properties":{"name":"PELAI","officialName":"PELAI","municipality":"Reus","kind":"barri","quality":"official","code":"30"},"geometry":{"type":"MultiPolygon","coordinates":[[[[1.08114561980909,41.159891170306516],[1.081391279556243,41.16031608271732],[1.081499079886508,41.160591311181555],[1.081462833219092,41.16060440125981],[1.081432681644702,41.160618605294026],[1.08140322758758,41.16063632658476],[1.08137541080434,41.16065770727829],[1.081350293461942,41.16068271120489],[1.081328987945265,41.16071107868458],[1.08131255487833,41.160742301708794],[1.081301883828367,41.16077563154978],[1.081297578369134,41.16081012540891],[1.081299871306174,41.16084472903271],[1.081308591461798,41.16087838144636],[1.08132107966381,41.16090699722314],[1.081342824086293,41.16093916917717],[1.081366461435725,41.1609649841158],[1.081393006611415,41.16098726908367],[1.081421400571406,41.161005952623],[1.081450696180986,41.1610211454915],[1.081482048925459,41.16103377746976],[1.081517083460132,41.16104419427585],[1.081555492787974,41.161051709767314],[1.081596704365317,41.16105564684501],[1.081655799708786,41.16105364834805],[1.081618822092966,41.16142462515702],[1.081393517664086,41.16344754216963],[1.081320794989344,41.163595404856515],[1.081965487584789,41.163493535121965],[1.082674260985223,41.16336444378803],[1.083551186899355,41.16317878340801],[1.08422907782541,41.16301710297525],[1.08494296403938,41.16280611518601],[1.085457262383531,41.16263819824723],[1.085748398370441,41.162545390243665],[1.085782889759033,41.16253356875283],[1.085758426690286,41.162499709007065],[1.085753793925615,41.162454054669546],[1.085767713300635,41.16242212925911],[1.085787432276684,41.162395704539065],[1.086150181502113,41.162291203407534],[1.086188491229183,41.162260763539834],[1.086227092438333,41.1622161868745],[1.086239357954145,41.162179640187965],[1.086229388929233,41.16213713998971],[1.085941469669333,41.1617296414293],[1.085831020217627,41.161576574202755],[1.085680807616381,41.16134403215193],[1.085577505777208,41.16118702997706],[1.08551355819807,41.161057973366695],[1.085490084742713,41.160934722763066],[1.085488166476637,41.16084488711252],[1.085478092339046,41.16040822111824],[1.085467169515924,41.16015249976026],[1.085433646750092,41.15997314634171],[1.085471425502314,41.15995683950794],[1.085514118130156,41.159919086527246],[1.085546273625934,41.159870710044906],[1.085559927745445,41.15982328750566],[1.08555486895176,41.15980050487983],[1.085550391492063,41.15978232567917],[1.085524926586448,41.159756321978776],[1.085474989580934,41.15972757014479],[1.085415712396527,41.15970442798898],[1.085342123245718,41.15969392881582],[1.085288499226402,41.15969772250246],[1.085251145060273,41.159654317232544],[1.085223979768286,41.159461287951785],[1.085052502500113,41.15940700886995],[1.084403109785712,41.1593851464804],[1.08371637772868,41.15932762127692],[1.082986991000089,41.159257403207484],[1.082518243414396,41.1592123208786],[1.082171028705811,41.15924212737223],[1.08126074051784,41.159813820303036],[1.08114561980909,41.159891170306516]]]]}},{"type":"Feature","id":"431233--barri--sol-i-vista","properties":{"name":"SOL I VISTA","officialName":"SOL I VISTA","municipality":"Reus","kind":"barri","quality":"official","code":"31"},"geometry":{"type":"MultiPolygon","coordinates":[[[[1.085356426440121,41.154509200704794],[1.085377698666179,41.15513145655507],[1.085422463267105,41.15560058496741],[1.085426681458095,41.15562767721598],[1.085453105512016,41.15589131235068],[1.08547130656286,41.15609752385419],[1.085478424628117,41.15638164562998],[1.085485851534687,41.156540299309626],[1.085480338523293,41.156689010201724],[1.085467424058381,41.156829941939314],[1.085540408865298,41.15710222614808],[1.085527756495816,41.15722177937433],[1.08542916171157,41.157367409413744],[1.085408096146943,41.15753865086718],[1.085385447680965,41.15770284025868],[1.085368493154682,41.157851541342886],[1.085370020099073,41.157950738243535],[1.085309803087777,41.15856692616622],[1.085223979768286,41.159461287951785],[1.085251145060273,41.159654317232544],[1.085288499226402,41.15969772250246],[1.085342123245718,41.15969392881582],[1.085415712396527,41.15970442798898],[1.085474989580934,41.15972757014479],[1.085524926586448,41.159756321978776],[1.085550391492063,41.15978232567917],[1.08555486895176,41.15980050487983],[1.085885235960325,41.15971068949867],[1.086845632113482,41.159464147592466],[1.087306374905061,41.159345865364344],[1.088011014269423,41.15916019578167],[1.088736242887605,41.15897540347362],[1.089377106421997,41.15880433528333],[1.089312590552428,41.158651498014294],[1.089313554981422,41.1586470102858],[1.089315967190218,41.15864191602149],[1.089320646371091,41.158632625827714],[1.089329316087944,41.15861313329116],[1.089343646695491,41.158583376006135],[1.089349873194021,41.15855771795762],[1.089348655183383,41.158550401779884],[1.089346898009026,41.15854523844911],[1.089352611118882,41.15853317308396],[1.089367757947928,41.158512256577154],[1.089415778008152,41.15845918770113],[1.08945466325972,41.15842109994334],[1.089534146342663,41.158318741190904],[1.089620240509279,41.158239100476116],[1.089689652527453,41.158167560298246],[1.089728380375789,41.15811433738865],[1.08974323582753,41.158087020743054],[1.089745840953771,41.15804238713331],[1.089739202085512,41.15800417583848],[1.089734704846171,41.15796609008589],[1.089724609740573,41.157923768214474],[1.089715994430506,41.15788795618541],[1.089690009415364,41.157822312174666],[1.089661718905858,41.157737534263305],[1.08962880986294,41.15768051274904],[1.089574883508824,41.157600264295944],[1.089571901167943,41.15759625163894],[1.089563174119848,41.15758484782967],[1.089551752584664,41.1575677247219],[1.089544701101383,41.1575560784414],[1.089531672861806,41.157532713606074],[1.089528525378263,41.157526176137594],[1.089523429476853,41.157512850838636],[1.089514198497066,41.15748594593218],[1.089508022661333,41.15747287296739],[1.089496202987332,41.157453041036156],[1.089487642086253,41.15744001863908],[1.089469194276652,41.15741449232393],[1.089431800349475,41.15736829543251],[1.089422879492258,41.15735535714231],[1.089411463253307,41.15733805395991],[1.089405154300192,41.157329572564066],[1.089394327488052,41.15731660270068],[1.089372065208319,41.15729110325924],[1.089343187878937,41.157259459270634],[1.089332933205711,41.15724730954587],[1.089328348449819,41.15724101848574],[1.089322319536238,41.15723110053843],[1.089316710654236,41.15721902777002],[1.089310388018118,41.15720279976877],[1.089306808466619,41.15719472387694],[1.089290804276954,41.15716302289831],[1.089278681535975,41.157133097623536],[1.089271176506989,41.15711243640165],[1.089267783972432,41.157102021679655],[1.089264334979781,41.15708944424361],[1.089262971767555,41.15708302639926],[1.089262881006526,41.15708245742885],[1.089261459083903,41.157073543558994],[1.089260328248906,41.157059112968085],[1.089260848168405,41.15702885667902],[1.089259809079177,41.15696605780899],[1.089258456985061,41.15693459954499],[1.089255055025349,41.15688752450167],[1.089254250874088,41.156882376955856],[1.089251207885836,41.156872238245896],[1.089243319416507,41.15685247141076],[1.089240633797026,41.15684233862057],[1.089237991920585,41.15682247855047],[1.089236821928229,41.156809398421856],[1.089235209730616,41.156782799850355],[1.08923317655559,41.15672962244049],[1.089231445238477,41.156703021895304],[1.089228276629552,41.15667666776237],[1.089225915424306,41.15666356789992],[1.089214442934651,41.15661122493326],[1.08920631596315,41.15657091724494],[1.089203681937897,41.15655078708103],[1.089202479340259,41.15652239381117],[1.089201820129774,41.15649581102536],[1.089201942846838,41.156491579574656],[1.089203143862313,41.15648304242936],[1.089206734493928,41.15646607790322],[1.089208054629447,41.1564575427312],[1.089208448888743,41.1564439480703],[1.089211390706832,41.15643291768761],[1.089216462023137,41.15641831961715],[1.089218462940607,41.15641096668628],[1.089225069466776,41.15637630751842],[1.0892268079958,41.156361564162665],[1.089228806636326,41.15634196111323],[1.089230758924312,41.156332175375155],[1.089232210246686,41.156327335414865],[1.089236177146993,41.15631794334679],[1.089245654294868,41.156299364925026],[1.089249975943385,41.15629006880718],[1.089254513315235,41.156277443520196],[1.089260131586678,41.156260422506634],[1.089263474154353,41.15625201091043],[1.089265241060708,41.156248617363424],[1.089269603497179,41.15624202414414],[1.089279509132436,41.15622921756131],[1.089283516814492,41.156222528390686],[1.089291543597898,41.15620464653193],[1.089295140065142,41.15619569869587],[1.089299708751254,41.15618199303606],[1.08931232802335,41.156137255087565],[1.089321115847905,41.15610956775341],[1.08932328285804,41.156100596237316],[1.089324294236608,41.156094487950185],[1.089325242297053,41.156082343647725],[1.089325005348963,41.15606585615754],[1.089324411698136,41.15605755950407],[1.089322625207417,41.15604518975551],[1.089316230863979,41.15601499907466],[1.089308885835545,41.15596416566988],[1.089300834904851,41.155908906938606],[1.089299487374009,41.1559019489086],[1.089295487212178,41.15588783108105],[1.089290285406604,41.15587405364432],[1.089282471769749,41.15585581930921],[1.089278685378456,41.15584665909929],[1.089259931627563,41.155802932704795],[1.089255294105425,41.15579024550356],[1.089249948066533,41.15577322300689],[1.089246974637177,41.15576479685611],[1.08924596260723,41.1557627083862],[1.089243451624036,41.155758883676675],[1.089237357578682,41.15575121649771],[1.089235092669017,41.155747125641994],[1.089232699177081,41.15573924954269],[1.08923233757642,41.15573528029077],[1.089233105494836,41.15572934811927],[1.089238402912127,41.15571106075209],[1.089242531645139,41.15569608676744],[1.089244602048012,41.155690446394736],[1.089250516596107,41.15567964540295],[1.089257122363547,41.15566966652843],[1.089259733535616,41.1556659266703],[1.089261438907251,41.155664243512135],[1.089263046372101,41.15566264880617],[1.089326993111893,41.15561921147507],[1.089335889880291,41.15561242314071],[1.089347011734245,41.1556028793655],[1.089352751339574,41.15559811043724],[1.089385054271798,41.15557324461507],[1.089401731324589,41.15556118070299],[1.089404885869469,41.15555925132471],[1.089411785335611,41.15555558249523],[1.089426158978877,41.15554897494765],[1.089433058442781,41.15554530611684],[1.089448473798198,41.15553565330074],[1.089455891506924,41.15553055186652],[1.089465909926779,41.15552207069209],[1.089498276394725,41.15549090070031],[1.089517288121808,41.15547230002932],[1.089549786712138,41.15544068184024],[1.089560188568474,41.15543130626682],[1.089574718793468,41.15541929684552],[1.089581926954655,41.15541320111677],[1.089611886477265,41.15538694530403],[1.089618340760479,41.15538218819895],[1.089627338313769,41.15537603202968],[1.089631132815092,41.155372581983826],[1.08965603020684,41.15534417061364],[1.089668719743299,41.15532987884105],[1.089676130532955,41.15532090408967],[1.089690133933052,41.155302400590074],[1.089706507607492,41.15528024330449],[1.089719775393884,41.15526244821127],[1.089723642968562,41.15525647729651],[1.089725790671604,41.15525227938094],[1.089729138344401,41.15524368770558],[1.089732383506429,41.15523041047704],[1.089736147139461,41.15520336049131],[1.089740982124767,41.15516813150135],[1.089741848459005,41.15515058139121],[1.089741234825739,41.15513886159013],[1.089740329804538,41.15513308185669],[1.089738436238037,41.155124403379084],[1.089729974993804,41.1550956196721],[1.089723855082849,41.15507651267359],[1.089710654490715,41.15503855298607],[1.089692999779751,41.1549898007061],[1.08968845263121,41.154978105832946],[1.089678641017139,41.154954794280115],[1.089664876909928,41.154923941111534],[1.089658419606369,41.15490825133887],[1.089649928756331,41.15488460136133],[1.089648309035252,41.154878809790105],[1.089646025151406,41.15486715239946],[1.089645051570551,41.15485551671011],[1.089644923916901,41.15484758807106],[1.089645732843957,41.15483201864132],[1.08964891821114,41.15480847197126],[1.089654482624647,41.15477685802957],[1.089656726186983,41.15476113221171],[1.089658135920783,41.1547453925839],[1.089658360399354,41.15473764992502],[1.089657987628555,41.15472584403785],[1.089657933058996,41.154715394532936],[1.089651489318632,41.15467457429676],[1.08964504819554,41.15463366402919],[1.089640571801434,41.15460719816504],[1.089636857806813,41.15458732034052],[1.089630807737043,41.15455758574299],[1.089624040355248,41.15452792933887],[1.089622205900691,41.15452132354318],[1.089620003652183,41.15451507195257],[1.089617542286555,41.154509536663525],[1.08961224654174,41.15449900035219],[1.08960714465954,41.15448999851199],[1.089587556960975,41.154458598509116],[1.089583016739565,41.15445077693435],[1.08957985372492,41.15444477965257],[1.089575588284793,41.15443570159047],[1.089573818138604,41.154430988416266],[1.089572283617561,41.15442636921877],[1.089564684104171,41.15440075236525],[1.089559405952165,41.15438138907591],[1.089555892725514,41.15436691902267],[1.089551045019969,41.15434504078601],[1.089547033749628,41.15432308632875],[1.089537205754249,41.15425924112205],[1.08952784902367,41.154195583867875],[1.089522892928536,41.154161003378505],[1.089519237376457,41.15413500147457],[1.089514290079547,41.15409600749668],[1.08951211683574,41.15407642540909],[1.08951029572309,41.15405702930214],[1.089509576068778,41.154044857371275],[1.089509405012709,41.15403431586175],[1.089509549541589,41.1540252207658],[1.089510376755579,41.15400902111894],[1.089512508341181,41.1539848264766],[1.089514997275152,41.15396063775295],[1.089516458266317,41.153947240902085],[1.089519635793729,41.15392396432502],[1.08952458467047,41.153888917372],[1.089526761315105,41.15387138896297],[1.089528464102451,41.15385376263115],[1.0895303740606,41.15382488046073],[1.089531357883287,41.1538032789575],[1.089532183695909,41.15377068578953],[1.089532173082304,41.15373816884183],[1.089531312992245,41.153706178269076],[1.089529247297088,41.1536582246011],[1.089528157502349,41.15363415674959],[1.089527538951987,41.15361027685156],[1.089526012632363,41.15354783017626],[1.089525987747936,41.153532246933835],[1.089526324474706,41.153520632943945],[1.089527429059568,41.15350308677728],[1.089529248339058,41.153485552448025],[1.089533489348085,41.153454366956716],[1.089537442526013,41.1534248881069],[1.089543630571975,41.15340460723864],[1.089548426781084,41.15339126562684],[1.08955334210386,41.153377925987655],[1.089554624619054,41.15337479463387],[1.089557640009547,41.15336944012708],[1.089567988619648,41.153353668400534],[1.089572270860529,41.1533457227249],[1.089578338178068,41.15333375327705],[1.08958381252548,41.15332168393359],[1.089584843755908,41.15331899878834],[1.089586064576805,41.15331388478068],[1.089586555042903,41.1533092991215],[1.089586908370178,41.15329300154923],[1.089587144943834,41.15328895212995],[1.089588153634609,41.15328293386715],[1.08958907357919,41.15327997665618],[1.089590229144561,41.15327711342183],[1.089594400092442,41.153268895679446],[1.089598298876147,41.1532618443934],[1.089602049831787,41.15325578147465],[1.089609030906596,41.15324517827141],[1.089614732079932,41.15323761639144],[1.089623758994121,41.15322632647757],[1.089633611882755,41.1532153204653],[1.089645541931662,41.15320254737065],[1.089574641985147,41.153226980769176],[1.089571285871421,41.15322764577657],[1.089565050105525,41.15322898368252],[1.08955057875786,41.15323486904096],[1.089539101911148,41.15323612013846],[1.089524657618838,41.15323696178833],[1.089522191781413,41.15323980331997],[1.089519749436183,41.15324183457313],[1.089518296558267,41.15324262117654],[1.089505856344876,41.15324421661106],[1.089490143545377,41.1532435960594],[1.089458057111439,41.153244595858],[1.089415142575345,41.153240912583506],[1.089373379075966,41.153242742883315],[1.089344760042462,41.15324334971459],[1.089330813093008,41.153243478985054],[1.089288000379368,41.15323628445735],[1.0892747429904,41.15323318247368],[1.089263425387454,41.15322894165744],[1.089249114236984,41.15322519169578],[1.089224877349943,41.1532226284193],[1.089182829613675,41.15322193186479],[1.089155023510944,41.15322327270924],[1.08912587841909,41.15322558218044],[1.089075455068583,41.153230151281804],[1.089044739597249,41.15323729872091],[1.089024546429385,41.153239125955096],[1.089008210962314,41.15324353917486],[1.088990358324424,41.153246846366336],[1.088972150949549,41.153250057603685],[1.088957210918299,41.153255664899596],[1.088938332241431,41.15326147716018],[1.088921860986857,41.15327057197433],[1.088906795613583,41.15328050074674],[1.088895954111986,41.15328860794295],[1.08888477353917,41.15329607900106],[1.088869637653089,41.15330843860257],[1.088857412758233,41.15331904495054],[1.088850512502613,41.15332685714745],[1.088834684410114,41.1533425380191],[1.088817389363831,41.153363599031984],[1.088805989423782,41.15337863267698],[1.088798778811451,41.15338481839338],[1.088792510678071,41.153391380022235],[1.088789788293238,41.153394847806204],[1.08878520084927,41.15340427494362],[1.088776830009673,41.153421700704214],[1.088768511391756,41.153437325846234],[1.088750338694824,41.15346810031531],[1.088742020064397,41.153483725455025],[1.088738452409894,41.15349168293961],[1.088725797178096,41.15352534112683],[1.088708416049986,41.15356991005094],[1.088699194677392,41.15359200556793],[1.088692707153446,41.15360612978481],[1.088678307926487,41.153634174469786],[1.088667688477909,41.15365516592737],[1.088653184769108,41.15368681184379],[1.088646528490436,41.15370264467032],[1.088643538112263,41.153711242236525],[1.088638510283671,41.15372845315939],[1.088634444231166,41.15374126638582],[1.088626020060559,41.15376463614451],[1.088620680284776,41.153776167225494],[1.088600706599613,41.15381150560622],[1.088582758890026,41.153842734145115],[1.088577399224668,41.15385084207651],[1.088574187284652,41.15385475211316],[1.088568905965983,41.15386015911787],[1.08853402539334,41.15389173756582],[1.088501121169493,41.15392091675278],[1.088497826669019,41.153923564380904],[1.088490652531078,41.15392848964337],[1.088483014984264,41.153932956854945],[1.088466921741622,41.15394133727306],[1.08844527338608,41.153952237777524],[1.088434160555322,41.15395736798497],[1.088416804030192,41.15396410612548],[1.088386004567785,41.15397413436657],[1.088365328436973,41.15398027703857],[1.088323523204948,41.15399174419671],[1.088265651832354,41.154006548026125],[1.088236494881736,41.15401336078058],[1.088161307130543,41.15402940881009],[1.088147387706637,41.15403269098755],[1.088119771414901,41.15403979947121],[1.088098790135435,41.154044135554166],[1.088045754928758,41.15405244402134],[1.087989257484089,41.154060965294924],[1.087986033492253,41.154061182075075],[1.087979251670081,41.15406079943388],[1.087974370492398,41.154060628446764],[1.087968864993478,41.154061437925876],[1.087958174771053,41.15406432323875],[1.08795278055103,41.15406540478417],[1.087950033026254,41.15406562946157],[1.087936331977263,41.154065492415846],[1.087929314533893,41.15406501579172],[1.087918858377609,41.154063941718675],[1.087903210719658,41.154061070175636],[1.087893280670612,41.15405829341291],[1.087888560411488,41.1540566839034],[1.087881735238667,41.154053688387656],[1.087830704769194,41.15402987351926],[1.087780500316101,41.15400634254464],[1.087661384521432,41.15395095378623],[1.087653378655747,41.1539475783854],[1.087636869557254,41.153941539929136],[1.087619741362577,41.15393630187342],[1.087584855430136,41.153926986280496],[1.087546763813366,41.15391725722941],[1.087527574068813,41.153913246017005],[1.087508003459404,41.153910039153736],[1.087498148144819,41.153908794856626],[1.087477694073404,41.153907284748534],[1.087436736283415,41.15390597510696],[1.087389693100658,41.15390492484188],[1.087366100192126,41.15390480385321],[1.087342608107222,41.15390531505056],[1.087330792053155,41.15390592978306],[1.087319328121757,41.15390673050161],[1.08729650369454,41.153908874095336],[1.087273774861899,41.15391182993702],[1.087228759682041,41.15391891990849],[1.087208995689115,41.153922375274],[1.087169578973301,41.153929558062494],[1.087139997759716,41.153934562020154],[1.08700795877456,41.15395489077197],[1.08695719719213,41.15396287614845],[1.086931925057691,41.15396723092694],[1.086914778987706,41.15397081973568],[1.086881268379735,41.15397981179077],[1.086856052615442,41.15398632926681],[1.08682042926106,41.1539942053718],[1.086802565864658,41.15399787233988],[1.086785080728922,41.154000824986234],[1.086749673198345,41.15400537190602],[1.08673219851514,41.15400796442113],[1.086723450716402,41.15400962080079],[1.086676888377856,41.15402073822831],[1.086644038654584,41.15402748932314],[1.086627392550106,41.154030275715115],[1.086604814138896,41.15403215302981],[1.086594160467073,41.1540337777841],[1.086572842664467,41.154037387412735],[1.0865568052103,41.15403973352053],[1.086537318599648,41.15404184225964],[1.086498128057364,41.15404533552968],[1.086487135332457,41.1540463241304],[1.086465028150543,41.154048389383334],[1.086448550827188,41.15404946714082],[1.086431975303206,41.15404982267373],[1.086423758865134,41.15404959628895],[1.086381193524758,41.154046187896896],[1.086328386769124,41.15404251950157],[1.086278097159126,41.15403835239997],[1.086263803158331,41.154038115243125],[1.086235289821736,41.15403917342319],[1.08619828520727,41.15404126167307],[1.086185783186399,41.15404087409073],[1.086160953175586,41.15403821025284],[1.086152410770016,41.15403689755056],[1.086135712074611,41.15403328773527],[1.086127288786903,41.1540319770076],[1.086123008432401,41.15403163576289],[1.086107277189538,41.15403164496136],[1.086096647042477,41.15403245939267],[1.086089590394739,41.15403333311786],[1.086075702256794,41.15403553467366],[1.086052100291606,41.154039826897446],[1.086006234347441,41.15404829809648],[1.08599888454532,41.154051058508344],[1.085994181461261,41.15405296209746],[1.085985225607305,41.15405767748887],[1.085972369101117,41.15406539067286],[1.08595583709691,41.15407655575495],[1.085947461129291,41.15408182121085],[1.085900880795726,41.154109962035086],[1.085863605801079,41.15413366348112],[1.085845170507389,41.15414470688797],[1.085820553016031,41.154159340735916],[1.085808763291907,41.15416725175309],[1.085773106174612,41.154192691426964],[1.085747788444035,41.1542109166032],[1.085739127129362,41.15421779864233],[1.085727888505605,41.15422725005723],[1.085721920995998,41.154231654726075],[1.085711366881773,41.154238054979245],[1.085703869158098,41.15424180373245],[1.08568840247136,41.154249113268236],[1.085669087417577,41.15425761996994],[1.085630237370938,41.154273999194295],[1.085619039162657,41.15427795674749],[1.085603878701164,41.15428292942697],[1.085596634894953,41.15428614194267],[1.085590217060391,41.15428963838919],[1.085578080397249,41.15429718332753],[1.085566875742003,41.15430546432657],[1.085545864439045,41.15432313041449],[1.085356426440121,41.154509200704794]]]]}},{"type":"Feature","id":"431233--barri--immaculada","properties":{"name":"IMMACULADA","officialName":"IMMACULADA","municipality":"Reus","kind":"barri","quality":"official","code":"32"},"geometry":{"type":"MultiPolygon","coordinates":[[[[1.088975366682337,41.14674891478665],[1.088976331932053,41.14677316075254],[1.088979311504344,41.14679780038718],[1.088984313232753,41.146822563597425],[1.088987865149414,41.146835683209446],[1.088991790041365,41.14684826855497],[1.0889963052333,41.14686104382842],[1.089007479492731,41.14688662989241],[1.089013913405071,41.14689898658132],[1.089020818514881,41.14691153122465],[1.089028440861543,41.14692399767568],[1.08903678044545,41.14693638593423],[1.089045606889924,41.14694842196086],[1.08905491758478,41.14696019578641],[1.089065059401154,41.14697207345428],[1.089075804572547,41.14698369089393],[1.089086922721779,41.14699477406595],[1.089098517291297,41.14700586512939],[1.089111075139022,41.14701661185244],[1.089123884250394,41.147026912365334],[1.089137061119259,41.147036858672024],[1.089164872831846,41.14705578461648],[1.089179626779857,41.147064766226904],[1.089194399002946,41.14707311761841],[1.089209774581627,41.14708120878006],[1.089225523137668,41.147088765672564],[1.089241046539165,41.147095868461996],[1.089257295010291,41.14710262296301],[1.089273913848042,41.147108933225496],[1.089290431854827,41.14711461129562],[1.089306960304519,41.14711992923936],[1.089323978224322,41.14712480491721],[1.089340773597668,41.14712913646075],[1.089357462918561,41.14713301587392],[1.089374758203119,41.14713654502477],[1.089391830940105,41.147139530041315],[1.089425893852286,41.14714423765979],[1.089458937025696,41.1471471268931],[1.089491667254763,41.14714847967141],[1.089523846328307,41.147148292049586],[1.089555233425537,41.14714665011376],[1.089585349517085,41.147143636005175],[1.089614541476142,41.147139615766626],[1.089640898411814,41.147134737900075],[1.089685298449475,41.147124033794135],[1.089737382098348,41.147107241793606],[1.089791199340335,41.1470840832059],[1.089913764961762,41.14713520332457],[1.090042399414073,41.14723596464186],[1.090341023762591,41.14752717443111],[1.090699914587528,41.14791123764049],[1.090922559566561,41.14817241527887],[1.091089971138477,41.148381723518476],[1.091462070392055,41.14889097782863],[1.091449193855247,41.14890355531706],[1.091442519564088,41.1489118217888],[1.091436559917838,41.14892010008472],[1.091431055843138,41.14892910651215],[1.091426375092442,41.14893848685913],[1.091422525487821,41.14894797103246],[1.091419496600514,41.148957919156594],[1.091417283216255,41.14896851129384],[1.091416398268805,41.14897849489198],[1.091416093216788,41.14898902853065],[1.091417103566196,41.14899940378578],[1.091418598169425,41.149009516830716],[1.091421400353201,41.14901974158539],[1.091425044115381,41.14902971004217],[1.091429656386101,41.14903915407847],[1.091434641625683,41.14904806384032],[1.091440696231473,41.149057081369975],[1.091447481130571,41.149065570537275],[1.09145464942792,41.14907316530548],[1.091462068979171,41.149080313859244],[1.091470213609339,41.14908711411258],[1.091479430213961,41.14909393210193],[1.091496408882103,41.1491043013396],[1.09151133225294,41.149111574044866],[1.091532783110324,41.14911976541543],[1.091549444394972,41.14912463486553],[1.09157017621618,41.14912885106608],[1.091594647320224,41.149131507792006],[1.09163482848352,41.149130731382904],[1.093736346679825,41.15167125567062],[1.093729667168251,41.15167970233369],[1.09372439425903,41.15168483949633],[1.09371477269344,41.15169611991194],[1.093706440531988,41.15170814222986],[1.09369952209689,41.15172072835658],[1.093694022597592,41.15173369822999],[1.093690185469756,41.151746875725074],[1.093687782905922,41.151759896780206],[1.09368678104934,41.151773931800754],[1.093687953790721,41.151791065283675],[1.093694363526009,41.151816662218934],[1.093701563473331,41.15183966006098],[1.093710436219741,41.151862505399656],[1.093744490923547,41.151933506238],[1.093756398827805,41.15195442009993],[1.093769505687044,41.15197508355191],[1.093783700201728,41.151995224531596],[1.093819031016343,41.152038593652144],[1.093853355640784,41.15207555086496],[1.093909193582732,41.152126825076564],[1.093954627136905,41.152162884941205],[1.093997959027901,41.152193325458704],[1.094044566926793,41.152221748384704],[1.094119318286858,41.15225775217293],[1.094131335117155,41.15226254451142],[1.094160713291213,41.152272757935584],[1.09420350709776,41.15228472427156],[1.094226063258973,41.152287709100776],[1.09424509547108,41.15228892429315],[1.094263452054983,41.15228877720662],[1.094282075507352,41.15228764370987],[1.094300862335116,41.15228498164763],[1.094319084834566,41.152281229368334],[1.094327614833114,41.152278848216454],[1.094761537191779,41.1525254335844],[1.095343646517064,41.15277842760789],[1.095724902335616,41.15290127846555],[1.09586725365167,41.1529363254112],[1.09604569600746,41.152980254745344],[1.097235039025988,41.153153456833],[1.097345467750829,41.153080696953985],[1.097342338026027,41.15309098509782],[1.097341254242848,41.15309725403857],[1.09734076903502,41.15310358209686],[1.097340888523622,41.15310992012966],[1.097341609430298,41.15311621883888],[1.097342919222142,41.153122430041314],[1.097344796608458,41.153128507876495],[1.097347212353837,41.15313440989002],[1.097350130351236,41.15314009794146],[1.097353508884369,41.15314553890035],[1.097357302001299,41.15315070511142],[1.097361460921212,41.15315557462691],[1.097365935402844,41.1531601312191],[1.097375630259309,41.153168268071376],[1.097385999860643,41.15317508962774],[1.097396698376075,41.15318063638482],[1.09740814780984,41.15318524782887],[1.097420941428099,41.15318905012924],[1.097434967071208,41.15319179273083],[1.09744238058116,41.153192688589144],[1.09745001561796,41.15319322839467],[1.097472317107081,41.15319367806446],[1.097489839344788,41.15318981523864],[1.097497733367914,41.15318782538178],[1.097505458170983,41.153185400311415],[1.097512951420798,41.15318255387323],[1.097520153749034,41.153179306632396],[1.097527010309482,41.15317568538406],[1.0975334721607,41.15317172242376],[1.09753949740154,41.15316745461817],[1.097545052005976,41.153162922331276],[1.097550110326697,41.153158168268014],[1.097558678099281,41.15314817033337],[1.097565161740755,41.153137806118245],[1.09756963743456,41.15312739174073],[1.097572726288562,41.15311541980576],[1.097573274855904,41.15310741706351],[1.097572833879393,41.15309761691048],[1.097570793701852,41.153087341472094],[1.097566923320504,41.15307678944184],[1.097564243029008,41.15307148887103],[1.097561044012927,41.153066221322675],[1.097557317385131,41.15306102754265],[1.097553061425854,41.15305595041932],[1.097548282303924,41.15305103410441],[1.097542994573431,41.1530463229914],[1.097537221392644,41.15304186059009],[1.097530994425599,41.153037688347766],[1.097524353405709,41.1530338444774],[1.097513608802342,41.15302853889756],[1.097711698889579,41.15213897626975],[1.097789281082722,41.15181688917592],[1.097845820719671,41.151571468492335],[1.097868367988845,41.15145915741937],[1.097913973106606,41.15130354055174],[1.09794213268682,41.15117844138652],[1.098101098566717,41.15052622269242],[1.098172761661318,41.15023979712965],[1.098317737097402,41.149636077412],[1.09818243423301,41.14944081579643],[1.098386146677527,41.14935338127051],[1.098456916925291,41.14906063554609],[1.09850384950184,41.14885063538147],[1.098538591488005,41.14869555970522],[1.09871061284656,41.148011668761086],[1.098586066056437,41.147783310039856],[1.098607666713049,41.1476048446605],[1.098442831407779,41.147531400089015],[1.09797608708179,41.147326344027526],[1.097498097185629,41.14711603256713],[1.096896072553697,41.14684933166424],[1.095907911416445,41.146406522444806],[1.095768620844792,41.14628870278824],[1.095552180786857,41.14614799141003],[1.095082517449146,41.1456757230539],[1.093844818475012,41.144431166960594],[1.09342244608958,41.144022722452696],[1.091326359779589,41.14522406076207],[1.0898270205753,41.146436051661226],[1.089782473708707,41.14641072368828],[1.089696431290907,41.14637813307664],[1.089597430024463,41.14635685728491],[1.089508246306577,41.14635042611805],[1.089397550766529,41.14635850082449],[1.089308073555919,41.14637863654852],[1.089224931978444,41.14641040665853],[1.089152976258695,41.146450919064925],[1.089126321040943,41.14647020376161],[1.08910264077757,41.14648962780988],[1.089080953932305,41.14651016576791],[1.089061892566121,41.14653056706829],[1.089044594245001,41.14655180824153],[1.089029551045303,41.146573356995],[1.089016535203582,41.14659484925919],[1.089005665825264,41.14661628700807],[1.088996469108955,41.14663757231846],[1.088989183263347,41.14665870913723],[1.088983321434551,41.14668004969597],[1.088978981844214,41.14670231621619],[1.088976294038934,41.14672515054728],[1.088975366682337,41.14674891478665]]]]}},{"type":"Feature","id":"431233--barri--clarises","properties":{"name":"CLARISES","officialName":"CLARISES","municipality":"Reus","kind":"barri","quality":"official","code":"33"},"geometry":{"type":"MultiPolygon","coordinates":[[[[1.09342244608958,41.144022722452696],[1.093844818475012,41.144431166960594],[1.095082517449146,41.1456757230539],[1.095552180786857,41.14614799141003],[1.095768620844792,41.14628870278824],[1.095907911416445,41.146406522444806],[1.096896072553697,41.14684933166424],[1.097498097185629,41.14711603256713],[1.09797608708179,41.147326344027526],[1.098478972009892,41.1475472777078],[1.098607666713049,41.1476048446605],[1.098810805179934,41.14756965067036],[1.098889647641853,41.14726213880688],[1.098950229774341,41.14696715303902],[1.098986362104464,41.1468175045448],[1.099024694433735,41.14670725477159],[1.099128195928746,41.14626273219261],[1.099297553941258,41.14609221990008],[1.099402688258687,41.14606206589088],[1.099516398717154,41.145986565541065],[1.099566984530255,41.145943082387234],[1.099580845670546,41.14589214852528],[1.099580371702105,41.14585899335873],[1.099567396378671,41.14580068163781],[1.099521309941889,41.145750111235074],[1.099462238182269,41.1457077037814],[1.0993791876518,41.1456703957417],[1.099276537579972,41.14565987706625],[1.09934219803804,41.14537461263601],[1.099465002205153,41.14489690002979],[1.099552808003389,41.14458326658042],[1.099595153951092,41.14436265152387],[1.099597159991831,41.144334401222864],[1.099603307987639,41.144207948027386],[1.099640921679519,41.144044001828455],[1.099698784295469,41.1439216432539],[1.099737092473273,41.143890658227846],[1.099784053910962,41.14389017079854],[1.099879363102823,41.14394857772909],[1.099733420375449,41.143753504541394],[1.099782240287592,41.1437216117717],[1.100099607528656,41.143492285691046],[1.100051729494743,41.14278044992756],[1.100047122731345,41.142712908333294],[1.100006345672837,41.14218467097724],[1.099969587860752,41.14160794966556],[1.099933824284136,41.14119518009877],[1.099909992571203,41.140996803993346],[1.099782868479668,41.14067404504402],[1.099529213840015,41.140396580557024],[1.099032121315455,41.13991315721121],[1.098992824508205,41.13993304658589],[1.098950017223163,41.13995071630797],[1.098903950627298,41.139965720140786],[1.098855114074027,41.13997761577336],[1.098803875230727,41.139986048964204],[1.098750959043166,41.13999067136092],[1.098697204358118,41.139991316638486],[1.098643450023252,41.13998781847352],[1.098590291509143,41.13998018668131],[1.098538795460666,41.13996861899376],[1.098489549555844,41.139953395323744],[1.098476830440176,41.1399482315671],[1.098062999261759,41.140461318645535],[1.096657969265705,41.141815561703055],[1.095310299688393,41.14284448486221],[1.094604229934008,41.14329975622072],[1.094004123527119,41.14368555189399],[1.093967299953686,41.14371043447526],[1.09342244608958,41.144022722452696]]]]}},{"type":"Feature","id":"431233--barri--blancafort","properties":{"name":"BLANCAFORT","officialName":"BLANCAFORT","municipality":"Reus","kind":"barri","quality":"official","code":"34"},"geometry":{"type":"MultiPolygon","coordinates":[[[[1.090124002153317,41.136926417453815],[1.090132456028709,41.13707878315387],[1.090239987138573,41.13743032231985],[1.090434534666154,41.13762828384148],[1.090558897172992,41.13779779075374],[1.09064007531039,41.13787867014061],[1.090750416220746,41.13795228575499],[1.091343645429869,41.1376392762394],[1.091397729726864,41.13761071677755],[1.092050196665605,41.137082595165076],[1.092391216303464,41.13734918063575],[1.092637450643994,41.1371815704903],[1.093205629356787,41.13679490654242],[1.093319801009348,41.13688029270678],[1.094110873483779,41.1373967914099],[1.094000137328178,41.13755106074929],[1.09502390738406,41.13866156537136],[1.094475985049165,41.1389490405592],[1.094956893337639,41.13958705406212],[1.096314686223512,41.13908430608942],[1.097043163929338,41.13881550352574],[1.097609929162191,41.1385644510185],[1.097983927569648,41.13891523864419],[1.098097125297581,41.13902747388719],[1.098173105531904,41.13910391277856],[1.098340936407564,41.139301959275926],[1.098457516894436,41.139233983329724],[1.09833680094761,41.13912496953565],[1.098250889651008,41.1390451645406],[1.098014700708905,41.13881613824515],[1.09781630222892,41.13862567766706],[1.097652069995014,41.13846394521519],[1.097560513758118,41.138372668856455],[1.097399916487012,41.13821204181181],[1.097142530967668,41.13795359013714],[1.097079653103735,41.13788978003538],[1.096958002680305,41.137761939216844],[1.096813433926129,41.13760669782312],[1.096568466737451,41.137342791224384],[1.096405460985715,41.137174184301166],[1.096338560672942,41.13710201155983],[1.096273018213062,41.137026230404665],[1.096225990177329,41.13705592725278],[1.096005847012536,41.13672469315582],[1.095993306821556,41.13661846855223],[1.095987957689959,41.136560282244126],[1.095963002429063,41.136426019712054],[1.095955063076123,41.136358512979065],[1.095949217827904,41.136272125175424],[1.095948951479409,41.13622771407497],[1.095953940423793,41.136162222221195],[1.095973161671503,41.13604120919432],[1.095993964103408,41.135881940616095],[1.096036167729108,41.135575663444236],[1.096039967349326,41.13553897577714],[1.096041640984249,41.13546451182073],[1.096039512909166,41.1354226821462],[1.096031021751854,41.13533715140787],[1.096017710005434,41.135232895688866],[1.096004714604606,41.135167197059864],[1.09521740162434,41.135696137628216],[1.095152766700522,41.13564070527384],[1.095037837668208,41.135544409394676],[1.095003682232871,41.13551835428501],[1.094950322245893,41.13548072270652],[1.094900380778517,41.135452605377715],[1.094829991374033,41.13541883592762],[1.094796697123906,41.13540009101052],[1.094639368734786,41.135295077840176],[1.094569220184137,41.13524473850986],[1.094502774325319,41.1351899565767],[1.094447031644908,41.13512760500677],[1.094363794023572,41.13501075453491],[1.094203815770624,41.134770765458775],[1.094099986017876,41.13461619369047],[1.094059070834828,41.13454787177005],[1.094009331838146,41.13445508393817],[1.093974764447592,41.13448865101068],[1.09290155719901,41.135073781798624],[1.092647769988,41.13521037219286],[1.092435092583996,41.135017248785196],[1.092221628248765,41.13483077747962],[1.092207885405848,41.1348404583862],[1.09189171229903,41.135041409384314],[1.091827521658495,41.13508169175293],[1.091530815691563,41.13527269527076],[1.091503620070932,41.135343764436676],[1.090987610126662,41.13572281643449],[1.090922918602785,41.13577624086421],[1.090561601839076,41.13603823206741],[1.090298587710096,41.13581436682917],[1.090176473647157,41.13650519753775],[1.090158190807406,41.13663045856453],[1.090152553611303,41.136734581317945],[1.090124002153317,41.136926417453815]]]]}},{"type":"Feature","id":"431233--barri--aiguesverds","properties":{"name":"AIGÜESVERDS","officialName":"AIGÜESVERDS","municipality":"Reus","kind":"barri","quality":"official","code":"35"},"geometry":{"type":"MultiPolygon","coordinates":[[[[1.097392795144379,41.12150741172598],[1.09746717998671,41.12154674005581],[1.098317298501401,41.122080037161176],[1.098455823760338,41.1221587939487],[1.098499730580503,41.12216456183829],[1.098572839157582,41.12215729981826],[1.098627469538491,41.122262146387364],[1.098644672023986,41.122285218799604],[1.098666502603785,41.12230476449929],[1.100366190209082,41.12335916568789],[1.10048614712026,41.1234334708505],[1.101118508636117,41.12390659478696],[1.101868575936107,41.124507846592195],[1.102952482641701,41.12538498783059],[1.103378455400398,41.125733284678276],[1.103975416697385,41.126258324484205],[1.10424126318911,41.12650832702551],[1.104828110676395,41.1270914745087],[1.105377072868812,41.12777046674143],[1.105383393528844,41.127857312421625],[1.105533048347843,41.12780644595846],[1.105976021740955,41.12765500807482],[1.106008785317194,41.12768806293128],[1.106044787965615,41.12774522088524],[1.106108223089948,41.127863449421824],[1.106151873358085,41.12794883617962],[1.106199264670989,41.12804914664939],[1.106263164180872,41.128180263394476],[1.106297158922193,41.12824513472528],[1.106334881135475,41.12830880618743],[1.106355546437195,41.128340041006915],[1.106403180309043,41.128407027756474],[1.106501947950734,41.128539437298365],[1.106575572248389,41.12863891713863],[1.10670740355122,41.12882303156162],[1.106817872737224,41.12895869541083],[1.106834999877125,41.12898870110876],[1.106842743153174,41.12900945527145],[1.106851768770689,41.12905193846319],[1.106853405742531,41.12907376338702],[1.106849405897315,41.12911765416582],[1.106843083448909,41.12914700481368],[1.106826387461468,41.12920572970089],[1.106814883387681,41.129249587401276],[1.106808623692878,41.12929335101641],[1.106808715284005,41.12931506050417],[1.106814100946648,41.1293473956037],[1.106834602719463,41.12941339645621],[1.106892384415881,41.12957927131814],[1.106924444846851,41.12965762190709],[1.107000553467464,41.12981172745531],[1.107035750604024,41.12987211455923],[1.107057684974846,41.12990066783497],[1.107099181793748,41.12994080142595],[1.107165280382104,41.12997881657945],[1.107224976583278,41.12999916209813],[1.107833738914531,41.1303644030057],[1.108410632109167,41.13073200053546],[1.108649131866271,41.13088771353973],[1.108727471708557,41.130862579239405],[1.108960278919861,41.13078797292948],[1.108033860790406,41.1301975669163],[1.10809902597992,41.13009096384658],[1.108157358790991,41.13003841615305],[1.108236005766471,41.129933868197504],[1.10828503512896,41.12980694637905],[1.1083169838461,41.12973973415447],[1.108350167149733,41.129633629923546],[1.108403949001817,41.129586051652645],[1.108572150224396,41.129465947746866],[1.108706964382744,41.12935520444102],[1.108820874069518,41.12925889051862],[1.108871369951331,41.12920540330289],[1.10888616055627,41.12916736404235],[1.108892669592122,41.12911901058672],[1.108881237288069,41.12910224944382],[1.108820666527236,41.12908333164037],[1.108793464025686,41.12905568315149],[1.108787756330563,41.12902208181387],[1.108812072822714,41.128950961182845],[1.108839912744566,41.128852515613985],[1.108952790244826,41.12861350638291],[1.109000055677347,41.12853555591719],[1.109102615635571,41.12837798503477],[1.109157963120512,41.128313137722344],[1.109204928155583,41.12827058158294],[1.109281772004037,41.12822464191337],[1.109277682772361,41.12820106540749],[1.109560673117153,41.12813238233905],[1.10959688704766,41.128140722191006],[1.109782179447063,41.12810574685794],[1.10979780012449,41.128180044175124],[1.110013210927806,41.128075123566106],[1.110481116334315,41.12741488462694],[1.110545451230035,41.12724830936703],[1.110705847962489,41.12712167911981],[1.110762333243606,41.12707108144308],[1.11085930857334,41.12703339695123],[1.110903251606424,41.12702141600592],[1.111019018111277,41.1270222307539],[1.111151634131179,41.12703367985399],[1.111272317739965,41.127070784879926],[1.111377575120073,41.12709331536089],[1.111471240103493,41.127104666863424],[1.111596509656223,41.12711059070642],[1.111687856248061,41.12710722190811],[1.11185885586159,41.127067865817445],[1.112025568212279,41.12700348861804],[1.112154582146504,41.12694101636255],[1.112250325570824,41.126892231345344],[1.112350793520576,41.126849018109766],[1.112491567654732,41.12681682284892],[1.11253430780529,41.12681355884314],[1.112655307440747,41.126773023199526],[1.11274708919913,41.12673777423188],[1.112836822928677,41.12669915892378],[1.112952793191977,41.12664286769317],[1.113063911754167,41.126581272654775],[1.113143711661715,41.12653177573187],[1.113220249638293,41.12647970331173],[1.113305840042589,41.12641516842649],[1.113360412640795,41.12634805450221],[1.113418065327,41.12629819519086],[1.113490171538281,41.12624695085979],[1.113724868974761,41.126137834857765],[1.113537565521541,41.125726913841476],[1.11333827098931,41.12528967473454],[1.113141109912829,41.12485706397179],[1.11312261269356,41.124816588106256],[1.112452571398022,41.12334650642686],[1.112385509231764,41.123200749123846],[1.112301583561659,41.12302823387055],[1.112212981402127,41.12285681300176],[1.112119581147678,41.122686574591675],[1.112021496739336,41.122517700643066],[1.111918847269023,41.122350193093254],[1.111811625035192,41.12218432202854],[1.111606981105441,41.12189309351151],[1.111548005535571,41.12189771277727],[1.111329118196107,41.12160895285253],[1.111086171994772,41.12131601545024],[1.110776752512809,41.12098181564751],[1.110541473505104,41.120749893193654],[1.110237495586171,41.120475410560736],[1.109970560546769,41.1202343212166],[1.108854195160724,41.119392112657096],[1.108736535764364,41.119308215823715],[1.108477752420144,41.1191238236219],[1.106998652560355,41.118068657431785],[1.106868393354103,41.1179757246226],[1.105358647493464,41.116898686818175],[1.105280914822475,41.116801750792014],[1.105213333668911,41.11682829382695],[1.105076232665605,41.11687837546536],[1.104548867469293,41.11707184005117],[1.104180017963563,41.11720359378985],[1.104000740318966,41.11726649225965],[1.103950009052543,41.11728277271459],[1.10384707898646,41.11731251711891],[1.103727155537867,41.11734504465648],[1.10364376520819,41.11736213928068],[1.103601313005099,41.11736801692017],[1.103440215580755,41.11738266305411],[1.103396948104083,41.11738789669211],[1.1033106124131,41.11739971831662],[1.103245398011142,41.11740603227406],[1.103184226186538,41.11740844937115],[1.103061639265593,41.11740931617802],[1.102953139262907,41.11740906337289],[1.102922931224699,41.11740748574381],[1.102862346946504,41.117401895677304],[1.102832446882406,41.11740203450942],[1.102817630123656,41.11740368242256],[1.102743680866653,41.117415527162606],[1.10267747541327,41.11739831498673],[1.102653220010269,41.11739269174452],[1.102603661008552,41.11738476077172],[1.102451712612567,41.11737118244081],[1.102302681080101,41.11735558017024],[1.102228170416516,41.117353814055505],[1.102164050749877,41.11735933473525],[1.102121580308932,41.117365842051434],[1.101712667569239,41.11744504570333],[1.101450672289078,41.11749739146217],[1.10114689954774,41.117556975580655],[1.101121116864615,41.1175630365954],[1.101071135290615,41.117578067068514],[1.100926014243738,41.117633506281344],[1.100738810111417,41.11770266446936],[1.100646180966193,41.11773861058709],[1.100509912963428,41.11779680719053],[1.100456591887192,41.11782439287377],[1.100356310836905,41.11788615428937],[1.100314913002607,41.117913305712214],[1.100295191021512,41.117928113513834],[1.100271684889175,41.1179502451272],[1.100262755374044,41.117962528399026],[1.100254565701295,41.11798220998155],[1.100245300580875,41.118030967993576],[1.100233255361435,41.11808940829522],[1.100222932886002,41.118112837892404],[1.10021238825052,41.118127436506185],[1.100187054545968,41.1181551226391],[1.100132952687786,41.118209807805464],[1.10002597896582,41.11830127344462],[1.099868004123616,41.11843072118892],[1.09975189322144,41.11852924205041],[1.099500643643438,41.11875001990659],[1.099220209555235,41.118995627348795],[1.099073452877638,41.119136608216465],[1.098962768225851,41.11925341275996],[1.098688245108951,41.119554151911935],[1.098506546239262,41.119758509187875],[1.09841992269586,41.11986282908771],[1.098357890867086,41.119944585236865],[1.098242072428797,41.12011129588921],[1.098135662116351,41.120269784570944],[1.097908821093303,41.120630937275706],[1.097797463660982,41.12081222302536],[1.097687161542976,41.120994066508715],[1.097557731234975,41.12121135408649],[1.097535727702911,41.12125152483201],[1.097462190995218,41.12139344076957],[1.097392795144379,41.12150741172598]]]]}},{"type":"Feature","id":"431233--barri--ferrer","properties":{"name":"FERRER","officialName":"FERRER","municipality":"Reus","kind":"barri","quality":"official","code":"36"},"geometry":{"type":"MultiPolygon","coordinates":[[[[1.10446169687421,41.14443497763701],[1.10449617390744,41.144441849384556],[1.105177560766692,41.144614277251115],[1.105748294950993,41.14473966673062],[1.106461537291527,41.14489846844332],[1.106498549219486,41.14497473849472],[1.106620562101524,41.14492927204431],[1.10686466263751,41.14498092776564],[1.107069999047453,41.145108600181366],[1.107344559037807,41.14468462138743],[1.108689747677142,41.142852412363],[1.108965536670761,41.142447185086745],[1.109302473378693,41.141978736257094],[1.109733092138351,41.14138859965746],[1.109768190141128,41.1413405345673],[1.109895368316472,41.14116030771402],[1.110269502227642,41.14062409882292],[1.110583686746514,41.14024210510729],[1.111386100422053,41.13938728706757],[1.112003744695022,41.13872219882081],[1.111931249926092,41.13854933025239],[1.110863399096721,41.13781134143739],[1.110087530905619,41.137275029637294],[1.109598804194565,41.13693790891431],[1.10950424040296,41.1369786747362],[1.109350921494231,41.13705281545176],[1.109264649228012,41.13710310424437],[1.108742068828014,41.137377822234015],[1.108492627725548,41.13751740129258],[1.108226748770732,41.13765680030837],[1.108017327006315,41.137751096598855],[1.107936892620636,41.13778886969603],[1.107832948536341,41.137873636309244],[1.107677501627714,41.13802178110614],[1.107550243325087,41.13814669853426],[1.107238464651919,41.1384695445801],[1.107124586116179,41.13858071950661],[1.106950477677421,41.138731349379675],[1.106854179780503,41.13879486619772],[1.107675261582473,41.13942832499487],[1.108255530268676,41.13987598746123],[1.107715264629932,41.140309301887726],[1.107193536995445,41.14091838295486],[1.106775194480589,41.141511864077415],[1.106567230403563,41.14179966144015],[1.10592277629915,41.142611100871534],[1.105300729354371,41.14335958223641],[1.105175378460735,41.14359586016308],[1.104519817675324,41.14431577344708],[1.10446169687421,41.14443497763701]]]]}},{"type":"Feature","id":"431233--barri--lladoners","properties":{"name":"LLADONERS","officialName":"LLADONERS","municipality":"Reus","kind":"barri","quality":"official","code":"37"},"geometry":{"type":"MultiPolygon","coordinates":[[[[1.109482124182553,41.13685662158994],[1.109598804194565,41.13693790891431],[1.110087530905619,41.137275029637294],[1.110863399096721,41.13781134143739],[1.111931249926092,41.13854933025239],[1.112003744695022,41.13872219882081],[1.112543595184778,41.13799395309253],[1.112906674391275,41.137505383870604],[1.112711606793549,41.13710262194291],[1.112693570989246,41.136950190940695],[1.112803577258511,41.13685732227327],[1.113186346027244,41.136758736733285],[1.113540246665884,41.13668633990696],[1.113612783047658,41.136557998841695],[1.113688941735562,41.136452956197836],[1.113950640907902,41.13610090010445],[1.114301435662037,41.13562869910987],[1.114652468611998,41.13515632072878],[1.115000768498617,41.13468767969074],[1.11519120391484,41.134431646630226],[1.115284507079116,41.134305985673144],[1.115622197296794,41.133824739009505],[1.11421540217793,41.133296252026],[1.11372718521401,41.13311280478701],[1.113061343499703,41.13286258732319],[1.112214957874646,41.13394197544913],[1.111538203341624,41.13480489253551],[1.111482213203935,41.1348712616585],[1.111192160617718,41.1352146511389],[1.110974720381549,41.13545618361696],[1.11067389546348,41.13577201266537],[1.11056724956068,41.13587646388868],[1.110280777590615,41.13615694750363],[1.109933590451068,41.136473095957484],[1.109482124182553,41.13685662158994]]]]}},{"type":"Feature","id":"431233--barri--tecnoparc","properties":{"name":"TECNOPARC","officialName":"TECNOPARC","municipality":"Reus","kind":"barri","quality":"official","code":"38"},"geometry":{"type":"MultiPolygon","coordinates":[[[[1.123492504640647,41.15033173757791],[1.124135559687143,41.15015916544794],[1.126185714738522,41.14957241411325],[1.128122593132208,41.14902459164065],[1.128321143736243,41.14890215947119],[1.12878220753067,41.14883451741062],[1.129967750848712,41.14849956960631],[1.132662531359405,41.14770057627891],[1.132962904426388,41.14869887039463],[1.133477203808259,41.148564785416625],[1.1334753577582,41.1485121520126],[1.133597561198277,41.14848899848711],[1.133613836627626,41.148486559580164],[1.133647025658128,41.14848439432084],[1.133714353332436,41.14848440271507],[1.133747656370833,41.148482419420276],[1.133947697030139,41.148458453057465],[1.134117483662474,41.14843399698762],[1.134235279016605,41.14841500498512],[1.134406666838363,41.14837607238205],[1.13455136305003,41.14834130168869],[1.134573375540652,41.148161418472306],[1.134668526275208,41.147599360597304],[1.134562049979127,41.14739109781796],[1.134575631487441,41.14738699386685],[1.134610019965172,41.147376110489596],[1.134644309707952,41.147364504908836],[1.134678014091273,41.14735252955415],[1.134711612094277,41.14734010209649],[1.134744870596334,41.14732703861737],[1.13477766539319,41.1473135172579],[1.134809877376608,41.14729953609261],[1.134841742214103,41.147285189007015],[1.134874468816738,41.147269865025606],[1.134907005593926,41.14725282654879],[1.134938617516292,41.14723478228938],[1.134969193118057,41.147215460222306],[1.134984876448053,41.147204454461786],[1.134999860412037,41.14719289694473],[1.135014269212549,41.14718060953029],[1.135027737884265,41.14716785654197],[1.135040261332537,41.14715481804687],[1.135052087962533,41.147141137762944],[1.135226552938739,41.1469132771956],[1.135072072193563,41.14683774075822],[1.134954414484567,41.146773840438144],[1.134944084520963,41.14676862590609],[1.134933560383194,41.14676370668254],[1.134922848374426,41.14675906478972],[1.134911885581802,41.14675468549298],[1.134899352062549,41.14675008827364],[1.134886435483212,41.1467461736912],[1.134875059927896,41.146743010661204],[1.134863554169168,41.146740089330635],[1.134851962222026,41.14673742888435],[1.134840323484901,41.14673502559503],[1.134813872568785,41.14672915525132],[1.134814588107965,41.14667827784211],[1.135086218572835,41.14592640326648],[1.135168147536484,41.14568398589118],[1.135516034424919,41.14465393141538],[1.135596153889163,41.144184676536085],[1.135618505173046,41.143790420852035],[1.135607582338309,41.14348146849632],[1.135556337427557,41.14308151957983],[1.135435510504545,41.14259298349387],[1.135356090414592,41.14236354071335],[1.135242163129069,41.1420945377516],[1.134880705806997,41.141456730539616],[1.134421820574916,41.140876795885966],[1.134211375672268,41.140658744488555],[1.133678981006517,41.14020948722465],[1.132333777558196,41.13928859099646],[1.13213134196191,41.139149931178565],[1.129536168615076,41.14141067908954],[1.127796518311376,41.14292602746388],[1.126019452139168,41.14451455140306],[1.125153328726686,41.14510001392533],[1.124016730488952,41.14563828606955],[1.124448293861725,41.14606234865852],[1.124470220628675,41.14607486522254],[1.124511689461446,41.146116703501015],[1.124519468381809,41.14612808928807],[1.124532790087262,41.146162444117365],[1.124540046366441,41.146208950466296],[1.124565591704872,41.14645445853236],[1.124597393512012,41.14668529608115],[1.124678711440072,41.14708979158237],[1.124713088309291,41.14719663835579],[1.124755372454801,41.14731036924928],[1.124780918945911,41.14743860025469],[1.124729128689718,41.14765898129476],[1.124677915769227,41.14783811757076],[1.124623844198278,41.14794181499495],[1.124217283872785,41.14926821679109],[1.12366288300051,41.15013193165653],[1.123492504640647,41.15033173757791]]]]}},{"type":"Feature","id":"431233--barri--dina","properties":{"name":"DINA","officialName":"DINA","municipality":"Reus","kind":"barri","quality":"official","code":"39"},"geometry":{"type":"MultiPolygon","coordinates":[[[[1.120031650431405,41.15946666363052],[1.120280093196802,41.15953547599185],[1.120328693019906,41.15954896845024],[1.120689840521534,41.159677256752275],[1.12103164328952,41.1598289329183],[1.121124219711645,41.159871785025985],[1.12162975070271,41.16009097246826],[1.12203744826853,41.16037285987656],[1.122280135160405,41.16055967971826],[1.123417861027733,41.161054327777364],[1.123645607000475,41.16114711624425],[1.124293236959671,41.16151668562928],[1.124546529966445,41.161620481996195],[1.126918064875211,41.16272834311483],[1.128173845830583,41.16321045751525],[1.130146521820422,41.16378883222731],[1.131404687937524,41.16412858374228],[1.131531040520963,41.164231628807066],[1.131601565757002,41.164169899338994],[1.131690649347429,41.16408000694166],[1.131815629039631,41.16396421401323],[1.131950363112623,41.16384488587125],[1.132011985416471,41.16378184099336],[1.132023812423661,41.163734653433565],[1.13202059233829,41.163713704043566],[1.132011086079965,41.163679051629266],[1.132000340787989,41.16365446747236],[1.131964287385421,41.16361866453455],[1.131917140643307,41.16358736578991],[1.131793280025698,41.16352924345193],[1.131592234454214,41.163444109494684],[1.131420961442353,41.163380895185576],[1.131287482999313,41.163329912519465],[1.131011287957951,41.16321329507143],[1.130815641051308,41.16313959660292],[1.130580487696278,41.1630510257882],[1.13065768936551,41.16294301681413],[1.130749051481272,41.16280641347887],[1.130857610504187,41.1626644140524],[1.130927186596741,41.162556281317414],[1.130958141865895,41.16247346415389],[1.130899871073195,41.1623847875426],[1.13080798193904,41.16227115597976],[1.130792742508764,41.16220335327534],[1.130819397541832,41.16213767065698],[1.130901878793867,41.161977954306906],[1.130948658596578,41.1618708933378],[1.130981116962118,41.161798098764926],[1.131057297309792,41.16172601260451],[1.13114673871627,41.16165702362641],[1.131178705472087,41.16160574879705],[1.131205036406405,41.16154726677674],[1.131268649673452,41.161447594264224],[1.131423468532577,41.16143100659529],[1.131459123540833,41.16141356931339],[1.131123091036338,41.16125959276794],[1.131050297966454,41.161224905686524],[1.129998035619846,41.160807651038674],[1.130008302771697,41.160790252989905],[1.130090002929134,41.160632866459984],[1.130496878591171,41.159911390576],[1.130600164614416,41.159707244606324],[1.130734876280408,41.15946244381413],[1.13077154895787,41.159157055453385],[1.130871347610764,41.15871463833315],[1.130837472226212,41.15870703122772],[1.130762339248886,41.158687708768134],[1.130616086402767,41.158646246359766],[1.130382250674662,41.15857481064748],[1.130095068953987,41.15848071169123],[1.129821745790559,41.158393862514934],[1.129713004618956,41.158361924504504],[1.129659172205524,41.15834799086068],[1.129576390295401,41.1583294443485],[1.1293680905807,41.158290577207836],[1.129341217802504,41.15817285238962],[1.129154483794083,41.15815918321719],[1.128994068271139,41.158245418752216],[1.12887068826465,41.15824215637454],[1.128732738958034,41.158239918554145],[1.128587174691658,41.158241430222255],[1.12851522079961,41.158244496321586],[1.128338526365441,41.15825523063035],[1.127984497127197,41.15828245279977],[1.12735040057986,41.158338635082906],[1.127033715146214,41.15836862236483],[1.126273010755993,41.15844697284696],[1.126180031827263,41.15845715595199],[1.126136239925849,41.1584619552563],[1.125863802296447,41.15849500005194],[1.125769070488268,41.158511115421035],[1.12570812087639,41.15852534763479],[1.125668242698165,41.15853622916581],[1.125587547393066,41.15856166997652],[1.125481534262915,41.15860147148768],[1.125431699269391,41.158623000049765],[1.125357460544947,41.15865928330612],[1.125141086473747,41.158775366482544],[1.125005580027498,41.15887152507394],[1.124739691295025,41.15903032734616],[1.124705111522819,41.15893879008402],[1.124665127589797,41.15884031930006],[1.12458047564792,41.15864465264566],[1.124467414764713,41.158404477653995],[1.124390231172993,41.158256311390375],[1.124335207364514,41.15815867682288],[1.124224956386041,41.157974753667695],[1.124115909808361,41.15780715344865],[1.124061143876285,41.15772978966962],[1.12397429675901,41.15761551406435],[1.123881300190825,41.15750375053004],[1.123832450876987,41.15744882131255],[1.123785736837029,41.15739843052335],[1.123689748372161,41.15729967894984],[1.123590720532526,41.15720303963841],[1.123385040348713,41.15701387021159],[1.123195896029999,41.15684253396755],[1.12309852283184,41.15675898193654],[1.122995909569402,41.15667948797548],[1.122941801624868,41.15664185715996],[1.122379845682002,41.15626637875748],[1.121674947348864,41.15585100905595],[1.121191775855741,41.155580213122356],[1.121204094212424,41.155921435277705],[1.121225051608542,41.15595132101605],[1.121250275909209,41.15599875067247],[1.121262566668182,41.15603164784795],[1.121271265786685,41.15606511704433],[1.121276142714999,41.156098884284255],[1.121276216174835,41.15611302715404],[1.121276378003859,41.156149149604936],[1.12126856756756,41.15619870580229],[1.121253750499366,41.15624471024566],[1.121055819406,41.156628355590485],[1.120674503620126,41.1573617439831],[1.120499467719685,41.15752327770659],[1.120396429064312,41.15768436303906],[1.11966601023073,41.15835107839042],[1.120031650431405,41.15946666363052]]]]}},{"type":"Feature","id":"431233--barri--sardana","properties":{"name":"SARDANA","officialName":"SARDANA","municipality":"Reus","kind":"barri","quality":"official","code":"4"},"geometry":{"type":"MultiPolygon","coordinates":[[[[1.103062682643357,41.15193273636697],[1.103201610149716,41.15197501396373],[1.103703662725033,41.152199086635164],[1.104274064679309,41.152458328531516],[1.104637225728433,41.152626610289055],[1.104896763000202,41.15273914390688],[1.105183692762955,41.15286888073561],[1.105280478265337,41.152723199123294],[1.105357925048595,41.15281490582559],[1.10581946463474,41.153097302514176],[1.105859274782551,41.15306390816519],[1.106050775676589,41.15285276591668],[1.106308211538739,41.15256163895034],[1.106620304047395,41.152209707652695],[1.106847400575608,41.15194987765162],[1.107006227615085,41.15176413888559],[1.107269038926862,41.151488860898],[1.107234207343143,41.1514568534157],[1.10693024776459,41.15122307658283],[1.10683513101404,41.15114909577318],[1.106657938844701,41.15101594001908],[1.106570321612071,41.150942262236285],[1.105908496703686,41.15041022665944],[1.105688102324343,41.150134312800226],[1.105721753506651,41.150120273384495],[1.105753431471529,41.150100256649615],[1.105779658782754,41.15007915958043],[1.105803718716389,41.15005469416384],[1.105829130096374,41.15002052290678],[1.105845509817271,41.149989626160426],[1.105854147410468,41.1499627456986],[1.105860992759019,41.149915298858666],[1.105858648717822,41.14988076189909],[1.10584248229388,41.14982546101602],[1.105816049120655,41.14977080220781],[1.10579265882078,41.1497346585996],[1.10574059893018,41.1496802094655],[1.105677809219577,41.149646661493264],[1.105605936288841,41.1496223320443],[1.105538268737938,41.14961338425455],[1.105455083319994,41.149609495941704],[1.105410466357986,41.14961533855722],[1.105371388028941,41.149623343837284],[1.105304098874286,41.14964268546481],[1.105255652410578,41.14966566931506],[1.105202459747399,41.149700374918396],[1.10516694973346,41.149737622825626],[1.10513569144339,41.1497803450246],[1.105106082669431,41.149840298508046],[1.105094039869821,41.14987784181862],[1.105099004135592,41.149937282348866],[1.105127127717673,41.1500035886741],[1.105110018219944,41.15013031240727],[1.10496637594015,41.1501774935347],[1.104861434129581,41.15020909693979],[1.104538192644935,41.150306470511154],[1.10439080274752,41.15035962431149],[1.104288599887901,41.15040370245612],[1.104143506193811,41.15048058321719],[1.104040388375945,41.15058958967692],[1.103953614522424,41.15068967711527],[1.103891061403932,41.15080529511066],[1.103564232163245,41.15136675979027],[1.103230662025724,41.15193036447494],[1.103062682643357,41.15193273636697]]]]}},{"type":"Feature","id":"431233--barri--granja-vila","properties":{"name":"GRANJA VILA","officialName":"GRANJA VILA","municipality":"Reus","kind":"barri","quality":"official","code":"40"},"geometry":{"type":"MultiPolygon","coordinates":[[[[1.116161811044565,41.16022847651062],[1.116075893149262,41.16037463583037],[1.11626176118658,41.16050192328132],[1.116395475444588,41.160594425469135],[1.116426867126805,41.160615981282234],[1.116485938417408,41.160659228932786],[1.116622169253729,41.160759017839986],[1.116803483451148,41.16089449606962],[1.116810876963458,41.16090003045366],[1.117102132747195,41.16111281663443],[1.117120341588336,41.16112626471401],[1.117184066722203,41.161127665228825],[1.117454001885373,41.16132870322249],[1.117720458936212,41.16153472798517],[1.117929924968567,41.161692491208974],[1.118037240496341,41.16177325249457],[1.118472814200452,41.16209249258534],[1.119123885620632,41.16257041629754],[1.1192682577632,41.16267779698069],[1.119599761642754,41.162922631983506],[1.12054809947491,41.16361849620966],[1.121027095140982,41.16397912086502],[1.121159745746169,41.16406306908375],[1.121226508162653,41.16411270656623],[1.12134140453381,41.16420214110367],[1.121411477599552,41.16417183551181],[1.12162925185055,41.164087920045034],[1.122184650250387,41.163850970496746],[1.122292434552211,41.16379958136406],[1.122362484920381,41.16376316073206],[1.122499116536746,41.16368656982622],[1.122671546291916,41.1635834490505],[1.123034355043063,41.16334957577044],[1.123164903112869,41.16326054489126],[1.123228664160381,41.16321474373766],[1.123293120831293,41.16316544096949],[1.123416658802266,41.16306305482422],[1.123573249114594,41.16292589712288],[1.123648910924537,41.16285560897878],[1.123724452260852,41.162781175406934],[1.123939019739765,41.162550112049416],[1.12407267031861,41.162389701669085],[1.124162629213535,41.16227352766014],[1.12420577990682,41.162214780368174],[1.124267793917927,41.162125624478655],[1.124325565083605,41.162034778222555],[1.124352623258497,41.16198864981019],[1.124546506805934,41.161620471176356],[1.124293236959671,41.16151668562928],[1.123645607000475,41.16114711624425],[1.123417861027733,41.161054327777364],[1.122280135160405,41.16055967971826],[1.12203744826853,41.16037285987656],[1.12162975070271,41.16009097246826],[1.121124219711645,41.159871785025985],[1.12103164328952,41.1598289329183],[1.120689840521534,41.159677256752275],[1.120328693019906,41.15954896845024],[1.120280093196802,41.15953547599185],[1.120031650431405,41.15946666363052],[1.119594900413234,41.15936433596406],[1.119041486024867,41.15924411042398],[1.118611376465119,41.15915625982377],[1.118263368122839,41.159118426524095],[1.117833955601079,41.15907232817532],[1.117280634745746,41.15898207183173],[1.117261109518808,41.158890577194775],[1.117053260435779,41.15882213159322],[1.116850827361706,41.158878542688385],[1.116966700744148,41.15917176345876],[1.116918305804208,41.15923365884614],[1.116640140554749,41.15955851897019],[1.116147979169301,41.160064008608785],[1.116161811044565,41.16022847651062]]]]}},{"type":"Feature","id":"431233--barri--agro-reus","properties":{"name":"AGRO-REUS","officialName":"AGRO-REUS","municipality":"Reus","kind":"barri","quality":"official","code":"41"},"geometry":{"type":"MultiPolygon","coordinates":[[[[1.075344500552994,41.155515278837726],[1.076838872766799,41.15633132515809],[1.077154271069221,41.156578612450815],[1.077639541385179,41.156959337539256],[1.078286852124392,41.15747661046423],[1.078612754652318,41.1577369530732],[1.078861731272057,41.15793187339019],[1.079108398479976,41.15812937056089],[1.079431331273772,41.15838452347675],[1.079886274376212,41.15871077979409],[1.080605574444256,41.159327328723634],[1.080895698731778,41.15961264681095],[1.08114561980909,41.159891170306516],[1.08126074051784,41.159813820303036],[1.082171028705811,41.15924212737223],[1.082518243414396,41.1592123208786],[1.082986991000089,41.159257403207484],[1.08371637772868,41.15932762127692],[1.084403109785712,41.1593851464804],[1.085052502500113,41.15940700886995],[1.085223979768286,41.159461287951785],[1.085309803087777,41.15856692616622],[1.085370020099073,41.157950738243535],[1.085368493154682,41.157851541342886],[1.085385447680965,41.15770284025868],[1.085408096146943,41.15753865086718],[1.08542916171157,41.157367409413744],[1.085527756495816,41.15722177937433],[1.085540408865298,41.15710222614808],[1.085467424058381,41.156829941939314],[1.085480338523293,41.156689010201724],[1.085485851534687,41.156540299309626],[1.085478424628117,41.15638164562998],[1.08547130656286,41.15609752385419],[1.085453105512016,41.15589131235068],[1.085426681458095,41.15562767721598],[1.085422463267105,41.15560058496741],[1.085377698666179,41.15513145655507],[1.085356426440121,41.154509200704794],[1.08520266212333,41.153846706164416],[1.085072326726803,41.153312204327634],[1.084866195266731,41.152724561152354],[1.085126363461947,41.152363521899346],[1.084540308820718,41.15212844361609],[1.084096564885647,41.15154477943743],[1.083862734938608,41.151270852960856],[1.083830289508646,41.15122275481686],[1.083788796836561,41.15123990020119],[1.083744156201375,41.15125465134499],[1.083696502425842,41.15126647003963],[1.083646319815238,41.15127509410514],[1.083594219642695,41.1512799932493],[1.083541038315486,41.151281091292205],[1.08348738187362,41.15127803800535],[1.083434203219062,41.15127084922135],[1.083382092681857,41.151259714898266],[1.083332122273421,41.15124465285086],[1.083284874464836,41.15122612313171],[1.083241056073025,41.15120440771206],[1.083200889610918,41.151180050738425],[1.083164954922601,41.151153602295445],[1.08313323629329,41.151125602570794],[1.083103310951401,41.15109330908018],[1.082765278783547,41.15125135566969],[1.080250048850827,41.15245569647745],[1.078990781711432,41.15311334915768],[1.077994630597854,41.15370133163557],[1.07688038833317,41.15442307807985],[1.075344500552994,41.155515278837726]]]]}},{"type":"Feature","id":"431233--barri--mas-de-les-animes","properties":{"name":"MAS DE LES ÀNIMES","officialName":"MAS DE LES ÀNIMES","municipality":"Reus","kind":"barri","quality":"official","code":"42"},"geometry":{"type":"MultiPolygon","coordinates":[[[[1.059315812960949,41.166802223144174],[1.059639759208256,41.16666720952725],[1.06014939237253,41.16646663106435],[1.060707653793106,41.166278217286205],[1.061306063598268,41.16609849221512],[1.061942614946758,41.16592679098595],[1.0624036084086,41.16582329532734],[1.06274320577166,41.165754058558946],[1.063007844593354,41.165704549117464],[1.063428027018663,41.16562684562701],[1.063899667432019,41.16556243460186],[1.064713731833699,41.165466297175534],[1.065359416291861,41.16538894741444],[1.065457869467753,41.16537276420624],[1.066263008274561,41.16528817567702],[1.066856413448136,41.16522129026395],[1.067412846693111,41.16516729335939],[1.068329296432042,41.165058704228116],[1.070827755039818,41.16477670607366],[1.072186506459486,41.164623781002035],[1.074790437608359,41.16434111754842],[1.076350501281668,41.1641632200889],[1.077171850542086,41.164077654443744],[1.077223073888014,41.164070491807834],[1.077438816261389,41.16404175165469],[1.078457830999832,41.16391776726959],[1.07954416074049,41.163794624466526],[1.080617645044119,41.163674500280806],[1.081320794989344,41.163595404856515],[1.081393517664086,41.16344754216963],[1.081618822092966,41.16142462515702],[1.081655799708786,41.16105364834805],[1.081596704365317,41.16105564684501],[1.081555492787974,41.161051709767314],[1.081517083460132,41.16104419427585],[1.081482048925459,41.16103377746976],[1.081450696180986,41.1610211454915],[1.081421400571406,41.161005952623],[1.081393006611415,41.16098726908367],[1.081366461435725,41.1609649841158],[1.081342824086293,41.16093916917717],[1.08132107966381,41.16090699722314],[1.081308591461798,41.16087838144636],[1.081299871306174,41.16084472903271],[1.081297578369134,41.16081012540891],[1.081301883828367,41.16077563154978],[1.08131255487833,41.160742301708794],[1.081328987945265,41.16071107868458],[1.081350293461942,41.16068271120489],[1.08137541080434,41.16065770727829],[1.08140322758758,41.16063632658476],[1.081432681644702,41.160618605294026],[1.081462833219092,41.16060440125981],[1.081499079886508,41.160591311181555],[1.081391279556243,41.16031608271732],[1.08114561980909,41.159891170306516],[1.080895698731778,41.15961264681095],[1.080605574444256,41.159327328723634],[1.079886274376212,41.15871077979409],[1.079431331273772,41.15838452347675],[1.079108398479976,41.15812937056089],[1.078861731272057,41.15793187339019],[1.078612754652318,41.1577369530732],[1.078286852124392,41.15747661046423],[1.077639541385179,41.156959337539256],[1.077154271069221,41.156578612450815],[1.076838872766799,41.15633132515809],[1.075344500552994,41.155515278837726],[1.073665666464786,41.15679089403931],[1.071958354571707,41.15810068659454],[1.070609938253313,41.15904886552812],[1.069367459482086,41.159825499380204],[1.067053713371395,41.16116658914768],[1.065171975049911,41.162161339588565],[1.063310241924587,41.1630939735452],[1.063098277987682,41.1632008446616],[1.06265849287114,41.163422786289054],[1.061705903661951,41.16388102009547],[1.059945779458968,41.16465142829912],[1.059381072552726,41.16594949156955],[1.059315812960949,41.166802223144174]]]]}},{"type":"Feature","id":"431233--barri--mercat-del-camp","properties":{"name":"MERCAT DEL CAMP","officialName":"MERCAT DEL CAMP","municipality":"Reus","kind":"barri","quality":"official","code":"43"},"geometry":{"type":"MultiPolygon","coordinates":[[[[1.172942031376871,41.1326537124961],[1.173375121652119,41.132837101793264],[1.174298210763367,41.13325813179512],[1.175526591294699,41.13388412950856],[1.176344715425065,41.13434077424519],[1.177255601561733,41.134877154005764],[1.177565330818228,41.135059494907786],[1.178320144591937,41.13553178943497],[1.179546713820047,41.136299674069676],[1.179613107452466,41.13634170584619],[1.180896531934189,41.13715314673305],[1.181200920036539,41.136577184657945],[1.184739561272356,41.13544944377072],[1.187651865710295,41.133606771220556],[1.191151533408846,41.131378999280884],[1.190743475018251,41.13089090371262],[1.19035337764484,41.13042428410969],[1.18902777124997,41.12824707000019],[1.184634134555078,41.128558010413194],[1.182852115524807,41.12904674048856],[1.18184208417085,41.1293237324],[1.18175117168309,41.12931693408856],[1.179005051141242,41.1299621721517],[1.178530716376451,41.130108717897045],[1.178268911438178,41.13018960141471],[1.178191178315352,41.13021361657645],[1.177973446391723,41.130178690249],[1.177355201340448,41.1302387804319],[1.176962348852744,41.130274756808284],[1.176889235225363,41.13028674663396],[1.176873074353414,41.13029052225083],[1.176767995750408,41.13031687027061],[1.176647093353921,41.13036148843792],[1.176521006466785,41.130411044218526],[1.176077859993236,41.130657027849],[1.17592079503684,41.130747403915336],[1.175612062872128,41.13094084770176],[1.175534241687345,41.130989238010336],[1.175307854729295,41.131131453854536],[1.174769763945283,41.13149291595079],[1.174356450185168,41.131787344766494],[1.174111133924103,41.131967561640884],[1.17393036847367,41.132098319516494],[1.173838254580934,41.13216238418617],[1.173769064401287,41.132206216862414],[1.17360812716876,41.1322877316966],[1.173485739567026,41.13235909295844],[1.173302265347772,41.132458666111255],[1.172942031376871,41.1326537124961]]]]}},{"type":"Feature","id":"431233--barri--mas-sunyer","properties":{"name":"MAS SUNYER","officialName":"MAS SUNYER","municipality":"Reus","kind":"barri","quality":"official","code":"44"},"geometry":{"type":"MultiPolygon","coordinates":[[[[1.148590597389,41.122327292854735],[1.149116739370718,41.12281253766948],[1.149894124251126,41.12348291442852],[1.150775434339016,41.12417323698954],[1.151749742678647,41.12486549307738],[1.153032182223951,41.12570030884595],[1.153471906773467,41.12596271021035],[1.153625984481972,41.12605453056038],[1.154126833331782,41.126337904294935],[1.154874087631278,41.126738711413694],[1.155475285747535,41.127029358884194],[1.155927654722357,41.127257724562426],[1.156264125591225,41.12741758084976],[1.156799737569654,41.12765988389904],[1.157379520034617,41.12790325024085],[1.157920940208458,41.12812555413381],[1.15823706894404,41.1282505811522],[1.15835949064802,41.12829901413008],[1.158955845521326,41.12851669550604],[1.160017259961883,41.128880417219],[1.160935698167035,41.129164115405324],[1.161681402879097,41.129375245920286],[1.162383521562874,41.12957315695961],[1.163403641693332,41.12983818819494],[1.164867500575195,41.13019007608944],[1.165458395290366,41.130335098630866],[1.166977607324932,41.129052073502834],[1.168887724392293,41.131304587041484],[1.169310755126701,41.131000010253295],[1.171557252313841,41.129382485798935],[1.171644474631432,41.129170825631746],[1.17175523135954,41.12890205294956],[1.17183208920138,41.12871554106729],[1.17346550712158,41.124751429879595],[1.174272203225491,41.11967232567421],[1.171928010107823,41.11890283730301],[1.170566301266956,41.11839841740468],[1.16780432435449,41.11685117283061],[1.172183274645771,41.114039274585124],[1.176419740255757,41.110509760067885],[1.176616404670735,41.10843846001808],[1.167682825174816,41.10901547803114],[1.164895107381859,41.10870807796786],[1.16031026804271,41.112710797657606],[1.157613103684898,41.11592411564746],[1.157507143401236,41.116052488125696],[1.157184806092621,41.11646065317286],[1.157098145574262,41.116570387465224],[1.155377806245865,41.11874868330568],[1.153956188022606,41.12054650151384],[1.153284224082286,41.121399343416975],[1.152661873237001,41.12218724459347],[1.152547890217178,41.122331545530045],[1.152314533829391,41.12262696911156],[1.150729022384554,41.12249939329768],[1.149617061137685,41.12240990771141],[1.149298358701075,41.12238425796897],[1.148590597389,41.122327292854735]]]]}},{"type":"Feature","id":"431233--barri--aeroport","properties":{"name":"AEROPORT","officialName":"AEROPORT","municipality":"Reus","kind":"barri","quality":"official","code":"45"},"geometry":{"type":"MultiPolygon","coordinates":[[[[1.145285470873016,41.144054589207876],[1.145628889910197,41.14417272380922],[1.146012665854193,41.14434742201275],[1.147247084094256,41.145099561533605],[1.147339621554886,41.145204582111134],[1.147348216784544,41.145350872788654],[1.147351901965557,41.14549207855084],[1.147436632912268,41.14561656752199],[1.1475630760974,41.145705813855],[1.14779214215355,41.145765925758894],[1.147945951850434,41.145742052658846],[1.148193686612111,41.14572619920096],[1.148535145110931,41.14591983461293],[1.148687399566926,41.14610765184559],[1.148878886825807,41.14673575294276],[1.149117042500813,41.14709392809226],[1.149214984581275,41.14716215475018],[1.149378065650256,41.14725313433284],[1.14986749504204,41.14740915776038],[1.150429160048442,41.147504996457684],[1.151025164949658,41.14756616362963],[1.151497743295691,41.14762643089208],[1.151651571925108,41.14765231515986],[1.151726992818829,41.14766964694867],[1.151966929521308,41.14773546235459],[1.152205867927494,41.147798649105475],[1.152690048397737,41.14792124885718],[1.152944994941274,41.14798730259231],[1.153186127729785,41.148053044540944],[1.153583729238591,41.1481781276485],[1.153833192061731,41.14826985301143],[1.154710253521292,41.148567351020866],[1.154917372850485,41.148618043239196],[1.155135170386325,41.14867467063781],[1.15524273798845,41.1487058452858],[1.15546902169603,41.1487828745674],[1.155911159248048,41.14893496357799],[1.15618868197498,41.14902064703166],[1.156315432519601,41.14906473774413],[1.156377428362882,41.149089238056675],[1.156420390679761,41.14910829989843],[1.15643387333068,41.149115369479894],[1.156502248686881,41.14915122258029],[1.156586893240108,41.14920103540979],[1.156691411697583,41.149277377480495],[1.156814874009791,41.149379423205744],[1.156844500048502,41.14940664874929],[1.156883150054775,41.14944356638226],[1.156904233687424,41.14946092735815],[1.156954143349051,41.149495772996886],[1.156989047463579,41.14951749819865],[1.157061427634606,41.149558467567985],[1.157222271896307,41.14964480653904],[1.157420899022489,41.14974796223168],[1.157541255734691,41.14979492193785],[1.158010687263749,41.14994725869283],[1.158717523515659,41.15015004180454],[1.158787236810041,41.150167097731206],[1.15892781350979,41.15019843549804],[1.159053684591283,41.15022296296126],[1.159173354002231,41.150234870941006],[1.159268063745638,41.1502401653713],[1.15936751359681,41.15023787900665],[1.159433775678002,41.15023344169706],[1.159775449170415,41.150190072186625],[1.159981655078502,41.15016282613069],[1.16019398342887,41.15013396592958],[1.16025902809452,41.150126175963536],[1.160390068789699,41.150114934678236],[1.160730299058123,41.15007929736421],[1.160889338698339,41.150083250730354],[1.161329677563875,41.15006260101753],[1.161597030318044,41.150039063098596],[1.161709323057713,41.15002917657834],[1.161925572689582,41.15000136933532],[1.162072021588124,41.14997902933454],[1.162573816562948,41.149936034719836],[1.162909582737232,41.14991506773279],[1.163067092202061,41.14988632212637],[1.163432011171402,41.14983456035804],[1.163510878814555,41.14983566684695],[1.163627371716557,41.14982896671633],[1.163704845855808,41.14981582910506],[1.163869030710758,41.149777678858456],[1.164191931552909,41.149712303792015],[1.164603020491846,41.14964153647392],[1.164870531352085,41.14959920744319],[1.165054592692892,41.149579739193484],[1.165151976892822,41.149576155827525],[1.165466833155121,41.14955248735422],[1.165643464907535,41.14953235395248],[1.165900572089525,41.14951120788188],[1.166142730364709,41.14948179129458],[1.16640086965127,41.14946319341513],[1.166897239899277,41.14946274346537],[1.167913833961922,41.149447841773224],[1.168740628782883,41.14949055603701],[1.169181496789008,41.1494825724503],[1.16947108428218,41.14852293339062],[1.170361457593993,41.14807517050926],[1.171021104215821,41.147374127469156],[1.170867915231253,41.14721116751385],[1.17053436891542,41.14703122335534],[1.170174624917081,41.14679060264218],[1.170032129541795,41.14647217970941],[1.169937482829462,41.14615145311243],[1.169872920531329,41.145897408698154],[1.169470606039314,41.14546938529683],[1.169196528729764,41.145302450921484],[1.169096703697867,41.14516836656481],[1.16900022513761,41.14491381509908],[1.168962829677739,41.144539861336966],[1.168979107191188,41.14373503066806],[1.166824055260019,41.14370103496362],[1.165825441728536,41.1458320465621],[1.164486798035679,41.145455500161056],[1.163753321705923,41.14523917754964],[1.15892768595476,41.1438419489968],[1.153551350148637,41.14227663367182],[1.153496981883185,41.141713511670645],[1.152776368032894,41.14191856748655],[1.151710536970625,41.142224028895114],[1.150787437235718,41.14248614180551],[1.149897880373506,41.142739345226516],[1.148681047151258,41.14308483652242],[1.146554233854069,41.14369056257467],[1.145285470873016,41.144054589207876]]]]}},{"type":"Feature","id":"431233--barri--alcolea","properties":{"name":"ALCOLEA","officialName":"ALCOLEA","municipality":"Reus","kind":"barri","quality":"official","code":"46"},"geometry":{"type":"MultiPolygon","coordinates":[[[[1.085433646750092,41.15997314634171],[1.085467169515924,41.16015249976026],[1.085478092339046,41.16040822111824],[1.085488166476637,41.16084488711252],[1.085490084742713,41.160934722763066],[1.08551355819807,41.161057973366695],[1.085577505777208,41.16118702997706],[1.085680807616381,41.16134403215193],[1.085831020217627,41.161576574202755],[1.085941469669333,41.1617296414293],[1.086229388929233,41.16213713998971],[1.086239357954145,41.162179640187965],[1.086227092438333,41.1622161868745],[1.086188491229183,41.162260763539834],[1.086150181502113,41.162291203407534],[1.085787432276684,41.162395704539065],[1.085767713300635,41.16242212925911],[1.085753793925615,41.162454054669546],[1.085758426690286,41.162499709007065],[1.085782889759033,41.16253356875283],[1.086039220413751,41.162442848294575],[1.086151245066953,41.162402282317515],[1.086372676863878,41.16231687312701],[1.08667259482016,41.16219655574322],[1.086961343595822,41.16207911483529],[1.087080675569849,41.16202903122253],[1.087316467883777,41.161925122966494],[1.087597175775842,41.1617971885904],[1.087815683600644,41.16169740634134],[1.088214895837063,41.16151081517703],[1.088622867091617,41.16131391917076],[1.089002294615205,41.16113537426268],[1.090240640998714,41.16054356121864],[1.090635518703136,41.160362114076825],[1.091062464102375,41.160163902070146],[1.091273171990456,41.160061462008215],[1.09216353347757,41.159615283430924],[1.092534740084755,41.159464783939505],[1.093024933326912,41.15925103685849],[1.093388829039866,41.159093568077616],[1.093979841682044,41.1588799521136],[1.094357217607049,41.15877134302145],[1.09472355865171,41.15870632643322],[1.095062163190515,41.15867724054962],[1.095451279565508,41.15866538121875],[1.096052644576607,41.15871178936654],[1.096112549336745,41.15857721660167],[1.096181712603236,41.15847693471857],[1.09628776158238,41.158032277601485],[1.09634236164615,41.15781727100179],[1.096422797015647,41.15747118247164],[1.096475667497568,41.15726650576982],[1.096342893541757,41.15725026296708],[1.096208419872376,41.15720210570474],[1.096099306199623,41.15713833368482],[1.096062182737349,41.15710736592055],[1.095525609277508,41.15724433777993],[1.095109067907877,41.15733527996888],[1.094519658519537,41.15747758964035],[1.094370235284951,41.157513672815085],[1.09334887332466,41.15777674453242],[1.092346717984725,41.15803066700338],[1.091889842106282,41.158143629059936],[1.091173733901873,41.15832688089257],[1.090700989540786,41.15845263633649],[1.089976302167513,41.158639701919114],[1.089654468904884,41.158727418607164],[1.089377106421997,41.15880433528333],[1.088736242887605,41.15897540347362],[1.088011014269423,41.15916019578167],[1.087306374905061,41.159345865364344],[1.086845632113482,41.159464147592466],[1.085885235960325,41.15971068949867],[1.08555486895176,41.15980050487983],[1.085559927745445,41.15982328750566],[1.085546273625934,41.159870710044906],[1.085514118130156,41.159919086527246],[1.085471425502314,41.15995683950794],[1.085433646750092,41.15997314634171]]]]}},{"type":"Feature","id":"431233--barri--el-pinar","properties":{"name":"EL PINAR","officialName":"EL PINAR","municipality":"Reus","kind":"barri","quality":"official","code":"47"},"geometry":{"type":"MultiPolygon","coordinates":[[[[1.100658252711455,41.17467253503026],[1.100749477153606,41.17470983179374],[1.102668179078993,41.17568002586039],[1.102552546011753,41.17586676888254],[1.102533640557729,41.175897300358145],[1.102458713151612,41.17604953040012],[1.102443891032021,41.1760808964991],[1.102433038628056,41.17610309664444],[1.104721923176499,41.17788100624803],[1.104770517635637,41.17790429827116],[1.104778879323342,41.17790785868182],[1.104784547067768,41.17790975343504],[1.104796265997151,41.17791264852271],[1.10480219802227,41.177913646895725],[1.104814209788991,41.1779146552698],[1.104826610187265,41.17791458916415],[1.104834853001441,41.17791400335756],[1.104846662724899,41.17791224443208],[1.104851734996128,41.177911488973955],[1.104858208559852,41.17791024443395],[1.10487105989034,41.177906943119524],[1.104883929391016,41.17790301159208],[1.104892599746047,41.17790000174951],[1.104909958624947,41.17789335185082],[1.104922872250493,41.17788788980505],[1.104948492325896,41.177875881423724],[1.105020372585465,41.177838872652345],[1.105061403626643,41.177817480079355],[1.105140981475448,41.17777402259336],[1.105180934811687,41.17775279238677],[1.105248414634027,41.177719585090365],[1.105342826498037,41.17767429989946],[1.105413324095026,41.177639790169366],[1.105437037438687,41.17762775030247],[1.105483886469759,41.1776030305381],[1.105560458857447,41.1775604240342],[1.105620958616148,41.177525300208565],[1.105639763006852,41.17751399018771],[1.105676325311838,41.17749045128888],[1.105711372229985,41.17746571739859],[1.105734155736173,41.17744870815839],[1.105748916466707,41.177437061373126],[1.105777982033783,41.17741303971279],[1.105794614562394,41.177398451308186],[1.10582635110421,41.17736861793381],[1.105836420500538,41.177358425198214],[1.105856090432384,41.17733776179203],[1.10587493661886,41.17731672453903],[1.105887151043826,41.17730242373017],[1.105913317091143,41.17727063819696],[1.10595133616216,41.17721799946696],[1.10597673672811,41.17718049659165],[1.106025049820446,41.177104909457846],[1.106028687011587,41.17709866418041],[1.106035013313909,41.17708597788375],[1.106050920060202,41.177046966825614],[1.106056075063787,41.177036118443915],[1.106060653003176,41.1770277612377],[1.10606688071171,41.177018496090234],[1.106073550134786,41.17701040915692],[1.106078464330833,41.1770053558322],[1.106089227826403,41.17699589507456],[1.106095077125903,41.176991487641565],[1.106107477700445,41.17698313468627],[1.106120580249733,41.176975243641145],[1.106148435393244,41.176960119198114],[1.106184510029774,41.1769410757605],[1.106202645733128,41.17693227668982],[1.106221229529738,41.17692447578919],[1.106230746772511,41.17692102940902],[1.106243618596234,41.17691700769268],[1.10625022416566,41.176915314879864],[1.106260303474347,41.17691304869065],[1.10627599098991,41.176910604522654],[1.106299545525721,41.17690819967088],[1.106315315908616,41.176907016981396],[1.106346835870451,41.176905373639045],[1.106362466317699,41.17690491012612],[1.10639394737141,41.17690461722555],[1.106425285923707,41.176905132629564],[1.106488035529297,41.176907785017214],[1.106606102821262,41.17691450051711],[1.106665098899758,41.17691916276135],[1.10680990009309,41.17693316230998],[1.10688217187275,41.176940475603786],[1.106935295517143,41.176946213003134],[1.107041397775488,41.17695858517299],[1.107121145490561,41.17696710120235],[1.107150274420678,41.176969831907044],[1.107208796531864,41.17697439690866],[1.107267231822484,41.17697787867675],[1.107306284597532,41.17697960152967],[1.107384543014846,41.176981878759776],[1.107518885216269,41.17698380903254],[1.107498102726436,41.17686533423521],[1.107496297294151,41.17677883360367],[1.107505768594017,41.17671476627599],[1.107515462785891,41.17665538645043],[1.107513153437585,41.17661130238712],[1.107496253620275,41.17652320296616],[1.107470760287751,41.1763939788759],[1.107450238174965,41.176270150715055],[1.107445555224049,41.176105418648014],[1.107446701392503,41.17605724787859],[1.107449539771038,41.1760331546279],[1.10745386533079,41.17601953436137],[1.107470803154422,41.175994321356185],[1.107518431077444,41.17594240958531],[1.107606171614819,41.17582630268688],[1.107689211033744,41.175732727156884],[1.107785149262788,41.17560927847246],[1.10783519299659,41.1755438050266],[1.107866682501652,41.17549757322679],[1.10788365654202,41.17547938652241],[1.10792229325847,41.175445792241725],[1.10797211226718,41.17540472509771],[1.107998421879648,41.175385250335836],[1.108164024905029,41.17528095889114],[1.108332160203088,41.1751631976369],[1.108563544272497,41.175005759931544],[1.108682209721504,41.17492934150935],[1.108768431480322,41.17486599214877],[1.108836065597504,41.17481891156196],[1.108905942465517,41.17476430149083],[1.109124602644507,41.17455999567255],[1.109198886812853,41.17448888405528],[1.109225948936936,41.17445978342342],[1.109273850955794,41.17439823747468],[1.10930515486164,41.17435011066811],[1.109318032505236,41.17432510104317],[1.109331396133344,41.17428316546854],[1.109343500728142,41.17425988466922],[1.109360956319067,41.174229335398586],[1.109408360364754,41.17411869088829],[1.10944710340535,41.17402736037765],[1.109452705002281,41.17400664509753],[1.109457020495484,41.173964290971476],[1.109464630443041,41.17391514521986],[1.109465097801131,41.17389056267294],[1.109453976599609,41.17378796621977],[1.109434545606958,41.17359696101097],[1.109321720949157,41.17347837565184],[1.107261890134457,41.17247266747197],[1.105956643685708,41.17183501320062],[1.105560631310051,41.17174731888351],[1.105564262752688,41.171728823281384],[1.105561983322389,41.17171275266553],[1.105549330065011,41.171692638475385],[1.105528730029727,41.17167113271934],[1.105447674353418,41.171600534400575],[1.105401439048737,41.171562664431015],[1.105378093478552,41.17154129369671],[1.105355359213344,41.171519392555325],[1.105345702920857,41.17150698386536],[1.105339331018812,41.17149228720255],[1.105336862577282,41.17146207185514],[1.105336349744819,41.17143017722584],[1.105338235428561,41.171414355173376],[1.10536080653314,41.171305195929236],[1.105388003647583,41.17118025963856],[1.105415198025927,41.170993262285585],[1.105433223028122,41.1708515116168],[1.105450880152004,41.17072254541213],[1.105466219033566,41.17062029311221],[1.105502664858794,41.17038102458981],[1.105521057224365,41.17022648941188],[1.105544121957964,41.170017265950634],[1.105573413021468,41.16975319957283],[1.105574653538599,41.169710074477585],[1.105582589490342,41.16964967506069],[1.105592294472783,41.1695857918102],[1.105610419592889,41.16944052983498],[1.105627997938154,41.16926040021246],[1.105641748445753,41.169171903105926],[1.105643670183816,41.16914653378402],[1.105642998355122,41.16895439477744],[1.10564395077504,41.16881353458485],[1.105641137300555,41.168695851646795],[1.105633884651975,41.16862475416373],[1.105624169000601,41.16858541237244],[1.105614655455711,41.16855976515793],[1.105589147985482,41.168509985622364],[1.105470122406462,41.168329864109694],[1.105317649154741,41.16807353081521],[1.105036588990668,41.1675676513054],[1.104992721505384,41.167501446730704],[1.104930260246811,41.16741448982509],[1.10490258063761,41.167369808667225],[1.104839150578043,41.167256448949736],[1.104795462810704,41.16717781216696],[1.104618858235964,41.16692351341553],[1.104472738316582,41.166797375425624],[1.104352902567293,41.166820871867685],[1.103410243793537,41.16706668013177],[1.102036416316797,41.16742491467847],[1.101789617919998,41.16734005682833],[1.101724391393657,41.167754494957734],[1.101469142755052,41.16937694082853],[1.10134688271265,41.1702065817405],[1.101291297675273,41.17054686706742],[1.101134261340464,41.17162327827322],[1.10101875228621,41.17233836547052],[1.10087256377361,41.17324084160052],[1.100720155644925,41.1742637339284],[1.100658252711455,41.17467253503026]]]]}},{"type":"Feature","id":"431233--barri--hospital","properties":{"name":"HOSPITAL","officialName":"HOSPITAL","municipality":"Reus","kind":"barri","quality":"official","code":"48"},"geometry":{"type":"MultiPolygon","coordinates":[[[[1.117258837906403,41.14810532683781],[1.117358958189964,41.14805352633844],[1.117827766657637,41.14781500322594],[1.118229260018045,41.14762185849302],[1.118666265370802,41.14741605057789],[1.119129899809761,41.14720400966961],[1.119935945961654,41.14686441802268],[1.12042151209849,41.14665606205168],[1.120756056861284,41.14649514507052],[1.120833302918141,41.14653171266418],[1.120884371510711,41.146566953034124],[1.120903201327164,41.146594972856775],[1.120916162012608,41.146610140435534],[1.12093010533639,41.14662433294369],[1.120944874189405,41.14663751711197],[1.120960314381666,41.146649675857105],[1.120976277606347,41.14666080683263],[1.120992623814878,41.146670920719565],[1.121009222998107,41.14668003937146],[1.121025956402007,41.1466881939145],[1.121043257259156,41.14669564115494],[1.121061627084809,41.146702552787815],[1.121081047502062,41.14670883482398],[1.121101484053503,41.146714390015816],[1.121139699391801,41.14672283565282],[1.121192056139416,41.14672738793878],[1.121216398263858,41.14672787372736],[1.121241148006612,41.14672709829137],[1.12126613815139,41.14672500547055],[1.121291187564539,41.146721555830275],[1.121316104872316,41.14671672886077],[1.121340692821892,41.14671052461134],[1.121364753143934,41.146702964625],[1.121416356312869,41.14668334678088],[1.121452002255512,41.146660334885254],[1.121470766241037,41.14664703522437],[1.121488063867086,41.14663291191675],[1.121503815290388,41.1466180980206],[1.121517967287409,41.14660273022283],[1.121530492774036,41.1465869453136],[1.121552645561607,41.14655338727022],[1.121564607669607,41.14652220547907],[1.121569378428384,41.14650618990121],[1.121572792446154,41.14649043216283],[1.121574939765936,41.146475006444724],[1.121575915426385,41.146459974923296],[1.12157579702583,41.14644492558621],[1.121574530512104,41.146429444277246],[1.12157201739432,41.14641359002125],[1.121568163488935,41.14639743399887],[1.121562881692705,41.146381059791224],[1.121547843472783,41.14634567701679],[1.12181322802891,41.146253398514176],[1.122554021604676,41.14604513541256],[1.122582081425815,41.14620628500503],[1.122689520499803,41.1460069872574],[1.124016730488952,41.14563828606955],[1.125153328726686,41.14510001392533],[1.126019452139168,41.14451455140306],[1.127796518311376,41.14292602746388],[1.129536168615076,41.14141067908954],[1.13213134196191,41.139149931178565],[1.126608273768761,41.13441513056216],[1.126058637840649,41.134911522530054],[1.125914224423536,41.13504203672385],[1.125330263924966,41.135580382731206],[1.124678047034218,41.13617661500974],[1.123926740201103,41.13685905481349],[1.123721725901687,41.137050551965714],[1.123412097709835,41.13733429484261],[1.122906255659049,41.137793101965144],[1.122656337313565,41.13802575118084],[1.122480374746652,41.13818421107579],[1.122208534962787,41.13843343653111],[1.121781042551305,41.13882226487485],[1.121259794787828,41.13929405466854],[1.121142335873612,41.13940203264883],[1.120855649696071,41.13966596538157],[1.120764318019576,41.1397559933512],[1.120510589477668,41.140021452906524],[1.120269041943574,41.140273328960376],[1.12017320244706,41.140379316262035],[1.120112282691166,41.140451554137144],[1.119993850304532,41.14059770665508],[1.119812617485584,41.1408276857199],[1.11972470640339,41.14094389020477],[1.119576967710892,41.141148293194284],[1.119507044065589,41.14125209020208],[1.119453172825739,41.14133615230304],[1.119349202478594,41.141505689038844],[1.119189318210363,41.14177654864965],[1.119111555745581,41.141912824575336],[1.118983412271243,41.14215276539206],[1.118873003137443,41.14239335554812],[1.118772180122821,41.142632030202165],[1.118624753220623,41.14299226588216],[1.118304721687017,41.14376808200751],[1.118180812051846,41.1440431298709],[1.118080415660839,41.144291718985706],[1.117889330324887,41.14479103693648],[1.117757426395883,41.145153956615516],[1.117695585457041,41.14534165357169],[1.117667511756965,41.14543595382289],[1.117629489549557,41.145578191493684],[1.117589093467088,41.145749304315146],[1.117564140830368,41.14586365199697],[1.117517800694395,41.146092675740576],[1.117484169678186,41.146277229929304],[1.117460444975925,41.14643618447486],[1.117417277844662,41.14675434357397],[1.117355229426646,41.147257928000876],[1.117313516013875,41.147654475506464],[1.117263432623257,41.14806034417502],[1.117258837906403,41.14810532683781]]]]}},{"type":"Feature","id":"431233--barri--pi-de-bofarull","properties":{"name":"PI DE BOFARULL","officialName":"PI DE BOFARULL","municipality":"Reus","kind":"barri","quality":"official","code":"49"},"geometry":{"type":"MultiPolygon","coordinates":[[[[1.139815462376927,41.14607319982158],[1.139744038216576,41.146526654657045],[1.13971910376672,41.14723703131267],[1.139799275004529,41.14793036731666],[1.140007415213175,41.14883960370331],[1.140084488799124,41.14907278846321],[1.140158704956453,41.149259448613094],[1.14021589232222,41.149390798604074],[1.140337829939277,41.14965578220865],[1.140471405170032,41.149934914835946],[1.140541444953307,41.15007115571569],[1.140774992560722,41.15049430732845],[1.141155209895801,41.15117203077923],[1.141291406471945,41.151413373348355],[1.141520872822358,41.151837898838615],[1.141658792164496,41.15209431116722],[1.141754951272117,41.152280693213655],[1.141988393055875,41.15297442451908],[1.142464470913924,41.15375294964964],[1.142608495507712,41.15408476142219],[1.142693457298223,41.15427960951236],[1.142738380647004,41.15436860585227],[1.142819010366846,41.154526903913165],[1.142894483244479,41.15466944592708],[1.1429240568161,41.15471955309964],[1.142938725897279,41.15474032624828],[1.14296004284574,41.15476625059079],[1.142979634005823,41.15478575185553],[1.142996105428588,41.15479754655969],[1.143134427041596,41.15486246510592],[1.143157384736736,41.15485977212533],[1.14319224702484,41.154857540989404],[1.14322700529672,41.15485900122409],[1.14326011350814,41.15486403786957],[1.143291470299869,41.15487201877422],[1.143320006113188,41.15488283664974],[1.143346914708424,41.15489642063769],[1.143386155901172,41.154924885261195],[1.143415816512716,41.15495923066726],[1.143428409989828,41.15498177183775],[1.143437173803864,41.15500488189158],[1.143441725518344,41.15501675491202],[1.143659920005268,41.15500468356085],[1.143684373060488,41.15500390610466],[1.143752749454975,41.154996539424026],[1.143788950123901,41.154989105322194],[1.143874216793096,41.154965977093205],[1.143916317894519,41.154952152527834],[1.144052130707376,41.15490308533054],[1.144185226281927,41.15485739708848],[1.144482730889651,41.15475013027094],[1.144697021532634,41.15466926728104],[1.144771984728745,41.154643810875115],[1.144822233884062,41.15462840560412],[1.144926118221715,41.15460008146128],[1.145120826369456,41.154554392123615],[1.145311192687336,41.1545147577145],[1.145367367320273,41.15450476187342],[1.145483553797458,41.15448816455691],[1.145552778544629,41.154480269993705],[1.145694464588679,41.154468045676815],[1.145857780035182,41.15445797033917],[1.145938676149848,41.15445458672124],[1.146060666647715,41.154451953588044],[1.146183399808576,41.154452574944344],[1.146243530852918,41.15445444202272],[1.146335034009651,41.154459515441296],[1.147019644773898,41.154512219203305],[1.147742393131022,41.154556433754514],[1.148698028824452,41.15460852501408],[1.149306809241645,41.15463835529294],[1.149362234329974,41.154641070964814],[1.150012924219092,41.154675377969674],[1.150523422440465,41.15469842623076],[1.151545833678038,41.154736612070465],[1.152387576996863,41.154761987042455],[1.152778558308101,41.15477599506931],[1.153267936177171,41.154800044069276],[1.153497299911213,41.15481884829554],[1.153648881697978,41.15483622697518],[1.153749927209577,41.15484955394881],[1.153949790919774,41.15487914444785],[1.154656065074489,41.15499276970922],[1.155286654340381,41.1550982445996],[1.155541305779322,41.15514185936556],[1.155837421507514,41.15519433325004],[1.156049695242868,41.15523195499729],[1.156245315370892,41.155270339416454],[1.156394804030286,41.15529986884975],[1.158343485614309,41.15295349705647],[1.160730299058123,41.15007929736421],[1.160390068789699,41.150114934678236],[1.16025902809452,41.150126175963536],[1.16019398342887,41.15013396592958],[1.159981655078502,41.15016282613069],[1.159775449170415,41.150190072186625],[1.159433775678002,41.15023344169706],[1.15936751359681,41.15023787900665],[1.159268063745638,41.1502401653713],[1.159173354002231,41.150234870941006],[1.159053684591283,41.15022296296126],[1.15892781350979,41.15019843549804],[1.158787236810041,41.150167097731206],[1.158717523515659,41.15015004180454],[1.158010687263749,41.14994725869283],[1.157541255734691,41.14979492193785],[1.157420899022489,41.14974796223168],[1.157222271896307,41.14964480653904],[1.157061427634606,41.149558467567985],[1.156989047463579,41.14951749819865],[1.156954143349051,41.149495772996886],[1.156904233687424,41.14946092735815],[1.156883150054775,41.14944356638226],[1.156844500048502,41.14940664874929],[1.156814874009791,41.149379423205744],[1.156691411697583,41.149277377480495],[1.156586893240108,41.14920103540979],[1.156502248686881,41.14915122258029],[1.15643387333068,41.149115369479894],[1.156420390679761,41.14910829989843],[1.156377428362882,41.149089238056675],[1.156315432519601,41.14906473774413],[1.15618868197498,41.14902064703166],[1.155911159248048,41.14893496357799],[1.15546902169603,41.1487828745674],[1.15524273798845,41.1487058452858],[1.155135170386325,41.14867467063781],[1.154917372850485,41.148618043239196],[1.154710253521292,41.148567351020866],[1.153833192061731,41.14826985301143],[1.153583729238591,41.1481781276485],[1.153186127729785,41.148053044540944],[1.152944994941274,41.14798730259231],[1.152690048397737,41.14792124885718],[1.152205867927494,41.147798649105475],[1.151966929521308,41.14773546235459],[1.151726992818829,41.14766964694867],[1.151651571925108,41.14765231515986],[1.151497743295691,41.14762643089208],[1.151025164949658,41.14756616362963],[1.150429160048442,41.147504996457684],[1.14986749504204,41.14740915776038],[1.149378065650256,41.14725313433284],[1.149214984581275,41.14716215475018],[1.149117042500813,41.14709392809226],[1.148878886825807,41.14673575294276],[1.148687399566926,41.14610765184559],[1.148535145110931,41.14591983461293],[1.148193686612111,41.14572619920096],[1.147945951850434,41.145742052658846],[1.14779214215355,41.145765925758894],[1.1475630760974,41.145705813855],[1.147436632912268,41.14561656752199],[1.147351901965557,41.14549207855084],[1.147348216784544,41.145350872788654],[1.147339621554886,41.145204582111134],[1.147247084094256,41.145099561533605],[1.146012665854193,41.14434742201275],[1.145628889910197,41.14417272380922],[1.145285470873016,41.144054589207876],[1.144529390711161,41.14427151092579],[1.144086395044872,41.144397425085],[1.143201830475792,41.1446534146531],[1.142622670118454,41.14482027713192],[1.142030172329959,41.1449867417137],[1.141846303538586,41.14504196838346],[1.141756104832839,41.14507141105973],[1.141622039357473,41.14511834207382],[1.141490021113736,41.14516872874954],[1.141425526005217,41.14519516243061],[1.141350970006783,41.145227649124905],[1.141090038218631,41.145349278967686],[1.140636157996243,41.145552198317155],[1.140634601191197,41.14560738897566],[1.140623969266994,41.14566747753741],[1.140614758247414,41.14569831474448],[1.140602683610608,41.14572928594254],[1.14058774535248,41.14576039113061],[1.140569831982716,41.14579135828655],[1.140548832011128,41.14582191538795],[1.140524633947786,41.14585179041208],[1.140497481080184,41.14588080712932],[1.140467381025321,41.145908695436475],[1.140434341401003,41.14593518523014],[1.140398729683268,41.14595992213313],[1.140360664978029,41.14598290806313],[1.140320395658062,41.14600378672328],[1.140278165017396,41.14602238188423],[1.140263593174789,41.14602782166629],[1.140234568588397,41.14603870314492],[1.140189613995593,41.14605248040289],[1.140143896773145,41.146063723258116],[1.14009777170344,41.1460725275045],[1.140051362978444,41.14607871499476],[1.140005382698855,41.14608238728489],[1.139959823248162,41.1460838144766],[1.139915163595543,41.14608291421886],[1.139871517770128,41.14607986850076],[1.139829357118134,41.146074865073295],[1.139815462376927,41.14607319982158]]]]}},{"type":"Feature","id":"431233--barri--carrilet","properties":{"name":"CARRILET","officialName":"CARRILET","municipality":"Reus","kind":"barri","quality":"official","code":"5"},"geometry":{"type":"MultiPolygon","coordinates":[[[[1.106570321612071,41.150942262236285],[1.106657938844701,41.15101594001908],[1.10683513101404,41.15114909577318],[1.10693024776459,41.15122307658283],[1.107234207343143,41.1514568534157],[1.107269038926862,41.151488860898],[1.107370055109797,41.15155663294468],[1.107552289157565,41.151688609283696],[1.107662360123877,41.151789676977884],[1.108229338467028,41.152235026788695],[1.108437495785767,41.15239814222025],[1.108648950610784,41.15256266245956],[1.108674349502793,41.15262856294159],[1.108946097405148,41.15276849011427],[1.109690731680512,41.15314072241964],[1.109849451946323,41.15327429142851],[1.10990542242466,41.15332141669031],[1.110018577121997,41.15343568351644],[1.110057616585963,41.15343740406016],[1.110093147088861,41.153436815241186],[1.110142864768663,41.15342772164436],[1.110279866024205,41.153379524554765],[1.11033269733902,41.15335327769112],[1.110460811044607,41.15327421944454],[1.110631193936993,41.15317982018347],[1.110942761696245,41.152907854495155],[1.111226684963547,41.152668942931385],[1.112036047339503,41.15220074554168],[1.112100809630147,41.152178115954996],[1.112183817114072,41.15215506433926],[1.112184534804747,41.15211337166375],[1.112240176121563,41.15192656733923],[1.11229509674566,41.151802352859704],[1.112357937100025,41.15180103929281],[1.112452362302448,41.15181204227918],[1.11251724457022,41.15182265185274],[1.112583205046975,41.15184138572362],[1.1129037826683,41.15154974565869],[1.112978917160573,41.15148531060532],[1.11340054850417,41.15112959309449],[1.113390403637611,41.15111578142419],[1.113384177981271,41.15110575982775],[1.113378800513257,41.15109528295793],[1.113374348089058,41.1510844118317],[1.113370887234243,41.151073216696055],[1.113368471818865,41.15106177574619],[1.113367141080446,41.1510501734535],[1.113366918125861,41.151038498570216],[1.113367809015732,41.15102684190453],[1.113369802497057,41.151015293981494],[1.113372870404265,41.151003942714595],[1.113376968701334,41.15099287121314],[1.113382039092762,41.150982155837575],[1.113395745024091,41.15095853710459],[1.113410500541147,41.15094406811733],[1.11341921704974,41.15093595323626],[1.113428387197655,41.15092844993476],[1.113437919318024,41.15092156532922],[1.113447725717362,41.150915297944216],[1.113457724020917,41.15090963876794],[1.113477999037253,41.15090007810968],[1.113501273540879,41.150891042525764],[1.113358466424557,41.150715438301404],[1.113211753606816,41.150516226114505],[1.113046315165424,41.15027599380184],[1.112972822404753,41.15016661223063],[1.112866288973071,41.149950132084086],[1.112809026866134,41.14981912786242],[1.112685909888954,41.149499331133676],[1.112614779239787,41.14932000017782],[1.112577290454213,41.149147704996224],[1.112536834808757,41.149020758745706],[1.112496737357966,41.148835540208886],[1.112466426658031,41.14864147435828],[1.112447041977967,41.14848199570224],[1.112471481436825,41.14832350437499],[1.112440697543985,41.14802530475154],[1.112400378345848,41.14766894115568],[1.112392017032876,41.147211946919725],[1.112446987209373,41.14693604774679],[1.112433296222292,41.146943930413535],[1.112420959226359,41.14695030396964],[1.112395016319419,41.14696158912291],[1.112381648620147,41.14696650461785],[1.112367462649757,41.14697086627452],[1.112353890255213,41.14697460744914],[1.112339856907261,41.14697780063249],[1.112325598239091,41.14698053975483],[1.112311357619422,41.146982648649804],[1.112297373260072,41.14698413121572],[1.112283401792936,41.146985163618815],[1.112269205006891,41.14698574196082],[1.112255383587939,41.14698569592302],[1.112241691589226,41.14698529170389],[1.112227779429766,41.14698425335923],[1.112202603802956,41.14698122919337],[1.112175584376568,41.14697601306099],[1.112164937069363,41.14697331672633],[1.112151816910074,41.14696958910174],[1.112139305174381,41.14696542106101],[1.112126803755386,41.14696089289012],[1.11211420386279,41.14695564251091],[1.112101855077508,41.14694994586795],[1.11208999818977,41.146943716827785],[1.112078511515278,41.14693704347343],[1.112067395054141,41.146929925805004],[1.112056648806455,41.14692236382259],[1.112046272772299,41.14691435752633],[1.11203615558286,41.14690563487028],[1.112027232030271,41.146896841675144],[1.112018554427803,41.14688778228157],[1.112010373881039,41.14687801042736],[1.112003027074991,41.14686825221857],[1.111996405219578,41.14685814557707],[1.111990386630174,41.14684777858576],[1.11198520178054,41.146837425240236],[1.111980620196347,41.146826811545075],[1.111976874930183,41.14681612146369],[1.11197384171837,41.14680553311106],[1.11197152829744,41.146794776390664],[1.111969921772221,41.14678430146353],[1.111969032458229,41.146773748200886],[1.111968738670868,41.1467632046855],[1.111969154357187,41.14675285293121],[1.111970168148504,41.14674242089192],[1.111973402729007,41.146725179545484],[1.111814429679371,41.1470126170724],[1.111712953757898,41.14714813931407],[1.111044135445995,41.14801733880264],[1.110671459354168,41.14805506879045],[1.110048385943223,41.14833652273877],[1.109955363441268,41.14837652288436],[1.109597388761613,41.14853044882583],[1.109509482215953,41.14857071259689],[1.109058250835284,41.148793456506716],[1.108957539200595,41.14886881908927],[1.108604913095026,41.149185117931275],[1.108493992850526,41.1492838477708],[1.1082572045155,41.149491639439084],[1.108013343663293,41.14970913270588],[1.107714179994733,41.149976700306254],[1.1071503243781,41.15048141320549],[1.106570321612071,41.150942262236285]]]]}},{"type":"Feature","id":"431233--barri--pedra-estela","properties":{"name":"PEDRA ESTELA","officialName":"PEDRA ESTELA","municipality":"Reus","kind":"barri","quality":"official","code":"50"},"geometry":{"type":"MultiPolygon","coordinates":[[[[1.098182863800495,41.13958569987581],[1.098185146128332,41.13962636106717],[1.098192816144079,41.139666120264664],[1.098205526971183,41.139704611450796],[1.098222582247996,41.13974119262256],[1.098243870680079,41.13977559171998],[1.098268449926411,41.13980743290772],[1.098295848815958,41.13983652826724],[1.098326520343718,41.13986369593417],[1.098361401664805,41.139889491801604],[1.098400391868533,41.13991328368136],[1.09844326056257,41.13993479754811],[1.098476830440176,41.1399482315671],[1.098489549555844,41.139953395323744],[1.098538795460666,41.13996861899376],[1.098590291509143,41.13998018668131],[1.098643450023252,41.13998781847352],[1.098697204358118,41.139991316638486],[1.098750959043166,41.13999067136092],[1.098803875230727,41.139986048964204],[1.098855114074027,41.13997761577336],[1.098903950627298,41.139965720140786],[1.098950017223163,41.13995071630797],[1.098992824508205,41.13993304658589],[1.099032121315455,41.13991315721121],[1.099071024802732,41.13989037895988],[1.099108364813448,41.13986397195422],[1.099143064324561,41.139834098596914],[1.099174525279061,41.13980083910987],[1.099201903651363,41.13976453988561],[1.099224471915324,41.13972563931124],[1.099241735540028,41.13968475976188],[1.099253205188939,41.13964234354906],[1.099391988955041,41.13963490222659],[1.102183283098511,41.14124869399179],[1.103790500231652,41.14231398685769],[1.105175378460735,41.14359586016308],[1.105300729354371,41.14335958223641],[1.10592277629915,41.142611100871534],[1.106567230403563,41.14179966144015],[1.106775194480589,41.141511864077415],[1.107193536995445,41.14091838295486],[1.107715264629932,41.140309301887726],[1.108255530268676,41.13987598746123],[1.107675261582473,41.13942832499487],[1.106854179780503,41.13879486619772],[1.106950477677421,41.138731349379675],[1.107124586116179,41.13858071950661],[1.107238464651919,41.1384695445801],[1.107550243325087,41.13814669853426],[1.107677501627714,41.13802178110614],[1.107832948536341,41.137873636309244],[1.107936892620636,41.13778886969603],[1.108017327006315,41.137751096598855],[1.108226748770732,41.13765680030837],[1.108492627725548,41.13751740129258],[1.108742068828014,41.137377822234015],[1.109264649228012,41.13710310424437],[1.109350921494231,41.13705281545176],[1.10950424040296,41.1369786747362],[1.109598804194565,41.13693790891431],[1.109482124182553,41.13685662158994],[1.109933590451068,41.136473095957484],[1.110280777590615,41.13615694750363],[1.11056724956068,41.13587646388868],[1.11067389546348,41.13577201266537],[1.110974720381549,41.13545618361696],[1.111192160617718,41.1352146511389],[1.111482213203935,41.1348712616585],[1.111538203341624,41.13480489253551],[1.112214957874646,41.13394197544913],[1.113061343499703,41.13286258732319],[1.113270312659841,41.132858258807175],[1.113345864436404,41.132790947651664],[1.113423426343659,41.132715832825944],[1.113528394176091,41.132603064547126],[1.113678584525884,41.13244617846913],[1.113756070959428,41.13237367434128],[1.11378838151991,41.13234781077445],[1.113818327166851,41.13232965494971],[1.113880981036787,41.13229672120535],[1.114042882594276,41.13221767044749],[1.114177900896893,41.13215799641743],[1.114371355096049,41.13207955105828],[1.114420402653379,41.13206413931806],[1.11446308046761,41.13205483859585],[1.114484842914853,41.132052041681455],[1.114622819817203,41.132043037429874],[1.114801938767745,41.13203677706893],[1.114867744924761,41.13203524027178],[1.114994514082534,41.13201821593181],[1.115192653704048,41.1319925394116],[1.115230553496417,41.131987844220475],[1.115244011971721,41.13198797402962],[1.115261931112773,41.13199042858058],[1.11527084658311,41.131991114686656],[1.115328713729468,41.13199224023459],[1.115357610560769,41.13198992000865],[1.115486296919506,41.1319683326396],[1.115638034115808,41.13194054620181],[1.115725112957351,41.131919990339306],[1.115896240562715,41.13187234355268],[1.116053744106397,41.13182618543688],[1.11622689121253,41.13178289471897],[1.116387695876519,41.13174210445296],[1.116534815644232,41.131709107178125],[1.116642601662153,41.131680962124086],[1.116846789829144,41.131631151407575],[1.116871861469375,41.13162093186213],[1.116894384546525,41.131604005184535],[1.116902539467723,41.13158125933633],[1.116912312852265,41.131535210567854],[1.116921541427383,41.13148320797708],[1.116928070471291,41.13144647401352],[1.117028012460435,41.13100457766494],[1.117038605596034,41.130942328819486],[1.117042468383556,41.13093221343036],[1.117057180936893,41.13091344781382],[1.117421272542044,41.12991938080598],[1.115598575155766,41.12980675342315],[1.114771509577412,41.129775586000164],[1.113561939816043,41.129851922741274],[1.113063458246607,41.12990126111852],[1.112567818140108,41.129951047872034],[1.11171254390444,41.130081261081784],[1.11109957635041,41.130186611755114],[1.110050197294407,41.13043856769781],[1.108960278919861,41.13078797292948],[1.108727471708557,41.130862579239405],[1.108649131866271,41.13088771353973],[1.108395492156239,41.13096909889209],[1.10766256596621,41.13126468331449],[1.106966908498973,41.13158978854268],[1.10614099752793,41.13202804668361],[1.105161396929698,41.132623656835634],[1.104743098755274,41.1329267318666],[1.104069250865139,41.133441063967034],[1.103521230831721,41.13391710729909],[1.103008689360337,41.13439373137326],[1.102440467133236,41.13495023403133],[1.101888545412162,41.13556095662547],[1.101261910567251,41.13629168699099],[1.10056094303554,41.13712900900352],[1.099555450043895,41.13856471871825],[1.099032675286947,41.13925346124398],[1.098990376320827,41.13923285772912],[1.098940996510788,41.139214029068995],[1.098888533019554,41.139198842618626],[1.098833563120479,41.13918793840891],[1.09877703693323,41.139181422170076],[1.098719899383108,41.13917957969735],[1.098663227466841,41.139182248592554],[1.098607735716743,41.139189440633906],[1.09855450892085,41.139200723332024],[1.098504272001178,41.13921574834176],[1.098457516894437,41.13923398332973],[1.098414616449632,41.1392548939998],[1.098375943518606,41.139277946056204],[1.098340936407564,41.139301959275926],[1.098307865519054,41.13932906693506],[1.098277447993281,41.13935919078347],[1.09825028447859,41.13939216057675],[1.098227097313765,41.13942771800262],[1.098208259358389,41.13946532876406],[1.098194495553729,41.13950464451735],[1.09818594577617,41.13954494697508],[1.098182863800495,41.13958569987581]]]]}},{"type":"Feature","id":"431233--barri--tallapedra","properties":{"name":"TALLAPEDRA","officialName":"TALLAPEDRA","municipality":"Reus","kind":"barri","quality":"official","code":"51"},"geometry":{"type":"MultiPolygon","coordinates":[[[[1.117761492022909,41.151942076176915],[1.117776578594877,41.15198155086674],[1.118193171946925,41.15287558049359],[1.118332572995002,41.1531687948061],[1.118438533812539,41.153372740224356],[1.118500716967521,41.153477970569796],[1.118714183302174,41.15380680088659],[1.118825219081898,41.15394993843866],[1.118974024796375,41.15411008534315],[1.119109880336125,41.154243809250744],[1.119335322249627,41.154449702025964],[1.11946138598238,41.15455074902798],[1.119568740081753,41.15462672043974],[1.119833634257717,41.15479911720314],[1.120002182757291,41.154906530781794],[1.120088663033106,41.15495811164705],[1.120397272190754,41.15513139970462],[1.121191775855741,41.155580213122356],[1.121674947348864,41.15585100905595],[1.122379845682002,41.15626637875748],[1.122941801624868,41.15664185715996],[1.122995909569402,41.15667948797548],[1.12309852283184,41.15675898193654],[1.123195896029999,41.15684253396755],[1.123385040348713,41.15701387021159],[1.123590720532526,41.15720303963841],[1.123689748372161,41.15729967894984],[1.123785736837029,41.15739843052335],[1.123832450876987,41.15744882131255],[1.123881300190825,41.15750375053004],[1.12397429675901,41.15761551406435],[1.124061143876285,41.15772978966962],[1.124115909808361,41.15780715344865],[1.124224956386041,41.157974753667695],[1.124335207364514,41.15815867682288],[1.124390231172993,41.158256311390375],[1.124467414764713,41.158404477653995],[1.12458047564792,41.15864465264566],[1.124665127589797,41.15884031930006],[1.124705111522819,41.15893879008402],[1.124739691295025,41.15903032734616],[1.125005580027498,41.15887152507394],[1.125141086473747,41.158775366482544],[1.125357460544947,41.15865928330612],[1.125431699269391,41.158623000049765],[1.125481534262915,41.15860147148768],[1.125587547393066,41.15856166997652],[1.125668242698165,41.15853622916581],[1.12570812087639,41.15852534763479],[1.125769070488268,41.158511115421035],[1.125863802296447,41.15849500005194],[1.126136239925849,41.1584619552563],[1.126180031827263,41.15845715595199],[1.126617476123915,41.1580938917417],[1.126671525930378,41.158016314782984],[1.126639827736999,41.1579449114585],[1.126610030512299,41.157873719147325],[1.126587218103873,41.15779579461864],[1.126642516820574,41.15772877665373],[1.126740343803132,41.15767920315703],[1.12686355567153,41.15761707109077],[1.126980454579337,41.1575422259701],[1.127072629301783,41.15748184155573],[1.127095060714059,41.157434826652],[1.127076789305057,41.157377422827345],[1.127023835209099,41.15729909903805],[1.126965452663778,41.15721888558988],[1.126944131629733,41.157163954306064],[1.126986884541624,41.15711060389793],[1.127108169540041,41.157036550451394],[1.127258086922611,41.1569362997184],[1.127346419838799,41.15686008968292],[1.127455713891299,41.156763412671836],[1.127605487229836,41.15660947480165],[1.12771296742989,41.156564020423986],[1.127851739759076,41.15654555569722],[1.127954987826397,41.15653579193743],[1.12803301883754,41.156499136978226],[1.12804915024017,41.156405361098834],[1.12800524362283,41.15634835205675],[1.127936925513891,41.15628644309625],[1.127815458760318,41.15621178165978],[1.12773980203278,41.156164885971805],[1.127667172746915,41.156133081799304],[1.127624156297041,41.15609509275875],[1.127608894024253,41.156015669623315],[1.127619739862662,41.15592757276445],[1.127677835686343,41.15585429446399],[1.12776629019562,41.155761152069374],[1.127833591049095,41.15567847520505],[1.127897767867513,41.15560088183844],[1.127966813970382,41.1553938404594],[1.128005461362253,41.15532132724403],[1.128056099754789,41.15523783938159],[1.128112044393343,41.15514795224619],[1.128155879106254,41.15507741471741],[1.128244763639552,41.15504039527453],[1.128370917642538,41.15505487253161],[1.12846442369455,41.155073323671516],[1.128567318355288,41.155038152627846],[1.128643353003364,41.15497939661382],[1.128724207227098,41.15489360633303],[1.128890883287026,41.154740121059135],[1.128951046213051,41.15464012351539],[1.129078352555334,41.154488071067696],[1.129188462651735,41.15439599937344],[1.129296863324701,41.154296964117016],[1.12943183652635,41.15418124552273],[1.129513460796503,41.154110239361486],[1.129636135804637,41.153995311916525],[1.129753777301889,41.153889760542555],[1.129929069434322,41.153697050878094],[1.130069478228341,41.15354088613179],[1.13022428370051,41.15337711809078],[1.130539315121452,41.15312307989152],[1.130820910419743,41.15292596651798],[1.131017380807191,41.152751072756466],[1.131126306074721,41.152650152658914],[1.131228591879787,41.152556420924526],[1.131213113528812,41.15254752301669],[1.131184625988948,41.15252670466545],[1.131168301065821,41.15251824340872],[1.131101899499648,41.15249383832618],[1.130521672462434,41.1523377049313],[1.1301497202468,41.15223754840863],[1.129720431839279,41.15213375884155],[1.12909733795707,41.15198502995606],[1.129009575780023,41.15196399995549],[1.128667605587612,41.15189699230394],[1.128243488852486,41.15179589330177],[1.127996736988461,41.15174378937712],[1.12787277915303,41.15171934911313],[1.127685925642411,41.15168560100725],[1.127174097731982,41.15160144956863],[1.12665370123146,41.151512743054994],[1.126233879097549,41.15144521410882],[1.12602415081937,41.1514071284585],[1.125929476134578,41.15138388242287],[1.125550739188631,41.151224076623],[1.125290852450981,41.151132827636914],[1.125036779301094,41.15103211970868],[1.124789412979057,41.15092228646684],[1.124549600173589,41.15080372486476],[1.124450408776907,41.15074937257189],[1.124318131391525,41.15067689041974],[1.124094011505876,41.15054124998671],[1.123492504640647,41.15033173757791],[1.122445575196312,41.15061762213365],[1.121606356871143,41.150853015156706],[1.120789569228067,41.15109561309828],[1.120132962857441,41.151283078067515],[1.119324167635837,41.15152084169332],[1.117761492022909,41.151942076176915]]]]}},{"type":"Feature","id":"431233--barri--illes-medes","properties":{"name":"ILLES MEDES","officialName":"ILLES MEDES","municipality":"Reus","kind":"barri","quality":"official","code":"52"},"geometry":{"type":"MultiPolygon","coordinates":[[[[1.12134140453381,41.16420214110367],[1.121577175188803,41.16438431696783],[1.121673410330763,41.16445688374823],[1.121909608032852,41.16463085899337],[1.122555682141805,41.16511021324531],[1.123548374465915,41.165832638957504],[1.124738516753389,41.1666960800129],[1.12515232947919,41.16699672709434],[1.125447727634417,41.16723265085789],[1.125655485588039,41.16742968671135],[1.126096326010775,41.16791415287257],[1.126244111869685,41.16809508085385],[1.126265489498347,41.16812407118179],[1.126322968808439,41.16806762818293],[1.126407080234288,41.16798954902277],[1.126536505300468,41.16785635979418],[1.126631277595474,41.1677722385014],[1.126859049256181,41.16763037770445],[1.127246458713711,41.16739517941925],[1.127447119123294,41.1672425187107],[1.127971603658181,41.166860470328494],[1.127992234143473,41.16678045892731],[1.128443928865164,41.16709314063132],[1.128590112076795,41.167225759844705],[1.128651814818685,41.16731953740294],[1.129362898701954,41.166599578815365],[1.128405011032973,41.16602972300816],[1.12870187534397,41.16566658618591],[1.129006036218238,41.16528564213551],[1.129155061334009,41.16510827108291],[1.12913997487157,41.165051910109725],[1.129304203165083,41.164771470235074],[1.129372692462216,41.16465980797691],[1.12941464067606,41.16457194524022],[1.129438600373558,41.16450892149583],[1.129462452651046,41.16436572988257],[1.12945736979927,41.164303314258866],[1.130941599267761,41.16435457837248],[1.1313444310505,41.164368482286264],[1.131531040520963,41.164231628807066],[1.131404687937524,41.16412858374228],[1.130146521820422,41.16378883222731],[1.128173845830583,41.16321045751525],[1.126918064875211,41.16272834311483],[1.124546529966445,41.161620481996195],[1.124352623258497,41.16198864981019],[1.124325565083605,41.162034778222555],[1.124267793917927,41.162125624478655],[1.12420577990682,41.162214780368174],[1.124162629213535,41.16227352766014],[1.12407267031861,41.162389701669085],[1.123939019739765,41.162550112049416],[1.123724452260852,41.162781175406934],[1.123648910924537,41.16285560897878],[1.123573249114594,41.16292589712288],[1.123416658802266,41.16306305482422],[1.123293120831293,41.16316544096949],[1.123228664160381,41.16321474373766],[1.123164903112869,41.16326054489126],[1.123034355043063,41.16334957577044],[1.122671546291916,41.1635834490505],[1.122499116536746,41.16368656982622],[1.122362484920381,41.16376316073206],[1.122292434552211,41.16379958136406],[1.122184650250387,41.163850970496746],[1.12162925185055,41.164087920045034],[1.121411477599552,41.16417183551181],[1.12134140453381,41.16420214110367]]]]}},{"type":"Feature","id":"431233--barri--cementiri","properties":{"name":"CEMENTIRI","officialName":"CEMENTIRI","municipality":"Reus","kind":"barri","quality":"official","code":"53"},"geometry":{"type":"MultiPolygon","coordinates":[[[[1.110376351993797,41.164542473969256],[1.110676697486174,41.16463548656176],[1.112378283372632,41.16466866042439],[1.112432558577422,41.164671350123214],[1.112462625606879,41.164674454311],[1.112585630875735,41.16468286243534],[1.112726737864504,41.16469598024888],[1.112867148631549,41.16471259939143],[1.113006863198578,41.164732719865995],[1.113145521594262,41.16475642586074],[1.113184744779239,41.16476445357295],[1.113309695221339,41.16479234876575],[1.113433237268475,41.16482364360608],[1.113555132661155,41.16485833420173],[1.113675262277033,41.16489641860989],[1.113793512149146,41.16493771482403],[1.113909641436076,41.164982308985884],[1.114023533589812,41.16503010912202],[1.114135072060696,41.16508102325934],[1.114166013712306,41.16509522042693],[1.114187960124922,41.16510719881224],[1.114260574852892,41.1651437851605],[1.114333713767615,41.16518704552175],[1.114405303973816,41.16523028051891],[1.114469087215467,41.16526726280646],[1.114498247686829,41.165285394031656],[1.114546239068491,41.16531608315793],[1.114613253306172,41.165360954634565],[1.114680868485642,41.165405655746525],[1.114707291451486,41.16542365209935],[1.114747365120201,41.16545195987177],[1.114809821416352,41.16549783762598],[1.114876595776348,41.16554693851544],[1.11494057014824,41.165593921899884],[1.115007481878971,41.16564239443945],[1.115109870197246,41.16571738805236],[1.115056882222806,41.16579047302805],[1.115583285450462,41.16616837845679],[1.116103935438056,41.16655177211653],[1.116632981803976,41.16694187594275],[1.116930499347417,41.16715867808009],[1.117154916014759,41.16732663694466],[1.117233272951981,41.16738349177361],[1.118822247254473,41.168556080099975],[1.118839822347379,41.16856904933573],[1.12007361624505,41.16944369874833],[1.120399728498906,41.16972860369124],[1.120754246404608,41.170020726086236],[1.120920712679915,41.17004138340101],[1.121024244692103,41.170116730233026],[1.12105645304726,41.17013680101132],[1.121079233882759,41.17014888175476],[1.121127620752211,41.17017011680257],[1.121186300642549,41.170189898160196],[1.1212168380057,41.170197511441465],[1.12137328686469,41.17022906358771],[1.121452432708361,41.17024179206692],[1.12167203204773,41.1702701388259],[1.121749781603937,41.17028167339852],[1.121788436587602,41.17028887827257],[1.121822608622467,41.170298622285735],[1.121886305444814,41.17032641150708],[1.12192710571377,41.170346171574366],[1.121942424066378,41.170356599377335],[1.122003980049606,41.170409304216946],[1.12209033464203,41.17048276953927],[1.122142570507638,41.17053207989129],[1.122166142697521,41.17055822487274],[1.122293712761687,41.1707121667515],[1.122356121590931,41.17078515197161],[1.122383774346956,41.17081451593124],[1.122445134954007,41.170869919579175],[1.122498973157392,41.170913220884266],[1.122610920120235,41.170996380038225],[1.122666931467459,41.171038725821106],[1.122696281182562,41.1710587496141],[1.122727842343997,41.17107646746472],[1.122744911219888,41.17108404127946],[1.12279130604439,41.171099928833826],[1.122856597001904,41.171117835308614],[1.122886143307617,41.17112678313202],[1.122954895914603,41.17114870915027],[1.122988514993931,41.17116114604488],[1.123031146994102,41.17117940427051],[1.123114435381511,41.17121832052868],[1.123339302921287,41.17132547465817],[1.123672026718775,41.17148374360169],[1.123761179677955,41.17153023095098],[1.123876597982632,41.17159624118331],[1.123934801781006,41.17162862378275],[1.124388301642231,41.17187001187813],[1.124642119179466,41.17201141204449],[1.124889028221649,41.17215684275247],[1.125010771445212,41.172231061350274],[1.125124279369529,41.17230145291452],[1.125225942802436,41.17236498635801],[1.125254677630989,41.17238572009989],[1.125308001319677,41.172430452919464],[1.12539731033432,41.172505044678125],[1.125437392908705,41.172541725782004],[1.125455794894095,41.172561120576276],[1.125505009947338,41.17262037854268],[1.125582594986345,41.1727090113373],[1.125593541660395,41.17272648346916],[1.125596995966817,41.17275379549471],[1.125755245879961,41.17278924738168],[1.125841485084415,41.17281253801993],[1.125981577352745,41.172807521406874],[1.126131944537385,41.17278078406298],[1.12630142285415,41.17276525637528],[1.126490810686938,41.17272456168788],[1.126652077066737,41.17265413537004],[1.126801563967764,41.172574599941875],[1.126910638420479,41.17247414043574],[1.126943883035305,41.17240514902617],[1.126977306942352,41.17233578537469],[1.127138958049212,41.17208351225989],[1.127238067061608,41.17199387926201],[1.127424350484639,41.17189467502344],[1.12765079587609,41.17174135816844],[1.127742697927513,41.17167662702559],[1.12782316609119,41.17161994916473],[1.127852411364414,41.17159459717498],[1.12786877659467,41.17155572134112],[1.127886121841694,41.17149069909092],[1.127895328673036,41.171418428883094],[1.127916631128391,41.171381934298005],[1.127961251302602,41.17134707920402],[1.127990935147351,41.17123379728144],[1.127792250891185,41.170872077180675],[1.127541218370188,41.17036430731888],[1.126923953267386,41.16922520493761],[1.126552605510313,41.16856842338614],[1.126396062666845,41.16831399754395],[1.126297825203129,41.16816792271622],[1.126265489498347,41.16812407118179],[1.126244111869685,41.16809508085385],[1.126096326010775,41.16791415287257],[1.125655485588039,41.16742968671135],[1.125447727634417,41.16723265085789],[1.12515232947919,41.16699672709434],[1.124738516753389,41.1666960800129],[1.123548374465915,41.165832638957504],[1.122555682141805,41.16511021324531],[1.121909608032852,41.16463085899337],[1.121673410330763,41.16445688374823],[1.121577175188803,41.16438431696783],[1.12134140453381,41.16420214110367],[1.121234529072319,41.16422849253609],[1.121199978646519,41.16423630666856],[1.12093186464281,41.16431741961341],[1.120396962257759,41.16444147374394],[1.119931823805554,41.16450991575924],[1.119513291023348,41.16454488751737],[1.118515335772749,41.16457229927347],[1.11697454096097,41.16460498327203],[1.115612325953042,41.164628314161305],[1.114797139588344,41.16464156533204],[1.113719757431296,41.164616294988285],[1.112212953382315,41.16456498149225],[1.110376351993797,41.164542473969256]]]]}},{"type":"Feature","id":"431233--barri--roquis","properties":{"name":"ROQUIS","officialName":"ROQUIS","municipality":"Reus","kind":"barri","quality":"official","code":"54"},"geometry":{"type":"MultiPolygon","coordinates":[[[[1.083830289508646,41.15122275481686],[1.083862734938608,41.151270852960856],[1.084096564885647,41.15154477943743],[1.084540308820718,41.15212844361609],[1.085126363461947,41.152363521899346],[1.084866195266731,41.152724561152354],[1.085072326726803,41.153312204327634],[1.08520266212333,41.153846706164416],[1.085356426440121,41.154509200704794],[1.085545864439045,41.15432313041449],[1.085566875742003,41.15430546432657],[1.085578080397249,41.15429718332753],[1.085590217060391,41.15428963838919],[1.085596634894953,41.15428614194267],[1.085603878701164,41.15428292942697],[1.085619039162657,41.15427795674749],[1.085630237370938,41.154273999194295],[1.085669087417577,41.15425761996994],[1.08568840247136,41.154249113268236],[1.085703869158098,41.15424180373245],[1.085711366881773,41.154238054979245],[1.085721920995998,41.154231654726075],[1.085727888505605,41.15422725005723],[1.085739127129362,41.15421779864233],[1.085747788444035,41.1542109166032],[1.085773106174612,41.154192691426964],[1.085808763291907,41.15416725175309],[1.085820553016031,41.154159340735916],[1.085845170507389,41.15414470688797],[1.085863605801079,41.15413366348112],[1.085900880795726,41.154109962035086],[1.085947461129291,41.15408182121085],[1.08595583709691,41.15407655575495],[1.085972369101117,41.15406539067286],[1.085985225607305,41.15405767748887],[1.085994181461261,41.15405296209746],[1.08599888454532,41.154051058508344],[1.086006234347441,41.15404829809648],[1.086052100291606,41.154039826897446],[1.086075702256794,41.15403553467366],[1.086089590394739,41.15403333311786],[1.086096647042477,41.15403245939267],[1.086107277189538,41.15403164496136],[1.086123008432401,41.15403163576289],[1.086127288786903,41.1540319770076],[1.086135712074611,41.15403328773527],[1.086152410770016,41.15403689755056],[1.086160953175586,41.15403821025284],[1.086185783186399,41.15404087409073],[1.08619828520727,41.15404126167307],[1.086235289821736,41.15403917342319],[1.086263803158331,41.154038115243125],[1.086278097159126,41.15403835239997],[1.086328386769124,41.15404251950157],[1.086381193524758,41.154046187896896],[1.086423758865134,41.15404959628895],[1.086431975303206,41.15404982267373],[1.086448550827188,41.15404946714082],[1.086465028150543,41.154048389383334],[1.086487135332457,41.1540463241304],[1.086498128057364,41.15404533552968],[1.086537318599648,41.15404184225964],[1.0865568052103,41.15403973352053],[1.086572842664467,41.154037387412735],[1.086594160467073,41.1540337777841],[1.086604814138896,41.15403215302981],[1.086627392550106,41.154030275715115],[1.086644038654584,41.15402748932314],[1.086676888377856,41.15402073822831],[1.086723450716402,41.15400962080079],[1.08673219851514,41.15400796442113],[1.086749673198345,41.15400537190602],[1.086785080728922,41.154000824986234],[1.086802565864658,41.15399787233988],[1.08682042926106,41.1539942053718],[1.086856052615442,41.15398632926681],[1.086881268379735,41.15397981179077],[1.086914778987706,41.15397081973568],[1.086931925057691,41.15396723092694],[1.08695719719213,41.15396287614845],[1.08700795877456,41.15395489077197],[1.087139997759716,41.153934562020154],[1.087169578973301,41.153929558062494],[1.087208995689115,41.153922375274],[1.087228759682041,41.15391891990849],[1.087273774861899,41.15391182993702],[1.08729650369454,41.153908874095336],[1.087319328121757,41.15390673050161],[1.087330792053155,41.15390592978306],[1.087342608107222,41.15390531505056],[1.087366100192126,41.15390480385321],[1.087389693100658,41.15390492484188],[1.087436736283415,41.15390597510696],[1.087477694073404,41.153907284748534],[1.087498148144819,41.153908794856626],[1.087508003459404,41.153910039153736],[1.087527574068813,41.153913246017005],[1.087546763813366,41.15391725722941],[1.087584855430136,41.153926986280496],[1.087619741362577,41.15393630187342],[1.087636869557254,41.153941539929136],[1.087653378655747,41.1539475783854],[1.087661384521432,41.15395095378623],[1.087780500316101,41.15400634254464],[1.087830704769194,41.15402987351926],[1.087881735238667,41.154053688387656],[1.087888560411488,41.1540566839034],[1.087893280670612,41.15405829341291],[1.087903210719658,41.154061070175636],[1.087918858377609,41.154063941718675],[1.087929314533893,41.15406501579172],[1.087936331977263,41.154065492415846],[1.087950033026254,41.15406562946157],[1.08795278055103,41.15406540478417],[1.087958174771053,41.15406432323875],[1.087968864993478,41.154061437925876],[1.087974370492398,41.154060628446764],[1.087979251670081,41.15406079943388],[1.087986033492253,41.154061182075075],[1.087989257484089,41.154060965294924],[1.088045754928758,41.15405244402134],[1.088098790135435,41.154044135554166],[1.088119771414901,41.15403979947121],[1.088147387706637,41.15403269098755],[1.088161307130543,41.15402940881009],[1.088236494881736,41.15401336078058],[1.088265651832354,41.154006548026125],[1.088323523204948,41.15399174419671],[1.088365328436973,41.15398027703857],[1.088386004567785,41.15397413436657],[1.088416804030192,41.15396410612548],[1.088434160555322,41.15395736798497],[1.08844527338608,41.153952237777524],[1.088466921741622,41.15394133727306],[1.088483014984264,41.153932956854945],[1.088490652531078,41.15392848964337],[1.088497826669019,41.153923564380904],[1.088501121169493,41.15392091675278],[1.08853402539334,41.15389173756582],[1.088568905965983,41.15386015911787],[1.088574187284652,41.15385475211316],[1.088577399224668,41.15385084207651],[1.088582758890026,41.153842734145115],[1.088600706599613,41.15381150560622],[1.088620680284776,41.153776167225494],[1.088626020060559,41.15376463614451],[1.088634444231166,41.15374126638582],[1.088638510283671,41.15372845315939],[1.088643538112263,41.153711242236525],[1.088646528490436,41.15370264467032],[1.088653184769108,41.15368681184379],[1.088667688477909,41.15365516592737],[1.088678307926487,41.153634174469786],[1.088692707153446,41.15360612978481],[1.088699194677392,41.15359200556793],[1.088708416049986,41.15356991005094],[1.088725797178096,41.15352534112683],[1.088738452409894,41.15349168293961],[1.088742020064397,41.153483725455025],[1.088750338694824,41.15346810031531],[1.088768511391756,41.153437325846234],[1.088776830009673,41.153421700704214],[1.08878520084927,41.15340427494362],[1.088789788293238,41.153394847806204],[1.088792510678071,41.153391380022235],[1.088798778811451,41.15338481839338],[1.088805989423782,41.15337863267698],[1.088817389363831,41.153363599031984],[1.088834684410114,41.1533425380191],[1.088850512502613,41.15332685714745],[1.088857412758233,41.15331904495054],[1.088869637653089,41.15330843860257],[1.08888477353917,41.15329607900106],[1.088895954111986,41.15328860794295],[1.088906795613583,41.15328050074674],[1.088921860986857,41.15327057197433],[1.088938332241431,41.15326147716018],[1.088957210918299,41.153255664899596],[1.088972150949549,41.153250057603685],[1.088990358324424,41.153246846366336],[1.089008210962314,41.15324353917486],[1.089024546429385,41.153239125955096],[1.089044739597249,41.15323729872091],[1.089075455068583,41.153230151281804],[1.08912587841909,41.15322558218044],[1.089155023510944,41.15322327270924],[1.089182829613675,41.15322193186479],[1.089224877349943,41.1532226284193],[1.089249114236984,41.15322519169578],[1.089263425387454,41.15322894165744],[1.0892747429904,41.15323318247368],[1.089288000379368,41.15323628445735],[1.089330813093008,41.153243478985054],[1.089344760042462,41.15324334971459],[1.089373379075966,41.153242742883315],[1.089415142575345,41.153240912583506],[1.089458057111439,41.153244595858],[1.089490143545377,41.1532435960594],[1.089505856344876,41.15324421661106],[1.089518296558267,41.15324262117654],[1.089519749436183,41.15324183457313],[1.089522191781413,41.15323980331997],[1.089524657618838,41.15323696178833],[1.089539101911148,41.15323612013846],[1.08955057875786,41.15323486904096],[1.089565050105525,41.15322898368252],[1.089571285871421,41.15322764577657],[1.089574641985147,41.153226980769176],[1.089645541931662,41.15320254737065],[1.089633611882755,41.1532153204653],[1.089623758994121,41.15322632647757],[1.089614732079932,41.15323761639144],[1.089609030906596,41.15324517827141],[1.089602049831787,41.15325578147465],[1.089598298876147,41.1532618443934],[1.089594400092442,41.153268895679446],[1.089590229144561,41.15327711342183],[1.08958907357919,41.15327997665618],[1.089588153634609,41.15328293386715],[1.089587144943834,41.15328895212995],[1.089586908370178,41.15329300154923],[1.089586555042903,41.1533092991215],[1.089586064576805,41.15331388478068],[1.089584843755908,41.15331899878834],[1.08958381252548,41.15332168393359],[1.089578338178068,41.15333375327705],[1.089572270860529,41.1533457227249],[1.089567988619648,41.153353668400534],[1.089557640009547,41.15336944012708],[1.089554624619054,41.15337479463387],[1.08955334210386,41.153377925987655],[1.089548426781084,41.15339126562684],[1.089543630571975,41.15340460723864],[1.089537442526013,41.1534248881069],[1.089533489348085,41.153454366956716],[1.089529248339058,41.153485552448025],[1.089527429059568,41.15350308677728],[1.089526324474706,41.153520632943945],[1.089525987747936,41.153532246933835],[1.089526012632363,41.15354783017626],[1.089527538951987,41.15361027685156],[1.089528157502349,41.15363415674959],[1.089529247297088,41.1536582246011],[1.089531312992245,41.153706178269076],[1.089532173082304,41.15373816884183],[1.089532183695909,41.15377068578953],[1.089531357883287,41.1538032789575],[1.0895303740606,41.15382488046073],[1.089528464102451,41.15385376263115],[1.089526761315105,41.15387138896297],[1.08952458467047,41.153888917372],[1.089519635793729,41.15392396432502],[1.089516458266317,41.153947240902085],[1.089514997275152,41.15396063775295],[1.089512508341181,41.1539848264766],[1.089510376755579,41.15400902111894],[1.089509549541589,41.1540252207658],[1.089509405012709,41.15403431586175],[1.089509576068778,41.154044857371275],[1.08951029572309,41.15405702930214],[1.08951211683574,41.15407642540909],[1.089514290079547,41.15409600749668],[1.089519237376457,41.15413500147457],[1.089522892928536,41.154161003378505],[1.08952784902367,41.154195583867875],[1.089537205754249,41.15425924112205],[1.089547033749628,41.15432308632875],[1.089551045019969,41.15434504078601],[1.089555892725514,41.15436691902267],[1.089559405952165,41.15438138907591],[1.089564684104171,41.15440075236525],[1.089572283617561,41.15442636921877],[1.089573818138604,41.154430988416266],[1.089575588284793,41.15443570159047],[1.08957985372492,41.15444477965257],[1.089583016739565,41.15445077693435],[1.089587556960975,41.154458598509116],[1.08960714465954,41.15448999851199],[1.08961224654174,41.15449900035219],[1.089617542286555,41.154509536663525],[1.089620003652183,41.15451507195257],[1.089622205900691,41.15452132354318],[1.089624040355248,41.15452792933887],[1.089630807737043,41.15455758574299],[1.089636857806813,41.15458732034052],[1.089640571801434,41.15460719816504],[1.08964504819554,41.15463366402919],[1.089651489318632,41.15467457429676],[1.089657933058996,41.154715394532936],[1.089657987628555,41.15472584403785],[1.089658360399354,41.15473764992502],[1.089658135920783,41.1547453925839],[1.089656726186983,41.15476113221171],[1.089654482624647,41.15477685802957],[1.08964891821114,41.15480847197126],[1.089645732843957,41.15483201864132],[1.089644923916901,41.15484758807106],[1.089645051570551,41.15485551671011],[1.089646025151406,41.15486715239946],[1.089648309035252,41.154878809790105],[1.089649928756331,41.15488460136133],[1.089658419606369,41.15490825133887],[1.089664876909928,41.154923941111534],[1.089678641017139,41.154954794280115],[1.08968845263121,41.154978105832946],[1.089692999779751,41.1549898007061],[1.089710654490715,41.15503855298607],[1.089723855082849,41.15507651267359],[1.089729974993804,41.1550956196721],[1.089738436238037,41.155124403379084],[1.089740329804538,41.15513308185669],[1.089741234825739,41.15513886159013],[1.089741848459005,41.15515058139121],[1.089740982124767,41.15516813150135],[1.089736147139461,41.15520336049131],[1.089732383506429,41.15523041047704],[1.089729138344401,41.15524368770558],[1.089725790671604,41.15525227938094],[1.089723642968562,41.15525647729651],[1.089719775393884,41.15526244821127],[1.089706507607492,41.15528024330449],[1.089690133933052,41.155302400590074],[1.089676130532955,41.15532090408967],[1.089668719743299,41.15532987884105],[1.08965603020684,41.15534417061364],[1.089631132815092,41.155372581983826],[1.089627338313769,41.15537603202968],[1.089618340760479,41.15538218819895],[1.089611886477265,41.15538694530403],[1.089581926954655,41.15541320111677],[1.089574718793468,41.15541929684552],[1.089560188568474,41.15543130626682],[1.089549786712138,41.15544068184024],[1.089517288121808,41.15547230002932],[1.089498276394725,41.15549090070031],[1.089465909926779,41.15552207069209],[1.089455891506924,41.15553055186652],[1.089448473798198,41.15553565330074],[1.089433058442781,41.15554530611684],[1.089426158978877,41.15554897494765],[1.089411785335611,41.15555558249523],[1.089404885869469,41.15555925132471],[1.089401731324589,41.15556118070299],[1.089385054271798,41.15557324461507],[1.089352751339574,41.15559811043724],[1.089347011734245,41.1556028793655],[1.089335889880291,41.15561242314071],[1.089326993111893,41.15561921147507],[1.089263046372101,41.15566264880617],[1.089261438907251,41.155664243512135],[1.089259733535616,41.1556659266703],[1.089257122363547,41.15566966652843],[1.089250516596107,41.15567964540295],[1.089244602048012,41.155690446394736],[1.089242531645139,41.15569608676744],[1.089238402912127,41.15571106075209],[1.089233105494836,41.15572934811927],[1.08923233757642,41.15573528029077],[1.089232699177081,41.15573924954269],[1.089235092669017,41.155747125641994],[1.089237357578682,41.15575121649771],[1.089243451624036,41.155758883676675],[1.08924596260723,41.1557627083862],[1.089246974637177,41.15576479685611],[1.089249948066533,41.15577322300689],[1.089255294105425,41.15579024550356],[1.089259931627563,41.155802932704795],[1.089278685378456,41.15584665909929],[1.089282471769749,41.15585581930921],[1.089290285406604,41.15587405364432],[1.089295487212178,41.15588783108105],[1.089299487374009,41.1559019489086],[1.089300834904851,41.155908906938606],[1.089308885835545,41.15596416566988],[1.089316230863979,41.15601499907466],[1.089322625207417,41.15604518975551],[1.089324411698136,41.15605755950407],[1.089325005348963,41.15606585615754],[1.089325242297053,41.156082343647725],[1.089324294236608,41.156094487950185],[1.08932328285804,41.156100596237316],[1.089321115847905,41.15610956775341],[1.08931232802335,41.156137255087565],[1.089299708751254,41.15618199303606],[1.089295140065142,41.15619569869587],[1.089291543597898,41.15620464653193],[1.089283516814492,41.156222528390686],[1.089279509132436,41.15622921756131],[1.089269603497179,41.15624202414414],[1.089265241060708,41.156248617363424],[1.089263474154353,41.15625201091043],[1.089260131586678,41.156260422506634],[1.089254513315235,41.156277443520196],[1.089249975943385,41.15629006880718],[1.089245654294868,41.156299364925026],[1.089236177146993,41.15631794334679],[1.089232210246686,41.156327335414865],[1.089230758924312,41.156332175375155],[1.089228806636326,41.15634196111323],[1.0892268079958,41.156361564162665],[1.089225069466776,41.15637630751842],[1.089218462940607,41.15641096668628],[1.089216462023137,41.15641831961715],[1.089211390706832,41.15643291768761],[1.089208448888743,41.1564439480703],[1.089208054629447,41.1564575427312],[1.089206734493928,41.15646607790322],[1.089203143862313,41.15648304242936],[1.089201942846838,41.156491579574656],[1.089201820129774,41.15649581102536],[1.089202479340259,41.15652239381117],[1.089203681937897,41.15655078708103],[1.08920631596315,41.15657091724494],[1.089214442934651,41.15661122493326],[1.089225915424306,41.15666356789992],[1.089228276629552,41.15667666776237],[1.089231445238477,41.156703021895304],[1.08923317655559,41.15672962244049],[1.089235209730616,41.156782799850355],[1.089236821928229,41.156809398421856],[1.089237991920585,41.15682247855047],[1.089240633797026,41.15684233862057],[1.089243319416507,41.15685247141076],[1.089251207885836,41.156872238245896],[1.089254250874088,41.156882376955856],[1.089255055025349,41.15688752450167],[1.089258456985061,41.15693459954499],[1.089259809079177,41.15696605780899],[1.089260848168405,41.15702885667902],[1.089260328248906,41.157059112968085],[1.089261459083903,41.157073543558994],[1.089262881006526,41.15708245742885],[1.089262971767555,41.15708302639926],[1.089264334979781,41.15708944424361],[1.089267783972432,41.157102021679655],[1.089271176506989,41.15711243640165],[1.089278681535975,41.157133097623536],[1.089290804276954,41.15716302289831],[1.089306808466619,41.15719472387694],[1.089310388018118,41.15720279976877],[1.089316710654236,41.15721902777002],[1.089322319536238,41.15723110053843],[1.089328348449819,41.15724101848574],[1.089332933205711,41.15724730954587],[1.089343187878937,41.157259459270634],[1.089372065208319,41.15729110325924],[1.089394327488052,41.15731660270068],[1.089405154300192,41.157329572564066],[1.089411463253307,41.15733805395991],[1.089422879492258,41.15735535714231],[1.089431800349475,41.15736829543251],[1.089469194276652,41.15741449232393],[1.089487642086253,41.15744001863908],[1.089496202987332,41.157453041036156],[1.089508022661333,41.15747287296739],[1.089514198497066,41.15748594593218],[1.089523429476853,41.157512850838636],[1.089528525378263,41.157526176137594],[1.089531672861806,41.157532713606074],[1.089544701101383,41.1575560784414],[1.089551752584664,41.1575677247219],[1.089563174119848,41.15758484782967],[1.089571901167943,41.15759625163894],[1.089574883508824,41.157600264295944],[1.08962880986294,41.15768051274904],[1.089661718905858,41.157737534263305],[1.089690009415364,41.157822312174666],[1.089715994430506,41.15788795618541],[1.089724609740573,41.157923768214474],[1.089734704846171,41.15796609008589],[1.089739202085512,41.15800417583848],[1.089745840953771,41.15804238713331],[1.08974323582753,41.158087020743054],[1.089728380375789,41.15811433738865],[1.089689652527453,41.158167560298246],[1.089620240509279,41.158239100476116],[1.089534146342663,41.158318741190904],[1.08945466325972,41.15842109994334],[1.089415778008152,41.15845918770113],[1.089367757947928,41.158512256577154],[1.089352611118882,41.15853317308396],[1.089346898009026,41.15854523844911],[1.089348655183383,41.158550401779884],[1.089349873194021,41.15855771795762],[1.089343646695491,41.158583376006135],[1.089329316087944,41.15861313329116],[1.089320646371091,41.158632625827714],[1.089315967190218,41.15864191602149],[1.089313554981422,41.1586470102858],[1.089312590552428,41.158651498014294],[1.089377106421997,41.15880433528333],[1.089654468904884,41.158727418607164],[1.089976302167513,41.158639701919114],[1.090700989540786,41.15845263633649],[1.091173733901873,41.15832688089257],[1.091889842106282,41.158143629059936],[1.092346717984725,41.15803066700338],[1.09230736715011,41.1578996789251],[1.091907899412909,41.15713710063931],[1.093569634514785,41.15655533254039],[1.094794307703084,41.156254135609835],[1.094468179788116,41.15505428472995],[1.094289732974881,41.1547342755079],[1.094124850400679,41.15440683382102],[1.094008382139641,41.15413198456131],[1.093945001190018,41.15395826501154],[1.093896803813464,41.15385703583525],[1.093820915729378,41.153732560262135],[1.093799057294004,41.15361068894876],[1.09378273955666,41.15347855066285],[1.093776825944174,41.15334928653792],[1.093797231088908,41.15306823195701],[1.093828611199684,41.15290625667642],[1.093860169780254,41.152791663363516],[1.093900164556263,41.15267793004099],[1.093969028111632,41.15252197856792],[1.094119318286858,41.15225775217293],[1.094044566926793,41.152221748384704],[1.093997959027901,41.152193325458704],[1.093954627136905,41.152162884941205],[1.093909193582732,41.152126825076564],[1.093853355640784,41.15207555086496],[1.093819031016343,41.152038593652144],[1.093783700201728,41.151995224531596],[1.093769505687044,41.15197508355191],[1.093756398827805,41.15195442009993],[1.093744490923547,41.151933506238],[1.093710436219741,41.151862505399656],[1.093701563473331,41.15183966006098],[1.093694363526009,41.151816662218934],[1.093687953790721,41.151791065283675],[1.09368678104934,41.151773931800754],[1.093687782905922,41.151759896780206],[1.093690185469756,41.151746875725074],[1.093694022597592,41.15173369822999],[1.09369952209689,41.15172072835658],[1.093706440531988,41.15170814222986],[1.09371477269344,41.15169611991194],[1.09372439425903,41.15168483949633],[1.093729667168251,41.15167970233369],[1.093736346679825,41.15167125567062],[1.09163482848352,41.149130731382904],[1.091594647320224,41.149131507792006],[1.09157017621618,41.14912885106608],[1.091549444394972,41.14912463486553],[1.091532783110324,41.14911976541543],[1.09151133225294,41.149111574044866],[1.091496408882103,41.1491043013396],[1.091479430213961,41.14909393210193],[1.091470213609339,41.14908711411258],[1.091462068979171,41.149080313859244],[1.09145464942792,41.14907316530548],[1.091447481130571,41.149065570537275],[1.091440696231473,41.149057081369975],[1.091434641625683,41.14904806384032],[1.091429656386101,41.14903915407847],[1.091425044115381,41.14902971004217],[1.091421400353201,41.14901974158539],[1.091418598169425,41.149009516830716],[1.091417103566196,41.14899940378578],[1.091416093216788,41.14898902853065],[1.091416398268805,41.14897849489198],[1.091417283216255,41.14896851129384],[1.091419496600514,41.148957919156594],[1.091422525487821,41.14894797103246],[1.091426375092442,41.14893848685913],[1.091431055843138,41.14892910651215],[1.091436559917838,41.14892010008472],[1.091442519564088,41.1489118217888],[1.091449193855247,41.14890355531706],[1.091462070392055,41.14889097782863],[1.091089971138477,41.148381723518476],[1.090922559566561,41.14817241527887],[1.090699914587528,41.14791123764049],[1.090341023762591,41.14752717443111],[1.090042399414073,41.14723596464186],[1.089913764961762,41.14713520332457],[1.089791199340335,41.1470840832059],[1.089737382098348,41.147107241793606],[1.089685298449475,41.147124033794135],[1.089640898411814,41.147134737900075],[1.089614541476142,41.147139615766626],[1.089585349517085,41.147143636005175],[1.089555233425537,41.14714665011376],[1.089523846328307,41.147148292049586],[1.089491667254763,41.14714847967141],[1.089458937025696,41.1471471268931],[1.089425893852286,41.14714423765979],[1.089391830940105,41.147139530041315],[1.089374758203119,41.14713654502477],[1.089357462918561,41.14713301587392],[1.089340773597668,41.14712913646075],[1.089323978224322,41.14712480491721],[1.089306960304519,41.14711992923936],[1.089290431854827,41.14711461129562],[1.089273913848042,41.147108933225496],[1.089257295010291,41.14710262296301],[1.089241046539165,41.147095868461996],[1.089225523137668,41.147088765672564],[1.089209774581627,41.14708120878006],[1.089194399002946,41.14707311761841],[1.089179626779857,41.147064766226904],[1.087476986440429,41.148565738655925],[1.086077411637022,41.14956666822957],[1.0843201124522,41.150524529296504],[1.084009993194715,41.15066953203886],[1.084037878247989,41.15071052860073],[1.084056189964483,41.15074470065161],[1.084070624722179,41.15078106015645],[1.084080719160542,41.15081914904937],[1.084085888188762,41.150858597316386],[1.084085790170576,41.1508988588385],[1.08408044341873,41.15093930340069],[1.08406950891317,41.150979294851844],[1.08405335968243,41.15101829894151],[1.08403225226337,41.1510556894096],[1.084006440577332,41.15109093002625],[1.083976654992909,41.15112349247558],[1.083943377188673,41.15115320460754],[1.083907451414856,41.15117972014694],[1.083869597577598,41.15120287090212],[1.083830289508646,41.15122275481686]]]]}},{"type":"Feature","id":"431233--barri--mas-sedo","properties":{"name":"MAS SEDÓ","officialName":"MAS SEDÓ","municipality":"Reus","kind":"barri","quality":"official","code":"55"},"geometry":{"type":"MultiPolygon","coordinates":[[[[1.079715975232536,41.14762000330673],[1.079680113303507,41.147656606912186],[1.079677121007461,41.1476611508789],[1.079675982981241,41.1476715805371],[1.079679470615812,41.14767866438543],[1.079718525534953,41.14771651520504],[1.079829579384992,41.14781078005821],[1.079951233909051,41.147905221261716],[1.080060928876523,41.147992977932056],[1.08011334715438,41.14803843713057],[1.080333472172206,41.14824602869758],[1.080541980518599,41.1484392848902],[1.080737495116648,41.148616381375064],[1.080952500147645,41.14881577989267],[1.081079737952545,41.14893958690066],[1.081141175094273,41.149002760132575],[1.081304742153094,41.14917626166389],[1.081480049038629,41.149359956459556],[1.081573485137307,41.14946194320265],[1.081783624333107,41.14968539911617],[1.081985266965797,41.14988556430352],[1.082211256672557,41.15012135293895],[1.082371012713955,41.15028677299026],[1.08244502784579,41.15036825953936],[1.082559494137619,41.15048068339757],[1.082676556285857,41.15059810436974],[1.082695125335801,41.15061931023313],[1.082707779693717,41.15062672650773],[1.082767184013675,41.1506451883007],[1.082771524501367,41.15063526221497],[1.082789081376733,41.150601145707796],[1.082831229176349,41.15052870603803],[1.082881826065008,41.150440283505766],[1.082891853735108,41.15042738941748],[1.082918963988494,41.15040487108803],[1.082944771762882,41.150390257630974],[1.082974260092036,41.150380209045906],[1.082989253577507,41.15037685526609],[1.083011968248116,41.15037435039931],[1.083039832088501,41.15037508369863],[1.083058588587672,41.150377557194126],[1.083095769094371,41.15038574132019],[1.08313074540213,41.15039596050984],[1.083147126218583,41.150402267699896],[1.083169755663585,41.150414983918985],[1.083187343220542,41.15042896746069],[1.083215163614527,41.15045987483975],[1.083239456522183,41.15049324567084],[1.083268041241206,41.15053884782634],[1.083228945436839,41.150559635807625],[1.083191182039236,41.150583778661066],[1.083155703925921,41.150611292223],[1.083122992772854,41.15064200435186],[1.083093890207908,41.15067565881429],[1.083068999641168,41.150711995418526],[1.083048934961028,41.1507503938505],[1.083034185710673,41.15079041187772],[1.083024891960619,41.15083133123696],[1.083021310274567,41.150872525674366],[1.083023220774165,41.15091336101727],[1.083030522691329,41.150953205071644],[1.083042633575568,41.150991597785946],[1.083059214433968,41.151027903005925],[1.083079674954991,41.151061930771085],[1.083103310951401,41.15109330908018],[1.08313323629329,41.151125602570794],[1.083164954922601,41.151153602295445],[1.083200889610918,41.151180050738425],[1.083241056073025,41.15120440771206],[1.083284874464836,41.15122612313171],[1.083332122273421,41.15124465285086],[1.083382092681857,41.151259714898266],[1.083434203219062,41.15127084922135],[1.08348738187362,41.15127803800535],[1.083541038315486,41.151281091292205],[1.083594219642695,41.1512799932493],[1.083646319815238,41.15127509410514],[1.083696502425842,41.15126647003963],[1.083744156201375,41.15125465134499],[1.083788796836561,41.15123990020119],[1.083830289508646,41.15122275481686],[1.083869597577598,41.15120287090212],[1.083907451414856,41.15117972014694],[1.083943377188673,41.15115320460754],[1.083976654992909,41.15112349247558],[1.084006440577332,41.15109093002625],[1.08403225226337,41.1510556894096],[1.08405335968243,41.15101829894151],[1.08406950891317,41.150979294851844],[1.08408044341873,41.15093930340069],[1.084085790170576,41.1508988588385],[1.084085888188762,41.150858597316386],[1.084080719160542,41.15081914904937],[1.084070624722179,41.15078106015645],[1.084056189964483,41.15074470065161],[1.084037878247989,41.15071052860073],[1.084009993194715,41.15066953203886],[1.0843201124522,41.150524529296504],[1.086077411637022,41.14956666822957],[1.087476986440429,41.148565738655925],[1.089179626779857,41.147064766226904],[1.089164872831846,41.14705578461648],[1.089137061119259,41.147036858672024],[1.089123884250394,41.147026912365334],[1.089111075139022,41.14701661185244],[1.089098517291297,41.14700586512939],[1.089086922721779,41.14699477406595],[1.089075804572547,41.14698369089393],[1.089065059401154,41.14697207345428],[1.08905491758478,41.14696019578641],[1.089045606889924,41.14694842196086],[1.08903678044545,41.14693638593423],[1.089028440861543,41.14692399767568],[1.089020818514881,41.14691153122465],[1.089013913405071,41.14689898658132],[1.089007479492731,41.14688662989241],[1.0889963052333,41.14686104382842],[1.088991790041365,41.14684826855497],[1.088987865149414,41.146835683209446],[1.088984313232753,41.146822563597425],[1.088979311504344,41.14679780038718],[1.088976331932053,41.14677316075254],[1.088975366682337,41.14674891478665],[1.088976294038934,41.14672515054728],[1.088978981844214,41.14670231621619],[1.088983321434551,41.14668004969597],[1.088989183263347,41.14665870913723],[1.088996469108955,41.14663757231846],[1.089005665825264,41.14661628700807],[1.089016535203582,41.14659484925919],[1.089029551045303,41.146573356995],[1.089044594245001,41.14655180824153],[1.089061892566121,41.14653056706829],[1.089080953932305,41.14651016576791],[1.08910264077757,41.14648962780988],[1.089126321040943,41.14647020376161],[1.089152976258695,41.146450919064925],[1.088766512773753,41.1461066478218],[1.088463622414654,41.14585554593393],[1.088039395046294,41.14562621171859],[1.087841032426535,41.14554690094263],[1.087451112005204,41.14530164968119],[1.087208088166946,41.14512305606408],[1.087051349690189,41.14503020242543],[1.086895869339973,41.14498844154832],[1.08673941815516,41.14497602856879],[1.086493721115387,41.144889625156104],[1.086067482529538,41.144631516650655],[1.085719769075453,41.14437759213259],[1.086081040877619,41.144094808911646],[1.086180522615011,41.14397215699818],[1.08637307772197,41.14379979682659],[1.086718143950972,41.14349733074278],[1.085373592084901,41.14275880451291],[1.085058332020587,41.14309188906722],[1.084582230592471,41.143567804741856],[1.083138506552235,41.14501090987814],[1.083064025829631,41.145085356402525],[1.082812123750713,41.14527305321598],[1.079744838823443,41.147558409825585],[1.079715975232536,41.14762000330673]]]]}},{"type":"Feature","id":"431233--barri--horts-miro","properties":{"name":"HORTS MIRÓ","officialName":"HORTS MIRÓ","municipality":"Reus","kind":"barri","quality":"official","code":"6"},"geometry":{"type":"MultiPolygon","coordinates":[[[[1.110018577121997,41.15343568351644],[1.110178894276976,41.15360503773755],[1.11029115260935,41.15373397172212],[1.110504300166344,41.15396445068734],[1.110706083132999,41.15418816769274],[1.110881337604292,41.15435623432828],[1.111413045893334,41.154902684742005],[1.111681562022418,41.15516838636436],[1.111841396616285,41.155371508228455],[1.111985986652414,41.15554519627601],[1.111996402243259,41.15554770868945],[1.111994857154955,41.155555880160406],[1.111910182599026,41.15574509138735],[1.111791893847576,41.155830527159594],[1.11195796144202,41.155990875522036],[1.112477540399916,41.156487221300566],[1.112609142347253,41.156573594188124],[1.113211242425705,41.15686879990551],[1.113648535263085,41.15710942461492],[1.113666734566751,41.15712314330703],[1.11404405930727,41.15738125104408],[1.114481380456582,41.15770023769086],[1.114817739568705,41.157953259609805],[1.115195711769334,41.15823488355308],[1.115714572644488,41.15854943313017],[1.11579949362719,41.15857640144714],[1.116117350144568,41.158672388092526],[1.116470945424207,41.158781477780956],[1.116850827361706,41.158878542688385],[1.117053260435779,41.15882213159322],[1.117203346570802,41.1585346515848],[1.117397247619321,41.158176258228565],[1.117465158694614,41.15803522935433],[1.117546999030206,41.15786551390879],[1.117672613466859,41.15750267283761],[1.117731372698414,41.15722305022259],[1.117768832004097,41.15695893307572],[1.117760614688573,41.156825218775076],[1.117742642073704,41.15653236410874],[1.117691370041093,41.15608268708063],[1.117651541848915,41.15587072276458],[1.117528049942516,41.15554200786129],[1.117369673389478,41.155191285769604],[1.117456421867378,41.1550582205852],[1.117328585205892,41.155086038848424],[1.117038067692552,41.15462191765978],[1.116910185720367,41.15444283395684],[1.116625426902289,41.154102657949814],[1.116472862658927,41.15393244841174],[1.116339449630025,41.15379686973956],[1.11608892747093,41.15351823181602],[1.11599006769171,41.15341213092987],[1.115820914492217,41.15323453370288],[1.115282858101937,41.15271646545023],[1.115136005187062,41.152624708968496],[1.115172077475612,41.15245355173821],[1.114430227703614,41.15177052940039],[1.114367521718876,41.151717171156655],[1.114335975924027,41.151690984279206],[1.114156403783058,41.15149465896213],[1.113773282325307,41.15111366866274],[1.113780261123161,41.151101482452304],[1.113784827410616,41.15109186839285],[1.113788500522298,41.151082297577524],[1.11379132271086,41.1510728281079],[1.113793342613628,41.151063511037826],[1.113794613469286,41.15105439023245],[1.113795191471425,41.15104550245917],[1.113795122534747,41.15103660410723],[1.113794374726546,41.15102745029276],[1.113790612065427,41.15100852304836],[1.11378749000242,41.15099884111834],[1.113783478077098,41.150989086787604],[1.113778538610453,41.15097932361884],[1.113772643678477,41.1509696214139],[1.113749241592269,41.15094174872177],[1.113739387875736,41.15093297257914],[1.113728751753143,41.15092475415731],[1.113715024770972,41.15091555985877],[1.113678647203636,41.15089788857623],[1.113650372202511,41.15088881921965],[1.113621133046093,41.150882966101115],[1.113606440401313,41.15088124772691],[1.113591845298945,41.15088031220066],[1.113577448419346,41.15088012957294],[1.113563341000277,41.150880661228065],[1.113549603550549,41.150881861522784],[1.113536305064636,41.150883679485005],[1.11352350270906,41.15088606048663],[1.113501273540879,41.150891042525764],[1.113477999037253,41.15090007810968],[1.113457724020917,41.15090963876794],[1.113447725717362,41.150915297944216],[1.113437919318024,41.15092156532922],[1.113428387197655,41.15092844993476],[1.11341921704974,41.15093595323626],[1.113410500541147,41.15094406811733],[1.113395745024091,41.15095853710459],[1.113382039092762,41.150982155837575],[1.113376968701334,41.15099287121314],[1.113372870404265,41.151003942714595],[1.113369802497057,41.151015293981494],[1.113367809015732,41.15102684190453],[1.113366918125861,41.151038498570216],[1.113367141080446,41.1510501734535],[1.113368471818865,41.15106177574619],[1.113370887234243,41.151073216696055],[1.113374348089058,41.1510844118317],[1.113378800513257,41.15109528295793],[1.113384177981271,41.15110575982775],[1.113390403637611,41.15111578142419],[1.11340054850417,41.15112959309449],[1.112978917160573,41.15148531060532],[1.1129037826683,41.15154974565869],[1.112583205046975,41.15184138572362],[1.11251724457022,41.15182265185274],[1.112452362302448,41.15181204227918],[1.112357937100025,41.15180103929281],[1.11229509674566,41.151802352859704],[1.112240176121563,41.15192656733923],[1.112184534804747,41.15211337166375],[1.112183817114072,41.15215506433926],[1.112100809630147,41.152178115954996],[1.112036047339503,41.15220074554168],[1.111226684963547,41.152668942931385],[1.110942761696245,41.152907854495155],[1.110631193936993,41.15317982018347],[1.110460811044607,41.15327421944454],[1.11033269733902,41.15335327769112],[1.110279866024205,41.153379524554765],[1.110142864768663,41.15342772164436],[1.110093147088861,41.153436815241186],[1.110057616585963,41.15343740406016],[1.110018577121997,41.15343568351644]]]]}},{"type":"Feature","id":"431233--barri--muralla","properties":{"name":"MURALLA","officialName":"MURALLA","municipality":"Reus","kind":"barri","quality":"official","code":"7"},"geometry":{"type":"MultiPolygon","coordinates":[[[[1.111285374338674,41.161771998611385],[1.111474186164803,41.16180049108994],[1.111580855659724,41.16192536896647],[1.111621731729842,41.16198377574564],[1.111664819439218,41.162014926234335],[1.111791105023958,41.16201267005832],[1.112594219124871,41.16187052643243],[1.113198473634132,41.16173845540653],[1.113584620545792,41.161622720749484],[1.113665080774255,41.16148090867272],[1.113766552175043,41.16151688635463],[1.113841555722823,41.16155315173357],[1.11428596156366,41.16136738886838],[1.114742249262864,41.16116200213959],[1.114835221111387,41.161111819064566],[1.115119589451635,41.16095811581445],[1.115544511613361,41.16066988544735],[1.115786183641693,41.160483686753466],[1.115894755333582,41.16037556966712],[1.116075893149262,41.16037463583037],[1.116161811044565,41.16022847651062],[1.116147979169301,41.160064008608785],[1.116640140554749,41.15955851897019],[1.116918305804208,41.15923365884614],[1.116966700744148,41.15917176345876],[1.116850827361706,41.158878542688385],[1.116470945424207,41.158781477780956],[1.116117350144568,41.158672388092526],[1.11579949362719,41.15857640144714],[1.115714572644488,41.15854943313017],[1.115195711769334,41.15823488355308],[1.114817739568705,41.157953259609805],[1.114481380456582,41.15770023769086],[1.11404405930727,41.15738125104408],[1.113666734566751,41.15712314330703],[1.113648535263085,41.15710942461492],[1.113211242425705,41.15686879990551],[1.112609142347253,41.156573594188124],[1.112272451015366,41.15750575774638],[1.112039662574439,41.15787692694393],[1.111826845085861,41.15826643740435],[1.111575070591073,41.15880915645951],[1.111514886579471,41.15902525005166],[1.111386494262826,41.15948369747926],[1.111359101633376,41.15955368701453],[1.111222272189052,41.159903096321166],[1.111107306620819,41.16019656709362],[1.111170361453369,41.160903060943895],[1.111218880133493,41.161301803317244],[1.111236275331915,41.16145998825019],[1.111285374338674,41.161771998611385]]]]}},{"type":"Feature","id":"431233--barri--montblanc-tarragona","properties":{"name":"MONTBLANC-TARRAGONA","officialName":"MONTBLANC-TARRAGONA","municipality":"Reus","kind":"barri","quality":"official","code":"70"},"geometry":{"type":"MultiPolygon","coordinates":[[[[1.12537052536236,41.18175622093233],[1.13674618235884,41.187119177193026],[1.140773173796011,41.18992520014123],[1.155535012810084,41.179726755185825],[1.155341816875949,41.17961762945137],[1.155152957995085,41.179532528774615],[1.154913372631843,41.179412402378546],[1.154822552938135,41.17936728754436],[1.154674325710984,41.179295209695255],[1.154621032883947,41.179269204397066],[1.154492542254552,41.17920334514268],[1.154406779803888,41.1791417366583],[1.15427116808063,41.17902741888164],[1.154142220213053,41.1789160631009],[1.154049387432321,41.178826573211445],[1.15391475062036,41.17863111461988],[1.153840701506062,41.17852672045838],[1.153696354679165,41.178314956676566],[1.153531983344133,41.17804770529805],[1.153412063624953,41.177830678984414],[1.153361821609661,41.17770150085705],[1.153246768174355,41.177401348898236],[1.15314551003658,41.17718462161195],[1.15300017722751,41.176875505213985],[1.152930487123268,41.17669807328557],[1.152833499946935,41.176495519705355],[1.152736549836376,41.17620432639448],[1.152636758520904,41.175931202050805],[1.152564768541971,41.17576126941832],[1.152483014233395,41.17559006405381],[1.152432630044773,41.17548276731367],[1.152375961188239,41.17533861348419],[1.152320565404013,41.17515083142448],[1.152310498217605,41.175076519716185],[1.152308223885866,41.175030453951244],[1.152301922790742,41.17499795256149],[1.15227667917878,41.17494156869879],[1.15222536565981,41.17488483311826],[1.152008087616613,41.174645086418465],[1.151826643309783,41.17445880825368],[1.151625669512494,41.174265800371366],[1.15157754590182,41.174223310364944],[1.151470474289514,41.174132576469745],[1.151152991597833,41.17385205549417],[1.150953318797477,41.17365713255337],[1.150843514241306,41.17357203691381],[1.150766888956994,41.17347559698222],[1.15065036209375,41.173304464135605],[1.150600194813872,41.17323597725762],[1.150524010219496,41.17315080520963],[1.150339983236353,41.17299960324243],[1.150216411008187,41.17291058428894],[1.150152042716041,41.17286791647838],[1.149915296260579,41.172724928682406],[1.149859422930724,41.17268535701438],[1.14980582215237,41.172635013036164],[1.149666526611413,41.17245068507749],[1.149556539957237,41.172343898327675],[1.143792186043312,41.17046946497792],[1.156394804030286,41.15529986884975],[1.156049695242868,41.15523195499729],[1.155837421507514,41.15519433325004],[1.155541305779322,41.15514185936556],[1.155286654340381,41.1550982445996],[1.154656065074489,41.15499276970922],[1.153949790919774,41.15487914444785],[1.153749927209577,41.15484955394881],[1.153648881697978,41.15483622697518],[1.153497299911213,41.15481884829554],[1.153267936177171,41.154800044069276],[1.152778558308101,41.15477599506931],[1.152387576996863,41.154761987042455],[1.151545833678038,41.154736612070465],[1.150523422440465,41.15469842623076],[1.150012924219092,41.154675377969674],[1.149362234329974,41.154641070964814],[1.149306809241645,41.15463835529294],[1.148698028824452,41.15460852501408],[1.147742393131022,41.154556433754514],[1.147019644773898,41.154512219203305],[1.146335034009651,41.154459515441296],[1.146243530852918,41.15445444202272],[1.146183399808576,41.154452574944344],[1.146060666647715,41.154451953588044],[1.145938676149848,41.15445458672124],[1.145857780035182,41.15445797033917],[1.145694464588679,41.154468045676815],[1.145552778544629,41.154480269993705],[1.145483553797458,41.15448816455691],[1.145367367320273,41.15450476187342],[1.145311192687336,41.1545147577145],[1.145120826369456,41.154554392123615],[1.144926118221715,41.15460008146128],[1.144822233884062,41.15462840560412],[1.144771984728745,41.154643810875115],[1.144697021532634,41.15466926728104],[1.144482730889651,41.15475013027094],[1.144185226281927,41.15485739708848],[1.144052130707376,41.15490308533054],[1.143916317894519,41.154952152527834],[1.143874216793096,41.154965977093205],[1.143788950123901,41.154989105322194],[1.143752749454975,41.154996539424026],[1.143684373060488,41.15500390610466],[1.143659920005268,41.15500468356085],[1.143441725518344,41.15501675491202],[1.143437173803864,41.15500488189158],[1.143428409989828,41.15498177183775],[1.143415816512716,41.15495923066726],[1.143386155901172,41.154924885261195],[1.143346914708424,41.15489642063769],[1.143320006113188,41.15488283664974],[1.143291470299869,41.15487201877422],[1.14326011350814,41.15486403786957],[1.14322700529672,41.15485900122409],[1.14319224702484,41.154857540989404],[1.143157384736736,41.15485977212533],[1.143134427041596,41.15486246510592],[1.142996105428588,41.15479754655969],[1.142979634005823,41.15478575185553],[1.14296004284574,41.15476625059079],[1.142938725897279,41.15474032624828],[1.1429240568161,41.15471955309964],[1.142894483244479,41.15466944592708],[1.142819010366846,41.154526903913165],[1.142738380647004,41.15436860585227],[1.142693457298223,41.15427960951236],[1.142608495507712,41.15408476142219],[1.142464470913924,41.15375294964964],[1.141988393055875,41.15297442451908],[1.141754951272117,41.152280693213655],[1.141658792164496,41.15209431116722],[1.141520872822358,41.151837898838615],[1.141291406471945,41.151413373348355],[1.141155209895801,41.15117203077923],[1.140774992560722,41.15049430732845],[1.140541444953307,41.15007115571569],[1.140471405170032,41.149934914835946],[1.140337829939277,41.14965578220865],[1.14021589232222,41.149390798604074],[1.140158704956453,41.149259448613094],[1.140084488799124,41.14907278846321],[1.140007415213175,41.14883960370331],[1.139799275004529,41.14793036731666],[1.13971910376672,41.14723703131267],[1.139744038216576,41.146526654657045],[1.139815462376927,41.14607319982158],[1.13978855999614,41.146067992051165],[1.139712100356236,41.146049644885636],[1.13962714710299,41.14601981129041],[1.139562943742811,41.14598941153458],[1.139500261528068,41.1459515600827],[1.139484266788384,41.145939862638954],[1.139470134543045,41.14592972650067],[1.139441135437366,41.14590592946026],[1.139413618987603,41.145880264759114],[1.139387825946635,41.14585264620678],[1.139363989442526,41.14582325771382],[1.139342461707739,41.14579228511206],[1.139323600056432,41.14575973416604],[1.139307515966696,41.145725876899114],[1.1392945642092,41.14569080910938],[1.139284732072023,41.145654980966],[1.139278374324034,41.14561848826678],[1.139275483335057,41.14558160111304],[1.139276048933253,41.14554467963946],[1.139280063488312,41.145507993946765],[1.139295205139338,41.1454443752702],[1.139016630390856,41.14539727625272],[1.13897230094843,41.14539313827187],[1.138879875749004,41.14539164716678],[1.138770597956317,41.14539618930511],[1.138692456925451,41.14540366575441],[1.138641689609972,41.14541230444137],[1.138575635424153,41.145430604644204],[1.138419508609148,41.14549068711474],[1.138321947553943,41.145531808050826],[1.138137293607398,41.14561466900157],[1.137839709129488,41.14575119268173],[1.137690928928366,41.14582112080437],[1.137338050969432,41.14599142923236],[1.137087273237133,41.14611600619918],[1.137018793629273,41.14614840804449],[1.136875901818319,41.14621230512285],[1.136578848102798,41.14633829534664],[1.136498558684425,41.14637113662967],[1.136398301346113,41.146532822240104],[1.136003144376482,41.14667677222894],[1.135226552938739,41.1469132771956],[1.135052087962533,41.147141137762944],[1.135040261332537,41.14715481804687],[1.135027737884265,41.14716785654197],[1.135014269212549,41.14718060953029],[1.134999860412037,41.14719289694473],[1.134984876448053,41.147204454461786],[1.134969193118057,41.147215460222306],[1.134938617516292,41.14723478228938],[1.134907005593926,41.14725282654879],[1.134874468816738,41.147269865025606],[1.134841742214103,41.147285189007015],[1.134809877376608,41.14729953609261],[1.13477766539319,41.1473135172579],[1.134744870596334,41.14732703861737],[1.134711612094277,41.14734010209649],[1.134678014091273,41.14735252955415],[1.134644309707952,41.147364504908836],[1.134610019965172,41.147376110489596],[1.134575631487441,41.14738699386685],[1.134562049979127,41.14739109781796],[1.134668526275208,41.147599360597304],[1.134573375540652,41.148161418472306],[1.13455136305003,41.14834130168869],[1.134406666838363,41.14837607238205],[1.134235279016605,41.14841500498512],[1.134117483662474,41.14843399698762],[1.133947697030139,41.148458453057465],[1.133747656370833,41.148482419420276],[1.133714353332436,41.14848440271507],[1.133647025658128,41.14848439432084],[1.133613836627626,41.148486559580164],[1.133597561198277,41.14848899848711],[1.1334753577582,41.1485121520126],[1.133477203808259,41.148564785416625],[1.132962904426388,41.14869887039463],[1.133041042011239,41.14904899038941],[1.13306746097884,41.149245774553165],[1.133076460775515,41.14944627265618],[1.133067280977481,41.149649178477745],[1.133039390068558,41.1498530868507],[1.132992511122805,41.150056522675676],[1.132926639600739,41.15025797423404],[1.132842051861022,41.150455929334065],[1.132739303547027,41.150648912543076],[1.13261921767035,41.15083552161528],[1.132482862913414,41.1510144612425],[1.132331523335553,41.15118457243702],[1.13216666122014,41.15134485617962],[1.131989875188144,41.151494490397845],[1.131802855893161,41.1516328398249],[1.131604284508748,41.15176143860419],[1.131512081983872,41.15182529056926],[1.131428583899052,41.151900819400225],[1.13135914165158,41.15198408247939],[1.131306514736799,41.15207094444863],[1.131212471789137,41.152257914707285],[1.131101899499648,41.15249383832618],[1.131168301065821,41.15251824340872],[1.131184625988948,41.15252670466545],[1.131213113528812,41.15254752301669],[1.131228591879787,41.152556420924526],[1.131126306074721,41.152650152658914],[1.131017380807191,41.152751072756466],[1.130820910419743,41.15292596651798],[1.130539315121452,41.15312307989152],[1.13022428370051,41.15337711809078],[1.130069478228341,41.15354088613179],[1.129929069434322,41.153697050878094],[1.129753777301889,41.153889760542555],[1.129636135804637,41.153995311916525],[1.129513460796503,41.154110239361486],[1.12943183652635,41.15418124552273],[1.129296863324701,41.154296964117016],[1.129188462651735,41.15439599937344],[1.129078352555334,41.154488071067696],[1.128951046213051,41.15464012351539],[1.128890883287026,41.154740121059135],[1.128724207227098,41.15489360633303],[1.128643353003364,41.15497939661382],[1.128567318355288,41.155038152627846],[1.12846442369455,41.155073323671516],[1.128370917642538,41.15505487253161],[1.128244763639552,41.15504039527453],[1.128155879106254,41.15507741471741],[1.128112044393343,41.15514795224619],[1.128056099754789,41.15523783938159],[1.128005461362253,41.15532132724403],[1.127966813970382,41.1553938404594],[1.127897767867513,41.15560088183844],[1.127833591049095,41.15567847520505],[1.12776629019562,41.155761152069374],[1.127677835686343,41.15585429446399],[1.127619739862662,41.15592757276445],[1.127608894024253,41.156015669623315],[1.127624156297041,41.15609509275875],[1.127667172746915,41.156133081799304],[1.12773980203278,41.156164885971805],[1.127815458760318,41.15621178165978],[1.127936925513891,41.15628644309625],[1.12800524362283,41.15634835205675],[1.12804915024017,41.156405361098834],[1.12803301883754,41.156499136978226],[1.127954987826397,41.15653579193743],[1.127851739759076,41.15654555569722],[1.12771296742989,41.156564020423986],[1.127605487229836,41.15660947480165],[1.127455713891299,41.156763412671836],[1.127346419838799,41.15686008968292],[1.127258086922611,41.1569362997184],[1.127108169540041,41.157036550451394],[1.126986884541624,41.15711060389793],[1.126944131629733,41.157163954306064],[1.126965452663778,41.15721888558988],[1.127023835209099,41.15729909903805],[1.127076789305057,41.157377422827345],[1.127095060714059,41.157434826652],[1.127072629301783,41.15748184155573],[1.126980454579337,41.1575422259701],[1.12686355567153,41.15761707109077],[1.126740343803132,41.15767920315703],[1.126642516820574,41.15772877665373],[1.126587218103873,41.15779579461864],[1.126610030512299,41.157873719147325],[1.126639827736999,41.1579449114585],[1.126671525930378,41.158016314782984],[1.126617476123915,41.1580938917417],[1.126180031827263,41.15845715595199],[1.126273010755993,41.15844697284696],[1.127033715146214,41.15836862236483],[1.12735040057986,41.158338635082906],[1.127984497127197,41.15828245279977],[1.128338526365441,41.15825523063035],[1.12851522079961,41.158244496321586],[1.128587174691658,41.158241430222255],[1.128732738958034,41.158239918554145],[1.12887068826465,41.15824215637454],[1.128994068271139,41.158245418752216],[1.129154483794083,41.15815918321719],[1.129341217802504,41.15817285238962],[1.1293680905807,41.158290577207836],[1.129576390295401,41.1583294443485],[1.129659172205524,41.15834799086068],[1.129713004618956,41.158361924504504],[1.129821745790559,41.158393862514934],[1.130095068953987,41.15848071169123],[1.130382250674662,41.15857481064748],[1.130616086402767,41.158646246359766],[1.130762339248886,41.158687708768134],[1.130837472226212,41.15870703122772],[1.130871347610764,41.15871463833315],[1.13077154895787,41.159157055453385],[1.130734876280408,41.15946244381413],[1.130600164614416,41.159707244606324],[1.130496878591171,41.159911390576],[1.130090002929134,41.160632866459984],[1.130008302771697,41.160790252989905],[1.129998035619846,41.160807651038674],[1.131050297966454,41.161224905686524],[1.131123091036338,41.16125959276794],[1.131459123540833,41.16141356931339],[1.131423468532577,41.16143100659529],[1.131268649673452,41.161447594264224],[1.131205036406405,41.16154726677674],[1.131178705472087,41.16160574879705],[1.13114673871627,41.16165702362641],[1.131057297309792,41.16172601260451],[1.130981116962118,41.161798098764926],[1.130948658596578,41.1618708933378],[1.130901878793867,41.161977954306906],[1.130819397541832,41.16213767065698],[1.130792742508764,41.16220335327534],[1.13080798193904,41.16227115597976],[1.130899871073195,41.1623847875426],[1.130958141865895,41.16247346415389],[1.130927186596741,41.162556281317414],[1.130857610504187,41.1626644140524],[1.130749051481272,41.16280641347887],[1.13065768936551,41.16294301681413],[1.130580487696278,41.1630510257882],[1.130815641051308,41.16313959660292],[1.131011287957951,41.16321329507143],[1.131287482999313,41.163329912519465],[1.131420961442353,41.163380895185576],[1.131592234454214,41.163444109494684],[1.131793280025698,41.16352924345193],[1.131917140643307,41.16358736578991],[1.131964287385421,41.16361866453455],[1.132000340787989,41.16365446747236],[1.132011086079965,41.163679051629266],[1.13202059233829,41.163713704043566],[1.132023812423661,41.163734653433565],[1.132011985416471,41.16378184099336],[1.131950363112623,41.16384488587125],[1.131815629039631,41.16396421401323],[1.131690649347429,41.16408000694166],[1.131601565757002,41.164169899338994],[1.131531040520963,41.164231628807066],[1.1313444310505,41.164368482286264],[1.130941599267761,41.16435457837248],[1.12945736979927,41.164303314258866],[1.129462452651046,41.16436572988257],[1.129438600373558,41.16450892149583],[1.12941464067606,41.16457194524022],[1.129372692462216,41.16465980797691],[1.129304203165083,41.164771470235074],[1.12913997487157,41.165051910109725],[1.129155061334009,41.16510827108291],[1.129006036218238,41.16528564213551],[1.12870187534397,41.16566658618591],[1.128405011032973,41.16602972300816],[1.129362898701954,41.166599578815365],[1.128651814818685,41.16731953740294],[1.128590112076795,41.167225759844705],[1.128443928865164,41.16709314063132],[1.127992234143473,41.16678045892731],[1.127971603658181,41.166860470328494],[1.127447119123294,41.1672425187107],[1.127246458713711,41.16739517941925],[1.126859049256181,41.16763037770445],[1.126631277595474,41.1677722385014],[1.126536505300468,41.16785635979418],[1.126407080234288,41.16798954902277],[1.126322968808439,41.16806762818293],[1.126265489498347,41.16812407118179],[1.126297825203129,41.16816792271622],[1.126396062666845,41.16831399754395],[1.126552605510313,41.16856842338614],[1.126923953267386,41.16922520493761],[1.127541218370188,41.17036430731888],[1.127792250891185,41.170872077180675],[1.127990935147351,41.17123379728144],[1.127961251302602,41.17134707920402],[1.127916631128391,41.171381934298005],[1.127895328673036,41.171418428883094],[1.127886121841694,41.17149069909092],[1.12786877659467,41.17155572134112],[1.127852411364414,41.17159459717498],[1.12791178788119,41.171543125085094],[1.127969220320717,41.17149333816108],[1.128047661211239,41.17144714398942],[1.12820311985372,41.17141310068592],[1.128430002599135,41.17139507933678],[1.128557024110085,41.171342379430186],[1.128664952028048,41.17128207223451],[1.128766821250823,41.1711619794585],[1.128885263543578,41.17100480254815],[1.128942031590639,41.170888548797265],[1.128993610880112,41.17076210358421],[1.129068528267574,41.17067207586196],[1.129276488542637,41.17048945269469],[1.129364489947597,41.17045070886886],[1.129811132281346,41.17028763311963],[1.129966274906211,41.170264571210566],[1.130114884656781,41.17030355353129],[1.130234113910326,41.17035295742279],[1.130388114662036,41.17037004906558],[1.130504028730109,41.17036832822438],[1.130592029281627,41.17032958344047],[1.130788074502805,41.170230442095516],[1.130993130016953,41.17014982070957],[1.13117279243336,41.170119357534865],[1.1312542250397,41.17013577187836],[1.131435311654637,41.17021905518493],[1.131563999724317,41.17027960103998],[1.131659887666621,41.170303043891074],[1.131991646873477,41.170348597527976],[1.132128809528156,41.170358387955574],[1.132366027659136,41.170333051301505],[1.132252052870649,41.17048054489236],[1.132078346767429,41.170649407537354],[1.131919973881556,41.17078194894521],[1.131866068888704,41.17084138737245],[1.131635955427394,41.17109512081548],[1.131541294677196,41.17119626913638],[1.131386678599571,41.17137273641239],[1.131300746894905,41.17150645255026],[1.131239519285841,41.17162237478148],[1.131202050167597,41.17174958054965],[1.131191164547937,41.17196485991351],[1.131188175741386,41.17207003302481],[1.131184005787827,41.17221676858279],[1.131145340808994,41.17232647825868],[1.131059892495596,41.17250686240373],[1.131046466986869,41.172537312972466],[1.130992741563731,41.172659167981664],[1.130957361468734,41.17271705118548],[1.130888245825768,41.17277069464383],[1.130756231863558,41.17282700996084],[1.130322848168628,41.17295508591607],[1.130040569548958,41.17303454196951],[1.129982240264786,41.17304672912256],[1.129818568627911,41.173111282505616],[1.129715717276556,41.17316068428843],[1.129586925498132,41.173275508090576],[1.129525746932919,41.17338953861394],[1.129512879104198,41.17350246149517],[1.129490149710467,41.17362261016838],[1.129458390113281,41.173720724349124],[1.129442606862297,41.17376433447723],[1.129422576340951,41.17378958984498],[1.129293680303708,41.17390801453212],[1.129257157842927,41.17400596119422],[1.129222687034212,41.17421021221066],[1.129207750297049,41.17438499790636],[1.129182931706378,41.17474614924912],[1.129154707237281,41.1748917893206],[1.129128319584542,41.17497506644888],[1.129087134159981,41.175058678687876],[1.12903171993721,41.17514181650194],[1.128785844735432,41.17546649961624],[1.128722272204377,41.17555850555728],[1.128558147347748,41.17579608916997],[1.128518898555811,41.175852900987174],[1.128460171953414,41.17594149624457],[1.128392495306467,41.17606783345124],[1.128375832171716,41.17608782904426],[1.128464931057586,41.17612655231104],[1.128495151474254,41.17622649958686],[1.12857444589851,41.17632641762381],[1.128670142591333,41.17647731606884],[1.128754307765956,41.17662496093266],[1.128790439272318,41.17671679132557],[1.128812537071579,41.17678650676607],[1.128810876210192,41.176844847165235],[1.128773933425574,41.17695746960755],[1.128718090376789,41.17705140904225],[1.128668687417304,41.177090779629395],[1.128575273244108,41.17714762872971],[1.128501266544964,41.177201191185816],[1.128464828196859,41.17729184297505],[1.128482054299732,41.1773651722822],[1.128556378489219,41.17747221628239],[1.128659045091201,41.17759710499908],[1.128730040138986,41.17764941949199],[1.128858738707227,41.17770996853463],[1.128882201701678,41.1777359297015],[1.128874717133996,41.177827143114364],[1.128717413952532,41.17798834048051],[1.128524822466676,41.1780698798518],[1.128353355325792,41.17815482477583],[1.128230252250924,41.17823686269708],[1.128121463538956,41.178322826201224],[1.128011962871913,41.17843796171079],[1.127954450532721,41.17859042201891],[1.127859262685218,41.17870948218512],[1.127774351245614,41.178806732436094],[1.12764159520428,41.17888861274412],[1.127585951416846,41.17897543995114],[1.127583766091537,41.17905214668909],[1.127558344546767,41.17909920179004],[1.127543033835102,41.17910405118928],[1.127426611350145,41.17914092587728],[1.127172724621497,41.1792354282631],[1.127060830269798,41.17926288188477],[1.12694862652851,41.179301230108024],[1.126754937056665,41.179488044941856],[1.126492728183101,41.17970301826303],[1.126295604658896,41.17983870408677],[1.126071996526268,41.179887219047366],[1.125813740468177,41.179963362451794],[1.125669868885156,41.18009622100908],[1.125579768453694,41.180208066129936],[1.125397272323396,41.18033660342871],[1.125140159864826,41.18033984797988],[1.124894688973068,41.180343104106534],[1.124694345544318,41.180420187221884],[1.124574139835739,41.18057171467208],[1.124505893671006,41.18076155877632],[1.124429585078494,41.18089551628026],[1.124378821162663,41.18098242047116],[1.124386390989493,41.181055593025825],[1.124422187465074,41.18115480614135],[1.124478644376693,41.18120688730367],[1.124728493287908,41.1812585137363],[1.124838097931985,41.18131146035093],[1.125004162861111,41.181416396848476],[1.125137022719523,41.18150259764944],[1.125254717754004,41.18161053009461],[1.12537052536236,41.18175622093233]]]]}},{"type":"Feature","id":"431233--barri--castellvell-montblanc","properties":{"name":"CASTELLVELL-MONTBLANC","officialName":"CASTELLVELL-MONTBLANC","municipality":"Reus","kind":"barri","quality":"official","code":"71"},"geometry":{"type":"MultiPolygon","coordinates":[[[[1.104839150578043,41.167256448949736],[1.10490258063761,41.167369808667225],[1.104930260246811,41.16741448982509],[1.104992721505384,41.167501446730704],[1.105036588990668,41.1675676513054],[1.105317649154741,41.16807353081521],[1.105470122406462,41.168329864109694],[1.105589147985482,41.168509985622364],[1.105614655455711,41.16855976515793],[1.105624169000601,41.16858541237244],[1.105633884651975,41.16862475416373],[1.105641137300555,41.168695851646795],[1.10564395077504,41.16881353458485],[1.105642998355122,41.16895439477744],[1.105643670183816,41.16914653378402],[1.105641748445753,41.169171903105926],[1.105627997938154,41.16926040021246],[1.105610419592889,41.16944052983498],[1.105592294472783,41.1695857918102],[1.105582589490342,41.16964967506069],[1.105574653538599,41.169710074477585],[1.105573413021468,41.16975319957283],[1.105544121957964,41.170017265950634],[1.105521057224365,41.17022648941188],[1.105502664858794,41.17038102458981],[1.105466219033566,41.17062029311221],[1.105450880152004,41.17072254541213],[1.105433223028122,41.1708515116168],[1.105415198025927,41.170993262285585],[1.105388003647583,41.17118025963856],[1.10536080653314,41.171305195929236],[1.105338235428561,41.171414355173376],[1.105336349744819,41.17143017722584],[1.105336862577282,41.17146207185514],[1.105339331018812,41.17149228720255],[1.105345702920857,41.17150698386536],[1.105355359213344,41.171519392555325],[1.105378093478552,41.17154129369671],[1.105401439048737,41.171562664431015],[1.105447674353418,41.171600534400575],[1.105528730029727,41.17167113271934],[1.105549330065011,41.171692638475385],[1.105561983322389,41.17171275266553],[1.105564262752688,41.171728823281384],[1.105560631310051,41.17174731888351],[1.105956643685708,41.17183501320062],[1.107261890134457,41.17247266747197],[1.109321720949157,41.17347837565184],[1.109434545606958,41.17359696101097],[1.109453976599609,41.17378796621977],[1.109465097801131,41.17389056267294],[1.109464630443041,41.17391514521986],[1.109457020495484,41.173964290971476],[1.109452705002281,41.17400664509753],[1.10944710340535,41.17402736037765],[1.109408360364754,41.17411869088829],[1.109360956319067,41.174229335398586],[1.109343500728142,41.17425988466922],[1.109331396133344,41.17428316546854],[1.109318032505236,41.17432510104317],[1.10930515486164,41.17435011066811],[1.109273850955794,41.17439823747468],[1.109225948936936,41.17445978342342],[1.109198886812853,41.17448888405528],[1.109124602644507,41.17455999567255],[1.108905942465517,41.17476430149083],[1.108836065597504,41.17481891156196],[1.108768431480322,41.17486599214877],[1.108682209721504,41.17492934150935],[1.108563544272497,41.175005759931544],[1.108332160203088,41.1751631976369],[1.108164024905029,41.17528095889114],[1.107998421879648,41.175385250335836],[1.10797211226718,41.17540472509771],[1.10792229325847,41.175445792241725],[1.10788365654202,41.17547938652241],[1.107866682501652,41.17549757322679],[1.10783519299659,41.1755438050266],[1.107785149262788,41.17560927847246],[1.107689211033744,41.175732727156884],[1.107606171614819,41.17582630268688],[1.107518431077444,41.17594240958531],[1.107470803154422,41.175994321356185],[1.10745386533079,41.17601953436137],[1.107449539771038,41.1760331546279],[1.107446701392503,41.17605724787859],[1.107445555224049,41.176105418648014],[1.107450238174965,41.176270150715055],[1.107470760287751,41.1763939788759],[1.107496253620275,41.17652320296616],[1.107513153437585,41.17661130238712],[1.107515462785891,41.17665538645043],[1.107505768594017,41.17671476627599],[1.107496297294151,41.17677883360367],[1.107498102726436,41.17686533423521],[1.107518885216269,41.17698380903254],[1.107537949564123,41.176984082942646],[1.107603092186265,41.17698501886593],[1.107778474983099,41.176988530926714],[1.107866157308217,41.17699060241359],[1.108132104378386,41.176997494636794],[1.108230098902052,41.17700792922912],[1.108252454021653,41.17700991784674],[1.108267452421673,41.177010704712146],[1.108297469952338,41.17701155819378],[1.108327629962505,41.17701160335158],[1.108433196517465,41.17700946368674],[1.108666689907368,41.177006993443065],[1.108682442149206,41.177006440641925],[1.108693073147212,41.17700571454242],[1.108714231527858,41.17700372020054],[1.108778115948063,41.176995942414365],[1.108799271733085,41.176994038087166],[1.108809780979416,41.176993400049994],[1.108830535276514,41.176993019462564],[1.108840898061142,41.17699336981983],[1.108856357558236,41.17699470462003],[1.108871547654857,41.1769971158692],[1.108879010593439,41.176998769688105],[1.109023679289934,41.177033931430515],[1.108944560690804,41.177044972890684],[1.108865667458335,41.17706061081978],[1.108787932068002,41.177081582920074],[1.108740328208166,41.17710773280923],[1.10868049617394,41.17713629482913],[1.108451092085872,41.177216204976105],[1.108316758271464,41.177273447051704],[1.108227451022398,41.177302965726184],[1.108151441562164,41.17732612660193],[1.107862515901031,41.1774278469032],[1.107692205294786,41.17749242432663],[1.10760014961775,41.17755531351258],[1.107402039553476,41.177720045097],[1.107068415248033,41.17802017995882],[1.106883192930708,41.17820926206051],[1.106835140812439,41.17827161310856],[1.106798440618111,41.17831235404082],[1.10674290984544,41.17840673812254],[1.106727717023976,41.178450010373446],[1.106712001405373,41.17849477159126],[1.10666460759132,41.17862097726337],[1.106595659326562,41.17876749266299],[1.106468917331098,41.178991492344764],[1.106378168775652,41.17909988885627],[1.106265826790225,41.17920883176172],[1.106178017332283,41.17935591864248],[1.106102619024048,41.17951915251495],[1.106049032922017,41.17961627041008],[1.105980005547145,41.17971971049084],[1.105923608602007,41.17978201393146],[1.105681413205103,41.1802392054723],[1.10550326627303,41.18068108295793],[1.105308755759783,41.1810766448451],[1.105144666708781,41.18152616660354],[1.105028250447564,41.181879589096326],[1.104938110888174,41.18214454200522],[1.104934232598597,41.18222941780894],[1.104936187977769,41.18233942899391],[1.104940343680604,41.18243515480389],[1.104971901840232,41.18258942865196],[1.105038595024626,41.18285254837752],[1.105084099774677,41.18303587505116],[1.105094204277644,41.18312377234014],[1.105094842503493,41.183213315287],[1.105096503421418,41.18331287315381],[1.105082725504878,41.18343100305433],[1.105098223916338,41.183497191476754],[1.105100065366819,41.18365250741926],[1.10507375425665,41.18386626767124],[1.105052643560446,41.18401958543497],[1.105003022671627,41.18419682474938],[1.104969586032724,41.18431167668569],[1.104969946113976,41.18435293598363],[1.104976014316984,41.18448156983623],[1.104967502651521,41.184661035021406],[1.104967832319179,41.18473228807809],[1.10497700374424,41.184786392675655],[1.105035522373616,41.18484923589297],[1.105159797364996,41.18516221274613],[1.105345984350159,41.18540387891012],[1.105447929056121,41.18552373116736],[1.105575488315536,41.18569804941434],[1.105653976958954,41.185775452414816],[1.105764043834341,41.18593624102854],[1.105864537328165,41.18601959043684],[1.105938336225873,41.18606944296997],[1.10602470185582,41.1861176115549],[1.106084708050919,41.186162012873694],[1.106261815929436,41.1862803085488],[1.106521167572565,41.186395477245675],[1.106449918080077,41.18646399841191],[1.106683412172381,41.186636543015645],[1.106768746048802,41.186666769581706],[1.106875061043975,41.18667229992832],[1.107015184763974,41.18674179733998],[1.107161769026183,41.18684779112609],[1.107350393417054,41.18699275588471],[1.107451554615885,41.18709034549601],[1.107486863918008,41.18711461506346],[1.108675625736983,41.18758675921458],[1.10867735011178,41.18758024735247],[1.110279401977703,41.185647468893656],[1.11108226900909,41.18376551000467],[1.111094531025305,41.18365747866277],[1.111151714501943,41.183522136484434],[1.111162243635819,41.1833341459926],[1.111165408439224,41.18313270478722],[1.111155919451995,41.1830231105134],[1.111184391125547,41.18291603052984],[1.11125696029273,41.182685012114355],[1.111301401996922,41.182553242972965],[1.111345699399367,41.18233518247292],[1.111352314010702,41.18228340896666],[1.111346009450095,41.18223727827741],[1.111336981243948,41.18219875910885],[1.111308019000102,41.182144510467964],[1.111304557504873,41.182090680140966],[1.111319448186276,41.182012289832635],[1.111366722936538,41.18186903868676],[1.111368298366265,41.1817270194983],[1.111420960735247,41.18157052500147],[1.111397461936269,41.181508709795736],[1.111358258316417,41.18145816630676],[1.111255935021682,41.18139695046772],[1.111128504972353,41.181325774915884],[1.111075106907484,41.18124230198046],[1.111075714837263,41.18104270939586],[1.111061895223884,41.18099258225402],[1.110936055604612,41.18060464600139],[1.11089308490728,41.18041974176337],[1.110873301988352,41.18031574319452],[1.11083814693231,41.180211492394655],[1.110833332361597,41.180113504086755],[1.110816899374843,41.180067207167085],[1.110802592515516,41.18003814906725],[1.110715295656831,41.17998105154281],[1.110625834458392,41.17991626313457],[1.110527450636121,41.179805209971676],[1.110456296576657,41.179721535421955],[1.110437364104593,41.17967510735415],[1.110405900001499,41.17962081831569],[1.11038533741355,41.17953986553921],[1.1104480482436,41.17947757253251],[1.110510374454833,41.1794286949518],[1.11060080468582,41.17937262142586],[1.110811945475238,41.17919186805765],[1.110934024442837,41.17908624996272],[1.111012087830667,41.17901655322764],[1.111040060965228,41.178926758137905],[1.110976589013376,41.17884131930235],[1.110942842417184,41.178779335850905],[1.110931691324327,41.178723487790386],[1.110925939887157,41.1786580905125],[1.110941059326583,41.1785758308246],[1.111027083385211,41.17849464526631],[1.111042887163985,41.178475719000666],[1.111138658277437,41.178412076453874],[1.111155556322196,41.17835092389199],[1.111139124896499,41.17830453695935],[1.111103097149824,41.178234859923116],[1.111104860585793,41.17817345907318],[1.111145241687174,41.1780916137806],[1.111210133236336,41.17804466941877],[1.111241621294554,41.178006814870336],[1.111292195562375,41.177927028267995],[1.111311109459657,41.17788698582662],[1.11137362290349,41.177740200575656],[1.111420701027978,41.177694945496654],[1.111525248990152,41.17758722073308],[1.111541112454492,41.17753605958732],[1.11156878533869,41.17745217866906],[1.111567291406121,41.177451629845926],[1.111691025200018,41.1772943191534],[1.111692183970491,41.17725398544988],[1.11168260639182,41.17723464282208],[1.111604874924159,41.17711438151398],[1.111583218098424,41.17689713050234],[1.111495770352794,41.176671054110166],[1.111633650495373,41.176552436661396],[1.111774593869494,41.176418466792015],[1.111855765029522,41.176310988830814],[1.111904212237639,41.17621387392635],[1.111965025002444,41.17604733441936],[1.111979259749367,41.175871294921706],[1.111978896482597,41.175609896125096],[1.111967499058177,41.17547541033676],[1.111944774535679,41.17529534199137],[1.11194598618369,41.17525311760509],[1.111952211500944,41.175214848573574],[1.111963167216575,41.1751862048525],[1.112010677303577,41.175121680054545],[1.11211250598954,41.175025439448554],[1.112310423422405,41.17485006870455],[1.112415468430387,41.174728930318494],[1.112469462819675,41.17467108785917],[1.112508639242032,41.17463524960431],[1.112614588195868,41.17456979189497],[1.113146209856997,41.17435575085019],[1.113166411740159,41.174357973442696],[1.113165750170029,41.17438102130453],[1.113143952379603,41.174434437709166],[1.113147920823059,41.174474765399424],[1.113176817767952,41.17452712102797],[1.113223752091916,41.17457400755202],[1.113291219243565,41.17461159179886],[1.113549057095888,41.1747367837451],[1.113648884528206,41.174797416237226],[1.113801244417553,41.17488439991307],[1.113958454530823,41.17498101148228],[1.114040403219123,41.17504576435043],[1.114108558882213,41.175146681656614],[1.114144367335027,41.1752241004835],[1.114178975133609,41.17534752696384],[1.114218585020091,41.175471125431145],[1.114266373774156,41.17557558220373],[1.114312156316895,41.17566271117252],[1.114370842113235,41.17574050459798],[1.114459144544145,41.17584562477574],[1.114552532988688,41.17593823131215],[1.114624558394136,41.17600965344886],[1.114711193764179,41.17608979500025],[1.114824418076009,41.17621135597029],[1.114930484475864,41.176320638876284],[1.114992172200106,41.176381097034216],[1.115094326203975,41.17644807237973],[1.115182135206831,41.17649148298835],[1.115267798821539,41.17651405243927],[1.115433301945274,41.176587738149834],[1.115613618903984,41.17667697848963],[1.11597548954514,41.17689970442644],[1.116326899406495,41.177117304072915],[1.116541459201239,41.177251419114626],[1.116726404114414,41.177358207593514],[1.117123510890397,41.17759132333626],[1.117507652321617,41.17783188284149],[1.117622084421107,41.1779113114027],[1.117782351338585,41.17802255390152],[1.118229874714093,41.178356381920516],[1.118289454825119,41.17840734530033],[1.118416501937312,41.178492018561144],[1.118938232506363,41.17883669342517],[1.119139942107546,41.178974466838774],[1.119640808760927,41.17931105141622],[1.120055042555331,41.17959640983168],[1.120453800417343,41.1798602568897],[1.120583310016679,41.179950731738934],[1.120640864049675,41.179989110956726],[1.120683667789444,41.180011662246926],[1.120700283632292,41.1800167028248],[1.120740866543763,41.179938367484716],[1.120753848088303,41.17991330975801],[1.120810191783717,41.17980455165547],[1.120983035476491,41.17950094319019],[1.121087146680698,41.17923278247999],[1.121190547242316,41.17899370365924],[1.121340641949887,41.17881015015269],[1.121473700544261,41.178713780328195],[1.121499496646562,41.17870175681314],[1.121701834914177,41.17860761248987],[1.121826031593547,41.17854955859064],[1.121938432727154,41.17850022967401],[1.122115400602264,41.17838998347486],[1.122302961389258,41.17824694210752],[1.122540448175035,41.178046347190595],[1.122762797883068,41.17781632219545],[1.122982317745953,41.177564271888386],[1.123163761166962,41.17729709870914],[1.123233234084462,41.1772184525493],[1.123253572165499,41.17719542897196],[1.123322489247478,41.17714908287641],[1.123548130891518,41.17702494494462],[1.123647549568136,41.17692072927721],[1.1237084821585,41.17681579538529],[1.123771182673711,41.17664891997401],[1.123767259410756,41.17644799302353],[1.123796914237866,41.176373805653775],[1.123856803908157,41.176305424357516],[1.123902898562539,41.17621493138581],[1.123910999173281,41.17609814848287],[1.123950967826042,41.1758797410223],[1.124033491797665,41.1756949035907],[1.12413459154564,41.175535859426205],[1.124247029222788,41.175317821833424],[1.124322169060956,41.175220415853545],[1.124418498542405,41.17506138378357],[1.124491265745643,41.17487998997869],[1.124534347072266,41.17472369425298],[1.124519001183537,41.17458464068735],[1.124404878784692,41.17435192517124],[1.124413824314669,41.174209664357534],[1.124484929097854,41.173915112479705],[1.124521581498496,41.173817078509664],[1.124556341075722,41.17378116506738],[1.125054495418328,41.173581205527476],[1.125159768737986,41.17352644388487],[1.12522888974604,41.17347280398942],[1.125288795213235,41.173236435712326],[1.125342134781232,41.173054725874664],[1.125353330439661,41.17299663262096],[1.125359584245015,41.17295277603522],[1.125419987647301,41.17286620835025],[1.125504206802777,41.17278885462557],[1.125596995966817,41.17275379549471],[1.125593541660395,41.17272648346916],[1.125582594986345,41.1727090113373],[1.125505009947338,41.17262037854268],[1.125455794894095,41.172561120576276],[1.125437392908705,41.172541725782004],[1.12539731033432,41.172505044678125],[1.125308001319677,41.172430452919464],[1.125254677630989,41.17238572009989],[1.125225942802436,41.17236498635801],[1.125124279369529,41.17230145291452],[1.125010771445212,41.172231061350274],[1.124889028221649,41.17215684275247],[1.124642119179466,41.17201141204449],[1.124388301642231,41.17187001187813],[1.123934801781006,41.17162862378275],[1.123876597982632,41.17159624118331],[1.123761179677955,41.17153023095098],[1.123672026718775,41.17148374360169],[1.123339302921287,41.17132547465817],[1.123114435381511,41.17121832052868],[1.123031146994102,41.17117940427051],[1.122988514993931,41.17116114604488],[1.122954895914603,41.17114870915027],[1.122886143307617,41.17112678313202],[1.122856597001904,41.171117835308614],[1.12279130604439,41.171099928833826],[1.122744911219888,41.17108404127946],[1.122727842343997,41.17107646746472],[1.122696281182562,41.1710587496141],[1.122666931467459,41.171038725821106],[1.122610920120235,41.170996380038225],[1.122498973157392,41.170913220884266],[1.122445134954007,41.170869919579175],[1.122383774346956,41.17081451593124],[1.122356121590931,41.17078515197161],[1.122293712761687,41.1707121667515],[1.122166142697521,41.17055822487274],[1.122142570507638,41.17053207989129],[1.12209033464203,41.17048276953927],[1.122003980049606,41.170409304216946],[1.121942424066378,41.170356599377335],[1.12192710571377,41.170346171574366],[1.121886305444814,41.17032641150708],[1.121822608622467,41.170298622285735],[1.121788436587602,41.17028887827257],[1.121749781603937,41.17028167339852],[1.12167203204773,41.1702701388259],[1.121452432708361,41.17024179206692],[1.12137328686469,41.17022906358771],[1.1212168380057,41.170197511441465],[1.121186300642549,41.170189898160196],[1.121127620752211,41.17017011680257],[1.121079233882759,41.17014888175476],[1.12105645304726,41.17013680101132],[1.121024244692103,41.170116730233026],[1.120920712679915,41.17004138340101],[1.120754246404608,41.170020726086236],[1.120399728498906,41.16972860369124],[1.12007361624505,41.16944369874833],[1.118839822347379,41.16856904933573],[1.118822247254473,41.168556080099975],[1.118760727652427,41.168704852191524],[1.118726938103708,41.16879860871833],[1.118712357632005,41.1688458399844],[1.118693627531474,41.16891732358671],[1.118682205639041,41.16897082148306],[1.118662931034237,41.16907805563589],[1.118659983991479,41.16910611070215],[1.118657537424099,41.16916254728912],[1.118652448311528,41.169190477341225],[1.118647765548434,41.16920418230526],[1.118634902779956,41.169228832963825],[1.118502204205176,41.1694175355289],[1.11838658579137,41.16960084189762],[1.118359291322161,41.16964246125281],[1.118265121593441,41.1697884664036],[1.118161180885952,41.16997187296972],[1.118141818492218,41.17001266592813],[1.117859670099603,41.169927590906816],[1.117347550533459,41.16977826697087],[1.116325137100919,41.169511888639725],[1.116292810200674,41.16950019150184],[1.115417392085353,41.169279261141625],[1.114865237140439,41.169131226473354],[1.114492446675089,41.1690313924058],[1.114187260530691,41.16894976440088],[1.113865604338913,41.1688636045487],[1.113114262458743,41.16866583337744],[1.112613067211376,41.168533981058204],[1.112191374330604,41.16842034207971],[1.111185635902534,41.16816004596979],[1.110734203105179,41.16804033005207],[1.110185647080193,41.167892078114555],[1.109947625601085,41.16782774907763],[1.10964632842589,41.16775084932148],[1.109388833957401,41.16768516262938],[1.109230409633997,41.16764486180554],[1.108933025424738,41.16756917589094],[1.108639200978891,41.16749445296449],[1.108543739052603,41.16747016701838],[1.108540622685011,41.16746939386414],[1.108235842564777,41.16740120524],[1.108183468637133,41.16739023499442],[1.108067702587558,41.167368009777476],[1.107796953681893,41.167315994739006],[1.107486112735941,41.16726522731707],[1.107153995530848,41.167228972123524],[1.106857036148799,41.16720121955963],[1.106486488948447,41.16717910381856],[1.106155870311658,41.16717367568877],[1.105779757860396,41.167183442595686],[1.105244637651375,41.16721797881063],[1.104839150578043,41.167256448949736]]]]}},{"type":"Feature","id":"431233--barri--falset-castellvell","properties":{"name":"FALSET-CASTELLVELL","officialName":"FALSET-CASTELLVELL","municipality":"Reus","kind":"barri","quality":"official","code":"72"},"geometry":{"type":"MultiPolygon","coordinates":[[[[1.059100421871636,41.16955814875804],[1.057536932655909,41.17652625818313],[1.059808927703374,41.17810841184979],[1.063884836939975,41.17888049212233],[1.069799883417754,41.1789392753634],[1.072308185893028,41.17930646139193],[1.075465905994049,41.181436364181614],[1.077305140902632,41.18267136544135],[1.077349648954769,41.182671436763115],[1.077484849120929,41.182618478976785],[1.077607996795166,41.18257811011169],[1.0777252479024,41.18252737437702],[1.07785813076968,41.18246798229629],[1.077982558399637,41.18240421549346],[1.078106553377616,41.182342963367624],[1.078191645271328,41.18227890089856],[1.078319081478258,41.18218149675373],[1.078505621759608,41.18206886489426],[1.078689465569922,41.18196276393792],[1.078806039256802,41.18191066469149],[1.078941892092327,41.18190869721912],[1.079069679252914,41.18190938817096],[1.079218390652122,41.18190394192653],[1.07935483024794,41.18188189753944],[1.079431011258589,41.181841193567905],[1.079528283289918,41.18180903797003],[1.079642187419406,41.18176662209552],[1.079853405109481,41.18171105536852],[1.079999916859822,41.18169926633554],[1.080596561745714,41.18171380558719],[1.080898618690892,41.18176468601577],[1.081055247115755,41.18179717378381],[1.081096914545648,41.181804558852704],[1.081234360429981,41.18185422779772],[1.081539485546494,41.18195523811963],[1.081765191919466,41.18203231711859],[1.081992300731429,41.18210221232035],[1.082137268133438,41.182143357608226],[1.082266530636643,41.1821834313715],[1.082908158656488,41.182311388006504],[1.083455073612808,41.18241245405407],[1.083506583568823,41.182395927452006],[1.08356513372036,41.18232196063142],[1.083647803375594,41.182254881379],[1.083688692653352,41.182242771626825],[1.083782509495064,41.182239107976464],[1.083975503988975,41.182256460419225],[1.084302761874717,41.18230189658693],[1.084710978134328,41.18238398624044],[1.085012939708646,41.18245881365701],[1.085109284022127,41.182458434484296],[1.085229822259116,41.18244611673105],[1.085386409387143,41.18242818331112],[1.085427515468367,41.18242499374789],[1.085468520413436,41.18242936769867],[1.0856007096872,41.182475431197055],[1.085690917285466,41.182513860026816],[1.085841264005653,41.18254644311732],[1.085938747745562,41.18256630077423],[1.086032182892904,41.182585333635586],[1.085997645844222,41.18256012098975],[1.085991114101619,41.182555148476034],[1.085978781353608,41.182544675158994],[1.085967417677247,41.18253367751435],[1.08596013043993,41.182525990256565],[1.085946535500786,41.1825097321972],[1.085940572213842,41.18250161658456],[1.085936913593825,41.182496241468655],[1.085930560178225,41.18248514696881],[1.085922826856169,41.18246817479883],[1.085918512389897,41.18245666383165],[1.085911684072167,41.18243322146806],[1.085908743377878,41.18241957159316],[1.085907751008543,41.18241270956564],[1.085907573286782,41.18240243831687],[1.085909058651642,41.182392374862275],[1.08591063287714,41.18238744703207],[1.085915258526817,41.182375994620195],[1.085925222223739,41.18235319081131],[1.08593624932646,41.18233067579922],[1.085944194728024,41.182315765738274],[1.085961266694374,41.18228632554185],[1.085990395990541,41.182239971962744],[1.085996642743003,41.182230167806416],[1.086009368138608,41.18221074349315],[1.086018028505257,41.182195845312286],[1.086022736577783,41.182185655284414],[1.086024792698109,41.18218055531788],[1.08602717108491,41.18217257747957],[1.086028001455529,41.18216862808212],[1.086028706245458,41.182160803468335],[1.086027849328789,41.182137010014316],[1.086026049226345,41.18208825072603],[1.086025615968426,41.182082659012416],[1.086023671714991,41.18207163781447],[1.086020771512588,41.182060690797606],[1.086013178377922,41.18203894710683],[1.086009354864521,41.182031047214444],[1.086006040650357,41.182026128189655],[1.085998088288413,41.18201671849439],[1.08598880937159,41.18200782718225],[1.085967839359125,41.18199099615583],[1.085951990863511,41.18197839271484],[1.085942351838782,41.18196958548508],[1.085938073817718,41.18196501072647],[1.085932203522009,41.18195779738655],[1.085927537996012,41.18195015371148],[1.08592562755791,41.1819461587494],[1.085921103635382,41.18193365349901],[1.085919502330471,41.181927231711505],[1.085917759718172,41.18191747488254],[1.085917086974845,41.18190782591268],[1.085917109411266,41.181902962356496],[1.085918221530076,41.181893433132366],[1.085919313834571,41.181888677435275],[1.085921541563331,41.18188177886803],[1.085934377335189,41.181850376719176],[1.085943690044836,41.18182945361199],[1.08596373488958,41.181787993084654],[1.085969663436832,41.181776832547456],[1.085982937398759,41.181754985390214],[1.08599229577484,41.181740639250435],[1.086011369771561,41.18171204298],[1.08602499595746,41.181690381818456],[1.086033174342439,41.18167565576801],[1.086036969553583,41.18166815274634],[1.086042188329911,41.18165680026046],[1.08604865789075,41.181639343618755],[1.086050528127333,41.18163243820509],[1.08605259904338,41.181618601424994],[1.086053002838676,41.18160473693126],[1.086051548914501,41.181576880276396],[1.086047369584734,41.18151979473803],[1.086043190794531,41.18145036923854],[1.08604313628456,41.181435866616376],[1.086043584377633,41.18142866824368],[1.08604497412762,41.18141779254122],[1.086048901871921,41.18140164473594],[1.086052550505798,41.181390986729696],[1.086054851600448,41.181385620615906],[1.086056960480306,41.18138128996629],[1.086058659901214,41.1813776674468],[1.086063548549154,41.18136946201841],[1.086067278187731,41.18136420972451],[1.0860756724263,41.181354351187956],[1.086080220483589,41.181349652935126],[1.086090021096053,41.18134062843109],[1.086121298087354,41.18131466695776],[1.086136112935639,41.181301311334614],[1.086142754951487,41.18129430599473],[1.086151545991425,41.18128310295678],[1.086161665010445,41.18126723820844],[1.086167821315628,41.18125644173675],[1.086179306442541,41.18123456481912],[1.086182902608437,41.18122570739167],[1.086184746573047,41.181219703166995],[1.086187020259439,41.181207130772755],[1.086188110166682,41.181194268482884],[1.086189461072982,41.181168349978996],[1.086190903228065,41.181155673689744],[1.086192037447643,41.181149477521686],[1.086195722748221,41.18113755910092],[1.086198273828993,41.18113183684818],[1.086203399577081,41.18112363535451],[1.086210179083958,41.1811160017864],[1.08621433553888,41.18111246796475],[1.086219942938106,41.18110823767854],[1.08623161079539,41.18110059529102],[1.086243736980769,41.18109359012929],[1.086269027686746,41.1810807698084],[1.086287675218023,41.181070901536735],[1.086296653286645,41.18106555632626],[1.086314752178379,41.18105405762094],[1.086350955186134,41.181030880142885],[1.086378397496968,41.18101377116525],[1.08639792370717,41.18100238624246],[1.086437786662231,41.180980440513075],[1.086457197739646,41.180968873520975],[1.086466554243983,41.180962814004396],[1.086891594954144,41.180675516821225],[1.086943442218057,41.18064323063042],[1.086955125633665,41.18063504798991],[1.086960505100712,41.18063045358842],[1.086967872423052,41.18062309995964],[1.086974299540224,41.18061528034443],[1.086976922522777,41.18061118057839],[1.086981339584789,41.18060278712793],[1.086983014500998,41.180598491463584],[1.086984635770583,41.180591943088125],[1.086986009618198,41.180581607544475],[1.086986568899999,41.18057468123243],[1.086986855940907,41.18056072471941],[1.086985323047801,41.18053962221703],[1.08698344411108,41.18052619807861],[1.086977596559778,41.18049788020898],[1.086958897421408,41.18041938632991],[1.086949188353951,41.1803802234884],[1.086941532344769,41.18035244393091],[1.086925024904257,41.180296955023884],[1.08691820829438,41.18026900926639],[1.086915518898853,41.180254913223706],[1.086913528756043,41.18024136923648],[1.086910978424263,41.18021430502205],[1.086910074050517,41.18019618536339],[1.086908982662456,41.180159957965614],[1.086908222392575,41.1801328334218],[1.086904413085663,41.18000972978668],[1.086904668850282,41.17998865700211],[1.086905551712302,41.179974710388336],[1.08690851310626,41.179946656882386],[1.086911822531447,41.17992716607489],[1.0869143853729,41.179916940360165],[1.086917779727381,41.17990681853458],[1.086919830459383,41.17990189860557],[1.086924636411991,41.17989243074434],[1.086927508173894,41.17988797482134],[1.086932338941745,41.17988174999285],[1.086937252181237,41.179876787553646],[1.086939941883406,41.1798744903524],[1.086944323439714,41.17987141060734],[1.086951593711217,41.17986738805928],[1.086959666668166,41.179864459721465],[1.086964109730853,41.17986336259918],[1.086972860970044,41.17986170654964],[1.086990570323935,41.17985947875947],[1.087008134308965,41.179858149279234],[1.087043453457867,41.17985711389678],[1.087069946730165,41.179856202984126],[1.087083085996256,41.179855340413994],[1.087125519528652,41.179851541779364],[1.087132806753422,41.17985103234067],[1.08714748202197,41.17985064564648],[1.087162260730207,41.17985080110575],[1.087172143315161,41.17985123551142],[1.087191649225149,41.179852819694666],[1.087205075227215,41.17985439383992],[1.087213978314091,41.17985571269716],[1.087231649605349,41.179858888605516],[1.087240296027573,41.17986083370629],[1.087257573152221,41.17986526408155],[1.087274469211233,41.179870498778804],[1.087285560394992,41.17987446609228],[1.087307359078707,41.17988329507007],[1.087318519645829,41.17988897491623],[1.087339138454832,41.17990147727219],[1.087349568360676,41.17990768451347],[1.087355088948427,41.17991056847938],[1.087388581162438,41.17992724788422],[1.087405893636116,41.17993456115414],[1.087417935516338,41.17993863432043],[1.08742408740928,41.17994026775082],[1.087433687145846,41.17994222867316],[1.087441761354502,41.179943353598304],[1.087447113172975,41.17994380279068],[1.087458070854382,41.179944164957895],[1.087474417034021,41.17994371590524],[1.087507262613805,41.17994164939169],[1.087524080227943,41.17994138740779],[1.087558624164095,41.17994241156569],[1.08757556615412,41.17994197239531],[1.087583811923672,41.17994129870414],[1.087594355831923,41.17993949223827],[1.087599519102747,41.17993822690853],[1.087606866589219,41.17993564676633],[1.087613874926858,41.17993243048079],[1.087617152559959,41.17993041324751],[1.087630043104132,41.179921710149884],[1.087671837877304,41.17989069781688],[1.08770544439665,41.17986657604836],[1.087801386145381,41.1797979118278],[1.087850292486575,41.17976422618294],[1.087861683338537,41.17975673584141],[1.087883960411709,41.179742086982685],[1.08790120619353,41.17973120436367],[1.087927668071525,41.17971497945375],[1.087939771649403,41.179708695217236],[1.087948220365495,41.17970514254024],[1.087954122155667,41.179703078803726],[1.087966145723726,41.17969958549272],[1.087975389281124,41.17969739710564],[1.08799444077248,41.17969411057531],[1.088013823555504,41.17969173027148],[1.088052915173426,41.179688055942144],[1.088121171331373,41.17968180251852],[1.088155465040636,41.17967912935623],[1.088206823640484,41.17967592888792],[1.088258141788038,41.179674077916395],[1.08828366597332,41.17967369106957],[1.088317632311986,41.179674074898756],[1.088334667206251,41.17967453788686],[1.088360025093382,41.17967576957254],[1.088397850476571,41.1796787385893],[1.088408901097863,41.17968000293696],[1.088430978774332,41.17968334189314],[1.088445564971882,41.17968601602985],[1.088474721659426,41.179691904473884],[1.088496648759601,41.17969632179128],[1.088518710735644,41.17970020090688],[1.08852975350787,41.17970173533107],[1.088546508193027,41.179703634800816],[1.088639747813907,41.17971148690461],[1.088686507728659,41.17971469512187],[1.088733293856898,41.179717002126445],[1.088756759463757,41.17971775194851],[1.088796435130696,41.17971859070225],[1.088875929219299,41.17971945898225],[1.088917180174367,41.17971942311432],[1.08899959433821,41.17971826900389],[1.089012124661186,41.179717846470055],[1.089037081877798,41.179716458344025],[1.089061943465267,41.17971425887077],[1.089078450630913,41.179712371096706],[1.089111480665722,41.17970805536518],[1.089124058104471,41.17970601229043],[1.08914889475865,41.179700569763135],[1.089173169654553,41.17969394605997],[1.089221281995462,41.17967934208747],[1.089245440306237,41.17967262726202],[1.089257686423894,41.1796696779459],[1.089276157746766,41.179665841137755],[1.089287657481799,41.17966396030567],[1.089310863864752,41.179661282945645],[1.089334398966453,41.17965960093626],[1.08938179780945,41.17965723495914],[1.089405565971317,41.17965573784909],[1.089417399631423,41.179654673200645],[1.08943498446442,41.17965262311268],[1.089473410779763,41.17964722497568],[1.089492231718888,41.179643664152614],[1.089510604797392,41.17963910509392],[1.08951975007466,41.179636194369046],[1.089531566635001,41.17963161658511],[1.08953736752973,41.179628920583134],[1.089545961486045,41.17962446947003],[1.089558589844344,41.179616572459175],[1.08956518683574,41.179611097407935],[1.089569256684815,41.179606391079126],[1.08957376372127,41.17959898981971],[1.089575700318082,41.17959388780259],[1.089578154038676,41.179583299923856],[1.08961562048581,41.1793278436548],[1.089631591661989,41.17918849577467],[1.089636426444634,41.17914110761481],[1.089642197244955,41.17907788216717],[1.08964537985539,41.17904631851005],[1.089646965396595,41.17903688717059],[1.089648173920974,41.17903222343551],[1.089650636857159,41.1790254187659],[1.089654167005023,41.179018811949206],[1.089656406104457,41.17901560647874],[1.089661715810306,41.17900929940687],[1.089664902960444,41.17900628981197],[1.08967039341521,41.17900196734095],[1.08967665105611,41.17899796631998],[1.089681921831013,41.17899495279317],[1.089691582905288,41.17899069951942],[1.089696520826906,41.17898897999169],[1.089706619289788,41.17898608506617],[1.089716815978109,41.178983912352116],[1.089738009459175,41.17898075114292],[1.089788507212209,41.17897429215958],[1.089813741680635,41.17897155827147],[1.089829746021625,41.17897023061931],[1.08983907699142,41.17896945656066],[1.089851855957057,41.17896867776834],[1.089941875757427,41.17896422548968],[1.089986871134069,41.17896253997032],[1.090031844386619,41.17896157464903],[1.090054378819499,41.17896149810257],[1.090147819064413,41.17896241670028],[1.090201700584487,41.178962589882154],[1.090228654425428,41.178962226316436],[1.090242511090395,41.17896128431019],[1.090251611769069,41.17895990402461],[1.090257609039749,41.17895865240821],[1.090269380955433,41.178955605044756],[1.090278049462739,41.17895268635057],[1.090283715410636,41.17895052850889],[1.090294705519551,41.1789456667186],[1.090310569304424,41.17893719277787],[1.090320409658932,41.17893087074945],[1.090326739420984,41.17892638202212],[1.090338577898437,41.1789169405842],[1.090348617309549,41.17890782959698],[1.090366921562916,41.17888921789562],[1.090400807685783,41.17885131792085],[1.090418746579767,41.17883297036972],[1.090430873047853,41.17882182231457],[1.090456423656388,41.1787999980866],[1.090490997558502,41.17877120774861],[1.090507759361736,41.17875644267411],[1.090523819248203,41.178741216492675],[1.090531320814641,41.17873332441972],[1.090535267339167,41.178728796155845],[1.090542458503613,41.17871927762319],[1.090548468526761,41.17870937921025],[1.090551882022683,41.17870268035769],[1.090558009745225,41.178688730618354],[1.090565787096458,41.17866724211775],[1.090571060982297,41.17865191852866],[1.090575681673613,41.17863849282866],[1.09058157106462,41.17862453913536],[1.090588760750671,41.178610967297146],[1.090592886581352,41.178604370329396],[1.090600075107743,41.17859494182192],[1.090647964796306,41.178538718997814],[1.09067237969705,41.17851084100549],[1.090771356526538,41.178399079705486],[1.090821254724933,41.17834343144968],[1.090831469250396,41.17833243179262],[1.090853188123709,41.178311174445874],[1.090882970280986,41.17828320435833],[1.090897566053611,41.17826912479255],[1.090911459939145,41.17825458322255],[1.090918114211347,41.17824712743839],[1.090924904755227,41.178239043403416],[1.090937900269669,41.17822259540431],[1.090950191281924,41.17820577543108],[1.090973237292281,41.17817165964816],[1.090994861239313,41.17813724916267],[1.091023022772864,41.17809114842427],[1.091037752957719,41.1780683340018],[1.091059541911031,41.178036449179686],[1.091104887666963,41.177973338441454],[1.091122882150077,41.17794895681615],[1.091132172054047,41.177936951000184],[1.09114699144279,41.1779192721945],[1.091162989337355,41.17790206328942],[1.091171698004459,41.177893650748096],[1.091179647267397,41.177886756854626],[1.091185140143592,41.177882344276846],[1.091196825157984,41.17787407115038],[1.091215510270606,41.17786285159669],[1.091228591217861,41.17785577165577],[1.091255441857827,41.177842525717544],[1.091282272993743,41.17782990995964],[1.091295920934612,41.17782383111269],[1.091316677665305,41.17781516792507],[1.091343320221437,41.177804980993756],[1.091361151773854,41.17779852112777],[1.091397628089385,41.177786334550085],[1.091422648359306,41.17777864274784],[1.091435267193385,41.177775158937926],[1.09145447373115,41.177770613379934],[1.091474011599237,41.177766974039486],[1.091498538437605,41.17776395783013],[1.091527821183893,41.17776137983904],[1.091557080374625,41.17775961300649],[1.091576653740799,41.177758856568495],[1.091615776945513,41.17775815394831],[1.091733089077683,41.17775802575744],[1.09178687139486,41.17775747596473],[1.091813721270832,41.1777565698647],[1.091824238612908,41.17775566239571],[1.091831064628069,41.17775460457694],[1.091844501864595,41.177751674722636],[1.091850993927275,41.17774980071235],[1.091864115506207,41.17774542445858],[1.091902701010641,41.177730391244296],[1.091926211348604,41.17772132321575],[1.091937439449817,41.177716465209954],[1.091948320528502,41.17771124116074],[1.091953530591121,41.17770835509769],[1.091963492376405,41.17770194486522],[1.091968124966707,41.17769841782088],[1.09197485379022,41.17769249444819],[1.091981124273839,41.177685932969545],[1.091984829704311,41.17768149073189],[1.091991292523747,41.177672410399786],[1.091994169071186,41.17766777428005],[1.091998971511476,41.17765839621362],[1.092003185999217,41.17764873818506],[1.092009957208578,41.17762903436421],[1.092021150784225,41.17759247012914],[1.092025973634522,41.17757417518587],[1.092029848443498,41.17755568438627],[1.092031309214442,41.17754643108795],[1.092033484444404,41.17752899299821],[1.092037118760361,41.177494104951016],[1.092042962479927,41.177424215170284],[1.09204647884279,41.17738932426681],[1.092050409445025,41.17736065615621],[1.092053086367121,41.177346469002494],[1.092058355517809,41.17732511897512],[1.092060815522216,41.1773184042748],[1.092062850103914,41.17731402441933],[1.092068100390077,41.17730564457217],[1.092071196936707,41.177301642605876],[1.092078099748259,41.17729383057939],[1.092085942752758,41.17728648449665],[1.09209168428692,41.17728171570358],[1.092103628303223,41.177272726191994],[1.092111284197541,41.1772677189016],[1.092127393499613,41.177258978554605],[1.092160755436566,41.177243138110676],[1.092171413808985,41.17723736901122],[1.092176512506011,41.17723421087363],[1.092195231243303,41.177221820767706],[1.092204117898855,41.17721548277148],[1.092217046506714,41.17720542868794],[1.092229172366048,41.1771942804272],[1.092234950466212,41.17718825121248],[1.09223914554642,41.17718336671496],[1.092246823373075,41.17717349584357],[1.09225130902941,41.17716681470279],[1.092258617361064,41.17715324472044],[1.092262736136528,41.177142774439496],[1.092265785106892,41.17713219635961],[1.092266775996436,41.17712680840545],[1.092267845279502,41.17711871956399],[1.09226883916173,41.17709675825044],[1.092268683946011,41.17708567671503],[1.092267496557339,41.177069083631864],[1.092264993212751,41.17705264888998],[1.092263202720039,41.17704451266399],[1.092253971704335,41.17700932136358],[1.092241144416529,41.17696245107292],[1.092235389351881,41.17693893676644],[1.092228359631261,41.17690594368699],[1.092223990035306,41.17688398357533],[1.092216329911327,41.17683981101249],[1.092213965084128,41.17681860470168],[1.092213541253774,41.176804456237],[1.092213815662556,41.1767950022309],[1.092215076754978,41.176776197895144],[1.092215982456516,41.17676963758219],[1.092218618925153,41.17675680084588],[1.092222567308152,41.17674398584742],[1.092232248806255,41.17671847549508],[1.092241929249616,41.17669710847679],[1.092247356106045,41.17668674994256],[1.092256858848904,41.17667150493437],[1.092268019326821,41.17665664768423],[1.092274429740123,41.176649367923375],[1.092288058527579,41.17663572251648],[1.092295394866738,41.176629358824904],[1.092307095194958,41.17662054539865],[1.092319608711399,41.17661246602778],[1.092326152933823,41.17660879049552],[1.09233993797223,41.17660208328309],[1.092347057044966,41.17659913875789],[1.092358258792207,41.176595181001225],[1.092370527720358,41.17659142107065],[1.092395282982247,41.176584625390575],[1.092445122219339,41.17657203026211],[1.092469874880074,41.17656532369495],[1.092498477093317,41.17655742077918],[1.092536213566655,41.176546966996334],[1.092554860468617,41.17654115095966],[1.092573533493884,41.1765344346239],[1.092582820877485,41.17653071534944],[1.092596711967434,41.17652446022726],[1.092606287300547,41.17651903433636],[1.092611888671648,41.17651498377731],[1.092615194746898,41.176511975167614],[1.092621338056705,41.176505681763835],[1.092625299975742,41.17650061324298],[1.092629383880034,41.17649413937123],[1.092632047924474,41.17648991628369],[1.092637140745977,41.17647874154075],[1.092639984251043,41.176471132450885],[1.092644354123945,41.17645607259712],[1.092647036099125,41.17644170536465],[1.092647605183547,41.17643441888825],[1.092647452513789,41.17642324732115],[1.092646105669986,41.17641214604437],[1.0926449543174,41.17640663252504],[1.092641576595152,41.176395677750556],[1.092639350225662,41.17639023649534],[1.092635290510419,41.176382242828055],[1.092624151402133,41.17636350328216],[1.092617856463767,41.176354481783505],[1.092610827111298,41.17634607862826],[1.092606888147683,41.1763421402403],[1.092598276997637,41.17633488182738],[1.092593483042608,41.176331649857964],[1.092585619771008,41.17632737623902],[1.092460255971212,41.17626819402959],[1.092502383548577,41.176229620192075],[1.092533586543214,41.17618960343177],[1.092593620377301,41.17613790534852],[1.092656872019193,41.17611499379105],[1.092716597163167,41.17610679483464],[1.092769639692869,41.176107042976554],[1.0928469262934,41.17611399688068],[1.092945950062556,41.1761359935563],[1.093029546616226,41.176176108603215],[1.093270666382558,41.17627647900839],[1.093601822581379,41.176416890031334],[1.093907493519326,41.17654003456927],[1.094186612582298,41.17665382248465],[1.094355387455975,41.176745426988326],[1.094615302234659,41.17685141906386],[1.094721883522912,41.17690479457944],[1.094954257653494,41.17701501393961],[1.095128358390584,41.177128593148865],[1.095273614673405,41.17719674944795],[1.095661451508243,41.177356195980984],[1.096040672902156,41.17751685073747],[1.096119985420382,41.177552750253184],[1.096183565921883,41.177571995414844],[1.096220048675917,41.177571405194904],[1.096249377702591,41.177559482603385],[1.096263518798209,41.17753224418757],[1.096264270433354,41.17751036890155],[1.096280510874634,41.17739002891745],[1.096301264800523,41.17719617489583],[1.096319544875842,41.177042452476684],[1.096370860999627,41.176904677825625],[1.096455349112065,41.176732953655204],[1.096585078748842,41.176555041729394],[1.096735196140708,41.1763440496157],[1.096931720917645,41.1761277885684],[1.097119579090672,41.17592255388235],[1.097382011398921,41.175616137393334],[1.097575498458565,41.17539342982392],[1.09770840854969,41.17524547333154],[1.097834545177902,41.17509263091093],[1.098079221895438,41.17481870597471],[1.098292394480527,41.17457056145817],[1.098448069230462,41.17441027978332],[1.098570088158496,41.174263673621226],[1.098590360887096,41.17423256149537],[1.098639072131873,41.17415780524292],[1.098695093659085,41.17405496629753],[1.098701717133027,41.173978423580195],[1.098669912332339,41.17390340803878],[1.098622625752948,41.17381957989481],[1.098577383056099,41.173718671620335],[1.098541171926267,41.173622866492295],[1.098535712322134,41.17351072555719],[1.098535053212643,41.17341811965948],[1.098537447882868,41.173335292073006],[1.098517000291288,41.17321470336907],[1.098665142033519,41.17314896724268],[1.099151287306069,41.17254703781271],[1.099337454111602,41.17231652849265],[1.099489645256971,41.17215276503255],[1.099813915606922,41.17235798719416],[1.100742727200344,41.172450318921506],[1.100745223931632,41.17251656375987],[1.100747107204476,41.17254631891433],[1.100752276158499,41.17259846636988],[1.100758675534091,41.17262865630956],[1.100766871158426,41.172658605659045],[1.100775549502106,41.1726924361091],[1.10078659175799,41.17275584949339],[1.100788727853679,41.17277272837815],[1.100792399312906,41.17280656631145],[1.100793008676539,41.17282260935587],[1.100792417130672,41.17283070616791],[1.100790403086322,41.17284265265478],[1.100786604388241,41.17285447963095],[1.100784049712146,41.17286038230942],[1.100777280031585,41.17287189096085],[1.100773061042207,41.172877676113245],[1.100765545768994,41.172886109082846],[1.100758320816732,41.17289274538097],[1.100753435151981,41.17289680814882],[1.100743096681369,41.17290393352581],[1.100732426768903,41.17291015270469],[1.100710175353764,41.17292113485432],[1.100693247186193,41.17292941254771],[1.100679712452773,41.17293576461031],[1.10067030686802,41.172939482595666],[1.100650679851266,41.17294627459486],[1.100630358712281,41.17295233545702],[1.100589372030811,41.17296399932265],[1.10056023325956,41.172974057167785],[1.100548159527134,41.17297935244079],[1.100542354457619,41.172982229083246],[1.100533992597466,41.172986955078606],[1.100522441772697,41.17299478101905],[1.100515473295298,41.1730007910218],[1.100512162578984,41.17300397903168],[1.100507605726348,41.17300903801628],[1.100499180881427,41.17302006897998],[1.100494315485445,41.17302755484462],[1.100485772184464,41.17304272630984],[1.100478647089251,41.17305828146331],[1.10047452989235,41.17306875207914],[1.100466766894074,41.17308988123319],[1.100458094390888,41.173113607498486],[1.100448022769846,41.17314037316216],[1.100428352093774,41.17319409242875],[1.100417806445128,41.1732207601958],[1.100412178766288,41.17323399815145],[1.100407453759108,41.17324405421702],[1.100401763159754,41.17325616531371],[1.100379513762511,41.173300114143785],[1.100369434513883,41.173320717921],[1.100365233716334,41.173329305094235],[1.100363297201819,41.17333326367158],[1.100353054847556,41.17335768461119],[1.100334227825595,41.17340691412922],[1.100323512636262,41.173431237191565],[1.100317328188939,41.17344311486113],[1.100278128271057,41.17351280664987],[1.10024167925259,41.17357760758642],[1.100178797546396,41.17369105369785],[1.100172999124121,41.17370194692567],[1.100162114582411,41.17372383520658],[1.100152056290017,41.17374600733881],[1.100132885093304,41.17379063741868],[1.10011821324218,41.17382399254281],[1.100111516724732,41.173836915866595],[1.100104646923904,41.17385205160155],[1.100092208413977,41.17387477502352],[1.100083409507227,41.17388980293232],[1.100065265937255,41.173919497842775],[1.100046116789556,41.173951233784],[1.100037097267799,41.17396641677953],[1.1000314358452,41.17397640615627],[1.100025264202152,41.173988154607294],[1.100022100737477,41.17399417663385],[1.100013071036809,41.17401375360975],[1.100009091068754,41.17402359596039],[1.100004012154758,41.174038464262736],[1.099999890251205,41.174053258284246],[1.099998363587588,41.17406070914815],[1.099996263478591,41.174075626605756],[1.099995692635701,41.17408300316945],[1.09999548910733,41.174094168859284],[1.09999593338651,41.17410354377971],[1.099998249172949,41.174122407245385],[1.099999794424161,41.1741308104319],[1.100003962557227,41.174147452640206],[1.100008014719061,41.174159858604284],[1.100015476082151,41.17417808639667],[1.100022094932767,41.174192427148014],[1.100062856639921,41.17426281625435],[1.100064951400434,41.1742687055636],[1.100066087734606,41.17427475920347],[1.100066326683994,41.174278906503005],[1.100065605467275,41.174287361461126],[1.100063988275898,41.174293820029156],[1.100062555291809,41.17429802981261],[1.100058616947437,41.1743064316838],[1.100053497482248,41.17431445377289],[1.100050893785997,41.174317923654066],[1.100045101011103,41.174324494365436],[1.10004032133538,41.17432900921512],[1.10003251599639,41.17433509544993],[1.100028384128388,41.174337819529605],[1.100002663110351,41.17435333800418],[1.099951247061573,41.17438347463498],[1.100658252711456,41.17467253503026],[1.100720155644925,41.1742637339284],[1.10087256377361,41.17324084160052],[1.10101875228621,41.17233836547052],[1.101134261340464,41.17162327827322],[1.101291297675273,41.17054686706742],[1.10134688271265,41.1702065817405],[1.101469142755052,41.16937694082853],[1.101724391393657,41.167754494957734],[1.10140690071084,41.167777372331074],[1.101335046848473,41.16778483664117],[1.101185995336675,41.16780768644563],[1.101085020942262,41.167820514337286],[1.10026633646507,41.16789127107535],[1.099985267734722,41.167916131205054],[1.099737101748426,41.167928880110004],[1.099570505177682,41.16794144185283],[1.099486163522621,41.167945433455955],[1.099148929373582,41.16794609127288],[1.098881927498059,41.1679459241196],[1.098600892379243,41.16794876767081],[1.09847421248479,41.16794776013868],[1.09791072406917,41.16792000371241],[1.09754750866697,41.167904015045536],[1.097200778861868,41.1678909093503],[1.09670881098818,41.167863155961825],[1.096428290068538,41.16783997130236],[1.095958303969481,41.16778168211025],[1.09586860726486,41.167767230685605],[1.095652432132531,41.16772632832889],[1.095385587949146,41.1676650380987],[1.095136301073741,41.16759642832053],[1.095002142120869,41.167561425622885],[1.094935933150446,41.167542677557734],[1.094871972939609,41.16752036363859],[1.094699190409713,41.167444279383645],[1.09456217586156,41.16753272046347],[1.094523934463752,41.167560822303784],[1.094476048326094,41.16760092478032],[1.094451175544146,41.167620149984806],[1.094341401591654,41.167698141888636],[1.09422229382654,41.16778561737823],[1.094167160509151,41.1678248793834],[1.094137905342934,41.16784313136497],[1.094095028160308,41.16786665275769],[1.094006735947632,41.16791077118826],[1.09381280443473,41.16800529655291],[1.093643782468193,41.16809167627384],[1.093456089644403,41.16818477288637],[1.09325362996532,41.168293838384585],[1.092989878749755,41.1684407120251],[1.092851349838098,41.1685154347477],[1.092570587999472,41.168661035322145],[1.092518229589651,41.16868674124351],[1.092409255579828,41.16873285831325],[1.092370922763613,41.16874348356182],[1.09231792482375,41.1687542265343],[1.09229266992749,41.16876191547475],[1.092171327327953,41.168811160474974],[1.092005779739099,41.16888444442773],[1.091949892726245,41.168912613786006],[1.091842046856753,41.16897325088411],[1.091781806198723,41.16901179671221],[1.091703035540667,41.16906453783329],[1.091660868964852,41.16908816013684],[1.091507921605089,41.16915849925337],[1.091402975290874,41.169209545998726],[1.091297934038413,41.169255637008376],[1.091084862939192,41.16934398616733],[1.091013299333125,41.16937423752775],[1.090976092134909,41.16938713278663],[1.090838457726966,41.16942673901687],[1.090767652386732,41.16944727478788],[1.090733373361352,41.169453733114615],[1.090686366705789,41.16945926014495],[1.090663694317509,41.16946419918334],[1.090542709476354,41.16950101816495],[1.090352855626769,41.16956146710543],[1.09024223867959,41.169598367356166],[1.090142090025878,41.169627784558486],[1.090052398306115,41.16965422224906],[1.090018410303075,41.16966708043071],[1.089955926058402,41.169700724143084],[1.089850687853051,41.1697617628307],[1.089800276295936,41.16979425528864],[1.089723658203648,41.169846670389674],[1.089646711002639,41.16987755231678],[1.089591099628526,41.16990437397158],[1.089556404992562,41.169925146816915],[1.089490379467225,41.16996990078249],[1.089326519572952,41.17008752516604],[1.089264154311156,41.17012936719525],[1.089227947126507,41.170148853846875],[1.089202353794625,41.170159959305074],[1.089148533850494,41.170178433546056],[1.088911210152086,41.17024791167142],[1.088549262454925,41.170352164236704],[1.088306458336198,41.170425603606326],[1.08809644362115,41.17049463194086],[1.087901502187034,41.17055769468149],[1.087782337673777,41.17059327987871],[1.087366310076511,41.17071248507496],[1.087259897164827,41.17073585098857],[1.087061643371552,41.170773366448195],[1.086877270299277,41.170800843385265],[1.086730125646498,41.17081884932417],[1.086656254706766,41.17082582060631],[1.086521294107416,41.17083475078986],[1.086381148560345,41.17084161316216],[1.086212228359005,41.170850069604576],[1.086163104523673,41.17085456883467],[1.086066098204438,41.1708700731519],[1.085942564061007,41.17089189268978],[1.085881515154302,41.170904750916236],[1.085774792499253,41.170930542305626],[1.085501435762165,41.17100094656715],[1.085367530244909,41.17103097019808],[1.085221912784641,41.17105791686946],[1.085084287224993,41.17108058242491],[1.084815247194801,41.171117279010645],[1.084659987553701,41.17113965123601],[1.084528319031826,41.17116241505056],[1.08441607148233,41.171185501274365],[1.084307671919942,41.171211533666416],[1.084232959686199,41.17123100968386],[1.084197193044628,41.171243476292915],[1.084021319921886,41.171314685583575],[1.083974392049944,41.17124779177209],[1.08391372977713,41.17116130388668],[1.083832283821592,41.1710598787054],[1.083715751996867,41.170902475088916],[1.083657358032499,41.170819988005434],[1.083623310205565,41.1707733945306],[1.083585509864891,41.170732863717916],[1.083524359716355,41.17067546138268],[1.083472378434272,41.17063478496822],[1.083431688545287,41.17059934030077],[1.083412563903952,41.170580647427315],[1.08340196926534,41.17056786102727],[1.08338536782785,41.17054029276441],[1.083374308634395,41.170514798224524],[1.083371225470025,41.17050195649773],[1.083371050368071,41.17048339836803],[1.083373229215795,41.170474066891856],[1.083379465660365,41.17046047929741],[1.083401712531177,41.170429233054875],[1.083415002168938,41.17041495199997],[1.083466034234376,41.17036535863497],[1.083760049734379,41.17008065635624],[1.083852317799062,41.16999445732708],[1.08397613059363,41.16987698617805],[1.084057458910299,41.16980213470038],[1.084105026889361,41.16976095044391],[1.084138103548082,41.16973438764476],[1.084207296932346,41.16968329414004],[1.084247170003044,41.16965666405252],[1.084331092646353,41.169607346382264],[1.084552985985173,41.16949060287529],[1.084695477459393,41.169419378828316],[1.084787496047261,41.16937037541058],[1.084966214498204,41.169266695457274],[1.084991232042178,41.16925080746441],[1.085038478318653,41.16921655316316],[1.085084674467193,41.16917741741565],[1.085104021431386,41.16915567051943],[1.085134071517524,41.16911428505656],[1.085188033687525,41.16902943057726],[1.085239091770012,41.16894605911532],[1.085260128644372,41.16890308280168],[1.085274598251094,41.1688645912296],[1.085298911761852,41.1687868106968],[1.085304949484708,41.16873493827612],[1.085323553549544,41.168685436239706],[1.085359626907401,41.168621362000955],[1.085429288250822,41.16857459905803],[1.0856863259525,41.16838862940677],[1.086105196515126,41.16808914934116],[1.086224672969069,41.16800988516478],[1.086312295215846,41.167935676923555],[1.086357812427427,41.16788292821841],[1.086371800071594,41.16782407179043],[1.086356145222762,41.16777210960875],[1.086314005336811,41.16770862889222],[1.085831990680294,41.16732222965052],[1.085751789970779,41.16727935987741],[1.085230568523668,41.16776324696763],[1.085106927188055,41.16789963790991],[1.084892395305564,41.16796020857462],[1.084819719943182,41.16792207150968],[1.084426507061037,41.16857281093255],[1.082620153313278,41.16817943778478],[1.081886948884609,41.16802006577123],[1.081784578688308,41.16798656716601],[1.081770167379729,41.1681539550224],[1.081547229348872,41.168265631668206],[1.081194885487454,41.16854755651572],[1.081088684533637,41.168653698169216],[1.080550052546522,41.16830893994391],[1.080530950799008,41.1682608828842],[1.080627957649844,41.16816755937838],[1.080773297643999,41.168031354231275],[1.080798910311722,41.16801142372744],[1.080813813964412,41.16800311470264],[1.080840826993255,41.16799239502885],[1.080878363821278,41.167980499349206],[1.080896558821779,41.16797377633551],[1.080997499023564,41.1679295181592],[1.081046260649393,41.16790465839509],[1.081073438861394,41.1678882667585],[1.081122204993085,41.16785097683799],[1.081146466482195,41.16782832155839],[1.081156714567652,41.16781615192994],[1.081207144964773,41.1677462829068],[1.081291354874555,41.16762572375689],[1.081461302345584,41.167368957811014],[1.081575530419797,41.16719584422812],[1.08165046103682,41.167090983463105],[1.082027405012301,41.16654518928851],[1.082104106072498,41.16642450463907],[1.082130943746052,41.166387029781774],[1.082146715197377,41.16636936732051],[1.082182238007617,41.166336540564686],[1.082222688856445,41.16629821115465],[1.082241038192562,41.16627797939958],[1.082287746707699,41.16620894872831],[1.082373062712589,41.16609119942027],[1.082461341617876,41.165957646291254],[1.082515037099428,41.16588197613704],[1.082566330893742,41.165823290004596],[1.082612842915852,41.165781458257335],[1.0828189750354,41.16560797959369],[1.082873755791912,41.165560520449816],[1.082899952240921,41.165532762732184],[1.082909698283384,41.16551734193279],[1.082928447073377,41.165471085331454],[1.08295718992351,41.165380408232856],[1.082988428099694,41.16528589941963],[1.08312021377047,41.164910589769434],[1.083206380857016,41.16467746920237],[1.083223707552519,41.164622721958445],[1.083253375503126,41.16451251409332],[1.083318130441986,41.16424922310216],[1.083355494387614,41.16407113724403],[1.083362060258561,41.164046205787606],[1.083380058161451,41.1639970542533],[1.083391234834176,41.163977513778015],[1.08339900488848,41.163968545422506],[1.083413416401455,41.1639566249123],[1.08345042563049,41.16393409087541],[1.08347596115527,41.163920823942675],[1.083529333658008,41.16389712059404],[1.083688220227781,41.163835537788025],[1.083732629984125,41.16381672957444],[1.084006679900952,41.163692836861664],[1.084580220140242,41.16342673655023],[1.084849425572549,41.163297176766655],[1.085066038833431,41.16318908154526],[1.085249708116105,41.163098994258625],[1.085307536849023,41.16306545591261],[1.085414139905192,41.16299003209947],[1.085670246628577,41.16280251549798],[1.085784414170818,41.16271694844666],[1.085837106390277,41.16262225440361],[1.085810699766188,41.16257119456804],[1.085782889759033,41.16253356875283],[1.085748398370441,41.162545390243665],[1.085457262383531,41.16263819824723],[1.08494296403938,41.16280611518601],[1.08422907782541,41.16301710297525],[1.083551186899355,41.16317878340801],[1.082674260985223,41.16336444378803],[1.081965487584789,41.163493535121965],[1.081320794989344,41.163595404856515],[1.080617645044119,41.163674500280806],[1.07954416074049,41.163794624466526],[1.078457830999832,41.16391776726959],[1.077438816261389,41.16404175165469],[1.077223073888014,41.164070491807834],[1.077171850542086,41.164077654443744],[1.076350501281668,41.1641632200889],[1.074790437608359,41.16434111754842],[1.072186506459486,41.164623781002035],[1.070827755039818,41.16477670607366],[1.068329296432042,41.165058704228116],[1.067412846693111,41.16516729335939],[1.066856413448136,41.16522129026395],[1.066263008274561,41.16528817567702],[1.065457869467753,41.16537276420624],[1.065359416291861,41.16538894741444],[1.064713731833699,41.165466297175534],[1.063899667432019,41.16556243460186],[1.063428027018663,41.16562684562701],[1.063007844593354,41.165704549117464],[1.06274320577166,41.165754058558946],[1.0624036084086,41.16582329532734],[1.061942614946758,41.16592679098595],[1.061306063598268,41.16609849221512],[1.060707653793106,41.166278217286205],[1.06014939237253,41.16646663106435],[1.059639759208256,41.16666720952725],[1.059315812960948,41.16680222314419],[1.059100421871636,41.16955814875804]]]]}},{"type":"Feature","id":"431233--barri--tarragona-salou","properties":{"name":"TARRAGONA-SALOU","officialName":"TARRAGONA-SALOU","municipality":"Reus","kind":"barri","quality":"official","code":"73"},"geometry":{"type":"MultiPolygon","coordinates":[[[[1.122800964398403,41.13067711710519],[1.122790398484041,41.13074719745009],[1.12278688284216,41.13077287924149],[1.122778695906751,41.13079420617482],[1.123952837103243,41.131054796519955],[1.126120999362981,41.131538877444946],[1.127973937851253,41.13187278252585],[1.129056296326389,41.13201473436776],[1.129061646487371,41.1321620933417],[1.128082866014892,41.133063356385065],[1.1275337359551,41.13357210406302],[1.127060152991272,41.13400037784075],[1.126608273768761,41.13441513056216],[1.13213134196191,41.139149931178565],[1.132333777558196,41.13928859099646],[1.133678981006517,41.14020948722465],[1.134211375672268,41.140658744488555],[1.134421820574916,41.140876795885966],[1.134880705806997,41.141456730539616],[1.135242163129069,41.1420945377516],[1.135356090414592,41.14236354071335],[1.135435510504545,41.14259298349387],[1.135556337427557,41.14308151957983],[1.135607582338309,41.14348146849632],[1.135618505173046,41.143790420852035],[1.135596153889163,41.144184676536085],[1.135516034424919,41.14465393141538],[1.135168147536484,41.14568398589118],[1.135086218572835,41.14592640326648],[1.134814588107965,41.14667827784211],[1.134813872568785,41.14672915525132],[1.134840323484901,41.14673502559503],[1.134851962222026,41.14673742888435],[1.134863554169168,41.146740089330635],[1.134875059927896,41.146743010661204],[1.134886435483212,41.1467461736912],[1.134899352062549,41.14675008827364],[1.134911885581802,41.14675468549298],[1.134922848374426,41.14675906478972],[1.134933560383194,41.14676370668254],[1.134944084520963,41.14676862590609],[1.134954414484567,41.146773840438144],[1.135072072193563,41.14683774075822],[1.135226552938739,41.1469132771956],[1.136003144376482,41.14667677222894],[1.136398301346113,41.146532822240104],[1.136498558684425,41.14637113662967],[1.136578848102798,41.14633829534664],[1.136875901818319,41.14621230512285],[1.137018793629273,41.14614840804449],[1.137087273237133,41.14611600619918],[1.137338050969432,41.14599142923236],[1.137690928928366,41.14582112080437],[1.137839709129488,41.14575119268173],[1.138137293607398,41.14561466900157],[1.138321947553943,41.145531808050826],[1.138419508609148,41.14549068711474],[1.138575635424153,41.145430604644204],[1.138641689609972,41.14541230444137],[1.138692456925451,41.14540366575441],[1.138770597956317,41.14539618930511],[1.138879875749004,41.14539164716678],[1.13897230094843,41.14539313827187],[1.139016630390856,41.14539727625272],[1.139295205139338,41.1454443752702],[1.139280063488312,41.145507993946765],[1.139276048933253,41.14554467963946],[1.139275483335057,41.14558160111304],[1.139278374324034,41.14561848826678],[1.139284732072023,41.145654980966],[1.1392945642092,41.14569080910938],[1.139307515966696,41.145725876899114],[1.139323600056432,41.14575973416604],[1.139342461707739,41.14579228511206],[1.139363989442526,41.14582325771382],[1.139387825946635,41.14585264620678],[1.139413618987603,41.145880264759114],[1.139441135437366,41.14590592946026],[1.139470134543045,41.14592972650067],[1.139484266788384,41.145939862638954],[1.139500261528068,41.1459515600827],[1.139562943742811,41.14598941153458],[1.13962714710299,41.14601981129041],[1.139712100356236,41.146049644885636],[1.13978855999614,41.146067992051165],[1.139815462376927,41.14607319982158],[1.139829357118134,41.146074865073295],[1.139871517770128,41.14607986850076],[1.139915163595543,41.14608291421886],[1.139959823248162,41.1460838144766],[1.140005382698855,41.14608238728489],[1.140051362978444,41.14607871499476],[1.14009777170344,41.1460725275045],[1.140143896773145,41.146063723258116],[1.140189613995593,41.14605248040289],[1.140234568588397,41.14603870314492],[1.140263593174789,41.14602782166629],[1.140278165017396,41.14602238188423],[1.140320395658062,41.14600378672328],[1.140360664978029,41.14598290806313],[1.140398729683268,41.14595992213313],[1.140434341401003,41.14593518523014],[1.140467381025321,41.145908695436475],[1.140497481080184,41.14588080712932],[1.140524633947786,41.14585179041208],[1.140548832011128,41.14582191538795],[1.140569831982716,41.14579135828655],[1.14058774535248,41.14576039113061],[1.140602683610608,41.14572928594254],[1.140614758247414,41.14569831474448],[1.140623969266994,41.14566747753741],[1.140634601191197,41.14560738897566],[1.140636157996243,41.145552198317155],[1.141090038218631,41.145349278967686],[1.141350970006783,41.145227649124905],[1.141425526005217,41.14519516243061],[1.141490021113736,41.14516872874954],[1.141622039357473,41.14511834207382],[1.141756104832839,41.14507141105973],[1.141846303538586,41.14504196838346],[1.142030172329959,41.1449867417137],[1.142622670118454,41.14482027713192],[1.143201830475792,41.1446534146531],[1.144086395044872,41.144397425085],[1.144529390711161,41.14427151092579],[1.145285470873016,41.144054589207876],[1.146554233854069,41.14369056257467],[1.148681047151258,41.14308483652242],[1.149897880373506,41.142739345226516],[1.150787437235718,41.14248614180551],[1.151710536970625,41.142224028895114],[1.152776368032894,41.14191856748655],[1.153496981883185,41.141713511670645],[1.153551350148637,41.14227663367182],[1.15892768595476,41.1438419489968],[1.163753321705923,41.14523917754964],[1.164486798035679,41.145455500161056],[1.165825441728536,41.1458320465621],[1.166824055260019,41.14370103496362],[1.168979107191188,41.14373503066806],[1.168962829677739,41.144539861336966],[1.16900022513761,41.14491381509908],[1.169096703697867,41.14516836656481],[1.169196528729764,41.145302450921484],[1.169470606039314,41.14546938529683],[1.169872920531329,41.145897408698154],[1.169937482829462,41.14615145311243],[1.170032129541795,41.14647217970941],[1.170174624917081,41.14679060264218],[1.17053436891542,41.14703122335534],[1.170867915231253,41.14721116751385],[1.171021104215819,41.147374127469156],[1.171141978042323,41.14724566606597],[1.17130759102184,41.147200078710206],[1.171375779143744,41.147174161890675],[1.171614400447896,41.147041770559],[1.171782659058876,41.14693859926842],[1.172300266290162,41.14662604449109],[1.172752994990149,41.14635398424285],[1.173032694604363,41.146180966673384],[1.174089008989163,41.14561472593586],[1.174435446553252,41.14539198726082],[1.174535337679143,41.145332288727815],[1.174791034279332,41.1451628776966],[1.174869654281359,41.14511837434046],[1.175071840196848,41.144982831478515],[1.175208047125578,41.1449009914859],[1.175351355830301,41.14484926206839],[1.175685633741759,41.14475153161671],[1.177224087113456,41.14410123967213],[1.177498532953088,41.14358205812748],[1.180896531934189,41.13715314673305],[1.179613107452466,41.13634170584619],[1.179546713820047,41.136299674069676],[1.178320144591937,41.13553178943497],[1.177565330818228,41.135059494907786],[1.177255601561733,41.134877154005764],[1.176344715425065,41.13434077424519],[1.175526591294699,41.13388412950856],[1.174298210763367,41.13325813179512],[1.173375121652119,41.132837101793264],[1.172942031376871,41.1326537124961],[1.172524520688278,41.13288089336415],[1.172327110345429,41.13301395165396],[1.172020260980075,41.13322478623778],[1.171989364727678,41.13324669924469],[1.17194089056745,41.13328107924451],[1.171873153918445,41.133334001587414],[1.171848698307371,41.133351095842656],[1.171808579198949,41.1333893700087],[1.171788719917083,41.133408316007035],[1.171763650175259,41.13343223282704],[1.171710007044939,41.133497809924954],[1.17163562362817,41.13360013759807],[1.171550392695278,41.13374874237239],[1.171569742865513,41.13386567024535],[1.171651461576728,41.133893211316156],[1.177905917488927,41.1360008673863],[1.177840068538683,41.13610157017072],[1.177783613428241,41.1361879066729],[1.177653650522915,41.13631791494772],[1.177494161528752,41.13644043093316],[1.17699998434262,41.1367712002204],[1.17691810807338,41.13692302273818],[1.176536551296727,41.13713484296442],[1.176535490636103,41.13713726177147],[1.176504004773521,41.13715897817703],[1.176685384714731,41.137286670117035],[1.17701896055953,41.13751235314303],[1.177296095324585,41.13766437921312],[1.177397252043836,41.137723506542905],[1.177466312342692,41.137761894995585],[1.177668960225221,41.137875574083225],[1.177851871857585,41.137973482036166],[1.178305389950686,41.13808375388557],[1.17842209543901,41.13809965149523],[1.171101920715071,41.13839707044787],[1.168202690245465,41.13806995979818],[1.165056990305167,41.13837927494069],[1.163457467145577,41.135667772721796],[1.162213343036016,41.13307541303326],[1.165458395290366,41.130335098630866],[1.164867500575195,41.13019007608944],[1.163403641693332,41.12983818819494],[1.162383521562874,41.12957315695961],[1.161681402879097,41.129375245920286],[1.160935698167035,41.129164115405324],[1.160017259961883,41.128880417219],[1.158955845521326,41.12851669550604],[1.15835949064802,41.12829901413008],[1.15823706894404,41.1282505811522],[1.157920940208458,41.12812555413381],[1.157379520034617,41.12790325024085],[1.156799737569654,41.12765988389904],[1.156264125591225,41.12741758084976],[1.155927654722357,41.127257724562426],[1.155475285747535,41.127029358884194],[1.154874087631278,41.126738711413694],[1.154126833331782,41.126337904294935],[1.153625984481972,41.12605453056038],[1.153471906773467,41.12596271021035],[1.153032182223951,41.12570030884595],[1.151749742678647,41.12486549307738],[1.150775434339016,41.12417323698954],[1.149894124251126,41.12348291442852],[1.149116739370718,41.12281253766948],[1.148590597389,41.122327292854735],[1.148189336439365,41.122294994860766],[1.146802895118736,41.12305453618668],[1.14670990344419,41.12308676260539],[1.145484945134575,41.12388105710566],[1.145331748257127,41.12400263640603],[1.144993428257308,41.124158492960476],[1.144476413045724,41.12433257392005],[1.144311962336039,41.124392693195375],[1.143607895917302,41.124663997043484],[1.143069213554824,41.12487122056745],[1.142442779004848,41.12511009587082],[1.141383093029476,41.12544540919207],[1.140474569904417,41.125818360453465],[1.140056958281168,41.125987013983995],[1.13954366630607,41.126217960855584],[1.138788370125675,41.126493145312004],[1.138397561517629,41.12664135411714],[1.137726389597127,41.12691494822183],[1.136803389041606,41.12728657400584],[1.136199437332104,41.12752186000671],[1.135838024330354,41.127697240862865],[1.13577715356581,41.12773382799292],[1.135126174638458,41.12812702409201],[1.1344778786254,41.12854412791485],[1.133884293906694,41.12892553807257],[1.133855239539784,41.12894252898806],[1.133755579243271,41.128987386725626],[1.133304488843481,41.12936302360148],[1.133114611790705,41.12952599801461],[1.132805463165372,41.12980135864649],[1.13239140097247,41.130089675259434],[1.132326245410108,41.13013212786726],[1.131290515027014,41.13076910793781],[1.131215049759314,41.13076727987166],[1.131098146178192,41.13076628352248],[1.130809505327251,41.13078258800529],[1.130700274672791,41.13076532235903],[1.130652573739665,41.130742570974434],[1.130551784671189,41.130682391443386],[1.130424170794918,41.130654735251206],[1.130318744331154,41.13064996929168],[1.130185729630928,41.130645704688],[1.130022283545952,41.130634206479826],[1.129921756001584,41.13062372976046],[1.129779778838039,41.130622077209914],[1.129096047563161,41.1306290998063],[1.128481535165693,41.13063216758042],[1.128160064603628,41.130634213659576],[1.127921309014342,41.1306395652831],[1.127047825415945,41.130658751253975],[1.126435269199035,41.13067352878452],[1.126106378639316,41.130686339477705],[1.125372328842742,41.13071691472822],[1.1252806971909,41.13072073111466],[1.124747386540421,41.13075257778477],[1.124092654239054,41.130786229977346],[1.123821265808836,41.13077844380802],[1.123649646742322,41.1307695884813],[1.123303634952126,41.13072422696154],[1.122800964398403,41.13067711710519]]]]}},{"type":"Feature","id":"431233--barri--salou-riudoms","properties":{"name":"SALOU-RIUDOMS","officialName":"SALOU-RIUDOMS","municipality":"Reus","kind":"barri","quality":"official","code":"74"},"geometry":{"type":"MultiPolygon","coordinates":[[[[1.085373592084901,41.14275880451291],[1.086718143950972,41.14349733074278],[1.08637307772197,41.14379979682659],[1.086180522615011,41.14397215699818],[1.086081040877619,41.144094808911646],[1.085719769075453,41.14437759213259],[1.086067482529538,41.144631516650655],[1.086493721115387,41.144889625156104],[1.08673941815516,41.14497602856879],[1.086895869339973,41.14498844154832],[1.087051349690189,41.14503020242543],[1.087208088166946,41.14512305606408],[1.087451112005204,41.14530164968119],[1.087841032426535,41.14554690094263],[1.088039395046294,41.14562621171859],[1.088463622414654,41.14585554593393],[1.088766512773753,41.1461066478218],[1.089152976258695,41.146450919064925],[1.089224931978444,41.14641040665853],[1.089308073555919,41.14637863654852],[1.089397550766529,41.14635850082449],[1.089508246306577,41.14635042611805],[1.089597430024463,41.14635685728491],[1.089696431290907,41.14637813307664],[1.089782473708707,41.14641072368828],[1.0898270205753,41.146436051661226],[1.091326359779589,41.14522406076207],[1.09342244608958,41.144022722452696],[1.093967299953686,41.14371043447526],[1.094004123527119,41.14368555189399],[1.094604229934008,41.14329975622072],[1.095310299688393,41.14284448486221],[1.096657969265705,41.141815561703055],[1.098062999261759,41.140461318645535],[1.098476830440176,41.1399482315671],[1.09844326056257,41.13993479754811],[1.098400391868533,41.13991328368136],[1.098361401664805,41.139889491801604],[1.098326520343718,41.13986369593417],[1.098295848815958,41.13983652826724],[1.098268449926411,41.13980743290772],[1.098243870680079,41.13977559171998],[1.098222582247996,41.13974119262256],[1.098205526971183,41.139704611450796],[1.098192816144079,41.139666120264664],[1.098185146128332,41.13962636106717],[1.098182863800495,41.13958569987581],[1.09818594577617,41.13954494697508],[1.098194495553729,41.13950464451735],[1.098208259358389,41.13946532876406],[1.098227097313765,41.13942771800262],[1.09825028447859,41.13939216057675],[1.098277447993281,41.13935919078347],[1.098307865519054,41.13932906693506],[1.098340936407564,41.139301959275926],[1.098173105531904,41.13910391277856],[1.098097125297581,41.13902747388719],[1.097983927569648,41.13891523864419],[1.097609929162191,41.1385644510185],[1.097043163929338,41.13881550352574],[1.096314686223512,41.13908430608942],[1.094956893337639,41.13958705406212],[1.094475985049165,41.1389490405592],[1.09502390738406,41.13866156537136],[1.094000137328178,41.13755106074929],[1.094110873483779,41.1373967914099],[1.093319801009348,41.13688029270678],[1.093205629356787,41.13679490654242],[1.092637450643994,41.1371815704903],[1.092391216303464,41.13734918063575],[1.092050196665605,41.137082595165076],[1.091397729726864,41.13761071677755],[1.091343645429869,41.1376392762394],[1.090750416220746,41.13795228575499],[1.09064007531039,41.13787867014061],[1.090558897172992,41.13779779075374],[1.090434534666154,41.13762828384148],[1.090239987138573,41.13743032231985],[1.090132456028709,41.13707878315387],[1.090124002153317,41.136926417453815],[1.090152553611303,41.136734581317945],[1.090158190807406,41.13663045856453],[1.090176473647157,41.13650519753775],[1.090298587710096,41.13581436682917],[1.090561601839076,41.13603823206741],[1.090922918602785,41.13577624086421],[1.090987610126662,41.13572281643449],[1.091503620070932,41.135343764436676],[1.091530815691563,41.13527269527076],[1.091827521658495,41.13508169175293],[1.09189171229903,41.135041409384314],[1.092207885405848,41.1348404583862],[1.092221628248765,41.13483077747962],[1.092435092583996,41.135017248785196],[1.092647769988,41.13521037219286],[1.09290155719901,41.135073781798624],[1.093974764447592,41.13448865101068],[1.094009331838146,41.13445508393817],[1.094059070834828,41.13454787177005],[1.094099986017876,41.13461619369047],[1.094203815770624,41.134770765458775],[1.094363794023572,41.13501075453491],[1.094447031644908,41.13512760500677],[1.094502774325319,41.1351899565767],[1.094569220184137,41.13524473850986],[1.094639368734786,41.135295077840176],[1.094796697123906,41.13540009101052],[1.094829991374033,41.13541883592762],[1.094900380778517,41.135452605377715],[1.094950322245893,41.13548072270652],[1.095003682232871,41.13551835428501],[1.095037837668208,41.135544409394676],[1.095152766700522,41.13564070527384],[1.09521740162434,41.135696137628216],[1.096004714604606,41.135167197059864],[1.096017710005434,41.135232895688866],[1.096031021751854,41.13533715140787],[1.096039512909166,41.1354226821462],[1.096041640984249,41.13546451182073],[1.096039967349326,41.13553897577714],[1.096036167729108,41.135575663444236],[1.095993964103408,41.135881940616095],[1.095973161671503,41.13604120919432],[1.095953940423793,41.136162222221195],[1.095948951479409,41.13622771407497],[1.095949217827904,41.136272125175424],[1.095955063076123,41.136358512979065],[1.095963002429063,41.136426019712054],[1.095987957689959,41.136560282244126],[1.095993306821556,41.13661846855223],[1.096005847012536,41.13672469315582],[1.096225990177329,41.13705592725278],[1.096273018213054,41.13702623040468],[1.096338560672942,41.13710201155983],[1.096405460985715,41.137174184301166],[1.096529602301753,41.137302337029666],[1.096568466737451,41.137342791224384],[1.096813433926129,41.13760669782312],[1.096915327664803,41.137716060042266],[1.096958002680305,41.137761939216844],[1.097079653103735,41.13788978003538],[1.097131858161607,41.13794276728363],[1.097668466601638,41.13848029166528],[1.097816302228918,41.13862567766708],[1.098250889651008,41.1390451645406],[1.09833680094761,41.13912496953565],[1.098375175460006,41.139159624091036],[1.098457516894437,41.13923398332973],[1.098504272001178,41.13921574834176],[1.09855450892085,41.139200723332024],[1.098607735716743,41.139189440633906],[1.098663227466841,41.139182248592554],[1.098719899383108,41.13917957969735],[1.09877703693323,41.139181422170076],[1.098833563120479,41.13918793840891],[1.098888533019554,41.139198842618626],[1.098940996510788,41.139214029068995],[1.098990376320827,41.13923285772912],[1.099032675286947,41.13925346124398],[1.099555450043895,41.13856471871825],[1.10056094303554,41.13712900900352],[1.101261910567251,41.13629168699099],[1.101888545412162,41.13556095662547],[1.102440467133236,41.13495023403133],[1.103008689360337,41.13439373137326],[1.103521230831721,41.13391710729909],[1.104069250865139,41.133441063967034],[1.104743098755274,41.1329267318666],[1.105161396929698,41.132623656835634],[1.10614099752793,41.13202804668361],[1.106966908498973,41.13158978854268],[1.10766256596621,41.13126468331449],[1.108395492156239,41.13096909889209],[1.108649131866271,41.13088771353973],[1.108410632109167,41.13073200053546],[1.107833738914531,41.1303644030057],[1.107224976583278,41.12999916209813],[1.107165280382104,41.12997881657945],[1.107099181793748,41.12994080142595],[1.107057684974846,41.12990066783497],[1.107035750604024,41.12987211455923],[1.107000553467464,41.12981172745531],[1.106924444846851,41.12965762190709],[1.106892384415881,41.12957927131814],[1.106834602719463,41.12941339645621],[1.106814100946648,41.1293473956037],[1.106808715284005,41.12931506050417],[1.106808623692878,41.12929335101641],[1.106814883387681,41.129249587401276],[1.106826387461468,41.12920572970089],[1.106843083448909,41.12914700481368],[1.106849405897315,41.12911765416582],[1.106853405742531,41.12907376338702],[1.106851768770689,41.12905193846319],[1.106842743153174,41.12900945527145],[1.106834999877125,41.12898870110876],[1.106817872737224,41.12895869541083],[1.10670740355122,41.12882303156162],[1.106575572248389,41.12863891713863],[1.106501947950734,41.128539437298365],[1.106403180309043,41.128407027756474],[1.106355546437195,41.128340041006915],[1.106334881135475,41.12830880618743],[1.106297158922193,41.12824513472528],[1.106263164180872,41.128180263394476],[1.106199264670989,41.12804914664939],[1.106151873358085,41.12794883617962],[1.106108223089948,41.127863449421824],[1.106044787965615,41.12774522088524],[1.106008785317194,41.12768806293128],[1.105976021740955,41.12765500807482],[1.105533048347843,41.12780644595846],[1.105383393528844,41.127857312421625],[1.105377072868812,41.12777046674143],[1.104828110676395,41.1270914745087],[1.10424126318911,41.12650832702551],[1.103975416697385,41.126258324484205],[1.103378455400398,41.125733284678276],[1.102952482641701,41.12538498783059],[1.101868575936107,41.124507846592195],[1.101118508636117,41.12390659478696],[1.10048614712026,41.1234334708505],[1.100366190209082,41.12335916568789],[1.098666502603785,41.12230476449929],[1.098644672023986,41.122285218799604],[1.098627469538491,41.122262146387364],[1.098572839157582,41.12215729981826],[1.098499730580503,41.12216456183829],[1.098455823760338,41.1221587939487],[1.098317298501401,41.122080037161176],[1.09746717998671,41.12154674005581],[1.097392795144379,41.12150741172598],[1.097462190995218,41.12139344076957],[1.097535727702911,41.12125152483201],[1.097557731234975,41.12121135408649],[1.097687161542976,41.120994066508715],[1.097797463660982,41.12081222302536],[1.097908821093303,41.120630937275706],[1.098135662116351,41.120269784570944],[1.098242072428797,41.12011129588921],[1.098357890867086,41.119944585236865],[1.09841992269586,41.11986282908771],[1.098506546239262,41.119758509187875],[1.098688245108951,41.119554151911935],[1.098962768225851,41.11925341275996],[1.099073452877638,41.119136608216465],[1.099220209555235,41.118995627348795],[1.099500643643438,41.11875001990659],[1.09975189322144,41.11852924205041],[1.099868004123616,41.11843072118892],[1.10002597896582,41.11830127344462],[1.100132952687786,41.118209807805464],[1.100187054545968,41.1181551226391],[1.10021238825052,41.118127436506185],[1.100222932886002,41.118112837892404],[1.100233255361435,41.11808940829522],[1.100245300580875,41.118030967993576],[1.100254565701295,41.11798220998155],[1.100262755374044,41.117962528399026],[1.100271684889175,41.1179502451272],[1.100295191021512,41.117928113513834],[1.100314913002607,41.117913305712214],[1.100356310836905,41.11788615428937],[1.100456591887192,41.11782439287377],[1.100509912963428,41.11779680719053],[1.100646180966193,41.11773861058709],[1.100738810111417,41.11770266446936],[1.100926014243738,41.117633506281344],[1.101071135290615,41.117578067068514],[1.101121116864615,41.1175630365954],[1.10114689954774,41.117556975580655],[1.101450672289078,41.11749739146217],[1.101712667569239,41.11744504570333],[1.102121580308932,41.117365842051434],[1.102164050749877,41.11735933473525],[1.102228170416516,41.117353814055505],[1.102302681080101,41.11735558017024],[1.102451712612567,41.11737118244081],[1.102603661008552,41.11738476077172],[1.102653220010269,41.11739269174452],[1.10267747541327,41.11739831498673],[1.102743680866653,41.117415527162606],[1.102817630123656,41.11740368242256],[1.102832446882406,41.11740203450942],[1.102862346946504,41.117401895677304],[1.102922931224699,41.11740748574381],[1.102953139262907,41.11740906337289],[1.103061639265593,41.11740931617802],[1.103184226186538,41.11740844937115],[1.103245398011142,41.11740603227406],[1.1033106124131,41.11739971831662],[1.103396948104083,41.11738789669211],[1.103440215580755,41.11738266305411],[1.103601313005099,41.11736801692017],[1.10364376520819,41.11736213928068],[1.103727155537867,41.11734504465648],[1.10384707898646,41.11731251711891],[1.103950009052543,41.11728277271459],[1.104000740318966,41.11726649225965],[1.104180017963563,41.11720359378985],[1.104548867469293,41.11707184005117],[1.105076232665605,41.11687837546536],[1.105213333668911,41.11682829382695],[1.105280914822475,41.116801750792014],[1.105358647493464,41.116898686818175],[1.106868393354103,41.1179757246226],[1.106998652560355,41.118068657431785],[1.108477752420144,41.1191238236219],[1.108736535764364,41.119308215823715],[1.108854195160724,41.119392112657096],[1.109970560546769,41.1202343212166],[1.110237495586171,41.120475410560736],[1.110541473505104,41.120749893193654],[1.110776752512809,41.12098181564751],[1.111086171994772,41.12131601545024],[1.111329118196107,41.12160895285253],[1.111548005535571,41.12189771277727],[1.111606981105441,41.12189309351151],[1.111811625035192,41.12218432202854],[1.111918847269023,41.122350193093254],[1.112021496739336,41.122517700643066],[1.112119581147678,41.122686574591675],[1.112212981402127,41.12285681300176],[1.112301583561659,41.12302823387055],[1.112385509231764,41.123200749123846],[1.112452571398022,41.12334650642686],[1.11312261269356,41.124816588106256],[1.113141109912829,41.12485706397179],[1.11333827098931,41.12528967473454],[1.113537565521541,41.125726913841476],[1.113724868974761,41.126137834857765],[1.113490171538281,41.12624695085979],[1.113418065327,41.12629819519086],[1.113360412640795,41.12634805450221],[1.113305840042589,41.12641516842649],[1.113220249638293,41.12647970331173],[1.113143711661715,41.12653177573187],[1.113063911754167,41.126581272654775],[1.112952793191977,41.12664286769317],[1.112836822928677,41.12669915892378],[1.11274708919913,41.12673777423188],[1.112655307440747,41.126773023199526],[1.11253430780529,41.12681355884314],[1.112491567654732,41.12681682284892],[1.112350793520576,41.126849018109766],[1.112250325570824,41.126892231345344],[1.112154582146504,41.12694101636255],[1.112025568212279,41.12700348861804],[1.11185885586159,41.127067865817445],[1.111687856248061,41.12710722190811],[1.111596509656223,41.12711059070642],[1.111471240103493,41.127104666863424],[1.111377575120073,41.12709331536089],[1.111272317739965,41.127070784879926],[1.111151634131179,41.12703367985399],[1.111019018111277,41.1270222307539],[1.110903251606424,41.12702141600592],[1.11085930857334,41.12703339695123],[1.110762333243606,41.12707108144308],[1.110705847962489,41.12712167911981],[1.110545451230035,41.12724830936703],[1.110481116334315,41.12741488462694],[1.110013210927806,41.128075123566106],[1.10979780012449,41.128180044175124],[1.109782179447063,41.12810574685794],[1.10959688704766,41.128140722191006],[1.109560673117153,41.12813238233905],[1.109277682772361,41.12820106540749],[1.109281772004037,41.12822464191337],[1.109204928155583,41.12827058158294],[1.109157963120512,41.128313137722344],[1.109102615635571,41.12837798503477],[1.109000055677347,41.12853555591719],[1.108952790244826,41.12861350638291],[1.108839912744566,41.128852515613985],[1.108812072822714,41.128950961182845],[1.108787756330563,41.12902208181387],[1.108793464025686,41.12905568315149],[1.108820666527236,41.12908333164037],[1.108881237288069,41.12910224944382],[1.108892669592122,41.12911901058672],[1.10888616055627,41.12916736404235],[1.108871369951331,41.12920540330289],[1.108820874069518,41.12925889051862],[1.108706964382744,41.12935520444102],[1.108572150224396,41.129465947746866],[1.108403949001817,41.129586051652645],[1.108350167149733,41.129633629923546],[1.1083169838461,41.12973973415447],[1.10828503512896,41.12980694637905],[1.108236005766471,41.129933868197504],[1.108157358790991,41.13003841615305],[1.10809902597992,41.13009096384658],[1.108033860790406,41.1301975669163],[1.108960278919861,41.13078797292948],[1.110050197294407,41.13043856769781],[1.11109957635041,41.130186611755114],[1.11171254390444,41.130081261081784],[1.112567818140108,41.129951047872034],[1.113063458246607,41.12990126111852],[1.113561939816043,41.129851922741274],[1.114771509577412,41.129775586000164],[1.115598575155766,41.12980675342315],[1.117421272542044,41.12991938080598],[1.11935006237777,41.130151076257874],[1.120128156837413,41.13027091924273],[1.120227033689784,41.130067803748695],[1.120386257826683,41.129761057885496],[1.120631493836161,41.12935987790671],[1.12080453729689,41.129080515052436],[1.120906083924432,41.12892550583485],[1.121025647614055,41.12868364592827],[1.121110922419975,41.128542214463586],[1.121195113219318,41.12835722629281],[1.121231727256234,41.128159575769054],[1.121294693973856,41.12803937360213],[1.119092521279554,41.1234357863768],[1.119121958800602,41.1229269852788],[1.119142347120693,41.12269158695247],[1.119183704264874,41.122419074760295],[1.119260626231041,41.12212354759578],[1.11930497563409,41.12183594188371],[1.120820460687995,41.12278393681363],[1.123069182369638,41.12174602612474],[1.123645604729788,41.12183288238794],[1.125257950660985,41.11963161262974],[1.126117624090095,41.117591016996954],[1.126346491387385,41.115449178798954],[1.126760768440507,41.11373910740709],[1.125670892934645,41.11365922468413],[1.12627964222083,41.11089034641592],[1.126622427229922,41.10955742214662],[1.127960450903645,41.10781732905331],[1.126635557546329,41.10616364417869],[1.126718227668301,41.103004287507105],[1.124074377235144,41.10217671109278],[1.112093495636179,41.105305585799925],[1.111031671138685,41.10620512936557],[1.112879306515114,41.10697402408461],[1.110067901610487,41.10913040714157],[1.107192629840382,41.11129343037556],[1.103446327590311,41.11376017377333],[1.101283104108592,41.11369030296926],[1.094721621036062,41.11814688031319],[1.094942590048952,41.12047263568252],[1.092431888574306,41.12429073251115],[1.090974409027315,41.12612119709367],[1.088584349055729,41.12872250943834],[1.085801304606427,41.13045163251752],[1.087707495706757,41.13155517571682],[1.086411873696314,41.13272532596464],[1.087039135780925,41.13303208898715],[1.086956146203467,41.134452970037565],[1.088044819310591,41.13651211392651],[1.088838679021968,41.13777100676519],[1.08846771408039,41.13942670356393],[1.086362618050105,41.14171383172767],[1.085373592084901,41.14275880451291]]]]}},{"type":"Feature","id":"431233--barri--riudoms-falset","properties":{"name":"RIUDOMS-FALSET","officialName":"RIUDOMS-FALSET","municipality":"Reus","kind":"barri","quality":"official","code":"75"},"geometry":{"type":"MultiPolygon","coordinates":[[[[1.059945779458968,41.16465142829912],[1.061705903661951,41.16388102009547],[1.06265849287114,41.163422786289054],[1.063098277987682,41.1632008446616],[1.063310241924587,41.1630939735452],[1.065171975049911,41.162161339588565],[1.067053713371395,41.16116658914768],[1.069367459482086,41.159825499380204],[1.070609938253313,41.15904886552812],[1.071958354571707,41.15810068659454],[1.073665666464786,41.15679089403931],[1.075344500552994,41.155515278837726],[1.07688038833317,41.15442307807985],[1.077994630597854,41.15370133163557],[1.078990781711432,41.15311334915768],[1.080250048850827,41.15245569647745],[1.082765278783547,41.15125135566969],[1.083103310951401,41.15109330908018],[1.083079674954991,41.151061930771085],[1.083059214433968,41.151027903005925],[1.083042633575568,41.150991597785946],[1.083030522691329,41.150953205071644],[1.083023220774165,41.15091336101727],[1.083021310274567,41.150872525674366],[1.083024891960619,41.15083133123696],[1.083034185710673,41.15079041187772],[1.083048934961028,41.1507503938505],[1.083068999641168,41.150711995418526],[1.083093890207908,41.15067565881429],[1.083122992772854,41.15064200435186],[1.083155703925921,41.150611292223],[1.083191182039236,41.150583778661066],[1.083228945436839,41.150559635807625],[1.083268041241206,41.15053884782634],[1.083239456522183,41.15049324567084],[1.083215163614527,41.15045987483975],[1.083187343220542,41.15042896746069],[1.083169755663585,41.150414983918985],[1.083147126218583,41.150402267699896],[1.08313074540213,41.15039596050984],[1.083095769094371,41.15038574132019],[1.083058588587672,41.150377557194126],[1.083039832088501,41.15037508369863],[1.083011968248116,41.15037435039931],[1.082989253577507,41.15037685526609],[1.082974260092036,41.150380209045906],[1.082944771762882,41.150390257630974],[1.082918963988494,41.15040487108803],[1.082891853735108,41.15042738941748],[1.082881826065008,41.150440283505766],[1.082831229176349,41.15052870603803],[1.082789081376733,41.150601145707796],[1.082771524501367,41.15063526221497],[1.082767184013675,41.1506451883007],[1.082707779693717,41.15062672650773],[1.082695125335801,41.15061931023313],[1.082676556285857,41.15059810436974],[1.082559494137619,41.15048068339757],[1.08244502784579,41.15036825953936],[1.082371012713955,41.15028677299026],[1.082211256672557,41.15012135293895],[1.081985266965797,41.14988556430352],[1.081783624333107,41.14968539911617],[1.081573485137307,41.14946194320265],[1.081480049038629,41.149359956459556],[1.081304742153094,41.14917626166389],[1.081141175094273,41.149002760132575],[1.081079737952545,41.14893958690066],[1.080952500147645,41.14881577989267],[1.080737495116648,41.148616381375064],[1.080541980518599,41.1484392848902],[1.080333472172206,41.14824602869758],[1.08011334715438,41.14803843713057],[1.080060928876523,41.147992977932056],[1.079951233909051,41.147905221261716],[1.079829579384992,41.14781078005821],[1.079718525534953,41.14771651520504],[1.079679470615812,41.14767866438543],[1.079675982981241,41.1476715805371],[1.079677121007461,41.1476611508789],[1.079680113303507,41.147656606912186],[1.079715975232536,41.14762000330673],[1.079744838823443,41.147558409825585],[1.078909689961383,41.14702205544861],[1.06621300526539,41.15590691332566],[1.061416973347638,41.15899323257615],[1.06152578151251,41.160719960377875],[1.06006557200127,41.16177714331654],[1.060467915593069,41.16345116974072],[1.059945779458968,41.16465142829912]]]]}},{"type":"Feature","id":"431233--barri--sant-jordi","properties":{"name":"SANT JORDI","officialName":"SANT JORDI","municipality":"Reus","kind":"barri","quality":"official","code":"8"},"geometry":{"type":"MultiPolygon","coordinates":[[[[1.107353553899406,41.159221862230524],[1.107442109872036,41.15929645552839],[1.108688273544319,41.160131706866956],[1.108798440061534,41.16022998269],[1.109933395780588,41.160987734838024],[1.110659966839843,41.16147369885489],[1.111020686346815,41.16169200183203],[1.11107161781132,41.16183200055831],[1.111132976376185,41.16177878070576],[1.111190078744543,41.161770077853014],[1.111285374338674,41.161771998611385],[1.111236275331915,41.16145998825019],[1.111218880133493,41.161301803317244],[1.111170361453369,41.160903060943895],[1.111107306620819,41.16019656709362],[1.111222272189052,41.159903096321166],[1.111359101633376,41.15955368701453],[1.111386494262826,41.15948369747926],[1.111514886579471,41.15902525005166],[1.111575070591073,41.15880915645951],[1.111826845085861,41.15826643740435],[1.112039662574439,41.15787692694393],[1.112272451015366,41.15750575774638],[1.112609142347253,41.156573594188124],[1.112477540399916,41.156487221300566],[1.11195796144202,41.155990875522036],[1.111907057415756,41.15603715115275],[1.111331182275457,41.15649475852195],[1.111126304267016,41.15665723045767],[1.110949141135041,41.15653056712828],[1.11045816930982,41.15686561828695],[1.109909901866335,41.15723683906037],[1.109791626014669,41.157288405020594],[1.109406605172552,41.15756492811337],[1.108946004828403,41.1578959667748],[1.108613071942768,41.15814298608178],[1.108348139213351,41.158337795669176],[1.10804297541108,41.1585639211],[1.107735131833597,41.15879198337329],[1.107527533765282,41.158944856269585],[1.107444191198127,41.15900410878518],[1.107353553899406,41.159221862230524]]]]}},{"type":"Feature","id":"431233--barri--niloga","properties":{"name":"NILOGA","officialName":"NILOGA","municipality":"Reus","kind":"barri","quality":"official","code":"9"},"geometry":{"type":"MultiPolygon","coordinates":[[[[1.102946657665256,41.16285863079821],[1.103065373679327,41.16288751543586],[1.103294730968151,41.16303531576687],[1.103684649201308,41.16329042162808],[1.104146217683158,41.16352022209763],[1.104562764145554,41.16372829360846],[1.105090811526809,41.16393450243081],[1.105610892884538,41.164111123765466],[1.106078416193761,41.16422130580028],[1.10649563412719,41.16431931077998],[1.10712626547985,41.16439046177035],[1.107645942321337,41.164444566472056],[1.108384266140741,41.164468026666206],[1.109046361457516,41.16449788874629],[1.110376351993797,41.164542473969256],[1.110348425098494,41.16431935312829],[1.110502656570501,41.16426963676705],[1.110661171713926,41.16419107655802],[1.110829511473463,41.16406917121969],[1.11097973008144,41.16393075550354],[1.111123594441561,41.16367306739497],[1.111243134004377,41.16331175576302],[1.111387873898477,41.16291951078923],[1.111432454707555,41.16279882072912],[1.111457451309618,41.16255053516223],[1.111430511459502,41.16244254548279],[1.11142234613381,41.162340718022705],[1.111437848256799,41.162253149502575],[1.11156467657304,41.162078140149816],[1.111580855659724,41.16192536896647],[1.111474186164803,41.16180049108994],[1.111285374338674,41.161771998611385],[1.111190078744543,41.161770077853014],[1.111132976376185,41.16177878070576],[1.11107161781132,41.16183200055831],[1.111020686346815,41.16169200183203],[1.110659966839843,41.16147369885489],[1.109933395780588,41.160987734838024],[1.108798440061534,41.16022998269],[1.108688273544319,41.160131706866956],[1.107442109872036,41.15929645552839],[1.107353553899406,41.159221862230524],[1.10710599853178,41.15943379789549],[1.106757941342979,41.159455918438795],[1.106473098874214,41.15967480187315],[1.106243433539615,41.159857760268814],[1.106137586873677,41.159949339269716],[1.105587145664249,41.160446045899704],[1.105329380323619,41.16068746518807],[1.104687367813254,41.16127005594545],[1.10439682542808,41.16153388257241],[1.104003841211628,41.16189492598376],[1.103893129463144,41.16199380896617],[1.103691960444176,41.16217524388214],[1.103194791014544,41.162635679804524],[1.103090680151292,41.162729583027925],[1.102946657665256,41.16285863079821]]]]}}]}
