{
  "type": "FeatureCollection",
  "municipality": "Sant Andreu de Llavaneres",
  "source": {
    "organization": "Diputació de Barcelona",
    "title": "Límits d’urbanitzacions i nuclis de població · referencia territorial",
    "official": true,
    "accessedAt": "2026-08-12"
  },
  "features": [
    {
      "type": "Feature",
      "id": "081976--zone--diba-709",
      "properties": {
        "name": "Roca Nao Supermaresme",
        "officialName": "Roca Nao Supermaresme",
        "municipality": "Sant Andreu de Llavaneres",
        "kind": "zone",
        "quality": "official",
        "sourceCategory": "Nucli/urbanització DIBA · LIMIT_PPU",
        "code": "709"
      },
      "geometry": {
        "bbox": [
          2.490553932331569,
          41.58453184650108,
          2.4962557728959607,
          41.595606026465454
        ],
        "type": "Polygon",
        "coordinates": [
          [
            [
              2.491787981543162,
              41.58522152055052
            ],
            [
              2.4917715117909096,
              41.58518819107923
            ],
            [
              2.491769284165778,
              41.585186478856826
            ],
            [
              2.491743898983454,
              41.5851663605773
            ],
            [
              2.491590758514626,
              41.58504543544293
            ],
            [
              2.4913629536143955,
              41.58486554964364
            ],
            [
              2.4912067548530388,
              41.5847420875249
            ],
            [
              2.491186127357207,
              41.584725874113424
            ],
            [
              2.4910157890211218,
              41.584601270086125
            ],
            [
              2.4909229947474927,
              41.584533481208986
            ],
            [
              2.4909229658284673,
              41.58453349729405
            ],
            [
              2.490887430282819,
              41.584554495340754
            ],
            [
              2.490860791511999,
              41.58457031936154
            ],
            [
              2.4907622824052402,
              41.584628609645854
            ],
            [
              2.4907509730439914,
              41.5846353051051
            ],
            [
              2.490710514702175,
              41.58465924558746
            ],
            [
              2.4907021331658536,
              41.5846641885844
            ],
            [
              2.490697355070742,
              41.58466155530826
            ],
            [
              2.490643732627961,
              41.584630514673876
            ],
            [
              2.4906163640119674,
              41.584678131096126
            ],
            [
              2.4906044866073036,
              41.58473923699086
            ],
            [
              2.490634563672479,
              41.584880965553275
            ],
            [
              2.4906605396219117,
              41.58505636135301
            ],
            [
              2.4906804385057884,
              41.585165437561095
            ],
            [
              2.4906832641971617,
              41.58524858814857
            ],
            [
              2.4906381366013015,
              41.58538818027128
            ],
            [
              2.490572541741244,
              41.585537230301945
            ],
            [
              2.4905448732672286,
              41.58568428750561
            ],
            [
              2.490548445963305,
              41.585809593650644
            ],
            [
              2.490568316274092,
              41.58592200333025
            ],
            [
              2.4906456400154657,
              41.58609762660553
            ],
            [
              2.49074393629118,
              41.5862604641176
            ],
            [
              2.490818732718657,
              41.5863758174002
            ],
            [
              2.4908891811784937,
              41.58651015943217
            ],
            [
              2.4909140161878587,
              41.58664753847319
            ],
            [
              2.49093006251209,
              41.586758128787174
            ],
            [
              2.490943718994809,
              41.58685222610355
            ],
            [
              2.4909435906326625,
              41.587143790111156
            ],
            [
              2.490908583543345,
              41.58733909295691
            ],
            [
              2.4908333518330243,
              41.58759934024247
            ],
            [
              2.490763259363986,
              41.58781682568151
            ],
            [
              2.490683797226355,
              41.58803526126355
            ],
            [
              2.4906509009706026,
              41.58820607266772
            ],
            [
              2.4906602478819897,
              41.58839067398926
            ],
            [
              2.4906826040799044,
              41.58846183950479
            ],
            [
              2.4906974998752442,
              41.588505411516195
            ],
            [
              2.49069845520004,
              41.58850613542911
            ],
            [
              2.4907225449878467,
              41.58852434765659
            ],
            [
              2.490723541738701,
              41.588545905573156
            ],
            [
              2.4907254739918234,
              41.588589945280866
            ],
            [
              2.4907889648017503,
              41.58862885418433
            ],
            [
              2.491093067270581,
              41.58881520460815
            ],
            [
              2.4911240440610642,
              41.58883417141949
            ],
            [
              2.4916171816910797,
              41.589136306878984
            ],
            [
              2.4916780785377313,
              41.5891736743844
            ],
            [
              2.4917733603285885,
              41.58923210874272
            ],
            [
              2.4919061914046385,
              41.58930682477816
            ],
            [
              2.4919716512505534,
              41.58934359349292
            ],
            [
              2.491989570523974,
              41.58934980392105
            ],
            [
              2.491963362147081,
              41.58947930634654
            ],
            [
              2.492075567592952,
              41.58960616690677
            ],
            [
              2.4921046682064225,
              41.589717943285144
            ],
            [
              2.49210468952658,
              41.589717978507686
            ],
            [
              2.4921122484980747,
              41.58972880981552
            ],
            [
              2.492134189658484,
              41.58976027005417
            ],
            [
              2.4921564891622907,
              41.589792242583556
            ],
            [
              2.492167558839231,
              41.58980811365017
            ],
            [
              2.4922599076494416,
              41.58986681026789
            ],
            [
              2.4922746576395856,
              41.58987618532064
            ],
            [
              2.492275132042745,
              41.589877042205586
            ],
            [
              2.492275916977066,
              41.589878539077326
            ],
            [
              2.4923119209428113,
              41.5899469191326
            ],
            [
              2.4923288394755407,
              41.58997904981334
            ],
            [
              2.4923328033988654,
              41.58998657937971
            ],
            [
              2.4923429301060227,
              41.59000582038861
            ],
            [
              2.492373870331515,
              41.59007368176353
            ],
            [
              2.4923894447805086,
              41.590107851150535
            ],
            [
              2.492401968928259,
              41.59013533628418
            ],
            [
              2.492404391120413,
              41.5901620120998
            ],
            [
              2.492418706712291,
              41.59032564551841
            ],
            [
              2.4924041314073633,
              41.59040943884911
            ],
            [
              2.492398458008323,
              41.59045976804003
            ],
            [
              2.492398424386728,
              41.590459771494494
            ],
            [
              2.4923985214910327,
              41.59046039432552
            ],
            [
              2.4923987289046377,
              41.59046194539231
            ],
            [
              2.4923883539801697,
              41.59056259635347
            ],
            [
              2.492369384788013,
              41.590746561732665
            ],
            [
              2.4923590359720733,
              41.59084693087386
            ],
            [
              2.492461336094519,
              41.59095974729764
            ],
            [
              2.4925427720040747,
              41.59104955434733
            ],
            [
              2.4925523311537905,
              41.59106009721247
            ],
            [
              2.4925596146912947,
              41.59106813321831
            ],
            [
              2.492562517191608,
              41.59107133189968
            ],
            [
              2.4925690787180046,
              41.591078566674256
            ],
            [
              2.492565755435776,
              41.59108865185683
            ],
            [
              2.49256225039595,
              41.591099271268824
            ],
            [
              2.4925580361840516,
              41.59111204569219
            ],
            [
              2.492542404445703,
              41.59115945220821
            ],
            [
              2.4925290069256287,
              41.59120009511761
            ],
            [
              2.492512344030918,
              41.591250625301576
            ],
            [
              2.4924956098225213,
              41.59130137224302
            ],
            [
              2.492320703958974,
              41.59125692560055
            ],
            [
              2.4921883894954315,
              41.59122319451518
            ],
            [
              2.491792758868212,
              41.59112254478262
            ],
            [
              2.491780834566666,
              41.59111863425999
            ],
            [
              2.4917808002061324,
              41.591130969561966
            ],
            [
              2.4917817266169857,
              41.59113538631778
            ],
            [
              2.4917973582184425,
              41.59120769460607
            ],
            [
              2.4918062705585027,
              41.59124898728843
            ],
            [
              2.4918202796538127,
              41.591298858501766
            ],
            [
              2.4918215698687183,
              41.59130354888465
            ],
            [
              2.491821918719934,
              41.5913048105434
            ],
            [
              2.4919351014119773,
              41.59176109651748
            ],
            [
              2.491947063538241,
              41.59180931844212
            ],
            [
              2.491947544145495,
              41.59180923229468
            ],
            [
              2.492317888070519,
              41.591738360634764
            ],
            [
              2.4925052872828477,
              41.59175530559338
            ],
            [
              2.492528593553414,
              41.59176316912916
            ],
            [
              2.4927588648480854,
              41.591840848850445
            ],
            [
              2.492801588357773,
              41.59185526161132
            ],
            [
              2.4928019283857026,
              41.59185535408477
            ],
            [
              2.492858070042321,
              41.59187431163759
            ],
            [
              2.4928157052599764,
              41.59195140710911
            ],
            [
              2.4927732080043468,
              41.591942415925196
            ],
            [
              2.4925142135888683,
              41.592418668049014
            ],
            [
              2.4925536072682863,
              41.592428101397694
            ],
            [
              2.492726960217102,
              41.59247270566205
            ],
            [
              2.4929587828089383,
              41.59253235116779
            ],
            [
              2.4930029632597828,
              41.59254371861628
            ],
            [
              2.4929996555075182,
              41.59255043786194
            ],
            [
              2.493013493555897,
              41.59255377843016
            ],
            [
              2.493023926897722,
              41.592556295130805
            ],
            [
              2.4932709677394262,
              41.59261593415371
            ],
            [
              2.493289821293378,
              41.59262048575337
            ],
            [
              2.493476745057596,
              41.592665608968105
            ],
            [
              2.4935013734006466,
              41.59267155417854
            ],
            [
              2.4935057026798355,
              41.592672598277844
            ],
            [
              2.493512325324359,
              41.592674197419726
            ],
            [
              2.493759702386656,
              41.59273391793884
            ],
            [
              2.493769450751058,
              41.59273627122636
            ],
            [
              2.493771467743165,
              41.5927371862384
            ],
            [
              2.493792015440804,
              41.592746512761124
            ],
            [
              2.493814515587433,
              41.59275672338259
            ],
            [
              2.493929340690935,
              41.592808831497884
            ],
            [
              2.493985325263494,
              41.592834223498556
            ],
            [
              2.4939970875636006,
              41.59283957694364
            ],
            [
              2.4940080905413233,
              41.59284460008196
            ],
            [
              2.494058067367913,
              41.592867247213626
            ],
            [
              2.494139608051701,
              41.59290426558713
            ],
            [
              2.4941354890775886,
              41.59291961926381
            ],
            [
              2.494020173613116,
              41.59334939159722
            ],
            [
              2.494044198532836,
              41.59347029195777
            ],
            [
              2.4940614120766864,
              41.59355690770882
            ],
            [
              2.494108544450505,
              41.593573580390526
            ],
            [
              2.494103452502724,
              41.59372367756182
            ],
            [
              2.4941034522214056,
              41.59372371358964
            ],
            [
              2.4941026901800725,
              41.59374601132278
            ],
            [
              2.4941023764275556,
              41.59378619315062
            ],
            [
              2.492922587366674,
              41.594840064352766
            ],
            [
              2.492877806434252,
              41.594878234171695
            ],
            [
              2.4927222580916144,
              41.59501077527299
            ],
            [
              2.4926625262415003,
              41.59506167025108
            ],
            [
              2.4926067875314715,
              41.59508529441903
            ],
            [
              2.49257487974199,
              41.59509713055273
            ],
            [
              2.492589042401423,
              41.595108575536955
            ],
            [
              2.4927510823906633,
              41.59523965988756
            ],
            [
              2.49282428623408,
              41.59529887772547
            ],
            [
              2.492878202840497,
              41.595342492732506
            ],
            [
              2.492882854062098,
              41.59534627017757
            ],
            [
              2.4928828851666416,
              41.59534628202421
            ],
            [
              2.492890985272085,
              41.595351236618335
            ],
            [
              2.4931718639144655,
              41.595523017774745
            ],
            [
              2.4931755467559764,
              41.5955252732153
            ],
            [
              2.4932270136939634,
              41.59555675708737
            ],
            [
              2.493227048412331,
              41.59555676714837
            ],
            [
              2.493303764669557,
              41.59559303434637
            ],
            [
              2.493303806509627,
              41.595593054346736
            ],
            [
              2.493312875316498,
              41.59558308634648
            ],
            [
              2.4933563925249245,
              41.59553715103817
            ],
            [
              2.493391842048722,
              41.595499746069116
            ],
            [
              2.49363304378248,
              41.595245126725956
            ],
            [
              2.493635029184159,
              41.595243031373954
            ],
            [
              2.4936853537799237,
              41.595189923712915
            ],
            [
              2.4937338684596564,
              41.59513870949242
            ],
            [
              2.4938619343337463,
              41.595003514096895
            ],
            [
              2.493994233985878,
              41.594863874090066
            ],
            [
              2.494010807866689,
              41.59484637836808
            ],
            [
              2.4942083424255275,
              41.59463784401022
            ],
            [
              2.4942462797261786,
              41.5945977988777
            ],
            [
              2.4944469630375727,
              41.59438595877377
            ],
            [
              2.4944470089968074,
              41.59438591213808
            ],
            [
              2.494554278361167,
              41.59427267067926
            ],
            [
              2.494682551238022,
              41.59413726178308
            ],
            [
              2.4946825227019955,
              41.59413722833079
            ],
            [
              2.494734434320163,
              41.59408241309124
            ],
            [
              2.4947344797381192,
              41.59408243580899
            ],
            [
              2.494761281033872,
              41.5940353834496
            ],
            [
              2.494773346575505,
              41.5940141955409
            ],
            [
              2.4947934224410067,
              41.59397900500913
            ],
            [
              2.4947997919465332,
              41.59396754153037
            ],
            [
              2.4948036980431327,
              41.59396055014209
            ],
            [
              2.494813381765253,
              41.593943215879165
            ],
            [
              2.4948200740136093,
              41.593931292645415
            ],
            [
              2.4948400475235473,
              41.59389552699171
            ],
            [
              2.494844411157968,
              41.59388771524905
            ],
            [
              2.4948455913878362,
              41.593885617238506
            ],
            [
              2.494850958438436,
              41.59387607060161
            ],
            [
              2.4948509742257907,
              41.59387604635138
            ],
            [
              2.4948551314784453,
              41.59387808404591
            ],
            [
              2.494855273717092,
              41.593878154026804
            ],
            [
              2.494860736265125,
              41.593880827964746
            ],
            [
              2.4948636524310044,
              41.59388230445785
            ],
            [
              2.494866615846715,
              41.59388372261124
            ],
            [
              2.4948742915717697,
              41.59388739436928
            ],
            [
              2.494885629628618,
              41.59389287015909
            ],
            [
              2.494914349562768,
              41.593906736016216
            ],
            [
              2.494957476069773,
              41.59392756201495
            ],
            [
              2.495014058901498,
              41.593954883693996
            ],
            [
              2.495043542324507,
              41.59396901678511
            ],
            [
              2.4950442713486964,
              41.593969388384146
            ],
            [
              2.4950672243103083,
              41.59398038888345
            ],
            [
              2.4951270488206503,
              41.59400838587694
            ],
            [
              2.4951718851718447,
              41.594029379632836
            ],
            [
              2.495180511708212,
              41.59403345186497
            ],
            [
              2.4951805230611033,
              41.594033380757445
            ],
            [
              2.495180558922647,
              41.59403339802869
            ],
            [
              2.495189396898136,
              41.59397922661463
            ],
            [
              2.495200641331136,
              41.59391063882991
            ],
            [
              2.495225957106959,
              41.59380609997883
            ],
            [
              2.4952448484311534,
              41.59372824305793
            ],
            [
              2.4952825369266236,
              41.59357258373453
            ],
            [
              2.49529158489725,
              41.5935353333774
            ],
            [
              2.4952941911222988,
              41.593524535199656
            ],
            [
              2.4952966695482526,
              41.59351427779743
            ],
            [
              2.495303353047791,
              41.59348651702182
            ],
            [
              2.4953066125868486,
              41.59347302403571
            ],
            [
              2.4953118930433793,
              41.593450859619274
            ],
            [
              2.4953411896728035,
              41.59332766975063
            ],
            [
              2.4953600749299403,
              41.59324824461246
            ],
            [
              2.495361578395256,
              41.59324192270686
            ],
            [
              2.4954150611690125,
              41.59322369255177
            ],
            [
              2.4954145149009768,
              41.59322296506942
            ],
            [
              2.4954029669218167,
              41.59320763175912
            ],
            [
              2.4953777706223224,
              41.59317519499584
            ],
            [
              2.4953777805715887,
              41.59317515000319
            ],
            [
              2.4953671123488044,
              41.59316147968891
            ],
            [
              2.4953445746565692,
              41.59313247104327
            ],
            [
              2.4953248666430357,
              41.593107107444595
            ],
            [
              2.4952930531402333,
              41.593089777424524
            ],
            [
              2.4951668913089695,
              41.593021054729746
            ],
            [
              2.495141315839272,
              41.593007122577355
            ],
            [
              2.4951302653303036,
              41.59300110133374
            ],
            [
              2.495125986874561,
              41.592998764075425
            ],
            [
              2.495123855347323,
              41.592997608090194
            ],
            [
              2.4950466761803924,
              41.59295556820385
            ],
            [
              2.495021177227415,
              41.592941677794144
            ],
            [
              2.4950197757337635,
              41.59294091682952
            ],
            [
              2.495505979570615,
              41.592552230554645
            ],
            [
              2.4955693364761427,
              41.592535845105765
            ],
            [
              2.4956948893458453,
              41.592498834694574
            ],
            [
              2.4957628708813737,
              41.59247436288394
            ],
            [
              2.4958770557501713,
              41.59243325004551
            ],
            [
              2.4959184615147474,
              41.5924162277142
            ],
            [
              2.495994526868275,
              41.59238611753126
            ],
            [
              2.4960477209340466,
              41.59236509265898
            ],
            [
              2.496094802394462,
              41.59234368068046
            ],
            [
              2.49614310292138,
              41.59231948357373
            ],
            [
              2.4961537031615713,
              41.59231412656908
            ],
            [
              2.4961705673756627,
              41.59230573274158
            ],
            [
              2.4961775587114983,
              41.59230189115496
            ],
            [
              2.496201174895568,
              41.59228911425093
            ],
            [
              2.4962126284981694,
              41.592281868553364
            ],
            [
              2.496226010884744,
              41.59227345946068
            ],
            [
              2.4962311964162316,
              41.59227024046684
            ],
            [
              2.496255431383775,
              41.592255034300756
            ],
            [
              2.496261868243027,
              41.59224488339098
            ],
            [
              2.4962647897630132,
              41.59223949273182
            ],
            [
              2.4962718751187505,
              41.59222340166786
            ],
            [
              2.4962738410223695,
              41.592217463683305
            ],
            [
              2.4962768031535005,
              41.59220684898671
            ],
            [
              2.4962776696334257,
              41.59220342822
            ],
            [
              2.4962781689435465,
              41.59220109031958
            ],
            [
              2.4962805498035108,
              41.59218776819373
            ],
            [
              2.4962814381695515,
              41.59218137782684
            ],
            [
              2.4962819689964024,
              41.59217498589344
            ],
            [
              2.4962822775842777,
              41.592166159222685
            ],
            [
              2.496282565851639,
              41.59215994637191
            ],
            [
              2.4962823763155892,
              41.59215345940825
            ],
            [
              2.4962814968045732,
              41.59214327734273
            ],
            [
              2.496281170677491,
              41.59213877228018
            ],
            [
              2.4962805992816484,
              41.592135257843154
            ],
            [
              2.496279803539553,
              41.59212957977831
            ],
            [
              2.49627726132323,
              41.59211704853836
            ],
            [
              2.4962756287342707,
              41.59211082547021
            ],
            [
              2.49627141030206,
              41.59209783742337
            ],
            [
              2.4962696456300044,
              41.592093325157215
            ],
            [
              2.4962642526222867,
              41.592077088446814
            ],
            [
              2.4962492418958697,
              41.59203243670316
            ],
            [
              2.496245246425185,
              41.592021791521695
            ],
            [
              2.496243364779564,
              41.5920167383065
            ],
            [
              2.4962427922010053,
              41.59201322206262
            ],
            [
              2.4962426797170134,
              41.5920124118164
            ],
            [
              2.496235294688319,
              41.591990042334864
            ],
            [
              2.4962289581857195,
              41.591971547870045
            ],
            [
              2.496227316279305,
              41.59196667855257
            ],
            [
              2.496225324260856,
              41.5919605439813
            ],
            [
              2.496218993637011,
              41.59194160278115
            ],
            [
              2.4961649399633017,
              41.59177959358361
            ],
            [
              2.4961271872182857,
              41.591666207675715
            ],
            [
              2.496118045621458,
              41.59163860537077
            ],
            [
              2.496112180687473,
              41.591621194738146
            ],
            [
              2.4960893153326538,
              41.591552730257774
            ],
            [
              2.496086738858289,
              41.59154461152302
            ],
            [
              2.4960787652584373,
              41.59152079738643
            ],
            [
              2.4960662156730162,
              41.59148354416363
            ],
            [
              2.4960492191399912,
              41.59143230657811
            ],
            [
              2.49601814881132,
              41.591338946055174
            ],
            [
              2.496003024560795,
              41.59129366146615
            ],
            [
              2.495984849235166,
              41.591239270661646
            ],
            [
              2.495978521379176,
              41.59122014570992
            ],
            [
              2.495978048668785,
              41.59121906366606
            ],
            [
              2.4959714646365656,
              41.591201560700654
            ],
            [
              2.4959674573576924,
              41.591192445791336
            ],
            [
              2.495960226845158,
              41.59116566070266
            ],
            [
              2.49593399509975,
              41.591067278195545
            ],
            [
              2.4958966719800206,
              41.59095891923804
            ],
            [
              2.4958999241430346,
              41.590958216518814
            ],
            [
              2.4958991215692667,
              41.59095650702309
            ],
            [
              2.495898773808809,
              41.59095632895582
            ],
            [
              2.4958846509967336,
              41.59093039545298
            ],
            [
              2.495869849936137,
              41.59090342944337
            ],
            [
              2.4958720941860153,
              41.59084937765359
            ],
            [
              2.49584234422141,
              41.590783767956054
            ],
            [
              2.495842442208669,
              41.590783664802146
            ],
            [
              2.49583625292813,
              41.59076971692659
            ],
            [
              2.4958320611514915,
              41.590760264331
            ],
            [
              2.4958260866394757,
              41.59074693349389
            ],
            [
              2.495822140902209,
              41.59073824219038
            ],
            [
              2.495815868024948,
              41.59072424530778
            ],
            [
              2.4958143672196913,
              41.59072098710198
            ],
            [
              2.4957650043097193,
              41.59061048470956
            ],
            [
              2.4957761342146605,
              41.590475972116664
            ],
            [
              2.495765334122666,
              41.590399272883296
            ],
            [
              2.4957599493360387,
              41.59038232190431
            ],
            [
              2.4957131044854783,
              41.59023475119844
            ],
            [
              2.4957080532783245,
              41.59022350328182
            ],
            [
              2.495688230753599,
              41.5901793401573
            ],
            [
              2.495675026790835,
              41.59014991853722
            ],
            [
              2.4956556667076577,
              41.590106773455204
            ],
            [
              2.495622631754844,
              41.59005325055082
            ],
            [
              2.4954651441884144,
              41.58979805100887
            ],
            [
              2.4954636016014633,
              41.58979554111888
            ],
            [
              2.495461955752936,
              41.58979334963311
            ],
            [
              2.4954491847476468,
              41.58977629957051
            ],
            [
              2.495388590342952,
              41.58969542847011
            ],
            [
              2.495372165506148,
              41.58967351374795
            ],
            [
              2.495360890729282,
              41.589658460849314
            ],
            [
              2.495241912244341,
              41.5894996799065
            ],
            [
              2.4952359632742955,
              41.589491725588495
            ],
            [
              2.4951989846379905,
              41.589450760295016
            ],
            [
              2.495178169221312,
              41.58942770215935
            ],
            [
              2.495170435159214,
              41.58941910949084
            ],
            [
              2.495167103249039,
              41.589415581124115
            ],
            [
              2.495152589663767,
              41.58939984564357
            ],
            [
              2.4950725393338873,
              41.58941841028183
            ],
            [
              2.495040449414408,
              41.58939475946741
            ],
            [
              2.495023707795184,
              41.58937225873133
            ],
            [
              2.4950193350450216,
              41.58936650279419
            ],
            [
              2.495019366336602,
              41.58936649032144
            ],
            [
              2.495019340138778,
              41.58936646498602
            ],
            [
              2.4950099816666302,
              41.58935401456331
            ],
            [
              2.495006241222721,
              41.58934902612027
            ],
            [
              2.4949630144358945,
              41.5892917310452
            ],
            [
              2.494928589108396,
              41.5892460084299
            ],
            [
              2.4949286616942943,
              41.58924346869815
            ],
            [
              2.4949290278424807,
              41.58923405140261
            ],
            [
              2.4949344950002437,
              41.58909354306385
            ],
            [
              2.494935501027153,
              41.58906760383785
            ],
            [
              2.494935689625678,
              41.58906280198892
            ],
            [
              2.4949357867069546,
              41.589061121658425
            ],
            [
              2.494935792029679,
              41.58906013088189
            ],
            [
              2.4949378619610827,
              41.589006983559045
            ],
            [
              2.4948756601307296,
              41.58898473795587
            ],
            [
              2.494839728279212,
              41.588901902334435
            ],
            [
              2.4949325247758196,
              41.58875630123687
            ],
            [
              2.49493593676709,
              41.588688129371114
            ],
            [
              2.494938375737806,
              41.58868291676793
            ],
            [
              2.4949542677550474,
              41.58859903969848
            ],
            [
              2.4949661259978826,
              41.58850901906041
            ],
            [
              2.4949926493776724,
              41.58843095243638
            ],
            [
              2.4950210431763455,
              41.58834379577374
            ],
            [
              2.495025369191044,
              41.58828148444391
            ],
            [
              2.495053288874254,
              41.58823945392937
            ],
            [
              2.494763449014161,
              41.588139253736635
            ],
            [
              2.494717003084379,
              41.58812073333441
            ],
            [
              2.494686103371789,
              41.58810840708799
            ],
            [
              2.494571218801322,
              41.588062600922534
            ],
            [
              2.494320792270071,
              41.587962742206635
            ],
            [
              2.4943032888506655,
              41.58795107646256
            ],
            [
              2.494257565590409,
              41.58793745630771
            ],
            [
              2.4940822416180657,
              41.587821093714076
            ],
            [
              2.4940705160279055,
              41.58781330486884
            ],
            [
              2.4940701137986108,
              41.58781303738429
            ],
            [
              2.494067125078959,
              41.58781105614326
            ],
            [
              2.4938754187789876,
              41.58775526621603
            ],
            [
              2.4938377118827315,
              41.587745104847556
            ],
            [
              2.4938376723625586,
              41.58774509566629
            ],
            [
              2.4937522474718175,
              41.5877196009708
            ],
            [
              2.4937278857078566,
              41.58771232751146
            ],
            [
              2.4936966025329315,
              41.58770367698007
            ],
            [
              2.493692994320241,
              41.587702672992656
            ],
            [
              2.4936929547790068,
              41.58770266651342
            ],
            [
              2.4936860396365157,
              41.58770064004903
            ],
            [
              2.493667013162669,
              41.58769505911995
            ],
            [
              2.493653635366152,
              41.587691136984404
            ],
            [
              2.4936334609783493,
              41.587685217725145
            ],
            [
              2.493625960524851,
              41.58768301664036
            ],
            [
              2.4936259234393536,
              41.587683002966095
            ],
            [
              2.4935950180366206,
              41.587666391640724
            ],
            [
              2.493575698166947,
              41.58765598420758
            ],
            [
              2.493556027165195,
              41.58764537346153
            ],
            [
              2.4934636638695173,
              41.587595535554236
            ],
            [
              2.493372683125409,
              41.58754642694884
            ],
            [
              2.493305417555978,
              41.587403004036176
            ],
            [
              2.493303528516891,
              41.587398942437595
            ],
            [
              2.4933025799488546,
              41.58739704582881
            ],
            [
              2.4932812505629385,
              41.587351510127
            ],
            [
              2.4932765739740814,
              41.587341533775465
            ],
            [
              2.4930430444064475,
              41.58719584746914
            ],
            [
              2.492998514041634,
              41.587168176220594
            ],
            [
              2.4929895588116624,
              41.587166533435095
            ],
            [
              2.492888045771717,
              41.58714787302673
            ],
            [
              2.492750568291902,
              41.58712259744842
            ],
            [
              2.492750523980506,
              41.58712258734492
            ],
            [
              2.492675890293916,
              41.587098845435406
            ],
            [
              2.4925174418689657,
              41.58704824586325
            ],
            [
              2.4924819335211374,
              41.58703241646855
            ],
            [
              2.4923966898456325,
              41.58699438974298
            ],
            [
              2.4922849898165627,
              41.586933366748475
            ],
            [
              2.492259133985391,
              41.586880110546474
            ],
            [
              2.492254984939472,
              41.58687387720379
            ],
            [
              2.492247156778113,
              41.58686222324808
            ],
            [
              2.492234313466943,
              41.58684784496059
            ],
            [
              2.4921992658566388,
              41.586818865990786
            ],
            [
              2.4921634679546187,
              41.586794389135164
            ],
            [
              2.4921600107194526,
              41.58679158160924
            ],
            [
              2.492146301038352,
              41.58678044300476
            ],
            [
              2.492129739856798,
              41.586765596117765
            ],
            [
              2.492113905112843,
              41.58675021470303
            ],
            [
              2.492098070376418,
              41.58673483328612
            ],
            [
              2.4920733435685465,
              41.58670562965163
            ],
            [
              2.492069658404362,
              41.58670128987922
            ],
            [
              2.4920574089916214,
              41.586686763773905
            ],
            [
              2.492042503460419,
              41.58666901213659
            ],
            [
              2.4920140248837632,
              41.58663188172438
            ],
            [
              2.491990777052299,
              41.58660150105027
            ],
            [
              2.491976582635507,
              41.5865909889913
            ],
            [
              2.4919705007209,
              41.586586457579045
            ],
            [
              2.4918825898155665,
              41.58652148873274
            ],
            [
              2.491821516228229,
              41.586476361673085
            ],
            [
              2.4918003700239075,
              41.58646347877509
            ],
            [
              2.4917769181706007,
              41.58644919045448
            ],
            [
              2.4917452955918584,
              41.5864299273204
            ],
            [
              2.4917099597766774,
              41.58640838153111
            ],
            [
              2.491708681064113,
              41.58640759134428
            ],
            [
              2.491708628518031,
              41.58640756048723
            ],
            [
              2.491707230239404,
              41.58640671843035
            ],
            [
              2.491702394456378,
              41.586403770587594
            ],
            [
              2.4916899587409618,
              41.586396189129104
            ],
            [
              2.49168240076294,
              41.58639156020218
            ],
            [
              2.4916760846156296,
              41.58638798791425
            ],
            [
              2.4916466850860886,
              41.58637210330258
            ],
            [
              2.49162570993231,
              41.58635868249356
            ],
            [
              2.491634988399045,
              41.5863197121078
            ],
            [
              2.491642416862086,
              41.58629374365031
            ],
            [
              2.4916502055678165,
              41.5862665094613
            ],
            [
              2.4916601517624626,
              41.58623173130918
            ],
            [
              2.491665455023595,
              41.586213469986724
            ],
            [
              2.49170652760514,
              41.586085749156155
            ],
            [
              2.4917155497277808,
              41.58596013753947
            ],
            [
              2.4916477091766684,
              41.585890842768556
            ],
            [
              2.4916090167509513,
              41.585868241765
            ],
            [
              2.4916005347873016,
              41.585863341230564
            ],
            [
              2.4915639820210447,
              41.58584327261121
            ],
            [
              2.4915191131833927,
              41.58579731721918
            ],
            [
              2.491478208464292,
              41.58573543646291
            ],
            [
              2.491463755989618,
              41.585650974357286
            ],
            [
              2.4914979633125336,
              41.585572402954995
            ],
            [
              2.49157916651297,
              41.58548286854454
            ],
            [
              2.49171624274692,
              41.58533638668688
            ],
            [
              2.491787981543162,
              41.58522152055052
            ]
          ]
        ]
      }
    },
    {
      "type": "Feature",
      "id": "081976--zone--diba-722",
      "properties": {
        "name": "El Mirador",
        "officialName": "El Mirador",
        "municipality": "Sant Andreu de Llavaneres",
        "kind": "zone",
        "quality": "official",
        "sourceCategory": "Nucli/urbanització DIBA · LIMIT_PPU",
        "code": "722"
      },
      "geometry": {
        "bbox": [
          2.4620894600743455,
          41.57055259749971,
          2.474394706937498,
          41.5769673036501
        ],
        "type": "Polygon",
        "coordinates": [
          [
            [
              2.4633554807335414,
              41.57684349526931
            ],
            [
              2.463463015380476,
              41.57684151021332
            ],
            [
              2.4634639497951443,
              41.576841514573715
            ],
            [
              2.46351233011821,
              41.576836875492646
            ],
            [
              2.463726859736266,
              41.576763716607225
            ],
            [
              2.463727314281274,
              41.57676358181656
            ],
            [
              2.4639330357632003,
              41.5767376372867
            ],
            [
              2.4640210143177623,
              41.576727193661426
            ],
            [
              2.464223688245372,
              41.57670319258847
            ],
            [
              2.464333427425635,
              41.576683784289415
            ],
            [
              2.4643755642099596,
              41.57667635142058
            ],
            [
              2.4644714458759256,
              41.576659441006264
            ],
            [
              2.4644910720645994,
              41.576652424767595
            ],
            [
              2.4645338371815075,
              41.5766371728399
            ],
            [
              2.464599528756002,
              41.57661369952022
            ],
            [
              2.4646938674363255,
              41.576580690218194
            ],
            [
              2.4648086714403843,
              41.576540565768404
            ],
            [
              2.464845792917959,
              41.576531807828914
            ],
            [
              2.4648889190186622,
              41.57652163215391
            ],
            [
              2.4649796394741426,
              41.576500264808594
            ],
            [
              2.4650825986363656,
              41.57649215000567
            ],
            [
              2.465190056297509,
              41.5764837164603
            ],
            [
              2.4653299610570456,
              41.57647273332026
            ],
            [
              2.4657165642477787,
              41.576354465125235
            ],
            [
              2.4658473916701236,
              41.57630941865119
            ],
            [
              2.4660325995549215,
              41.576245651639105
            ],
            [
              2.466230113259509,
              41.576187844832305
            ],
            [
              2.4662740469258564,
              41.57616913077518
            ],
            [
              2.466416869408545,
              41.576108291009085
            ],
            [
              2.4665740270439125,
              41.575933914059135
            ],
            [
              2.466585269234569,
              41.57592267017597
            ],
            [
              2.4666113064550412,
              41.57588576921337
            ],
            [
              2.466634855633747,
              41.57585238936122
            ],
            [
              2.46663676453208,
              41.57584971134236
            ],
            [
              2.46663772115463,
              41.57584832685619
            ],
            [
              2.466640097598191,
              41.575844952941345
            ],
            [
              2.4666476591144137,
              41.575838141578046
            ],
            [
              2.466661502363719,
              41.575825670350014
            ],
            [
              2.466684420128853,
              41.57580502656555
            ],
            [
              2.4667313054976163,
              41.57576545343502
            ],
            [
              2.466731785315717,
              41.575765161122085
            ],
            [
              2.4667600757478128,
              41.575747870433446
            ],
            [
              2.4667601167451787,
              41.57574784450245
            ],
            [
              2.4668268657696903,
              41.57570701776462
            ],
            [
              2.4669316253581792,
              41.575643731905934
            ],
            [
              2.466937412504045,
              41.57564015582126
            ],
            [
              2.4669754640166657,
              41.575622497799294
            ],
            [
              2.4671267908481624,
              41.57555241996178
            ],
            [
              2.4671268221605445,
              41.575552404794514
            ],
            [
              2.4671482519618553,
              41.57554259789458
            ],
            [
              2.4671745082435264,
              41.57554539293617
            ],
            [
              2.4673867503474747,
              41.57556801721192
            ],
            [
              2.4674188794609875,
              41.57557140596071
            ],
            [
              2.467534559252525,
              41.57558371245802
            ],
            [
              2.467654568498938,
              41.575581810971705
            ],
            [
              2.4676735846891735,
              41.57558151080041
            ],
            [
              2.4680631206695343,
              41.57560549766675
            ],
            [
              2.468156611146684,
              41.57557693659418
            ],
            [
              2.468279131194765,
              41.575514605362734
            ],
            [
              2.468398735813384,
              41.575485523536415
            ],
            [
              2.468551378394353,
              41.57546337768623
            ],
            [
              2.4686653538082886,
              41.57543278516157
            ],
            [
              2.468665391073381,
              41.57543277542577
            ],
            [
              2.4688304291646825,
              41.57537185246084
            ],
            [
              2.468830461727722,
              41.57537183099377
            ],
            [
              2.4688384839425903,
              41.57536790304549
            ],
            [
              2.468879572853065,
              41.57534779492984
            ],
            [
              2.4689093384078498,
              41.575333229824686
            ],
            [
              2.4689300484329673,
              41.57532309590546
            ],
            [
              2.4690007149443836,
              41.575288511832746
            ],
            [
              2.469021289534346,
              41.57527865379527
            ],
            [
              2.469146065253636,
              41.575218865802256
            ],
            [
              2.469290935743216,
              41.57516999088326
            ],
            [
              2.4692972013589594,
              41.57516787606863
            ],
            [
              2.4693037685661,
              41.57516569869395
            ],
            [
              2.469379201369864,
              41.57514433296599
            ],
            [
              2.469485588287375,
              41.5751142513469
            ],
            [
              2.469555635189573,
              41.57509507734591
            ],
            [
              2.4696182832389475,
              41.57507797777877
            ],
            [
              2.4697186133079994,
              41.57506581953169
            ],
            [
              2.469811576689021,
              41.57505459100792
            ],
            [
              2.46987854449024,
              41.575046978779916
            ],
            [
              2.469950871562814,
              41.57503879944023
            ],
            [
              2.4701031442090655,
              41.575017253309106
            ],
            [
              2.4701263156435855,
              41.5750139823625
            ],
            [
              2.470141453048178,
              41.575011843534234
            ],
            [
              2.4701565840569413,
              41.575009753313864
            ],
            [
              2.4702175506441177,
              41.575001106218295
            ],
            [
              2.4702346972039044,
              41.5749986775932
            ],
            [
              2.4705840844910343,
              41.57494401382782
            ],
            [
              2.470638967387442,
              41.57495265591155
            ],
            [
              2.4706445074034975,
              41.57495301738957
            ],
            [
              2.4706447254646777,
              41.57495304811758
            ],
            [
              2.470704750973367,
              41.57496724071917
            ],
            [
              2.470706547960782,
              41.57496752101163
            ],
            [
              2.470730151569,
              41.57497096056213
            ],
            [
              2.4707351834623528,
              41.57497170520878
            ],
            [
              2.470755669708534,
              41.57497468184126
            ],
            [
              2.470810183211503,
              41.57498258804886
            ],
            [
              2.4708569089706653,
              41.574989378416824
            ],
            [
              2.471035068633627,
              41.575015239354855
            ],
            [
              2.471072568784972,
              41.575020726171296
            ],
            [
              2.4711597893258936,
              41.5750333754855
            ],
            [
              2.4712062730463717,
              41.57504043661841
            ],
            [
              2.471285702181021,
              41.57505242219554
            ],
            [
              2.471526628565087,
              41.57508883748889
            ],
            [
              2.4718362049134943,
              41.57513556483872
            ],
            [
              2.472055688894046,
              41.57516863970116
            ],
            [
              2.4720675478386935,
              41.575170495611005
            ],
            [
              2.472262356079797,
              41.57521381425815
            ],
            [
              2.4723025841932738,
              41.57522327640194
            ],
            [
              2.4723055758143477,
              41.57522401161595
            ],
            [
              2.472555198306081,
              41.57528289281613
            ],
            [
              2.4726679754960696,
              41.57530953214884
            ],
            [
              2.472738007292491,
              41.575326787023016
            ],
            [
              2.4728106728617916,
              41.57534468354025
            ],
            [
              2.472846468922553,
              41.57535340458898
            ],
            [
              2.4729901233967793,
              41.57538874119234
            ],
            [
              2.473183222382696,
              41.575436193797806
            ],
            [
              2.473348905725873,
              41.57547694518514
            ],
            [
              2.473391402726914,
              41.57548740904299
            ],
            [
              2.4737073291891627,
              41.57556514731627
            ],
            [
              2.4737850451880528,
              41.57547813141271
            ],
            [
              2.4739059644114554,
              41.57540248038133
            ],
            [
              2.4739344212034724,
              41.575384685177305
            ],
            [
              2.473934464604023,
              41.575384658354
            ],
            [
              2.473980231978129,
              41.575356039014885
            ],
            [
              2.4739989576858754,
              41.575336827464824
            ],
            [
              2.4739916829907096,
              41.575311346789256
            ],
            [
              2.4739829305893304,
              41.57528067926032
            ],
            [
              2.4739607752900348,
              41.575203079176724
            ],
            [
              2.4739456821577406,
              41.5751501004005
            ],
            [
              2.4738859912817555,
              41.5749411310721
            ],
            [
              2.473871162114476,
              41.574889192933
            ],
            [
              2.4738647681349244,
              41.57486679496949
            ],
            [
              2.4738299792140026,
              41.5747447833434
            ],
            [
              2.473786591993337,
              41.574592811934686
            ],
            [
              2.473785800131267,
              41.57459017457878
            ],
            [
              2.473785109639546,
              41.57458775746468
            ],
            [
              2.473789849044906,
              41.57458641004687
            ],
            [
              2.4739166006758277,
              41.57455041596202
            ],
            [
              2.473970652670648,
              41.57453507794777
            ],
            [
              2.4740163969694478,
              41.57452208973666
            ],
            [
              2.4740728054786283,
              41.574506070694405
            ],
            [
              2.474201019934643,
              41.57446966504794
            ],
            [
              2.4742054791758643,
              41.574468399198814
            ],
            [
              2.474206266657912,
              41.57446817671694
            ],
            [
              2.4742648169860506,
              41.574388009339614
            ],
            [
              2.474297325251002,
              41.5743435754882
            ],
            [
              2.474320926767457,
              41.574311171577506
            ],
            [
              2.474344187920303,
              41.57427932005413
            ],
            [
              2.474366100193941,
              41.57424931966287
            ],
            [
              2.4743808991543825,
              41.57422911370451
            ],
            [
              2.47439654427787,
              41.574207659598706
            ],
            [
              2.474402988953638,
              41.57419881327391
            ],
            [
              2.4744173104707885,
              41.574179201410864
            ],
            [
              2.4743867899610734,
              41.574157052576545
            ],
            [
              2.4743558675918704,
              41.57413461366355
            ],
            [
              2.474317617171703,
              41.5741068881861
            ],
            [
              2.474317595756753,
              41.5741068664707
            ],
            [
              2.4742973794062832,
              41.57409221555428
            ],
            [
              2.4742025455942773,
              41.574023446298376
            ],
            [
              2.474193339590676,
              41.574016771229296
            ],
            [
              2.474137203324508,
              41.57397606275261
            ],
            [
              2.4741533457146327,
              41.573940182172215
            ],
            [
              2.4741554039334464,
              41.57393561227803
            ],
            [
              2.4741870658077487,
              41.573865072351424
            ],
            [
              2.4742077053737628,
              41.573819094437354
            ],
            [
              2.4742229420542676,
              41.57378513816563
            ],
            [
              2.474238069798297,
              41.57375144891011
            ],
            [
              2.4742436925009694,
              41.57373894097349
            ],
            [
              2.474243850217302,
              41.57373857329642
            ],
            [
              2.4742454638914806,
              41.57373497955965
            ],
            [
              2.4742487316099435,
              41.57372769499189
            ],
            [
              2.474250226243198,
              41.573720586965976
            ],
            [
              2.4742533667162254,
              41.57370473498044
            ],
            [
              2.4742558521640134,
              41.573692149646796
            ],
            [
              2.4742581808526447,
              41.57366161926828
            ],
            [
              2.4742589099165055,
              41.57365218025722
            ],
            [
              2.4742589017248684,
              41.573652154999365
            ],
            [
              2.474256333096971,
              41.57364674518391
            ],
            [
              2.4742486897347975,
              41.57363064572812
            ],
            [
              2.474201268381062,
              41.5735307361662
            ],
            [
              2.474109912221409,
              41.57333826125931
            ],
            [
              2.474108430969744,
              41.573335141563916
            ],
            [
              2.474095694155244,
              41.57330830912934
            ],
            [
              2.4741147891253545,
              41.57311927033242
            ],
            [
              2.474115251826438,
              41.57298680218491
            ],
            [
              2.4741154784634274,
              41.572922775776135
            ],
            [
              2.4741202849467188,
              41.57291048028555
            ],
            [
              2.474125197620853,
              41.57289411308301
            ],
            [
              2.4741373162647298,
              41.57285370053971
            ],
            [
              2.4741388610277864,
              41.57284854462397
            ],
            [
              2.4741422454091184,
              41.57283441414767
            ],
            [
              2.4741536663425334,
              41.57276703417647
            ],
            [
              2.4741551137908595,
              41.572758495576544
            ],
            [
              2.4741589825835613,
              41.572726785977984
            ],
            [
              2.4741628304141345,
              41.57263761335049
            ],
            [
              2.4741585272712205,
              41.57256699540043
            ],
            [
              2.474158266425646,
              41.57256484596784
            ],
            [
              2.474166670650062,
              41.57256179940474
            ],
            [
              2.4741766261194926,
              41.57255634598029
            ],
            [
              2.4741747666350316,
              41.57255002336327
            ],
            [
              2.4741697512721523,
              41.57253261634912
            ],
            [
              2.4741653915564545,
              41.572522957705445
            ],
            [
              2.474156318454017,
              41.57248823812837
            ],
            [
              2.474151886797543,
              41.5724723650228
            ],
            [
              2.4741433119960554,
              41.57243521665459
            ],
            [
              2.474140511813012,
              41.57242538409569
            ],
            [
              2.4741357360921215,
              41.57240815832157
            ],
            [
              2.4741159496594305,
              41.57234826119225
            ],
            [
              2.4741104004983017,
              41.572337517131416
            ],
            [
              2.4741069755050957,
              41.572330925240564
            ],
            [
              2.4740994392426705,
              41.57231332744746
            ],
            [
              2.4740949505665766,
              41.57230493103363
            ],
            [
              2.4740890542741694,
              41.57229247309727
            ],
            [
              2.4740863610899706,
              41.57228453435953
            ],
            [
              2.4740804796742317,
              41.572270094885916
            ],
            [
              2.4740772792153556,
              41.57226539735446
            ],
            [
              2.4740734863660623,
              41.57225979458233
            ],
            [
              2.474071711802965,
              41.5722569050318
            ],
            [
              2.474070418008692,
              41.572253746560726
            ],
            [
              2.4740666670588842,
              41.57224283057695
            ],
            [
              2.4740633396986498,
              41.572224351303774
            ],
            [
              2.4740609825061832,
              41.572219205462865
            ],
            [
              2.4740566245503324,
              41.57220918653086
            ],
            [
              2.474049518347315,
              41.57219816602648
            ],
            [
              2.4740424102239693,
              41.57218723468507
            ],
            [
              2.474031116819242,
              41.572174571911226
            ],
            [
              2.4740162280094506,
              41.57216198456323
            ],
            [
              2.4739958540835296,
              41.572144957645236
            ],
            [
              2.473992963059874,
              41.57214647475887
            ],
            [
              2.4739629016164297,
              41.57212597984362
            ],
            [
              2.47395372525717,
              41.572118643753726
            ],
            [
              2.4739215994545134,
              41.57210156215493
            ],
            [
              2.4739074955214226,
              41.57209528349028
            ],
            [
              2.4738923064805864,
              41.572089989760514
            ],
            [
              2.473879023882503,
              41.57208596577349
            ],
            [
              2.4738643002661593,
              41.57208229458205
            ],
            [
              2.473850529339227,
              41.572079619451415
            ],
            [
              2.4738432211839934,
              41.572078415060616
            ],
            [
              2.4738354363837782,
              41.57207711931597
            ],
            [
              2.473817457528785,
              41.57207550489984
            ],
            [
              2.473791189510518,
              41.57207547566016
            ],
            [
              2.473790110033247,
              41.57207547071989
            ],
            [
              2.473765473161214,
              41.57206644164445
            ],
            [
              2.4737633215244204,
              41.57206553016672
            ],
            [
              2.4737523416965836,
              41.57205872444286
            ],
            [
              2.4737453046011626,
              41.57205382829556
            ],
            [
              2.4737383838007725,
              41.57204938214411
            ],
            [
              2.4737274149441877,
              41.572041225373866
            ],
            [
              2.4737250336526158,
              41.5720390527237
            ],
            [
              2.473722654547088,
              41.57203661076535
            ],
            [
              2.4737128046493324,
              41.572023595176056
            ],
            [
              2.473685713534831,
              41.571992126685466
            ],
            [
              2.4736841204384805,
              41.57198121786406
            ],
            [
              2.4736830999059656,
              41.57197409923102
            ],
            [
              2.4736778973506928,
              41.571938252503365
            ],
            [
              2.473677084154094,
              41.57193263273247
            ],
            [
              2.4736764846548382,
              41.57192846681648
            ],
            [
              2.473672952079496,
              41.571903958009194
            ],
            [
              2.4736707274986154,
              41.571888539046306
            ],
            [
              2.4736654460127916,
              41.57185192633615
            ],
            [
              2.4736586874741238,
              41.57180473950533
            ],
            [
              2.4736564766211058,
              41.57178984663077
            ],
            [
              2.47365618670966,
              41.57178788171328
            ],
            [
              2.4735963596068293,
              41.57177804658331
            ],
            [
              2.4732331197781074,
              41.57171833820585
            ],
            [
              2.4731055899277283,
              41.57169737486711
            ],
            [
              2.473075102120422,
              41.571692358603435
            ],
            [
              2.473068238346729,
              41.57169123726551
            ],
            [
              2.4730336574402116,
              41.571685551906164
            ],
            [
              2.4729311581141102,
              41.57166870232807
            ],
            [
              2.4728334972883395,
              41.571652609837855
            ],
            [
              2.4727823904700665,
              41.57164425092889
            ],
            [
              2.4727473100754316,
              41.571638487531835
            ],
            [
              2.472702455247502,
              41.5716311111289
            ],
            [
              2.4726763761575854,
              41.57162719405175
            ],
            [
              2.4726659128917725,
              41.571625622930796
            ],
            [
              2.472643953729761,
              41.571622321024435
            ],
            [
              2.472548046180208,
              41.5716079080872
            ],
            [
              2.4725190344335526,
              41.57160354967471
            ],
            [
              2.4724417903941482,
              41.57159194517319
            ],
            [
              2.4724152087447564,
              41.571587293437815
            ],
            [
              2.4724150022896842,
              41.57158790138366
            ],
            [
              2.472384024535845,
              41.57158326279651
            ],
            [
              2.4724394028228485,
              41.571455072867316
            ],
            [
              2.4724529052857815,
              41.5713876719767
            ],
            [
              2.4724710294766226,
              41.57129768037285
            ],
            [
              2.4724834091761165,
              41.5712355886301
            ],
            [
              2.472490782436676,
              41.57119914110748
            ],
            [
              2.4724918017785105,
              41.571191939947234
            ],
            [
              2.472498792701149,
              41.57114351366814
            ],
            [
              2.472504514883245,
              41.57110345655154
            ],
            [
              2.4725139279857653,
              41.571037568129015
            ],
            [
              2.472518759013429,
              41.57100399217602
            ],
            [
              2.472537798716435,
              41.57094209671145
            ],
            [
              2.4725892294119522,
              41.57077489870055
            ],
            [
              2.4726681237670984,
              41.5706016007769
            ],
            [
              2.472565742117794,
              41.57068345877548
            ],
            [
              2.472560069551584,
              41.57068793460127
            ],
            [
              2.472527954209203,
              41.57071363821864
            ],
            [
              2.4725279010988377,
              41.570713679408556
            ],
            [
              2.472527927969075,
              41.57071362008367
            ],
            [
              2.4724091981408804,
              41.57080853107726
            ],
            [
              2.4724056608416207,
              41.570811350343185
            ],
            [
              2.472343144705474,
              41.57086133048705
            ],
            [
              2.4721691526719103,
              41.57100041159758
            ],
            [
              2.4721488808647387,
              41.57101661994038
            ],
            [
              2.4719745982412658,
              41.57115593270664
            ],
            [
              2.471959859445826,
              41.57116771501908
            ],
            [
              2.471836863721753,
              41.571266035799326
            ],
            [
              2.4717414028365168,
              41.57134234302111
            ],
            [
              2.4717358636199194,
              41.57134677888542
            ],
            [
              2.4717157846310527,
              41.57136284932413
            ],
            [
              2.4717019405555045,
              41.57137389261194
            ],
            [
              2.4716012324806242,
              41.57145437841022
            ],
            [
              2.4715943687603144,
              41.57145988004892
            ],
            [
              2.4715267420607576,
              41.57151393637616
            ],
            [
              2.4714988795047317,
              41.5715362130568
            ],
            [
              2.4714988481659415,
              41.57153623182808
            ],
            [
              2.4713051054308233,
              41.5716911042892
            ],
            [
              2.471258841934233,
              41.571728079972374
            ],
            [
              2.4712506550210662,
              41.571734627557476
            ],
            [
              2.471231966784717,
              41.571749567585236
            ],
            [
              2.4712271930383984,
              41.57175338003716
            ],
            [
              2.4712145099327483,
              41.57176353327928
            ],
            [
              2.4712091024231624,
              41.57176784181994
            ],
            [
              2.4712048665338178,
              41.57177115143528
            ],
            [
              2.4711400118260456,
              41.571823063933316
            ],
            [
              2.4711267601030453,
              41.571833664014235
            ],
            [
              2.470995399036871,
              41.5719386207074
            ],
            [
              2.470880339826936,
              41.5720305961946
            ],
            [
              2.470813811693164,
              41.5720837888479
            ],
            [
              2.470738126837025,
              41.572144316287186
            ],
            [
              2.470625158061042,
              41.57223461497181
            ],
            [
              2.4705958981011733,
              41.57225799379422
            ],
            [
              2.4705958691164764,
              41.57225801798045
            ],
            [
              2.470330516855873,
              41.572470061601216
            ],
            [
              2.470325905220271,
              41.57247383873269
            ],
            [
              2.4703247206663197,
              41.57247480246065
            ],
            [
              2.4703133693470556,
              41.572483847534635
            ],
            [
              2.470313325895454,
              41.57248388066144
            ],
            [
              2.470234041305512,
              41.572547243790126
            ],
            [
              2.4699443070082396,
              41.572778838885775
            ],
            [
              2.4699387277952467,
              41.572783295194505
            ],
            [
              2.4699362056224117,
              41.57278530930733
            ],
            [
              2.46990506639684,
              41.57281020242075
            ],
            [
              2.4698234108483805,
              41.57287547108264
            ],
            [
              2.4696973745270348,
              41.57297621288982
            ],
            [
              2.4696809745350374,
              41.572978351241915
            ],
            [
              2.4696417120118155,
              41.57298347544021
            ],
            [
              2.469571334171973,
              41.57299265438568
            ],
            [
              2.4695031393182694,
              41.573001546119364
            ],
            [
              2.469503092540293,
              41.573001545903544
            ],
            [
              2.4694383573341105,
              41.573008194531965
            ],
            [
              2.4676620723242806,
              41.573215669323396
            ],
            [
              2.467660770322439,
              41.57320697215925
            ],
            [
              2.4674573547190235,
              41.573230608388684
            ],
            [
              2.467216338829653,
              41.57325860790779
            ],
            [
              2.467202138940571,
              41.5732602597989
            ],
            [
              2.4671644595035573,
              41.57326463837744
            ],
            [
              2.4671494481317158,
              41.57326636666635
            ],
            [
              2.4670918740898973,
              41.57327307147926
            ],
            [
              2.467068254037442,
              41.57327581731359
            ],
            [
              2.466938749310102,
              41.57329082571867
            ],
            [
              2.466921002639163,
              41.57329290158811
            ],
            [
              2.4669083613938017,
              41.573294343593524
            ],
            [
              2.466847388266005,
              41.57330130274299
            ],
            [
              2.4668378842367065,
              41.57330238458437
            ],
            [
              2.466833372421123,
              41.57330288878796
            ],
            [
              2.4668320157645587,
              41.57330303922393
            ],
            [
              2.4667640219138987,
              41.57331074130109
            ],
            [
              2.466709214314893,
              41.573316947137855
            ],
            [
              2.4666413633470943,
              41.57332462818765
            ],
            [
              2.466545431395899,
              41.57333548999733
            ],
            [
              2.4665264473877477,
              41.57333764383291
            ],
            [
              2.4664683753359857,
              41.57334421451624
            ],
            [
              2.4664025593226193,
              41.57335166707514
            ],
            [
              2.4663627220067945,
              41.57335617859231
            ],
            [
              2.466336451548508,
              41.57335915246988
            ],
            [
              2.466335447844258,
              41.57335926580681
            ],
            [
              2.466332431926283,
              41.57335960669596
            ],
            [
              2.4662840442967524,
              41.57336503597496
            ],
            [
              2.466225465091021,
              41.573371718573966
            ],
            [
              2.4662150114007493,
              41.573372903141916
            ],
            [
              2.4661730321789004,
              41.57337765685375
            ],
            [
              2.466019792958037,
              41.57339497338407
            ],
            [
              2.4659035741884185,
              41.57340812467105
            ],
            [
              2.4658162884725896,
              41.57341789832181
            ],
            [
              2.4657978247675825,
              41.5734200796747
            ],
            [
              2.4657766803758627,
              41.57342253139841
            ],
            [
              2.4657508648992352,
              41.57342545321228
            ],
            [
              2.465735663979547,
              41.57342717593209
            ],
            [
              2.4657348211841064,
              41.57342726749324
            ],
            [
              2.4657312976879315,
              41.5734276312285
            ],
            [
              2.4657166478666195,
              41.57342972580548
            ],
            [
              2.4656872507546184,
              41.57343395233156
            ],
            [
              2.4656756944584446,
              41.57343560460937
            ],
            [
              2.4656697199637283,
              41.573436458658705
            ],
            [
              2.4656217103139286,
              41.57344331256729
            ],
            [
              2.46559488697399,
              41.573447141199836
            ],
            [
              2.4655932512465424,
              41.57344738670209
            ],
            [
              2.46559297634398,
              41.573447413347004
            ],
            [
              2.4654659148877482,
              41.573465550672644
            ],
            [
              2.4652906012946914,
              41.57347324019619
            ],
            [
              2.465295421960117,
              41.57349681217726
            ],
            [
              2.465406857390977,
              41.57387455659009
            ],
            [
              2.4654078513432047,
              41.57387780924044
            ],
            [
              2.4654092667749805,
              41.573882606799295
            ],
            [
              2.4653741284319795,
              41.573901696502844
            ],
            [
              2.4653182357189003,
              41.57395926250483
            ],
            [
              2.4652786831138402,
              41.57401384379424
            ],
            [
              2.465222030182163,
              41.57409113307893
            ],
            [
              2.465178299790769,
              41.57414263152163
            ],
            [
              2.4650845637917222,
              41.57422227028047
            ],
            [
              2.4650030999498047,
              41.57426800858191
            ],
            [
              2.464886111232118,
              41.57430142075489
            ],
            [
              2.4647650541094754,
              41.57431923306003
            ],
            [
              2.4646724922451444,
              41.57432907045027
            ],
            [
              2.464580467441854,
              41.57434620527076
            ],
            [
              2.4645004633850256,
              41.574360514571374
            ],
            [
              2.4644126108345232,
              41.57438064289602
            ],
            [
              2.4643632622809983,
              41.574401219851595
            ],
            [
              2.464329439865186,
              41.57441529379982
            ],
            [
              2.464281527021637,
              41.57445082860868
            ],
            [
              2.4642680233872842,
              41.57446485849568
            ],
            [
              2.4642679283023563,
              41.5744648976847
            ],
            [
              2.4642390834835424,
              41.574494685496774
            ],
            [
              2.464234226051312,
              41.574499696136016
            ],
            [
              2.464234211464256,
              41.574499719487
            ],
            [
              2.4642066304419785,
              41.574522885616155
            ],
            [
              2.4641770455186207,
              41.57454773306821
            ],
            [
              2.464165390536115,
              41.574557523720266
            ],
            [
              2.4640149524152077,
              41.574705718428966
            ],
            [
              2.4640139215086796,
              41.57470592709603
            ],
            [
              2.4640128860574677,
              41.5747061051171
            ],
            [
              2.463906167561861,
              41.574727755608464
            ],
            [
              2.4636177279168225,
              41.5747861917565
            ],
            [
              2.4634398525667307,
              41.574831493548544
            ],
            [
              2.463435376138799,
              41.57483263369819
            ],
            [
              2.4634044774389223,
              41.574840798724345
            ],
            [
              2.4633795305622264,
              41.57484738912363
            ],
            [
              2.4633491415712503,
              41.57485541780148
            ],
            [
              2.4633114362999415,
              41.574865382215116
            ],
            [
              2.4631760100487794,
              41.574894475855636
            ],
            [
              2.4631602598433937,
              41.57489657217405
            ],
            [
              2.4630615688967885,
              41.57490970333731
            ],
            [
              2.463035157120321,
              41.574911107629866
            ],
            [
              2.4630011526582125,
              41.57491291601118
            ],
            [
              2.462966804989347,
              41.574914741694684
            ],
            [
              2.462940124393497,
              41.57491616092297
            ],
            [
              2.462741972017871,
              41.574915235189714
            ],
            [
              2.4626078184141718,
              41.57490724389463
            ],
            [
              2.4624878013870313,
              41.574900090455564
            ],
            [
              2.4624714435945356,
              41.574898353940135
            ],
            [
              2.462465126621492,
              41.574897669578
            ],
            [
              2.462464037117994,
              41.574897566305
            ],
            [
              2.4623160477400114,
              41.57488184117964
            ],
            [
              2.4622803420699975,
              41.57487804426321
            ],
            [
              2.4622742505447035,
              41.5748772231334
            ],
            [
              2.462264613616462,
              41.57487592424889
            ],
            [
              2.4622629972812518,
              41.574875705919
            ],
            [
              2.4622085725754115,
              41.574868367137476
            ],
            [
              2.462192790240258,
              41.574866236052586
            ],
            [
              2.4621927375757213,
              41.57486622229531
            ],
            [
              2.4621776284986177,
              41.57486419613985
            ],
            [
              2.4620989647451355,
              41.5748535886703
            ],
            [
              2.4620607286111285,
              41.574848432357065
            ],
            [
              2.462053817290327,
              41.57484868735398
            ],
            [
              2.462053862526333,
              41.57484872899917
            ],
            [
              2.4620674454353355,
              41.57485933017507
            ],
            [
              2.4620707663338055,
              41.57486185514258
            ],
            [
              2.4624962001363957,
              41.57519238019209
            ],
            [
              2.462896967467507,
              41.57550380737387
            ],
            [
              2.462904303034426,
              41.57558859931541
            ],
            [
              2.4629044090979924,
              41.57559013104972
            ],
            [
              2.4629081352572952,
              41.57563221428929
            ],
            [
              2.462908139771688,
              41.575632248538085
            ],
            [
              2.4629127406318534,
              41.57568501760516
            ],
            [
              2.462926232317633,
              41.57577095790489
            ],
            [
              2.4629391365938376,
              41.575853383516815
            ],
            [
              2.4629403455736836,
              41.57586107598271
            ],
            [
              2.4629415639595744,
              41.57586908104534
            ],
            [
              2.4629731300996967,
              41.575997041886914
            ],
            [
              2.4629963722139263,
              41.57607308096815
            ],
            [
              2.463009567157918,
              41.576116377570365
            ],
            [
              2.4630301536194676,
              41.57616547425508
            ],
            [
              2.463038931232985,
              41.57619190659758
            ],
            [
              2.4630551991301535,
              41.57624089033381
            ],
            [
              2.4630571934412018,
              41.57624862970042
            ],
            [
              2.463058886697917,
              41.57625535163917
            ],
            [
              2.463062844594804,
              41.576271064418194
            ],
            [
              2.463065437942723,
              41.576281354743394
            ],
            [
              2.4630799710372,
              41.576339065640326
            ],
            [
              2.463097696298976,
              41.576458314808605
            ],
            [
              2.4631061457890797,
              41.57656869712115
            ],
            [
              2.4631003106424747,
              41.57661105726031
            ],
            [
              2.4631002047732395,
              41.57661181878233
            ],
            [
              2.4630962533030396,
              41.576640516458504
            ],
            [
              2.4630922150861565,
              41.576669838834995
            ],
            [
              2.463092007080054,
              41.576671345683316
            ],
            [
              2.463091620282567,
              41.57667416315754
            ],
            [
              2.4630900199157844,
              41.576685770579346
            ],
            [
              2.4630887870557046,
              41.57669471716358
            ],
            [
              2.4630795098394147,
              41.57672425196622
            ],
            [
              2.4630790102043774,
              41.57672577546725
            ],
            [
              2.463062379473441,
              41.57677865974298
            ],
            [
              2.4631093341942667,
              41.57679769252637
            ],
            [
              2.463062281865682,
              41.576822596826254
            ],
            [
              2.4630622553199126,
              41.576822615617594
            ],
            [
              2.4630768877103297,
              41.57683808100292
            ],
            [
              2.4630811633340928,
              41.576842519943455
            ],
            [
              2.4631301572014843,
              41.576894450542
            ],
            [
              2.463149894308303,
              41.5769153495291
            ],
            [
              2.463152622840767,
              41.57691482453415
            ],
            [
              2.4631526576712104,
              41.576914819292384
            ],
            [
              2.463155290056639,
              41.57691431636665
            ],
            [
              2.4631878745984146,
              41.57690810125341
            ],
            [
              2.463187980319071,
              41.57690808193097
            ],
            [
              2.4632006428245625,
              41.57690199447797
            ],
            [
              2.4632289317615994,
              41.576888245420406
            ],
            [
              2.4632811882347014,
              41.576862845625456
            ],
            [
              2.463318098220556,
              41.57684490606681
            ],
            [
              2.4633196217165834,
              41.5768441736799
            ],
            [
              2.4633554807335414,
              41.57684349526931
            ]
          ]
        ]
      }
    },
    {
      "type": "Feature",
      "id": "081976--zone--diba-341",
      "properties": {
        "name": "La Cornisa",
        "officialName": "La Cornisa",
        "municipality": "Sant Andreu de Llavaneres",
        "kind": "zone",
        "quality": "official",
        "sourceCategory": "Nucli/urbanització DIBA · LIMIT_PPU",
        "code": "341"
      },
      "geometry": {
        "bbox": [
          2.458209252632942,
          41.576754987392164,
          2.475443284614734,
          41.581938788668204
        ],
        "type": "Polygon",
        "coordinates": [
          [
            [
              2.4753488721914203,
              41.57857337860821
            ],
            [
              2.475018602879951,
              41.57833547308152
            ],
            [
              2.474909451183533,
              41.57837866088044
            ],
            [
              2.4746312417639613,
              41.57848556927871
            ],
            [
              2.4745520975258466,
              41.5785116890321
            ],
            [
              2.4744141061762837,
              41.578546277709094
            ],
            [
              2.4743245893215655,
              41.57856451445221
            ],
            [
              2.4742418702027824,
              41.578572873295954
            ],
            [
              2.474164644226362,
              41.578569368487415
            ],
            [
              2.474112894271266,
              41.57856048480897
            ],
            [
              2.4740733737828595,
              41.57855237763066
            ],
            [
              2.473943262528657,
              41.57854700944237
            ],
            [
              2.473882077271292,
              41.578547810357634
            ],
            [
              2.473772842493181,
              41.57857154095932
            ],
            [
              2.4737408221404618,
              41.5785852656222
            ],
            [
              2.473599790665115,
              41.57862470333937
            ],
            [
              2.473507929263047,
              41.57863617324841
            ],
            [
              2.473377935512132,
              41.578675391016716
            ],
            [
              2.473297449497002,
              41.57871906796358
            ],
            [
              2.4732634423644,
              41.57874107099394
            ],
            [
              2.4732371649083005,
              41.57877139522854
            ],
            [
              2.4731772876724625,
              41.57881786869231
            ],
            [
              2.4731055799768233,
              41.57885888444078
            ],
            [
              2.472986410004693,
              41.578894638523984
            ],
            [
              2.472855897685449,
              41.578923765164205
            ],
            [
              2.4725720233857253,
              41.57894480227378
            ],
            [
              2.4723596026230177,
              41.579029939082574
            ],
            [
              2.4721434597252405,
              41.579203960297015
            ],
            [
              2.4719146935903007,
              41.5793664829704
            ],
            [
              2.471684606761058,
              41.57945541051327
            ],
            [
              2.471441770949281,
              41.57959246794854
            ],
            [
              2.4713814265381937,
              41.57963713686364
            ],
            [
              2.471298917313709,
              41.57973897483158
            ],
            [
              2.4711437116022648,
              41.57978611852937
            ],
            [
              2.470928286589624,
              41.57983840551152
            ],
            [
              2.470754281533274,
              41.579871417118895
            ],
            [
              2.4703548326890465,
              41.579442544267295
            ],
            [
              2.4695910950769706,
              41.578687999858005
            ],
            [
              2.469377126465879,
              41.57847795442269
            ],
            [
              2.469013441931817,
              41.57812238102882
            ],
            [
              2.4687447788250774,
              41.5783664101294
            ],
            [
              2.468422118487409,
              41.57862676235577
            ],
            [
              2.468344629656291,
              41.57869936396956
            ],
            [
              2.4682665381854005,
              41.57880168587754
            ],
            [
              2.468109342015942,
              41.578924900802846
            ],
            [
              2.467477702619519,
              41.578682926459216
            ],
            [
              2.4656733369331887,
              41.57936128219333
            ],
            [
              2.464434598375804,
              41.57961214342178
            ],
            [
              2.4642555176175818,
              41.57966778566944
            ],
            [
              2.4618648449874354,
              41.58064905864484
            ],
            [
              2.461205491443437,
              41.580581572254985
            ],
            [
              2.461013657361298,
              41.58049663611389
            ],
            [
              2.4608511298413016,
              41.5803786002196
            ],
            [
              2.4606815885178572,
              41.58028178837462
            ],
            [
              2.4602351716637463,
              41.58014224420805
            ],
            [
              2.4594084978834907,
              41.57992867536887
            ],
            [
              2.459327623235015,
              41.579527921474046
            ],
            [
              2.4592219977024308,
              41.57933358894227
            ],
            [
              2.4592162548308054,
              41.57908703174556
            ],
            [
              2.459355573047261,
              41.57869280680605
            ],
            [
              2.4588159205654225,
              41.57815550742982
            ],
            [
              2.459695541831048,
              41.57781312876507
            ],
            [
              2.459796994841731,
              41.57777361223303
            ],
            [
              2.459881215891685,
              41.57772906155788
            ],
            [
              2.460128088530723,
              41.57764230811723
            ],
            [
              2.4602452703832833,
              41.577629796819664
            ],
            [
              2.460378263343457,
              41.577634473449145
            ],
            [
              2.4604155923847624,
              41.57755970803758
            ],
            [
              2.460615695218646,
              41.57745679205465
            ],
            [
              2.4598365528045436,
              41.57699854024078
            ],
            [
              2.459020093746204,
              41.57675880533537
            ],
            [
              2.4586015041492684,
              41.5779316587169
            ],
            [
              2.4585370536747977,
              41.578050702616586
            ],
            [
              2.458533495881694,
              41.57811760997274
            ],
            [
              2.4585542111466188,
              41.578179677631205
            ],
            [
              2.4585107342540455,
              41.578229012936944
            ],
            [
              2.4582231053418715,
              41.579058942717424
            ],
            [
              2.458189241290622,
              41.57914930721865
            ],
            [
              2.4582260139548344,
              41.57931404352166
            ],
            [
              2.458283049769893,
              41.57947986608211
            ],
            [
              2.4584332941680405,
              41.57980402440491
            ],
            [
              2.458749009498731,
              41.580310097981865
            ],
            [
              2.4591333909831747,
              41.58079667677911
            ],
            [
              2.4592726744329094,
              41.58085335718315
            ],
            [
              2.460148638681687,
              41.5813874572382
            ],
            [
              2.4601912516049893,
              41.58144197119926
            ],
            [
              2.460250768290708,
              41.5816999488281
            ],
            [
              2.4602623876848257,
              41.581759631551
            ],
            [
              2.4605484445520225,
              41.58179556019977
            ],
            [
              2.4608214262886268,
              41.58186025100978
            ],
            [
              2.460874357864635,
              41.58187139712629
            ],
            [
              2.4610175760099815,
              41.581830454074016
            ],
            [
              2.4614232463187053,
              41.581677427190186
            ],
            [
              2.461518308861809,
              41.581627972132274
            ],
            [
              2.4618095026971085,
              41.58134821570729
            ],
            [
              2.462220154222452,
              41.58108568080031
            ],
            [
              2.462323439574648,
              41.58101356518753
            ],
            [
              2.462367654115871,
              41.58101980592196
            ],
            [
              2.4624021255282007,
              41.58110166312613
            ],
            [
              2.4625593717562495,
              41.58143791938964
            ],
            [
              2.4626300720454353,
              41.58151985578996
            ],
            [
              2.46273714558017,
              41.58159889874329
            ],
            [
              2.4628871797529794,
              41.581647247333585
            ],
            [
              2.4631823090663594,
              41.58168870625246
            ],
            [
              2.463470990167824,
              41.581697618950784
            ],
            [
              2.4645465502661206,
              41.58171694826121
            ],
            [
              2.4656624272436956,
              41.5817208722949
            ],
            [
              2.46599073521229,
              41.58168132261795
            ],
            [
              2.4664973230192735,
              41.58159639024511
            ],
            [
              2.4667995791893182,
              41.58151519381331
            ],
            [
              2.466999209295612,
              41.5814409978209
            ],
            [
              2.4671915009727448,
              41.58133992488066
            ],
            [
              2.4674816187775375,
              41.581173551607186
            ],
            [
              2.467794902275051,
              41.580976209712176
            ],
            [
              2.4680910269299456,
              41.58077914786535
            ],
            [
              2.468479655858346,
              41.58047766727241
            ],
            [
              2.468681072419029,
              41.580272419757996
            ],
            [
              2.4690247855375786,
              41.58022563668557
            ],
            [
              2.4694739087374566,
              41.580184651514145
            ],
            [
              2.469554254858692,
              41.58022281497323
            ],
            [
              2.4697553264510166,
              41.580318206311524
            ],
            [
              2.469929774374969,
              41.58039789376308
            ],
            [
              2.469960550921131,
              41.58041193388208
            ],
            [
              2.4702220452197357,
              41.58053782056215
            ],
            [
              2.4703340521825363,
              41.580591011185035
            ],
            [
              2.470393034515131,
              41.58062339114172
            ],
            [
              2.4704551290698538,
              41.58064647817871
            ],
            [
              2.470768289976356,
              41.58076363841834
            ],
            [
              2.47081922708339,
              41.58078143616658
            ],
            [
              2.4709469627102285,
              41.58081823147145
            ],
            [
              2.470988860882279,
              41.58082866102995
            ],
            [
              2.4710990848539818,
              41.580856304359706
            ],
            [
              2.4713183812705295,
              41.5808821955511
            ],
            [
              2.4716809991450504,
              41.580885932242914
            ],
            [
              2.4727048942056835,
              41.5808254144129
            ],
            [
              2.4731452098686093,
              41.58083364524161
            ],
            [
              2.4734016921767985,
              41.58078906144777
            ],
            [
              2.4738586613608904,
              41.58053372268848
            ],
            [
              2.4743011689703556,
              41.580300744108584
            ],
            [
              2.474365728018211,
              41.580105850562674
            ],
            [
              2.47441018512495,
              41.57996373783282
            ],
            [
              2.4744867439775273,
              41.57985708126113
            ],
            [
              2.4747838644519287,
              41.579607853585934
            ],
            [
              2.474827880846199,
              41.57956454946756
            ],
            [
              2.475071876929784,
              41.579431453372386
            ],
            [
              2.4754110317369755,
              41.57921054660255
            ],
            [
              2.475469844127622,
              41.57865670930208
            ],
            [
              2.4754328403969463,
              41.57862485195417
            ],
            [
              2.4753488721914203,
              41.57857337860821
            ]
          ]
        ]
      }
    },
    {
      "type": "Feature",
      "id": "081976--zone--diba-342",
      "properties": {
        "name": "Onze Pins",
        "officialName": "Onze Pins",
        "municipality": "Sant Andreu de Llavaneres",
        "kind": "zone",
        "quality": "official",
        "sourceCategory": "Nucli/urbanització DIBA · LIMIT_PPU",
        "code": "342"
      },
      "geometry": {
        "bbox": [
          2.4803655810755374,
          41.57906461992518,
          2.4849760750895378,
          41.585270048294404
        ],
        "type": "Polygon",
        "coordinates": [
          [
            [
              2.4823110806974955,
              41.57979651444491
            ],
            [
              2.4822996027725366,
              41.58018269600241
            ],
            [
              2.4825122414828322,
              41.58052034460398
            ],
            [
              2.4827612104351933,
              41.58084554604308
            ],
            [
              2.482871575316164,
              41.5808908978528
            ],
            [
              2.4825021028963064,
              41.581145045000966
            ],
            [
              2.4823792861184826,
              41.58141254975828
            ],
            [
              2.4823546956268916,
              41.581652934368385
            ],
            [
              2.4817528998456857,
              41.58168976894203
            ],
            [
              2.4817801297147613,
              41.581765192547074
            ],
            [
              2.4817374712938314,
              41.58220978069369
            ],
            [
              2.4817198077954905,
              41.582303376788005
            ],
            [
              2.481706348817151,
              41.582501566352974
            ],
            [
              2.4816790882744413,
              41.58255026382046
            ],
            [
              2.4816364843368848,
              41.58256727565362
            ],
            [
              2.4815928450129796,
              41.582563746204464
            ],
            [
              2.481545982454233,
              41.58254308927332
            ],
            [
              2.4814879787822854,
              41.58250562763826
            ],
            [
              2.4814384588429523,
              41.58244226327111
            ],
            [
              2.4813047242597768,
              41.58219873367604
            ],
            [
              2.4812451497828096,
              41.5821026283352
            ],
            [
              2.481205991296949,
              41.58206390048933
            ],
            [
              2.481136301133698,
              41.5820326009655
            ],
            [
              2.4810781491374136,
              41.582028736509336
            ],
            [
              2.481041203003413,
              41.58204334169332
            ],
            [
              2.4810047727530824,
              41.582068577785094
            ],
            [
              2.4809311261265363,
              41.582261992823966
            ],
            [
              2.480904666467783,
              41.582405359337606
            ],
            [
              2.4808782071598103,
              41.582548816816576
            ],
            [
              2.480866590073001,
              41.58257632663985
            ],
            [
              2.4808289060014177,
              41.58268316296506
            ],
            [
              2.4807432447982674,
              41.58283373903237
            ],
            [
              2.4807010293521534,
              41.582862101443865
            ],
            [
              2.480512758703194,
              41.583017348888966
            ],
            [
              2.480445872998694,
              41.58308523176312
            ],
            [
              2.4804070660793447,
              41.583152431739855
            ],
            [
              2.4803361581395675,
              41.58333306839881
            ],
            [
              2.4803309968495264,
              41.583378441753794
            ],
            [
              2.4803385359914025,
              41.58342567396786
            ],
            [
              2.480377373730363,
              41.58347466804726
            ],
            [
              2.480453335996859,
              41.58351671502835
            ],
            [
              2.480577390107652,
              41.583605726107066
            ],
            [
              2.4806346628055893,
              41.583659758284504
            ],
            [
              2.4807701143441077,
              41.583778725701
            ],
            [
              2.480824719162194,
              41.58388129406035
            ],
            [
              2.4808401095960493,
              41.58398197484662
            ],
            [
              2.4808369890188082,
              41.58408698651138
            ],
            [
              2.4808269816831063,
              41.58418322911718
            ],
            [
              2.480784868698305,
              41.58422879591381
            ],
            [
              2.4807270006629834,
              41.584264114216715
            ],
            [
              2.480647645073487,
              41.584360944303896
            ],
            [
              2.4805893036566844,
              41.58444048612719
            ],
            [
              2.480546675749975,
              41.58456522446932
            ],
            [
              2.4805302091338297,
              41.5846440547147
            ],
            [
              2.4805321275116965,
              41.58468909976416
            ],
            [
              2.4805640784141016,
              41.58472914545153
            ],
            [
              2.480615922306405,
              41.58475712207398
            ],
            [
              2.480681579689083,
              41.584767867096666
            ],
            [
              2.480771784939953,
              41.58475440239714
            ],
            [
              2.4809407760229893,
              41.584715262309885
            ],
            [
              2.481005451101304,
              41.58471384288985
            ],
            [
              2.481088393169715,
              41.58473844593448
            ],
            [
              2.4812954338570052,
              41.58484692616224
            ],
            [
              2.481373859785175,
              41.58486637537933
            ],
            [
              2.4814891832372212,
              41.584877343063816
            ],
            [
              2.481623254152763,
              41.584869299734166
            ],
            [
              2.4817503122862576,
              41.584868070167914
            ],
            [
              2.481844895406647,
              41.58487723352415
            ],
            [
              2.4819531610857806,
              41.58491582127385
            ],
            [
              2.4820659373713014,
              41.58497532612171
            ],
            [
              2.482444167003667,
              41.5851454636086
            ],
            [
              2.4826654041951324,
              41.58521932725872
            ],
            [
              2.4827739464881473,
              41.585223237467005
            ],
            [
              2.482905812680441,
              41.58519086307944
            ],
            [
              2.4830126424643475,
              41.585123698852996
            ],
            [
              2.4831008624377637,
              41.5850581613436
            ],
            [
              2.4831640974363434,
              41.58496657049879
            ],
            [
              2.4831874069411084,
              41.58493190719141
            ],
            [
              2.4832347625545785,
              41.58492095102424
            ],
            [
              2.4832839778080396,
              41.58493270153185
            ],
            [
              2.4833509699254073,
              41.585032081727846
            ],
            [
              2.483375834933462,
              41.585133525316664
            ],
            [
              2.4833670551367946,
              41.58519662777137
            ],
            [
              2.483429615854244,
              41.58520465422651
            ],
            [
              2.4835873869566765,
              41.58526381929488
            ],
            [
              2.4835886342720217,
              41.585167356970636
            ],
            [
              2.4836148554718815,
              41.58508343685459
            ],
            [
              2.4836681351138012,
              41.58470491925765
            ],
            [
              2.4837325178955743,
              41.584544247432476
            ],
            [
              2.4839490267714135,
              41.58386985193356
            ],
            [
              2.484042949299977,
              41.583599874056965
            ],
            [
              2.484362113853321,
              41.583004840258624
            ],
            [
              2.4840954075081103,
              41.58273567905515
            ],
            [
              2.484158601948588,
              41.58257320014463
            ],
            [
              2.484057341357795,
              41.58245366954302
            ],
            [
              2.4839517520726977,
              41.582410772279886
            ],
            [
              2.483649230643534,
              41.58240680375114
            ],
            [
              2.483873197561228,
              41.58200067846941
            ],
            [
              2.483941630049998,
              41.581586649796144
            ],
            [
              2.4846900866797053,
              41.581375088493054
            ],
            [
              2.4847525063179376,
              41.58124935545423
            ],
            [
              2.484883104334005,
              41.58125480366858
            ],
            [
              2.484936473160188,
              41.58112065410448
            ],
            [
              2.484999227566002,
              41.5808921493263
            ],
            [
              2.48501274103177,
              41.58065558762389
            ],
            [
              2.484991870348045,
              41.580337717172846
            ],
            [
              2.4849466151213213,
              41.580159980885504
            ],
            [
              2.4849023696095647,
              41.579840114148425
            ],
            [
              2.4849037070540048,
              41.57967150376871
            ],
            [
              2.484873631277013,
              41.57938007252218
            ],
            [
              2.4849247111907906,
              41.57936787130891
            ],
            [
              2.4845024330345007,
              41.579083241907675
            ],
            [
              2.4844251056200637,
              41.57910757604824
            ],
            [
              2.4843429644865584,
              41.57914891141693
            ],
            [
              2.484312585853521,
              41.57912238382127
            ],
            [
              2.48374126384562,
              41.57916179749189
            ],
            [
              2.4834821635399233,
              41.57917531748589
            ],
            [
              2.4829295641487437,
              41.57922868154736
            ],
            [
              2.482845281536588,
              41.579222538720664
            ],
            [
              2.482765428605025,
              41.57923253789954
            ],
            [
              2.482338061087429,
              41.579226293752214
            ],
            [
              2.4822814315264177,
              41.57937772235478
            ],
            [
              2.482261901181819,
              41.57940501655766
            ],
            [
              2.4823080003183002,
              41.57944575691426
            ],
            [
              2.4823244812191274,
              41.57963552453545
            ],
            [
              2.4823110806974955,
              41.57979651444491
            ]
          ]
        ]
      }
    },
    {
      "type": "Feature",
      "id": "081976--zone--diba-691",
      "properties": {
        "name": "Pla de Marc",
        "officialName": "Pla de Marc",
        "municipality": "Sant Andreu de Llavaneres",
        "kind": "zone",
        "quality": "official",
        "sourceCategory": "Nucli/urbanització DIBA · LIMIT_PPU",
        "code": "691"
      },
      "geometry": {
        "bbox": [
          2.4841340987329987,
          41.59462045462666,
          2.4864286053861044,
          41.597311370516294
        ],
        "type": "Polygon",
        "coordinates": [
          [
            [
              2.485224255224119,
              41.59714310694965
            ],
            [
              2.4852681943984014,
              41.59721602197445
            ],
            [
              2.4852802708919337,
              41.597239681362296
            ],
            [
              2.4852930896490726,
              41.59725721193092
            ],
            [
              2.485307974229976,
              41.59727178025214
            ],
            [
              2.48532611042705,
              41.59728456167635
            ],
            [
              2.485346425518808,
              41.59729510103709
            ],
            [
              2.485363666011084,
              41.59730508439444
            ],
            [
              2.485391982069745,
              41.5973067351711
            ],
            [
              2.4860901773304356,
              41.597302983896455
            ],
            [
              2.4861691277746116,
              41.59729166517461
            ],
            [
              2.4862219298041413,
              41.59724533362976
            ],
            [
              2.4862520312842835,
              41.597161202546275
            ],
            [
              2.4862629400391363,
              41.59712819105324
            ],
            [
              2.4863054120380337,
              41.59699964819919
            ],
            [
              2.486327480265319,
              41.59693286160369
            ],
            [
              2.486349982859391,
              41.596864859162466
            ],
            [
              2.486369466919335,
              41.59680602342831
            ],
            [
              2.4863832959892083,
              41.596764255501455
            ],
            [
              2.486392870535551,
              41.59672031673207
            ],
            [
              2.4864010641559315,
              41.596682710200476
            ],
            [
              2.4864344149550472,
              41.59643959293796
            ],
            [
              2.4864352210387732,
              41.59642191618994
            ],
            [
              2.48643574827921,
              41.5964103523237
            ],
            [
              2.486434011307602,
              41.59635670633653
            ],
            [
              2.4864308075503008,
              41.59632158893471
            ],
            [
              2.4864290493315497,
              41.59630695058949
            ],
            [
              2.4864197470422207,
              41.59625298707756
            ],
            [
              2.4864020657030146,
              41.5961987321284
            ],
            [
              2.486393226998059,
              41.596176504160184
            ],
            [
              2.4863821383825186,
              41.59615337892479
            ],
            [
              2.4863153828428364,
              41.59603289140923
            ],
            [
              2.486310117730078,
              41.59598748300499
            ],
            [
              2.4863087271717257,
              41.59595372028447
            ],
            [
              2.486309387429971,
              41.59591872462585
            ],
            [
              2.486302025309253,
              41.59588839671323
            ],
            [
              2.4862997222580003,
              41.595878917991236
            ],
            [
              2.486297622596189,
              41.59584878292806
            ],
            [
              2.4862962541666844,
              41.59582917881743
            ],
            [
              2.4862935164386712,
              41.595789929158656
            ],
            [
              2.486283864936477,
              41.59574643501065
            ],
            [
              2.4862885565741264,
              41.59571268775599
            ],
            [
              2.4862924625357654,
              41.59569222359989
            ],
            [
              2.4863035660034956,
              41.595646575778154
            ],
            [
              2.4863085738009274,
              41.59561653552161
            ],
            [
              2.486317147438967,
              41.59552266593373
            ],
            [
              2.4863242722524324,
              41.59544747633324
            ],
            [
              2.4863265169206024,
              41.59540968559172
            ],
            [
              2.486326970673002,
              41.59539937070269
            ],
            [
              2.4863250966135935,
              41.59537074626238
            ],
            [
              2.486321717487845,
              41.59534913355488
            ],
            [
              2.4863180710780877,
              41.59533202418407
            ],
            [
              2.4863109273339337,
              41.59530397428024
            ],
            [
              2.4862914332698365,
              41.595247453085896
            ],
            [
              2.486286597100837,
              41.595233455810686
            ],
            [
              2.4862735167976826,
              41.59519550922126
            ],
            [
              2.4862435038021866,
              41.59512107691387
            ],
            [
              2.486215283854774,
              41.59505174531617
            ],
            [
              2.4861864006907153,
              41.59498071648095
            ],
            [
              2.4861586263112647,
              41.59491255870385
            ],
            [
              2.486149894373394,
              41.59489853500313
            ],
            [
              2.486137385330484,
              41.59487844334159
            ],
            [
              2.486127114830401,
              41.59486476224413
            ],
            [
              2.4860972040252003,
              41.59483073332375
            ],
            [
              2.4860812358918296,
              41.59481621970341
            ],
            [
              2.4860664102333176,
              41.59480274251935
            ],
            [
              2.486047427217207,
              41.594788479329935
            ],
            [
              2.486029899219679,
              41.59477548275793
            ],
            [
              2.4860100598306625,
              41.59476344683256
            ],
            [
              2.4859905258004478,
              41.5947516401527
            ],
            [
              2.485929440883917,
              41.59472124945512
            ],
            [
              2.4858985458657257,
              41.59470784541302
            ],
            [
              2.4858617820372197,
              41.59469189578662
            ],
            [
              2.4858367534610375,
              41.59468103819403
            ],
            [
              2.485805858474237,
              41.594667635027854
            ],
            [
              2.485787819594997,
              41.59466066199195
            ],
            [
              2.485759546279688,
              41.594652258760505
            ],
            [
              2.4857338212806126,
              41.59464721131719
            ],
            [
              2.485710126633399,
              41.59464395909047
            ],
            [
              2.4856330106419073,
              41.59464088490335
            ],
            [
              2.4856165433680752,
              41.59464467534377
            ],
            [
              2.4856068366707578,
              41.59464931659155
            ],
            [
              2.485598662723088,
              41.59465540585828
            ],
            [
              2.485588442694783,
              41.59467180649002
            ],
            [
              2.485593122694157,
              41.59469713693429
            ],
            [
              2.4854730429413814,
              41.59470850449725
            ],
            [
              2.485445722846801,
              41.59468024804577
            ],
            [
              2.4854368812763017,
              41.59467370613216
            ],
            [
              2.4854119909179335,
              41.59466071434474
            ],
            [
              2.4853941100423835,
              41.59465364377517
            ],
            [
              2.4853753893359243,
              41.594647922334275
            ],
            [
              2.485346136540759,
              41.594641990713086
            ],
            [
              2.485324692902229,
              41.594639039417984
            ],
            [
              2.485282803966292,
              41.59463328360007
            ],
            [
              2.485239245423031,
              41.59462729871284
            ],
            [
              2.485201766684086,
              41.59462524027634
            ],
            [
              2.4851641986032753,
              41.594625214366495
            ],
            [
              2.48515196062184,
              41.59462586753467
            ],
            [
              2.485126722452893,
              41.59462720918487
            ],
            [
              2.4850895302967286,
              41.59463121388229
            ],
            [
              2.485034713055608,
              41.59464095741393
            ],
            [
              2.484990008765047,
              41.594654277968445
            ],
            [
              2.4849464858638393,
              41.5946696205239
            ],
            [
              2.484904281552934,
              41.594686932553515
            ],
            [
              2.4848438116172606,
              41.594716440522305
            ],
            [
              2.4848108563490268,
              41.59473536212445
            ],
            [
              2.484805614104629,
              41.59473837408042
            ],
            [
              2.484728056797522,
              41.59478942194222
            ],
            [
              2.484706348557017,
              41.59480012435408
            ],
            [
              2.4846906723783198,
              41.59480566651677
            ],
            [
              2.4846742689759873,
              41.594809862435035
            ],
            [
              2.4846412480535096,
              41.594815304327376
            ],
            [
              2.4846251414354983,
              41.59481809013114
            ],
            [
              2.484414945876484,
              41.594869166427074
            ],
            [
              2.4842537491621517,
              41.59490720526769
            ],
            [
              2.4842765134209057,
              41.59513375622858
            ],
            [
              2.484255251517898,
              41.59541212751492
            ],
            [
              2.4842333876828326,
              41.595698409861846
            ],
            [
              2.484124270539058,
              41.595854737587324
            ],
            [
              2.484141592860188,
              41.59610602687598
            ],
            [
              2.484219803940456,
              41.59635020427922
            ],
            [
              2.4844205605278797,
              41.59653441057289
            ],
            [
              2.4848355717250135,
              41.596869743976264
            ],
            [
              2.4850250300260095,
              41.5969595493493
            ],
            [
              2.485224255224119,
              41.59714310694965
            ]
          ]
        ]
      }
    },
    {
      "type": "Feature",
      "id": "081976--zone--diba-574",
      "properties": {
        "name": "Dipòsit Roca de la Nau II",
        "officialName": "Dipòsit Roca de la Nau II",
        "municipality": "Sant Andreu de Llavaneres",
        "kind": "zone",
        "quality": "official",
        "sourceCategory": "Nucli/urbanització DIBA · AMBIT_DA",
        "code": "574"
      },
      "geometry": {
        "bbox": [
          2.494196869914859,
          41.59357292436514,
          2.494381540934576,
          41.59371318938258
        ],
        "type": "Polygon",
        "coordinates": [
          [
            [
              2.494363155800664,
              41.593600869256434
            ],
            [
              2.4943579763809307,
              41.59359619143407
            ],
            [
              2.494352273573059,
              41.59359187028614
            ],
            [
              2.4943460907788695,
              41.593587938699194
            ],
            [
              2.4943394750531414,
              41.59358442659485
            ],
            [
              2.4943324767454587,
              41.59358136070231
            ],
            [
              2.494325149117075,
              41.593578764354795
            ],
            [
              2.4943175479355557,
              41.59357665731202
            ],
            [
              2.4943097310503144,
              41.59357505560981
            ],
            [
              2.494301757952413,
              41.59357397143801
            ],
            [
              2.494293689321744,
              41.59357341304784
            ],
            [
              2.494285586565271,
              41.59357338468895
            ],
            [
              2.4942775113496616,
              41.59357388657718
            ],
            [
              2.494269525131997,
              41.59357491489287
            ],
            [
              2.494261688692008,
              41.5935764618099
            ],
            [
              2.4942540616695745,
              41.59357851555538
            ],
            [
              2.49424670211079,
              41.5935810604991
            ],
            [
              2.4942396660262007,
              41.59358407727254
            ],
            [
              2.494233006964576,
              41.59358754291631
            ],
            [
              2.4942267756052905,
              41.59359143105485
            ],
            [
              2.494221019372753,
              41.59359571209712
            ],
            [
              2.4942157820753375,
              41.59360035346191
            ],
            [
              2.494211103572083,
              41.59360531982566
            ],
            [
              2.4942070194692816,
              41.593610573391445
            ],
            [
              2.4942035608495257,
              41.59361607417653
            ],
            [
              2.4942007540351283,
              41.59362178031666
            ],
            [
              2.4941986203877677,
              41.59362764838469
            ],
            [
              2.494197176145993,
              41.593633633721176
            ],
            [
              2.4941964323015187,
              41.59363969077407
            ],
            [
              2.49419639451565,
              41.593645773445566
            ],
            [
              2.4941970630761574,
              41.59365183544288
            ],
            [
              2.494198432895093,
              41.59365783063053
            ],
            [
              2.4942004935474977,
              41.593663713381495
            ],
            [
              2.4942032293507177,
              41.59366943892445
            ],
            [
              2.494206619483817,
              41.593674963684514
            ],
            [
              2.494210638145946,
              41.59368024561488
            ],
            [
              2.494215254752767,
              41.593685244516784
            ],
            [
              2.494220434169197,
              41.593689922345504
            ],
            [
              2.494226136976775,
              41.593694243499876
            ],
            [
              2.4942323197737024,
              41.59369817509322
            ],
            [
              2.4942389355051198,
              41.5937016872037
            ],
            [
              2.494245933821256,
              41.5937047531019
            ],
            [
              2.494253261460611,
              41.59370734945448
            ],
            [
              2.4942608626552856,
              41.59370945650153
            ],
            [
              2.4942686795554634,
              41.59371105820712
            ],
            [
              2.4942766526696376,
              41.59371214238128
            ],
            [
              2.494284721317422,
              41.59371270077271
            ],
            [
              2.494292824091311,
              41.59371272913175
            ],
            [
              2.4943008993241307,
              41.59371222724256
            ],
            [
              2.4943088855582696,
              41.59371119892482
            ],
            [
              2.49431672201349,
              41.59370965200469
            ],
            [
              2.4943243490494535,
              41.59370759825517
            ],
            [
              2.494331708619669,
              41.59370505330661
            ],
            [
              2.4943387447132204,
              41.59370203652765
            ],
            [
              2.4943454037810837,
              41.59369857087784
            ],
            [
              2.49435163514368,
              41.59369468273298
            ],
            [
              2.4943573913765036,
              41.59369040168424
            ],
            [
              2.4943626286711855,
              41.593685760313065
            ],
            [
              2.4943673071687593,
              41.59368079394318
            ],
            [
              2.494371391263099,
              41.593675540371706
            ],
            [
              2.4943748498718787,
              41.59367003958157
            ],
            [
              2.4943776566731213,
              41.593664333437175
            ],
            [
              2.494379790305532,
              41.593658465365756
            ],
            [
              2.4943812345310388,
              41.59365248002693
            ],
            [
              2.494381978358406,
              41.59364642297275
            ],
            [
              2.4943820161268593,
              41.593640340301086
            ],
            [
              2.494381347549141,
              41.593634278304755
            ],
            [
              2.4943799777137308,
              41.59362828311916
            ],
            [
              2.494377917046103,
              41.593622400371295
            ],
            [
              2.4943751812293407,
              41.593616674832376
            ],
            [
              2.4943717910848235,
              41.593611150077166
            ],
            [
              2.494367772413723,
              41.593605868152316
            ],
            [
              2.494363155800664,
              41.593600869256434
            ]
          ]
        ]
      }
    }
  ]
}
