{
  "type": "FeatureCollection",
  "municipality": "Sant Sadurní d'Anoia",
  "source": {
    "organization": "Diputació de Barcelona",
    "title": "Límits d’urbanitzacions i nuclis de població · referencia territorial",
    "official": true,
    "accessedAt": "2026-08-12"
  },
  "features": [
    {
      "type": "Feature",
      "id": "082401--zone--diba-648",
      "properties": {
        "name": "Can Canals",
        "officialName": "Can Canals",
        "municipality": "Sant Sadurní d'Anoia",
        "kind": "zone",
        "quality": "official",
        "sourceCategory": "Nucli/urbanització DIBA · LIMIT_PPU",
        "code": "648"
      },
      "geometry": {
        "bbox": [
          1.7712209383615876,
          41.46339343475218,
          1.7915823725752844,
          41.48314969697642
        ],
        "type": "Polygon",
        "coordinates": [
          [
            [
              1.780174373299124,
              41.48302849269375
            ],
            [
              1.7802140815976715,
              41.48302522088771
            ],
            [
              1.780249713182033,
              41.48302057726529
            ],
            [
              1.7802796127399556,
              41.48301539005339
            ],
            [
              1.7803020423719638,
              41.483010165046174
            ],
            [
              1.7803262589436433,
              41.483002585580984
            ],
            [
              1.7803510467737145,
              41.48299654339737
            ],
            [
              1.7803735052049523,
              41.48299335881848
            ],
            [
              1.7804281144992713,
              41.48298654749147
            ],
            [
              1.7804903672464625,
              41.482980483722386
            ],
            [
              1.7805488303849804,
              41.48297594159085
            ],
            [
              1.7805673098657917,
              41.48297536921423
            ],
            [
              1.7806238807685948,
              41.4829754754269
            ],
            [
              1.7806734536363795,
              41.48297311870142
            ],
            [
              1.7807363483581373,
              41.482968908086875
            ],
            [
              1.7807803801829172,
              41.482964892887914
            ],
            [
              1.7808409798932683,
              41.48295633892077
            ],
            [
              1.7808863543657731,
              41.48294683179606
            ],
            [
              1.7809459019823537,
              41.48293408186323
            ],
            [
              1.780983224378739,
              41.48292722124213
            ],
            [
              1.7810693910589592,
              41.482912010687556
            ],
            [
              1.7811251197075149,
              41.4828999821971
            ],
            [
              1.781187645939105,
              41.48288404722559
            ],
            [
              1.7812475961490164,
              41.48286712925476
            ],
            [
              1.7813010778897136,
              41.48285457786753
            ],
            [
              1.7813439994489413,
              41.482844032156606
            ],
            [
              1.7813711662272325,
              41.4828356730812
            ],
            [
              1.781421309777351,
              41.48281998417704
            ],
            [
              1.7814492783427733,
              41.48281102378913
            ],
            [
              1.7814979914074243,
              41.482795222416804
            ],
            [
              1.7815436637106734,
              41.48278048408723
            ],
            [
              1.7815670942216593,
              41.482774251619524
            ],
            [
              1.7816167312385862,
              41.482761172061544
            ],
            [
              1.7816492127228536,
              41.482749222196794
            ],
            [
              1.7816914375052353,
              41.482733536655765
            ],
            [
              1.7817488479409445,
              41.482715286370514
            ],
            [
              1.781801061215468,
              41.482699142741524
            ],
            [
              1.7818475026167553,
              41.48268349550129
            ],
            [
              1.781904843271968,
              41.48266289080992
            ],
            [
              1.7819420183676569,
              41.48264770113394
            ],
            [
              1.781964213814859,
              41.48263750673544
            ],
            [
              1.781993017857725,
              41.48262351641952
            ],
            [
              1.7820440816341836,
              41.482596536519395
            ],
            [
              1.7821172415676307,
              41.48255819918413
            ],
            [
              1.7821520946857883,
              41.48253977737692
            ],
            [
              1.782173617053294,
              41.482528040077796
            ],
            [
              1.7822032867563213,
              41.48251297530555
            ],
            [
              1.7822343117857957,
              41.48249896340992
            ],
            [
              1.7822863876924115,
              41.482477026456564
            ],
            [
              1.7823177745553846,
              41.4824615357795
            ],
            [
              1.7823323052707376,
              41.48245313275936
            ],
            [
              1.7823449375712401,
              41.4824447898022
            ],
            [
              1.782385130598156,
              41.4824149627615
            ],
            [
              1.7824256099950706,
              41.48238410470839
            ],
            [
              1.7824725062720643,
              41.4823470185198
            ],
            [
              1.7825079757608515,
              41.48231440683515
            ],
            [
              1.7825301782860965,
              41.4822948655997
            ],
            [
              1.7825484967025345,
              41.482280683077455
            ],
            [
              1.7825845763255517,
              41.48225623297245
            ],
            [
              1.7825867784538252,
              41.48225485655957
            ],
            [
              1.782620922661758,
              41.482234105941366
            ],
            [
              1.7826731483015261,
              41.48220319108908
            ],
            [
              1.7826957510818626,
              41.482188562096745
            ],
            [
              1.7827255963925113,
              41.482163972100466
            ],
            [
              1.7827735863265655,
              41.48213134333055
            ],
            [
              1.7828096795506705,
              41.48210724548046
            ],
            [
              1.782846573001368,
              41.4820839081914
            ],
            [
              1.782866145982175,
              41.482073788545236
            ],
            [
              1.7828915224758402,
              41.48206032467961
            ],
            [
              1.7829194832864594,
              41.48204419769752
            ],
            [
              1.7829326648702621,
              41.48203612890296
            ],
            [
              1.7829719401117208,
              41.482010257824314
            ],
            [
              1.7830015248069937,
              41.481988191525126
            ],
            [
              1.7830260014462005,
              41.481969620916125
            ],
            [
              1.7830624180210326,
              41.48194161096429
            ],
            [
              1.7831114435370266,
              41.481903421136636
            ],
            [
              1.7831255530878367,
              41.48188992447367
            ],
            [
              1.7831338114415007,
              41.481885778454725
            ],
            [
              1.7831762945299365,
              41.48184938747495
            ],
            [
              1.7832555088575277,
              41.481782560544055
            ],
            [
              1.783287460598785,
              41.48175714060023
            ],
            [
              1.7833536101994885,
              41.48170909777264
            ],
            [
              1.7833915234038442,
              41.48168340849711
            ],
            [
              1.7834252970199493,
              41.4816584275237
            ],
            [
              1.7834818804100212,
              41.48161547789786
            ],
            [
              1.7835450595241087,
              41.481565820066315
            ],
            [
              1.7835612986374116,
              41.481552894413454
            ],
            [
              1.7835926529012032,
              41.48152623407307
            ],
            [
              1.7836329797353325,
              41.48149194492062
            ],
            [
              1.7836677258713487,
              41.481465740169675
            ],
            [
              1.7837053027259067,
              41.481441818053156
            ],
            [
              1.7837227634485309,
              41.48143280182437
            ],
            [
              1.7837534917463536,
              41.481416934488976
            ],
            [
              1.783780324120346,
              41.48140437573508
            ],
            [
              1.7838349631101063,
              41.48138070516377
            ],
            [
              1.783881420991186,
              41.481362434362815
            ],
            [
              1.7840244989521425,
              41.48131346256944
            ],
            [
              1.7841110344952875,
              41.48128541651673
            ],
            [
              1.7842062507499319,
              41.48124445842561
            ],
            [
              1.7842576146399662,
              41.48122367857855
            ],
            [
              1.7843125613022124,
              41.48120166475859
            ],
            [
              1.7843968519896098,
              41.48116990089487
            ],
            [
              1.7844307725454436,
              41.481156248669315
            ],
            [
              1.7845364220281572,
              41.48111215256685
            ],
            [
              1.7846092175336643,
              41.481063215469625
            ],
            [
              1.7846321523383581,
              41.481049618225946
            ],
            [
              1.7846897555000476,
              41.48101477627517
            ],
            [
              1.78475854665174,
              41.48097148213229
            ],
            [
              1.7847936898280177,
              41.48094918136328
            ],
            [
              1.7848216232586482,
              41.480931455740496
            ],
            [
              1.7848686865241161,
              41.480903316305486
            ],
            [
              1.7848732919986414,
              41.4808999124926
            ],
            [
              1.7849026998646615,
              41.4808778249132
            ],
            [
              1.7849148230848764,
              41.480870026632864
            ],
            [
              1.7849684136695683,
              41.48084363686771
            ],
            [
              1.784996365089933,
              41.48083013668454
            ],
            [
              1.7850104730055194,
              41.4808229133059
            ],
            [
              1.7850628001544755,
              41.48079452135212
            ],
            [
              1.7850944216135989,
              41.48077934493743
            ],
            [
              1.7851372878115341,
              41.480758703711395
            ],
            [
              1.7851540659876914,
              41.480748567660015
            ],
            [
              1.7851803865512257,
              41.48073208772612
            ],
            [
              1.7852029836521637,
              41.480717063657316
            ],
            [
              1.7852513174998326,
              41.48068154434794
            ],
            [
              1.785281048457812,
              41.48066087151615
            ],
            [
              1.7852930249312928,
              41.48065451280269
            ],
            [
              1.7853305972188922,
              41.48063725545239
            ],
            [
              1.7853897596555268,
              41.48060225577494
            ],
            [
              1.785474083331657,
              41.480547616694444
            ],
            [
              1.785534228538519,
              41.48051456387499
            ],
            [
              1.7856075597753398,
              41.48046687929545
            ],
            [
              1.7856713286345123,
              41.48042692909632
            ],
            [
              1.7857147236295159,
              41.480392889572286
            ],
            [
              1.7857464438384913,
              41.48037471461019
            ],
            [
              1.7857563500421554,
              41.48036690544306
            ],
            [
              1.7858301711255022,
              41.48030502508709
            ],
            [
              1.785872887438547,
              41.480269284977346
            ],
            [
              1.7859093654367526,
              41.48023876534247
            ],
            [
              1.7859738870854722,
              41.48018477163528
            ],
            [
              1.7860211762232239,
              41.48014518050792
            ],
            [
              1.786080792194116,
              41.48009790119149
            ],
            [
              1.7860880863001427,
              41.48009277380049
            ],
            [
              1.7861206630355282,
              41.48006931512347
            ],
            [
              1.7861440663640897,
              41.480052461900414
            ],
            [
              1.7861688368382387,
              41.480037120103844
            ],
            [
              1.7861846280967657,
              41.480028504713445
            ],
            [
              1.78620041935115,
              41.4800198893208
            ],
            [
              1.786223991762562,
              41.48000809362607
            ],
            [
              1.7862566101294128,
              41.479991769979286
            ],
            [
              1.7863037111560303,
              41.47996724945366
            ],
            [
              1.7863528016812338,
              41.47994124749621
            ],
            [
              1.7864119560433382,
              41.47990989062614
            ],
            [
              1.7864278398959852,
              41.47989951886764
            ],
            [
              1.786443723726766,
              41.479889148007416
            ],
            [
              1.7864519907011418,
              41.47988252484892
            ],
            [
              1.7864629803984575,
              41.47987331922177
            ],
            [
              1.7864981798764072,
              41.47983991259838
            ],
            [
              1.786520328779271,
              41.479817293141146
            ],
            [
              1.786558003618059,
              41.47977915139263
            ],
            [
              1.7865912337121295,
              41.47974652650598
            ],
            [
              1.786623401302698,
              41.47971429122175
            ],
            [
              1.7866648568771488,
              41.47967154699599
            ],
            [
              1.7867049440057488,
              41.479632493894734
            ],
            [
              1.7867419021193554,
              41.47960033793702
            ],
            [
              1.7867733284296399,
              41.47957361082031
            ],
            [
              1.7867887889476475,
              41.479561590724884
            ],
            [
              1.78679982389183,
              41.479554320296074
            ],
            [
              1.7868348322051395,
              41.47953872155575
            ],
            [
              1.7868718607106053,
              41.47952603183327
            ],
            [
              1.7869104827116036,
              41.47951639614614
            ],
            [
              1.7870012890603266,
              41.479497739753526
            ],
            [
              1.7870271708949361,
              41.479491823852825
            ],
            [
              1.7870921422925115,
              41.4794752818295
            ],
            [
              1.7872805389286492,
              41.479422664867315
            ],
            [
              1.7874384903590146,
              41.47937537595018
            ],
            [
              1.787523899665669,
              41.47934796755727
            ],
            [
              1.787562003585946,
              41.47933533668714
            ],
            [
              1.7875981321171608,
              41.479319767536765
            ],
            [
              1.7876294574438094,
              41.47930254445445
            ],
            [
              1.7876579032353914,
              41.47928269692596
            ],
            [
              1.7876749316263738,
              41.4792678982921
            ],
            [
              1.7876898629639069,
              41.479251869680546
            ],
            [
              1.7876956528393135,
              41.479243382844345
            ],
            [
              1.7876994265280781,
              41.479234275774395
            ],
            [
              1.7877010736166634,
              41.47922481752413
            ],
            [
              1.7877182668138947,
              41.478931849253364
            ],
            [
              1.7877201554291653,
              41.47889882791623
            ],
            [
              1.7877204926198944,
              41.478893524406864
            ],
            [
              1.7875850875994561,
              41.478894335371486
            ],
            [
              1.7875952063412535,
              41.47882947734991
            ],
            [
              1.7875726122336584,
              41.47883001288867
            ],
            [
              1.7876200704561933,
              41.47848552791499
            ],
            [
              1.7874008699653134,
              41.4784987914208
            ],
            [
              1.7873545489178309,
              41.47850166272988
            ],
            [
              1.7872683390115927,
              41.47851059052126
            ],
            [
              1.787088121271262,
              41.478530542522776
            ],
            [
              1.787004839127194,
              41.478427233896305
            ],
            [
              1.7869565270129613,
              41.47844824353528
            ],
            [
              1.7867583423599311,
              41.47837361868612
            ],
            [
              1.786698210769749,
              41.478320362266366
            ],
            [
              1.7868295491051378,
              41.47824938810798
            ],
            [
              1.786715350860593,
              41.477673707266455
            ],
            [
              1.787346160845541,
              41.47754168471407
            ],
            [
              1.7877606187613568,
              41.47749160788492
            ],
            [
              1.787841769285064,
              41.47739797636874
            ],
            [
              1.7879210876585772,
              41.47730630797768
            ],
            [
              1.7879224497531956,
              41.477305262180536
            ],
            [
              1.7879892600377356,
              41.47735516019593
            ],
            [
              1.7880079550300407,
              41.47736922294947
            ],
            [
              1.7880611181740527,
              41.47740919975032
            ],
            [
              1.7881030891386223,
              41.47744036030218
            ],
            [
              1.788129981524962,
              41.477459739916824
            ],
            [
              1.7881645517983196,
              41.477485255090734
            ],
            [
              1.7881940191409273,
              41.4775068911134
            ],
            [
              1.7882464922780785,
              41.47754540859124
            ],
            [
              1.788248452185337,
              41.47754686139168
            ],
            [
              1.7883209380505014,
              41.4776005948458
            ],
            [
              1.7883776089942829,
              41.47764221264489
            ],
            [
              1.788489041206412,
              41.477724010303405
            ],
            [
              1.7885254005905362,
              41.47775174017952
            ],
            [
              1.7885760770806785,
              41.47779002691127
            ],
            [
              1.7886353495209184,
              41.4778348083052
            ],
            [
              1.7886730923441658,
              41.47786279680183
            ],
            [
              1.788717642365622,
              41.47789583167664
            ],
            [
              1.7887548202219896,
              41.47792425555086
            ],
            [
              1.78879721853776,
              41.47795417735047
            ],
            [
              1.7887987201113846,
              41.47795297358384
            ],
            [
              1.7890723146520244,
              41.47814653686714
            ],
            [
              1.7891868463665708,
              41.478164801503645
            ],
            [
              1.7892002231424629,
              41.47816231221798
            ],
            [
              1.7894656424151132,
              41.478187614359726
            ],
            [
              1.7914008245640314,
              41.47837207586038
            ],
            [
              1.791460148557896,
              41.47807346437452
            ],
            [
              1.791522474563791,
              41.478087647255585
            ],
            [
              1.791513762199644,
              41.477998956903924
            ],
            [
              1.791540714305778,
              41.47789360320146
            ],
            [
              1.7915459591838756,
              41.477823969300545
            ],
            [
              1.7915536867857047,
              41.47778541394317
            ],
            [
              1.7915573098644446,
              41.47776162245897
            ],
            [
              1.7915615131428064,
              41.4776655332567
            ],
            [
              1.7915881760199546,
              41.47766670422089
            ],
            [
              1.7916227037856542,
              41.477418128505306
            ],
            [
              1.791624571163165,
              41.477295233525204
            ],
            [
              1.7916229603887135,
              41.47728633005826
            ],
            [
              1.7916548347400552,
              41.47728315482384
            ],
            [
              1.791664855925145,
              41.47727560395516
            ],
            [
              1.7916691771446815,
              41.47727186631398
            ],
            [
              1.791676399366655,
              41.47726347538611
            ],
            [
              1.7916818387896953,
              41.4772543451483
            ],
            [
              1.7916867753109484,
              41.4772399854273
            ],
            [
              1.7916929400336883,
              41.477198256598896
            ],
            [
              1.7916924016224363,
              41.47718887800801
            ],
            [
              1.7916899827200228,
              41.47715436026855
            ],
            [
              1.791687255547253,
              41.47712876546548
            ],
            [
              1.7916845509085018,
              41.47710814739935
            ],
            [
              1.7916822807398096,
              41.47709392813774
            ],
            [
              1.7916785032710039,
              41.47707361675569
            ],
            [
              1.7916700315480376,
              41.47704327603225
            ],
            [
              1.79166010027761,
              41.47700150059396
            ],
            [
              1.7916505942771161,
              41.47696790909788
            ],
            [
              1.791635238699184,
              41.47692065520891
            ],
            [
              1.7916103049115426,
              41.476850276373526
            ],
            [
              1.791608853158374,
              41.47685041424346
            ],
            [
              1.7911628956420238,
              41.4768299417387
            ],
            [
              1.791163158781863,
              41.47682158218217
            ],
            [
              1.7905225855694613,
              41.47680049185353
            ],
            [
              1.7899261127655728,
              41.47677301285581
            ],
            [
              1.7897373999085513,
              41.47676436272987
            ],
            [
              1.7897360842324521,
              41.47674366826145
            ],
            [
              1.7897690166877183,
              41.47668850318305
            ],
            [
              1.789813710794454,
              41.47660968274022
            ],
            [
              1.7898642084218064,
              41.47651954719783
            ],
            [
              1.7898632027553671,
              41.47651585715852
            ],
            [
              1.7899223419596277,
              41.47650559324821
            ],
            [
              1.7901422188237643,
              41.47613147402474
            ],
            [
              1.7901444100530082,
              41.47612898945924
            ],
            [
              1.7901387506481605,
              41.47611961103353
            ],
            [
              1.7901789642665447,
              41.47610823456633
            ],
            [
              1.7901543684362355,
              41.47605906651633
            ],
            [
              1.7901407829520783,
              41.47604485519487
            ],
            [
              1.7901358249344463,
              41.4760112240429
            ],
            [
              1.7901261549872463,
              41.47595320485568
            ],
            [
              1.7901040979267,
              41.47583831063623
            ],
            [
              1.7901053845620798,
              41.475825155583834
            ],
            [
              1.7900262239395188,
              41.47567667609823
            ],
            [
              1.7897037682408714,
              41.475811834466946
            ],
            [
              1.789619939503567,
              41.475841685895304
            ],
            [
              1.7892955966428794,
              41.47593915496721
            ],
            [
              1.7891704207984678,
              41.47597684755995
            ],
            [
              1.7891132483079557,
              41.4759940718711
            ],
            [
              1.7887673376691133,
              41.476111218371905
            ],
            [
              1.7887562264710168,
              41.4761123362476
            ],
            [
              1.7885923178357623,
              41.47616878769519
            ],
            [
              1.7884346173697614,
              41.476224288289856
            ],
            [
              1.7884099836353755,
              41.476235418443686
            ],
            [
              1.7882696129434508,
              41.47628417750429
            ],
            [
              1.788115884795015,
              41.47633863864144
            ],
            [
              1.7881096978112558,
              41.47633901480334
            ],
            [
              1.7880359921594613,
              41.47636504187892
            ],
            [
              1.7879843242443125,
              41.47638325588081
            ],
            [
              1.7879503664204022,
              41.47639522623019
            ],
            [
              1.7877878261807463,
              41.47645008855683
            ],
            [
              1.7877814069237694,
              41.47645200249087
            ],
            [
              1.787622088811982,
              41.47649963150198
            ],
            [
              1.787502760913691,
              41.47653530234157
            ],
            [
              1.7875102270504721,
              41.476625075144064
            ],
            [
              1.7874819591896038,
              41.47661879632371
            ],
            [
              1.7874084919278643,
              41.47661594199263
            ],
            [
              1.7873828973816106,
              41.476615247899346
            ],
            [
              1.7873445088878204,
              41.47661560245559
            ],
            [
              1.7873221004015902,
              41.47661643714364
            ],
            [
              1.787313194305011,
              41.47661676837919
            ],
            [
              1.7872877628914488,
              41.476618373731604
            ],
            [
              1.7872693535537882,
              41.476619716251776
            ],
            [
              1.787246351785551,
              41.47662205158039
            ],
            [
              1.787214407436397,
              41.476625904001
            ],
            [
              1.7871964703178953,
              41.47662857735464
            ],
            [
              1.787169101931462,
              41.476633026557316
            ],
            [
              1.787157545274432,
              41.476635161902244
            ],
            [
              1.7871330804140138,
              41.476641390020376
            ],
            [
              1.7871169311346495,
              41.47664266537671
            ],
            [
              1.7870842514498693,
              41.476648698765544
            ],
            [
              1.7870647688729062,
              41.47665229525514
            ],
            [
              1.7870387544462256,
              41.47665709737809
            ],
            [
              1.7870148359584912,
              41.47666151357237
            ],
            [
              1.7869813802914274,
              41.476669145639356
            ],
            [
              1.786945749954658,
              41.47667727447743
            ],
            [
              1.7869144605019267,
              41.476684412356946
            ],
            [
              1.7868741882092183,
              41.4766759585233
            ],
            [
              1.786802300100609,
              41.47666086791406
            ],
            [
              1.7867465382980825,
              41.47664920349441
            ],
            [
              1.7866820687221576,
              41.476638603714406
            ],
            [
              1.7866635978039995,
              41.47663181735529
            ],
            [
              1.7866503208853772,
              41.47662857969722
            ],
            [
              1.7866341609302612,
              41.476624519885355
            ],
            [
              1.7866146759863142,
              41.476619895366525
            ],
            [
              1.7865931997787574,
              41.47661466796827
            ],
            [
              1.786573591797493,
              41.47660989802856
            ],
            [
              1.7865607558406136,
              41.47660677760301
            ],
            [
              1.7864698862785606,
              41.47658479954436
            ],
            [
              1.7864456402083622,
              41.476578013463396
            ],
            [
              1.786415532649692,
              41.476566224156414
            ],
            [
              1.7863856856126175,
              41.4765564561129
            ],
            [
              1.7863567980741553,
              41.47654700082989
            ],
            [
              1.7863337839883753,
              41.47653946841549
            ],
            [
              1.7863111867752957,
              41.476531803485614
            ],
            [
              1.786281594951311,
              41.476521196832174
            ],
            [
              1.7862629425784275,
              41.4765145111764
            ],
            [
              1.7862371950603972,
              41.47650289033352
            ],
            [
              1.7862190296463638,
              41.47649469118918
            ],
            [
              1.786199765631734,
              41.47648599675892
            ],
            [
              1.7861754812085169,
              41.47647722592151
            ],
            [
              1.7861453722568552,
              41.47646635076395
            ],
            [
              1.7861247023402984,
              41.47645745593375
            ],
            [
              1.7860955986832399,
              41.47644463229892
            ],
            [
              1.7860683383948,
              41.476431287678935
            ],
            [
              1.786041079298276,
              41.476417943965785
            ],
            [
              1.786020440099535,
              41.47641022848874
            ],
            [
              1.786003215599007,
              41.47640378934852
            ],
            [
              1.7859750559873493,
              41.476393263486784
            ],
            [
              1.7859503143502193,
              41.47638300428338
            ],
            [
              1.785925679818147,
              41.476372525527886
            ],
            [
              1.7858951760582062,
              41.476358744905475
            ],
            [
              1.7858800250869307,
              41.47635183854273
            ],
            [
              1.7858507270741255,
              41.476339615378535
            ],
            [
              1.7858398328810818,
              41.47633506970949
            ],
            [
              1.7858233495516647,
              41.4763281934092
            ],
            [
              1.7858209857915726,
              41.47632720738252
            ],
            [
              1.7858048435577418,
              41.4763204724913
            ],
            [
              1.7857875319283707,
              41.4763132496699
            ],
            [
              1.7857673657194895,
              41.4763048365763
            ],
            [
              1.785749581117558,
              41.476297416000875
            ],
            [
              1.785725907569738,
              41.476286467262504
            ],
            [
              1.7856897839837695,
              41.4762697593472
            ],
            [
              1.785652503885023,
              41.47625251588891
            ],
            [
              1.785639642197953,
              41.47624782873011
            ],
            [
              1.7856049779756973,
              41.47623519666048
            ],
            [
              1.7855766610978876,
              41.47622463391248
            ],
            [
              1.7855552727929882,
              41.47621656996845
            ],
            [
              1.785541010744116,
              41.47621119336947
            ],
            [
              1.7855235185837754,
              41.47620459820809
            ],
            [
              1.785505354051913,
              41.47619783651583
            ],
            [
              1.7854910491413356,
              41.476192190141624
            ],
            [
              1.7854838691376713,
              41.47618936711331
            ],
            [
              1.7854727026317334,
              41.47618497616058
            ],
            [
              1.7854621936153998,
              41.47618084345193
            ],
            [
              1.785449549265435,
              41.47617587123605
            ],
            [
              1.7854435265971786,
              41.47617347656144
            ],
            [
              1.7854359335560686,
              41.476170132152774
            ],
            [
              1.7854106218449612,
              41.47615898320296
            ],
            [
              1.785395384248569,
              41.4761517182742
            ],
            [
              1.7853789174947763,
              41.47614370266956
            ],
            [
              1.785328866867957,
              41.47611933822299
            ],
            [
              1.7852825810593222,
              41.47609680595824
            ],
            [
              1.7852628706008233,
              41.47608721133632
            ],
            [
              1.7851869851775288,
              41.47603905695985
            ],
            [
              1.78515408784809,
              41.476017054270905
            ],
            [
              1.7851189241388292,
              41.47599353513292
            ],
            [
              1.7850810415978255,
              41.475961303384366
            ],
            [
              1.7850557055668863,
              41.47594171701834
            ],
            [
              1.7850365417413818,
              41.4759208780899
            ],
            [
              1.7849986282471098,
              41.47588620412443
            ],
            [
              1.7849723145605116,
              41.475858047832006
            ],
            [
              1.7849316916612503,
              41.475822816496084
            ],
            [
              1.7848934862711616,
              41.47578697657727
            ],
            [
              1.7848410749521404,
              41.475738534945165
            ],
            [
              1.784758809879754,
              41.475673222544124
            ],
            [
              1.7847038769368038,
              41.475631808675274
            ],
            [
              1.7846613709098358,
              41.47560911523868
            ],
            [
              1.7845807397004552,
              41.47557585782658
            ],
            [
              1.784513730257107,
              41.47554082937941
            ],
            [
              1.784437343977929,
              41.47550210880153
            ],
            [
              1.7844079687543728,
              41.47548815596455
            ],
            [
              1.7843676467508274,
              41.475470626835495
            ],
            [
              1.7842753994059157,
              41.47542982986916
            ],
            [
              1.7842317991407308,
              41.4754102051833
            ],
            [
              1.7840950423636255,
              41.47537216755909
            ],
            [
              1.784015475484819,
              41.475360425788494
            ],
            [
              1.7839545126314211,
              41.47535530012881
            ],
            [
              1.7839171850235898,
              41.4753616644824
            ],
            [
              1.7838688410377852,
              41.475369906540415
            ],
            [
              1.7838214971862576,
              41.47536091028954
            ],
            [
              1.7837174187919833,
              41.47534554130914
            ],
            [
              1.7836752091356498,
              41.475339308671316
            ],
            [
              1.7836295384556022,
              41.47533248997247
            ],
            [
              1.7836043085176294,
              41.47532872292323
            ],
            [
              1.7835675656406125,
              41.47532392707235
            ],
            [
              1.7835286723371147,
              41.4753168602578
            ],
            [
              1.7834911693365578,
              41.475310891706656
            ],
            [
              1.7834585388187496,
              41.47530803804452
            ],
            [
              1.7834281477958804,
              41.475304870290564
            ],
            [
              1.7833862860127188,
              41.47529969957723
            ],
            [
              1.7833595291416862,
              41.47529567402739
            ],
            [
              1.7833371945177356,
              41.47529213300443
            ],
            [
              1.7833204673123624,
              41.47528923136292
            ],
            [
              1.783272785473778,
              41.47528019167905
            ],
            [
              1.7832539574873165,
              41.47527646345688
            ],
            [
              1.7832365630683855,
              41.47527241622941
            ],
            [
              1.7832276089037156,
              41.47527033179952
            ],
            [
              1.7831996699848698,
              41.47526310424341
            ],
            [
              1.7832061543682276,
              41.47525380351582
            ],
            [
              1.783161034568317,
              41.47524123032944
            ],
            [
              1.7831580045066868,
              41.47524724933466
            ],
            [
              1.783108683528756,
              41.47522295109006
            ],
            [
              1.7830645648829488,
              41.47519777201788
            ],
            [
              1.7830256778951161,
              41.47517686637702
            ],
            [
              1.7829773578130321,
              41.475150479079275
            ],
            [
              1.782929311752306,
              41.47512378661337
            ],
            [
              1.7828951507355872,
              41.475103522714775
            ],
            [
              1.7828383968829808,
              41.47507195341514
            ],
            [
              1.7828183637164599,
              41.47506031121659
            ],
            [
              1.7827925771627884,
              41.475050776167414
            ],
            [
              1.7827574057221833,
              41.475035104233825
            ],
            [
              1.7827452610326375,
              41.475029565950095
            ],
            [
              1.7827287105087075,
              41.47502081138664
            ],
            [
              1.782706233330097,
              41.47500780662702
            ],
            [
              1.782676419313235,
              41.474987125700146
            ],
            [
              1.7826558449738727,
              41.47497195771594
            ],
            [
              1.7826266763702387,
              41.4749497487738
            ],
            [
              1.7825968479291943,
              41.4749261295119
            ],
            [
              1.7825754698344842,
              41.47490866696798
            ],
            [
              1.7825516882330155,
              41.4748855647653
            ],
            [
              1.7825331960675759,
              41.474872603956165
            ],
            [
              1.782504029020516,
              41.47484647684984
            ],
            [
              1.7824855783677123,
              41.47482963525271
            ],
            [
              1.7824682072857576,
              41.47481065595356
            ],
            [
              1.7824442144418575,
              41.47478009529884
            ],
            [
              1.7824025688002885,
              41.47472097494893
            ],
            [
              1.7823785177422133,
              41.47468456976647
            ],
            [
              1.7823447416272529,
              41.474629622896465
            ],
            [
              1.7823691032135054,
              41.474613027367255
            ],
            [
              1.7824122824631279,
              41.474583612884885
            ],
            [
              1.782453013652422,
              41.474555864930785
            ],
            [
              1.7824739676373453,
              41.47453339661335
            ],
            [
              1.7825254428891344,
              41.47456054891077
            ],
            [
              1.7828001133716604,
              41.474137592886514
            ],
            [
              1.7827518469584267,
              41.47397697654582
            ],
            [
              1.7827040167083632,
              41.4739473778292
            ],
            [
              1.7825002640132788,
              41.47382128237959
            ],
            [
              1.7824579964784117,
              41.473795164297314
            ],
            [
              1.7822415812503662,
              41.473737839739535
            ],
            [
              1.782169535364558,
              41.473971896576494
            ],
            [
              1.7821501914889073,
              41.474020060633954
            ],
            [
              1.7821025200590221,
              41.47399478592481
            ],
            [
              1.7820874536231792,
              41.47398706119935
            ],
            [
              1.7820586706652346,
              41.47397000293277
            ],
            [
              1.7820245584862096,
              41.47394973568853
            ],
            [
              1.7820122506485387,
              41.473941859121034
            ],
            [
              1.7819926066843998,
              41.4739292210958
            ],
            [
              1.7819595654516505,
              41.473909325463445
            ],
            [
              1.781892773517999,
              41.47386898712244
            ],
            [
              1.7818694935814015,
              41.47385225730859
            ],
            [
              1.7817415490733908,
              41.47375830769884
            ],
            [
              1.7817375319309494,
              41.47375538283033
            ],
            [
              1.7815734167706734,
              41.47362961552014
            ],
            [
              1.7815698752457196,
              41.47361408554622
            ],
            [
              1.7815609241175587,
              41.47357399856604
            ],
            [
              1.78153019102333,
              41.47343721326496
            ],
            [
              1.7815300814054291,
              41.47343667166913
            ],
            [
              1.7815282044080798,
              41.47342818497649
            ],
            [
              1.7815070925000072,
              41.47333401577717
            ],
            [
              1.7815031108486494,
              41.47331640947198
            ],
            [
              1.7815032913579776,
              41.47329398335186
            ],
            [
              1.781503438150269,
              41.473266963180976
            ],
            [
              1.7815043208899821,
              41.473175008591134
            ],
            [
              1.7815044153438004,
              41.47316996553619
            ],
            [
              1.7815624144243245,
              41.47307212993027
            ],
            [
              1.78160143526874,
              41.473054078460784
            ],
            [
              1.7816323628732909,
              41.47303972428576
            ],
            [
              1.7816520554142725,
              41.47303056536127
            ],
            [
              1.7816826187262103,
              41.47301647753088
            ],
            [
              1.7818304909865088,
              41.47294778553518
            ],
            [
              1.7818336311264715,
              41.472946377635395
            ],
            [
              1.7818526001312578,
              41.47293748123014
            ],
            [
              1.7819811416688869,
              41.472877862658585
            ],
            [
              1.782054472679836,
              41.47284387127345
            ],
            [
              1.782063171277681,
              41.472839820056386
            ],
            [
              1.7820584694735013,
              41.47283508649991
            ],
            [
              1.7820190847919812,
              41.47279575813555
            ],
            [
              1.7820030939614535,
              41.47277991618965
            ],
            [
              1.7819821686161694,
              41.47275897792776
            ],
            [
              1.7819741732089103,
              41.47275105695259
            ],
            [
              1.7819572447399503,
              41.47273412420121
            ],
            [
              1.7819469001308161,
              41.47272374638931
            ],
            [
              1.7819380822395539,
              41.472714915976745
            ],
            [
              1.7818994054993413,
              41.472676226476324
            ],
            [
              1.7818904820336525,
              41.47266740665134
            ],
            [
              1.7820367193330284,
              41.47262777965436
            ],
            [
              1.78196161608063,
              41.47244287624898
            ],
            [
              1.7819146026526285,
              41.47232712796379
            ],
            [
              1.78146055000106,
              41.472445157255365
            ],
            [
              1.7813845937955621,
              41.47246490161519
            ],
            [
              1.7813835794471455,
              41.47238785641977
            ],
            [
              1.7813816249884231,
              41.472225263073945
            ],
            [
              1.7813801832599951,
              41.472129987189575
            ],
            [
              1.7813574574810498,
              41.47197303836926
            ],
            [
              1.7813347306054195,
              41.47181608952907
            ],
            [
              1.7815589668310507,
              41.47162436457225
            ],
            [
              1.7815722424761624,
              41.47161801008822
            ],
            [
              1.78158405933228,
              41.47161019178378
            ],
            [
              1.78159413243101,
              41.47160109849486
            ],
            [
              1.7816022241922158,
              41.47159094658115
            ],
            [
              1.7816081384710991,
              41.471579978061534
            ],
            [
              1.781611736224741,
              41.471568455375674
            ],
            [
              1.781612929677084,
              41.47155665321562
            ],
            [
              1.7816116919987048,
              41.47154485322402
            ],
            [
              1.7814375791614039,
              41.47124152174378
            ],
            [
              1.7813469507978776,
              41.47108363187758
            ],
            [
              1.781279788709558,
              41.470966624080596
            ],
            [
              1.781187588084897,
              41.47079476610099
            ],
            [
              1.7811118372441568,
              41.47071095616479
            ],
            [
              1.7810460357002684,
              41.4706433322602
            ],
            [
              1.780918636803615,
              41.47051656688699
            ],
            [
              1.7808604203935856,
              41.470450445516995
            ],
            [
              1.7808090059569137,
              41.47038120765563
            ],
            [
              1.7807646866654663,
              41.47030924823488
            ],
            [
              1.7807450984934428,
              41.470225387586154
            ],
            [
              1.780733620469934,
              41.47014068246054
            ],
            [
              1.780730312558417,
              41.470055573950354
            ],
            [
              1.780735191517022,
              41.46997050809256
            ],
            [
              1.780748231000748,
              41.46988593046544
            ],
            [
              1.7807485132935372,
              41.46988358346729
            ],
            [
              1.7807585476707581,
              41.469795321542314
            ],
            [
              1.780755744964826,
              41.46966542084003
            ],
            [
              1.780755300189929,
              41.46965752217368
            ],
            [
              1.780722157268306,
              41.46955627524723
            ],
            [
              1.78066784005201,
              41.46941716794879
            ],
            [
              1.780624125815335,
              41.4693314959405
            ],
            [
              1.7806308889659868,
              41.469277656563506
            ],
            [
              1.7806358856630267,
              41.46923787948835
            ],
            [
              1.7806643722538682,
              41.46921841328777
            ],
            [
              1.7807690767102615,
              41.4692521520265
            ],
            [
              1.7818991019543224,
              41.470176675852876
            ],
            [
              1.7820268107800517,
              41.47030652841466
            ],
            [
              1.7820414943203022,
              41.47037464628718
            ],
            [
              1.7821359447964675,
              41.47044360792204
            ],
            [
              1.7821978158304246,
              41.47054820577059
            ],
            [
              1.7822103679534445,
              41.470761627564606
            ],
            [
              1.782229770879198,
              41.47095537259947
            ],
            [
              1.782293611284519,
              41.47115460965421
            ],
            [
              1.7823117229792353,
              41.471211132723425
            ],
            [
              1.7823493136073751,
              41.47128657907047
            ],
            [
              1.7824111168088177,
              41.47141162702511
            ],
            [
              1.7824738842706644,
              41.47150384653816
            ],
            [
              1.7825170224955196,
              41.47156687471837
            ],
            [
              1.782599174626225,
              41.47167962330492
            ],
            [
              1.7828164778516482,
              41.47188437636099
            ],
            [
              1.7830069784351585,
              41.472018742015415
            ],
            [
              1.7831363975848618,
              41.472165284729954
            ],
            [
              1.7832401459222758,
              41.472327053584905
            ],
            [
              1.7833168211008201,
              41.47260810260817
            ],
            [
              1.7833609835903121,
              41.472775069579285
            ],
            [
              1.783394101045264,
              41.47285486018482
            ],
            [
              1.7834264963931807,
              41.47294137695686
            ],
            [
              1.7834551306328876,
              41.47302498512893
            ],
            [
              1.7834782256302626,
              41.473075308784544
            ],
            [
              1.7835293512245742,
              41.47318670888867
            ],
            [
              1.7835525763839803,
              41.47323731493102
            ],
            [
              1.783557023952016,
              41.47324700602621
            ],
            [
              1.7835648605272483,
              41.47325767061916
            ],
            [
              1.7836524822599877,
              41.4733768993473
            ],
            [
              1.7837346652675872,
              41.473440495805285
            ],
            [
              1.7838014926370347,
              41.47349255818374
            ],
            [
              1.7839497663963435,
              41.47361939783472
            ],
            [
              1.7841438946975454,
              41.47370737121339
            ],
            [
              1.7843360303946671,
              41.47376651894249
            ],
            [
              1.7844150774805523,
              41.473749254376195
            ],
            [
              1.7844682623344628,
              41.47375446421963
            ],
            [
              1.78452242961418,
              41.473760936427695
            ],
            [
              1.7846330815356393,
              41.47375375515307
            ],
            [
              1.7847005414493842,
              41.473737777578535
            ],
            [
              1.7847453542379657,
              41.4737103277384
            ],
            [
              1.784771005050368,
              41.473670696683584
            ],
            [
              1.7847767790502573,
              41.47364048434868
            ],
            [
              1.784777229367942,
              41.47361637671757
            ],
            [
              1.7847341903912783,
              41.47359176453462
            ],
            [
              1.7846845617362073,
              41.47357634214968
            ],
            [
              1.784633573433183,
              41.47356382462305
            ],
            [
              1.7844918295812744,
              41.4735413749469
            ],
            [
              1.7844559079516282,
              41.47353632594987
            ],
            [
              1.784421000834885,
              41.4735281936762
            ],
            [
              1.7843998665268206,
              41.47352017903885
            ],
            [
              1.784314974091549,
              41.473484251688255
            ],
            [
              1.7842339756773735,
              41.47344355647067
            ],
            [
              1.7841573447399701,
              41.47339832898479
            ],
            [
              1.7840855266357005,
              41.47334883425685
            ],
            [
              1.7840513634802655,
              41.473316347846136
            ],
            [
              1.7840218238450554,
              41.473281389180336
            ],
            [
              1.7839972217044526,
              41.47324433178022
            ],
            [
              1.7839794239467335,
              41.47319000016815
            ],
            [
              1.7839696293487812,
              41.473099045951955
            ],
            [
              1.7839666446534956,
              41.47300782055906
            ],
            [
              1.7839704799779978,
              41.4729166141301
            ],
            [
              1.7839811239541141,
              41.47282571297449
            ],
            [
              1.783990146158697,
              41.472787169991236
            ],
            [
              1.7840064503789739,
              41.47275000464349
            ],
            [
              1.7840296975749406,
              41.472714991569525
            ],
            [
              1.7840594034558594,
              41.472682859735556
            ],
            [
              1.7840949495098313,
              41.47265427904177
            ],
            [
              1.7841355952976894,
              41.472629843339114
            ],
            [
              1.784180495367701,
              41.472610062502135
            ],
            [
              1.7842287126954925,
              41.47259534815992
            ],
            [
              1.7843017883124401,
              41.472401515481074
            ],
            [
              1.7844195418439364,
              41.47230717520425
            ],
            [
              1.7846638248927789,
              41.4722290275498
            ],
            [
              1.7848792425827735,
              41.472184565054306
            ],
            [
              1.7851679785975734,
              41.47214512532181
            ],
            [
              1.7854570302963295,
              41.47208869242509
            ],
            [
              1.7857298308086815,
              41.47207579578676
            ],
            [
              1.7860840456716243,
              41.47207831263045
            ],
            [
              1.7862988291790427,
              41.47206783141982
            ],
            [
              1.7866204095207023,
              41.472083969760675
            ],
            [
              1.786832659388318,
              41.472209424299805
            ],
            [
              1.7869322270166703,
              41.47232094386749
            ],
            [
              1.7869823759721937,
              41.47243555405705
            ],
            [
              1.787045925186873,
              41.47264451863008
            ],
            [
              1.7870925832405389,
              41.47280700328898
            ],
            [
              1.7871321300408542,
              41.47300238305273
            ],
            [
              1.7873635663238185,
              41.472845753679316
            ],
            [
              1.7874120713850745,
              41.4728886946092
            ],
            [
              1.7874160488863797,
              41.47289221514217
            ],
            [
              1.787422781750978,
              41.4728953035537
            ],
            [
              1.7874212738964437,
              41.47290603780344
            ],
            [
              1.7874139929257573,
              41.472955681032616
            ],
            [
              1.7874074967125018,
              41.47299444727921
            ],
            [
              1.7874088511398336,
              41.473043926645694
            ],
            [
              1.7874239770817353,
              41.473074118975084
            ],
            [
              1.787595010614824,
              41.47336951228401
            ],
            [
              1.787685306620163,
              41.473494930707794
            ],
            [
              1.7879167935882698,
              41.47359446319724
            ],
            [
              1.7881762772262084,
              41.47353298307431
            ],
            [
              1.7884858738670015,
              41.47342549882544
            ],
            [
              1.7885612449504449,
              41.47336219628463
            ],
            [
              1.788696882747052,
              41.47303675106046
            ],
            [
              1.7886992365633274,
              41.473032542445196
            ],
            [
              1.7887008468042704,
              41.473029677085485
            ],
            [
              1.7887029801764884,
              41.47299871462958
            ],
            [
              1.7887097014350142,
              41.47295933368132
            ],
            [
              1.7887119985318685,
              41.47294530657076
            ],
            [
              1.7887122648333456,
              41.47294386821611
            ],
            [
              1.788715353912728,
              41.47291940104155
            ],
            [
              1.7887154920934105,
              41.47291841169983
            ],
            [
              1.7887151774592749,
              41.47290958128552
            ],
            [
              1.7887132702283781,
              41.47286407460878
            ],
            [
              1.788713232648584,
              41.47285966066263
            ],
            [
              1.7887126737847103,
              41.47278669518588
            ],
            [
              1.7887141860785356,
              41.47278265785234
            ],
            [
              1.7887165818008657,
              41.47277619786643
            ],
            [
              1.788720735996204,
              41.47276534284967
            ],
            [
              1.7887315155510648,
              41.4727331203632
            ],
            [
              1.788733228058171,
              41.472724761659926
            ],
            [
              1.7887378229173405,
              41.47270310258822
            ],
            [
              1.7887495161230091,
              41.472647470882315
            ],
            [
              1.78874924940968,
              41.47262963372636
            ],
            [
              1.7887491591551776,
              41.472621616326904
            ],
            [
              1.788748823983383,
              41.47259459105894
            ],
            [
              1.7887487555248855,
              41.47258540294699
            ],
            [
              1.7887485889080361,
              41.472568557642084
            ],
            [
              1.7887422870302796,
              41.4725403886664
            ],
            [
              1.7887308220958515,
              41.47251937111226
            ],
            [
              1.7887107311159613,
              41.47249853292744
            ],
            [
              1.7887080291547768,
              41.47249571222475
            ],
            [
              1.7886856974230618,
              41.47247944413202
            ],
            [
              1.7886588432369719,
              41.472468082389135
            ],
            [
              1.7885843794175103,
              41.472466578419585
            ],
            [
              1.7885412498507867,
              41.47247387036685
            ],
            [
              1.788503224665625,
              41.472477162804424
            ],
            [
              1.7884841278874024,
              41.472480114182375
            ],
            [
              1.788459492361987,
              41.4724782342729
            ],
            [
              1.7884166653114186,
              41.47247571146177
            ],
            [
              1.7883957282173533,
              41.47247459017786
            ],
            [
              1.7883788588063252,
              41.47247369188662
            ],
            [
              1.788357923390875,
              41.472472480541086
            ],
            [
              1.7883476344494316,
              41.47247192178638
            ],
            [
              1.7883302860944905,
              41.472471018442384
            ],
            [
              1.7883222704672,
              41.47247057370732
            ],
            [
              1.7882861637423917,
              41.47246731189536
            ],
            [
              1.7882440970579947,
              41.472462545219244
            ],
            [
              1.788209269912569,
              41.47245488241323
            ],
            [
              1.7881841548357413,
              41.47244660134679
            ],
            [
              1.788156548787237,
              41.47243703301417
            ],
            [
              1.7881390632799885,
              41.4724306346769
            ],
            [
              1.7881320843900552,
              41.47242596744672
            ],
            [
              1.7881215575077378,
              41.47241883087507
            ],
            [
              1.788120258861161,
              41.472417826394334
            ],
            [
              1.788079874390734,
              41.47238704644233
            ],
            [
              1.7880785757454243,
              41.472386041961144
            ],
            [
              1.788082437280685,
              41.47236518583995
            ],
            [
              1.7880839003227427,
              41.472357364952146
            ],
            [
              1.788084728191382,
              41.472338638603524
            ],
            [
              1.7880853495052438,
              41.4723117134843
            ],
            [
              1.7880998650738216,
              41.472278179335355
            ],
            [
              1.7881107333639858,
              41.47225406346113
            ],
            [
              1.7881308015679367,
              41.472218245931444
            ],
            [
              1.7881452954431873,
              41.47219236770697
            ],
            [
              1.7881662307545851,
              41.47215493800263
            ],
            [
              1.788193724577786,
              41.472106228265574
            ],
            [
              1.788198423817661,
              41.47209826132821
            ],
            [
              1.7882289265739062,
              41.47204868165933
            ],
            [
              1.788241571313411,
              41.47203206140352
            ],
            [
              1.7882478304583918,
              41.47202393075392
            ],
            [
              1.7882485438397646,
              41.472024208487305
            ],
            [
              1.7882623758609235,
              41.47200814117281
            ],
            [
              1.788272119070855,
              41.471999416721246
            ],
            [
              1.788292704905714,
              41.471980808456166
            ],
            [
              1.7883568906056737,
              41.47192320686879
            ],
            [
              1.7883596914779722,
              41.47192071434618
            ],
            [
              1.7883852673900817,
              41.471897745082316
            ],
            [
              1.7883853888024657,
              41.47189765628886
            ],
            [
              1.7883906263053595,
              41.47189293762252
            ],
            [
              1.7884234331108806,
              41.47188688807539
            ],
            [
              1.7884712621600731,
              41.471878024369495
            ],
            [
              1.7884927736067293,
              41.47187401665764
            ],
            [
              1.788494456608198,
              41.47187367409581
            ],
            [
              1.788595882069431,
              41.47185492648118
            ],
            [
              1.7886238826614484,
              41.47184972697891
            ],
            [
              1.7886709899099915,
              41.47184103483159
            ],
            [
              1.7887888793647448,
              41.47181921693494
            ],
            [
              1.788812191814007,
              41.471814958812864
            ],
            [
              1.7888585906447316,
              41.47180571959412
            ],
            [
              1.788858719019146,
              41.47179239021994
            ],
            [
              1.7888655917630425,
              41.471641861415556
            ],
            [
              1.788865494732064,
              41.47149260939944
            ],
            [
              1.788865486118151,
              41.47148657445272
            ],
            [
              1.788865523252999,
              41.47147171288492
            ],
            [
              1.7888654852063015,
              41.47146532904775
            ],
            [
              1.788811259726616,
              41.47140268457379
            ],
            [
              1.7886125921669438,
              41.47149948644774
            ],
            [
              1.7884707478087218,
              41.47156382635104
            ],
            [
              1.7883232942964669,
              41.47163032006583
            ],
            [
              1.788224904989624,
              41.471674979953725
            ],
            [
              1.788122841232086,
              41.47172851911513
            ],
            [
              1.7880291893260716,
              41.47176777666435
            ],
            [
              1.7879487595464945,
              41.47181020081224
            ],
            [
              1.787938582012202,
              41.471815688859394
            ],
            [
              1.7878336272829807,
              41.4718905435692
            ],
            [
              1.787742158310754,
              41.471878632103184
            ],
            [
              1.7877322420992832,
              41.47187735664255
            ],
            [
              1.7877240558772638,
              41.471873217096686
            ],
            [
              1.7877108877610985,
              41.47186650301014
            ],
            [
              1.787666281785384,
              41.47184378583798
            ],
            [
              1.7876660439930858,
              41.47184369325902
            ],
            [
              1.787610974121172,
              41.47182338689559
            ],
            [
              1.7874635883403547,
              41.47175707196499
            ],
            [
              1.7874588425771627,
              41.47175468004829
            ],
            [
              1.787458604785522,
              41.47175458746889
            ],
            [
              1.7874118504772218,
              41.4717314863585
            ],
            [
              1.7873882548463378,
              41.471718807586896
            ],
            [
              1.7873307154019744,
              41.47170243914149
            ],
            [
              1.787228180942185,
              41.47169072945213
            ],
            [
              1.787204758231667,
              41.47168805051022
            ],
            [
              1.787216915758465,
              41.47175546284131
            ],
            [
              1.7872175703784072,
              41.47175889249782
            ],
            [
              1.787215082185532,
              41.47178958097169
            ],
            [
              1.7872146021146234,
              41.47179606112706
            ],
            [
              1.7872057484344046,
              41.47179560747735
            ],
            [
              1.7871750523893166,
              41.47179403988916
            ],
            [
              1.7871409655685446,
              41.471745790707736
            ],
            [
              1.7871180315348583,
              41.47173096612564
            ],
            [
              1.7870896601648323,
              41.47171750734305
            ],
            [
              1.7870645977621809,
              41.47171284750095
            ],
            [
              1.7870655942026303,
              41.47171014682815
            ],
            [
              1.7869195257500863,
              41.4716952602594
            ],
            [
              1.7869080840592462,
              41.47169602949615
            ],
            [
              1.7869070968188838,
              41.47167851800309
            ],
            [
              1.7869156056462832,
              41.471662782016196
            ],
            [
              1.7869330376950316,
              41.47156180999102
            ],
            [
              1.7869419339499344,
              41.471535313527305
            ],
            [
              1.786967177589685,
              41.471404159533485
            ],
            [
              1.7868868804843996,
              41.471240282350514
            ],
            [
              1.7868518790019001,
              41.47116995027255
            ],
            [
              1.7868230831000862,
              41.47113566579272
            ],
            [
              1.7867517408894855,
              41.471073260439134
            ],
            [
              1.786607806413124,
              41.470923031468374
            ],
            [
              1.7864466407330386,
              41.47075258117952
            ],
            [
              1.7864913554698796,
              41.4707323561172
            ],
            [
              1.786532672283646,
              41.47071401463187
            ],
            [
              1.786559566364689,
              41.470700961345216
            ],
            [
              1.7865862865069437,
              41.47068554721886
            ],
            [
              1.7866007910540838,
              41.47067721901801
            ],
            [
              1.7866199636013804,
              41.47066985970207
            ],
            [
              1.7866353363391312,
              41.470659350093364
            ],
            [
              1.786681579186569,
              41.47063288824584
            ],
            [
              1.7867263622629928,
              41.47060828358741
            ],
            [
              1.7867567310726795,
              41.47059243232765
            ],
            [
              1.7867954576403617,
              41.47057266459769
            ],
            [
              1.7868909744742443,
              41.47052100401525
            ],
            [
              1.7869804697102303,
              41.47047243238173
            ],
            [
              1.787047564574049,
              41.470436508411716
            ],
            [
              1.7870531986795168,
              41.470433511669995
            ],
            [
              1.787058318271755,
              41.47043916366641
            ],
            [
              1.7871068028408887,
              41.470414296151255
            ],
            [
              1.787100743226099,
              41.47040761282185
            ],
            [
              1.7871699930541827,
              41.47036773300327
            ],
            [
              1.7871947470931426,
              41.470360511711306
            ],
            [
              1.7871743502964332,
              41.470269409885304
            ],
            [
              1.7870795152640229,
              41.470262751457504
            ],
            [
              1.7869855675154644,
              41.47025096097173
            ],
            [
              1.7868929957024446,
              41.47023410123066
            ],
            [
              1.7868022832324608,
              41.47021225930267
            ],
            [
              1.786713904625982,
              41.47018554918559
            ],
            [
              1.7866350614801267,
              41.47015168696032
            ],
            [
              1.786508843016792,
              41.47009612808569
            ],
            [
              1.7864420617546601,
              41.47006984738901
            ],
            [
              1.786386263491878,
              41.470052802384465
            ],
            [
              1.7863824827687167,
              41.47005119973313
            ],
            [
              1.7863580040301583,
              41.469989091357725
            ],
            [
              1.7863510888925451,
              41.46997460679004
            ],
            [
              1.7863463613105193,
              41.469964829074904
            ],
            [
              1.7863267616460554,
              41.46992408963332
            ],
            [
              1.7862815585363083,
              41.469843538180754
            ],
            [
              1.786256731519658,
              41.46981346219018
            ],
            [
              1.7862373080112008,
              41.46978902771276
            ],
            [
              1.7861903814865399,
              41.46973025647981
            ],
            [
              1.7861897962703335,
              41.46972952972375
            ],
            [
              1.7861885145066734,
              41.469727624674256
            ],
            [
              1.7861734539019596,
              41.46970683912957
            ],
            [
              1.7861678496068132,
              41.46969912382158
            ],
            [
              1.7861651629908446,
              41.46969549256802
            ],
            [
              1.7861544656996344,
              41.46968475111678
            ],
            [
              1.7861512917602909,
              41.46968156508221
            ],
            [
              1.7861482375523803,
              41.46967838031121
            ],
            [
              1.78614517998466,
              41.46967537564963
            ],
            [
              1.7861287675285886,
              41.46966286250109
            ],
            [
              1.7861225108246104,
              41.469658022625104
            ],
            [
              1.786121566416559,
              41.46965729207775
            ],
            [
              1.7860922767788139,
              41.4696417606961
            ],
            [
              1.7860860961273832,
              41.46963926350566
            ],
            [
              1.7860627990205433,
              41.469629830221194
            ],
            [
              1.7860267859910655,
              41.469615218657154
            ],
            [
              1.7859887694594785,
              41.46959887545768
            ],
            [
              1.785987104987715,
              41.46959822738126
            ],
            [
              1.7859395839523065,
              41.469577819751876
            ],
            [
              1.7859214533192322,
              41.46956754024951
            ],
            [
              1.7858658763921165,
              41.46953596863571
            ],
            [
              1.785858054816925,
              41.46953156258849
            ],
            [
              1.7858171728244758,
              41.4695083435737
            ],
            [
              1.785814924827228,
              41.46950687868219
            ],
            [
              1.7857412602318838,
              41.46945638098016
            ],
            [
              1.7857330879611253,
              41.46944503563983
            ],
            [
              1.7857291196352156,
              41.469439499321986
            ],
            [
              1.7857200159301045,
              41.469426793059625
            ],
            [
              1.7856389011698286,
              41.46931343610564
            ],
            [
              1.7856385503821635,
              41.46931298203943
            ],
            [
              1.785621744497448,
              41.46928947672044
            ],
            [
              1.785599197913113,
              41.469259154447
            ],
            [
              1.785577935249958,
              41.46923055710324
            ],
            [
              1.7855528185130407,
              41.469196784927746
            ],
            [
              1.785545119701663,
              41.469185804863066
            ],
            [
              1.7855368390505817,
              41.4691739179291
            ],
            [
              1.7855360564077576,
              41.469170937272544
            ],
            [
              1.7855656872983365,
              41.46917458282953
            ],
            [
              1.785596395764022,
              41.46917823975666
            ],
            [
              1.785700226189038,
              41.46919086440019
            ],
            [
              1.7857682148910534,
              41.46919896723324
            ],
            [
              1.7859347806246033,
              41.469218919320774
            ],
            [
              1.7859548549832505,
              41.469221292958515
            ],
            [
              1.7859646879882498,
              41.469220586098416
            ],
            [
              1.7859652883198895,
              41.4692205023627
            ],
            [
              1.7859959846363853,
              41.46921839441496
            ],
            [
              1.7860271615523262,
              41.469216201459226
            ],
            [
              1.7860325578153118,
              41.46921580805374
            ],
            [
              1.7860902337769133,
              41.46921182220382
            ],
            [
              1.7860904732374419,
              41.469211824731175
            ],
            [
              1.7860905929677058,
              41.469211825994854
            ],
            [
              1.7861553884315444,
              41.4692049437621
            ],
            [
              1.7861582686776372,
              41.46920461386964
            ],
            [
              1.7862391415952898,
              41.46919609891572
            ],
            [
              1.7862474181008472,
              41.46919537560554
            ],
            [
              1.7863197481394357,
              41.46918902315474
            ],
            [
              1.7863893193476172,
              41.46918291086462
            ],
            [
              1.7864062315430342,
              41.46918146801201
            ],
            [
              1.7864685159721143,
              41.469174378962016
            ],
            [
              1.7864921023407851,
              41.46916823267368
            ],
            [
              1.786573935392947,
              41.469146757173746
            ],
            [
              1.786787708950289,
              41.469101092848675
            ],
            [
              1.7869939073442118,
              41.46905705871047
            ],
            [
              1.7870048883957728,
              41.46905258082389
            ],
            [
              1.7870270306607923,
              41.46904038433733
            ],
            [
              1.7870456855832118,
              41.46902247650086
            ],
            [
              1.7873101196293217,
              41.46895923097621
            ],
            [
              1.7874530770716275,
              41.4690509620267
            ],
            [
              1.787616655874097,
              41.46915371717239
            ],
            [
              1.7876542117088507,
              41.46917943332861
            ],
            [
              1.7876928978689255,
              41.469207215940564
            ],
            [
              1.787716243859219,
              41.46922669249541
            ],
            [
              1.7877414657050161,
              41.46925263440566
            ],
            [
              1.7877569411193397,
              41.46927168121676
            ],
            [
              1.787772022647153,
              41.46929303693623
            ],
            [
              1.7877903370041814,
              41.46932779168485
            ],
            [
              1.7878661688819346,
              41.46929359232417
            ],
            [
              1.7878437964830085,
              41.469248721110006
            ],
            [
              1.787826223427551,
              41.46921126480119
            ],
            [
              1.7878072760125612,
              41.469167166469376
            ],
            [
              1.7877928358547348,
              41.469130154805384
            ],
            [
              1.7877818519721773,
              41.469100654684944
            ],
            [
              1.7877693602756792,
              41.46906794740232
            ],
            [
              1.7877434993453634,
              41.46899821451448
            ],
            [
              1.7877713212783775,
              41.46899425002639
            ],
            [
              1.7878307133742604,
              41.46898497341686
            ],
            [
              1.7878839178967492,
              41.4689798055275
            ],
            [
              1.787934198836365,
              41.46896591570724
            ],
            [
              1.787958705523544,
              41.468959146506776
            ],
            [
              1.788023251629562,
              41.46893155292132
            ],
            [
              1.7880430652890755,
              41.46891963344326
            ],
            [
              1.7880851413447991,
              41.46888956834596
            ],
            [
              1.7881282971887928,
              41.468848977026916
            ],
            [
              1.7881997723934846,
              41.468771015741865
            ],
            [
              1.7882673247154457,
              41.46869264738731
            ],
            [
              1.78827083162396,
              41.468668310710825
            ],
            [
              1.788232345301524,
              41.46857977287997
            ],
            [
              1.7882089617831127,
              41.46850952305422
            ],
            [
              1.788185692296313,
              41.468439647324736
            ],
            [
              1.7881201473857158,
              41.46822885805596
            ],
            [
              1.7880504537239905,
              41.468046988748746
            ],
            [
              1.7880468362881414,
              41.46803707327756
            ],
            [
              1.7879949152094687,
              41.467894363787345
            ],
            [
              1.7880834299049215,
              41.467736813883455
            ],
            [
              1.7881773087496082,
              41.467860661975564
            ],
            [
              1.7884977260515365,
              41.46784980423753
            ],
            [
              1.7887102621309854,
              41.46778025315441
            ],
            [
              1.7888847512306334,
              41.46772320573961
            ],
            [
              1.7891080990160093,
              41.46765023241687
            ],
            [
              1.7892089443828523,
              41.4676172457591
            ],
            [
              1.7892588454605545,
              41.467367999013696
            ],
            [
              1.7891102837040176,
              41.46717143249713
            ],
            [
              1.7890173801838434,
              41.4671720864839
            ],
            [
              1.7889282133687976,
              41.46721492198211
            ],
            [
              1.78890706532565,
              41.46722387408873
            ],
            [
              1.7888732561612102,
              41.46723243616269
            ],
            [
              1.7887546187770191,
              41.467166154464685
            ],
            [
              1.78875024139246,
              41.467164188019275
            ],
            [
              1.7883665206703512,
              41.46699174132919
            ],
            [
              1.7883074979622227,
              41.466965269621284
            ],
            [
              1.788264642388942,
              41.46694601728814
            ],
            [
              1.7881586552523396,
              41.46694538971998
            ],
            [
              1.7880497593457896,
              41.46697363388118
            ],
            [
              1.7880618846183431,
              41.46700420616657
            ],
            [
              1.7878655026146217,
              41.46704879607337
            ],
            [
              1.7878474631385612,
              41.467052929438715
            ],
            [
              1.787788304445282,
              41.46706590690363
            ],
            [
              1.7875843759549717,
              41.46711059693721
            ],
            [
              1.7875838953712024,
              41.46711068194377
            ],
            [
              1.7874394779434633,
              41.46714275746378
            ],
            [
              1.7874374895797083,
              41.4671402144703
            ],
            [
              1.7874329276450747,
              41.467134401733325
            ],
            [
              1.787429770544876,
              41.46713031518504
            ],
            [
              1.7874095378113468,
              41.46710434113129
            ],
            [
              1.78733456754975,
              41.46700825396455
            ],
            [
              1.7872354111660733,
              41.466931277320526
            ],
            [
              1.7871090123271856,
              41.46688968293748
            ],
            [
              1.7870666404523055,
              41.466875725219815
            ],
            [
              1.7870415276467753,
              41.46686744482765
            ],
            [
              1.7869622618658458,
              41.46684129847988
            ],
            [
              1.7869197715263572,
              41.46682733945876
            ],
            [
              1.786875628530343,
              41.46681210287585
            ],
            [
              1.786772350008331,
              41.46677642565031
            ],
            [
              1.7866727624509824,
              41.466741959112674
            ],
            [
              1.78658287414861,
              41.466675347946094
            ],
            [
              1.7865470859663333,
              41.46664875926665
            ],
            [
              1.7865255797048005,
              41.46663331100866
            ],
            [
              1.7864856369263657,
              41.466604696881085
            ],
            [
              1.7864304523361023,
              41.4665651132147
            ],
            [
              1.7863428884894028,
              41.46650230943276
            ],
            [
              1.7863164630392538,
              41.466480954512676
            ],
            [
              1.7862511078042989,
              41.466428112844774
            ],
            [
              1.7862312867356642,
              41.46641214097922
            ],
            [
              1.7862175207812265,
              41.466399025259726
            ],
            [
              1.7862143436356532,
              41.46639601933689
            ],
            [
              1.786213638723187,
              41.46639529131748
            ],
            [
              1.786128881336819,
              41.466316935339805
            ],
            [
              1.786121229049225,
              41.46630982891953
            ],
            [
              1.7861118123249322,
              41.466301082571015
            ],
            [
              1.7860858285398984,
              41.466275317803635
            ],
            [
              1.7860803224267705,
              41.4662687744672
            ],
            [
              1.7860618141310365,
              41.46624669149468
            ],
            [
              1.7860455587785808,
              41.466225803241215
            ],
            [
              1.7860384017268733,
              41.46621789138952
            ],
            [
              1.7860325335718201,
              41.46621143430208
            ],
            [
              1.786031243479645,
              41.46620997952474
            ],
            [
              1.7860240847513975,
              41.466202157727004
            ],
            [
              1.7860204472055579,
              41.466198156141324
            ],
            [
              1.7860170474295685,
              41.4661942471377
            ],
            [
              1.7860100117894788,
              41.46618624649316
            ],
            [
              1.7860029744710595,
              41.466178335903024
            ],
            [
              1.7860027400618133,
              41.46617806321117
            ],
            [
              1.7859960568790132,
              41.46617042657615
            ],
            [
              1.7859890212440401,
              41.466162425930364
            ],
            [
              1.7859821036553507,
              41.46615451660268
            ],
            [
              1.7859751877483858,
              41.46614651721979
            ],
            [
              1.7859682718431251,
              41.46613851783648
            ],
            [
              1.7859669817538386,
              41.46613706305845
            ],
            [
              1.7859614756641446,
              41.46613051971651
            ],
            [
              1.7859545597622462,
              41.46612252033242
            ],
            [
              1.785947765266695,
              41.466114432156836
            ],
            [
              1.7859409678954596,
              41.46610643402307
            ],
            [
              1.7859341734032521,
              41.46609834584672
            ],
            [
              1.7859303098606785,
              41.466093621292245
            ],
            [
              1.785927498637245,
              41.46609025893374
            ],
            [
              1.7859257414127072,
              41.4660881687165
            ],
            [
              1.7859208238728606,
              41.466082172020414
            ],
            [
              1.7859141490933217,
              41.466074086007254
            ],
            [
              1.7859074743322452,
              41.466065999093146
            ],
            [
              1.7859007995728036,
              41.466057912178684
            ],
            [
              1.7858942462196223,
              41.466049736472826
            ],
            [
              1.785887691187883,
              41.466041650821424
            ],
            [
              1.7858826606513576,
              41.466035292640676
            ],
            [
              1.7858771596192242,
              41.466028479130394
            ],
            [
              1.7858708406800596,
              41.46602057611532
            ],
            [
              1.7858699013673343,
              41.46601957540177
            ],
            [
              1.785832281891235,
              41.46597558316573
            ],
            [
              1.7858267249952329,
              41.46596534630644
            ],
            [
              1.7858223266972597,
              41.465957193346284
            ],
            [
              1.7858178305197387,
              41.46594786840955
            ],
            [
              1.7858135754722342,
              41.46593845594562
            ],
            [
              1.78580968127885,
              41.46592895721838
            ],
            [
              1.785805232153278,
              41.46591711074648
            ],
            [
              1.7858026129207651,
              41.46590987729208
            ],
            [
              1.7857994387558678,
              41.46590029609306
            ],
            [
              1.78579662544459,
              41.46589062863082
            ],
            [
              1.785791839056556,
              41.46587112243125
            ],
            [
              1.7857898671768029,
              41.46586128370657
            ],
            [
              1.7857867614873326,
              41.465841615104466
            ],
            [
              1.785785747401383,
              41.46583178649097
            ],
            [
              1.7857875302344284,
              41.465813250366786
            ],
            [
              1.7857841418888112,
              41.46577015991736
            ],
            [
              1.7857839242791866,
              41.46574331599989
            ],
            [
              1.7857853034065836,
              41.46571432719763
            ],
            [
              1.785785599984758,
              41.46571126786181
            ],
            [
              1.7857884767085865,
              41.46568544740859
            ],
            [
              1.785791588258946,
              41.465666294803086
            ],
            [
              1.785795519438416,
              41.46561598574678
            ],
            [
              1.7857973837526098,
              41.46555457504565
            ],
            [
              1.7857989002868364,
              41.46550532136805
            ],
            [
              1.7857865801035513,
              41.46547249496888
            ],
            [
              1.785785553002081,
              41.46546978194927
            ],
            [
              1.78575445902501,
              41.46539055013145
            ],
            [
              1.7857415453098557,
              41.46535744724332
            ],
            [
              1.7856274978622666,
              41.46535363195724
            ],
            [
              1.7855328913534965,
              41.46535398503013
            ],
            [
              1.785513970055199,
              41.46535405545525
            ],
            [
              1.7854690352211353,
              41.46535565263858
            ],
            [
              1.785445429593208,
              41.46535648424063
            ],
            [
              1.7853444143660269,
              41.4653601021679
            ],
            [
              1.7850714647814774,
              41.46536902061341
            ],
            [
              1.7848620071027546,
              41.46537653664369
            ],
            [
              1.7848333680451935,
              41.46537758515997
            ],
            [
              1.7847618226750768,
              41.46538061319896
            ],
            [
              1.784634069954631,
              41.46538610973806
            ],
            [
              1.7845798037103697,
              41.46539364283048
            ],
            [
              1.7844487985334954,
              41.46540658081544
            ],
            [
              1.7842809642589772,
              41.465423092567555
            ],
            [
              1.784221580132469,
              41.465428950088885
            ],
            [
              1.7840724612778978,
              41.46544358769671
            ],
            [
              1.7840499078758234,
              41.46544578122418
            ],
            [
              1.784035151627897,
              41.465447246526736
            ],
            [
              1.784016914974586,
              41.46544912629519
            ],
            [
              1.7837876345239265,
              41.465485704371915
            ],
            [
              1.783704639762335,
              41.465499059098704
            ],
            [
              1.7836952205497185,
              41.46550328297273
            ],
            [
              1.7836692612135634,
              41.465514717879714
            ],
            [
              1.783628434707756,
              41.46553995679668
            ],
            [
              1.7836123212820556,
              41.465549964583595
            ],
            [
              1.7835925757483346,
              41.46556209569644
            ],
            [
              1.7835816811041962,
              41.46556837652627
            ],
            [
              1.7835705520779808,
              41.4655743837578
            ],
            [
              1.7835589508893632,
              41.465580025704384
            ],
            [
              1.7835472383922715,
              41.46558521610983
            ],
            [
              1.7835462738708423,
              41.46558556619891
            ],
            [
              1.7835350520496434,
              41.46559013128485
            ],
            [
              1.7835226346753532,
              41.46559459365233
            ],
            [
              1.7835123942072744,
              41.46559790809975
            ],
            [
              1.7835101059931464,
              41.46559860447847
            ],
            [
              1.7834972248727734,
              41.46560225128541
            ],
            [
              1.7834842324449196,
              41.465605446550896
            ],
            [
              1.783471007302803,
              41.46560827906331
            ],
            [
              1.7834576708536671,
              41.46561066003419
            ],
            [
              1.7834025039238113,
              41.465621516627834
            ],
            [
              1.7833853312653962,
              41.46562412723001
            ],
            [
              1.7833801680003571,
              41.46562488326709
            ],
            [
              1.7833698397862592,
              41.46562648539529
            ],
            [
              1.7833646765208702,
              41.46562724143166
            ],
            [
              1.7833595115716807,
              41.46562808752256
            ],
            [
              1.7833543483060508,
              41.465628843558456
            ],
            [
              1.7833421162997012,
              41.46562979503802
            ],
            [
              1.7832688473290625,
              41.46563532594552
            ],
            [
              1.783241152459217,
              41.46563710463341
            ],
            [
              1.7832228078129062,
              41.46563835172467
            ],
            [
              1.783184371498129,
              41.46563821531209
            ],
            [
              1.7831000253139633,
              41.46563417130326
            ],
            [
              1.7830799538590665,
              41.465631707127464
            ],
            [
              1.7830483973665874,
              41.46562867106666
            ],
            [
              1.7829993627779874,
              41.46561896483803
            ],
            [
              1.7829571288479134,
              41.46561059246599
            ],
            [
              1.7829521442507774,
              41.46560819783547
            ],
            [
              1.7828458482730853,
              41.46558041154231
            ],
            [
              1.7828363546171353,
              41.46557580744887
            ],
            [
              1.782757751149048,
              41.46553363320391
            ],
            [
              1.7826787621643674,
              41.46549280501235
            ],
            [
              1.7826323207664119,
              41.46545970721253
            ],
            [
              1.782549347062261,
              41.46540145365657
            ],
            [
              1.78249346274039,
              41.46536105004333
            ],
            [
              1.7824932266640412,
              41.46536086739926
            ],
            [
              1.7823927561907802,
              41.465258563188065
            ],
            [
              1.782304632888675,
              41.46517476350844
            ],
            [
              1.782278984961828,
              41.46515035252576
            ],
            [
              1.7822655944103618,
              41.46513642965513
            ],
            [
              1.7822566640089008,
              41.46512732784998
            ],
            [
              1.782227531097952,
              41.46509711531534
            ],
            [
              1.7822268262443914,
              41.46509638727212
            ],
            [
              1.782205210181282,
              41.46507409062986
            ],
            [
              1.7822009810631745,
              41.46506972236974
            ],
            [
              1.7821760768128736,
              41.46504396905048
            ],
            [
              1.782158976529083,
              41.46502352166441
            ],
            [
              1.7820845948733743,
              41.4649349133255
            ],
            [
              1.7820815545674387,
              41.46493100801204
            ],
            [
              1.782031389217172,
              41.464866525288485
            ],
            [
              1.7820053148226433,
              41.46483292232809
            ],
            [
              1.7819656830562272,
              41.46478152247022
            ],
            [
              1.781955043367687,
              41.46476771876732
            ],
            [
              1.7819109972903517,
              41.46473464604154
            ],
            [
              1.7819016690580833,
              41.46472761166393
            ],
            [
              1.781826209080482,
              41.464671057563656
            ],
            [
              1.7818062862885033,
              41.46465427320512
            ],
            [
              1.7816866355600716,
              41.464553206384345
            ],
            [
              1.7816463803691227,
              41.464515940301695
            ],
            [
              1.7816302533497326,
              41.464501087643974
            ],
            [
              1.7815970707266493,
              41.46447614633027
            ],
            [
              1.7815790045823436,
              41.46446253413941
            ],
            [
              1.7815483508229266,
              41.46444329507242
            ],
            [
              1.7815240878564689,
              41.4644280859923
            ],
            [
              1.7815234959946906,
              41.46442771943198
            ],
            [
              1.7815135810450557,
              41.4644200482993
            ],
            [
              1.7815002413946155,
              41.46440981885274
            ],
            [
              1.781461520852936,
              41.46438013505775
            ],
            [
              1.781432759600908,
              41.46436848120369
            ],
            [
              1.7812322712823319,
              41.46428718404805
            ],
            [
              1.7812291804615301,
              41.4642859803532
            ],
            [
              1.781189369067145,
              41.46426979669125
            ],
            [
              1.781196867687888,
              41.46425942773595
            ],
            [
              1.781207069332141,
              41.46424539354766
            ],
            [
              1.7810508461509584,
              41.46419185711249
            ],
            [
              1.7809880690703503,
              41.46409889623922
            ],
            [
              1.7809722481710835,
              41.464085550044324
            ],
            [
              1.7809177344929652,
              41.46402322752216
            ],
            [
              1.7808632197212628,
              41.46396090496228
            ],
            [
              1.780769476565814,
              41.46380336607846
            ],
            [
              1.7807441250829756,
              41.46376076233581
            ],
            [
              1.780675732676582,
              41.46364582620696
            ],
            [
              1.7806527617416712,
              41.463609233902545
            ],
            [
              1.7805930305161408,
              41.463598922354635
            ],
            [
              1.78053311345878,
              41.46358856016626
            ],
            [
              1.7803432154543184,
              41.46355574270886
            ],
            [
              1.7803046641664788,
              41.46354902882115
            ],
            [
              1.7802955924821733,
              41.46354749145965
            ],
            [
              1.7802927185399844,
              41.463489994688516
            ],
            [
              1.780091988816564,
              41.46351768078467
            ],
            [
              1.779993663338144,
              41.46353132060211
            ],
            [
              1.7799339972752084,
              41.46353951481086
            ],
            [
              1.7798559617473888,
              41.463550307270495
            ],
            [
              1.7798425160105162,
              41.46355214622899
            ],
            [
              1.779739270109458,
              41.46356636413817
            ],
            [
              1.7797134577874243,
              41.46356996340309
            ],
            [
              1.779646707935824,
              41.463579163176874
            ],
            [
              1.7796288207408781,
              41.46358158549356
            ],
            [
              1.7795781571886249,
              41.46358861492139
            ],
            [
              1.7795817379132264,
              41.463614773957204
            ],
            [
              1.7795988662709676,
              41.463614505337574
            ],
            [
              1.7796049084069134,
              41.46365627304187
            ],
            [
              1.7795922517060296,
              41.46366073244723
            ],
            [
              1.7795586235927394,
              41.463672445348955
            ],
            [
              1.7795417479828965,
              41.463678391215524
            ],
            [
              1.779331140760187,
              41.463760285819376
            ],
            [
              1.7792194624928495,
              41.463802695648575
            ],
            [
              1.7789943466190812,
              41.463802559688
            ],
            [
              1.7789972073522788,
              41.463867082003915
            ],
            [
              1.7789741853648062,
              41.46387512427884
            ],
            [
              1.778936220072645,
              41.46388823211454
            ],
            [
              1.7789269391023605,
              41.46389146626843
            ],
            [
              1.7789136820032618,
              41.46389601019782
            ],
            [
              1.7788939177864498,
              41.46390273595458
            ],
            [
              1.778861140985899,
              41.46391373710882
            ],
            [
              1.7788072757657927,
              41.46393190029874
            ],
            [
              1.778754372133873,
              41.46394980435646
            ],
            [
              1.7787123142958432,
              41.463964039606424
            ],
            [
              1.7786918283364073,
              41.46397093780966
            ],
            [
              1.7786419379481089,
              41.46398779204008
            ],
            [
              1.7785642095749994,
              41.46401407935964
            ],
            [
              1.77851902033209,
              41.46402927208222
            ],
            [
              1.7784867239784554,
              41.46404018815892
            ],
            [
              1.7784721397526937,
              41.4640452583779
            ],
            [
              1.778368723159867,
              41.46408126989434
            ],
            [
              1.7783519687495828,
              41.46408712679997
            ],
            [
              1.7782651109525058,
              41.464114938253914
            ],
            [
              1.7782295719160446,
              41.46412636024873
            ],
            [
              1.7781930712277398,
              41.46413804223467
            ],
            [
              1.7781775207394659,
              41.46414355251434
            ],
            [
              1.7781414791189962,
              41.46415623015845
            ],
            [
              1.7781407574137404,
              41.464156402636654
            ],
            [
              1.7780877874986067,
              41.46417513885274
            ],
            [
              1.7779670943943648,
              41.46430549309114
            ],
            [
              1.7778210783605775,
              41.46446319886138
            ],
            [
              1.7777273884940732,
              41.46456438695607
            ],
            [
              1.7776015421175861,
              41.46470030656047
            ],
            [
              1.7774921223454008,
              41.464818483393664
            ],
            [
              1.777427633047764,
              41.46474462209679
            ],
            [
              1.7774114726612917,
              41.4647261124519
            ],
            [
              1.777392929516651,
              41.46470791254625
            ],
            [
              1.7773439326778975,
              41.46465982260288
            ],
            [
              1.7772851260673952,
              41.46460569437518
            ],
            [
              1.7772244408074847,
              41.46455334759546
            ],
            [
              1.7771461936829693,
              41.46450094467313
            ],
            [
              1.7771357468645128,
              41.46449394845809
            ],
            [
              1.777000590649557,
              41.46444195007573
            ],
            [
              1.7769466803265053,
              41.46442321369644
            ],
            [
              1.7768466450486269,
              41.46437149852045
            ],
            [
              1.7767798001047945,
              41.4643316691332
            ],
            [
              1.7767115100590465,
              41.46429208734919
            ],
            [
              1.7766710502589909,
              41.46426905151864
            ],
            [
              1.7766120330272077,
              41.464211524971134
            ],
            [
              1.7765655884163551,
              41.46418186816471
            ],
            [
              1.7765450512887089,
              41.464168542354216
            ],
            [
              1.7765169846932072,
              41.46414712449415
            ],
            [
              1.7765073139677758,
              41.46413955370828
            ],
            [
              1.7764790510925101,
              41.464120297293334
            ],
            [
              1.7764402378554098,
              41.464094019172066
            ],
            [
              1.776383790876267,
              41.464045590153845
            ],
            [
              1.7763655802853515,
              41.46403201884463
            ],
            [
              1.7763302572127,
              41.464006402920376
            ],
            [
              1.7762934032224715,
              41.46398069233421
            ],
            [
              1.7762667922977264,
              41.463962298323054
            ],
            [
              1.776236723704564,
              41.46394152022639
            ],
            [
              1.7762105455632462,
              41.46392348299055
            ],
            [
              1.7761714630204075,
              41.463896701109654
            ],
            [
              1.776153300915662,
              41.46388533165546
            ],
            [
              1.7761390378195046,
              41.46387968546236
            ],
            [
              1.776128890409125,
              41.463878046253356
            ],
            [
              1.7761082917935458,
              41.46387818735646
            ],
            [
              1.776089390121181,
              41.46387972011947
            ],
            [
              1.776056442566951,
              41.46388284001087
            ],
            [
              1.776024603497642,
              41.46388578704026
            ],
            [
              1.775983072363266,
              41.46388905155661
            ],
            [
              1.7759558532578414,
              41.463891157816036
            ],
            [
              1.7759048482745567,
              41.46389383328724
            ],
            [
              1.775886134648142,
              41.46389466275016
            ],
            [
              1.7758567580547264,
              41.46389509769675
            ],
            [
              1.7758371073687393,
              41.46389538935334
            ],
            [
              1.7757883184547576,
              41.46389528440102
            ],
            [
              1.775770034265247,
              41.46389537351597
            ],
            [
              1.7757508451731487,
              41.463895507039695
            ],
            [
              1.7757229447608642,
              41.463895383001855
            ],
            [
              1.7757144067299058,
              41.46389533445423
            ],
            [
              1.7757099725770304,
              41.46389520889223
            ],
            [
              1.775692205612286,
              41.463894346930005
            ],
            [
              1.7756885268307478,
              41.46389416905919
            ],
            [
              1.775676435397343,
              41.463893261222594
            ],
            [
              1.7756667402562663,
              41.46389253291682
            ],
            [
              1.7756543468467585,
              41.46389157322427
            ],
            [
              1.7756466957728292,
              41.463890970259094
            ],
            [
              1.775640472326183,
              41.463890479768885
            ],
            [
              1.775633625816107,
              41.463889946616746
            ],
            [
              1.7756262672603103,
              41.463889389098206
            ],
            [
              1.7756138184759251,
              41.46388844502487
            ],
            [
              1.7755983076781914,
              41.46388725488198
            ],
            [
              1.775589086664127,
              41.4638865298155
            ],
            [
              1.775580082055451,
              41.46388582236433
            ],
            [
              1.7755723986755507,
              41.46388521814958
            ],
            [
              1.7755659483274477,
              41.46388444061061
            ],
            [
              1.7755561318269304,
              41.4638832255126
            ],
            [
              1.7755490140405203,
              41.46388234539043
            ],
            [
              1.775545663028093,
              41.46388193051074
            ],
            [
              1.7755390591128,
              41.46388065953937
            ],
            [
              1.7755312763800206,
              41.46387916254606
            ],
            [
              1.7755206504463728,
              41.463877118267
            ],
            [
              1.7755110544610273,
              41.463875066036735
            ],
            [
              1.7755006108595048,
              41.46387281382795
            ],
            [
              1.7754935351711356,
              41.46387128742972
            ],
            [
              1.7754841424234333,
              41.46386925267326
            ],
            [
              1.7754696394675662,
              41.46386611146306
            ],
            [
              1.7754591651028193,
              41.463863967010056
            ],
            [
              1.7754510973676052,
              41.46386234357764
            ],
            [
              1.7754417105120528,
              41.46386044128709
            ],
            [
              1.775431214469959,
              41.46385823985505
            ],
            [
              1.775419227521399,
              41.46385572530908
            ],
            [
              1.7753971265884665,
              41.463849605560775
            ],
            [
              1.7753866626694272,
              41.46384652445799
            ],
            [
              1.7753740642619078,
              41.463842714459
            ],
            [
              1.7753688503490868,
              41.46384113761947
            ],
            [
              1.7753490467838335,
              41.463835936743145
            ],
            [
              1.7753343390578067,
              41.46383203312338
            ],
            [
              1.7753107257534984,
              41.46382559641297
            ],
            [
              1.775308204903058,
              41.463824909339515
            ],
            [
              1.7752855066706066,
              41.463816679115325
            ],
            [
              1.7752795422240208,
              41.4638145160143
            ],
            [
              1.7752708608374326,
              41.46381063242015
            ],
            [
              1.7752551747498944,
              41.463803614472866
            ],
            [
              1.775245413361872,
              41.46379915372102
            ],
            [
              1.7752372969430434,
              41.46379540944773
            ],
            [
              1.7752243334644797,
              41.46378942930037
            ],
            [
              1.7751980200638737,
              41.463775097779866
            ],
            [
              1.7751666799101082,
              41.463754272536505
            ],
            [
              1.775154007575751,
              41.46374542126701
            ],
            [
              1.775118003395182,
              41.46371912667736
            ],
            [
              1.7750953163366783,
              41.463703116969654
            ],
            [
              1.7750735192752443,
              41.463690590833636
            ],
            [
              1.7750549301924603,
              41.46367990751542
            ],
            [
              1.7750319672097323,
              41.46366774365609
            ],
            [
              1.7750165900586479,
              41.463659711146846
            ],
            [
              1.7749977700501423,
              41.46364990987224
            ],
            [
              1.7749707006566648,
              41.463635860281485
            ],
            [
              1.7749523693822669,
              41.46362662265458
            ],
            [
              1.774916156364377,
              41.46360888537059
            ],
            [
              1.7748796788037542,
              41.463593815908126
            ],
            [
              1.7748417188706036,
              41.46358116170174
            ],
            [
              1.7748024338400508,
              41.463570519098894
            ],
            [
              1.7747774952874122,
              41.46356426452032
            ],
            [
              1.7747519615773972,
              41.46355871156643
            ],
            [
              1.7747016574201044,
              41.46354878831873
            ],
            [
              1.7746615506933472,
              41.46354146869731
            ],
            [
              1.774620354828728,
              41.463534185196835
            ],
            [
              1.7745808008173365,
              41.46352752896537
            ],
            [
              1.7745498020663477,
              41.46352292925536
            ],
            [
              1.7745219481717365,
              41.46352047074201
            ],
            [
              1.7744817698274797,
              41.4635186095914
            ],
            [
              1.774434903275446,
              41.46351684109283
            ],
            [
              1.7744152094264634,
              41.46351612413513
            ],
            [
              1.7744017104864316,
              41.46351569386354
            ],
            [
              1.7743966699122475,
              41.463515533866605
            ],
            [
              1.7743836086408895,
              41.463516025195034
            ],
            [
              1.7743708759996335,
              41.46351814132953
            ],
            [
              1.7743464831923532,
              41.46352474852625
            ],
            [
              1.774325958480409,
              41.46353228865604
            ],
            [
              1.7743152129205448,
              41.463536283255245
            ],
            [
              1.774298474114973,
              41.463544160964055
            ],
            [
              1.7742865799452134,
              41.46354975922149
            ],
            [
              1.7742705494445663,
              41.46355830290468
            ],
            [
              1.7742623884297963,
              41.463562652906205
            ],
            [
              1.7742399672699583,
              41.4635769156401
            ],
            [
              1.7742264697902748,
              41.463587850715946
            ],
            [
              1.774217506467045,
              41.46359671560652
            ],
            [
              1.7742043527820806,
              41.46361139415532
            ],
            [
              1.7741865134303556,
              41.463636694558296
            ],
            [
              1.7741721980156482,
              41.46365933033973
            ],
            [
              1.7741602656071682,
              41.46368253195231
            ],
            [
              1.7741452742410646,
              41.46371918391864
            ],
            [
              1.7741345288775963,
              41.463745669614184
            ],
            [
              1.7741246893999767,
              41.46376957898129
            ],
            [
              1.774113399305044,
              41.46379701183611
            ],
            [
              1.7741004647908967,
              41.463828148959756
            ],
            [
              1.7740868685276903,
              41.46385843594961
            ],
            [
              1.7740732994617665,
              41.463886833505846
            ],
            [
              1.774063632091087,
              41.46391037630483
            ],
            [
              1.774051571282406,
              41.463928629753035
            ],
            [
              1.7740400202940731,
              41.463950839215144
            ],
            [
              1.7740283755775161,
              41.46397719731832
            ],
            [
              1.7740157507781125,
              41.46400593729968
            ],
            [
              1.7740042778377185,
              41.46403194774971
            ],
            [
              1.7739981911177771,
              41.464045365826244
            ],
            [
              1.7739877898608323,
              41.46406889809317
            ],
            [
              1.7739856745676217,
              41.46407420603752
            ],
            [
              1.773982051390722,
              41.46408505988714
            ],
            [
              1.7739766635847911,
              41.46410866811156
            ],
            [
              1.7739732870388776,
              41.46412441823015
            ],
            [
              1.773967049192562,
              41.46414407762061
            ],
            [
              1.7739622474882206,
              41.46416384239195
            ],
            [
              1.773961307873728,
              41.46418193695358
            ],
            [
              1.7739605913251975,
              41.46421043726955
            ],
            [
              1.7739596041879377,
              41.464231054255855
            ],
            [
              1.7739593698809146,
              41.46424590651893
            ],
            [
              1.7739601001129943,
              41.46425875684343
            ],
            [
              1.7739640784900808,
              41.464281105712
            ],
            [
              1.7739658713625959,
              41.46428935294834
            ],
            [
              1.773973056039858,
              41.464310646116814
            ],
            [
              1.7739815216488308,
              41.46433195744247
            ],
            [
              1.773989752054115,
              41.46435018127641
            ],
            [
              1.774001638809971,
              41.46437384303089
            ],
            [
              1.7740110989059685,
              41.46439035598277
            ],
            [
              1.774018013395838,
              41.46440101230622
            ],
            [
              1.7740258903272583,
              41.46441225715359
            ],
            [
              1.7740375447430183,
              41.46442753157661
            ],
            [
              1.774050788023401,
              41.4644437677947
            ],
            [
              1.7740648202595433,
              41.46445893245098
            ],
            [
              1.774083771320527,
              41.46447633829563
            ],
            [
              1.774101170279537,
              41.46449108576714
            ],
            [
              1.7741214946010746,
              41.46450799553115
            ],
            [
              1.774138455271988,
              41.46452071079314
            ],
            [
              1.7741722299145357,
              41.46454299621515
            ],
            [
              1.7742038094988184,
              41.46456255605769
            ],
            [
              1.7742309184776062,
              41.46457947415844
            ],
            [
              1.7742445206313795,
              41.464587341937914
            ],
            [
              1.7742501043533205,
              41.464590520655975
            ],
            [
              1.7742620706801373,
              41.46459731354872
            ],
            [
              1.774266810340767,
              41.46459997616247
            ],
            [
              1.7742747570331772,
              41.46460402404099
            ],
            [
              1.7742859056700273,
              41.464609727346954
            ],
            [
              1.7742943261615218,
              41.46461405049088
            ],
            [
              1.774300018506579,
              41.464616993473335
            ],
            [
              1.7743133034739076,
              41.46462371034062
            ],
            [
              1.7743235028276179,
              41.46462895316421
            ],
            [
              1.774333228385978,
              41.464633920720374
            ],
            [
              1.7743697820003888,
              41.46465133395165
            ],
            [
              1.7744187956597743,
              41.46467482382785
            ],
            [
              1.7744583270929226,
              41.464693079414324
            ],
            [
              1.7744739275014612,
              41.464697659194364
            ],
            [
              1.7745321592562047,
              41.46471485299444
            ],
            [
              1.7745640716595923,
              41.464724379503316
            ],
            [
              1.7746172063084151,
              41.46473881677798
            ],
            [
              1.7746184425248273,
              41.46473675828061
            ],
            [
              1.7746224910124333,
              41.46473797235568
            ],
            [
              1.774624512712754,
              41.46473871447484
            ],
            [
              1.774668383714163,
              41.464749089840716
            ],
            [
              1.7747291834977765,
              41.464763517750804
            ],
            [
              1.7747593899762297,
              41.464768253089524
            ],
            [
              1.7747970541467835,
              41.464777571488824
            ],
            [
              1.7748572016080606,
              41.46479478553139
            ],
            [
              1.7748861549485275,
              41.464802479881705
            ],
            [
              1.7749385798989545,
              41.46481645818531
            ],
            [
              1.7749683696157703,
              41.46482425149588
            ],
            [
              1.7750177609948379,
              41.46483405501789
            ],
            [
              1.775042096078781,
              41.46483899796665
            ],
            [
              1.7750769226244063,
              41.464846393629294
            ],
            [
              1.7751524183434657,
              41.46486250995975
            ],
            [
              1.7751912459472095,
              41.464873642070266
            ],
            [
              1.775266314786655,
              41.46489335578029
            ],
            [
              1.775311859913706,
              41.46490392887266
            ],
            [
              1.7753343924405818,
              41.46490921285625
            ],
            [
              1.7753371443488495,
              41.4649093322303
            ],
            [
              1.775365383458105,
              41.464910443561244
            ],
            [
              1.775442458944021,
              41.464912614380644
            ],
            [
              1.7754883022575882,
              41.46491364289076
            ],
            [
              1.7755130982435485,
              41.46491318629568
            ],
            [
              1.775526513872467,
              41.464912968829985
            ],
            [
              1.7755629279811185,
              41.46491236479248
            ],
            [
              1.7756466519765204,
              41.46491757954709
            ],
            [
              1.7756766931321666,
              41.46492474484332
            ],
            [
              1.7756899246606597,
              41.46492794815464
            ],
            [
              1.7757845880235272,
              41.464943636693214
            ],
            [
              1.7758326700132572,
              41.46494667048959
            ],
            [
              1.7758337458168627,
              41.46494677201232
            ],
            [
              1.7758338655388213,
              41.46494677328657
            ],
            [
              1.7758542436822968,
              41.4649456390894
            ],
            [
              1.7759160964576235,
              41.464942243220655
            ],
            [
              1.775959457826302,
              41.4649415337505
            ],
            [
              1.7760055965125736,
              41.46493959280465
            ],
            [
              1.7760467300702663,
              41.46494273181119
            ],
            [
              1.7760722641915203,
              41.464947597229276
            ],
            [
              1.7759948692806693,
              41.4649732288201
            ],
            [
              1.776001953203206,
              41.46501233263049
            ],
            [
              1.7760118936065534,
              41.46503135364455
            ],
            [
              1.7760283093008327,
              41.465062693428834
            ],
            [
              1.7760649519856235,
              41.46513270942163
            ],
            [
              1.7760821769936794,
              41.465165589042876
            ],
            [
              1.776100904726109,
              41.465201275999384
            ],
            [
              1.7761182415204282,
              41.46523451709458
            ],
            [
              1.7761384743627942,
              41.46527301320922
            ],
            [
              1.776150148019629,
              41.46529538533702
            ],
            [
              1.7761552362920392,
              41.46530498716631
            ],
            [
              1.7761619380197777,
              41.46531793884656
            ],
            [
              1.7761621622226824,
              41.46531875188486
            ],
            [
              1.7761664745802808,
              41.46533140792305
            ],
            [
              1.7761707784715393,
              41.46534451423354
            ],
            [
              1.7761733864452256,
              41.46535228822003
            ],
            [
              1.7761762237034864,
              41.465360605081266
            ],
            [
              1.7761789429332768,
              41.46536883061402
            ],
            [
              1.7761795122598063,
              41.46537045797721
            ],
            [
              1.7761837082883523,
              41.46538293263182
            ],
            [
              1.7761872232402245,
              41.46539341844404
            ],
            [
              1.776192208217971,
              41.46540851359596
            ],
            [
              1.7762071699388189,
              41.465453438832405
            ],
            [
              1.7762398274302553,
              41.46555079440736
            ],
            [
              1.776254790411702,
              41.46559571965017
            ],
            [
              1.7763445210457105,
              41.46575286006426
            ],
            [
              1.776373967298416,
              41.46580442459757
            ],
            [
              1.7764304282165506,
              41.46590320429244
            ],
            [
              1.7763526425082898,
              41.46593237090849
            ],
            [
              1.7764606067421733,
              41.46606880838813
            ],
            [
              1.7765137860279057,
              41.46604910688143
            ],
            [
              1.7765355796429507,
              41.466087349307664
            ],
            [
              1.7765988812931495,
              41.46619809125443
            ],
            [
              1.7766738893366434,
              41.46632949420743
            ],
            [
              1.7766871248580243,
              41.46635161267258
            ],
            [
              1.7766899085225634,
              41.4663564161224
            ],
            [
              1.7766947366943582,
              41.46636718610274
            ],
            [
              1.7767139231906013,
              41.46641035475222
            ],
            [
              1.7767258768666838,
              41.46643696230369
            ],
            [
              1.7767415809398792,
              41.46646153897463
            ],
            [
              1.7767651369283035,
              41.466539882362675
            ],
            [
              1.7767824974407387,
              41.4665974431799
            ],
            [
              1.7767900450316965,
              41.46662274375004
            ],
            [
              1.776790496847089,
              41.466624189715155
            ],
            [
              1.7767968104148635,
              41.46664506360824
            ],
            [
              1.7767994015840762,
              41.46665373812552
            ],
            [
              1.776803118908162,
              41.466666207664446
            ],
            [
              1.7768096600846623,
              41.46668771448481
            ],
            [
              1.7768227385690911,
              41.46673099830061
            ],
            [
              1.7768258945160742,
              41.4667414802735
            ],
            [
              1.7768280372611915,
              41.46674852871612
            ],
            [
              1.7768000578338736,
              41.466759040757054
            ],
            [
              1.776776394832552,
              41.46677563265419
            ],
            [
              1.776766322198914,
              41.466782731328394
            ],
            [
              1.7766751889997265,
              41.46684670432826
            ],
            [
              1.7764608882282726,
              41.46699691932695
            ],
            [
              1.776357375219605,
              41.467069588378315
            ],
            [
              1.776270973689669,
              41.46713018863746
            ],
            [
              1.7761022515715905,
              41.46724850592856
            ],
            [
              1.7760996218126184,
              41.46724825366434
            ],
            [
              1.7760377394508904,
              41.467236426157896
            ],
            [
              1.7759249496521292,
              41.46722895317743
            ],
            [
              1.7758099304336004,
              41.46721968192915
            ],
            [
              1.7757368615743017,
              41.467215085109636
            ],
            [
              1.7756224635098152,
              41.46721633624855
            ],
            [
              1.7755440812269225,
              41.46722046481074
            ],
            [
              1.7754548711503053,
              41.467225992157246
            ],
            [
              1.7754228249196617,
              41.46722668679701
            ],
            [
              1.7753652905803292,
              41.467226389464486
            ],
            [
              1.7752921670390573,
              41.46722329959363
            ],
            [
              1.7752892374129632,
              41.467222691934445
            ],
            [
              1.7752579311643335,
              41.46731252743603
            ],
            [
              1.7752405643923799,
              41.46736676519963
            ],
            [
              1.7752265541392829,
              41.46741451655451
            ],
            [
              1.7752215186806972,
              41.46743391858897
            ],
            [
              1.7752162923008448,
              41.46745710163427
            ],
            [
              1.7752060404468817,
              41.46751824175007
            ],
            [
              1.775195752477936,
              41.467581363074224
            ],
            [
              1.775189919719216,
              41.46761818293869
            ],
            [
              1.7751824496558897,
              41.467665579691555
            ],
            [
              1.775176694750088,
              41.467706405906924
            ],
            [
              1.7751725619189753,
              41.46774363478713
            ],
            [
              1.7751683495861317,
              41.467784005449005
            ],
            [
              1.775166438224829,
              41.4678092053876
            ],
            [
              1.7751646692724747,
              41.46783351962873
            ],
            [
              1.7751630302906114,
              41.46785550958252
            ],
            [
              1.7751619061184636,
              41.46787457946463
            ],
            [
              1.7751609882977215,
              41.467889875706035
            ],
            [
              1.775159478809791,
              41.46791421072435
            ],
            [
              1.775158504038355,
              41.46793005129763
            ],
            [
              1.7751575264905781,
              41.467949601926456
            ],
            [
              1.7751566504788965,
              41.46796687570368
            ],
            [
              1.7751557489364627,
              41.467984487881445
            ],
            [
              1.77515473703724,
              41.46800471819142
            ],
            [
              1.7751537242419644,
              41.46802976736906
            ],
            [
              1.7751520999634878,
              41.4680684704257
            ],
            [
              1.7751502532956127,
              41.46812324995056
            ],
            [
              1.775149678351004,
              41.46814310570825
            ],
            [
              1.7751492640943132,
              41.46815747866438
            ],
            [
              1.7751490140142319,
              41.468173244988535
            ],
            [
              1.7751488366061647,
              41.468189603862704
            ],
            [
              1.7751487116907718,
              41.46820718197637
            ],
            [
              1.7751486043619407,
              41.46822306241122
            ],
            [
              1.7751484130044322,
              41.468240480388936
            ],
            [
              1.7751485911883467,
              41.468255125367804
            ],
            [
              1.7751488089342862,
              41.46827301247612
            ],
            [
              1.775149200345746,
              41.46830724778537
            ],
            [
              1.7751494639855714,
              41.46832384194163
            ],
            [
              1.7751499711520573,
              41.46834448474654
            ],
            [
              1.7751505873221467,
              41.4683695791928
            ],
            [
              1.7751522274733582,
              41.468395877103276
            ],
            [
              1.7751571221933469,
              41.468453935897784
            ],
            [
              1.775161613887837,
              41.468498479529764
            ],
            [
              1.77512378098267,
              41.468536177278736
            ],
            [
              1.7750705062156384,
              41.46859262577459
            ],
            [
              1.7750077411749217,
              41.46864906233865
            ],
            [
              1.7749592809795778,
              41.46869313386172
            ],
            [
              1.774901470116129,
              41.46874561671083
            ],
            [
              1.7748738804946635,
              41.46877040801226
            ],
            [
              1.7748341930362974,
              41.468803804764704
            ],
            [
              1.7747666652013663,
              41.46885501579659
            ],
            [
              1.7747357487553561,
              41.46887681724733
            ],
            [
              1.7746857009429031,
              41.46891201401382
            ],
            [
              1.7746378703377783,
              41.46894539690211
            ],
            [
              1.7745796690219968,
              41.46898552108787
            ],
            [
              1.774529599147071,
              41.46901952769307
            ],
            [
              1.7744759642574963,
              41.469054355580795
            ],
            [
              1.7743883399931375,
              41.46910512346574
            ],
            [
              1.7743191606171849,
              41.46914384610015
            ],
            [
              1.774257735772062,
              41.46917853412317
            ],
            [
              1.7741998587685568,
              41.46921197188913
            ],
            [
              1.7741443505606929,
              41.46924387752025
            ],
            [
              1.7740963945001875,
              41.46927105195023
            ],
            [
              1.7740575074599352,
              41.4692926916978
            ],
            [
              1.7740131790475577,
              41.469316096496705
            ],
            [
              1.7739764304946997,
              41.46933476320191
            ],
            [
              1.7739089823222358,
              41.469367445767915
            ],
            [
              1.7738409943867268,
              41.46939998022515
            ],
            [
              1.773787670163984,
              41.469425403933265
            ],
            [
              1.7737459194568446,
              41.469445335894676
            ],
            [
              1.7737209123574742,
              41.469457283096105
            ],
            [
              1.7736864517374116,
              41.46947374751073
            ],
            [
              1.7736088754494794,
              41.46951057062707
            ],
            [
              1.7736013842777922,
              41.46951409364664
            ],
            [
              1.7735515158890969,
              41.469535900755425
            ],
            [
              1.7735003581114068,
              41.46955616196026
            ],
            [
              1.7733979261096104,
              41.46959650381514
            ],
            [
              1.7733070051030586,
              41.46963606672491
            ],
            [
              1.7732896179011834,
              41.46964362750899
            ],
            [
              1.7732694565024765,
              41.46965224047113
            ],
            [
              1.7732216476067948,
              41.4696727174147
            ],
            [
              1.7732208010033785,
              41.46967315874674
            ],
            [
              1.7731808407861704,
              41.46969020656435
            ],
            [
              1.7731353440569355,
              41.46970872744192
            ],
            [
              1.7730945553694326,
              41.469725316029745
            ],
            [
              1.7730082703785777,
              41.469760334461284
            ],
            [
              1.7728953005960928,
              41.46980695858862
            ],
            [
              1.7727824503844145,
              41.469853583879946
            ],
            [
              1.7726981045183918,
              41.469887362654305
            ],
            [
              1.7726141138766893,
              41.46992141447371
            ],
            [
              1.7726121160969146,
              41.46992231729735
            ],
            [
              1.7721899468488422,
              41.47010713182699
            ],
            [
              1.7720115369199272,
              41.47019397186701
            ],
            [
              1.7718830083321933,
              41.47026038441735
            ],
            [
              1.7718851802778344,
              41.470262563943194
            ],
            [
              1.771801278079457,
              41.470309709035895
            ],
            [
              1.7717152398408778,
              41.470356318742816
            ],
            [
              1.7716583744882755,
              41.470392881624676
            ],
            [
              1.7716205533108955,
              41.47041716834261
            ],
            [
              1.7715703313713476,
              41.470450081241815
            ],
            [
              1.771508806217559,
              41.47049044577517
            ],
            [
              1.7714215051805524,
              41.47054784325575
            ],
            [
              1.7713697668864776,
              41.47058335827349
            ],
            [
              1.7713338461054808,
              41.47061112848103
            ],
            [
              1.7712908379490964,
              41.47064683400259
            ],
            [
              1.7712536330367172,
              41.47067962821623
            ],
            [
              1.771218222718308,
              41.47071257669924
            ],
            [
              1.7711927287241338,
              41.47073687427743
            ],
            [
              1.7711894343902783,
              41.47074003575068
            ],
            [
              1.7711706010522368,
              41.47075876325098
            ],
            [
              1.771159108213351,
              41.47077086328521
            ],
            [
              1.771149558604052,
              41.47078082954835
            ],
            [
              1.771147494117199,
              41.47078297913648
            ],
            [
              1.7711383058229255,
              41.47079391483535
            ],
            [
              1.7711267031991489,
              41.470807832255296
            ],
            [
              1.7711200029623209,
              41.470815940141705
            ],
            [
              1.77111234461246,
              41.470825382571675
            ],
            [
              1.771100871832253,
              41.47083958960798
            ],
            [
              1.7710925811541138,
              41.470849856648655
            ],
            [
              1.7710863166022597,
              41.470858166446845
            ],
            [
              1.771081851440297,
              41.47086631532632
            ],
            [
              1.7710796560946782,
              41.47087475867587
            ],
            [
              1.771080014256725,
              41.47088115764411
            ],
            [
              1.77108252760701,
              41.470887579640525
            ],
            [
              1.7710858977971475,
              41.47089301999563
            ],
            [
              1.7710903557878184,
              41.47089793153922
            ],
            [
              1.7710980261509122,
              41.47090395827531
            ],
            [
              1.7711065499528176,
              41.47090918347797
            ],
            [
              1.7711179939589763,
              41.47091450743578
            ],
            [
              1.7711255404990602,
              41.47091821348241
            ],
            [
              1.7711408201857293,
              41.47092715879901
            ],
            [
              1.7711586200865042,
              41.47093747131783
            ],
            [
              1.771174346024897,
              41.47094656731515
            ],
            [
              1.771195845365765,
              41.470959091900234
            ],
            [
              1.771208576327848,
              41.470966658891044
            ],
            [
              1.7712290166313234,
              41.470979204581354
            ],
            [
              1.7712439455362081,
              41.47098852624215
            ],
            [
              1.771250499054267,
              41.470992626096674
            ],
            [
              1.7712593140147745,
              41.47099797149276
            ],
            [
              1.771284412724978,
              41.471012364786276
            ],
            [
              1.771298559030126,
              41.4710208304979
            ],
            [
              1.7713125499618438,
              41.47102947018914
            ],
            [
              1.7713238594891076,
              41.47103646353305
            ],
            [
              1.771339349723978,
              41.4710460577924
            ],
            [
              1.771356111511993,
              41.47105630064369
            ],
            [
              1.7713629422155333,
              41.471060308876844
            ],
            [
              1.77138103110267,
              41.47107092258802
            ],
            [
              1.7714590543790467,
              41.4711154303472
            ],
            [
              1.7715483066348992,
              41.47116448234679
            ],
            [
              1.7716332382279576,
              41.47120763252427
            ],
            [
              1.771775767236895,
              41.47124482334901
            ],
            [
              1.7718353710711068,
              41.47127207533721
            ],
            [
              1.7719241281056852,
              41.47130932227144
            ],
            [
              1.771943587619405,
              41.471318897582805
            ],
            [
              1.772020821132139,
              41.47135750669342
            ],
            [
              1.7720743875763385,
              41.47138104706557
            ],
            [
              1.772129177152932,
              41.47140964452575
            ],
            [
              1.7721666359427566,
              41.47142507841164
            ],
            [
              1.772196917235017,
              41.471437298441586
            ],
            [
              1.7722347155617508,
              41.47145238374686
            ],
            [
              1.7722626643680364,
              41.47146268013387
            ],
            [
              1.7722912288455706,
              41.47147208236195
            ],
            [
              1.772344638008562,
              41.471484991484466
            ],
            [
              1.772405837169883,
              41.47150661086432
            ],
            [
              1.7724202410048482,
              41.4715112790318
            ],
            [
              1.772443705883805,
              41.4715184146137
            ],
            [
              1.7724846345499992,
              41.471529450265244
            ],
            [
              1.7725200318942218,
              41.47153716985104
            ],
            [
              1.772555714198273,
              41.47154343329404
            ],
            [
              1.7726129983740482,
              41.47155173320846
            ],
            [
              1.7726614378946757,
              41.471557776072395
            ],
            [
              1.772707530272991,
              41.47156387673652
            ],
            [
              1.772737876981012,
              41.47156857447463
            ],
            [
              1.772768831166178,
              41.4715742721854
            ],
            [
              1.772796146358605,
              41.47158026342667
            ],
            [
              1.772819641149417,
              41.47158594368097
            ],
            [
              1.7728521280598943,
              41.47159406445813
            ],
            [
              1.7728990785539038,
              41.47160470484351
            ],
            [
              1.7729194080026756,
              41.47160918666947
            ],
            [
              1.7729330274545516,
              41.47161271329331
            ],
            [
              1.7729619944397854,
              41.47162059382271
            ],
            [
              1.7729853279247598,
              41.47162765313234
            ],
            [
              1.7730102894001953,
              41.471635576485674
            ],
            [
              1.7730318147661315,
              41.47164306865989
            ],
            [
              1.7730531011443869,
              41.47165066006242
            ],
            [
              1.773075597183344,
              41.47165888136129
            ],
            [
              1.7730958684216027,
              41.471666642071554
            ],
            [
              1.7731166889989052,
              41.47167461220186
            ],
            [
              1.773145184645464,
              41.47168551679238
            ],
            [
              1.7731669718650078,
              41.47169385841517
            ],
            [
              1.7731709549604988,
              41.471695386196345
            ],
            [
              1.7731831644425746,
              41.4716990634839
            ],
            [
              1.7732035770569012,
              41.47170555205932
            ],
            [
              1.7732213599093412,
              41.471713939229886
            ],
            [
              1.773231351557805,
              41.471718818741465
            ],
            [
              1.773245843677512,
              41.471725098242025
            ],
            [
              1.7732605786647164,
              41.47173120018638
            ],
            [
              1.77327713953544,
              41.471737325206526
            ],
            [
              1.7733022055191983,
              41.47174650612138
            ],
            [
              1.7733338133185519,
              41.471760291948044
            ],
            [
              1.7733466313290005,
              41.47176580417837
            ],
            [
              1.7733630485592926,
              41.47177160879785
            ],
            [
              1.7733787490838877,
              41.47177731569887
            ],
            [
              1.7733973946614876,
              41.47178434654551
            ],
            [
              1.773412924772367,
              41.471790390296704
            ],
            [
              1.773434426870544,
              41.471799566501545
            ],
            [
              1.7734618232736614,
              41.47181116816059
            ],
            [
              1.7735154185863484,
              41.471826871870626
            ],
            [
              1.7735521684869462,
              41.47184010808601
            ],
            [
              1.7735618111962081,
              41.471843488645966
            ],
            [
              1.773577493072839,
              41.471848090132596
            ],
            [
              1.7735963681176945,
              41.471853432734775
            ],
            [
              1.7736266242659995,
              41.471861293516746
            ],
            [
              1.7736379479819357,
              41.47186406058714
            ],
            [
              1.7736613142591493,
              41.47186976992403
            ],
            [
              1.7736962916913357,
              41.471882121598426
            ],
            [
              1.7737083254798136,
              41.471885402439845
            ],
            [
              1.7737344522677965,
              41.471890536809056
            ],
            [
              1.7737872920441378,
              41.47190058479702
            ],
            [
              1.7738312816626645,
              41.47190866310093
            ],
            [
              1.7738594100872505,
              41.471913900747346
            ],
            [
              1.7738765662703615,
              41.47191741992798
            ],
            [
              1.7739005399023946,
              41.47192280422468
            ],
            [
              1.7739166541172968,
              41.47192626365228
            ],
            [
              1.773928408105237,
              41.47192850565522
            ],
            [
              1.7739422347321336,
              41.471931085905766
            ],
            [
              1.7739638016881092,
              41.47193460255296
            ],
            [
              1.7740013115122009,
              41.4719387241922
            ],
            [
              1.7740291962724646,
              41.471941132727565
            ],
            [
              1.7740493960220347,
              41.47194271984572
            ],
            [
              1.7740777183586047,
              41.47194599412579
            ],
            [
              1.774115292891332,
              41.47195329237072
            ],
            [
              1.7741229814519208,
              41.471954370520976
            ],
            [
              1.7741381472571414,
              41.471956174185976
            ],
            [
              1.7741520479298372,
              41.47195774909172
            ],
            [
              1.774164057528309,
              41.471959074155656
            ],
            [
              1.774179337769051,
              41.471961668969925
            ],
            [
              1.7741939837229022,
              41.47196614764185
            ],
            [
              1.7742098754833608,
              41.47197442353141
            ],
            [
              1.7742211705285833,
              41.47198189291936
            ],
            [
              1.7742321158586705,
              41.4719889820764
            ],
            [
              1.7742440468876794,
              41.471997338247604
            ],
            [
              1.774254325704447,
              41.472005161595064
            ],
            [
              1.7742623695943585,
              41.47201267919655
            ],
            [
              1.774263975998214,
              41.4720141816106
            ],
            [
              1.7742690462251558,
              41.472020684830184
            ],
            [
              1.7742716935699137,
              41.47202408175182
            ],
            [
              1.7742752730164122,
              41.472031145546865
            ],
            [
              1.7742799836052536,
              41.47204402476189
            ],
            [
              1.7742838728130628,
              41.472055115392315
            ],
            [
              1.7742871087214547,
              41.47206458586347
            ],
            [
              1.7742920291360131,
              41.47207942278608
            ],
            [
              1.7742946834829054,
              41.47208804218
            ],
            [
              1.7742966473070683,
              41.47209491942034
            ],
            [
              1.77429959888164,
              41.47210670532468
            ],
            [
              1.7743036133022572,
              41.47212430862307
            ],
            [
              1.7743061082556417,
              41.47213439629972
            ],
            [
              1.7743082629810207,
              41.47214264647627
            ],
            [
              1.7743133825051638,
              41.47215702254755
            ],
            [
              1.7743177609132657,
              41.472165476566346
            ],
            [
              1.7743242716698446,
              41.47217561334352
            ],
            [
              1.7743328207203783,
              41.47218867487564
            ],
            [
              1.774340114891109,
              41.47220013685915
            ],
            [
              1.7743481408438373,
              41.472212104740926
            ],
            [
              1.7743531749074353,
              41.472218875987046
            ],
            [
              1.774363818038609,
              41.472232410194586
            ],
            [
              1.774374602122575,
              41.472245963917636
            ],
            [
              1.7743805490291766,
              41.47225335648181
            ],
            [
              1.774388759627367,
              41.47226258002068
            ],
            [
              1.7744012520813952,
              41.472274131622
            ],
            [
              1.7744245637491385,
              41.47229457606763
            ],
            [
              1.774435222884482,
              41.47230090464657
            ],
            [
              1.774447592245896,
              41.47230545000023
            ],
            [
              1.7744618858580483,
              41.47230956549468
            ],
            [
              1.774476683859108,
              41.47231233527579
            ],
            [
              1.774494848024859,
              41.47231442034352
            ],
            [
              1.7745098366741119,
              41.47231584286717
            ],
            [
              1.7745217460244882,
              41.47231683535927
            ],
            [
              1.774535380671495,
              41.472317914688254
            ],
            [
              1.7745565124274996,
              41.472319239629456
            ],
            [
              1.77457726433723,
              41.472319621965205
            ],
            [
              1.7745964627377122,
              41.47231766387731
            ],
            [
              1.774616798017343,
              41.47231384259138
            ],
            [
              1.7746397842896022,
              41.47230941093247
            ],
            [
              1.774659455324117,
              41.47230569425182
            ],
            [
              1.7746861263055638,
              41.47230051460734
            ],
            [
              1.7747021147175268,
              41.47229654431344
            ],
            [
              1.7747242774806902,
              41.472290562725405
            ],
            [
              1.7747495625730987,
              41.47228393434905
            ],
            [
              1.774759494998184,
              41.47228115874391
            ],
            [
              1.774780322996318,
              41.472274765706366
            ],
            [
              1.7747998028892005,
              41.47226898791019
            ],
            [
              1.774820575537756,
              41.47226349860263
            ],
            [
              1.7748421191577175,
              41.47225885067376
            ],
            [
              1.7748606058874212,
              41.47225652557181
            ],
            [
              1.7748803165840221,
              41.472256615735674
            ],
            [
              1.7748860939747166,
              41.47225660521843
            ],
            [
              1.7749031278243912,
              41.47225588053259
            ],
            [
              1.774917213084274,
              41.47225541627142
            ],
            [
              1.7749348825293632,
              41.47225515411742
            ],
            [
              1.7749522054141602,
              41.47225294450679
            ],
            [
              1.7749646616839412,
              41.472250967686804
            ],
            [
              1.7749705788254724,
              41.47225097666832
            ],
            [
              1.7749744816791067,
              41.47225098220945
            ],
            [
              1.7749796995853526,
              41.472251618753276
            ],
            [
              1.774996633815682,
              41.472253704152386
            ],
            [
              1.7750189690762932,
              41.47225681355137
            ],
            [
              1.7750368011670006,
              41.47225929852103
            ],
            [
              1.7750572620587133,
              41.47226197001334
            ],
            [
              1.7750782673606762,
              41.47226447706331
            ],
            [
              1.7750962362845868,
              41.472267200371526
            ],
            [
              1.7751126708348743,
              41.47227082787587
            ],
            [
              1.7751390393146018,
              41.47227789655356
            ],
            [
              1.7751712938347484,
              41.47228662669388
            ],
            [
              1.7751991867695875,
              41.47229363683234
            ],
            [
              1.7752206883078256,
              41.472296567076825
            ],
            [
              1.7752351796885277,
              41.47229654125053
            ],
            [
              1.7752555703167905,
              41.47229486686636
            ],
            [
              1.7752819663642414,
              41.472292265631076
            ],
            [
              1.7752945168611807,
              41.47229037264534
            ],
            [
              1.7753027012517333,
              41.47228820798554
            ],
            [
              1.7753167700802737,
              41.47228352721098
            ],
            [
              1.7753349381403218,
              41.4722775173801
            ],
            [
              1.7753475385000959,
              41.47227475662149
            ],
            [
              1.7753710147352975,
              41.47226961395759
            ],
            [
              1.7754190512333659,
              41.47225429069807
            ],
            [
              1.775480616896794,
              41.4722397960116
            ],
            [
              1.7754925848034522,
              41.472237041113566
            ],
            [
              1.7755045956275661,
              41.47223518739533
            ],
            [
              1.775516606467977,
              41.47223333277528
            ],
            [
              1.7755327758251869,
              41.47223323470354
            ],
            [
              1.7756254317555928,
              41.472241607049774
            ],
            [
              1.7756404811283426,
              41.472243748850346
            ],
            [
              1.7756521376552763,
              41.47224678497915
            ],
            [
              1.7757023808869195,
              41.47226368237643
            ],
            [
              1.7757388871644497,
              41.47227749176408
            ],
            [
              1.775787867151174,
              41.472299408023
            ],
            [
              1.7758118416563995,
              41.47230826242102
            ],
            [
              1.775905774176931,
              41.472337904317854
            ],
            [
              1.775987232516282,
              41.47236538765516
            ],
            [
              1.7760963759726043,
              41.47240775637745
            ],
            [
              1.776126912933178,
              41.472420709482556
            ],
            [
              1.7761691030896336,
              41.47243465127471
            ],
            [
              1.7761906900242423,
              41.47244577973679
            ],
            [
              1.776230326279474,
              41.47247102544062
            ],
            [
              1.7762647298022545,
              41.47249502199529
            ],
            [
              1.7762835116722713,
              41.4725090965865
            ],
            [
              1.7763040069511558,
              41.472527329132646
            ],
            [
              1.776314088278864,
              41.47253892062611
            ],
            [
              1.7763286837925527,
              41.47255774792541
            ],
            [
              1.7763399446813122,
              41.47257450140606
            ],
            [
              1.776356477019549,
              41.47260159093368
            ],
            [
              1.7763635807555298,
              41.47261371189465
            ],
            [
              1.7763747712011573,
              41.47264274419379
            ],
            [
              1.7763820029996513,
              41.47266894213125
            ],
            [
              1.7763881905557566,
              41.4726934175828
            ],
            [
              1.7763902888786238,
              41.47270920257798
            ],
            [
              1.776388025422281,
              41.47274269534071
            ],
            [
              1.776385483162029,
              41.47276414065481
            ],
            [
              1.776382666953023,
              41.4727833411521
            ],
            [
              1.7763791500404127,
              41.47279204075912
            ],
            [
              1.7763750373357945,
              41.47280064395498
            ],
            [
              1.776372851072168,
              41.47280863713935
            ],
            [
              1.7763716234304632,
              41.47281532816756
            ],
            [
              1.7763711409531084,
              41.47282079583384
            ],
            [
              1.776371688497334,
              41.47282625914625
            ],
            [
              1.7763732573196152,
              41.4728316099249
            ],
            [
              1.7763775810609093,
              41.472840503737714
            ],
            [
              1.7763833508894706,
              41.47284892113988
            ],
            [
              1.7763880404199235,
              41.47285428530343
            ],
            [
              1.7763937955583347,
              41.47286004541283
            ],
            [
              1.7763960359968665,
              41.47286216163052
            ],
            [
              1.776398977752023,
              41.47286494013575
            ],
            [
              1.7764049843870922,
              41.47287031831104
            ],
            [
              1.7764122928821184,
              41.472876520987775
            ],
            [
              1.7764187448378308,
              41.47288190930434
            ],
            [
              1.776419721115121,
              41.47288272493791
            ],
            [
              1.776426487250328,
              41.47288879213953
            ],
            [
              1.7764343213977134,
              41.47289557326754
            ],
            [
              1.7764374794661368,
              41.4728982486883
            ],
            [
              1.7764392806726925,
              41.47289977656321
            ],
            [
              1.7764479233452128,
              41.47290597721825
            ],
            [
              1.776454960680338,
              41.47291099705905
            ],
            [
              1.7764614420272682,
              41.47291545974158
            ],
            [
              1.776467563965406,
              41.47291967450401
            ],
            [
              1.7764734450236546,
              41.47292377051022
            ],
            [
              1.7764788718997189,
              41.47292756354481
            ],
            [
              1.7764848782882827,
              41.47293174555175
            ],
            [
              1.7764927939747095,
              41.47293718456365
            ],
            [
              1.776498386389409,
              41.47294102709668
            ],
            [
              1.7765020585192643,
              41.472943305360594
            ],
            [
              1.7765077679975516,
              41.472946845594485
            ],
            [
              1.776514764246645,
              41.4729511849479
            ],
            [
              1.7765211981776918,
              41.47295523999535
            ],
            [
              1.776527309938112,
              41.472959232167504
            ],
            [
              1.7765330904501049,
              41.472963007344035
            ],
            [
              1.7765396884534521,
              41.47296731723926
            ],
            [
              1.7765487715891268,
              41.47297525196235
            ],
            [
              1.7765536966688442,
              41.47297955486967
            ],
            [
              1.7765588939380408,
              41.472984094860415
            ],
            [
              1.7765609623208576,
              41.472986190329436
            ],
            [
              1.776567194416875,
              41.47299250854829
            ],
            [
              1.7765722160701487,
              41.47299759881419
            ],
            [
              1.7765764044888042,
              41.473001845245335
            ],
            [
              1.7765829753910576,
              41.47300861562785
            ],
            [
              1.7765888590093768,
              41.473014677935936
            ],
            [
              1.7765930953099751,
              41.47301911673001
            ],
            [
              1.776597077924433,
              41.47302328981402
            ],
            [
              1.7766011909071429,
              41.47302759939324
            ],
            [
              1.7766059885711427,
              41.47303250082518
            ],
            [
              1.7766110952506746,
              41.47303771899589
            ],
            [
              1.7766141668000375,
              41.473040856463626
            ],
            [
              1.77661818374144,
              41.473045178531486
            ],
            [
              1.776623116506627,
              41.47305053806686
            ],
            [
              1.776627965952837,
              41.47305580664336
            ],
            [
              1.7766344104185685,
              41.47306407898644
            ],
            [
              1.7766403239976374,
              41.47307166923851
            ],
            [
              1.7766448050407855,
              41.473077422988844
            ],
            [
              1.7766466461146546,
              41.47307995198891
            ],
            [
              1.7766511606845852,
              41.473086151953986
            ],
            [
              1.7766547809646107,
              41.473091124627786
            ],
            [
              1.77665914844371,
              41.47309712216654
            ],
            [
              1.7766648592568088,
              41.47310485978076
            ],
            [
              1.7766700837559675,
              41.4731119013667
            ],
            [
              1.7766745292531672,
              41.47311788982673
            ],
            [
              1.776680124041279,
              41.47312542894754
            ],
            [
              1.7766845694725697,
              41.47313142100936
            ],
            [
              1.7766904040343647,
              41.47313926532324
            ],
            [
              1.7766921025087092,
              41.473141544206015
            ],
            [
              1.776697634827193,
              41.47314896646811
            ],
            [
              1.776702913684306,
              41.47315604736184
            ],
            [
              1.7767043247859096,
              41.473157941280874
            ],
            [
              1.7767087567336797,
              41.47316388636068
            ],
            [
              1.7767118324511377,
              41.47316801286509
            ],
            [
              1.7767158689269893,
              41.47317333494094
            ],
            [
              1.7767208217719421,
              41.473179665666116
            ],
            [
              1.7767255687909929,
              41.473185732991944
            ],
            [
              1.7767365138523101,
              41.473199995273774
            ],
            [
              1.776743759764895,
              41.47320952994256
            ],
            [
              1.776751248361453,
              41.473221253249186
            ],
            [
              1.776757721354075,
              41.47323138588371
            ],
            [
              1.776764461232295,
              41.47324235632751
            ],
            [
              1.776767701011747,
              41.47324763029624
            ],
            [
              1.7767750379834562,
              41.47325920156773
            ],
            [
              1.7767825685644854,
              41.473270730762394
            ],
            [
              1.7767915127151577,
              41.47328440520275
            ],
            [
              1.776801782315253,
              41.473300070828195
            ],
            [
              1.7768105694146947,
              41.473313754405424
            ],
            [
              1.7768201153544,
              41.47332873588914
            ],
            [
              1.7768345158771417,
              41.47335100811968
            ],
            [
              1.7768495138060916,
              41.473368641668124
            ],
            [
              1.7768654781088957,
              41.47338583512974
            ],
            [
              1.776879433968721,
              41.47340296759818
            ],
            [
              1.776902497149272,
              41.47343185048375
            ],
            [
              1.776924556802501,
              41.47346041194308
            ],
            [
              1.7769408092540409,
              41.47348139149908
            ],
            [
              1.7769577092691973,
              41.47350296340954
            ],
            [
              1.7769661896386133,
              41.47351372716859
            ],
            [
              1.7769886778866149,
              41.47353790394509
            ],
            [
              1.777000309810404,
              41.47354971813169
            ],
            [
              1.7770151734585475,
              41.473564688590955
            ],
            [
              1.7770352222997734,
              41.47358968790078
            ],
            [
              1.7770466448546887,
              41.473604294802826
            ],
            [
              1.7770586278967628,
              41.47361667206656
            ],
            [
              1.7771042093167466,
              41.47365750916401
            ],
            [
              1.7772788809585132,
              41.473631702332234
            ],
            [
              1.7775549260278163,
              41.473576836334466
            ],
            [
              1.7777139426566269,
              41.473477626377324
            ],
            [
              1.7777286989781795,
              41.47346899483374
            ],
            [
              1.777740237056472,
              41.473461332493976
            ],
            [
              1.7777711605586581,
              41.47343909257862
            ],
            [
              1.777811605245677,
              41.47341372023344
            ],
            [
              1.777853059668935,
              41.47338017822781
            ],
            [
              1.7778998103277222,
              41.47334521079274
            ],
            [
              1.7779854388207939,
              41.47328009845951
            ],
            [
              1.7780318791296348,
              41.473239457614234
            ],
            [
              1.778040124228121,
              41.47324732476889
            ],
            [
              1.7781071964633801,
              41.473314088359075
            ],
            [
              1.778238339287264,
              41.47343509679771
            ],
            [
              1.778392014211051,
              41.47340975157538
            ],
            [
              1.77870644132737,
              41.47333674726767
            ],
            [
              1.7787662544951754,
              41.47332630889311
            ],
            [
              1.7790882507772947,
              41.47335637360287
            ],
            [
              1.7791542287771642,
              41.4733380452735
            ],
            [
              1.7793657810280137,
              41.4732949743511
            ],
            [
              1.7794839560518243,
              41.47322568287309
            ],
            [
              1.7796354158896899,
              41.47322771250657
            ],
            [
              1.7797449173114752,
              41.47321538059231
            ],
            [
              1.7798172910852452,
              41.47323506364352
            ],
            [
              1.779877548753877,
              41.47324560997299
            ],
            [
              1.7799422057209466,
              41.47324898003199
            ],
            [
              1.780070827528783,
              41.47324268732775
            ],
            [
              1.780433601668116,
              41.47322540548015
            ],
            [
              1.7806750088973187,
              41.4732459921429
            ],
            [
              1.780965673186977,
              41.47323837719802
            ],
            [
              1.7809668773751304,
              41.47323834582589
            ],
            [
              1.7809711526847698,
              41.473276575540616
            ],
            [
              1.7809825342148249,
              41.47331399696347
            ],
            [
              1.7810021236427032,
              41.47335924620278
            ],
            [
              1.78101770825299,
              41.47339490891954
            ],
            [
              1.7810440245897872,
              41.47345499501856
            ],
            [
              1.7810700513049817,
              41.47350836134164
            ],
            [
              1.7810916126886753,
              41.47355658493829
            ],
            [
              1.7811111104066086,
              41.47359542273203
            ],
            [
              1.7811724854194506,
              41.47368737596304
            ],
            [
              1.781203228070872,
              41.47374000139506
            ],
            [
              1.7812139919568781,
              41.473756895950686
            ],
            [
              1.7812576271090999,
              41.47380894461524
            ],
            [
              1.7812697612547046,
              41.47382263449766
            ],
            [
              1.7812833517223348,
              41.47383753867434
            ],
            [
              1.7813044255564772,
              41.47386072143648
            ],
            [
              1.781337107897902,
              41.473896631030556
            ],
            [
              1.781356051259398,
              41.4739174448225
            ],
            [
              1.7813751835830385,
              41.47393846507782
            ],
            [
              1.7813943452126595,
              41.47395951986794
            ],
            [
              1.7814128755640803,
              41.473979878912345
            ],
            [
              1.7814268199488343,
              41.47399520115479
            ],
            [
              1.781445107386393,
              41.47401529460881
            ],
            [
              1.7814620089888924,
              41.47403386376361
            ],
            [
              1.7814727826870052,
              41.47404570083275
            ],
            [
              1.7814865592802696,
              41.474060839343906
            ],
            [
              1.7815052737162083,
              41.47408115618808
            ],
            [
              1.781525538241136,
              41.474102925205464
            ],
            [
              1.7815620663163292,
              41.47414190911633
            ],
            [
              1.7815929825373784,
              41.474175127478254
            ],
            [
              1.7816147874064803,
              41.47419624986477
            ],
            [
              1.7816277354860057,
              41.47421080311855
            ],
            [
              1.7816381881070826,
              41.474221242449865
            ],
            [
              1.7816491617152168,
              41.47423206470255
            ],
            [
              1.7816600873133186,
              41.47424270089642
            ],
            [
              1.781694439478231,
              41.474267358217006
            ],
            [
              1.7817104088332931,
              41.47427860628255
            ],
            [
              1.781716472285336,
              41.474282579653114
            ],
            [
              1.7817390198994345,
              41.4743002411952
            ],
            [
              1.7817640765870177,
              41.47431444801111
            ],
            [
              1.781792003223064,
              41.47432952829773
            ],
            [
              1.7818214970769368,
              41.47434463508512
            ],
            [
              1.78184304415838,
              41.47435516308359
            ],
            [
              1.7818633216346427,
              41.474364930030184
            ],
            [
              1.7818958257223023,
              41.47437949582046
            ],
            [
              1.781920773162334,
              41.474390010277986
            ],
            [
              1.7819540164086332,
              41.47440514142835
            ],
            [
              1.7819780013737259,
              41.474414035185696
            ],
            [
              1.7820090266783006,
              41.47442538951419
            ],
            [
              1.7820331904247868,
              41.47443426623814
            ],
            [
              1.7820513946538654,
              41.474440973053895
            ],
            [
              1.7821028596118784,
              41.47446162490569
            ],
            [
              1.782121495896911,
              41.47447090695197
            ],
            [
              1.782151613048673,
              41.474488935898655
            ],
            [
              1.782119843439377,
              41.47447645772995
            ],
            [
              1.782064659950185,
              41.474457909330475
            ],
            [
              1.7820397371676415,
              41.474450744958006
            ],
            [
              1.7820001296284607,
              41.47443919706816
            ],
            [
              1.7819522122919635,
              41.47442857807668
            ],
            [
              1.7819040723355557,
              41.474416481321526
            ],
            [
              1.7818583462487771,
              41.47440505503096
            ],
            [
              1.7817999791624652,
              41.474390558470084
            ],
            [
              1.7817613079514873,
              41.47438100921427
            ],
            [
              1.7817259250875646,
              41.47437231083353
            ],
            [
              1.7816600276601073,
              41.47435607079852
            ],
            [
              1.7816125476767841,
              41.474346469613195
            ],
            [
              1.7815679525821835,
              41.474338990451876
            ],
            [
              1.7814984388672312,
              41.47434267385988
            ],
            [
              1.7814757318586796,
              41.474395098621784
            ],
            [
              1.781470565777781,
              41.47440223256688
            ],
            [
              1.7814651829432884,
              41.47440201250572
            ],
            [
              1.781452232510611,
              41.47440286609376
            ],
            [
              1.7814209956407583,
              41.474404922055264
            ],
            [
              1.781402709186414,
              41.474406125327825
            ],
            [
              1.781386587272109,
              41.47449323466666
            ],
            [
              1.7813830101344927,
              41.474517966675336
            ],
            [
              1.7813731147400156,
              41.47458595656259
            ],
            [
              1.781372708285832,
              41.474588474283145
            ],
            [
              1.7813659621266633,
              41.47463533052326
            ],
            [
              1.7813654340422207,
              41.47467630786939
            ],
            [
              1.781365408737873,
              41.47467765868724
            ],
            [
              1.78136493414525,
              41.474715844355515
            ],
            [
              1.781364468475919,
              41.47475348968371
            ],
            [
              1.7813639235181227,
              41.474795367574195
            ],
            [
              1.781363366260639,
              41.47483796591323
            ],
            [
              1.7813633190255052,
              41.474840487439835
            ],
            [
              1.7813630793899293,
              41.474866066361905
            ],
            [
              1.7813626559253255,
              41.47489506518639
            ],
            [
              1.7815901472380686,
              41.47491755974456
            ],
            [
              1.7817212817302222,
              41.47495632802204
            ],
            [
              1.7817940537087191,
              41.474977905569176
            ],
            [
              1.7818164194421402,
              41.47498597876325
            ],
            [
              1.7818356909611042,
              41.47499293831148
            ],
            [
              1.781968739972996,
              41.47504460693763
            ],
            [
              1.7820052424307902,
              41.475058774587005
            ],
            [
              1.782070639143767,
              41.475084146066074
            ],
            [
              1.7821122534151603,
              41.47510034940614
            ],
            [
              1.782117727778781,
              41.47510220882328
            ],
            [
              1.7821548576670923,
              41.475114851838455
            ],
            [
              1.7822032921582056,
              41.475131397581016
            ],
            [
              1.7822326861336077,
              41.47514143573174
            ],
            [
              1.7822711259874258,
              41.47515454294157
            ],
            [
              1.7823100318240328,
              41.47516828557893
            ],
            [
              1.7823573854171273,
              41.47519139509747
            ],
            [
              1.78240129690775,
              41.475212845952136
            ],
            [
              1.7824255083541887,
              41.475224631536115
            ],
            [
              1.7824590950895107,
              41.47524101998406
            ],
            [
              1.7825056860331585,
              41.475266553322626
            ],
            [
              1.7826114689160442,
              41.47532252626031
            ],
            [
              1.7826153833048743,
              41.47532454928636
            ],
            [
              1.782660065156877,
              41.475343306925296
            ],
            [
              1.782692267356379,
              41.47535688840635
            ],
            [
              1.7827234003220493,
              41.475370008199725
            ],
            [
              1.7827635645815103,
              41.47538691563591
            ],
            [
              1.7827781798855367,
              41.47539310516767
            ],
            [
              1.782781269573739,
              41.475394398880724
            ],
            [
              1.7828106266729356,
              41.47540641898699
            ],
            [
              1.78285852649625,
              41.47542602125676
            ],
            [
              1.7828603091401305,
              41.47542676070118
            ],
            [
              1.7828645878225655,
              41.4754285173568
            ],
            [
              1.7829017939813976,
              41.475443502820454
            ],
            [
              1.78292699386594,
              41.47545367745585
            ],
            [
              1.7829578992535073,
              41.47546616337004
            ],
            [
              1.7829708129394741,
              41.47547368595688
            ],
            [
              1.7830976929137692,
              41.47554798714221
            ],
            [
              1.7831885578840516,
              41.47560118960708
            ],
            [
              1.7832939958053946,
              41.47566292380121
            ],
            [
              1.7833564224711544,
              41.47568700211612
            ],
            [
              1.7834599931485526,
              41.475726918886735
            ],
            [
              1.783551313525946,
              41.47576220147615
            ],
            [
              1.7835667722382422,
              41.475768129611104
            ],
            [
              1.7835947163226533,
              41.47577887355896
            ],
            [
              1.7837012589818118,
              41.475819991585624
            ],
            [
              1.78373059287431,
              41.47583327222527
            ],
            [
              1.7837451999539147,
              41.475839911909205
            ],
            [
              1.7837453196962796,
              41.4758399131755
            ],
            [
              1.783807905356228,
              41.47586831730241
            ],
            [
              1.7838269075822522,
              41.47587689407196
            ],
            [
              1.7838386673146063,
              41.47588215254926
            ],
            [
              1.7838672878596462,
              41.47589515539378
            ],
            [
              1.7838965313343689,
              41.47592608922363
            ],
            [
              1.7839297635937803,
              41.4759614787684
            ],
            [
              1.7840077352648709,
              41.47604462933712
            ],
            [
              1.7840980937763762,
              41.47615069822034
            ],
            [
              1.7841021938835826,
              41.47615560547559
            ],
            [
              1.7841392124501396,
              41.47619995215423
            ],
            [
              1.784158795711986,
              41.476228712126826
            ],
            [
              1.7841740663159593,
              41.47625112143838
            ],
            [
              1.7842533031907613,
              41.47636914322665
            ],
            [
              1.7843144855105684,
              41.47647274178364
            ],
            [
              1.7843238902183731,
              41.47648860385956
            ],
            [
              1.7843285335436505,
              41.47649648923707
            ],
            [
              1.7843420093102558,
              41.47651887955421
            ],
            [
              1.7843661502605168,
              41.476560117653605
            ],
            [
              1.784381591500486,
              41.476586221708075
            ],
            [
              1.7844493065374623,
              41.476699167594596
            ],
            [
              1.7844543175384362,
              41.47670660649092
            ],
            [
              1.7844599104325927,
              41.47671495226079
            ],
            [
              1.7845290166884755,
              41.476817554478764
            ],
            [
              1.7845433498097882,
              41.47683887206298
            ],
            [
              1.784558151319398,
              41.47686082600268
            ],
            [
              1.7845840009203993,
              41.47690037073669
            ],
            [
              1.7846592184693235,
              41.477015647590136
            ],
            [
              1.78430891733107,
              41.47721325982404
            ],
            [
              1.7842947557020885,
              41.4772212166451
            ],
            [
              1.7840883782080839,
              41.477337481046476
            ],
            [
              1.7838502899501025,
              41.47747142513472
            ],
            [
              1.7836604173762227,
              41.47751832741806
            ],
            [
              1.7836469402121131,
              41.47752169770667
            ],
            [
              1.7834305969996833,
              41.47757507598073
            ],
            [
              1.783260445855325,
              41.477617068298514
            ],
            [
              1.7832088521706444,
              41.477634518916645
            ],
            [
              1.7830039147641004,
              41.47767459807503
            ],
            [
              1.7830019920934257,
              41.47767493801955
            ],
            [
              1.7829929757834,
              41.47767673413166
            ],
            [
              1.782793910145525,
              41.47771561133256
            ],
            [
              1.7827913853734698,
              41.47771612504596
            ],
            [
              1.7827874185966432,
              41.47771689371495
            ],
            [
              1.7827437823604138,
              41.477725439119304
            ],
            [
              1.7826186432780697,
              41.477749966264106
            ],
            [
              1.7825931594086064,
              41.47775492071255
            ],
            [
              1.7824569631413845,
              41.47778149237474
            ],
            [
              1.7824224629078098,
              41.477788242853904
            ],
            [
              1.7822935979808276,
              41.47781345077849
            ],
            [
              1.7822352969619515,
              41.47782481400932
            ],
            [
              1.7820528177852897,
              41.47786053286732
            ],
            [
              1.781947026514782,
              41.477907151750046
            ],
            [
              1.781927583817961,
              41.4779156828529
            ],
            [
              1.7818920744421027,
              41.4779444001385
            ],
            [
              1.781856562150916,
              41.477973207454355
            ],
            [
              1.7818401265749608,
              41.47798744495051
            ],
            [
              1.7818169514570994,
              41.47800980854431
            ],
            [
              1.7817946061314267,
              41.4780326303836
            ],
            [
              1.7817771349731717,
              41.4780510002296
            ],
            [
              1.7817601372414864,
              41.47806973537697
            ],
            [
              1.781738571067443,
              41.47809571799034
            ],
            [
              1.7817189056394227,
              41.47812253138487
            ],
            [
              1.7816964472045762,
              41.478157782891024
            ],
            [
              1.7816873616174405,
              41.478176061406096
            ],
            [
              1.7816804247169165,
              41.47819472297106
            ],
            [
              1.7816686535651274,
              41.47823495068853
            ],
            [
              1.7816581268632614,
              41.478270635728066
            ],
            [
              1.781612726506213,
              41.47828260097501
            ],
            [
              1.7815921019428995,
              41.47831649378014
            ],
            [
              1.7815972196698209,
              41.4783272395841
            ],
            [
              1.7816547187608622,
              41.47835961542157
            ],
            [
              1.7817257028601594,
              41.47839909126223
            ],
            [
              1.7817789695796722,
              41.47842653217749
            ],
            [
              1.7818327697571226,
              41.47845088022976
            ],
            [
              1.7818921658770184,
              41.47847572887978
            ],
            [
              1.7819456377951384,
              41.47849253885102
            ],
            [
              1.7819866609400825,
              41.478502814617414
            ],
            [
              1.782041689133721,
              41.47851595706686
            ],
            [
              1.7820803168695265,
              41.47852476267207
            ],
            [
              1.7821894546340786,
              41.47853838526596
            ],
            [
              1.7822553561647938,
              41.47855284701472
            ],
            [
              1.7823972732915059,
              41.47856485200165
            ],
            [
              1.7824905914441023,
              41.478570432703656
            ],
            [
              1.7825323234235404,
              41.47857407204324
            ],
            [
              1.7826079591547501,
              41.47858365473199
            ],
            [
              1.7827039268773825,
              41.47860759302914
            ],
            [
              1.78274999695164,
              41.47862262732068
            ],
            [
              1.782820096685248,
              41.47864969737065
            ],
            [
              1.7828855485343864,
              41.478682699895415
            ],
            [
              1.7829454673644862,
              41.478721188685384
            ],
            [
              1.782999046054681,
              41.478764644498206
            ],
            [
              1.7830455601863757,
              41.47881248051219
            ],
            [
              1.7830843834420402,
              41.47886405149586
            ],
            [
              1.783114989882894,
              41.47891866013647
            ],
            [
              1.7831369668691583,
              41.47897557068714
            ],
            [
              1.7830471578448681,
              41.478993715764325
            ],
            [
              1.783034041236125,
              41.47900135471974
            ],
            [
              1.782990630600654,
              41.47900586375687
            ],
            [
              1.7829322558383554,
              41.479006074699285
            ],
            [
              1.782889218841542,
              41.47901058585058
            ],
            [
              1.7828404446815302,
              41.479027454542546
            ],
            [
              1.7827884595847567,
              41.47903932174117
            ],
            [
              1.7826604048824566,
              41.47905535036042
            ],
            [
              1.7825809291300423,
              41.47906711833696
            ],
            [
              1.7825083395117012,
              41.4790785412194
            ],
            [
              1.782454640265475,
              41.479087151119515
            ],
            [
              1.7823457715522077,
              41.47911578996161
            ],
            [
              1.782244834135521,
              41.47914455231096
            ],
            [
              1.7821131757381068,
              41.479181978477285
            ],
            [
              1.7819032078806802,
              41.47926908858949
            ],
            [
              1.7817760348875844,
              41.4793402597339
            ],
            [
              1.781732176277023,
              41.479367646425
            ],
            [
              1.7816827036287,
              41.479398755765956
            ],
            [
              1.7815962897308535,
              41.47945606579218
            ],
            [
              1.7815692705438546,
              41.47947804272721
            ],
            [
              1.7815210373007035,
              41.47951727614099
            ],
            [
              1.7814638269566039,
              41.479555106571254
            ],
            [
              1.7813957794035151,
              41.47960483238945
            ],
            [
              1.7813706944718632,
              41.47962731796359
            ],
            [
              1.7813181556449553,
              41.47967445184943
            ],
            [
              1.7812653420403024,
              41.479721927775884
            ],
            [
              1.7812457647798075,
              41.47973926820759
            ],
            [
              1.7812220321355048,
              41.47976014767756
            ],
            [
              1.7811818256144591,
              41.47979510200238
            ],
            [
              1.7811394249344052,
              41.47983158320396
            ],
            [
              1.7811023893300981,
              41.479867975332844
            ],
            [
              1.7810668299442232,
              41.479900178519365
            ],
            [
              1.7810324269086883,
              41.47993586623847
            ],
            [
              1.7809863406328383,
              41.47997426378911
            ],
            [
              1.7808744038087039,
              41.48006896377322
            ],
            [
              1.7807945926146924,
              41.48012090731143
            ],
            [
              1.7806977105823794,
              41.480180353882716
            ],
            [
              1.7805643890445877,
              41.48025828686306
            ],
            [
              1.7804861516702997,
              41.48029564074526
            ],
            [
              1.7804305249532015,
              41.48032157358028
            ],
            [
              1.7804016915130263,
              41.480334613838274
            ],
            [
              1.7803363116202366,
              41.480364181201665
            ],
            [
              1.7802470170561437,
              41.48039415602909
            ],
            [
              1.780122237535255,
              41.48042364632429
            ],
            [
              1.780007621268708,
              41.48044110524885
            ],
            [
              1.7799344461081896,
              41.48043472740293
            ],
            [
              1.779888302175331,
              41.48042123504153
            ],
            [
              1.7797848475248152,
              41.480373452086596
            ],
            [
              1.779727632482316,
              41.480354109997386
            ],
            [
              1.7796373849780458,
              41.48033074332785
            ],
            [
              1.7795754412373996,
              41.48032168318101
            ],
            [
              1.7795110652654398,
              41.480309795040384
            ],
            [
              1.7794105343351234,
              41.4802768416558
            ],
            [
              1.7793603971685086,
              41.480243127803874
            ],
            [
              1.7793329238070155,
              41.48021974707969
            ],
            [
              1.7792877408926209,
              41.48018129393178
            ],
            [
              1.7791912523452844,
              41.48007765218024
            ],
            [
              1.7791613602227472,
              41.48009546462977
            ],
            [
              1.7791401371603868,
              41.48010926540218
            ],
            [
              1.7791084555613152,
              41.48013014201702
            ],
            [
              1.7790780666837962,
              41.480153869624004
            ],
            [
              1.7790625932921433,
              41.48016145157814
            ],
            [
              1.7790416195646181,
              41.48016796542726
            ],
            [
              1.7790263130971213,
              41.48017188680856
            ],
            [
              1.7789876828349747,
              41.48018156118696
            ],
            [
              1.7789448944277486,
              41.480191276974004
            ],
            [
              1.778917383457066,
              41.480196448672515
            ],
            [
              1.7788960981774302,
              41.480199778734026
            ],
            [
              1.778869888562271,
              41.48020351407407
            ],
            [
              1.7788551761402431,
              41.48020520344311
            ],
            [
              1.778815867940004,
              41.48020958151962
            ],
            [
              1.778792149512722,
              41.48021217415513
            ],
            [
              1.7785388771089923,
              41.48041368025451
            ],
            [
              1.778222051210082,
              41.480689181487165
            ],
            [
              1.778015866697841,
              41.48090244476368
            ],
            [
              1.7779836586175068,
              41.48104794489432
            ],
            [
              1.7779600665876585,
              41.481154520851355
            ],
            [
              1.7779492488959276,
              41.481203389917944
            ],
            [
              1.778008832780653,
              41.481257886251186
            ],
            [
              1.778020980053276,
              41.48126810791737
            ],
            [
              1.778028029202957,
              41.48127529402201
            ],
            [
              1.7780320936294942,
              41.48128209262805
            ],
            [
              1.7780342890206124,
              41.481292744483746
            ],
            [
              1.7780355263951386,
              41.4813033861605
            ],
            [
              1.7780362072429945,
              41.481306864780386
            ],
            [
              1.7780392421636522,
              41.48132243089258
            ],
            [
              1.7780391374507334,
              41.48132481669555
            ],
            [
              1.7780377683834478,
              41.48133074692011
            ],
            [
              1.7780332584981533,
              41.48134128249619
            ],
            [
              1.7780265867710345,
              41.4813585054876
            ],
            [
              1.7780218822148686,
              41.481366652079245
            ],
            [
              1.7780150390362035,
              41.48137387522468
            ],
            [
              1.7779944205763478,
              41.481387527280326
            ],
            [
              1.7779759112133204,
              41.48139787267081
            ],
            [
              1.7779574900073751,
              41.481408753123674
            ],
            [
              1.7779412858277852,
              41.48141695766488
            ],
            [
              1.7779384711323638,
              41.481417911345815
            ],
            [
              1.7779095431500058,
              41.48142719755753
            ],
            [
              1.7778689639805174,
              41.48144122925967
            ],
            [
              1.777840614416909,
              41.48144561176038
            ],
            [
              1.7778097428633037,
              41.48145672377493
            ],
            [
              1.7778024815643854,
              41.481460699862005
            ],
            [
              1.7777963957891414,
              41.48146585938064
            ],
            [
              1.7777914821528726,
              41.48147238243963
            ],
            [
              1.7777881180336912,
              41.481479372326724
            ],
            [
              1.7777832023010172,
              41.481492380567325
            ],
            [
              1.7777821207415847,
              41.48149894434995
            ],
            [
              1.7777824797979593,
              41.48150214573168
            ],
            [
              1.7777828388543562,
              41.48150534711344
            ],
            [
              1.7777883415897853,
              41.481518466072636
            ],
            [
              1.7778004571645472,
              41.48153732265444
            ],
            [
              1.7778024297274724,
              41.48154000795497
            ],
            [
              1.77782121490439,
              41.48156655372577
            ],
            [
              1.7778719573312107,
              41.48164219971735
            ],
            [
              1.7778753882521667,
              41.48164765402327
            ],
            [
              1.7779048546920722,
              41.48168244861104
            ],
            [
              1.7779524121777592,
              41.481736562271166
            ],
            [
              1.7780199883439123,
              41.48179276481969
            ],
            [
              1.7780395076781301,
              41.481809696834
            ],
            [
              1.7780554580956662,
              41.481824247245264
            ],
            [
              1.7780595573859936,
              41.48182849086971
            ],
            [
              1.7780680137120712,
              41.48183747625418
            ],
            [
              1.7780712535918124,
              41.48184124237138
            ],
            [
              1.77808136197287,
              41.48185403554882
            ],
            [
              1.7780875413910127,
              41.481863018357934
            ],
            [
              1.7780994777291637,
              41.48188115873014
            ],
            [
              1.778121108236997,
              41.48191890364342
            ],
            [
              1.778124108921284,
              41.48192411738147
            ],
            [
              1.7781362523553228,
              41.4819416276426
            ],
            [
              1.7781488482561,
              41.481958643709035
            ],
            [
              1.7781719144841612,
              41.481995074398725
            ],
            [
              1.7781828479409585,
              41.48201234301665
            ],
            [
              1.7782044435503648,
              41.48204009132186
            ],
            [
              1.7782115637765536,
              41.482051469232665
            ],
            [
              1.778235153096541,
              41.48209021672095
            ],
            [
              1.7782473193443324,
              41.48211525094947
            ],
            [
              1.7782595070992127,
              41.4821392045378
            ],
            [
              1.7782679598412987,
              41.48215469669025
            ],
            [
              1.7782785233257499,
              41.48217259817953
            ],
            [
              1.7782943370214106,
              41.48219794136607
            ],
            [
              1.7782993798617752,
              41.482203669488015
            ],
            [
              1.7783097067444453,
              41.48221503822121
            ],
            [
              1.7783229040937438,
              41.48222988270948
            ],
            [
              1.7783360909476857,
              41.482245222482256
            ],
            [
              1.7783553694544345,
              41.48226465679404
            ],
            [
              1.7783724521330406,
              41.48227983528225
            ],
            [
              1.7783837962761182,
              41.48228806228462
            ],
            [
              1.7784115108566443,
              41.48230474981864
            ],
            [
              1.7784351118671493,
              41.48231725032909
            ],
            [
              1.7784764779440905,
              41.48233417291882
            ],
            [
              1.778482706162379,
              41.48233788429453
            ],
            [
              1.7785006885755557,
              41.4823492919866
            ],
            [
              1.7785195704250836,
              41.48236280971398
            ],
            [
              1.7785452902762613,
              41.482382010663805
            ],
            [
              1.7785675931673213,
              41.48239985666041
            ],
            [
              1.77858030168207,
              41.48241197124116
            ],
            [
              1.7785969739579164,
              41.48242993757771
            ],
            [
              1.7786137153693922,
              41.48244811361372
            ],
            [
              1.778624666024728,
              41.48246058602317
            ],
            [
              1.778628502915032,
              41.482466751684875
            ],
            [
              1.7786341559342334,
              41.48248144846294
            ],
            [
              1.7786442284639534,
              41.48250196580731
            ],
            [
              1.7786649933249719,
              41.48254176047506
            ],
            [
              1.7786723449761959,
              41.482555938459114
            ],
            [
              1.778674837518539,
              41.48256353099921
            ],
            [
              1.778676771559456,
              41.48257535100493
            ],
            [
              1.7786800279745196,
              41.48258691483664
            ],
            [
              1.7786899711966884,
              41.4826047520543
            ],
            [
              1.7787042829260924,
              41.48262596022866
            ],
            [
              1.7787151404530912,
              41.48264020516326
            ],
            [
              1.778724205331544,
              41.48265187571039
            ],
            [
              1.7787395838132585,
              41.48266851773549
            ],
            [
              1.7787599563207204,
              41.48268711331367
            ],
            [
              1.7787879122318755,
              41.48270690991179
            ],
            [
              1.778810993012738,
              41.482721611591394
            ],
            [
              1.7788538543900856,
              41.48274503512604
            ],
            [
              1.77888726032738,
              41.482758450301404
            ],
            [
              1.7789215688140791,
              41.48276845230356
            ],
            [
              1.778956892854001,
              41.482775401719856
            ],
            [
              1.7789698972013337,
              41.48277718991049
            ],
            [
              1.779026112659247,
              41.482784926759756
            ],
            [
              1.7790774570969898,
              41.482792069636
            ],
            [
              1.779112790951767,
              41.48279741312011
            ],
            [
              1.7791719681104279,
              41.48280664231071
            ],
            [
              1.7792367294264837,
              41.48281720887003
            ],
            [
              1.7792872589209259,
              41.48282565445461
            ],
            [
              1.7793624662742462,
              41.482839726642304
            ],
            [
              1.7793724817415721,
              41.48284160105962
            ],
            [
              1.7794321085991163,
              41.48285489084354
            ],
            [
              1.779497810063513,
              41.482870638282584
            ],
            [
              1.7795473094505763,
              41.4828829180063
            ],
            [
              1.7796008320676997,
              41.48289635549569
            ],
            [
              1.7796740035202254,
              41.482916226346
            ],
            [
              1.7797026980837303,
              41.48292540293285
            ],
            [
              1.7797826876083194,
              41.48295145655998
            ],
            [
              1.7798520800249207,
              41.48297178079809
            ],
            [
              1.7799279375021626,
              41.48299277886535
            ],
            [
              1.77998850801047,
              41.483007561862166
            ],
            [
              1.7799989844722317,
              41.48300970232482
            ],
            [
              1.7800310151484802,
              41.48301625168291
            ],
            [
              1.7800503166267643,
              41.48302019712668
            ],
            [
              1.7800706247805351,
              41.48302347590192
            ],
            [
              1.7800904216076305,
              41.48302578998018
            ],
            [
              1.7801178382322242,
              41.48302838934205
            ],
            [
              1.7801489862405167,
              41.483028995343886
            ],
            [
              1.780174373299124,
              41.48302849269375
            ]
          ]
        ]
      }
    },
    {
      "type": "Feature",
      "id": "082401--zone--diba-366",
      "properties": {
        "name": "El Portell",
        "officialName": "El Portell",
        "municipality": "Sant Sadurní d'Anoia",
        "kind": "zone",
        "quality": "official",
        "sourceCategory": "Nucli/urbanització DIBA · LIMIT_PPU",
        "code": "366"
      },
      "geometry": {
        "bbox": [
          1.7907368577743705,
          41.46556507953804,
          1.7979097126458434,
          41.4737435920103
        ],
        "type": "Polygon",
        "coordinates": [
          [
            [
              1.7915329920075116,
              41.46742654065793
            ],
            [
              1.7917140246978862,
              41.46742520000715
            ],
            [
              1.7917112340452326,
              41.46743554344513
            ],
            [
              1.7916911240264295,
              41.46752874642051
            ],
            [
              1.7916791831857972,
              41.46758507124185
            ],
            [
              1.7916719301598476,
              41.46762548985951
            ],
            [
              1.7916703028742595,
              41.46765946794435
            ],
            [
              1.7916715346534424,
              41.46771385587997
            ],
            [
              1.7916763128464068,
              41.467756411312806
            ],
            [
              1.7916844243980383,
              41.46779809203163
            ],
            [
              1.7916957973467376,
              41.4678356798885
            ],
            [
              1.7917138248983797,
              41.46787616953434
            ],
            [
              1.7917449715232203,
              41.46792702743506
            ],
            [
              1.7917718803870457,
              41.46796065496871
            ],
            [
              1.7918037741829904,
              41.467995785028876
            ],
            [
              1.791844493074563,
              41.46803507725914
            ],
            [
              1.7918706748805342,
              41.46805691564368
            ],
            [
              1.791896959549126,
              41.468084566583066
            ],
            [
              1.7919268485027253,
              41.468117521015046
            ],
            [
              1.791977329433819,
              41.46817605074426
            ],
            [
              1.7920082570858817,
              41.46821433935148
            ],
            [
              1.7920173672989117,
              41.46823062287132
            ],
            [
              1.7920279473924716,
              41.468252232505016
            ],
            [
              1.7920489193257716,
              41.468294111314265
            ],
            [
              1.792058826509883,
              41.46832603799208
            ],
            [
              1.7920798154426065,
              41.46837913100481
            ],
            [
              1.79211013525997,
              41.468455461641256
            ],
            [
              1.792128046171211,
              41.46850406372835
            ],
            [
              1.7921391041668115,
              41.468535543114044
            ],
            [
              1.7921500798124952,
              41.46856681446689
            ],
            [
              1.7921751774575803,
              41.468629399217576
            ],
            [
              1.7922045836357636,
              41.46870218938878
            ],
            [
              1.792230493456623,
              41.46876747582379
            ],
            [
              1.79224507627726,
              41.46883551482241
            ],
            [
              1.7922484868780024,
              41.46885848130154
            ],
            [
              1.7922421936049187,
              41.46889172043599
            ],
            [
              1.7922314210934058,
              41.46894150029084
            ],
            [
              1.792223949570257,
              41.468973570519765
            ],
            [
              1.792216522726043,
              41.46900542684455
            ],
            [
              1.792224215095912,
              41.46903616831129
            ],
            [
              1.7922096964638004,
              41.46907266816308
            ],
            [
              1.7921985029461562,
              41.46910796533409
            ],
            [
              1.7921874157490763,
              41.46914011468478
            ],
            [
              1.7921819853963004,
              41.469152539909366
            ],
            [
              1.792177380275334,
              41.46916334528853
            ],
            [
              1.7921428402217978,
              41.469221054122066
            ],
            [
              1.7921149151004694,
              41.469264840548654
            ],
            [
              1.7921018371052138,
              41.469285529772115
            ],
            [
              1.792095956123033,
              41.4692926828185
            ],
            [
              1.7920815341953995,
              41.46931480629152
            ],
            [
              1.7920613499170697,
              41.46934156202242
            ],
            [
              1.7920214125340366,
              41.46938913321517
            ],
            [
              1.7919826630106332,
              41.469436835765464
            ],
            [
              1.7919630907376385,
              41.46946300342769
            ],
            [
              1.7919370900786398,
              41.46949020064908
            ],
            [
              1.7919032451089716,
              41.46951935290975
            ],
            [
              1.7918715404474717,
              41.46954352141166
            ],
            [
              1.7918449405854902,
              41.46956041883007
            ],
            [
              1.7918158279263943,
              41.469576560258965
            ],
            [
              1.7917806604517565,
              41.469593863061554
            ],
            [
              1.7917321221775477,
              41.469615754196624
            ],
            [
              1.79164563513314,
              41.46964801029026
            ],
            [
              1.7915667814092386,
              41.46967599781912
            ],
            [
              1.7914942864867027,
              41.469699735833224
            ],
            [
              1.7914273707799089,
              41.46971941791536
            ],
            [
              1.7914130808969768,
              41.46971868408674
            ],
            [
              1.7911708996133497,
              41.46970817475344
            ],
            [
              1.7909551407390023,
              41.469687631166636
            ],
            [
              1.7909487189499842,
              41.469686113492585
            ],
            [
              1.7909270062221014,
              41.46967857315661
            ],
            [
              1.7909077126363981,
              41.46966793453299
            ],
            [
              1.790891620589065,
              41.46965462738741
            ],
            [
              1.790879359772141,
              41.46963917896011
            ],
            [
              1.7908714288593064,
              41.469622206987815
            ],
            [
              1.7908705877435338,
              41.46962364831279
            ],
            [
              1.7908141956392079,
              41.46972003112942
            ],
            [
              1.790753128185689,
              41.4698244010299
            ],
            [
              1.7907513644770334,
              41.46982741432723
            ],
            [
              1.7907652881243785,
              41.469827621967056
            ],
            [
              1.7906540170172207,
              41.47002256510877
            ],
            [
              1.7906994373397789,
              41.47010661195354
            ],
            [
              1.7907329079620504,
              41.47015692708881
            ],
            [
              1.7907686940440966,
              41.4702210674674
            ],
            [
              1.790784162212575,
              41.47024823202994
            ],
            [
              1.7908150940661016,
              41.4703025466898
            ],
            [
              1.7908324177770794,
              41.47033297156219
            ],
            [
              1.7908437895935987,
              41.47035321691571
            ],
            [
              1.7908631409639255,
              41.47038795055135
            ],
            [
              1.7908739882608404,
              41.470407422969814
            ],
            [
              1.7909207348897354,
              41.47049101528964
            ],
            [
              1.790954069028025,
              41.47054263677633
            ],
            [
              1.7909722100170704,
              41.47057071932589
            ],
            [
              1.7909806727639246,
              41.47058382556351
            ],
            [
              1.7909853035441425,
              41.47059098996925
            ],
            [
              1.791000372563721,
              41.47061425196797
            ],
            [
              1.79102882123176,
              41.470657598458274
            ],
            [
              1.7910730367960146,
              41.470737182904095
            ],
            [
              1.7911287362072383,
              41.47078936007855
            ],
            [
              1.7911947215152975,
              41.470852823328514
            ],
            [
              1.7912907616506522,
              41.470945913788796
            ],
            [
              1.7913091098747,
              41.47096375721923
            ],
            [
              1.791430503527868,
              41.47107654443967
            ],
            [
              1.7914584793561592,
              41.47110346563748
            ],
            [
              1.7914736183826356,
              41.47113612647268
            ],
            [
              1.7915025491844383,
              41.47119854805796
            ],
            [
              1.7915277540077124,
              41.471252930247246
            ],
            [
              1.7915396482533796,
              41.471278596177434
            ],
            [
              1.7915647479795271,
              41.47132948424259
            ],
            [
              1.791594418601328,
              41.471397604356376
            ],
            [
              1.791606466823241,
              41.47142452570603
            ],
            [
              1.791636209912527,
              41.47148410589616
            ],
            [
              1.7916402418290727,
              41.4714924421312
            ],
            [
              1.7916459851131856,
              41.471504323584654
            ],
            [
              1.7916515393935093,
              41.471515806733166
            ],
            [
              1.7916567314902063,
              41.47152654387899
            ],
            [
              1.7916616052630543,
              41.47153662375394
            ],
            [
              1.7916666820101765,
              41.47154712369748
            ],
            [
              1.7916713296355946,
              41.47155674182642
            ],
            [
              1.791677052315147,
              41.47156857262118
            ],
            [
              1.7916831624206981,
              41.471581209131024
            ],
            [
              1.7916869059042877,
              41.47158843984683
            ],
            [
              1.7916914731481277,
              41.471597098759176
            ],
            [
              1.7916952860128645,
              41.47160433380649
            ],
            [
              1.79170044107472,
              41.47161409957971
            ],
            [
              1.7917079466664394,
              41.47162833242159
            ],
            [
              1.7917119679330535,
              41.471635953366516
            ],
            [
              1.791719517364049,
              41.47165337163129
            ],
            [
              1.7917263293412313,
              41.47166909959418
            ],
            [
              1.7917354736560158,
              41.471687437139124
            ],
            [
              1.7917413203945884,
              41.47169916655115
            ],
            [
              1.7917464351411698,
              41.47170942729736
            ],
            [
              1.7916543681739958,
              41.47173181586546
            ],
            [
              1.7916916101692095,
              41.472002802883054
            ],
            [
              1.7916932853356096,
              41.47206929937747
            ],
            [
              1.791703375169532,
              41.472126489713666
            ],
            [
              1.7917900028484608,
              41.47226946928431
            ],
            [
              1.7918634434746945,
              41.472391912454306
            ],
            [
              1.7919379691123454,
              41.472519659630954
            ],
            [
              1.791961198274666,
              41.47255987778423
            ],
            [
              1.7919792959964695,
              41.4725926651
            ],
            [
              1.7916687684732215,
              41.47269475908346
            ],
            [
              1.7916092457530355,
              41.4727143315724
            ],
            [
              1.7919092938362406,
              41.47300968234031
            ],
            [
              1.7919164523510116,
              41.473016819214116
            ],
            [
              1.7920234949332938,
              41.47312348503858
            ],
            [
              1.7920196247401432,
              41.47315016168495
            ],
            [
              1.7920026302841143,
              41.473267309782564
            ],
            [
              1.7920266281001676,
              41.47345474321851
            ],
            [
              1.792039202283417,
              41.473534765953445
            ],
            [
              1.7920804087033728,
              41.4735532798757
            ],
            [
              1.7923768895199013,
              41.47368563104216
            ],
            [
              1.7923770889214914,
              41.47368559890832
            ],
            [
              1.7923839449075052,
              41.473684523372135
            ],
            [
              1.7924120510718087,
              41.47368011489502
            ],
            [
              1.792437354998912,
              41.47367582470814
            ],
            [
              1.792439411045499,
              41.47366532222913
            ],
            [
              1.792446408469794,
              41.4736152037196
            ],
            [
              1.7924564588577698,
              41.47356397514411
            ],
            [
              1.7924710145394358,
              41.473515076304935
            ],
            [
              1.7924872390367674,
              41.47345821096113
            ],
            [
              1.7925109159390564,
              41.47340826756117
            ],
            [
              1.7925375187742387,
              41.47336405646076
            ],
            [
              1.79257950162342,
              41.47330860184042
            ],
            [
              1.792638396776968,
              41.4732407740464
            ],
            [
              1.7927104896425383,
              41.47315654565124
            ],
            [
              1.792912022739889,
              41.472921386654356
            ],
            [
              1.7929456435205589,
              41.4728616593653
            ],
            [
              1.7928782021451968,
              41.47282586832535
            ],
            [
              1.7928965136137722,
              41.47280714529231
            ],
            [
              1.7929510337540429,
              41.47276917007037
            ],
            [
              1.792972952901712,
              41.47275390403806
            ],
            [
              1.7931682527507669,
              41.472555088251475
            ],
            [
              1.7932217297061241,
              41.472448464920525
            ],
            [
              1.793557562485638,
              41.47235650771899
            ],
            [
              1.7937803794958704,
              41.47222373602902
            ],
            [
              1.7939684245337444,
              41.472093299661665
            ],
            [
              1.7940347645237753,
              41.47203369895619
            ],
            [
              1.7940695055881446,
              41.472002483809696
            ],
            [
              1.7944612731465777,
              41.47180032305145
            ],
            [
              1.7947615268355919,
              41.471753928149425
            ],
            [
              1.7951806773442227,
              41.47156015839028
            ],
            [
              1.795176052315956,
              41.47155110269079
            ],
            [
              1.7953970221701672,
              41.47144183181766
            ],
            [
              1.7954026849398574,
              41.4714533123204
            ],
            [
              1.795419480348797,
              41.471445003395615
            ],
            [
              1.7955061003870247,
              41.47140675784694
            ],
            [
              1.79556876623298,
              41.47137938714189
            ],
            [
              1.7956116412903376,
              41.471360661487694
            ],
            [
              1.795648676867763,
              41.47128358334579
            ],
            [
              1.7956718394840576,
              41.47123536867847
            ],
            [
              1.7956494819126383,
              41.47121563747172
            ],
            [
              1.7953686147211512,
              41.47099932871095
            ],
            [
              1.7953643829475354,
              41.47099607060107
            ],
            [
              1.7952871053068835,
              41.47095031860417
            ],
            [
              1.7952847787791468,
              41.47094894134585
            ],
            [
              1.7950742707415204,
              41.47072811939119
            ],
            [
              1.7947836709260607,
              41.47087917787085
            ],
            [
              1.7946309911295257,
              41.47095722537977
            ],
            [
              1.794483047158521,
              41.471037804720616
            ],
            [
              1.7943336457398102,
              41.47111300026947
            ],
            [
              1.7941856601970605,
              41.47119126032137
            ],
            [
              1.7940364791496455,
              41.47127145681438
            ],
            [
              1.7938902715072376,
              41.47134615203968
            ],
            [
              1.7936028002755475,
              41.47149507676958
            ],
            [
              1.7934456158553154,
              41.47157706564963
            ],
            [
              1.7932940838096416,
              41.471657366209996
            ],
            [
              1.793071206874151,
              41.47177069689909
            ],
            [
              1.7929992662255785,
              41.47180499996227
            ],
            [
              1.7929602544042957,
              41.471713554283625
            ],
            [
              1.7929574853826586,
              41.47170284983176
            ],
            [
              1.7929135904750206,
              41.471595754134874
            ],
            [
              1.7929098941601047,
              41.47159836707567
            ],
            [
              1.792850266971115,
              41.47145440530062
            ],
            [
              1.7927208351304098,
              41.4711310519883
            ],
            [
              1.7925859596729763,
              41.47081806275863
            ],
            [
              1.7928038371862274,
              41.47076518401417
            ],
            [
              1.7931527159451568,
              41.47067241551152
            ],
            [
              1.7933312140356572,
              41.47062393602279
            ],
            [
              1.7932897566080046,
              41.47047452653879
            ],
            [
              1.7932716637010688,
              41.47041009339166
            ],
            [
              1.7932207249832683,
              41.47024385793459
            ],
            [
              1.7932201667684338,
              41.47024012127402
            ],
            [
              1.7932146861372982,
              41.47020347991626
            ],
            [
              1.7932145415074348,
              41.47020249660834
            ],
            [
              1.7932807765709204,
              41.47021150525113
            ],
            [
              1.7932979700494394,
              41.470188445131406
            ],
            [
              1.793361095704364,
              41.47010372046744
            ],
            [
              1.7934342874255031,
              41.47000558508388
            ],
            [
              1.793516448745275,
              41.46989529928282
            ],
            [
              1.7936649204717818,
              41.46969626511998
            ],
            [
              1.7938021487677522,
              41.46947720321159
            ],
            [
              1.7938521265091159,
              41.4693973844386
            ],
            [
              1.7938801007056069,
              41.46935282888296
            ],
            [
              1.7938883095727307,
              41.46928739980984
            ],
            [
              1.7938897088845718,
              41.4692762562986
            ],
            [
              1.7939174760848635,
              41.469279172190845
            ],
            [
              1.7938817685822936,
              41.468786459465775
            ],
            [
              1.7938817631578392,
              41.468782746618835
            ],
            [
              1.7937461801838859,
              41.46882607637517
            ],
            [
              1.7937440625870094,
              41.46882661261602
            ],
            [
              1.7937435081938682,
              41.46882538181513
            ],
            [
              1.7936992322806673,
              41.468836662908664
            ],
            [
              1.793636204536404,
              41.46885819571797
            ],
            [
              1.7935380896052553,
              41.46889171119391
            ],
            [
              1.7933971272523113,
              41.46893953997769
            ],
            [
              1.79339345499483,
              41.46893996082259
            ],
            [
              1.7933735895936678,
              41.46894632771099
            ],
            [
              1.793329004008745,
              41.468959188887666
            ],
            [
              1.7932736112372973,
              41.46897518287375
            ],
            [
              1.79315391175011,
              41.46900972176201
            ],
            [
              1.7931424517663426,
              41.46901292699047
            ],
            [
              1.7930907372140004,
              41.469027399427425
            ],
            [
              1.7930332565222844,
              41.469043484878995
            ],
            [
              1.7929929054112304,
              41.46904484846697
            ],
            [
              1.7929615964822696,
              41.469044103761206
            ],
            [
              1.792878435465738,
              41.46904368135148
            ],
            [
              1.7927329693471068,
              41.469038596679354
            ],
            [
              1.792716310655873,
              41.46920013263323
            ],
            [
              1.7924394447783492,
              41.469151595366085
            ],
            [
              1.7923482433554208,
              41.46911852513459
            ],
            [
              1.7923414699285922,
              41.46911156526685
            ],
            [
              1.7923264241175858,
              41.469061881805914
            ],
            [
              1.792335264062194,
              41.468993503291045
            ],
            [
              1.7923383440994518,
              41.46886252513586
            ],
            [
              1.7923377338950721,
              41.468845075282225
            ],
            [
              1.7923144003052351,
              41.4687393085033
            ],
            [
              1.7923489973793159,
              41.46875425451827
            ],
            [
              1.7923753472827602,
              41.46875002575907
            ],
            [
              1.7924693604260213,
              41.468734934882605
            ],
            [
              1.7925268669210739,
              41.46872571170828
            ],
            [
              1.7925296319548303,
              41.46872526335218
            ],
            [
              1.792586897677668,
              41.46871933427483
            ],
            [
              1.7926215872710625,
              41.468715744251575
            ],
            [
              1.792643472244125,
              41.46871347897888
            ],
            [
              1.7927135307896287,
              41.46870621414476
            ],
            [
              1.7927136414909575,
              41.46870863825796
            ],
            [
              1.7928969652735487,
              41.46869334054683
            ],
            [
              1.7930754024360276,
              41.468680916820965
            ],
            [
              1.7931988025990786,
              41.46866763793039
            ],
            [
              1.7932581320651917,
              41.468659550416746
            ],
            [
              1.7933499885094397,
              41.46865225268576
            ],
            [
              1.793392311709136,
              41.468648886631286
            ],
            [
              1.7934379449843731,
              41.468645256244606
            ],
            [
              1.7936117172973898,
              41.46861818379178
            ],
            [
              1.7937023093637796,
              41.46860918996194
            ],
            [
              1.7937919655135919,
              41.46860029433236
            ],
            [
              1.79389040213208,
              41.46856606142948
            ],
            [
              1.7939686167654576,
              41.46852384133738
            ],
            [
              1.7941543766357175,
              41.46850757816627
            ],
            [
              1.794334128006364,
              41.468509498606096
            ],
            [
              1.794513016678428,
              41.468504852441576
            ],
            [
              1.7946931056251507,
              41.46848066202558
            ],
            [
              1.7948766821504651,
              41.46845243478903
            ],
            [
              1.79505548983789,
              41.46841917088241
            ],
            [
              1.7952410768675962,
              41.46837482852879
            ],
            [
              1.7953023724175416,
              41.46836478616225
            ],
            [
              1.7953954176359495,
              41.4683545628811
            ],
            [
              1.7955797616038507,
              41.46833271428955
            ],
            [
              1.795753646476842,
              41.46831111438141
            ],
            [
              1.795987276304162,
              41.46824857476968
            ],
            [
              1.7960409934104618,
              41.46823427691138
            ],
            [
              1.7961580632435388,
              41.46820734022867
            ],
            [
              1.7961483185757927,
              41.468169110519504
            ],
            [
              1.7961346193746823,
              41.46805309779188
            ],
            [
              1.7961211629318086,
              41.46801833665393
            ],
            [
              1.7963288784267,
              41.468007774381796
            ],
            [
              1.7967684639862858,
              41.46797326261804
            ],
            [
              1.7970344937893146,
              41.467931980068435
            ],
            [
              1.7972525509116049,
              41.46789432057378
            ],
            [
              1.7974796736410708,
              41.46785727246478
            ],
            [
              1.797496846375562,
              41.467854659759325
            ],
            [
              1.7976557699916214,
              41.467846022316294
            ],
            [
              1.7978017875838377,
              41.46786469306492
            ],
            [
              1.797803573525532,
              41.46786525216781
            ],
            [
              1.7979763767701114,
              41.46792362022511
            ],
            [
              1.7979037859061948,
              41.46777867158799
            ],
            [
              1.797865482208701,
              41.46770218694694
            ],
            [
              1.7977188004170406,
              41.46740929059246
            ],
            [
              1.7977109011725554,
              41.467391040381585
            ],
            [
              1.7976586132458239,
              41.467278533579396
            ],
            [
              1.7976548500936604,
              41.467201572259036
            ],
            [
              1.7976567557782916,
              41.46712254448514
            ],
            [
              1.7976930240811921,
              41.46705483775357
            ],
            [
              1.7977408811107394,
              41.4669633108542
            ],
            [
              1.7980307403459794,
              41.46684233024044
            ],
            [
              1.7980372556415478,
              41.466839816847546
            ],
            [
              1.7979120896152572,
              41.466607305028525
            ],
            [
              1.7970360849346323,
              41.46679058264754
            ],
            [
              1.795791297708364,
              41.46703047137338
            ],
            [
              1.7957758544373934,
              41.467081220502344
            ],
            [
              1.7957756061389836,
              41.46708117827071
            ],
            [
              1.7954447276145467,
              41.467023979787236
            ],
            [
              1.7954446789237162,
              41.467024022512156
            ],
            [
              1.7954383370424127,
              41.46702958202677
            ],
            [
              1.7954474870031156,
              41.46704375619674
            ],
            [
              1.7954557431051656,
              41.46705653568856
            ],
            [
              1.795455862171298,
              41.46724094250841
            ],
            [
              1.7954427460817803,
              41.467309699850986
            ],
            [
              1.795407708246833,
              41.46740550697855
            ],
            [
              1.7953366275236426,
              41.46747402831224
            ],
            [
              1.795307506172868,
              41.46749099560991
            ],
            [
              1.795278945599436,
              41.467523596363726
            ],
            [
              1.795271056248796,
              41.46753511867645
            ],
            [
              1.7952514574782796,
              41.467535525881736
            ],
            [
              1.7952511964721394,
              41.4675355231478
            ],
            [
              1.795173155804441,
              41.46753275650402
            ],
            [
              1.79510193520846,
              41.46751814105106
            ],
            [
              1.7949964036015462,
              41.46748749166061
            ],
            [
              1.7948494510439634,
              41.46744956265246
            ],
            [
              1.7945923567556232,
              41.46738435994345
            ],
            [
              1.7943098562568123,
              41.46731375439727
            ],
            [
              1.7943033880039352,
              41.46731255528026
            ],
            [
              1.7940861232731127,
              41.467272191236475
            ],
            [
              1.794052445750807,
              41.467265931172484
            ],
            [
              1.793900711144515,
              41.467224140743966
            ],
            [
              1.793813349519215,
              41.46720496689688
            ],
            [
              1.7936466801183508,
              41.46720502574978
            ],
            [
              1.7933104351823266,
              41.467112595110606
            ],
            [
              1.793401087187722,
              41.46689915183013
            ],
            [
              1.7934127323359241,
              41.466871731606055
            ],
            [
              1.7935622182970739,
              41.46673427449815
            ],
            [
              1.793594129490236,
              41.466704928506346
            ],
            [
              1.7936093002467397,
              41.46669686941027
            ],
            [
              1.7936500038426828,
              41.46667525017569
            ],
            [
              1.7937692980339903,
              41.46644539673054
            ],
            [
              1.7937986856192336,
              41.46638925464441
            ],
            [
              1.7937860198171474,
              41.46629099314823
            ],
            [
              1.7937735564503725,
              41.4662890519815
            ],
            [
              1.7936369262621945,
              41.46559553371689
            ],
            [
              1.7922443713846243,
              41.46564792975421
            ],
            [
              1.7922509259071846,
              41.465698925617296
            ],
            [
              1.7922908019308303,
              41.46600927506273
            ],
            [
              1.7922905384029022,
              41.466009279501414
            ],
            [
              1.7921151914009124,
              41.466017281300566
            ],
            [
              1.7920343387656439,
              41.46602508634384
            ],
            [
              1.7919371247286762,
              41.466043158892376
            ],
            [
              1.7918676052109297,
              41.466059724416304
            ],
            [
              1.7918065915363552,
              41.466114656487875
            ],
            [
              1.7917852353434303,
              41.46614911369173
            ],
            [
              1.7917867608821088,
              41.466563823814994
            ],
            [
              1.7917522556607302,
              41.467152944808916
            ],
            [
              1.7917519945561333,
              41.46715294747034
            ],
            [
              1.7917469236544,
              41.46715298427272
            ],
            [
              1.7915732659778718,
              41.467154193495894
            ],
            [
              1.791573121077092,
              41.467156063681145
            ],
            [
              1.7915611121322088,
              41.46730852221324
            ],
            [
              1.7915550106877174,
              41.46734225512968
            ],
            [
              1.7915454298068536,
              41.467377765548896
            ],
            [
              1.7915329920075116,
              41.46742654065793
            ]
          ],
          [
            [
              1.7937352033534246,
              41.472250503752456
            ],
            [
              1.7940334316629738,
              41.4720346649693
            ],
            [
              1.793968163409289,
              41.47209330232788
            ],
            [
              1.7937801183708975,
              41.47222373869478
            ],
            [
              1.7937352033534246,
              41.472250503752456
            ]
          ]
        ]
      }
    }
  ]
}
