{"type":"FeatureCollection","municipality":"Tarragona","source":{"organization":"Ajuntament de Tarragona","title":"Mapa de zones 2013 + Unitats Mínimes Territorials","official":true,"accessedAt":"2026-08-12"},"features":[{"type":"Feature","id":"431482--zone--part-alta","properties":{"name":"Part Alta","officialName":"Part Alta","municipality":"Tarragona","kind":"zone","quality":"official","code":"1"},"geometry":{"type":"MultiPolygon","coordinates":[[[[1.362048021879765,41.13714923470333],[1.36202578647993,41.13719881743537],[1.3619962001729067,41.13730272986908],[1.3616226833262948,41.137363192510335],[1.3608216078071165,41.137485613084884],[1.3598185772508151,41.137645977780274],[1.3580446719031347,41.137920091989486],[1.356487592749112,41.13816098371814],[1.3552407666954362,41.138351850450476],[1.3545432245103552,41.13841219826114],[1.3538359469096972,41.13850188788399],[1.3535020822604036,41.13852972699216],[1.3532498503208592,41.13854454195907],[1.3536734198215503,41.138477208026586],[1.3539835543271794,41.138430188245046],[1.3543321882735277,41.1383774025906],[1.3547230180033676,41.13824832692945],[1.3548557948017297,41.13817849142641],[1.354970226238096,41.13812835078328],[1.3550719064854222,41.13808979532252],[1.3551872284606912,41.138051303090506],[1.355316992330504,41.13801079482843],[1.3554366320465763,41.13795994444096],[1.3555398842917445,41.13790465702946],[1.355583086433315,41.13787938628906],[1.3556074884624945,41.137858553530904],[1.3556257605028652,41.13783371137089],[1.3556381376390563,41.13779544941241],[1.3556434722309765,41.13771726016334],[1.3557408334560965,41.13769201860137],[1.3558275277762326,41.1376672434906],[1.3558571366458951,41.1376633308709],[1.355889141950284,41.13766192952161],[1.356051483701078,41.13766688704751],[1.3560761211688113,41.13742684789603],[1.3560961078160858,41.13742861041716],[1.3561488577058565,41.136746658309576],[1.3564429213269174,41.13677075551916],[1.3565093197748073,41.1367816527645],[1.3572380390658765,41.1369330108171],[1.3574154120470043,41.13626413819512],[1.357651609970643,41.136313348656095],[1.3579458942028855,41.13638032276627],[1.3582914578601541,41.13643408166772],[1.3586317483206891,41.136487764381485],[1.3587530607561786,41.13651091401893],[1.3587858453164545,41.13652262710737],[1.3588159944955642,41.13654055024824],[1.3588319663740998,41.13656326962858],[1.3588386113262443,41.136595227523074],[1.359247555159085,41.13651108801612],[1.3593816773643403,41.13624868379234],[1.3595365518142788,41.13595826615028],[1.359557894739169,41.135923183202635],[1.3596615840808852,41.135605232610374],[1.3606291105486412,41.13583439668311],[1.360683190382234,41.13565110853694],[1.3597940559740522,41.13530137694685],[1.3597446134346256,41.134697074135396],[1.3601250568043723,41.13422580726513],[1.3602238297875164,41.13409864830929],[1.360419024212645,41.133847334892174],[1.3605717043710246,41.13389176085701],[1.3607494767446213,41.133929336843714],[1.360962528420206,41.133974628761436],[1.3611347696998182,41.134015216822405],[1.361271658648568,41.134051179771184],[1.3613313029386955,41.134066458471096],[1.3618290109436098,41.13413022952773],[1.3620485320970148,41.13415028589984],[1.362213175802657,41.134171191844544],[1.3623044175793257,41.13417970794346],[1.3624845072235963,41.13418329998607],[1.3624608844514752,41.13403548387948],[1.36236789343158,41.13354047352372],[1.3625330750110975,41.13356053364165],[1.362734520606318,41.13358085504308],[1.362907738209237,41.13360077395047],[1.3629531399839254,41.13359883324047],[1.3628755552495524,41.133120436832435],[1.3628837705768284,41.13311935020458],[1.3628952992899346,41.13311806476888],[1.3629068322055906,41.13311704151071],[1.3629170331878047,41.13311625693416],[1.362962216485633,41.13311336281932],[1.3629896272820077,41.13311006925251],[1.3630334359345009,41.13310333367656],[1.3630407434162584,41.13310224764523],[1.3630517489384608,41.13310072956933],[1.3630628119119503,41.13309939245942],[1.363076831337734,41.13309802891113],[1.3630912698523945,41.13309677220185],[1.3631066174924704,41.13309555903753],[1.3631196705080062,41.13309458708761],[1.363138943501681,41.13309319100856],[1.363147921594369,41.13309261962404],[1.363160024806757,41.133092042211686],[1.3631744944399151,41.133091498429685],[1.3631810352315026,41.13309130044458],[1.3631888502606169,41.13309145925157],[1.3631970375245355,41.13309265110711],[1.3632056091345899,41.133095586877396],[1.3632186362260093,41.13310308522751],[1.3632448569803166,41.13311627017429],[1.3632609188322862,41.13312313248032],[1.3632784812881489,41.13313049531003],[1.3633119780755854,41.133144579007066],[1.3633310715959868,41.13315083404251],[1.3633501359588636,41.13315668061933],[1.363364584197239,41.133161119474316],[1.3633790328852815,41.1331655403188],[1.3633924702494298,41.133169667556906],[1.3634189969966735,41.13317811795166],[1.3634406661691354,41.13318375472152],[1.3634645626347546,41.133189462769224],[1.3634712813335275,41.13319107060282],[1.3634857166757537,41.13319444727174],[1.3634970754966738,41.13319712087274],[1.3635135501560336,41.13320118136267],[1.363524938301936,41.13320406525296],[1.3636303178858011,41.133248061868365],[1.3636635506744739,41.13331097512741],[1.3637205540965043,41.133554976563154],[1.3637988476614222,41.133991982070256],[1.3638234728722518,41.13418333022441],[1.363909368482512,41.13419412456993],[1.3642041140923953,41.13427870976662],[1.364224782063043,41.1342656811832],[1.3642614081687807,41.134210863633925],[1.3651884029029568,41.13439953381402],[1.3648957778001554,41.13458590154383],[1.3648100056184764,41.13465726373779],[1.364656117351427,41.13481384630554],[1.3643834229756635,41.13516380035738],[1.3642217317714551,41.135392852348275],[1.3638352983869386,41.13573211716015],[1.363598008985295,41.13598504326825],[1.3632821798737365,41.13625953368603],[1.3630395650511489,41.13648516578891],[1.3628253491365043,41.1366544978102],[1.3626173568671107,41.13681484552906],[1.3625599237735797,41.13683217373302],[1.3624335703691925,41.13684625387332],[1.362381571126709,41.13688634019199],[1.362048021879765,41.13714923470333]]],[[[1.353251107979296,41.138544468065255],[1.3532498588100557,41.13854463125486],[1.3532603964549734,41.13866263444589],[1.3532863916978746,41.13876280309084],[1.3532220500445058,41.13881631820338],[1.3530452977269882,41.138865957718465],[1.3527067604975525,41.138966583160276],[1.352680559129367,41.138994559537544],[1.3526209707234342,41.139037935883934],[1.3525199331631719,41.1390591715016],[1.352294603103665,41.13907182457029],[1.351945969203264,41.13909632133369],[1.3519149565959987,41.13913670409052],[1.3526426609102506,41.139190209196514],[1.353198169728556,41.13929114650789],[1.3534691603518407,41.139372137151],[1.3539479358381001,41.13954228553551],[1.3543315928234076,41.13967705141561],[1.3547449579717397,41.13982357998688],[1.3551713425287641,41.13992946736809],[1.3555955790566772,41.14000130112395],[1.3560535430977254,41.1400441295678],[1.3572104809893155,41.14009012354329],[1.358565534282072,41.14013212544455],[1.3593755340058213,41.14013459480962],[1.3610030878426378,41.14018068471444],[1.3611013831634748,41.14098357236158],[1.3611370535924143,41.14131264531283],[1.3612062732893082,41.14173564049927],[1.361279170160141,41.14201098452402],[1.3613495052395859,41.142229018664764],[1.3615343363872376,41.14281341849121],[1.361756319291766,41.143347102733145],[1.3618252957312444,41.14345961493017],[1.3619064564731664,41.143563256849745],[1.3619688977957927,41.143778164381516],[1.3619869671334635,41.14401354177245],[1.3620238431467857,41.144294401643606],[1.3620882473520202,41.14459072437618],[1.362176309736528,41.144917501932866],[1.3622285997479837,41.145221887846645],[1.36226536450533,41.14538982966658],[1.362298402361239,41.14552970331517],[1.3623344401071553,41.1456379546108],[1.3623810555125826,41.14575689599351],[1.3624369937925098,41.14587479984573],[1.3625036264290076,41.14599870971067],[1.362590188821728,41.14613110153393],[1.3626572840204554,41.14621283211535],[1.3627254057174132,41.14630048707776],[1.3628500457935553,41.14642674727858],[1.3607190634634085,41.148617700339464],[1.3603673279346296,41.14844611276421],[1.360090650886434,41.14831384603525],[1.3597254938715755,41.14814654751822],[1.35948095359598,41.14803950138136],[1.3590181643256363,41.147846045468015],[1.3586165560580221,41.147707491222896],[1.3582711819839264,41.14758324670353],[1.3580406611349178,41.14751129334478],[1.3574788709287966,41.14734681282287],[1.356978202074139,41.14722456945564],[1.3571222943195596,41.147060025004784],[1.3572445333370693,41.14693569250661],[1.3581053375863958,41.14633672339111],[1.358522777151855,41.1464372312634],[1.3586088387114057,41.14644971457884],[1.3589568454517313,41.14646818171679],[1.3589342062249667,41.14642058051404],[1.3590243670739275,41.146388095208316],[1.3593923659441076,41.14620197194724],[1.3597061554923318,41.14603984154343],[1.3596437974991282,41.14592779170525],[1.3594217249782021,41.14551713232348],[1.3589802865765348,41.14470710568125],[1.3584014447918613,41.14492849537625],[1.3581628454078452,41.14491214846606],[1.3580543869626778,41.14487232928601],[1.3579438087317304,41.144827976926265],[1.3578653330167525,41.14478014232962],[1.3577027786777411,41.144700151712705],[1.3572567717870492,41.14517783427415],[1.357147063320526,41.14512842773549],[1.3570674629234158,41.145274756793604],[1.3569088538437342,41.14539463036817],[1.356750665383277,41.145557285468875],[1.3567074664579468,41.145617455325],[1.3565343326597183,41.14587164011111],[1.3564219472620351,41.14631693192878],[1.3562587285375172,41.14641253651853],[1.356173032105338,41.14644508427616],[1.3558317650533758,41.14651450739871],[1.3554160446496544,41.146583710311525],[1.3551005709518589,41.146722592552926],[1.3545123485773274,41.14648737775666],[1.3540496528457966,41.14627209970271],[1.3535584399913978,41.14599744087671],[1.3530863635947799,41.145677690932416],[1.3526215391921155,41.14530814482179],[1.3520535118812134,41.14474659876746],[1.3514975130619762,41.14394480185261],[1.351207373162299,41.14331011303191],[1.3510562052890873,41.14287700707013],[1.350936963123177,41.14236724206347],[1.3507222017216038,41.1418379643],[1.3504184902027823,41.14126658553584],[1.3501638818441075,41.140890967901],[1.3498548359824112,41.140532714437924],[1.3493848633420096,41.14013132815698],[1.3488418931133501,41.13976971905008],[1.348219814799963,41.139452334635],[1.3477146318391078,41.13925910271882],[1.347076809841703,41.139091182083106],[1.3463361094907786,41.138958071120385],[1.3455002405456666,41.13879183407576],[1.3455818391963283,41.13846979973231],[1.3457315136271923,41.13816838674654],[1.346174192566176,41.13831177216841],[1.3467887805271135,41.13847471548933],[1.347416505218257,41.13860595475145],[1.348054509373553,41.13870489208998],[1.3486998878769285,41.13877107673634],[1.34934970081656,41.138804207911136],[1.3500009913942277,41.138804134182834],[1.350271130947793,41.138789490987705],[1.3506873182830486,41.138772448546206],[1.3511030486236892,41.13874990707581],[1.35151819302974,41.138721872842225],[1.351932626067104,41.13868835486532],[1.3523462198751486,41.13864936393333],[1.3527588489766407,41.13860491087084],[1.3531703866136147,41.13855501008832],[1.3532466635696434,41.138545048553425],[1.3532498503208592,41.13854454195907],[1.353251107979296,41.138544468065255]]],[[[1.3746424733323195,41.136672165198526],[1.3721085470536227,41.136493499393126],[1.3712149538190632,41.13647632907624],[1.3703513498883275,41.136459576174516],[1.3694569705562931,41.13647413532585],[1.368213920327895,41.13651550033578],[1.366854880310113,41.13663686041846],[1.3657545086356127,41.13676945412904],[1.3649350911222078,41.13686818664654],[1.3636197275948478,41.13704229469928],[1.3619962001729067,41.13730272986908],[1.36202578647993,41.13719881743537],[1.362048021879765,41.13714923470333],[1.362381571126709,41.13688634019199],[1.3624335703691925,41.13684625387332],[1.3625599237735797,41.13683217373302],[1.3626173568671107,41.13681484552906],[1.3628253491365043,41.1366544978102],[1.3630395650511489,41.13648516578891],[1.3632821798737365,41.13625953368603],[1.363598008985295,41.13598504326825],[1.3638352983869386,41.13573211716015],[1.3642217317714551,41.135392852348275],[1.3643834229756635,41.13516380035738],[1.364656117351427,41.13481384630554],[1.3648100056184764,41.13465726373779],[1.3648957778001554,41.13458590154383],[1.3651884029029568,41.13439953381402],[1.3653289423018862,41.13429719444155],[1.3657894720357548,41.133872787332365],[1.3659436942300909,41.13370259936633],[1.365917531427303,41.13354799584164],[1.3658872857095912,41.13331621821303],[1.3659249599745882,41.133248708967606],[1.3661023830987145,41.133110603286056],[1.3663673730144397,41.13282857857349],[1.3664220266716258,41.1328021366302],[1.3665306599994251,41.13277646026158],[1.3666226504502932,41.13269611254747],[1.3667634089130896,41.13258470299125],[1.3670062031395112,41.13222978291639],[1.3673355477375768,41.131771755002006],[1.367674477579469,41.131261075992406],[1.3679143018460107,41.13128960575846],[1.3681545036987213,41.13131732969754],[1.3682650586535923,41.13132700284469],[1.3684317886786568,41.131334138903874],[1.3685990687444798,41.13133831002669],[1.3687743436418847,41.13134196361267],[1.3689496511596224,41.13133949227028],[1.369038182736751,41.131334080426136],[1.3691703837339815,41.131321180094275],[1.3693026404384445,41.13130602851545],[1.3694450801398719,41.1312885889158],[1.3695155220654283,41.13127760615307],[1.3695854354009955,41.131263913603775],[1.3696384621405016,41.13124899114093],[1.3697135471270214,41.13121888793284],[1.3697864562462914,41.13118524093824],[1.369841200876306,41.131153858907595],[1.3698685325756241,41.13113740166694],[1.369899044075944,41.13112243063087],[1.3699224698834496,41.13111456532906],[1.3699581532419696,41.13110723380578],[1.3699942327093535,41.13110315059013],[1.3700356111241394,41.13110157439044],[1.3700568840049523,41.13110367695658],[1.3700774878672173,41.131108742537656],[1.370107813647781,41.13112052119809],[1.3701485135016833,41.13114154426927],[1.3701841045241843,41.131166818647905],[1.3702477370369228,41.131219152125226],[1.3703110374239216,41.13127123856513],[1.3703918166797477,41.13132315613641],[1.3704747937494757,41.131373691464745],[1.3706116235646273,41.131448137985956],[1.3707497882226545,41.13152161239897],[1.3709313491816433,41.131622723083765],[1.3711141372779188,41.13172240963275],[1.3711762833460779,41.13175301341499],[1.3712400311465374,41.13178147800685],[1.3713703395665973,41.13183547437393],[1.3715815802141709,41.13192160084138],[1.3717927045564915,41.1320076352028],[1.3720034721780456,41.1320936641359],[1.3722142448117978,41.13217951260448],[1.3723144629904434,41.13221704920941],[1.37241690511653,41.13225137444293],[1.372622391845171,41.132319762924205],[1.372847191335243,41.13240211534593],[1.373071250129538,41.132485537770975],[1.3731984527326249,41.13253516458513],[1.3732971980327728,41.13262753542314],[1.3733228464858034,41.13270465449271],[1.3746424733323195,41.136672165198526]]],[[[1.360624212790938,41.129875887334244],[1.3605728644841024,41.12988795613221],[1.3605478338462547,41.12989383844798],[1.360512933761345,41.129902041125],[1.360463037812828,41.12991376754454],[1.3604405616086515,41.12996001742179],[1.3604182856159845,41.13000530633852],[1.3603354079438947,41.1301738013396],[1.360226641220443,41.13040347703918],[1.360152236279943,41.13055858483116],[1.3601411960342418,41.13058160131084],[1.3601118397319503,41.13064099332467],[1.3601090985344864,41.13064653986345],[1.3601035919143523,41.13067032420576],[1.360102153792283,41.130691473225994],[1.3601047128183696,41.13072150924164],[1.3601054695576318,41.130730396036604],[1.3601202310129679,41.13074992376663],[1.360145421712601,41.13076647257478],[1.360107770588315,41.13079202769415],[1.360056582209539,41.130826771386985],[1.3600276209813116,41.13084642778033],[1.359851244555336,41.13095885315264],[1.3598674194047922,41.13097458275035],[1.3598788322789113,41.13098568221892],[1.3598923051397633,41.13099878367061],[1.359904425229514,41.13101057057399],[1.3599183238136834,41.131024086126125],[1.3599312558127843,41.13103666193816],[1.3599619783553454,41.131066537834336],[1.3598729806755732,41.13110499459135],[1.3596868870660404,41.13118422008899],[1.3596719043432772,41.13119059841013],[1.359603141254312,41.13121987262726],[1.3594136280828704,41.13121929271091],[1.3594095266164044,41.131219280225324],[1.3593659274010113,41.131239734976965],[1.3592476190441907,41.13128137762349],[1.3590584858933856,41.13134795095809],[1.3590209612339803,41.13140879180803],[1.3589359510068935,41.131546623454156],[1.3589116224402926,41.13158782852564],[1.3589050025911378,41.131599042249874],[1.3588079414375491,41.13156606076988],[1.3587350800576983,41.13154130295543],[1.3587357604633317,41.131533124808655],[1.358718954537174,41.13152388679361],[1.358673156383895,41.1315066080346],[1.3586308683100634,41.13149065294554],[1.3585130129627632,41.13144618751888],[1.358468790540531,41.13142950311484],[1.3584222855593777,41.13141195746749],[1.3583829163249865,41.13139710407674],[1.3583591593060007,41.13138814074346],[1.3583045615010505,41.13136754143924],[1.3582571301363564,41.13134964563889],[1.3582204235941322,41.131335796656195],[1.3581946307231978,41.131326064750034],[1.358164754225542,41.1313147928856],[1.3581219494519505,41.13129864288791],[1.3581001151051104,41.131290404994104],[1.3580734854784444,41.131280357578284],[1.3580147227961867,41.13125818729822],[1.3579716891260856,41.13124195111222],[1.3578997882094102,41.13121482217155],[1.3578575099324475,41.13119887144278],[1.3574914939483904,41.13141515626309],[1.3573706258527825,41.13159691758943],[1.3572175987549777,41.13182075361821],[1.3571026492116542,41.1319860333236],[1.3569834019565092,41.13214825389226],[1.356823294254991,41.132367844892855],[1.3560412949714507,41.13327248210925],[1.3560823236236492,41.133290084761214],[1.3561641735233676,41.133325201489704],[1.35624884778479,41.13336153034921],[1.3563337418212076,41.13339941518016],[1.3564164549921982,41.13343632753973],[1.3564583312378213,41.13345501495016],[1.3564909075574663,41.13346955227859],[1.3565307595891116,41.133487337047015],[1.3565403753034562,41.133491628531],[1.3565727537148102,41.13350607744084],[1.3565991053621347,41.13351783717004],[1.3566105085022653,41.13352292609824],[1.3566369379347565,41.13353472025656],[1.3566842130553023,41.133555817569594],[1.3567044992840156,41.133564814594884],[1.3567487340325577,41.13358443270118],[1.356772755607296,41.13359508634934],[1.3567980709941572,41.13360631421618],[1.3568204523248084,41.133616240964614],[1.3568350813941263,41.133622728826],[1.3568478333624963,41.13362838463228],[1.3568685780198273,41.1336375845332],[1.3568947065036732,41.133649172570436],[1.3569086757078166,41.13365536817215],[1.3569269682464797,41.13366348100058],[1.3569323591481337,41.13366587194199],[1.3569406475822237,41.13366954815921],[1.3569454610952068,41.13367168315593],[1.356958713891827,41.133677560473835],[1.3569966317034767,41.13369437710225],[1.3570102474146053,41.133700416322384],[1.3574272286956137,41.133909482846484],[1.3569905863956688,41.13407261135276],[1.3566072402704594,41.134247233860265],[1.3563250336028077,41.13445820450065],[1.3561024953975822,41.13458829728485],[1.356041893618836,41.13462885335212],[1.3560219647404967,41.13466297851691],[1.3560195820143124,41.134758392709074],[1.356099562237829,41.13508730183942],[1.3562950202912318,41.1353752516819],[1.3562531935136546,41.13542701544192],[1.3561049331735153,41.135629098913235],[1.3560402296524523,41.135707197414405],[1.355956192911656,41.13580556605167],[1.3558655278051674,41.13591806377487],[1.355797777437957,41.136025203918756],[1.355768581509544,41.136105389992316],[1.3557411994835051,41.13619666498933],[1.3557148839375948,41.13632904660635],[1.3556893873132598,41.13645821161135],[1.3556459910011884,41.13660166368153],[1.3555457189214752,41.136840878649146],[1.3555341377587056,41.13688705966987],[1.3555278522946028,41.13697087945755],[1.3555297869897662,41.1371450593374],[1.3555404663814907,41.137305668144705],[1.35557026649609,41.13745491495222],[1.355614571358249,41.13761070113412],[1.3556397867254941,41.13769180454241],[1.3556434722309765,41.13771726016334],[1.3556381376390563,41.13779544941241],[1.3556257605028652,41.13783371137089],[1.3556074884624945,41.137858553530904],[1.355583086433315,41.13787938628906],[1.3555398842917445,41.13790465702946],[1.3554366320465763,41.13795994444096],[1.355316992330504,41.13801079482843],[1.3551872284606912,41.138051303090506],[1.3550719064854222,41.13808979532252],[1.354970226238096,41.13812835078328],[1.3548557948017297,41.13817849142641],[1.3547230180033676,41.13824832692945],[1.3543321882735277,41.1383774025906],[1.3539835543271794,41.138430188245046],[1.3536734198215503,41.138477208026586],[1.3532466635696434,41.138545048553425],[1.3531703866136147,41.13855501008832],[1.3527588489766407,41.13860491087084],[1.3523462198751486,41.13864936393333],[1.351932626067104,41.13868835486532],[1.35151819302974,41.138721872842225],[1.3511030486236892,41.13874990707581],[1.3506873182830486,41.138772448546206],[1.350271130947793,41.138789490987705],[1.3500009913942277,41.138804134182834],[1.3500134545588822,41.13864869445519],[1.3500220677119699,41.13854127355945],[1.350034076004116,41.138443474486465],[1.3500381706937823,41.13841012248317],[1.3500424449582544,41.138375310232234],[1.350047814957494,41.138331578226136],[1.350056315457883,41.13827351777988],[1.350064222139062,41.138219515717225],[1.3500753129633065,41.13814376829464],[1.3500811108032513,41.138084771977425],[1.350089669363854,41.13799767844013],[1.3500953360159897,41.137940016956264],[1.350101968041465,41.13786508838671],[1.350113765829083,41.13773180207847],[1.350216672350972,41.137650919655584],[1.3502331215024175,41.137637991706754],[1.3502398390083692,41.13763271134846],[1.3502891537843114,41.13759394593226],[1.3504597927405002,41.13746099994673],[1.3505629033503335,41.13739851797842],[1.3506698041188752,41.13733373923385],[1.350614426679818,41.13730031643887],[1.3504496526734195,41.13720086721687],[1.3504837248310608,41.13717375079401],[1.350613110256532,41.1370753060786],[1.350657801445511,41.13704130140888],[1.3507967814460482,41.13697807815872],[1.3508647823557718,41.136947143680146],[1.350911887848805,41.13692571554562],[1.3509356984721923,41.136947272785875],[1.3509657070343024,41.13697444037294],[1.351116236027345,41.136868567573636],[1.3511599598366664,41.13684776738522],[1.351371726927258,41.136695892241654],[1.3516421754889094,41.13648294162752],[1.3516522597261422,41.13647542596556],[1.351559315421206,41.13636145487635],[1.351483131260234,41.13626803646594],[1.3514532215244168,41.136231360289734],[1.3514334406437167,41.136212552283304],[1.3514021378288186,41.13618278833776],[1.3513842177511484,41.136165749914014],[1.3513189193648976,41.136103663136716],[1.3513097504895226,41.13609494411491],[1.3512616320940247,41.13604919336875],[1.3512103426993842,41.136000425625845],[1.3511723906416455,41.13596433952922],[1.3509816075868895,41.13578495349721],[1.3509568585863927,41.13576144350972],[1.3508947529059931,41.13570244404433],[1.3508734962941178,41.13568225197341],[1.3509422434163665,41.13567283897349],[1.3510655467983903,41.13565595616549],[1.3512885789663511,41.135625418748745],[1.351361876115166,41.135615382459015],[1.3514041866446829,41.13560958918023],[1.3514373847375993,41.13560505170584],[1.351706664631486,41.135568246884596],[1.3518718634254574,41.13554566745028],[1.352069367097727,41.135518671552205],[1.3520577066424666,41.135368042220094],[1.3520551460682626,41.1353349741107],[1.3520543817196617,41.135325100841825],[1.3520504447481037,41.13527424570735],[1.3520490627580364,41.13525639645055],[1.3520469236504873,41.135228765904785],[1.3520433143995232,41.1351821435878],[1.3520330452176137,41.13498193785368],[1.3520292526347446,41.13490799220547],[1.352029177243921,41.134906530107095],[1.3517570836853037,41.13485958855991],[1.3517195806487776,41.1348531185809],[1.3516731971208757,41.13483445862225],[1.351674633256806,41.13479442183893],[1.3516771368903633,41.134724598056174],[1.3516787778647203,41.13467885433745],[1.351680074956198,41.13464270500986],[1.3516968914161536,41.13456081962989],[1.3517126902019245,41.134483890030715],[1.3517244414822327,41.13442667220564],[1.3517407218324131,41.134347398530046],[1.3517568143188112,41.134269059845145],[1.3517721932039486,41.134188386103425],[1.3517799342244379,41.13414777298828],[1.3517823056057363,41.134135332410985],[1.35180866413996,41.13398556687886],[1.3518145759084839,41.13395082390432],[1.3518211781363532,41.13392790417324],[1.3518311483687737,41.133907032309594],[1.3518475980875155,41.13388284742658],[1.3518628372993287,41.13386756356424],[1.3518872170928877,41.13383979997483],[1.3519425000599978,41.133785438022876],[1.3519287520562182,41.133773374784646],[1.3520714761312167,41.13366315001552],[1.3520828965012954,41.13365430590336],[1.3521386448452302,41.1336112297306],[1.3521518360016342,41.13360103640011],[1.3521775135849816,41.13358076935958],[1.3522241306168008,41.13356193955078],[1.3522619155623121,41.133546313443915],[1.3522683561239568,41.13354364928681],[1.3522821087807564,41.13353796233041],[1.3522971941080948,41.133531723361564],[1.3524500443332463,41.133468510018176],[1.3525835811347646,41.13341328371067],[1.35270458504453,41.13336279429387],[1.3527773024616996,41.13333248817625],[1.3528283595326278,41.133313653166404],[1.35298377312921,41.13325937069666],[1.3531082929286578,41.133217853081696],[1.353050091252921,41.133156445223975],[1.3529848673089662,41.133087625508594],[1.3528548899036468,41.13295048270451],[1.3527971193844468,41.13288952675702],[1.3528000183415485,41.132889179093524],[1.3528968310891203,41.1328775676338],[1.3530631697583673,41.132857616732416],[1.3532931929655483,41.132822800387615],[1.3533387995949275,41.13281589694755],[1.3535016248463734,41.13280108261028],[1.3535852201225886,41.132802151560135],[1.3536343970076783,41.13280459480447],[1.353666457344548,41.1328061880483],[1.3538265210714102,41.13281414262591],[1.3538661848238072,41.13281611291584],[1.3538773620285318,41.1327680436889],[1.3539379919626973,41.132773756293346],[1.354077025692393,41.1327868559021],[1.3541021721810411,41.13278922574923],[1.3541387883576235,41.132792675564836],[1.3541771562170197,41.13279444257427],[1.3542085483203934,41.13279588830286],[1.3543967439286357,41.132804553946194],[1.3544649950233674,41.13280769632909],[1.3545738753951975,41.13281474381706],[1.3545909867207921,41.132815851202174],[1.3547044773251347,41.132791879467064],[1.3547278717515105,41.132786938863106],[1.3547783581684358,41.13275757584385],[1.3547893727723634,41.13275117030505],[1.3548001069132887,41.13274492739796],[1.3548208389485807,41.13273286973027],[1.354843627530955,41.13271126643746],[1.3548703390697403,41.1327248088864],[1.3549057092560088,41.13269583068827],[1.3549334473565406,41.13267310547945],[1.35495973569044,41.132651566564356],[1.3549436758712257,41.13261190673761],[1.3549250530597376,41.13256592124612],[1.354900980126156,41.1325064772253],[1.3548800716556297,41.13245484558865],[1.3548683903961074,41.13242599967527],[1.3548540958174236,41.132394844733646],[1.3548431060130595,41.132370891673474],[1.3548183663148883,41.13231696782898],[1.3547624910661435,41.13219518239132],[1.3547447774185888,41.13216807881877],[1.3547441325300063,41.1321670922899],[1.3546380159158364,41.13200473437505],[1.3546270529336184,41.13198796067374],[1.3545988055414744,41.131944741653086],[1.3542940944684807,41.13149960115711],[1.3541619213885334,41.1312332704144],[1.3541698897700984,41.13076113681337],[1.3541707334459598,41.13071089588038],[1.3541733083878296,41.13055855865664],[1.3541733741635653,41.13055468816158],[1.3541691366740543,41.13052909307093],[1.3541640370171086,41.13049828921741],[1.3541631778793144,41.13049310211619],[1.3541206534067556,41.13037091353205],[1.354053115238834,41.13017684769495],[1.3540476500854333,41.13016114423443],[1.3539633167227625,41.13008094026631],[1.3538825699426342,41.13000414640489],[1.3538056623564259,41.129957919459144],[1.353728031895378,41.12991125787476],[1.3536128568930208,41.129842029838386],[1.353434802086346,41.12976295016388],[1.353368754344451,41.12973361597104],[1.3533916032928002,41.12970890802057],[1.353248087271373,41.129651940814625],[1.3531060754636595,41.129595571421405],[1.3529604284063386,41.12953775820459],[1.3528978141898964,41.129512910852455],[1.3527107683871225,41.12943881415242],[1.3524381410260304,41.129330814520316],[1.3524004824536395,41.12931720948559],[1.3521941037107645,41.12924265342903],[1.351909357606481,41.129167498955816],[1.351602588846559,41.12908652949113],[1.3515294581538932,41.12906722724138],[1.3515098996523562,41.12911080404782],[1.3514798061907192,41.12917784959687],[1.3514602753760934,41.12922136463815],[1.3514406727096857,41.12926503627904],[1.3514236059110847,41.12930306136569],[1.3513947553490147,41.12931408345276],[1.3513218759620613,41.129341925558705],[1.3513079026717594,41.129399608799204],[1.3512978633439898,41.129441056439184],[1.3512903405941832,41.12947211028824],[1.3512806640961554,41.129512055260136],[1.3512753095016574,41.129534165046074],[1.3511982329765764,41.12952579798419],[1.3511707755096838,41.12952333317198],[1.350925356973875,41.12950130179676],[1.3504304018353508,41.12945686773765],[1.3499334077249499,41.129412249212734],[1.34990928248982,41.12940954450037],[1.349877536091179,41.12940485882822],[1.3498445147933773,41.12939861279277],[1.3498119703982976,41.12939106839036],[1.3497799929177583,41.1293822467277],[1.3497486699139498,41.12937217157885],[1.3497180876453736,41.12936087120277],[1.3496883287524106,41.12934837560833],[1.3496594769532457,41.12933471932362],[1.349631608730392,41.129319940375964],[1.3496048017118325,41.12930407861113],[1.3495788532396427,41.129286996913414],[1.3495612047272731,41.129274044299684],[1.3495053023753447,41.12923580612275],[1.3494676347701544,41.129210041643596],[1.3493456603360725,41.129127668115174],[1.3490005588726188,41.12888958433899],[1.3487118846188146,41.12869338108177],[1.3488726965006688,41.128593495314334],[1.3489702008694853,41.12853293212647],[1.3490660786495812,41.128473378701976],[1.3490849809271537,41.12846163811545],[1.3491482237045433,41.128370989428674],[1.3491571470869166,41.12834535220349],[1.3491682503788263,41.128313448160334],[1.3491727207373594,41.1283032058238],[1.34920294508097,41.12823396221451],[1.3492399107905704,41.12814927633442],[1.349253761276243,41.12811475173394],[1.3493010280862945,41.127996934263614],[1.3491222844476705,41.127999569667146],[1.34914138669865,41.12796112551888],[1.349128311473161,41.127934982012064],[1.3491192361724398,41.12791683687399],[1.3491176158199616,41.12790069017432],[1.3491207656369235,41.1278843416236],[1.3491304560905641,41.12786844712586],[1.3491449838693044,41.12785442346905],[1.34915231802623,41.12785173626028],[1.349173648683441,41.127850514325566],[1.3491883639437947,41.12778244458276],[1.3492010551011404,41.127718132590026],[1.3492099253882794,41.127663674111],[1.3492159613940298,41.12763673804206],[1.3492268640543121,41.1276105022528],[1.3492457769607566,41.12758312021737],[1.3492668062817659,41.12755684941556],[1.349300552709637,41.1275127458192],[1.349334299091728,41.12746864221169],[1.3493427359332009,41.127450477845706],[1.3493487159783224,41.12742101885864],[1.3493538269403977,41.127407220514506],[1.3493745610223669,41.12738797133251],[1.3493943130781834,41.12736987905156],[1.3494236650065519,41.127342493462706],[1.3494309342115796,41.12731563810642],[1.3494330741789076,41.12728729506017],[1.3494352209149707,41.12725868188488],[1.3494363219039207,41.12723852079957],[1.349438253146147,41.127228009667974],[1.3494444601166318,41.127218010188194],[1.3494639694198165,41.1272000945661],[1.3494836785117157,41.12718371308359],[1.3494995251034334,41.12717091258545],[1.3495204547891366,41.12714703901158],[1.3495394521363382,41.127125783254286],[1.3495813388595053,41.127099090677035],[1.3496016896507532,41.127090374768684],[1.3496345374327277,41.12708210815634],[1.349668728454612,41.12707728364281],[1.349689139119701,41.12707568452456],[1.3497092326351736,41.12707723349338],[1.3497434491837796,41.127085650390924],[1.3497776544587128,41.127094517493134],[1.349827998692751,41.1271058677015],[1.3498787836820496,41.12711389141707],[1.3499003851902203,41.12711230932281],[1.349922144138774,41.127109198200124],[1.349948630326517,41.127107596003206],[1.3499748016332593,41.127109051849],[1.3500353600289743,41.127121629201596],[1.350095538637002,41.127135101834675],[1.35012858248071,41.12714278121625],[1.3501617499280545,41.127150282208426],[1.3501927833838558,41.12715261833119],[1.3502240577457654,41.12715009383066],[1.3502469222846194,41.127145647354],[1.3502695576768142,41.12714083728932],[1.3502896156112847,41.12713905286155],[1.3503097046520716,41.12714078181212],[1.3503271981947014,41.1271462567455],[1.3503510834389196,41.12715812849567],[1.350373242871432,41.12717231747973],[1.3503953770328607,41.127192270916325],[1.350417165234715,41.12721176901711],[1.3504365167775927,41.12721916212628],[1.3504704529381575,41.12722451223241],[1.3504864367722458,41.12722843423955],[1.3504998409038882,41.127235471933716],[1.350515432739165,41.12725028743293],[1.35052873041068,41.127266331128176],[1.3505388710084127,41.12728476164069],[1.3505539503237902,41.12732312988751],[1.3505728319787147,41.12733668099725],[1.3506346456001723,41.12736098579948],[1.350697969467885,41.127382069485144],[1.3507513780072864,41.12740516845578],[1.3507773535084016,41.12740878762651],[1.3508120205264782,41.127408743580425],[1.3508468088840933,41.12740861118603],[1.350893629251466,41.12740847091013],[1.3509403305350995,41.12740832891026],[1.3509577321788613,41.12741272152867],[1.3509967457858496,41.12743985412476],[1.3510216453724921,41.127442007623785],[1.3510534492241937,41.12743551635759],[1.35107193615262,41.127414266550026],[1.351088592257404,41.12737907119326],[1.351094142682026,41.12735522485748],[1.35109428823904,41.12733514015114],[1.3510939552050973,41.12731513866803],[1.3510928015276789,41.12727557909727],[1.3510910501768691,41.1272361010449],[1.3510861407039914,41.12720452332025],[1.3510808447154852,41.12718695397597],[1.3510808586622634,41.127181639733145],[1.351084438357137,41.1271766467662],[1.3510970571418874,41.127172233585],[1.3511104260866769,41.127171163928],[1.3511538834587178,41.12716259839657],[1.3511971202796131,41.1271580830797],[1.3512200628553903,41.12716003287265],[1.3512541831160458,41.12716754719049],[1.3512882695676964,41.12717641214383],[1.3513348860630738,41.127189546768754],[1.3513557956280011,41.127191430502194],[1.351385023006381,41.127189777137886],[1.3514139716385387,41.12718974113142],[1.351441582905976,41.12719554086964],[1.3514960297869532,41.12721190501637],[1.3515243784179718,41.12721447077657],[1.3515847787212079,41.12721434443565],[1.3516452981091869,41.12721421976748],[1.3516746483339266,41.127221935918804],[1.351702574067166,41.127229451525665],[1.3517160008725175,41.12723558865036],[1.3517310358832082,41.12724886473707],[1.3517447609765822,41.12726212207581],[1.3517632043574308,41.12727724844143],[1.3517820004911183,41.12729256000292],[1.3517947259688117,41.12730292062091],[1.35181512383413,41.12731953867153],[1.3518438377746027,41.12733159450983],[1.35187513589726,41.1273172222969],[1.3518992411737176,41.12730603759927],[1.3519412203116465,41.12729465828345],[1.3519959318664736,41.12727898799922],[1.352021934519999,41.127256818719346],[1.3520315284978177,41.12723713132235],[1.3520435032845524,41.1272203685063],[1.3520584438944427,41.127204098501345],[1.352075891671143,41.12719236813226],[1.352096943158701,41.12718420225876],[1.3521253215039315,41.12717839309461],[1.3521538005614004,41.127178079957645],[1.3521977933234883,41.12718810242499],[1.3522203767557441,41.12718822015324],[1.3522409805124607,41.12718842485091],[1.3522726207633016,41.12719031871802],[1.3523040251015925,41.12719211912612],[1.3523445068510653,41.12719296848172],[1.3524081398682866,41.127191904332776],[1.3524401990218056,41.1271855784696],[1.3524591746130386,41.12717596324739],[1.3524928292905587,41.12715924028196],[1.352527191695455,41.1271427976558],[1.3525419809229373,41.12713733445844],[1.352558035014575,41.12713369085769],[1.3525693750040866,41.12713277215972],[1.35258054184478,41.12713401279121],[1.3526018575297827,41.127139091673946],[1.3526223126000867,41.12714523914668],[1.352635777772456,41.12714984543296],[1.3526504180165917,41.127155099052004],[1.3526952567420643,41.127186546130936],[1.3527390079876116,41.1272186081661],[1.352787753751169,41.12725578583303],[1.3528360119717542,41.12729340688326],[1.3529139903024836,41.12735730455177],[1.3529900341574117,41.127422345483005],[1.353033436903837,41.12746359010375],[1.3530761071811839,41.12750554483662],[1.3531060925841774,41.127530744315415],[1.3531525505107702,41.12755886536987],[1.3531863179150465,41.12756197659471],[1.3532460963800221,41.12755814740477],[1.3533058280680619,41.12754666111404],[1.3533309846919757,41.12753630182545],[1.3533551931353853,41.12752574882461],[1.353368948649113,41.127523513453355],[1.3533822365782728,41.127525685085395],[1.3534149748144257,41.127545609397735],[1.353444308903719,41.12756827736887],[1.3534568210516473,41.127582417917004],[1.3534780695062973,41.12761320497016],[1.353497137246414,41.12761848394547],[1.3535110769095258,41.12761841299721],[1.3535195341739954,41.12761844382369],[1.353530254047616,41.1276185069949],[1.3535409716698885,41.12761866020808],[1.3535512644957868,41.12762150960691],[1.3535626691312943,41.1276323015251],[1.353568051991913,41.12764570961911],[1.3535693695652187,41.127664099312206],[1.3535689742069046,41.12767076373677],[1.3535661722176588,41.127673245790376],[1.3535376548034124,41.12767460810469],[1.3535491668961999,41.12769110783079],[1.3535598277657308,41.127703060095676],[1.3535963817165286,41.127760960605585],[1.353630407928166,41.12781990587409],[1.3536697018200234,41.12790639939706],[1.3537070746870759,41.12799349597387],[1.3537238731304924,41.12802679372433],[1.3537533241454434,41.1280543273538],[1.3537835885234917,41.12808268327916],[1.3538114511781956,41.1281070415554],[1.3538506887799961,41.12813690477058],[1.353899936929526,41.12815675415618],[1.3539423109349067,41.12816156358552],[1.3539731147458238,41.12815176136583],[1.3539846634805162,41.12812315006017],[1.3539919127097375,41.12811727716676],[1.354015049290298,41.12811148270095],[1.354070409322813,41.12810843304463],[1.3541116263435442,41.12810295729306],[1.354129165817152,41.128087982511026],[1.354151212630431,41.1280691655711],[1.3541602734862825,41.12804924428938],[1.354167612561638,41.12803205470689],[1.3541827734032517,41.12800696019422],[1.3542018505475606,41.127982462094025],[1.3542114360859114,41.127975483118995],[1.3542293440947506,41.12796916351876],[1.3542487371962562,41.12796538724524],[1.3542604368178424,41.12796438344476],[1.3542718487583925,41.12796535718925],[1.354291218977569,41.127972029316716],[1.3543280678024725,41.12799199409093],[1.3543477723641009,41.12799715772113],[1.3544050477748961,41.12800293022378],[1.3544623661253803,41.12800221788952],[1.3545352400061272,41.12799398129009],[1.3546081138702424,41.127985744644306],[1.3546431834827048,41.12798390369113],[1.35468910846175,41.12798113960002],[1.3547173293292842,41.12796766844508],[1.3547384664040383,41.12795130645884],[1.3547620777222449,41.12792173874269],[1.354775422483023,41.12790733716955],[1.354792771142052,41.127894794294946],[1.354811476826703,41.12788515321176],[1.3548211924726508,41.12788249965884],[1.3548310765480696,41.12788264084546],[1.3548790721134716,41.12789269424656],[1.354926932861935,41.127903376229135],[1.3549783414416132,41.127915099693766],[1.3550473820747764,41.12793068878511],[1.3550868166611716,41.12792664734663],[1.3551417939799661,41.12791473190068],[1.3551965511025104,41.12790209268124],[1.3552374223398262,41.12789213754641],[1.3552782913161563,41.127882272440075],[1.3553051574718948,41.127879773684484],[1.3553320212651492,41.127882138955705],[1.3553509422199574,41.12788772358616],[1.3553966686473498,41.12791083951791],[1.3554247678282485,41.12791291795344],[1.3554552941538323,41.12791173248097],[1.355484775595328,41.12791422516877],[1.3555175036296874,41.12792505113357],[1.3555503440142895,41.12793614891894],[1.3556025038286967,41.12794918441973],[1.3556383321086665,41.12795235767845],[1.3556755407253387,41.127950727100014],[1.3557227989018936,41.12794351749772],[1.3557584156718834,41.12792362661772],[1.355772040949442,41.127917065485086],[1.3557869154570468,41.12791295421813],[1.3557964625210914,41.12791227983303],[1.3558060971933414,41.1279128677521],[1.3558147656929105,41.12791398232954],[1.3558231578003759,41.12791662424107],[1.3558363558909987,41.12792717131197],[1.355855141907157,41.12796201760133],[1.3559124122591042,41.127996624191454],[1.3559395995245225,41.12800989305167],[1.3559688562184475,41.1280213899389],[1.3560193730413366,41.128035442168496],[1.3560908583951927,41.128047745354934],[1.3561359849251202,41.128026477728845],[1.3561687449058641,41.128007398960385],[1.3561991411399807,41.12798756584385],[1.3562308360572304,41.12796820163056],[1.3562519906568582,41.127960666995854],[1.356274825890943,41.127957389882454],[1.3563072531013467,41.127956411463586],[1.3563396376062153,41.12795714385694],[1.356374228546636,41.127960159611945],[1.3564171506820997,41.1279642499457],[1.3564496119659808,41.12795159731097],[1.3564615003156464,41.12794780364501],[1.3564733167457301,41.12794689136171],[1.3564850163092885,41.12795066132608],[1.3565114696839071,41.127967707246235],[1.3565520395351247,41.127971969335206],[1.3565812238023085,41.12797167057166],[1.3566032591167627,41.12797180484114],[1.3566310464742444,41.127975353966875],[1.3566710367088017,41.12798637330082],[1.356708735106609,41.12800330489226],[1.3567234590010284,41.128014774385335],[1.3567373403129501,41.128026592156026],[1.356769200042187,41.128047591094095],[1.3567886729254728,41.1280509242745],[1.3567985615299576,41.128050885206186],[1.3568085692201564,41.12805084783625],[1.3568455635433765,41.12805093155865],[1.3568368329808298,41.12803053374986],[1.3568350961323488,41.1280237533217],[1.3568365431383655,41.12801827937142],[1.3568488201970463,41.1280036821728],[1.3568613331744346,41.127989178413905],[1.3568677098700488,41.12798188321118],[1.3568744370801384,41.12797486323472],[1.356882627018936,41.12797128698783],[1.356899024872277,41.12797296213008],[1.356914247601881,41.12797876397022],[1.3569414058659892,41.12799797715205],[1.3569699032957623,41.12801603845227],[1.3570235839916542,41.12803698110102],[1.3570789858411458,41.12805578646888],[1.3571162552052927,41.12806604623351],[1.3571674093099357,41.12807782003851],[1.3571857724047556,41.12806499582446],[1.3572026821859025,41.12805890202312],[1.3572216954385132,41.12805602058316],[1.357236906958797,41.12805749860559],[1.3572594950825239,41.128064126057545],[1.357281483318758,41.12807569909159],[1.3572927448586918,41.1280874794301],[1.357302588604814,41.12809878916918],[1.3573357148354075,41.12812232091783],[1.3573696926606837,41.128145144200055],[1.3574410164811712,41.128189487640064],[1.3575121022261083,41.128233827640756],[1.357559054563732,41.12827087863762],[1.3576034599203397,41.128301245736445],[1.3576638416499804,41.128342693811796],[1.3576859737428464,41.12835070273822],[1.3577369090399298,41.12835755415764],[1.3577886801980954,41.12836432739746],[1.3578468868682267,41.1283718102888],[1.357880303817662,41.128348731147355],[1.3579004746987862,41.1283288103389],[1.3579081028063547,41.12831910088698],[1.357923355674304,41.128303016522324],[1.3579432594306122,41.12827842419441],[1.3579576843270524,41.12825603445759],[1.3579727899047422,41.12823310046018],[1.3579808337881003,41.12823060295668],[1.3579895877766461,41.12823306971933],[1.3579981441721731,41.12824346029259],[1.358012722378028,41.12827521070556],[1.3580383983525863,41.12829168402394],[1.3580726370530505,41.12830883607327],[1.358102761727087,41.12832854164818],[1.3581150638906985,41.12834637178801],[1.3581306296738558,41.12838787160527],[1.3581472407345474,41.128403217638834],[1.3581839692044486,41.12842562951653],[1.3582211650649554,41.12844840834645],[1.3582411763763276,41.12846283542737],[1.3582661738147332,41.128487512090466],[1.3582885109566203,41.1285137721835],[1.358301882738727,41.12853170762521],[1.358314434391244,41.12854909092327],[1.3583221369633292,41.12855550598782],[1.3583289632759643,41.128563619992896],[1.3583308081534053,41.12857085231516],[1.3583325361894198,41.12857799289658],[1.3583321572091054,41.128612306191414],[1.3583319716063424,41.12865319774081],[1.3583321998844553,41.128707447954405],[1.358341895967386,41.12874251376574],[1.3583578365225524,41.12877701823896],[1.3583793414085925,41.12879265738023],[1.3584110263346763,41.12880799304079],[1.3584258405019398,41.12881586059074],[1.3584377629084505,41.12882503805238],[1.358440338041137,41.12883165025377],[1.3584413245594105,41.12885013786119],[1.35845461099403,41.128851670253866],[1.3584882296202336,41.12885548219522],[1.3585218482505528,41.128859294126734],[1.3585549296002952,41.128864922416454],[1.3585607536214002,41.128851741829344],[1.358560243362353,41.12884353770337],[1.3585683182421284,41.12882068357928],[1.3585810262908584,41.12879834586176],[1.3585965162270996,41.12878388434166],[1.3586062857349948,41.12877906942951],[1.358617172041205,41.12877724291796],[1.3586431442498803,41.12877716267831],[1.3586691164586562,41.1287770824328],[1.358691751984476,41.12877704470654],[1.3587197521794208,41.12877699605215],[1.3587123265931726,41.128759322844076],[1.3587116231616796,41.128754088451345],[1.3587142115231226,41.12875061239933],[1.358723963062266,41.128746517823586],[1.3587345078100654,41.12874405590628],[1.3587433426948043,41.128743281053026],[1.358750752857671,41.1287427903511],[1.3587783486560474,41.12874261972247],[1.3588047439237694,41.12872695163543],[1.358824676061284,41.128715886171214],[1.358843972501639,41.12871120699302],[1.3588630533500718,41.128710397978374],[1.3588683090298626,41.12871461633244],[1.3588738871959767,41.12873481323887],[1.3589172857879417,41.128733149115085],[1.358957945858259,41.12873319521807],[1.358974719247712,41.128727842335145],[1.3589901351796119,41.128721126184736],[1.3590006462533368,41.12872001489301],[1.3590111034699333,41.128721064640686],[1.3590168512164078,41.12872465947174],[1.3590271222157264,41.128739825871456],[1.3590551932180486,41.128739707885444],[1.3590849786025578,41.12874436579126],[1.3591158290435004,41.12874930908921],[1.359123864296708,41.128756719668665],[1.35911789552797,41.12878097208294],[1.35915699298409,41.128811217924955],[1.359166634566531,41.12882353436955],[1.3591729601452862,41.12883740601156],[1.35917927899513,41.12885154778332],[1.3591813871602736,41.128867340998525],[1.3591783745715933,41.12888306126086],[1.3591759389735527,41.1288851883697],[1.3591677264362751,41.128884891218554],[1.359143231624923,41.12887893866232],[1.3591377017898527,41.128895281511376],[1.3591348631782791,41.12892056034167],[1.359149065012271,41.12893101414503],[1.3591847289015424,41.12894836631961],[1.3592200602288598,41.128964722916905],[1.3592363598432493,41.128975133633766],[1.3592574607812506,41.12898882753545],[1.359272077457329,41.12898555074705],[1.359283297420999,41.12896607956762],[1.3593154915717316,41.12895482299215],[1.3593466066974003,41.128944367119324],[1.3593572503508378,41.12894271723179],[1.3593734935355555,41.12894583102456],[1.359388062946814,41.12895396519059],[1.3593987477070701,41.12896979049707],[1.359406138405206,41.12898394752446],[1.359428873816448,41.12900859171429],[1.3594516159749066,41.12903296576968],[1.3594703198302684,41.12904250994673],[1.3594999032908384,41.12905049765632],[1.3595303719693994,41.12905642623452],[1.35960314184075,41.129071514456825],[1.3596752871472249,41.12908776471722],[1.3597886713316645,41.12912234707036],[1.3599022960568092,41.1291568426622],[1.3599803241626243,41.12917605891452],[1.360058976909414,41.129194113029136],[1.360139705604333,41.1292135279612],[1.3601826989841241,41.12921762241277],[1.3601982569280395,41.12921735391302],[1.360225076390471,41.12921674492814],[1.3602518891254969,41.12921640606726],[1.3602610005986107,41.12921887774721],[1.360270880903444,41.12922874654884],[1.3602783301191574,41.129240562395346],[1.3602783752097996,41.12924353552291],[1.3602724232939276,41.12924813470218],[1.3602414312542273,41.12925824038269],[1.3602644822148966,41.129284772375826],[1.3602844067825948,41.12930271080525],[1.360325294643308,41.12933983647362],[1.360351833092006,41.12934582597987],[1.360363746398687,41.129345815430646],[1.3603982878430523,41.1293457847291],[1.3604483388856645,41.129335850339096],[1.360488392364208,41.129325251173945],[1.3605336354230004,41.12931349273617],[1.360544414067059,41.12930010694536],[1.3605474936123492,41.129281685340366],[1.3605428361254577,41.129248651474136],[1.3604995904923296,41.12914823241882],[1.360480235134325,41.129102649004075],[1.3604625447879117,41.12905717936325],[1.3604624568317052,41.12905114306431],[1.36046768047991,41.12904229996743],[1.3604774182475643,41.12903397150663],[1.3604833051103071,41.129031983574905],[1.3605000448531606,41.12903376936111],[1.3605179725490708,41.12902238863045],[1.360534895921064,41.12901254109492],[1.360558200696406,41.12900476605039],[1.3605825077556148,41.12899979760321],[1.3605944344518175,41.12899924676847],[1.3606063342453245,41.128999776453384],[1.360628005949001,41.12900017500426],[1.3606377285384037,41.129002024825695],[1.360644397715922,41.12900689374589],[1.3606620514912755,41.12903948206733],[1.360677080869698,41.12907221318222],[1.3606869009548983,41.12910129776161],[1.3607004755519798,41.129103892382055],[1.360710047411271,41.12910222711432],[1.3607231672451403,41.129101603173126],[1.360736284837132,41.12910106927387],[1.3607490384404943,41.12910080041849],[1.3607618999232285,41.129100983473755],[1.3607936134269238,41.129104767627574],[1.3608239455213347,41.1291161885149],[1.3608448383039065,41.1291287361085],[1.3608581587839934,41.12913919427282],[1.3608726121547057,41.12915678450961],[1.3608783205583272,41.12917632202105],[1.3608777739147866,41.12920306661337],[1.3608767509183184,41.129229804426195],[1.360877016854329,41.12924304928385],[1.3608769277676462,41.1292561990136],[1.360873854466496,41.12926480250628],[1.36086202496822,41.12927580349083],[1.3608467777749056,41.12928531462823],[1.3608374238939147,41.12928779368736],[1.3608127122298523,41.12928785993469],[1.3607910081026162,41.12931469613189],[1.3607708390778206,41.12934049849063],[1.3607571581773608,41.12935844134073],[1.360746296763479,41.12936405157226],[1.3607105738324703,41.12936942954727],[1.3607106792592367,41.12938309097058],[1.360711762278431,41.129438353183794],[1.3607559002684397,41.12948074572521],[1.3608030822313704,41.12954437989918],[1.3608352449239038,41.1295619519594],[1.360858991894131,41.129573172828],[1.3607297150110707,41.129729582617365],[1.3607294607404725,41.129729890658915],[1.3606670185888214,41.12981652718172],[1.360624212790938,41.129875887334244]]],[[[1.3414269176004745,41.12618800068559],[1.34132815551265,41.125869360402106],[1.3413736635195035,41.12582668957404],[1.341421515641766,41.12578080977492],[1.3414656183491784,41.1257324439312],[1.3414764148803677,41.125710530964746],[1.341479703595541,41.12567454821963],[1.3414847762444766,41.12563868123814],[1.3415116460770324,41.12556980028688],[1.3415296417486244,41.12553637127195],[1.3415535710000603,41.125503838371465],[1.3415729809436225,41.1254852020567],[1.341607261114769,41.125462636392896],[1.3416467286313816,41.12544221714025],[1.3416609637434582,41.1254351260087],[1.3416749550614768,41.125432985504496],[1.3416940396882924,41.125441457138876],[1.3417134407467357,41.12545155468069],[1.3417501640169687,41.12546442372778],[1.3417872400075128,41.12547747799195],[1.341795961243539,41.125481206564885],[1.3418124294490015,41.12548851547016],[1.3418233054118618,41.12547862776003],[1.3418270160219732,41.12546372868836],[1.3418242043370896,41.125438196908995],[1.3418249822040513,41.12542622809796],[1.3418310733255765,41.12541613728721],[1.3418703080997312,41.12538130256425],[1.3419094214850873,41.125346556155385],[1.3419259098862533,41.1253303998279],[1.3419429823429243,41.125314702282424],[1.3419485234935653,41.12531225994537],[1.3419596512520637,41.12531503232219],[1.3419916150686364,41.12533667276249],[1.342018854124126,41.12534044270386],[1.3420300362374753,41.125332303238004],[1.3420197580428117,41.125302836682025],[1.3420178061046157,41.12529046827172],[1.3420198383327895,41.12528545331139],[1.3420248158171226,41.12528174180265],[1.3420482562678102,41.125273341931624],[1.3420720415503735,41.125270171385004],[1.3420862835164535,41.12527226797618],[1.3421216539270369,41.12528431666174],[1.3421477061770795,41.12528076528577],[1.3421580987426938,41.12526816742633],[1.342161193464027,41.125254070155115],[1.3421561407488654,41.12523237936143],[1.3421539098248723,41.12522162829227],[1.34215476817216,41.12521119191631],[1.3421588427296722,41.125196027845725],[1.3421685991044534,41.12518229668843],[1.3421914428952666,41.125169204285434],[1.3422286975704851,41.125156229226754],[1.3422647727691595,41.125142786803124],[1.3423088963772798,41.12511720997094],[1.3423548730926516,41.12509373152341],[1.342400360040442,41.12508024436375],[1.3424464038384858,41.12506829647956],[1.342484759585346,41.12505416620499],[1.3425231017184032,41.125040576173234],[1.3425335784367092,41.12504081701795],[1.342543865821825,41.1250438474705],[1.3425559768934339,41.12505014687606],[1.3425751604190606,41.12506888836914],[1.342611007810205,41.12511120906031],[1.342628093874756,41.125106132382896],[1.3426377548121626,41.12509510026841],[1.342651134019819,41.12506587420955],[1.3426543208270885,41.125061650499184],[1.342660068364441,41.1250604721512],[1.342671400280557,41.12506459852622],[1.3426814756878545,41.125071319002444],[1.3426923609713455,41.12508372587385],[1.342708752107956,41.125111894975596],[1.3427219809415336,41.12512324475469],[1.3427379559561943,41.12513221192319],[1.342770582987439,41.12514345709665],[1.342797143638259,41.1251419476889],[1.342820710459189,41.12512889889158],[1.342843270612758,41.12510993567479],[1.3428455515427107,41.12508376829818],[1.3428385193348957,41.125050789642195],[1.3428383023352746,41.12503574394909],[1.3428414311315575,41.125029753923364],[1.342845182514107,41.1250226919521],[1.3428658985510582,41.12500893827274],[1.3429195023071725,41.12498712043164],[1.3429375651504534,41.124972858373305],[1.3429620400546025,41.12493754068995],[1.3429872452664027,41.124901602980856],[1.3430218191827512,41.12486733132998],[1.343041625547003,41.12485185310072],[1.3430642580813328,41.12483767658001],[1.3430839954692702,41.12482967359932],[1.3431003999144508,41.12482630658228],[1.34312530102187,41.12482612435321],[1.34314693390344,41.12483274082499],[1.3431833500234216,41.12485308124543],[1.3432195212119753,41.124873688357056],[1.3432541579859578,41.12489373293365],[1.343288675702036,41.124913775787284],[1.3433258927782212,41.124940162727704],[1.3433710995332715,41.12497289057993],[1.343407928355095,41.12497962468951],[1.3434350942938316,41.124979384894104],[1.343455283084006,41.12497237917044],[1.3434837718074293,41.124952702128375],[1.3434986405217995,41.12494408860064],[1.3435148339970227,41.1249396375871],[1.3435352191972667,41.12493903001899],[1.3435556442063283,41.12494157565473],[1.3435949316543943,41.12495195888466],[1.3436327108971604,41.12496547304609],[1.3436469201953871,41.12497360401823],[1.3436652419698825,41.12498872992696],[1.343686736815898,41.125000838904576],[1.3437083322625467,41.12500421202266],[1.343743650519162,41.125003421031145],[1.3437534946748606,41.12499414252016],[1.3437560742258445,41.12498156907538],[1.343749812091128,41.12496058155885],[1.3437478100136815,41.12495019411107],[1.34374971943572,41.12494058351387],[1.3437622650302958,41.12492013668272],[1.3437708383558253,41.124910802063724],[1.3437821255902063,41.12490249729817],[1.3437911471115045,41.12489902401603],[1.343806169205666,41.12489851942926],[1.3438195255161687,41.12490267480197],[1.3438337121801414,41.12491170617849],[1.3438481302130743,41.12492101110603],[1.3438767870076938,41.12493727642065],[1.3439092022192078,41.12495088540483],[1.3439269811087005,41.12494070582288],[1.3439410967289676,41.12491424109842],[1.3439444080227092,41.124882041758624],[1.3439478315988271,41.12485011425878],[1.3439532532727176,41.12481452240166],[1.3439599833578064,41.12479795524227],[1.343966594768029,41.12479084428107],[1.3439762773235298,41.124784768305574],[1.343985392990827,41.12478228718972],[1.3439991880398305,41.124783206139604],[1.3440128413680967,41.12478502380298],[1.3440240551717573,41.1247843743568],[1.3440350819703775,41.12478642447941],[1.3440518272459077,41.1247979246491],[1.3440622636021888,41.12480924403441],[1.3440731472669847,41.124831198733624],[1.3440867107491505,41.12490291351784],[1.3441000130997542,41.12494237759384],[1.3441084354759778,41.12498168143263],[1.3441044795405235,41.12500162127029],[1.3440926688884478,41.125021268027794],[1.3440861448490304,41.12502964130605],[1.3440622622953529,41.12506037390784],[1.344045028302134,41.12507778087868],[1.3440252085129545,41.12509379953946],[1.3439835024585263,41.125122744578455],[1.3439411022688061,41.12515086894386],[1.3438484732822895,41.12521051799208],[1.3437551432372057,41.12526961643135],[1.3437188825542004,41.12529044282816],[1.3436823882180247,41.12531108570275],[1.3436461129479582,41.125337226307856],[1.3436105385402544,41.12536391743239],[1.3435655260291275,41.12538695987238],[1.3435423772784711,41.125397976431216],[1.3435212121127516,41.1254106428688],[1.343493349343832,41.12543384185639],[1.3434562940951715,41.12547204126904],[1.3434172438848297,41.125509040996654],[1.3433679481912157,41.12554607349442],[1.3433153838831253,41.12558044677164],[1.3432951337279497,41.125589883618716],[1.3432616407214726,41.12560012079823],[1.3432287715728595,41.12561396995284],[1.3431944067617063,41.125635183754554],[1.343158980243082,41.12566019696031],[1.3431349671191557,41.12569187868001],[1.343134518346319,41.12570971523384],[1.3431397584621763,41.12572870642254],[1.3431542780987507,41.12575764930596],[1.3431720219899645,41.12578627826855],[1.3432248000845817,41.125871257862165],[1.343253063254199,41.12591264866748],[1.3432847911362689,41.12595363892732],[1.3433097253077984,41.125980569790606],[1.343330938224449,41.12599916019778],[1.3433670285309647,41.12602300880826],[1.3434088878336676,41.126040094665],[1.3434617909729174,41.12605382641366],[1.3435153325764686,41.126065855890744],[1.3435861898591024,41.126080926707836],[1.3436571639919974,41.126096089237116],[1.343693023692987,41.12610543231191],[1.3437291464792165,41.126113788330855],[1.3437509157254408,41.12611500213501],[1.3437838727740727,41.12611187305377],[1.343816953430524,41.126108565589945],[1.3438597059664181,41.126114629907605],[1.3438774490364715,41.12610934541224],[1.3438806683738196,41.12609975365037],[1.3438841860771626,41.12609250813569],[1.3438930637676307,41.12609002360652],[1.3439032572096448,41.12609206175939],[1.3439214213750605,41.12609925873657],[1.3439380976927158,41.12610877627447],[1.343943746997676,41.126116243675945],[1.343950355022695,41.12613797837236],[1.3439772500111147,41.12613896318192],[1.343998655657437,41.12613549860652],[1.3440070162658428,41.12613462798884],[1.3440152011843771,41.126136006726],[1.344022466488976,41.12614079510063],[1.344027922002391,41.126151232195504],[1.3440318068150618,41.12616254745937],[1.3440409979739119,41.12620297477904],[1.3440499957217455,41.12621613353404],[1.344052749961801,41.12621816740017],[1.344079350837273,41.12623781335395],[1.34411004983373,41.126258161358585],[1.3441364392660518,41.126279348149154],[1.3441634195957675,41.1263007235794],[1.3441728080236963,41.126306353145644],[1.344183061723159,41.126310734097],[1.3441879508679127,41.12631053416041],[1.344195671721244,41.12630668184784],[1.3442033269151301,41.12630544077358],[1.3442125020885232,41.12631007644278],[1.3442191176801794,41.12631701727095],[1.3442234245245255,41.12633050040174],[1.3442230296641682,41.12635094181027],[1.3442241964520119,41.12637086521778],[1.3442382154698924,41.12640079159526],[1.3442507941961106,41.1264311476415],[1.3442468323219503,41.126446583630724],[1.3442423941176185,41.12646201277208],[1.3442443293024062,41.12647032751672],[1.3442479361646826,41.126478486142865],[1.3442587074181287,41.12649071107582],[1.3442674474874041,41.12650317703343],[1.3442728740794232,41.12652424258171],[1.3442781838565196,41.126545216374936],[1.344281067621917,41.12656318280864],[1.3442756160739866,41.12659048731784],[1.3442604359949353,41.12661621076586],[1.3442443652870948,41.12663471538713],[1.344228189072239,41.12665267803772],[1.344213823989838,41.126669675895634],[1.3442073204748497,41.126677653141876],[1.3441998116190141,41.12668685897295],[1.344194806059276,41.12669642506321],[1.3441935739948252,41.12671226059603],[1.3442157495461855,41.12673996228061],[1.3442361293837537,41.126758540544294],[1.3442587251694256,41.12677426825248],[1.3443004525188447,41.1267918923407],[1.3443448472524704,41.12680766317768],[1.3444237198605946,41.12683563939057],[1.344501720474264,41.12686513429516],[1.344555370294714,41.12689184711345],[1.3446320675226353,41.12693528486099],[1.3447100167956327,41.12697630851999],[1.3448197106847657,41.127024543981236],[1.3449295125043386,41.127073231265555],[1.3450455141598232,41.12713119520854],[1.3451616486821825,41.12718862049259],[1.3452765173211472,41.12723954205399],[1.3453937256551813,41.12728743455483],[1.3455351435302054,41.12733900749227],[1.3456596564693584,41.127384932922205],[1.3452193425836034,41.128071523955015],[1.3448404590013445,41.12862034681547],[1.3446970333545618,41.12880123735558],[1.3446766978317863,41.12881285303094],[1.3444075962046986,41.12898111071219],[1.3440935735222104,41.12916786379203],[1.343888330093954,41.12926904686719],[1.3435596244789623,41.129466202700556],[1.3433361210721722,41.129556032097014],[1.343317660383235,41.129560774735424],[1.3432992923365208,41.12956571776966],[1.3432810205273253,41.129570860350704],[1.3432628485507445,41.12957620162973],[1.3432447800244625,41.129581739857144],[1.3432139178951508,41.129591592399265],[1.343149048573716,41.129615320911725],[1.3430909429662667,41.12963987359932],[1.3430348555688993,41.129666975597374],[1.3429809793651835,41.12969653240393],[1.3429295039710207,41.12972844136219],[1.3428806085125202,41.1297625906573],[1.3428344627482767,41.129798862034015],[1.3427754920803903,41.12984911137863],[1.3427179675262138,41.12990030927584],[1.3426619158752315,41.12995243269363],[1.3426073615806462,41.130005456765105],[1.34255433026432,41.13005935754076],[1.34250284759366,41.130114109270174],[1.3424529356410795,41.13016968705217],[1.3424082536067787,41.13021177385673],[1.341864109627746,41.129805690720325],[1.3419580921587035,41.12965548681562],[1.3420584684674428,41.129535685175675],[1.3421557635412176,41.1294245007237],[1.3422261506782185,41.12935839524419],[1.3423234452015635,41.129247210636876],[1.3424228939481635,41.129164202749635],[1.3425775997998677,41.12904734885192],[1.3427924708559555,41.128929194157585],[1.3425995643770539,41.12862979969056],[1.342458752662241,41.12819475192264],[1.3424327433614247,41.12809045240624],[1.342434838456,41.12789345830573],[1.3424078745940704,41.12771336654911],[1.342380993795551,41.127643696506205],[1.3423096779018497,41.12751925890128],[1.3422265309578392,41.12740980701863],[1.3420759407893403,41.12724958615545],[1.3418663874588534,41.12704304985124],[1.3417151994328065,41.12690663670181],[1.3416198141519946,41.12671473434287],[1.3414269176004745,41.12618800068559]]],[[[1.3658872857095912,41.13331621821303],[1.365917531427303,41.13354799584164],[1.3659436942300909,41.13370259936633],[1.3657894720357548,41.133872787332365],[1.3653289423018862,41.13429719444155],[1.3651884029029568,41.13439953381402],[1.3642614081687807,41.134210863633925],[1.364224782063043,41.1342656811832],[1.3642041140923953,41.13427870976662],[1.3641739218114262,41.13428144167669],[1.363909368482512,41.13419412456993],[1.3638358699066775,41.134184888097074],[1.3638224432795598,41.13417533402755],[1.3637988476614222,41.133991982070256],[1.3637205540965043,41.133554976563154],[1.3636635506744739,41.13331097512741],[1.3636303178858011,41.133248061868365],[1.363524935964784,41.133204063418276],[1.3635235862677972,41.133203722671574],[1.3635135501560336,41.13320118136267],[1.3634970754966738,41.13319712087274],[1.3634857166757537,41.13319444727174],[1.363475139207193,41.133191973029724],[1.363469844742241,41.133190726819336],[1.3634645626347546,41.133189462769224],[1.36345237576723,41.133186551309876],[1.3634478163369066,41.13318545065599],[1.3634438254083945,41.13318448508644],[1.3634403322406106,41.13318362477177],[1.3634372893969264,41.13318286093135],[1.3634346256438568,41.13318218354541],[1.3634299736238837,41.133180973484805],[1.3634265060662492,41.13318004147346],[1.363423902756492,41.133179328916015],[1.3634219623515889,41.13317878791396],[1.3634190523038674,41.133177953899846],[1.363416154613477,41.13317710204616],[1.3634127018756186,41.1331760531471],[1.3634096868807486,41.133175127566176],[1.3634044263103038,41.133173476495635],[1.3633924702494298,41.133169667556906],[1.3633790328852815,41.1331655403188],[1.363364584197239,41.133161119474316],[1.3633501359588636,41.13315668061933],[1.3633393871284412,41.13315338424457],[1.363335367212741,41.133152147132705],[1.3633318441396944,41.13315105219403],[1.3633287828520912,41.133150071908034],[1.3633260999834296,41.13314920508979],[1.3633237719381779,41.133148442396646],[1.3633217279309116,41.13314775580009],[1.363319955828179,41.133147154135266],[1.3633168495890136,41.13314606511971],[1.3633145350205265,41.13314523956527],[1.3633128114514337,41.133144602559874],[1.3633102384551101,41.13314362921246],[1.363307678039864,41.13314262902098],[1.3633039976361658,41.13314115352957],[1.3633007895843707,41.13313984688602],[1.3632952002084016,41.13313752458077],[1.3632784812881489,41.13313049531003],[1.3632644501858422,41.13312461306102],[1.363257447116075,41.13312164914407],[1.3632539577147267,41.13312015835033],[1.3632504685374927,41.13311865855221],[1.363248582937476,41.13311783008508],[1.3632468393563015,41.13311703966634],[1.3632452020654544,41.13311628678827],[1.3632436827504923,41.133115580624406],[1.3632408454632903,41.13311421619568],[1.3632383735657574,41.133113010087506],[1.363221229586532,41.13310438944278],[1.3632200765570264,41.13310380558203],[1.3632190181320551,41.133103250088254],[1.363218054311786,41.133102722961674],[1.3632162565564374,41.13310171559185],[1.3632056091345899,41.133095586877396],[1.3631970375245355,41.13309265110711],[1.3631888502606169,41.13309145925157],[1.3631810352315026,41.13309130044458],[1.3631744944399151,41.133091498429685],[1.363160024806757,41.133092042211686],[1.363147921594369,41.13309261962404],[1.363138943501681,41.13309319100856],[1.3631196705080062,41.13309458708761],[1.3631066174924704,41.13309555903753],[1.3630912698523945,41.13309677220185],[1.363076831337734,41.13309802891113],[1.3630628119119503,41.13309939245942],[1.3630517489384608,41.13310072956933],[1.3630407434162584,41.13310224764523],[1.3630334359345009,41.13310333367656],[1.3630003441578133,41.13310842097338],[1.3629961949868323,41.133109028555815],[1.3629925720735077,41.13310955354283],[1.3629894039608426,41.13310999491884],[1.3629866187438462,41.13311036967693],[1.362981741972554,41.13311101195457],[1.3629780853455662,41.13311145539412],[1.3629753369765176,41.13311178563801],[1.3629712154303706,41.133112240484294],[1.3629691488144846,41.13311246332043],[1.3629670826464253,41.133112668147966],[1.3629635358916747,41.13311300505847],[1.3629601927182107,41.1331132998249],[1.3629570647893368,41.133113562521395],[1.3629541402401568,41.133113791177806],[1.362948625951786,41.133114199204165],[1.362943816564015,41.13311452717443],[1.3629353678318448,41.13311508264775],[1.3629170331878047,41.13311625693416],[1.3629068322055906,41.13311704151071],[1.3628952992899346,41.13311806476888],[1.3628837705768284,41.13311935020458],[1.3628755552495524,41.133120436832435],[1.3629531399839254,41.13359883324047],[1.362907738209237,41.13360077395047],[1.362734520606318,41.13358085504308],[1.3625330750110975,41.13356053364165],[1.36236789343158,41.13354047352372],[1.3624608844514752,41.13403548387948],[1.3624845072235963,41.13418329998607],[1.3623044175793257,41.13417970794346],[1.362213175802657,41.134171191844544],[1.3620485320970148,41.13415028589984],[1.3618290109436098,41.13413022952773],[1.3613313029386955,41.134066458471096],[1.361271658648568,41.134051179771184],[1.3611347696998182,41.134015216822405],[1.360962528420206,41.133974628761436],[1.3607494767446213,41.133929336843714],[1.3605717043710246,41.13389176085701],[1.360419024212645,41.133847334892174],[1.3602238297875164,41.13409864830929],[1.3601250568043723,41.13422580726513],[1.3597446134346256,41.134697074135396],[1.3597940559740522,41.13530137694685],[1.360683190382234,41.13565110853694],[1.3606291105486412,41.13583439668311],[1.3596615840808852,41.135605232610374],[1.359557894739169,41.135923183202635],[1.3595365518142788,41.13595826615028],[1.3593816773643403,41.13624868379234],[1.359247555159085,41.13651108801612],[1.3588386113262443,41.136595227523074],[1.3588319663740998,41.13656326962858],[1.3588159944955642,41.13654055024824],[1.3587858453164545,41.13652262710737],[1.3587530607561786,41.13651091401893],[1.3586317483206891,41.136487764381485],[1.3582914578601541,41.13643408166772],[1.3579458942028855,41.13638032276627],[1.357651609970643,41.136313348656095],[1.3574154120470043,41.13626413819512],[1.3572380390658765,41.1369330108171],[1.3565093197748073,41.1367816527645],[1.3564429213269174,41.13677075551916],[1.3561488577058565,41.136746658309576],[1.3560961078160858,41.13742861041716],[1.3560761211688113,41.13742684789603],[1.356051488263609,41.13766684747955],[1.3560415009836906,41.13766658151512],[1.355889141950284,41.13766192952161],[1.3558571366458951,41.1376633308709],[1.3558275277762326,41.1376672434906],[1.3557408334560965,41.13769201860137],[1.3556434722309765,41.13771726016334],[1.3556397867254941,41.13769180454241],[1.355614571358249,41.13761070113412],[1.35557026649609,41.13745491495222],[1.3555404663814907,41.137305668144705],[1.3555297869897662,41.1371450593374],[1.3555278522946028,41.13697087945755],[1.3555341377587056,41.13688705966987],[1.3555457189214752,41.136840878649146],[1.3556459910011884,41.13660166368153],[1.3556893873132598,41.13645821161135],[1.3557148839375948,41.13632904660635],[1.3557411994835051,41.13619666498933],[1.355768581509544,41.136105389992316],[1.355797777437957,41.136025203918756],[1.3558655278051674,41.13591806377487],[1.355956192911656,41.13580556605167],[1.3560402296524523,41.135707197414405],[1.3561049331735153,41.135629098913235],[1.3562531935136546,41.13542701544192],[1.3562950202912318,41.1353752516819],[1.356099562237829,41.13508730183942],[1.3560195820143124,41.134758392709074],[1.3560219647404967,41.13466297851691],[1.356041893618836,41.13462885335212],[1.3561024953975822,41.13458829728485],[1.3563250336028077,41.13445820450065],[1.3566072402704594,41.134247233860265],[1.3569905863956688,41.13407261135276],[1.3574272286956137,41.133909482846484],[1.3570119971124854,41.13370129339473],[1.3570120573570499,41.13370121859095],[1.3569966317034767,41.13369437710225],[1.356958713891827,41.133677560473835],[1.3569454610952068,41.13367168315593],[1.3569406475822237,41.13366954815921],[1.3569323591481337,41.13366587194199],[1.3569269682464797,41.13366348100058],[1.3569086757078166,41.13365536817215],[1.3568947065036732,41.133649172570436],[1.3568685780198273,41.1336375845332],[1.3568478333624963,41.13362838463228],[1.3568350813941263,41.133622728826],[1.3568204523248084,41.133616240964614],[1.3567980709941572,41.13360631421618],[1.356772755607296,41.13359508634934],[1.3567487340325577,41.13358443270118],[1.3567044992840156,41.133564814594884],[1.3566842142463162,41.133555817586576],[1.356674450025834,41.13355146094285],[1.3566640684211637,41.13354682796563],[1.3566369379347565,41.13353472025656],[1.3566105085022653,41.13352292609824],[1.3565991053621347,41.13351783717004],[1.3565727537148102,41.13350607744084],[1.3565403753034562,41.133491628531],[1.3565307595891116,41.133487337047015],[1.3564909075574663,41.13346955227859],[1.3564583312378213,41.13345501495016],[1.3564164549921982,41.13343632753973],[1.3563337418212076,41.13339941518016],[1.35624884778479,41.13336153034921],[1.3562344859167885,41.133355367795765],[1.3561641735233676,41.133325201489704],[1.3560823236236492,41.133290084761214],[1.3560412949714507,41.13327248210925],[1.356823294254991,41.132367844892855],[1.3569834019565092,41.13214825389226],[1.3571026492116542,41.1319860333236],[1.3572175987549777,41.13182075361821],[1.3573706258527825,41.13159691758943],[1.3574914939483904,41.13141515626309],[1.3578575099324475,41.13119887144278],[1.3578997882094102,41.13121482217155],[1.3579716891260856,41.13124195111222],[1.3580147227961867,41.13125818729822],[1.3580734854784444,41.131280357578284],[1.3581001151051104,41.131290404994104],[1.3581219494519505,41.13129864288791],[1.358164754225542,41.1313147928856],[1.3581946307231978,41.131326064750034],[1.3582204235941322,41.131335796656195],[1.3582571301363564,41.13134964563889],[1.3583045615010505,41.13136754143924],[1.3583591593060007,41.13138814074346],[1.3583829163249865,41.13139710407674],[1.3584222855593777,41.13141195746749],[1.358468790540531,41.13142950311484],[1.3585130129627632,41.13144618751888],[1.3586308683100634,41.13149065294554],[1.358673156383895,41.1315066080346],[1.358718954537174,41.13152388679361],[1.3587357604633317,41.131533124808655],[1.3587350800576983,41.13154130295543],[1.3588079414375491,41.13156606076988],[1.3589050025911378,41.131599042249874],[1.3589116224402926,41.13158782852564],[1.3589359510068935,41.131546623454156],[1.3590209612339803,41.13140879180803],[1.3590584858933856,41.13134795095809],[1.3592476190441907,41.13128137762349],[1.3593659274010113,41.131239734976965],[1.3594095266164044,41.131219280225324],[1.3594136280828704,41.13121929271091],[1.359603141254312,41.13121987262726],[1.3596719043432772,41.13119059841013],[1.3596868870660404,41.13118422008899],[1.3598729806755732,41.13110499459135],[1.3599619783553454,41.131066537834336],[1.3599312558127843,41.13103666193816],[1.3599183238136834,41.131024086126125],[1.359904425229514,41.13101057057399],[1.3598923051397633,41.13099878367061],[1.3598788322789113,41.13098568221892],[1.3598674194047922,41.13097458275035],[1.359851244555336,41.13095885315264],[1.3600276209813116,41.13084642778033],[1.360056582209539,41.130826771386985],[1.360107770588315,41.13079202769415],[1.3601474696459972,41.130765083948575],[1.3601399206529867,41.13076200397921],[1.3601329840041239,41.13075830220105],[1.3601265371750477,41.13075406694493],[1.360120818347359,41.13074930160224],[1.36011582527831,41.130744096216425],[1.3601115579679013,41.13073845078777],[1.3601082501120036,41.13073254879421],[1.3601057826196836,41.13072638854032],[1.3601047128183696,41.13072150924164],[1.3601026848960514,41.13069770048762],[1.3601024843854332,41.13068661837074],[1.3601032365997119,41.13067554981928],[1.3601049415384192,41.13066449483319],[1.36010747786784,41.13065354176022],[1.3601110803349763,41.1306427840179],[1.3601118397319503,41.13064099332467],[1.3601411960342418,41.13058160131084],[1.360152236279943,41.13055858483116],[1.360226641220443,41.13040347703918],[1.3603354079438947,41.1301738013396],[1.3604182856159845,41.13000530633852],[1.3604405616086515,41.12996001742179],[1.360463037812828,41.12991376754454],[1.360512933761345,41.129902041125],[1.3605478338462547,41.12989383844798],[1.3605728644841024,41.12988795613221],[1.360624212790938,41.129875887334244],[1.3606670185888214,41.12981652718172],[1.3607297150110707,41.129729582617365],[1.360858991894131,41.129573172828],[1.3608857578764155,41.1295858202145],[1.3609215624314113,41.12961191116076],[1.360956814158428,41.1296362827975],[1.3609838546247175,41.12964594536828],[1.3610816568756277,41.12966526212779],[1.3611779344627548,41.12968275380159],[1.3611890215377311,41.12967372567993],[1.3611987685862263,41.129669810981774],[1.3612094100755923,41.12966825096804],[1.361243008820829,41.12966809850974],[1.361276605325192,41.12966803608521],[1.3612912599779543,41.129667974369575],[1.3613057955419912,41.12966791095781],[1.3613120713961928,41.12966944145611],[1.3613160266152649,41.12967805488666],[1.3613150550072226,41.12969794770882],[1.361315882542651,41.12970777769315],[1.3613202174408505,41.12971549577228],[1.3613371178251674,41.12973050858189],[1.3613541373062077,41.129745523083464],[1.36138467756843,41.129772529815966],[1.361415220096524,41.129799446497415],[1.3614723237459536,41.12985529492622],[1.3615289645785535,41.12991059629056],[1.3615534624654595,41.129931481971845],[1.3615966263717296,41.129958668230834],[1.3616444389426194,41.12998096645914],[1.3617421331649375,41.13001901678925],[1.3618400656812988,41.13005707042608],[1.3619530356996752,41.13010362478094],[1.3620663877893804,41.130149193630544],[1.3622210717067815,41.130204627879756],[1.3623770994733204,41.13025872989992],[1.362514228005882,41.13031112180329],[1.3626520981720727,41.13036244318346],[1.3627338771715491,41.13038900700064],[1.3628586621282466,41.13042518961435],[1.3629849546665933,41.13045824088514],[1.363183037853121,41.130507535045936],[1.363381116869794,41.13055700895817],[1.363588962111728,41.13061139528454],[1.363797059315319,41.130665244364245],[1.3640166298711784,41.13071763468787],[1.3641366370686405,41.13074482969605],[1.364143033210446,41.13074627257443],[1.36423721391748,41.13076760695432],[1.364403331786436,41.13080410470331],[1.3645700945077988,41.13083862971284],[1.3647465597113755,41.13087104035706],[1.3649245883601482,41.13089806840759],[1.3651162763057774,41.13092195729149],[1.3653085301903796,41.130942250876146],[1.3654330333547502,41.13095149418362],[1.3655577434477626,41.13096200134782],[1.365786330735765,41.13099199742917],[1.366013624536923,41.13102611817152],[1.36621713600337,41.13105845989854],[1.3664206409787731,41.131091071400306],[1.3665837845167033,41.13111788576157],[1.366746815803915,41.13114442807426],[1.366932007259163,41.13117092407318],[1.3671179938180473,41.13119418833517],[1.367396174884287,41.13122767667516],[1.3676137800127037,41.13125382036914],[1.367674477579469,41.131261075992406],[1.3673355477375768,41.131771755002006],[1.3670062031395112,41.13222978291639],[1.3667634089130896,41.13258470299125],[1.3666226504502932,41.13269611254747],[1.3665306599994251,41.13277646026158],[1.3664220266716258,41.1328021366302],[1.3663673730144397,41.13282857857349],[1.3661023830987145,41.133110603286056],[1.3659249599745882,41.133248708967606],[1.3658872857095912,41.13331621821303]]],[[[1.3610070654780408,41.13991740475765],[1.3610030878426378,41.14018068471444],[1.3593755340058213,41.14013459480962],[1.358565534282072,41.14013212544455],[1.3572104809893155,41.14009012354329],[1.3560535430977254,41.1400441295678],[1.3555955790566772,41.14000130112395],[1.3551713425287641,41.13992946736809],[1.3547449579717397,41.13982357998688],[1.3543315928234076,41.13967705141561],[1.3539479358381001,41.13954228553551],[1.3534691603518407,41.139372137151],[1.353198169728556,41.13929114650789],[1.3526426609102506,41.139190209196514],[1.3519149565959987,41.13913670409052],[1.351945969203264,41.13909632133369],[1.352294603103665,41.13907182457029],[1.3525199331631719,41.1390591715016],[1.3526209707234342,41.139037935883934],[1.352680559129367,41.138994559537544],[1.3527067604975525,41.138966583160276],[1.3530452977269882,41.138865957718465],[1.3532220500445058,41.13881631820338],[1.3532863916978746,41.13876280309084],[1.3532603964549734,41.13866263444589],[1.3532498588100557,41.13854463125486],[1.353251107979296,41.138544468065255],[1.3535020822604036,41.13852972699216],[1.3538359469096972,41.13850188788399],[1.3545432245103552,41.13841219826114],[1.3552407666954362,41.138351850450476],[1.356487592749112,41.13816098371814],[1.3580446719031347,41.137920091989486],[1.3598185772508151,41.137645977780274],[1.3608216078071165,41.137485613084884],[1.3616226833262948,41.137363192510335],[1.3619962001729067,41.13730272986908],[1.3619399611965919,41.137392654649524],[1.361860744391922,41.13744142688155],[1.3617385819868701,41.137528145767135],[1.3616392827793342,41.137660551643535],[1.361533194983957,41.13782461506357],[1.3614050409951695,41.13803145910794],[1.3613324581884267,41.13829579604002],[1.3612321481901584,41.138589223590884],[1.3612018333108706,41.13884282138124],[1.3611192905391925,41.139145573993815],[1.3610381019156272,41.139393911567126],[1.3609923882504245,41.13954295694509],[1.3610003693296253,41.139583896200925],[1.3610070654780408,41.13991740475765]]],[[[1.3700406990318763,41.139569121280154],[1.3672933538743317,41.14019177123848],[1.3666077923654645,41.140187603293995],[1.365834144106632,41.14019170504954],[1.3649967206675693,41.140194896224195],[1.364693638496956,41.140196622688705],[1.364247063208963,41.14019631218119],[1.3635653911854975,41.14018964664237],[1.3628276912886303,41.14019122416124],[1.3621136084688361,41.14020518939259],[1.361539631965833,41.14019702860926],[1.3610030878426378,41.14018068471444],[1.3610070654780408,41.13991740475765],[1.3610003693296253,41.139583896200925],[1.3609923882504245,41.13954295694509],[1.3610381019156272,41.139393911567126],[1.3611192905391925,41.139145573993815],[1.3612018333108706,41.13884282138124],[1.3612321481901584,41.138589223590884],[1.3613324581884267,41.13829579604002],[1.3614050409951695,41.13803145910794],[1.361533194983957,41.13782461506357],[1.3616392827793342,41.137660551643535],[1.3617385819868701,41.137528145767135],[1.361860744391922,41.13744142688155],[1.3619399611965919,41.137392654649524],[1.3619962001729067,41.13730272986908],[1.3636197275948478,41.13704229469928],[1.3649350911222078,41.13686818664654],[1.3657545086356127,41.13676945412904],[1.3657085003791491,41.1368927727292],[1.3657360135483214,41.13699296021221],[1.3656401890677958,41.13722748495479],[1.3679497937443144,41.13797242617456],[1.368507817121113,41.13845663689583],[1.369091189684541,41.138886769617606],[1.3695613888075657,41.13928354392494],[1.3698333783854328,41.13944616166808],[1.3700406990318763,41.139569121280154]]],[[[1.3749044045088237,41.137459615633915],[1.3748944447121159,41.13745929584642],[1.3752158912857906,41.138396020341474],[1.3742500649713016,41.13860604749946],[1.374257891482508,41.13861319826324],[1.3700406990318763,41.139569121280154],[1.3698333783854328,41.13944616166808],[1.3695613888075657,41.13928354392494],[1.369091189684541,41.138886769617606],[1.368507817121113,41.13845663689583],[1.3679497937443144,41.13797242617456],[1.3656401890677958,41.13722748495479],[1.3657360135483214,41.13699296021221],[1.3657085003791491,41.1368927727292],[1.3657545086356127,41.13676945412904],[1.366854880310113,41.13663686041846],[1.368213920327895,41.13651550033578],[1.3694569705562931,41.13647413532585],[1.3703513498883275,41.136459576174516],[1.3712149538190632,41.13647632907624],[1.3721085470536227,41.136493499393126],[1.3746424733323195,41.136672165198526],[1.3749044045088237,41.137459615633915]]],[[[1.3597061554923318,41.14603984154343],[1.3593923659441076,41.14620197194724],[1.3590243670739275,41.146388095208316],[1.3589342062249667,41.14642058051404],[1.3589568454517313,41.14646818171679],[1.3586088387114057,41.14644971457884],[1.358522777151855,41.1464372312634],[1.3581053375863958,41.14633672339111],[1.3572445333370693,41.14693569250661],[1.3571222943195596,41.147060025004784],[1.356978202074139,41.14722456945564],[1.3563179115521722,41.147068809593726],[1.3556788872683454,41.146896463229446],[1.3553860463984,41.146815734976414],[1.3551005709518589,41.146722592552926],[1.3554160446496544,41.146583710311525],[1.3558317650533758,41.14651450739871],[1.356173032105338,41.14644508427616],[1.3562587285375172,41.14641253651853],[1.3564219472620351,41.14631693192878],[1.3565343326597183,41.14587164011111],[1.3567074664579468,41.145617455325],[1.356750665383277,41.145557285468875],[1.3569088538437342,41.14539463036817],[1.3570674629234158,41.145274756793604],[1.357147063320526,41.14512842773549],[1.3572567717870492,41.14517783427415],[1.3577027786777411,41.144700151712705],[1.3578653330167525,41.14478014232962],[1.3579438087317304,41.144827976926265],[1.3580543869626778,41.14487232928601],[1.3581628454078452,41.14491214846606],[1.3584014447918613,41.14492849537625],[1.3589802865765348,41.14470710568125],[1.3594217249782021,41.14551713232348],[1.3596437974991282,41.14592779170525],[1.3597061554923318,41.14603984154343]]],[[[1.3456596564693584,41.127384932922205],[1.345676428974402,41.12739111880594],[1.3458165945894391,41.12744987943236],[1.3459566436362562,41.127508548139346],[1.346091698968086,41.12756210075172],[1.3462277433800913,41.12761422620428],[1.3463221967132286,41.127648009508285],[1.3464170119207195,41.12768161778006],[1.3465331976202746,41.12772760286185],[1.3465913613788614,41.12775014600037],[1.3466426315104303,41.12776736578454],[1.3466507815885063,41.12777009496397],[1.3466983348075952,41.127783478205096],[1.3467689535568454,41.127803407710296],[1.3468879954096808,41.127835291617096],[1.3470454912896235,41.127877635572574],[1.3472031087233125,41.127919890982334],[1.347262661925392,41.12793930108797],[1.3473495106603206,41.12797234389885],[1.3473933499425237,41.12798657431415],[1.3474387199552857,41.127996773289794],[1.347534943133717,41.12801229571827],[1.3476314113088326,41.12802755135562],[1.3477714143163126,41.12805018709652],[1.34791129834018,41.128072820960746],[1.3480572980927132,41.12809860493278],[1.348203765271425,41.12812475572479],[1.348268827505618,41.12813352536425],[1.3483669102723048,41.12814141736997],[1.3484651014687599,41.12814498723427],[1.3485491960454883,41.12814538240327],[1.3486755936179584,41.12814052915425],[1.3488021221371571,41.12813045327812],[1.3488796455937715,41.12812210677213],[1.3489168662682989,41.1281152541872],[1.3489526223628088,41.12810504780997],[1.3489896438029667,41.128091887076536],[1.3490267865715189,41.12807863799496],[1.3490567147934207,41.128063303829414],[1.3490836777243584,41.12804270278544],[1.349101612178094,41.12802584555778],[1.3491222844476705,41.127999569667146],[1.3493010280862945,41.127996934263614],[1.349253761276243,41.12811475173394],[1.3492399107905704,41.12814927633442],[1.34920294508097,41.12823396221451],[1.3491727207373594,41.1283032058238],[1.3491682503788263,41.128313448160334],[1.3491571470869166,41.12834535220349],[1.3491482237045433,41.128370989428674],[1.3490849809271537,41.12846163811545],[1.3490660786495812,41.128473378701976],[1.3489702008694853,41.12853293212647],[1.3488726965006688,41.128593495314334],[1.3487118846188146,41.12869338108177],[1.3490005588726188,41.12888958433899],[1.3493456603360725,41.129127668115174],[1.3494676347701544,41.129210041643596],[1.3495053023753447,41.12923580612275],[1.3495612047272731,41.129274044299684],[1.3495788532396427,41.129286996913414],[1.3496048017118325,41.12930407861113],[1.349631608730392,41.129319940375964],[1.3496594769532457,41.12933471932362],[1.3496883287524106,41.12934837560833],[1.3497180876453736,41.12936087120277],[1.3497486699139498,41.12937217157885],[1.3497799929177583,41.1293822467277],[1.3498119703982976,41.12939106839036],[1.3498445147933773,41.12939861279277],[1.349877536091179,41.12940485882822],[1.34990928248982,41.12940954450037],[1.3499334077249499,41.129412249212734],[1.3504304018353508,41.12945686773765],[1.350925356973875,41.12950130179676],[1.3511707755096838,41.12952333317198],[1.3511982329765764,41.12952579798419],[1.3512753095016574,41.129534165046074],[1.3512802030168873,41.12951396005675],[1.3512806640961554,41.129512055260136],[1.3512903405941832,41.12947211028824],[1.3512978633439898,41.129441056439184],[1.3513079026717594,41.129399608799204],[1.3513199388240305,41.12934992173363],[1.3513219325195018,41.12934190294872],[1.3513947553490147,41.12931408345276],[1.3514236059110847,41.12930306136569],[1.3514406727096857,41.12926503627904],[1.3514602753760934,41.12922136463815],[1.3514798061907192,41.12917784959687],[1.3515098996523562,41.12911080404782],[1.3515294581538932,41.12906722724138],[1.351602588846559,41.12908652949113],[1.351909357606481,41.129167498955816],[1.3521941037107645,41.12924265342903],[1.3523991979099086,41.12931674613776],[1.3524004824536395,41.12931720948559],[1.3524381410260304,41.129330814520316],[1.3527107683871225,41.12943881415242],[1.3528978141898964,41.129512910852455],[1.3529604284063386,41.12953775820459],[1.3531060754636595,41.129595571421405],[1.353248087271373,41.129651940814625],[1.3533916032928002,41.12970890802057],[1.3533744185292231,41.12972749076577],[1.353368754344451,41.12973361597104],[1.353434802086346,41.12976295016388],[1.3536128568930208,41.129842029838386],[1.353728031895378,41.12991125787476],[1.3538056623564259,41.129957919459144],[1.3538825699426342,41.13000414640489],[1.3539633167227625,41.13008094026631],[1.3540476500854333,41.13016114423443],[1.354053115238834,41.13017684769495],[1.3541206534067556,41.13037091353205],[1.3541631778793144,41.13049310211619],[1.3541640370171086,41.13049828921741],[1.3541691366740543,41.13052909307093],[1.3541733741635653,41.13055468816158],[1.3541733083878296,41.13055855865664],[1.3541707334459598,41.13071089588038],[1.3541698897700984,41.13076113681337],[1.3541620168373862,41.131227593434204],[1.3541619213885334,41.1312332704144],[1.3542940944684807,41.13149960115711],[1.3545988055414744,41.131944741653086],[1.3546270529336184,41.13198796067374],[1.3546380159158364,41.13200473437505],[1.3547441325300063,41.1321670922899],[1.3547447774185888,41.13216807881877],[1.3547624910661435,41.13219518239132],[1.3548183663148883,41.13231696782898],[1.3548431060130595,41.132370891673474],[1.3548540958174236,41.132394844733646],[1.3548683903961074,41.13242599967527],[1.3548800716556297,41.13245484558865],[1.354900980126156,41.1325064772253],[1.3549250530597376,41.13256592124612],[1.3549436758712257,41.13261190673761],[1.35495973569044,41.132651566564356],[1.3549334473565406,41.13267310547945],[1.3549057092560088,41.13269583068827],[1.3548703390697403,41.1327248088864],[1.3548539839320073,41.132716516233785],[1.354843627530955,41.13271126643746],[1.3548208389485807,41.13273286973027],[1.3548087435619485,41.132739903871396],[1.354805408097916,41.13274184418562],[1.3548001069132887,41.13274492739796],[1.3547893727723634,41.13275117030505],[1.3547783581684358,41.13275757584385],[1.3547278717515105,41.132786938863106],[1.3547044773251347,41.132791879467064],[1.3545909867207921,41.132815851202174],[1.3545738753951975,41.13281474381706],[1.3544649950233674,41.13280769632909],[1.3543967439286357,41.132804553946194],[1.3542085483203934,41.13279588830286],[1.3541771562170197,41.13279444257427],[1.3541387883576235,41.132792675564836],[1.3541021721810411,41.13278922574923],[1.354077025692393,41.1327868559021],[1.3539379919626973,41.132773756293346],[1.3538862691488944,41.13276888259081],[1.3538816099612523,41.13276844398735],[1.3538773620285318,41.1327680436889],[1.3538747122222072,41.13277943996559],[1.3538661848238072,41.13281611291584],[1.3538265210714102,41.13281414262591],[1.353666457344548,41.1328061880483],[1.3536343970076783,41.13280459480447],[1.3535852201225886,41.132802151560135],[1.3535016248463734,41.13280108261028],[1.3534833278951015,41.132802747743156],[1.3533387995949275,41.13281589694755],[1.3532931929655483,41.132822800387615],[1.3530631697583673,41.132857616732416],[1.3528968310891203,41.1328775676338],[1.3528000183415485,41.132889179093524],[1.3527971193844468,41.13288952675702],[1.3528548899036468,41.13295048270451],[1.3529848673089662,41.133087625508594],[1.353050091252921,41.133156445223975],[1.3531082929286578,41.133217853081696],[1.35298377312921,41.13325937069666],[1.3528283595326278,41.133313653166404],[1.3527773024616996,41.13333248817625],[1.35270458504453,41.13336279429387],[1.3525835811347646,41.13341328371067],[1.3524568364010308,41.133465700453286],[1.3524500443332463,41.133468510018176],[1.352305079270236,41.13352846195371],[1.3522971941080948,41.133531723361564],[1.3522895413007545,41.133534888109565],[1.3522821087807564,41.13353796233041],[1.3522683561239568,41.13354364928681],[1.3522619155623121,41.133546313443915],[1.3522243003441725,41.13356186991891],[1.3522224384219441,41.133562623331244],[1.3521775135849816,41.13358076935958],[1.3521518360016342,41.13360103640011],[1.3521451881986524,41.13360617285208],[1.3521386448452302,41.1336112297306],[1.3520828965012954,41.13365430590336],[1.3520714761312167,41.13366315001552],[1.3519287520562182,41.133773374784646],[1.3519425000599978,41.133785438022876],[1.3518872170928877,41.13383979997483],[1.3518628372993287,41.13386756356424],[1.3518475980875155,41.13388284742658],[1.3518311483687737,41.133907032309594],[1.3518211781363532,41.13392790417324],[1.3518145759084839,41.13395082390432],[1.3518086949624608,41.133985382665756],[1.3518070419189046,41.1339947808754],[1.3517823056057363,41.134135332410985],[1.3517799342244379,41.13414777298828],[1.3517721932039486,41.134188386103425],[1.3517568650800724,41.13426879304824],[1.3517549255762775,41.134278259217105],[1.3517407218324131,41.134347398530046],[1.3517244414822327,41.13442667220564],[1.3517126902019245,41.134483890030715],[1.3516968914161536,41.13456081962989],[1.351680074956198,41.13464270500986],[1.3516796566840308,41.13465436646314],[1.3516787778647203,41.13467885433745],[1.3516771869125535,41.13472321882018],[1.3516771368903633,41.134724598056174],[1.351674633256806,41.13479442183893],[1.3516731971208757,41.13483445862225],[1.3516893495026328,41.1348409563266],[1.3517195806487776,41.1348531185809],[1.3517570836853037,41.13485958855991],[1.352029177243921,41.134906530107095],[1.3520292526347446,41.13490799220547],[1.3520330452176137,41.13498193785368],[1.352043234499545,41.13518057603705],[1.3520433143995232,41.1351821435878],[1.3520469236504873,41.135228765904785],[1.3520490627580364,41.13525639645055],[1.3520504447481037,41.13527424570735],[1.3520543817196617,41.135325100841825],[1.3520551460682626,41.1353349741107],[1.3520577066424666,41.135368042220094],[1.352069367097727,41.135518671552205],[1.3518718634254574,41.13554566745028],[1.351706664631486,41.135568246884596],[1.3514373847375993,41.13560505170584],[1.3514041866446829,41.13560958918023],[1.351361876115166,41.135615382459015],[1.3512885789663511,41.135625418748745],[1.3510655467983903,41.13565595616549],[1.3509422434163665,41.13567283897349],[1.3508734962941178,41.13568225197341],[1.3508947529059931,41.13570244404433],[1.3509568585863927,41.13576144350972],[1.3509816075868895,41.13578495349721],[1.3511723906416455,41.13596433952922],[1.3512103426993842,41.136000425625845],[1.3512616320940247,41.13604919336875],[1.3513097504895226,41.13609494411491],[1.3513189193648976,41.136103663136716],[1.3513842177511484,41.136165749914014],[1.3514021378288186,41.13618278833776],[1.3514334406437167,41.136212552283304],[1.3514532215244168,41.136231360289734],[1.351483131260234,41.13626803646594],[1.351559315421206,41.13636145487635],[1.3516522597261422,41.13647542596556],[1.3516421754889094,41.13648294162752],[1.351371726927258,41.136695892241654],[1.3511599598366664,41.13684776738522],[1.351116236027345,41.136868567573636],[1.351104270479687,41.13687698312599],[1.3509657070343024,41.13697444037294],[1.3509356984721923,41.136947272785875],[1.350911887848805,41.13692571554562],[1.3509108538230574,41.13692618534388],[1.3508647823557718,41.136947143680146],[1.3507967814460482,41.13697807815872],[1.350657801445511,41.13704130140888],[1.350613110256532,41.1370753060786],[1.3504837248310608,41.13717375079401],[1.3504496526734195,41.13720086721687],[1.350614426679818,41.13730031643887],[1.3506698041188752,41.13733373923385],[1.3505629033503335,41.13739851797842],[1.3504597927405002,41.13746099994673],[1.3502891537843114,41.13759394593226],[1.3502398390083692,41.13763271134846],[1.3502331215024175,41.137637991706754],[1.350216672350972,41.137650919655584],[1.350113765829083,41.13773180207847],[1.350101968041465,41.13786508838671],[1.3500953360159897,41.137940016956264],[1.350089669363854,41.13799767844013],[1.3500811108032513,41.138084771977425],[1.3500753129633065,41.13814376829464],[1.350064222139062,41.138219515717225],[1.350056315457883,41.13827351777988],[1.350047814957494,41.138331578226136],[1.3500424449582544,41.138375310232234],[1.3500381706937823,41.13841012248317],[1.350034076004116,41.138443474486465],[1.3500229060774613,41.138534446166254],[1.3500220677119699,41.13854127355945],[1.3500134545588822,41.13864869445519],[1.3500009913942277,41.138804134182834],[1.34934970081656,41.138804207911136],[1.3486998878769285,41.13877107673634],[1.348054509373553,41.13870489208998],[1.347416505218257,41.13860595475145],[1.3467887805271135,41.13847471548933],[1.346174192566176,41.13831177216841],[1.3455755401036984,41.138117865989756],[1.345631614264713,41.138030434826284],[1.3454541766539536,41.13797523513219],[1.345263574644014,41.1379152593957],[1.3450861758664379,41.13785996151214],[1.344916704647825,41.13780833975361],[1.3447199511496493,41.13774631828514],[1.3445463400647903,41.137691196513614],[1.3443714170831682,41.137634337889224],[1.344214411471843,41.137586809866086],[1.344036299380603,41.137530241764686],[1.3437826367892813,41.13745012940975],[1.3435204103233396,41.13736747480616],[1.3427002391116236,41.13710969639433],[1.3425477713386642,41.13706024614981],[1.3422119368720755,41.13695376003493],[1.3416089360525039,41.136764387947714],[1.3400699289342892,41.13629229858067],[1.338907897773625,41.136028835880246],[1.3389739446115005,41.13585747300392],[1.3389763960626446,41.13585003212699],[1.33897769491434,41.1358457272551],[1.3390082682281568,41.13575312061894],[1.3401709019308794,41.135831666796776],[1.3401768477865008,41.13583211278936],[1.3401827959125454,41.13583246873925],[1.3413630367437632,41.13591215829043],[1.3413939850175276,41.135142190634014],[1.3413999069436047,41.134994865278905],[1.3414900524415347,41.13499395842318],[1.3419860429265305,41.13498893706417],[1.342285637340426,41.13498595183166],[1.342355469216553,41.134985334694704],[1.342418274326819,41.13498461728345],[1.3424259010912756,41.13498454690124],[1.3423946371749846,41.134806648925306],[1.3423861951680112,41.13474914956242],[1.3423855916815746,41.13474472719502],[1.342384873632701,41.13474012302856],[1.342379310757749,41.134705544187135],[1.3423783749212914,41.13470012620978],[1.3423748516324299,41.134679178068595],[1.3423739089948767,41.13467403021874],[1.3423701735312228,41.13465199812195],[1.3423689121475793,41.13464531440704],[1.342365469417351,41.13462589870219],[1.3423644167535551,41.13462038896807],[1.342360774375968,41.13459943911226],[1.3423597217128413,41.134593929377964],[1.342355762881707,41.13457135271404],[1.3423550289655746,41.134567378844864],[1.3423496101616632,41.13453649515537],[1.3423493004849156,41.13453459912033],[1.3423485779058384,41.13453017503846],[1.3423477407649598,41.1345255691575],[1.3423128087511007,41.134323027840196],[1.3422750501385798,41.13410495289731],[1.3422391815227879,41.13389699355622],[1.3422386495325356,41.133894463794775],[1.3422382479745896,41.13389148553499],[1.3422353667809996,41.13387342903417],[1.3422344309659928,41.13386801105534],[1.3422307091902668,41.133845438697726],[1.342229759771697,41.13384056097392],[1.342225702310608,41.13381717310796],[1.3422247596949408,41.133812025256496],[1.342220899614335,41.133790261583975],[1.3422196450617045,41.133783307739556],[1.3422148446372935,41.13375630617277],[1.3422121268206844,41.13374122450255],[1.3422112079573987,41.13373508616628],[1.3422102721459725,41.133729668187314],[1.3422072559987737,41.13371224026877],[1.342206418876301,41.13370763438659],[1.3422025678764162,41.133685510543245],[1.3422017262197572,41.13368108474604],[1.3421818303235395,41.13356748382083],[1.3421811077642398,41.13356305973772],[1.3421802706451806,41.13355845385524],[1.342175477052619,41.13353118215891],[1.342160278396124,41.133443950786095],[1.3421556061805813,41.13341659076052],[1.34215274165647,41.13336944022272],[1.3421564330489215,41.13332220390474],[1.34216654191913,41.13327560041442],[1.342183055725908,41.133230079945164],[1.34220584643069,41.133186090126166],[1.3422074626746217,41.133183411136166],[1.3422294957984,41.1331505806271],[1.342230974807792,41.13314862026267],[1.342257720594708,41.13311783923546],[1.342288581419928,41.133089279235506],[1.3423231874957315,41.133063384412125],[1.3423277924141928,41.13306029806117],[1.342369227592362,41.133032881063876],[1.342414387588112,41.13300894051648],[1.3424543744205657,41.13299168023495],[1.3424973794939132,41.13297761690835],[1.3425120064057188,41.132973954181715],[1.3425586421547977,41.13296237511239],[1.3426216879035868,41.13295202210137],[1.3428106459372382,41.13292807802094],[1.3430281873275935,41.132899770880684],[1.3429970244323544,41.1324855514493],[1.3429648362008182,41.13224731871621],[1.3428929845717124,41.13210005778723],[1.3428069835836445,41.13195719876156],[1.3427072975143193,41.13181951572963],[1.3425944710528297,41.13168775871439],[1.3424691164700688,41.131562642678986],[1.3423319136171579,41.131444847527405],[1.3421836100608764,41.131335012703325],[1.3421340378349746,41.13127499813918],[1.3420901211642302,41.131212515838435],[1.342052073949218,41.131147870638394],[1.342020080065881,41.13108137685209],[1.3419942969386733,41.13101335831901],[1.3419748496315032,41.13094414651886],[1.3419618309392263,41.1308740769694],[1.3419553072742474,41.13080349201399],[1.3419553068942873,41.13073273524669],[1.3419618330254588,41.13066215080122],[1.341974851998974,41.1305920813781],[1.3419768638965475,41.13057747312308],[1.3419801816143362,41.130563001665195],[1.3419847903738595,41.130548733447185],[1.3419906694647588,41.13053473392566],[1.3419977898178563,41.13052106933733],[1.342006120118417,41.13050780048264],[1.3420156218609456,41.13049498985951],[1.3420262518672825,41.130482696295566],[1.342037959859466,41.13047097671517],[1.3420506920776163,41.1304598843888],[1.342064391257214,41.130449469834964],[1.3420789918205018,41.13043978255124],[1.3420944295167703,41.130430866650116],[1.3421517136951897,41.130398668776714],[1.3422071361382149,41.13036465878625],[1.3422605952222262,41.13032889827111],[1.3423119964017878,41.1302914516281],[1.3423612450415443,41.13025238685596],[1.3424082536067787,41.13021177385673],[1.3424529356410795,41.13016968705217],[1.34250284759366,41.130114109270174],[1.34255433026432,41.13005935754076],[1.3426073615806462,41.130005456765105],[1.3426619158752315,41.12995243269363],[1.3427179675262138,41.12990030927584],[1.3427754920803903,41.12984911137863],[1.3428344627482767,41.129798862034015],[1.3428806085125202,41.1297625906573],[1.3429295039710207,41.12972844136219],[1.3429809793651835,41.12969653240393],[1.3430348555688993,41.129666975597374],[1.3430909429662667,41.12963987359932],[1.343149048573716,41.129615320911725],[1.3432089689173161,41.12959340287812],[1.343226818543776,41.129587474183985],[1.3432447800244625,41.129581739857144],[1.3432628485507445,41.12957620162973],[1.3432810205273253,41.129570860350704],[1.3432992923365208,41.12956571776966],[1.343317660383235,41.129560774735424],[1.3433361210721722,41.129556032097014],[1.3435596244789623,41.129466202700556],[1.343888330093954,41.12926904686719],[1.3440935735222104,41.12916786379203],[1.3444075962046986,41.12898111071219],[1.3446766978317863,41.12881285303094],[1.3446970333545618,41.12880123735558],[1.3448404590013445,41.12862034681547],[1.3452193425836034,41.128071523955015],[1.3456596564693584,41.127384932922205]]]]}},{"type":"Feature","id":"431482--zone--eixample-tarragona","properties":{"name":"Eixample Tarragona","officialName":"Eixample Tarragona","municipality":"Tarragona","kind":"zone","quality":"official","code":"2","aliases":["Eixample"]},"geometry":{"type":"MultiPolygon","coordinates":[[[[1.3259924143958879,41.1419433411892],[1.3255540712358989,41.14227991548749],[1.3252947359669942,41.142485006697534],[1.3249541863944003,41.14273146207766],[1.324721469172085,41.14289568210612],[1.324461013832003,41.143077548203365],[1.3241246242737719,41.143294408045115],[1.3238510514338604,41.14345545379759],[1.3235810187703794,41.143611392735046],[1.3232795743898085,41.14379523827905],[1.3228543904839454,41.14401595920936],[1.322434581293624,41.14422644236658],[1.3221471053147427,41.144423526709495],[1.3209996372968345,41.1440964998217],[1.3210137813209304,41.14408066279543],[1.3210229643402582,41.144057045734534],[1.3210224067321596,41.144037941733636],[1.3208847523036638,41.14361776491193],[1.3208517042361556,41.143504802964806],[1.3208457471082333,41.14346129911756],[1.3208495308987478,41.143289511243076],[1.3208487333005074,41.1432242881056],[1.3208410246140259,41.14318755576782],[1.3208177713704397,41.14314618401124],[1.320801281405361,41.14312503269141],[1.3207670265756748,41.14309094790205],[1.3206719467532988,41.143003863348],[1.320642063196868,41.142990069477904],[1.3201820716427435,41.142800317888195],[1.3200917827011716,41.14275567756308],[1.3189206628960781,41.142124072440545],[1.3188930736911142,41.14211909931409],[1.3188713100522604,41.142119717497785],[1.3188348754275543,41.14212433341425],[1.3188544984926298,41.14161753070057],[1.3188455565664785,41.14148237791148],[1.3188335591921736,41.141409607819675],[1.3188567121440407,41.14126913262412],[1.3188716117119001,41.14090664734398],[1.3188287595307946,41.14081641349188],[1.3186675271030708,41.14072018457293],[1.3183820537858315,41.1406264091133],[1.3182619516692988,41.140466773871395],[1.3179221515221569,41.140069241513935],[1.3177458472347234,41.13990025114837],[1.3175494747207375,41.13977585616872],[1.317577013671031,41.13966440255967],[1.317621453200139,41.139527099328326],[1.317751667943243,41.13936324831568],[1.3178263825579806,41.13928831642936],[1.3179461834839503,41.13917413891757],[1.318227253172308,41.1388802731747],[1.318327640355116,41.13879373587956],[1.318395310990342,41.138756621397256],[1.3185911597186197,41.138692464266256],[1.319141271710286,41.1385287179661],[1.3193358480812931,41.13848633912328],[1.3195318527054845,41.13843929599306],[1.3196435362708931,41.13842831508813],[1.3197842457196947,41.13843775328408],[1.3199145622185045,41.13846226235815],[1.3200192059650198,41.13849369286039],[1.3201435770593477,41.13854108495832],[1.3202863047430287,41.1385928872018],[1.3204029517809703,41.13862548324851],[1.320609009112848,41.13866550811085],[1.3207877434368653,41.13869765799967],[1.3209406479411705,41.13872420668551],[1.3210845185909073,41.13874053507884],[1.3211556361293275,41.138750399161125],[1.3212750412170637,41.13875430062493],[1.321388423200955,41.13874676473254],[1.3215061508592634,41.1387276723961],[1.3215648903918082,41.13870898221456],[1.321635598163589,41.13867884585164],[1.3217528247052133,41.13860930488867],[1.3218457687158265,41.13854346244637],[1.3219643231667106,41.13845448352365],[1.322084496705102,41.13838615522967],[1.3222424375777249,41.13830387494234],[1.3223686603865639,41.13824121912052],[1.322498010629767,41.138177437737774],[1.322618207380685,41.138103434494155],[1.322846672938146,41.13797939491227],[1.3229953418402576,41.13788679917972],[1.3231305788548442,41.1378069793768],[1.3231739652280556,41.13776887884958],[1.3232067681200765,41.137715941994486],[1.3232410330461086,41.137671043088005],[1.3232618700441772,41.137638828493],[1.32331589274363,41.13760412546452],[1.3234048665332456,41.13758182022505],[1.3234877636533335,41.13756420133199],[1.323517873835985,41.13754680480181],[1.3235626494536068,41.13749151912665],[1.3235923572801422,41.13744781482651],[1.3236464710942137,41.13741887776513],[1.3237098264396354,41.137396649763495],[1.3238845474175713,41.137338301146045],[1.324093813540918,41.137256854417075],[1.3243149882373422,41.137161529776876],[1.3244910700287869,41.13708716668319],[1.324533121920208,41.137063997766134],[1.3246521446348958,41.137026636707034],[1.3247804706078243,41.13700292119632],[1.3248782806782993,41.13696570081745],[1.3249384447214527,41.13693775189251],[1.3250468237190534,41.13688789443933],[1.3251837086660092,41.13682746228132],[1.3252583321974172,41.136800197256214],[1.325292063160009,41.13678787278794],[1.3253987994812633,41.13672763248811],[1.3255174466539832,41.136658107390744],[1.3255302074220028,41.13665120222078],[1.325822290471738,41.13650679777139],[1.3260987358851957,41.1364117317642],[1.3264205332091057,41.13640739914255],[1.326546366442491,41.13647543276431],[1.3266327708983439,41.136497854959494],[1.3267312719973006,41.136517840666414],[1.3268508295282806,41.13653434994665],[1.3269541089430936,41.13657728393465],[1.3270545384681425,41.136638552635176],[1.3271381254686672,41.13667813785242],[1.327245902437259,41.13672221780817],[1.3273262286673344,41.13674004835154],[1.3274987897492883,41.136761919684],[1.3276759743612478,41.13679403637141],[1.3278306142068774,41.13683663445437],[1.3279854713647572,41.13689878176277],[1.3280841643915011,41.13693939627941],[1.3281616749897815,41.13698366741981],[1.3282499199985467,41.13703692167788],[1.3283122713475044,41.137069212474785],[1.328424665189006,41.13697057503799],[1.328853235298946,41.13676343751272],[1.329071524060714,41.13670848297478],[1.3291143573415738,41.136767765775055],[1.329228057248019,41.13692412815787],[1.3293162989058147,41.13703542679667],[1.3289343071153183,41.137201250718505],[1.328678158707361,41.13732001236308],[1.3283394342432822,41.13750072645593],[1.3280669356171595,41.137665178642806],[1.3277634875111988,41.13785214451059],[1.3275007196345483,41.13803204577082],[1.3271937649764027,41.13825723385086],[1.326870653653735,41.138520461035824],[1.3266268589332473,41.13875039331327],[1.326434644835309,41.138942799063166],[1.3261587301361895,41.139241156496404],[1.3259552227919096,41.139479327404416],[1.325719402874758,41.139793576584594],[1.3255300537264705,41.14007214037519],[1.3258131766913563,41.140137495775264],[1.3259706037142536,41.14016848929065],[1.326160610466797,41.14021239636504],[1.3262939002045069,41.14024686680811],[1.3263934415877408,41.140264580031946],[1.326433419713878,41.14028525491179],[1.326504176453639,41.14033986689781],[1.3265476088857646,41.14037398878079],[1.3265765158526086,41.14043181989025],[1.3266000702012883,41.140501055971946],[1.3266034773392033,41.14056617202046],[1.3265992451704027,41.140633091159536],[1.3265892700411372,41.14072671784218],[1.3266170585033268,41.14082854871047],[1.3269728472333868,41.141172446478144],[1.326702278068491,41.141391534817565],[1.3264099672795275,41.141619356385576],[1.3259924143958879,41.1419433411892]]],[[[1.3119747038171243,41.14216025917529],[1.311937942405962,41.142357794900214],[1.3119270682397963,41.14240546524414],[1.3119130061636943,41.14246128566782],[1.3118818458041204,41.1425565784583],[1.3118826716546608,41.14262657870637],[1.311787118842976,41.143118607912264],[1.3114791950093148,41.14336116881062],[1.3112498725624957,41.143544891670125],[1.3112058621720941,41.143518665051744],[1.311086991352128,41.14339613151383],[1.3109754085609677,41.14326821017758],[1.3109707271377382,41.14325562111934],[1.3109693299668763,41.14324506187472],[1.310932421243468,41.143155706786985],[1.3108763014759175,41.14313704887262],[1.310462610506858,41.14267231951684],[1.3104595261840248,41.14265786229667],[1.3105523569087176,41.14247646233791],[1.3106149922158807,41.142348033725874],[1.310616174057888,41.14234841136203],[1.310622778043699,41.14233715880978],[1.3107650190738034,41.14238932689487],[1.3108395363146503,41.142285392643636],[1.310904889871391,41.14222744225217],[1.3109308349964595,41.14218683873407],[1.3109199763861625,41.14218280625734],[1.3109355697523897,41.14215556213593],[1.3108763586317767,41.142136678733415],[1.3108774791365916,41.142134803596555],[1.3108641356285704,41.14213938185209],[1.3108523718193896,41.1421474061194],[1.3108188913257888,41.142114848408646],[1.310786214757628,41.14209275116028],[1.3107845966583713,41.14201652411993],[1.3107887421537068,41.14200820796596],[1.3107976981929232,41.141998160875076],[1.3108128940701287,41.14198640381029],[1.3108322946370738,41.1419779511093],[1.3108691242613846,41.14196822276783],[1.310906781952311,41.141963370600415],[1.310961915115952,41.14196471966121],[1.3110117428274937,41.141968512982054],[1.311086936165943,41.14198213613355],[1.3112737705314896,41.14202847216444],[1.311441918899624,41.14199040402261],[1.3114157108541298,41.14208306705821],[1.3119747038171243,41.14216025917529]]],[[[1.3251402463127584,41.154372880643486],[1.3251421996244526,41.15438650133115],[1.3251453354738547,41.154404696999386],[1.3251502208721513,41.154428133440284],[1.3251555373138397,41.15444779301063],[1.3251603112099262,41.15446718347339],[1.3251660333256372,41.154488182049555],[1.3251699976484541,41.15450379561331],[1.3251738858517836,41.154523335328705],[1.325175786864774,41.15454181929086],[1.3251755098227498,41.15455925463226],[1.325174872931564,41.154576827959005],[1.3251739496919457,41.15458968621218],[1.3251714694570464,41.154604719644496],[1.3251679264188023,41.154620305090596],[1.3251641250001078,41.154632932327196],[1.3251584815474475,41.154650036510525],[1.3251521091020366,41.15466675177715],[1.3251455394088978,41.15468278861414],[1.325139002960546,41.154699906831105],[1.3251339682745737,41.1547132277204],[1.32512654652236,41.15473090053146],[1.3251169079239804,41.15475279262758],[1.3251096227327592,41.154768846078326],[1.3251026818824847,41.15478448118545],[1.325094214256427,41.154802976477704],[1.3250806911982629,41.15483130015668],[1.32507053286794,41.154856425578124],[1.3250637706969186,41.15487206328141],[1.3250577187394774,41.15488742307491],[1.3250505129642325,41.15490644113532],[1.3250457228781183,41.1549223237003],[1.3250404617660785,41.154940370215066],[1.3250348905910396,41.154960718132884],[1.3250305039174266,41.15497807478272],[1.3250237752494405,41.15500222503295],[1.325010573204678,41.155045647194534],[1.3250104041179573,41.15504620319852],[1.3250057576518448,41.155064916196885],[1.3250010980782523,41.15508362900436],[1.3250004482997186,41.15508621370555],[1.3249998147904574,41.1550886275013],[1.3249986032199155,41.15509314964523],[1.3249975133123157,41.155097106087965],[1.3249911108186134,41.155119725305845],[1.3249866086431714,41.15513768557564],[1.3249827562193575,41.15515568321932],[1.3249798470013967,41.15517263079943],[1.3249778088986355,41.15518939378651],[1.3249771834986777,41.155199118165285],[1.3249765814516314,41.1552096571592],[1.3249757137765852,41.155225479676126],[1.3249748820701643,41.15524129370864],[1.324973872281403,41.15526082523723],[1.3249723950093724,41.1552901041584],[1.3249731921243133,41.15531206246056],[1.3249756392862673,41.1553263199545],[1.3249822010591459,41.15534902505569],[1.3249876849549054,41.15536313846359],[1.324995722975154,41.155379866960295],[1.3250042827443733,41.15539604368128],[1.325014115358446,41.155412593809615],[1.325034260153919,41.15544211876719],[1.3251091778647692,41.155484511280726],[1.3251288439055082,41.15549562969403],[1.325139251916089,41.15550067572945],[1.325141264797161,41.15550165979689],[1.3251435475586448,41.15550280992395],[1.325145053209573,41.15550358844979],[1.325146546717947,41.15550437580655],[1.325149521362906,41.15550596835484],[1.3251629285958704,41.15551318647437],[1.3251795654710812,41.15552045426536],[1.3251977222402629,41.15552780090574],[1.3252029711835789,41.15552993995498],[1.3252057662211039,41.155531097531004],[1.3252087378958568,41.15553233874324],[1.3252118855200008,41.155533690603946],[1.3252152210070236,41.15553515328643],[1.3252169413290549,41.15553592592586],[1.3252186967034776,41.1555367260975],[1.3252218062956538,41.1555381674796],[1.3252249037453425,41.15553961769241],[1.325226964282305,41.15554060245147],[1.3252296956276828,41.15554192123519],[1.3252343094978247,41.15554419516645],[1.32523889931236,41.15554647775526],[1.325241946817096,41.155548017315944],[1.3252460060329814,41.15555007600856],[1.3252513938068093,41.15555284759763],[1.3252544637634156,41.15555444152943],[1.3252579564115237,41.15555628481009],[1.3252619427729202,41.15555839648735],[1.3252657990275227,41.155560469341765],[1.3252696188317399,41.155562569589144],[1.3252721570436587,41.155563984645376],[1.325275529183864,41.155565880217765],[1.3252800049042361,41.155568431369794],[1.325282541741285,41.15556990045071],[1.3252854426201395,41.15557158199748],[1.325288742134822,41.15557352155075],[1.3252925110778853,41.15557574716232],[1.3252968078699923,41.15557830471897],[1.3253001179233592,41.15558029847],[1.3253034153758707,41.15558231906011],[1.3253055856505753,41.155583674720035],[1.3253084828630204,41.155585500332464],[1.3253123056435347,41.15558795191313],[1.3253144745433023,41.15558936159773],[1.3253169598316286,41.155590983055156],[1.3253197725050636,41.15559285247533],[1.3253229833560929,41.15559499791012],[1.3253266388922607,41.15559746507308],[1.325327845338129,41.15559829329024],[1.3253290398707778,41.15559912133407],[1.3253314046508329,41.15560079508362],[1.3253329609333127,41.15560192563477],[1.3253350196337905,41.15560345081349],[1.3253377336082668,41.15560549894742],[1.3253392646889017,41.15560668317682],[1.3253410058549178,41.15560804160331],[1.3253429919294717,41.15560961076307],[1.3253452462809026,41.15561140901105],[1.3253478154166207,41.15561348206088],[1.325350734159883,41.15561586644864],[1.3253520178109723,41.15561693899003],[1.3253532774061874,41.155618020189124],[1.3253540930040004,41.15561875264749],[1.3253551764202554,41.15561973220228],[1.325356584471143,41.155621067769324],[1.3253573753254126,41.15562183589772],[1.3253582585067327,41.15562272246592],[1.3253592692968292,41.15562374600193],[1.3253603953238469,41.15562492434064],[1.3253616711818088,41.15562630302265],[1.3253631083256334,41.155627900229476],[1.3253641965496834,41.155629159085706],[1.325365236891152,41.15563042625313],[1.3253659182331317,41.15563128286367],[1.3253667828539077,41.155632430378596],[1.3253672547981759,41.15563308577967],[1.3253677835586015,41.15563385009664],[1.3253683691352516,41.15563472332948],[1.3253690108404568,41.155635732490644],[1.3253696960732275,41.1556369044193],[1.3253700495714962,41.155637531075534],[1.3253704138370472,41.155638202925644],[1.3253707767272935,41.1556389288006],[1.3253711620689752,41.155639709046895],[1.3253715458061175,41.155640552322154],[1.3253719281679548,41.15564144962231],[1.325372308466818,41.15564242795962],[1.3253726750185875,41.15564347815686],[1.325373028052431,41.15564459120975],[1.3253733574888014,41.15564569491215],[1.325373553133463,41.155646436370006],[1.3253738019268686,41.15564743080992],[1.3253740901218916,41.15564875009184],[1.3253742259705181,41.15564949968753],[1.3253743707526868,41.155650366510415],[1.3253745123258107,41.155651359391065],[1.3253746504606552,41.15565248733396],[1.3253747604135766,41.15565378600896],[1.325374814243933,41.1556544803672],[1.3253748431014112,41.155655219399584],[1.3253749200528684,41.15565734628211],[1.3253749850908714,41.15565947299138],[1.3253750086703735,41.15566088750753],[1.3253750081878772,41.15566277906976],[1.325374992594963,41.155663859739725],[1.3253746184670183,41.155676496286986],[1.3253745524580327,41.155683958018145],[1.32537450316377,41.155686830685156],[1.3253744541229366,41.155687820793986],[1.3253743810260954,41.15568881956043],[1.3253743047261655,41.15568947599641],[1.3253741869556204,41.155690357016034],[1.325373978456507,41.155691524955515],[1.3253738540445945,41.1556921987068],[1.3253736796870257,41.15569296180641],[1.3253734670679205,41.15569382343189],[1.3253732033569543,41.155694819426465],[1.3253729029889576,41.15569585091785],[1.3253725907076408,41.155696882236064],[1.325371942776601,41.155698926517566],[1.3253714909668963,41.15570028908319],[1.3253708492247125,41.15570209025299],[1.325369953857133,41.155704491235106],[1.325369430567073,41.15570585276126],[1.3253688188404187,41.15570741116584],[1.3253680941628943,41.15570919311455],[1.325367090428527,41.15571163755812],[1.325366062867386,41.155714081655304],[1.3253653661423834,41.155715701876076],[1.3253643937989175,41.15571784952954],[1.3253638274847703,41.15571907531788],[1.3253631484035755,41.155720470608436],[1.3253623451456924,41.15572206225746],[1.3253618947170485,41.15572290240971],[1.3253605574075118,41.155725342002455],[1.3253591845869144,41.155727772071245],[1.3253582495939382,41.155729388827105],[1.3253569913287502,41.155731532322555],[1.3253552743888777,41.15573437173084],[1.3253542798287659,41.15573598762029],[1.325353124434801,41.15573783536525],[1.325351783692473,41.15573994163136],[1.325350245000726,41.155742333258054],[1.3253484474172528,41.15574506340389],[1.325354166486357,41.15583163452057],[1.3253478699717587,41.15583885702305],[1.325341108066649,41.15585363993483],[1.3253355714519346,41.155873566817185],[1.325331373371838,41.15588866534309],[1.3253231373586654,41.155918189162854],[1.3253127987869835,41.155955306329815],[1.3253095862591977,41.15597190451934],[1.3253056052261083,41.15599795117985],[1.325303259018879,41.156020217759284],[1.3253028022700963,41.15603197937921],[1.325302565939102,41.15604561595725],[1.3253025006080137,41.156048182136665],[1.3253024396388682,41.15605010884909],[1.3253023305442535,41.15605298965358],[1.3253021735666224,41.15605587876922],[1.3253016850027046,41.15606383426951],[1.325301478078882,41.15606681273359],[1.3253012924670502,41.15606942220122],[1.3253011031940631,41.156071707346506],[1.325300933169992,41.156073704532666],[1.325300757650959,41.156075449429764],[1.325300441672211,41.15607849836765],[1.3253001687757788,41.156080791304284],[1.3252999477112828,41.15608249950918],[1.3252995843144122,41.15608507036138],[1.3252991732638597,41.156087640520575],[1.3252984609184346,41.156091746575825],[1.3252978214357307,41.156095331257376],[1.3252966490168572,41.15610159241523],[1.32529334088116,41.15611908996065],[1.3252910288555328,41.15613275760301],[1.3252890716706835,41.15614456495829],[1.3252880513808525,41.15615046802946],[1.325287523251005,41.15615342380728],[1.3252874277983373,41.156153943051024],[1.3249352452188232,41.15642675083802],[1.3249051931599014,41.15647148616968],[1.3248702461644306,41.15652353011017],[1.3248615030169912,41.156537248312254],[1.32485424291775,41.15654879566818],[1.3248483936334257,41.156558060336096],[1.3248355063696369,41.15657843332268],[1.3248226376946366,41.156599105626164],[1.3248124471733012,41.156615745510166],[1.3248032919647377,41.15663099528844],[1.3247933198795687,41.15664794910599],[1.3247821370866153,41.156667423615495],[1.3247702367525507,41.156688679271404],[1.3247601494899612,41.15670711313931],[1.324752011355156,41.15672229664172],[1.324743531736433,41.156738300260066],[1.324735172897013,41.15675438129748],[1.3247288632536178,41.15676665226057],[1.324657540498283,41.15676186304759],[1.3245355875009488,41.15678361538841],[1.3243939095049342,41.15680614167128],[1.3242418592109915,41.156821602708725],[1.3241307364913724,41.156836687259734],[1.324007575086092,41.1568492563528],[1.3238904335512824,41.15686308300329],[1.3237644725595663,41.15686872847993],[1.3236360168682706,41.156858296099976],[1.323539695704083,41.15688396494613],[1.3234126778739643,41.15687584925332],[1.323288651847774,41.156868935342196],[1.3231401416066761,41.1568237748532],[1.3230396333549603,41.15679325766821],[1.3229218302522845,41.156736078625066],[1.3228415819299575,41.156688767347326],[1.3227462916391617,41.15668353961049],[1.3226415722662304,41.15668843846443],[1.3225089198609068,41.156667621139945],[1.322388866462305,41.15667795578611],[1.3222144283912427,41.15682274330892],[1.32218550318669,41.156825836593484],[1.32216681284216,41.15683258650079],[1.3221510474826894,41.15684044550673],[1.32213246253879,41.15685091252502],[1.3220974141096122,41.15688072099625],[1.322051128658993,41.15693200166313],[1.3219913103948375,41.15698626565569],[1.3219696255764528,41.15700378446191],[1.321955312370864,41.157013114803135],[1.3219392125499745,41.15702286948161],[1.3219252328226077,41.15703085355818],[1.3219121009073247,41.157036390948626],[1.321895392612397,41.15704196629614],[1.3218781260770522,41.157046065288995],[1.3218420423164623,41.15705001796775],[1.3217753413732487,41.15705349381914],[1.3217601650168942,41.15703732852796],[1.3217462552895651,41.157030516133794],[1.3217361309557503,41.1570246758653],[1.3217263661315957,41.1570182913798],[1.3217144102888454,41.15700949699018],[1.321700432297133,41.15699774660211],[1.321673881816516,41.1569728773533],[1.3216267555181835,41.156916875650666],[1.3215213957186052,41.156794171555944],[1.3214077874339054,41.1566696636344],[1.3212737476463565,41.15653319308612],[1.3212273725365715,41.15648934423761],[1.3212057856888506,41.15647173520083],[1.3211843254777187,41.15645593580516],[1.3211665029870374,41.15644469857732],[1.3211515141368935,41.156436607532186],[1.3211271471715502,41.15642374992344],[1.3210492671089868,41.15638765740278],[1.32078520956681,41.15626872872295],[1.3205490729841114,41.15616114260829],[1.3203314991156485,41.15606214876529],[1.3201028009428288,41.15596015488101],[1.320002615854564,41.155918957808666],[1.3192750497185939,41.15534156792303],[1.3186105749783417,41.15103080015517],[1.3184212621773344,41.151051887743094],[1.3183404315327472,41.151067569411566],[1.3182744507407025,41.15108002702654],[1.3182076274029377,41.15108814871121],[1.3180854247268516,41.15109492110616],[1.3180051592156716,41.15109744186443],[1.317943475479102,41.1510956401661],[1.3177117204727842,41.151071177373375],[1.3175273382183084,41.151048937503944],[1.3173976264240892,41.151036941379004],[1.317246253733433,41.1510288873286],[1.3170784753044475,41.151027158878904],[1.3169004340590693,41.15102528919841],[1.3167553802918128,41.15102024437624],[1.3166154835332973,41.1510028363348],[1.3165579555587785,41.15098151239409],[1.3164641113166708,41.15094209835037],[1.3164237749093344,41.150929804350525],[1.3163311928786903,41.15091674560432],[1.3162501833218008,41.150905319699305],[1.316122845392608,41.15088882698925],[1.3159454211143795,41.15086282302361],[1.3157225560440553,41.15087273354861],[1.3156861456329432,41.15087303961739],[1.31559964408344,41.15087239954586],[1.315443776533428,41.15086291905557],[1.3153813203944726,41.15086257920973],[1.3153584206575548,41.15065468771134],[1.3153516350341308,41.1505934457156],[1.3153442067945884,41.15055218190251],[1.3153367406128307,41.15052310464553],[1.315327768408886,41.15049699583787],[1.3153176569254406,41.15046837529265],[1.3153070060932235,41.150444529824895],[1.3152926540568943,41.1504172343927],[1.3152786804626981,41.15039424106011],[1.3152646721408867,41.15037493127458],[1.3152504184328269,41.150357293287456],[1.3152362624133551,41.15034049442286],[1.3152120622997825,41.15031757665743],[1.315190976622992,41.15029868575496],[1.3151632053743525,41.150277012809404],[1.315128429773238,41.15025337283206],[1.3150967679166854,41.15023378672709],[1.315055016040207,41.15021173806324],[1.3150016200284065,41.150186024111015],[1.3149553039415853,41.15016677300545],[1.314902301472798,41.15014570361472],[1.3148315123062981,41.1501193207316],[1.314749440425682,41.15009005243818],[1.3146552173446489,41.15005691319305],[1.3145737724292756,41.15002876186952],[1.3145126682312929,41.15000763677958],[1.314491749188584,41.15000039485214],[1.3143618914528394,41.14995531233089],[1.3142555107274305,41.14991670741681],[1.3141974835018264,41.149894564319496],[1.314163130323357,41.14987910902157],[1.31412267616609,41.14985898860251],[1.314089912101396,41.14984011569133],[1.314058066477126,41.14981981502086],[1.3140299646321572,41.14979897465799],[1.3140022927396597,41.149777167775774],[1.3139804972028453,41.14975577118933],[1.3139563223685546,41.149727241874515],[1.3139285006203825,41.14969221881608],[1.313906279463055,41.149662321935985],[1.313891621601515,41.149639084222315],[1.3138704471072669,41.14959578152333],[1.3138506677238515,41.14954640118691],[1.313840030922543,41.14951598933969],[1.313836338756384,41.14949777621173],[1.313833735736098,41.14947658854904],[1.3138327555161438,41.149449272542206],[1.3138369553019436,41.14942675229652],[1.3138475101279845,41.149392471263106],[1.3138626842076913,41.14936022149128],[1.3138829722207506,41.149326974702845],[1.3138972352685832,41.149305628646324],[1.3139162774719721,41.14928379409672],[1.3139343356326165,41.14926641284401],[1.3139622143999439,41.149239446395896],[1.314020334458721,41.149222364318405],[1.3140607448762551,41.14920603989023],[1.314108885909153,41.149191702174534],[1.3142191317382084,41.149160330684346],[1.3143205320448847,41.149130018597894],[1.314449834045659,41.14908741426686],[1.3145418762297083,41.1490479305161],[1.3146092050236116,41.14901349850423],[1.3146698253223421,41.1489781125667],[1.3147280730748296,41.14893951223786],[1.3147799763550092,41.148893189705056],[1.3148134221745054,41.1488551901882],[1.3148500167720807,41.148796141228594],[1.314869991920397,41.148750423335294],[1.3148853851373592,41.14870261171028],[1.3148994119424107,41.14864626802361],[1.3149057210444783,41.14860511510808],[1.3149107465580026,41.14856429470143],[1.314913052534088,41.14849984392034],[1.3149108787128787,41.148443272182654],[1.3149013967047074,41.14834821265012],[1.3148761283015282,41.148184549065135],[1.3148769294838876,41.14814400552497],[1.3145500645632306,41.14665935210769],[1.3145608485164877,41.14661948790509],[1.3148156817235968,41.14657474524371],[1.3151250379566701,41.14648016057568],[1.3154774122242294,41.146379034364514],[1.3158145131936139,41.14628468161694],[1.316046466290372,41.14622714606377],[1.31629770994848,41.14616453172258],[1.316429638981375,41.14613121330413],[1.316573003208709,41.14609665672469],[1.3167395106005122,41.14605734901003],[1.3169149954295938,41.14601640679127],[1.317062784580064,41.14598167106608],[1.3173479628611944,41.145916271597606],[1.3176007408692192,41.14585833368411],[1.3178919374170175,41.14579053471639],[1.3182082630678706,41.14571667064334],[1.3182127950809766,41.145715583869126],[1.3184787084053176,41.145651836856125],[1.3187164581869142,41.14559483991495],[1.3189686092883937,41.14553149434806],[1.319205321472171,41.14547030087308],[1.3194341376469785,41.145407010937426],[1.3197042379966701,41.14532899127229],[1.3198594319394004,41.1452827403234],[1.3199527883724906,41.14525491713201],[1.3202601863711902,41.14515809218413],[1.320457383476802,41.14509174485482],[1.3204598981672804,41.145091727484164],[1.3208161155423401,41.14496495063161],[1.3208813590017585,41.14494050081118],[1.321221313683497,41.14481309915683],[1.3217281921897428,41.14460919477645],[1.3221471053147427,41.144423526709495],[1.322406789493416,41.14469324776393],[1.322479796794479,41.14473011239644],[1.3225982903975948,41.14481134023814],[1.3227126626570258,41.14487989655166],[1.3228312468580632,41.14491303450356],[1.3229332897222612,41.14494242753987],[1.3230876411858665,41.1449934110821],[1.323214941097515,41.14499236153003],[1.3233062453758524,41.14498033098256],[1.3233898271378892,41.1449727367152],[1.3234906360083207,41.14494828885747],[1.3235985578548912,41.144937714198015],[1.3236973184087206,41.14492925885959],[1.3237915376203802,41.144920717520804],[1.323896927482707,41.14489521004631],[1.3239966579329516,41.14494860496625],[1.3240731427174248,41.145017595762816],[1.3241124870285996,41.14510993749608],[1.3241370345100483,41.145191696274615],[1.3241569902530004,41.14532031633428],[1.3241817920668901,41.14543986701004],[1.3241957021240491,41.145522571694784],[1.3241957185195175,41.14561303141699],[1.3242116649940805,41.14572554538099],[1.3242494199357753,41.145820147330014],[1.3242973545361814,41.145927535790754],[1.3243538414567648,41.1460511144204],[1.324391635445918,41.14614457203631],[1.3244221626930568,41.146228733573274],[1.3244532629567167,41.146295728865745],[1.3244790204605232,41.14638667118208],[1.3245262808205924,41.14646885579532],[1.3245546957155656,41.14652549571727],[1.3245908719027641,41.14657655581419],[1.3246822191766097,41.146563381762604],[1.3247796217156627,41.14655032004187],[1.3248528370143016,41.14653566068041],[1.3249520976781586,41.14651232848407],[1.3251171155707775,41.146470762118994],[1.3252698969678642,41.146478202946724],[1.3254226397304485,41.14648678876209],[1.3255346896366644,41.14648888640866],[1.3256726724534453,41.146485744814385],[1.3258191691812866,41.146499938330315],[1.32594143891334,41.14651367860449],[1.3260545847810141,41.146528392248925],[1.3261880648798878,41.14652401991987],[1.3263046587178837,41.14652620267648],[1.3263876074813332,41.14649225825055],[1.3265798375905298,41.14649814575814],[1.326606664342041,41.146557047303524],[1.3266661474689212,41.14668182850906],[1.3267333544700717,41.14680217402761],[1.3267820094600502,41.14693362281392],[1.3268321035704884,41.147067389395204],[1.3268909403623679,41.14721162536399],[1.3269634429681831,41.14735497172898],[1.32700661329087,41.147469142741315],[1.3270735560411995,41.147597499074166],[1.3271122600481755,41.14770929564415],[1.3271913924578682,41.147835590616324],[1.3272536398458867,41.14796844002711],[1.3272969643631676,41.14807803285734],[1.3273421457069499,41.14817735528286],[1.3273671556941729,41.148245383659685],[1.3274252038594043,41.1483678485043],[1.3274684142147888,41.14848087506193],[1.3275143577572892,41.148557310559994],[1.3276151495111181,41.1486702698454],[1.3276549980544545,41.1487477364047],[1.3277235799952636,41.14882688574558],[1.3277764196105606,41.148878257968924],[1.3278158203427397,41.14892365402868],[1.327844612330041,41.14901465405315],[1.3278036708360457,41.14910663938993],[1.3277617850878436,41.14918143012504],[1.3277195190133708,41.14926766473277],[1.327681682206073,41.14935741711201],[1.3276834826166237,41.14943989685603],[1.3277186741578402,41.14952071139699],[1.3277524665703668,41.14959806385066],[1.3277746017695407,41.14966145836863],[1.3278222143055818,41.1497544178766],[1.3278273561996885,41.149775759204964],[1.3278390693864202,41.14981518389217],[1.3278512799118882,41.149852435988706],[1.3278652384843483,41.149895883590894],[1.3278737583323414,41.14992873148217],[1.3278855422126026,41.14997761504697],[1.3278913559173302,41.150002533089335],[1.3278948836784346,41.150022211615514],[1.3278999464308094,41.150052811482475],[1.3279016843522407,41.15007211272856],[1.3279024492110132,41.15010250607154],[1.3279028934201136,41.150127229052416],[1.3279031254252405,41.15015748855354],[1.3279040719761066,41.15019531570708],[1.3279068261910298,41.15023324116667],[1.327909962818791,41.150265497464794],[1.3279127535628756,41.150305315025456],[1.3279155057392542,41.15034378991113],[1.3279164376770567,41.1503605753736],[1.327918457000213,41.150396985912245],[1.32791845754907,41.15042509917164],[1.3279179183991798,41.15045334781358],[1.3279175024095164,41.15048659739596],[1.327917998944126,41.15050644808752],[1.327918650090067,41.15053198474475],[1.3279198618303762,41.15055182780552],[1.3279217752493229,41.15057125770275],[1.3279247212974281,41.150595539610634],[1.327927675424953,41.15061387669796],[1.3279322556475917,41.150632048237966],[1.3279392654195321,41.150654920928645],[1.3279470122084922,41.150671300918326],[1.3279584318307986,41.1506918056156],[1.3279728827249113,41.15071213814354],[1.3279840135788745,41.15072806284506],[1.3279988657122472,41.15075000452685],[1.3280095075581813,41.15076782180389],[1.328021029963966,41.15079225524892],[1.3280298734539908,41.15080956091104],[1.3280473092822331,41.15084889751437],[1.3280550254189614,41.15087122198904],[1.328059395095475,41.15088872391313],[1.328063189697379,41.150911504879275],[1.328065040985615,41.15093525746208],[1.3280659843907514,41.15095862755716],[1.3280662646881027,41.15098375349125],[1.3280645444940078,41.15100783343696],[1.328062616944728,41.151037728304],[1.3280607029375362,41.151060993861535],[1.3280582063315978,41.151089412247146],[1.328057149296422,41.15111131210167],[1.3280574483613645,41.1511375282129],[1.3280576850490609,41.151154006331545],[1.328058449763499,41.151177373831544],[1.3280599856492186,41.151202752188354],[1.3280613539057118,41.15122867756763],[1.328064441562481,41.15125161040368],[1.3280716691265235,41.15127623369775],[1.3280802867373636,41.151298679347015],[1.3280908709102728,41.15132163094286],[1.3281019750504162,41.15134377040581],[1.3281102116760624,41.151365264736086],[1.3281147128340725,41.15138087699478],[1.3281157170488276,41.15139951003602],[1.328112638707536,41.151411850630616],[1.3281058725870594,41.15142721824442],[1.3280973884316736,41.151438021145154],[1.3280837376213699,41.15144997405237],[1.3280726359384503,41.15145634329918],[1.3280579508261132,41.151462102055504],[1.3280455416680073,41.15146646166389],[1.3280276107961486,41.15147145269431],[1.328012643988165,41.1514732900018],[1.3279908161454197,41.15147265782431],[1.327973600510115,41.15147060637374],[1.3279331602330309,41.15146380134582],[1.3279040679372671,41.151463913081024],[1.3278799292546546,41.15147074155331],[1.3278638625273245,41.151478814061875],[1.3278474349043203,41.15149170843656],[1.3278463284277036,41.15149257510337],[1.327835526944419,41.1515035425008],[1.3278191972890332,41.15152242826817],[1.3278005953457919,41.15154350588568],[1.3277865161719615,41.15155965002262],[1.3277658240493284,41.15158278701873],[1.3277489277747294,41.15160005220879],[1.3277305628022638,41.15161654034157],[1.3277133004213464,41.15163367410533],[1.3276888429212292,41.151656324049334],[1.3276692371457697,41.15167282027527],[1.3276507142798737,41.15168984565001],[1.3276330669691598,41.15170618115325],[1.3276087612589862,41.1517280145041],[1.3275898752848203,41.151744368042124],[1.3275713237144138,41.15176017697716],[1.3275461188025925,41.15178175315305],[1.3275265044743867,41.15179811411758],[1.3275014867027706,41.15181982811338],[1.3274784276094063,41.15184137328657],[1.3274600869991184,41.1518582571571],[1.3274413564458658,41.15187407247857],[1.3274161290233764,41.15189470251296],[1.3273907485229148,41.15191614999884],[1.327366427541357,41.151937171501466],[1.3273352506178862,41.15196302141034],[1.3273105651056352,41.1519833800601],[1.3272865780705394,41.15200345160315],[1.3272622247024004,41.1520234007227],[1.3272384076596848,41.15204292526846],[1.327209361167565,41.15206794137002],[1.3271844799284964,41.152088026924616],[1.327162066656882,41.15210713047889],[1.3271392923119953,41.15212543612537],[1.3271150755961745,41.15214375684438],[1.32709030236505,41.15216099848461],[1.327062253938619,41.15218289354348],[1.327038572102774,41.15220079866476],[1.3270108617258307,41.15222200504595],[1.3269822402304392,41.15224295498188],[1.3269472722076296,41.1522669752334],[1.3269177313109382,41.15228658769645],[1.3268934908663954,41.152303962237895],[1.3268710295755628,41.1523207771369],[1.326845672568398,41.15234316161871],[1.3268257660398615,41.15236209525498],[1.3268040036912452,41.152385117440566],[1.3267872925272082,41.15240305172825],[1.3267695316634913,41.152421961584125],[1.3267528388146008,41.15244058070103],[1.3267359634128337,41.15245892693858],[1.3267238136398263,41.15247369380861],[1.3267078866363522,41.15249406248975],[1.326690470085605,41.15251958071801],[1.326681901696777,41.15253457076413],[1.3266702497598273,41.15255459622161],[1.326659697696243,41.152575421310246],[1.3266523687840963,41.15259701383071],[1.3266477142453579,41.152617897590396],[1.3266454369613003,41.15263387078788],[1.3266424272638495,41.15264959014078],[1.3266377443004336,41.1526692484699],[1.3266323710325147,41.15268324907948],[1.3266262625940999,41.1526961671163],[1.3266201450312927,41.152708553579],[1.3266082009164002,41.15272413409735],[1.3265981025438145,41.152735085469935],[1.3265869210340373,41.1527455157828],[1.3265708252633317,41.15275939660737],[1.3265571622094097,41.15277040336538],[1.3265384142222074,41.152785948057854],[1.3265195044877958,41.152801760620896],[1.3265095208689321,41.15280960517261],[1.3264902415928004,41.15282542136807],[1.3264722630850296,41.15284257245586],[1.3264541121303997,41.152859990358166],[1.3264386488510214,41.15287805081727],[1.3264284677611855,41.15289225177097],[1.3264161018263163,41.15291269918358],[1.326402335664374,41.1529338468436],[1.3263883671997705,41.1529540457767],[1.326378707276315,41.152968371397066],[1.326364856358243,41.15298586979236],[1.3263509418990505,41.153001602697564],[1.3263396033763033,41.15301258015978],[1.3263225947738833,41.153025799143556],[1.326299491109184,41.15303829000983],[1.3262780962436977,41.15304778820223],[1.326255291069383,41.153058382820184],[1.3262280962137347,41.15307148076312],[1.3262047764549063,41.15308262725606],[1.326180549038599,41.15309338133682],[1.3261524281537023,41.153105402919735],[1.3261321855911659,41.153117854270924],[1.3261128582993964,41.1531313818046],[1.326089891324195,41.15314927009369],[1.3260716981910676,41.15316548121973],[1.3260551178992663,41.15318153473675],[1.3260397694438195,41.15319648022267],[1.326024587762404,41.15321142813078],[1.3260130990894912,41.15322361938674],[1.3259981435083297,41.153240453140455],[1.3259882607812097,41.15325275781323],[1.3259759672744538,41.153268477304174],[1.3259649606310113,41.153285656696674],[1.3259586980241056,41.15329994249201],[1.3259498732240333,41.15331844166897],[1.3259423100451047,41.15333747261133],[1.3259368522519634,41.15335525509739],[1.325933247166202,41.15336813742644],[1.3259265511053309,41.153386343277596],[1.3259185707819336,41.153403080255096],[1.3259078545566179,41.15341769673273],[1.3258997078799093,41.15342781079549],[1.3258875139865396,41.15344055024979],[1.3258729530781315,41.15345170600639],[1.3258571202299598,41.153461798402844],[1.3258421931943505,41.153472823628995],[1.3258246801271212,41.15348712510796],[1.325810157905956,41.15350003787669],[1.3257937227193264,41.15351459822304],[1.3257770950870407,41.15352875944015],[1.3257615417247315,41.15354290024316],[1.325745536509949,41.15356070051738],[1.3257286643814126,41.153579316873184],[1.3257125159344194,41.15359806174589],[1.325696549397778,41.15361761903313],[1.3256849375526245,41.15363183514622],[1.3256694773143647,41.15364976043007],[1.325652790065583,41.15366864968657],[1.3256369822660876,41.15368711936859],[1.3256229442342475,41.15370488517467],[1.3256111398613826,41.15372572798272],[1.3255989505822805,41.153745773435766],[1.3255883624772515,41.15376565211086],[1.325580544639432,41.15378157174558],[1.3255686078447082,41.153804853649255],[1.3255597540082211,41.1538221453701],[1.3255529313775565,41.1538354853205],[1.325542807424672,41.153852110033725],[1.3255292248086423,41.15386649563881],[1.3255154497488308,41.153880482115206],[1.3255036504166093,41.15389456937811],[1.3254918089418315,41.15390703468145],[1.3254790563223027,41.15391924443356],[1.3254662734972644,41.15392983149869],[1.3254538258936654,41.15393946864447],[1.3254411425213823,41.15394708468611],[1.3254145984056123,41.15396502890932],[1.32539967967869,41.15397618840849],[1.325384398059279,41.15398709041924],[1.3253634618230319,41.1540000900077],[1.3253507749676934,41.15400784200142],[1.3253331636420362,41.154018502954585],[1.325316107634913,41.15402982051876],[1.325293958046522,41.15404460394444],[1.3252750055157516,41.15405879432893],[1.325257954295474,41.15407039118574],[1.3252344362919999,41.15408747862744],[1.3252160030820235,41.15410139822369],[1.3251984340689906,41.15411367210915],[1.3251814485336253,41.15412783703986],[1.3251634927146898,41.154159984790994],[1.3251574694699244,41.15417656101858],[1.3251469840537018,41.15420484962171],[1.3251447309120585,41.15422430452363],[1.3251447084782926,41.154237824416604],[1.325145263353852,41.1542525416926],[1.3251456358649087,41.15426740043582],[1.325143654865132,41.1542810810006],[1.3251399700069273,41.15429802451264],[1.3251374340276496,41.15431805628256],[1.3251377998623342,41.1543450200734],[1.3251402463127584,41.154372880643486]]],[[[1.3424082536067787,41.13021177385673],[1.3423612450415443,41.13025238685596],[1.3423119964017878,41.1302914516281],[1.3422605952222262,41.13032889827111],[1.3422071361382149,41.13036465878625],[1.3421517136951897,41.130398668776714],[1.342081351943789,41.13043821679019],[1.342064391257214,41.130449469834964],[1.3420506920776163,41.1304598843888],[1.342037959859466,41.13047097671517],[1.3420262518672825,41.130482696295566],[1.3420156218609456,41.13049498985951],[1.342006120118417,41.13050780048264],[1.3419977898178563,41.13052106933733],[1.3419906694647588,41.13053473392566],[1.3419847903738595,41.130548733447185],[1.3419801816143362,41.130563001665195],[1.3419768638965475,41.13057747312308],[1.341974851998974,41.1305920813781],[1.3419618330254588,41.13066215080122],[1.3419553068942873,41.13073273524669],[1.3419553072742474,41.13080349201399],[1.3419618309392263,41.1308740769694],[1.3419748496315032,41.13094414651886],[1.3419942969386733,41.13101335831901],[1.342020080065881,41.13108137685209],[1.342052073949218,41.131147870638394],[1.3420901211642302,41.131212515838435],[1.3421340378349746,41.13127499813918],[1.3421836100608764,41.131335012703325],[1.3423319136171579,41.131444847527405],[1.3424691164700688,41.131562642678986],[1.3425944710528297,41.13168775871439],[1.3427072975143193,41.13181951572963],[1.3428069835836445,41.13195719876156],[1.3428929845717124,41.13210005778723],[1.3429648362008182,41.13224731871621],[1.3429970244323544,41.1324855514493],[1.3430281873275935,41.132899770880684],[1.342785830870129,41.1327820703182],[1.3424750758676447,41.132663079529294],[1.3421520143548995,41.13260321534287],[1.3419782777673745,41.132520960881095],[1.3417276780521992,41.1323762501889],[1.3414891030388945,41.13229101579974],[1.341420982043293,41.132257315006385],[1.3410384399537234,41.13241131317427],[1.3406046525746487,41.132666820531085],[1.3402386371746202,41.13280878409222],[1.3400024823298506,41.132842189756886],[1.3397249224642318,41.13280137964258],[1.339172867056529,41.1327054859568],[1.3387007199678536,41.13255143863579],[1.338250153114914,41.13239974546349],[1.3379203275230487,41.13228660317076],[1.3373685443280907,41.132073118894425],[1.3371015110183424,41.131990532563094],[1.337047091459878,41.13194986964775],[1.3371373937854163,41.13158716902481],[1.3372841816015182,41.13134389204949],[1.3375892675909216,41.1312583173639],[1.3378945592305085,41.1311645651076],[1.3380752317184885,41.1308645162142],[1.3384306929740548,41.13049746068082],[1.3386738773365672,41.13029238173593],[1.3386667766838936,41.13014504152943],[1.3384261295712523,41.13003523174577],[1.338231776466695,41.130020157633645],[1.3380223778717946,41.1301725536266],[1.337784806227789,41.130369532471285],[1.3375798830466221,41.13055880234834],[1.337400446941699,41.130809788168655],[1.3372183905894863,41.130950308227796],[1.3369085173679518,41.13101127273624],[1.3367268354620347,41.13092276062496],[1.3366558837951321,41.13073359867004],[1.3365244193957737,41.13058446219755],[1.3364000499632769,41.13058266580895],[1.3361849276061948,41.13074724577785],[1.3358063438284182,41.130958542729395],[1.3355025293567193,41.13120772824013],[1.335160138360324,41.13148498477894],[1.3348732665576564,41.13170578491827],[1.3345702436019944,41.13170958318088],[1.33411726146853,41.131653952714935],[1.3338681062233717,41.13166670800423],[1.3336005552383297,41.13176508591943],[1.333265293901507,41.13176023456424],[1.3327572029799992,41.13174470071893],[1.3316592889463357,41.131736981539134],[1.3313348439096286,41.131732281243906],[1.3311913304922356,41.131632043399684],[1.3311255947753502,41.13145113342473],[1.3311097312047713,41.13079651325172],[1.3310746502918303,41.13036656185401],[1.3310565172916622,41.12990822562922],[1.3309608266998272,41.12962872296676],[1.3307114100958468,41.1295453548009],[1.330576030696212,41.12965791047191],[1.330482448788627,41.129721992641755],[1.3303352527828833,41.12966055515001],[1.3302108186258488,41.12944811945601],[1.3301629747464148,41.129308367804235],[1.3300485782961455,41.12912675164783],[1.3297746337866176,41.12915754373599],[1.3295603298424452,41.129289403383105],[1.3294230299997922,41.12947759475122],[1.3293775092909523,41.12988592777037],[1.3292833094424912,41.13008087823972],[1.3291415849609522,41.13023015025033],[1.328958105629784,41.13031951170698],[1.3286036167981663,41.13032663786191],[1.3280628400057373,41.13042717248799],[1.3279573450001916,41.1304276856807],[1.3278219036203378,41.13043594370851],[1.3275916777088839,41.130448961163054],[1.327425664272086,41.130489494562816],[1.3272150414336712,41.13058254933898],[1.3271147462508952,41.130591317001404],[1.3269278305556513,41.13060291659972],[1.3267793911907344,41.13069687388279],[1.3264608808942313,41.13077813449321],[1.3262305496841478,41.13079523709649],[1.3261034771908329,41.13079339029766],[1.3258847931598006,41.130777941712324],[1.325749037766054,41.13079846366036],[1.3256030397133007,41.13079634118542],[1.3254277695849723,41.13077538787556],[1.3252726205313925,41.13081403141933],[1.325059031279569,41.13081092537734],[1.3248541253005741,41.13078545078635],[1.3247552859257739,41.13073697863718],[1.324612149041143,41.13062242337396],[1.324395388975405,41.13063767411788],[1.3242647477577982,41.130672145686454],[1.3242282734573307,41.130608047197136],[1.3242137176441469,41.13056471286203],[1.3242109917448723,41.13051781884496],[1.3242098199971029,41.13046687334513],[1.3242196590069113,41.13042929216161],[1.3242281640459377,41.13040035769102],[1.3242383781361,41.13036554456571],[1.3242478272984188,41.130310982156495],[1.3242513155280955,41.13027676384488],[1.3242471330407795,41.13021833883873],[1.324232504078047,41.13014703512527],[1.3242237452208006,41.130092516742096],[1.3241918592098751,41.13001717697139],[1.3241589674800833,41.12993216110322],[1.3241311700614609,41.12990194627441],[1.3241107525594693,41.12986327088348],[1.3240971518966815,41.12983750786457],[1.3240521725920915,41.12975191343785],[1.3240271822697192,41.129688365709754],[1.3240068464303998,41.12961999733333],[1.3239851858359164,41.12955294188518],[1.3239770030569573,41.129491574445794],[1.3239704475179448,41.12945412580649],[1.3239805456945606,41.12942068285555],[1.3239902150772578,41.12937071569278],[1.3239872965981334,41.1293261058666],[1.3239792247761417,41.129292251676624],[1.323951939432169,41.12924876628485],[1.3238494711157525,41.129082021487335],[1.3232098284509866,41.12908921696604],[1.3232050603741032,41.12908086334107],[1.3232043805589908,41.1290701345074],[1.3232137273048734,41.129044599184745],[1.323224498481886,41.1290192647495],[1.3232382053251357,41.128986292349346],[1.3232348545653234,41.12895947324797],[1.3232230655732726,41.12892583601345],[1.3232188477444624,41.12890902063851],[1.3232186742272298,41.128892444294344],[1.323224915405754,41.128871907961695],[1.3232348344602092,41.1288519656247],[1.3232519557877789,41.12883456016963],[1.3232706358646231,41.12881484085688],[1.3232589920058209,41.128801514970796],[1.3232537594387979,41.12879180075649],[1.3232598034051335,41.128779008008976],[1.3232822096700783,41.12875363398213],[1.3232822223456273,41.128740692176265],[1.32327210315111,41.128717035256],[1.323260316776312,41.12869335406304],[1.3232403505437016,41.12865874476898],[1.3232210942537734,41.128624325957404],[1.3232194480031805,41.12861412350341],[1.3232224483470714,41.12860389862347],[1.3232471596608575,41.128564445194456],[1.3232781205154651,41.12852751477082],[1.3232946736927382,41.12851370404094],[1.323317399093873,41.12849572261185],[1.3233218016880883,41.12846635826765],[1.3233137107153663,41.12845381101543],[1.32330455956107,41.128452957191286],[1.323295293908388,41.128451921549214],[1.3232859186310417,41.12844115619922],[1.3232775143743958,41.128429684384145],[1.3232681300767994,41.128414595296306],[1.323259822127681,41.12839934172759],[1.3232576698769114,41.12838561897809],[1.3232558840511468,41.12837154126275],[1.3232420135710614,41.12835260911046],[1.3232242569925523,41.12834668757501],[1.323217157051609,41.12835323265138],[1.3232134078202136,41.128364797755275],[1.3232066220143393,41.128373976696786],[1.323191019537373,41.1283785235201],[1.3231748538909185,41.12837711718495],[1.3231669853121175,41.128372679019044],[1.3231615419859657,41.12836656473571],[1.3231603904306872,41.1283556488822],[1.3231736088053272,41.12832594810779],[1.323166178925438,41.1283107856816],[1.3231619632859655,41.12829856416557],[1.3231698761822368,41.128277872022586],[1.3231854035711694,41.12825756096519],[1.3232198886768198,41.128222573442315],[1.3232398860495795,41.12820917316321],[1.3232638176238107,41.12820033391203],[1.323306518591907,41.128193569406264],[1.3233494210356145,41.12818824901933],[1.3233819906869193,41.12818169729644],[1.3234142992376838,41.12817604251461],[1.3234197266578576,41.12817810317475],[1.3234243867107336,41.12818690829711],[1.323424276663843,41.12819123030035],[1.3234219429975669,41.12819398865729],[1.3234033451381755,41.12819921250653],[1.323383428181924,41.12820477745042],[1.3233318733249344,41.12822357683372],[1.3233110220912858,41.128242907853775],[1.3233215164638743,41.12826422647972],[1.3233327831707475,41.12828024371845],[1.3233488914436207,41.12830743499683],[1.3233589395647485,41.12831034928229],[1.3233693114845237,41.12830536599164],[1.3233870188798067,41.12828832934626],[1.3233966374496064,41.12828018245755],[1.3234070139471725,41.128275019079815],[1.323454741831439,41.12826265296545],[1.3235027147439473,41.12825002017256],[1.323551533990664,41.128241390006075],[1.3235723935909611,41.12822607911588],[1.3235697441108183,41.12820947123425],[1.3235690991201676,41.12817865615852],[1.3235684541295842,41.12814784108269],[1.3235677858451882,41.128131978135755],[1.3235700946554454,41.12811615852299],[1.3235749588737034,41.12811226602062],[1.3235881932195441,41.12811182813015],[1.3236011206259288,41.12811408802379],[1.323616766209105,41.12812188206199],[1.3236466785417946,41.12814624139347],[1.323665667315502,41.12814896421631],[1.3236788449672654,41.12814476395365],[1.323691616852175,41.128139094963814],[1.3237042627742437,41.12813369436452],[1.3237121177219067,41.12813398884047],[1.3237332036708669,41.128142727666706],[1.3237551052576304,41.128128084052186],[1.3237632968065558,41.12811239509121],[1.3237665697000827,41.12809613913011],[1.3237725402586884,41.12808154378273],[1.3237770929462793,41.12808052914139],[1.3237938186171623,41.12808501690493],[1.3237962815784754,41.12807549397956],[1.3237945412721714,41.12806898324336],[1.3237930391336137,41.128062475973344],[1.323792959337109,41.12804689181745],[1.3237988314305074,41.128031484359575],[1.323810227103659,41.128019039693626],[1.3238301579305225,41.128003566614645],[1.3238492574551206,41.12798799135875],[1.3238740298364722,41.12795547446111],[1.3238870835828807,41.127938730311925],[1.323905360950655,41.12792269270588],[1.3239118441720548,41.1279207153276],[1.3239458193382474,41.1279338202735],[1.3239795196814366,41.127948362411935],[1.3239944668142958,41.12795551570914],[1.3240124587147337,41.127963657298885],[1.3240234498547467,41.12795881987358],[1.3240367347666822,41.127947033202624],[1.3240506631299853,41.12793804822193],[1.3240749356228463,41.12793452819347],[1.324100536365104,41.1279303068866],[1.324141973078105,41.12791703826453],[1.3241603235495478,41.12790748708986],[1.3241788029453037,41.1278912316956],[1.3241770713295207,41.12787665486441],[1.324176865403486,41.127866023004195],[1.3241800945618643,41.12785616172709],[1.3241862916362235,41.12784670393495],[1.3242107017349165,41.12782841356039],[1.3242248956385416,41.12782303542671],[1.3242401887128374,41.12782127628877],[1.3242607832475113,41.12782184616211],[1.3242813754912146,41.12782250607351],[1.324301970026892,41.12782307593947],[1.3243316939449012,41.127823901129275],[1.3243575545635549,41.12781559773847],[1.3243885874404142,41.127799205182434],[1.3244209805632519,41.12778553466105],[1.32447121553418,41.12777293437034],[1.3245214504865015,41.12776033405731],[1.3245792311899258,41.12774613206339],[1.3246368927861856,41.12773192830761],[1.3246562018288015,41.12771948517341],[1.3246789430141024,41.12771794781428],[1.3247021000802723,41.127720806761594],[1.324724451016706,41.1277272569833],[1.3247686462667831,41.12774672642955],[1.3247898870491142,41.12774928635998],[1.3248096778002052,41.12774398956088],[1.324837896061229,41.127725844516846],[1.3248521792293355,41.12771695467384],[1.32486745626028,41.1277111418384],[1.3249070835092165,41.1277034312791],[1.32492760474472,41.12770219846434],[1.324946717572768,41.127704818392786],[1.3249662860977647,41.12771293952812],[1.324986081341646,41.12772151433298],[1.3250253838456831,41.12773322010775],[1.3250577693532593,41.12773660862342],[1.3250946988831378,41.1277366052277],[1.3251308612379744,41.12773866239157],[1.3251548885510314,41.12774477660764],[1.3252022469822258,41.12776231744029],[1.3252261873138742,41.127765810091304],[1.3252942823231812,41.12776761094389],[1.3253625055805773,41.127769053320485],[1.3254308067080407,41.12777211814111],[1.325499078076148,41.12777635346525],[1.3255320733224658,41.12778115678543],[1.3255641456930956,41.1277894596089],[1.3255934974943644,41.127801686176966],[1.3256226157191642,41.12781372919163],[1.3256936559139867,41.12783088539694],[1.3257649480504876,41.127847504770166],[1.3257947304266742,41.12785685514212],[1.3258373208224816,41.12787053874453],[1.3258607921915133,41.127870082759344],[1.3258967367847678,41.12785086167295],[1.3259262601410242,41.127832915481854],[1.325945883583282,41.12782013981947],[1.3259665764790538,41.1278074697732],[1.325986564072982,41.127799113077955],[1.3260077036321667,41.127796988306656],[1.3260459134193971,41.127802858097446],[1.3260840659894941,41.127810978922135],[1.3261531093596475,41.127827024921054],[1.326221417664853,41.12784387087223],[1.326278687931933,41.12786379908073],[1.3263349758139167,41.127884883961634],[1.3263746274491595,41.12788975674712],[1.326390349578801,41.127881004720464],[1.3264019118866364,41.127866670638944],[1.3264076415465296,41.12786152953994],[1.326413975857001,41.127860720833134],[1.3264358094921775,41.127868784558814],[1.3264702684427039,41.127886309473105],[1.3265004382005559,41.12790854603566],[1.3265352203797893,41.12794147847465],[1.326568683519589,41.12797475203834],[1.3266197691794734,41.128027107339065],[1.3266708572083015,41.12807937257618],[1.3267163780144904,41.12812570202414],[1.3267620202564625,41.128171943143066],[1.3267897719520574,41.12819558570207],[1.3268366116720203,41.1282275222426],[1.3268816308550684,41.12826078344404],[1.3269307130242523,41.12830761491881],[1.3270002143276765,41.12838068462024],[1.3270361169293678,41.12841642551183],[1.327074682896874,41.128450493651286],[1.3271679831553616,41.128524629538795],[1.327231165905541,41.12857445801843],[1.327280064164313,41.12858165361717],[1.3273123248639198,41.12858725643679],[1.3273697309221002,41.12859718773729],[1.3274270179136418,41.12860711728027],[1.3275127547851833,41.12861791031136],[1.3275996960958063,41.128623496410775],[1.3277060711400879,41.12862846387107],[1.3278133965967451,41.128633535107156],[1.3279259212123296,41.128654354797476],[1.3280711575182738,41.12867240654516],[1.328217069349906,41.1286873152858],[1.3282975985216543,41.12869208718225],[1.3283671764475422,41.12869651992431],[1.3284351925623894,41.12870147040759],[1.3285032521179614,41.128704710053704],[1.3286444068766898,41.12870522726763],[1.32878595089386,41.12870448890487],[1.3289204551776728,41.12870418867702],[1.3290549571805546,41.12870397833406],[1.3291437970106683,41.12870517713043],[1.3292326185683705,41.128707096194354],[1.3292903794579587,41.12870775394685],[1.3293471945218645,41.12870812772509],[1.3293687440864272,41.12870393655682],[1.3294008182545547,41.12868872872914],[1.3294175584215748,41.128681585385856],[1.3294708584522976,41.12861390138668],[1.329478222857233,41.12860536099061],[1.3295024407192584,41.12857112340227],[1.329523221982352,41.12855025715986],[1.3295903482719684,41.12850105889376],[1.3296595723041336,41.128453692513936],[1.3296816663182813,41.12844212302065],[1.3297070444472894,41.1284325828043],[1.3297578786563575,41.12841512483767],[1.3297911291362914,41.12839735150397],[1.3297986007839973,41.12837833420024],[1.3298024940790376,41.12834695443371],[1.3298058996121789,41.12831601796922],[1.3298060301163679,41.128315569486],[1.329823721248469,41.128295868084905],[1.3298375333993169,41.1282618010925],[1.329847294098694,41.12823392926462],[1.3298514678279905,41.12820224730668],[1.329833218041345,41.128183012834285],[1.329827561054829,41.12817590493828],[1.3298253597968919,41.12816875708014],[1.3298286155375065,41.12815781512492],[1.3298394698281604,41.128147884110504],[1.329850045161429,41.12814425431034],[1.3298657802646239,41.128143851961916],[1.3298816070460864,41.12814453184259],[1.3299492419843209,41.12814100883797],[1.330016828960495,41.12813937667637],[1.3300430986168235,41.12814164915642],[1.3300819709916614,41.128149598945065],[1.3301208616441313,41.12815682838461],[1.3301652138518614,41.12816008361365],[1.3302099069845126,41.128159290386705],[1.3302323975761323,41.128155563074145],[1.3302640204138052,41.12814404154031],[1.330299187742833,41.12812601931697],[1.3303045199060746,41.128106616966534],[1.3303073109999344,41.12809990179339],[1.330312914448376,41.128095028894556],[1.3303262495904187,41.12809531229149],[1.3303395801662157,41.12809577577106],[1.330366801049588,41.12807932633522],[1.3303941410036144,41.12806287861886],[1.330432984520372,41.12805317314061],[1.3304651917888244,41.12804537922613],[1.3304802402960576,41.12802976936061],[1.330485092438925,41.12800420700915],[1.3304878866141947,41.12799271789274],[1.3304972155175219,41.127981863952364],[1.3305112210237344,41.12797450065687],[1.330525080419993,41.127972900051795],[1.3305476451054727,41.1279803430706],[1.3305700541864847,41.12798922503189],[1.3305841289242477,41.127988528292725],[1.3305914044610596,41.12798818337453],[1.3305977847737558,41.12799025750919],[1.3306031968129146,41.12799763204278],[1.3306026066137646,41.128020911519],[1.3306135327536568,41.128036334025545],[1.3306258725342048,41.128048295616324],[1.3306366190830272,41.128037299176704],[1.3306461865175625,41.128031132589705],[1.3306698016847622,41.128030033670804],[1.3306934606065537,41.12803190786135],[1.3307276955717382,41.12803951999245],[1.3307611658233538,41.12804910268347],[1.330782361290761,41.128058867765944],[1.3308214034599672,41.12808352420386],[1.3308431722753318,41.128089563969276],[1.3308676762261022,41.128090999995024],[1.3309058881547486,41.1280874103143],[1.3309434563276645,41.12808101896193],[1.3310059328107735,41.12806481005855],[1.3310372374298955,41.12805643633046],[1.3310689385013983,41.12805122096928],[1.3310815477251403,41.12805194413548],[1.331113784598375,41.1280601820449],[1.331166166333175,41.12805515192786],[1.331212840047091,41.12805141452897],[1.3312573592565475,41.1280527801786],[1.3313018830321155,41.128053965726906],[1.3313446798746709,41.128052784283476],[1.3313873804494885,41.12805070067787],[1.3314207258545165,41.12804640979417],[1.3314701882428506,41.12803604713],[1.3314947054404485,41.12803225885478],[1.331519032822795,41.12803126015462],[1.3315374132877473,41.12803458898173],[1.3315640684887218,41.128045153614835],[1.3315914701439713,41.12805446800264],[1.3316241936420694,41.1280606167696],[1.3316574550804705,41.12806434129031],[1.3317163670742314,41.12806186186665],[1.3317754278044682,41.12805821359004],[1.3318121034496988,41.12805883488851],[1.3318301517786708,41.1280611680314],[1.331847522567839,41.128066734064106],[1.3318926829161077,41.12808981686847],[1.3319352143180996,41.12811322188065],[1.3320081387766536,41.128150127947315],[1.332115898179444,41.12821329993442],[1.3321570657812225,41.12824276969207],[1.3321709984531922,41.12824373258846],[1.332184342763132,41.128243655602425],[1.3322215956975423,41.12824500573181],[1.3322578270455927,41.12824435940269],[1.3322772190853924,41.12824067689731],[1.33229746523941,41.12823619607964],[1.3323140521963723,41.12823508513007],[1.3323307975054346,41.12823712910169],[1.3323472937454408,41.128244303748886],[1.3323648979582774,41.128252792419616],[1.3323974683632107,41.128261747294246],[1.3324234417139746,41.128259966963356],[1.332467810342874,41.128231816837626],[1.3325143921187017,41.12820348706013],[1.3325317984606608,41.128198244484636],[1.3325644270902204,41.12819403296736],[1.3326152619583789,41.128190625469195],[1.332639918760966,41.128186028294664],[1.3326631391830284,41.1281769966375],[1.3326788544748969,41.128163262493025],[1.3326913396427922,41.12814296374613],[1.3326867184365188,41.128120860857905],[1.332687734424878,41.128113669552526],[1.332693834559224,41.128107993050804],[1.332706937867346,41.128103318681625],[1.3327268842257163,41.128101265477575],[1.3327471376781836,41.12810119836933],[1.3327662025675298,41.12810102397681],[1.3327851141749694,41.12810219848975],[1.3328138989173974,41.128108650203274],[1.3328549663864153,41.128124016995784],[1.3328960726296513,41.128137853057126],[1.3329296315733319,41.12814427656597],[1.3329537064474066,41.12813786579457],[1.3329715258309764,41.128116965058844],[1.3329761157663198,41.12810063961469],[1.332973370083428,41.12808204438847],[1.3329656263311023,41.12805382885123],[1.3329673881615307,41.12804070337733],[1.3329773303273815,41.12802913750935],[1.3329898518570138,41.12802391423596],[1.333003353960893,41.12802230816088],[1.3330185141246427,41.128021086383],[1.3330323877072543,41.128023629138944],[1.333063539275009,41.128040113390455],[1.333094326767427,41.12805686258974],[1.3331722265889103,41.128099604741436],[1.333250126512428,41.12814234684205],[1.3332952885593392,41.128174796940755],[1.3333236618869169,41.12819011677906],[1.333347508215762,41.12818671022787],[1.3333529260083323,41.12816148921468],[1.3333539105779808,41.12814141669895],[1.3333566888089217,41.128106958111466],[1.3333551731645856,41.12807270761346],[1.3333480719697142,41.128056751622935],[1.3333281478536911,41.12803439488489],[1.3333193732240582,41.12802336881075],[1.3333147779393582,41.12801195284002],[1.333316926009096,41.12799297806346],[1.3333276549711346,41.12797385723601],[1.3333401662022932,41.12795962625791],[1.3333478075227225,41.127954242248954],[1.3333571872429966,41.127950774974146],[1.3333756657861684,41.12795023169492],[1.3333940577273562,41.12795311001616],[1.333433578270098,41.127958996324736],[1.333452769621547,41.12796323733176],[1.3334707040465368,41.12797007232816],[1.3335509606374596,41.128013839153596],[1.3336273473929399,41.12805989188736],[1.3336977315890162,41.12810306539641],[1.333768115877924,41.12814623886389],[1.3338106411702377,41.128169913323035],[1.3338596158946912,41.12819764437467],[1.333914463484778,41.12823338697746],[1.3339656542991256,41.12827240943859],[1.3339987339395836,41.12830216237896],[1.3340321936458224,41.12833102005561],[1.334074781909718,41.12836163111674],[1.3341176129391632,41.12839206552314],[1.3341302850346277,41.12839972505346],[1.3341417252794152,41.128408988117926],[1.3341499046732372,41.128420005520134],[1.3341662703028707,41.12844177019625],[1.3341785630098166,41.12845500889449],[1.3341795937718708,41.12845664515623],[1.3341791886795347,41.12845853087574],[1.3341760520957464,41.1284647907712],[1.3341751911647044,41.128465859221066],[1.334165281029168,41.12847616460333],[1.3342378499247054,41.12851306411975],[1.3343241572878783,41.12855705663654],[1.3343750619789785,41.12857053486362],[1.3344100782479986,41.12857554502112],[1.3344647891458772,41.12857903847403],[1.334519199732281,41.12858027567897],[1.3346519843864502,41.12858201561355],[1.3347848145956533,41.128581954550114],[1.334924370511002,41.128579738689204],[1.3350575390742894,41.12857571889488],[1.3351451737823377,41.12857275217913],[1.3351918363089872,41.128569463381844],[1.3352390942581482,41.12856618317214],[1.3352648371723164,41.12856574459262],[1.3352905595982312,41.12856611638783],[1.3353963718083088,41.128569807554946],[1.335502303118858,41.128573500345986],[1.3355887340364738,41.128575740255464],[1.3356752840475337,41.12857798182106],[1.335780480401093,41.12858247441224],[1.3358968863765117,41.128588162035186],[1.3359233555402157,41.12858561973739],[1.3359425525615147,41.12858022236798],[1.3359697245073932,41.12856566247453],[1.3359999517009709,41.1285527680696],[1.3360236261644085,41.1285493269547],[1.3360476768485485,41.128549854578345],[1.336070920495854,41.12855874752949],[1.3360855621406946,41.12856560210457],[1.3361130751999681,41.128564130525376],[1.3361364106086344,41.12855996388755],[1.336248173979316,41.12853086280388],[1.336358120614723,41.12849822243671],[1.3364460303507135,41.128470217800945],[1.3364876592204349,41.128453975019724],[1.3365262896704944,41.12843381568343],[1.3365617108226953,41.12840865584687],[1.336596327922959,41.12838231340913],[1.336605182631306,41.12837604595597],[1.3366019720065658,41.12830979432248],[1.336590691987341,41.12827531276196],[1.3365866543419287,41.12826066226662],[1.3365837339545381,41.12824422640365],[1.336577421932294,41.12818756802086],[1.3365708694753942,41.12813099623991],[1.3365618359244522,41.12806889403712],[1.3365533955358058,41.128006890475284],[1.3365569162925157,41.12798541335428],[1.336565522078684,41.127970134789045],[1.3366046222554633,41.12792665273224],[1.3366170099532289,41.127917283671],[1.3366462673495139,41.12790234839499],[1.336654940652862,41.127891799745456],[1.3366641675002033,41.12786608141918],[1.3366720912386516,41.12784007404689],[1.3366886684687873,41.127796897208604],[1.336698853320909,41.12777569647422],[1.3367124802279382,41.12775499582356],[1.3367271205601534,41.12774133567209],[1.3367551460428138,41.127725977238455],[1.3367849077347433,41.12771262552485],[1.3368236029763707,41.127699312734784],[1.33686704863655,41.127684882238576],[1.3368638998526479,41.127665035537966],[1.3368635986331714,41.127658095397884],[1.3368667030837407,41.1276530960158],[1.3368796755650056,41.12764886965627],[1.3369049213190058,41.12764923420606],[1.3369258672420226,41.127654761023415],[1.3369328098695148,41.12766287796581],[1.336944795998291,41.12769190392946],[1.3369754824050362,41.1276854724851],[1.3369989592759575,41.1276804069607],[1.3370397700765868,41.127677663442824],[1.3370805604089415,41.127675730291855],[1.337106866560565,41.127676560483785],[1.33714122757068,41.12767741148524],[1.3371685889382632,41.127666552526435],[1.3372000032049731,41.12764908110483],[1.3372162636866023,41.127642019770725],[1.3372337499582232,41.12763830891374],[1.3372755870061301,41.127637381632184],[1.3373175553614494,41.127640689765606],[1.3373639829716975,41.127646674438246],[1.337409103805539,41.127657234063506],[1.3374752187025574,41.12768557131155],[1.3375392796780126,41.127715049852036],[1.3375816761727777,41.127729713545],[1.3376241940440599,41.12774428889913],[1.3376461149506516,41.12775838680266],[1.3376827190077365,41.12779539107526],[1.3377072570627389,41.12780439695809],[1.3377237483765851,41.12780706700608],[1.3377403610489438,41.12780964872801],[1.3377866265512315,41.1278173423199],[1.337832763889193,41.12782539434443],[1.3378790416744868,41.127837321611125],[1.3379451151508865,41.12786259543537],[1.3380113213992544,41.12788733068654],[1.3381020533105228,41.12791628222141],[1.3381455520925738,41.127916498237305],[1.338164245147322,41.12790764244194],[1.3381777702845232,41.12789567744286],[1.3381889478183413,41.12788232744087],[1.3382001617063335,41.12786753675912],[1.3382127955098417,41.12785312686439],[1.3382277064617747,41.127842893283365],[1.3382545280973803,41.12783274147576],[1.3382837368767984,41.12782712786398],[1.3383413081277962,41.12782111276965],[1.3383989121119368,41.12781852097679],[1.3384466853026937,41.12781839951199],[1.33849438578952,41.12782115938523],[1.3385265167333793,41.12782720756895],[1.3385728319504488,41.12784237780471],[1.3386191835388934,41.12785610734334],[1.3386794148015904,41.127867424890795],[1.3387168930433047,41.12786763311324],[1.3387384650462182,41.12785944927713],[1.3387598950624156,41.12784579672465],[1.3387839838908984,41.1278211933422],[1.3388049051330846,41.12779465268764],[1.3388251644446454,41.12775657285492],[1.3388359881516705,41.12773835362444],[1.3388530233575773,41.12772418729079],[1.3389073266618896,41.12769659680335],[1.3389619758160118,41.127669461653866],[1.339022180006647,41.12763934403314],[1.339093689785997,41.127602123050345],[1.3391093969406527,41.12757259501496],[1.339118073279698,41.12754041916178],[1.339109524657554,41.12751557924508],[1.339093753313698,41.1274843659347],[1.3390902096545134,41.12746900204498],[1.3390936828401998,41.12745409964559],[1.339108088010649,41.127435571734964],[1.3391276851518088,41.12741901027359],[1.3391715236571922,41.12738595431137],[1.3391952114711647,41.127372514383985],[1.3392221268735793,41.12736335452819],[1.3392671156876756,41.12735553617762],[1.3393351884944253,41.12734877125681],[1.339403272642246,41.12734155608319],[1.3394562649824608,41.1273328622272],[1.3395135081803575,41.12732141117881],[1.3395204889703978,41.127308657187555],[1.3395244396390196,41.12728898767137],[1.339527845613696,41.12728147045704],[1.33953436011891,41.12727823159408],[1.3395513072826726,41.12728171862914],[1.3395892991948415,41.12730240806959],[1.339606901552688,41.127306840423756],[1.339642333884124,41.12730951303144],[1.3396778502218425,41.12730885405614],[1.3397364348775123,41.12730042083894],[1.3397648687484955,41.127292453722696],[1.3397929307086816,41.127280337777954],[1.3398247467676916,41.127261069922135],[1.3398448086613222,41.127244965412395],[1.3398677582450407,41.127218273646264],[1.3398812628844512,41.127188203027856],[1.3398895951079024,41.12714121378523],[1.3398912586747156,41.12709412842014],[1.3398905140038162,41.127071688954956],[1.3398891739189387,41.127049240907304],[1.339882359336002,41.127031307786766],[1.339866119248858,41.127004501508395],[1.3398645408153234,41.12699150792369],[1.3398672027277592,41.12698515095169],[1.3398729585200206,41.126978928650445],[1.3398824523162531,41.126975642635834],[1.3398926888891407,41.12697597033601],[1.3399131484152897,41.126977165988656],[1.3399442384561404,41.12697912917395],[1.3399685805118542,41.12697615805062],[1.3399789730467144,41.12696505384139],[1.3399849717067605,41.12694919698541],[1.3399897037567225,41.126922152544694],[1.3399940635406578,41.12690987507594],[1.3400019299736925,41.126900260330025],[1.3400389162717734,41.12687908527603],[1.3401038008428734,41.12685227724514],[1.3401348090505818,41.126836690742614],[1.3401612728931398,41.12681707542993],[1.340187042796979,41.12678718153384],[1.3402044236495303,41.126754554553926],[1.3402073851041842,41.126736311959476],[1.340204280312407,41.12670825381785],[1.3402036817099316,41.12669419345457],[1.3402062915181616,41.12668044955412],[1.3402174390682418,41.12665881199603],[1.3402263749076717,41.12664930272062],[1.3402383751061764,41.12664109865804],[1.340261544055715,41.1266340463719],[1.3403169233966803,41.12663322936471],[1.340341989083372,41.12662909671053],[1.3403581391223551,41.12662048584481],[1.3403702777299484,41.126606789173294],[1.3403773230365088,41.12659193820481],[1.3403789710702765,41.12657854074214],[1.34037544649941,41.126557682574216],[1.3403755883914539,41.12654732596641],[1.3403798868048327,41.12653747962905],[1.3403930449352093,41.12652586937632],[1.3404107292523268,41.12651900825418],[1.3404351036563047,41.12651611676358],[1.3404721131698907,41.126517640862176],[1.3405088221687027,41.12651690873801],[1.3405350081835485,41.12651123928658],[1.3405430872668445,41.12650443160863],[1.3405439390852063,41.12649426537972],[1.3405392723865452,41.12647618309278],[1.340539465260819,41.12646852947634],[1.3405444792238155,41.126463377354874],[1.3405521322277283,41.12646222656746],[1.340573547605663,41.126465194142874],[1.3406057653101298,41.126453788215294],[1.3406158570496474,41.12644359838036],[1.3406237880417695,41.12642668842624],[1.3406259554579398,41.126411587012804],[1.3406222187860042,41.12638496098022],[1.340609891344382,41.126344699888556],[1.3406059845063838,41.126324827046716],[1.3406069554756488,41.1263052046332],[1.3406172070616722,41.126262386443294],[1.3406254828347033,41.12624124791934],[1.3406380409942602,41.126220351243425],[1.3406511706909239,41.12620513754063],[1.3406749916452123,41.12618638478165],[1.3407047859023584,41.126171681384776],[1.340735866186297,41.12616267124781],[1.340767536167145,41.12615862373636],[1.3408078355537545,41.12615722263785],[1.3408473784576769,41.12616220597028],[1.3408823361389102,41.126174239182255],[1.3409315472627268,41.12619737680807],[1.3409824936157273,41.12621783715053],[1.34101137707706,41.126225098914894],[1.3410405327339703,41.12623101346403],[1.3410708019993258,41.12623774031099],[1.3410914633554782,41.126185898751835],[1.3411046349208553,41.12615483235614],[1.3411313091564705,41.126117384946845],[1.3411486632748881,41.12608106434766],[1.3411657792113707,41.12604474031501],[1.3411701313989852,41.126009723192375],[1.3411751231052784,41.126000107493454],[1.3411999066902942,41.12597623419937],[1.341241689335663,41.12594431880057],[1.3412824160889816,41.12591175765291],[1.34132815551265,41.125869360402106],[1.3414269176004745,41.12618800068559],[1.3416198141519946,41.12671473434287],[1.3417151994328065,41.12690663670181],[1.3418663874588534,41.12704304985124],[1.3420759407893403,41.12724958615545],[1.3422265309578392,41.12740980701863],[1.3423096779018497,41.12751925890128],[1.342380993795551,41.127643696506205],[1.3424078745940704,41.12771336654911],[1.342434838456,41.12789345830573],[1.3424327433614247,41.12809045240624],[1.342458752662241,41.12819475192264],[1.3425995643770539,41.12862979969056],[1.3427924708559555,41.128929194157585],[1.3425775997998677,41.12904734885192],[1.3424228939481635,41.129164202749635],[1.3423234452015635,41.129247210636876],[1.3422261506782185,41.12935839524419],[1.3421557635412176,41.1294245007237],[1.3420584684674428,41.129535685175675],[1.3419580921587035,41.12965548681562],[1.341864109627746,41.129805690720325],[1.3424082536067787,41.13021177385673]]],[[[1.3493848633420096,41.14013132815698],[1.3498548359824112,41.140532714437924],[1.3501638818441075,41.140890967901],[1.3504184902027823,41.14126658553584],[1.3507222017216038,41.1418379643],[1.350936963123177,41.14236724206347],[1.3510562052890873,41.14287700707013],[1.351207373162299,41.14331011303191],[1.3514975130619762,41.14394480185261],[1.3520535118812134,41.14474659876746],[1.3526215391921155,41.14530814482179],[1.3530863635947799,41.145677690932416],[1.3535584399913978,41.14599744087671],[1.3540496528457966,41.14627209970271],[1.3545123485773274,41.14648737775666],[1.3551005709518589,41.146722592552926],[1.3536806138345354,41.14765037353133],[1.3534920743551933,41.14757056218468],[1.3533786080706958,41.147488421827404],[1.353302465022131,41.14741361930819],[1.3533224487847018,41.14733452103543],[1.3534123300935874,41.14716002747687],[1.3534550930925686,41.147069914422396],[1.3533674065690828,41.1469768021874],[1.3529512833863169,41.14681888785688],[1.3524711004882815,41.14664304494083],[1.3521062106481347,41.146446381513144],[1.351805871738227,41.14630812306228],[1.3514356316191765,41.14613058944249],[1.3510473522003388,41.145864764221386],[1.3506705409814206,41.145545519003846],[1.3500847976970227,41.14507783530564],[1.3496754077821538,41.144745680723474],[1.349364408659262,41.14442737340539],[1.3490526022685612,41.1440908729258],[1.3488436318530972,41.14389363472428],[1.3486492940414754,41.14371861399515],[1.348334037794608,41.143519849890026],[1.348106251290566,41.143366355664035],[1.3479600167464214,41.14324178029273],[1.3478731559491874,41.14312188379589],[1.3477836520196913,41.1429560191455],[1.3476937336404173,41.1428571300852],[1.347618593737439,41.14278930009615],[1.347552634123994,41.14272975627529],[1.3474269584457095,41.1425930358461],[1.3472469636475897,41.142502421620215],[1.3471860606805897,41.14250824556212],[1.3470696197768675,41.142558245041556],[1.3469119287571476,41.142738742124],[1.3468014936179924,41.14285198004814],[1.3466709820191283,41.142958231664366],[1.3465725666930306,41.14299605004466],[1.346470957146362,41.14300990124983],[1.3463535230716541,41.14299864641842],[1.3461650712113598,41.14294235557014],[1.346075170318408,41.142893222057694],[1.3459226593457716,41.14291782362365],[1.3458029976994788,41.14294481092196],[1.345689617913626,41.142822617784155],[1.3455077380302796,41.14260566785045],[1.3452941152256248,41.14234233318566],[1.345053678245751,41.14223936522654],[1.344620435669148,41.14215276200888],[1.3442232950435578,41.14203988429938],[1.3438972057048493,41.14192037239574],[1.3435568975881242,41.141762381277545],[1.34316417050675,41.14157492812904],[1.343001561309175,41.14149795336396],[1.3429160514294243,41.14147567248911],[1.3428631505443671,41.141465342634305],[1.3427841248833696,41.14148717013112],[1.3426392563019371,41.141509963238065],[1.3424899517854245,41.141507814494666],[1.3423364536092883,41.14147115870046],[1.3421654838494552,41.14142468252643],[1.34188671096517,41.141336465269084],[1.3417509274207562,41.14130006284161],[1.3416830368863808,41.14128186203617],[1.341624929636376,41.14127719802801],[1.341346664335389,41.14126936342985],[1.3408103777171028,41.141253982970156],[1.3403461404533283,41.14124250992583],[1.3398762381414218,41.1412548745722],[1.3396718904725513,41.141227049993134],[1.3395627869652862,41.141236959782],[1.3394133867706863,41.14123863295873],[1.3390483393110195,41.141158733484424],[1.3387096113201133,41.14103902464987],[1.3381641525316703,41.14088571270676],[1.3375161039736936,41.14068498714614],[1.3368752646250242,41.14049967210722],[1.3362554472430612,41.14028403800506],[1.3360936383926967,41.14027595895199],[1.3358914879912802,41.140261556279626],[1.335650797991323,41.140269560021025],[1.3355014496197242,41.140269315684876],[1.335419546452093,41.140254735956546],[1.3353394888353167,41.140217218222546],[1.3352923284737135,41.14018017596016],[1.3352692557730717,41.14014156777356],[1.3352005966489946,41.14000374413875],[1.3351398255331772,41.139904309166],[1.335097823083833,41.13986351409938],[1.3350567226637826,41.13983708461069],[1.3350029224752107,41.13981238559802],[1.33495817141818,41.13978016191446],[1.3348721211210246,41.139679404722585],[1.3347103187598293,41.13952109671459],[1.3345803236106757,41.1394063079057],[1.334570686127445,41.1393870312003],[1.334544568527306,41.13931871623029],[1.3344293155541527,41.139171607143446],[1.3342148770167546,41.13894268671325],[1.3340222937900525,41.13875044262137],[1.333833148704811,41.13856230762874],[1.3337834804355198,41.13853456474107],[1.3337142261582562,41.13851485057923],[1.3336385118784775,41.13851141674404],[1.3335634038608775,41.13852850982105],[1.3334254767442346,41.13857722801525],[1.3329173377943393,41.13875071998628],[1.3324296111291982,41.13891780728181],[1.3323150124683967,41.13894485389098],[1.3322631137296657,41.138945058953055],[1.3322012874253297,41.13893746565129],[1.3321473194189577,41.138919460855846],[1.332093519938134,41.13889475959746],[1.3320738818117668,41.13887055396681],[1.331951678199903,41.138748219570225],[1.3317212052571352,41.13840328256589],[1.3316524867954578,41.13831808318696],[1.3309409237261614,41.13862736462193],[1.3303434682327075,41.13892872729767],[1.3293777888673368,41.13947544262937],[1.3286004687320183,41.139980868396485],[1.3282063060790654,41.14025072263245],[1.3275279977331464,41.1407441814128],[1.3269728472333868,41.141172446478144],[1.3266170585033268,41.14082854871047],[1.3265892700411372,41.14072671784218],[1.3265992451704027,41.140633091159536],[1.3266034773392033,41.14056617202046],[1.3266000702012883,41.140501055971946],[1.3265765158526086,41.14043181989025],[1.3265476088857646,41.14037398878079],[1.326504176453639,41.14033986689781],[1.3264105847625378,41.14026763048801],[1.3262939002045069,41.14024686680811],[1.326160610466797,41.14021239636504],[1.3259706037142536,41.14016848929065],[1.3258131766913563,41.140137495775264],[1.3255300537264705,41.14007214037519],[1.325719402874758,41.139793576584594],[1.3259552227919096,41.139479327404416],[1.3261587301361895,41.139241156496404],[1.326434644835309,41.138942799063166],[1.3266268589332473,41.13875039331327],[1.326870653653735,41.138520461035824],[1.3271937649764027,41.13825723385086],[1.3275007196345483,41.13803204577082],[1.3277634875111988,41.13785214451059],[1.3280669356171595,41.137665178642806],[1.3283394342432822,41.13750072645593],[1.328678158707361,41.13732001236308],[1.3289343071153183,41.137201250718505],[1.3294590092413163,41.136973475212706],[1.3299240038880493,41.136804157590305],[1.3303759075735848,41.13665187063736],[1.3309569563626793,41.13649762627713],[1.3314404900823364,41.136395550953026],[1.3319234891369962,41.13631451638284],[1.3324060024428683,41.136252610090736],[1.333065446279848,41.13620091825318],[1.3336453817333696,41.13619017334921],[1.3341034738127824,41.13619297319979],[1.3346475984140929,41.13619701439872],[1.3352266157908534,41.13622260975322],[1.3358256340273773,41.13625805898242],[1.3362979415817922,41.13629932931127],[1.3370173568715005,41.13637861350153],[1.3376027112897655,41.13645404498927],[1.338187633691949,41.136546690527396],[1.3389232221800245,41.1366874346384],[1.339462215084906,41.136794721324996],[1.3400310921432979,41.13692157268133],[1.3405844026749436,41.13706350700527],[1.3411449227152736,41.13722085168304],[1.3417051551488925,41.137389672270466],[1.3423628246863728,41.13760965009042],[1.342781793882368,41.13775920888212],[1.3432079220824282,41.13792609240058],[1.3436866631841877,41.138114781571275],[1.3441876984010366,41.13832292754504],[1.3444632585713712,41.13843788407967],[1.3446937999668953,41.138531143262945],[1.3449897960608195,41.13863873768334],[1.3452762499324944,41.138723230498954],[1.3455002405456666,41.13879183407576],[1.3463361094907786,41.138958071120385],[1.347076809841703,41.139091182083106],[1.3477146318391078,41.13925910271882],[1.348219814799963,41.139452334635],[1.3488418931133501,41.13976971905008],[1.3493848633420096,41.14013132815698]]],[[[1.3316999425647633,41.15939157598653],[1.3293405140198067,41.16332813448821],[1.320002615854564,41.155918957808666],[1.3201028009428288,41.15596015488101],[1.3203314991156485,41.15606214876529],[1.3205490729841114,41.15616114260829],[1.32078520956681,41.15626872872295],[1.3210492671089868,41.15638765740278],[1.3211271471715502,41.15642374992344],[1.3211515141368935,41.156436607532186],[1.3211665029870374,41.15644469857732],[1.3211804255294306,41.15645347665799],[1.321192742281877,41.156462132245096],[1.3212057856888506,41.15647173520083],[1.3212273725365715,41.15648934423761],[1.3212737476463565,41.15653319308612],[1.3214077874339054,41.1566696636344],[1.3215213957186052,41.156794171555944],[1.3216267555181835,41.156916875650666],[1.321673881816516,41.1569728773533],[1.321700432297133,41.15699774660211],[1.3217144102888454,41.15700949699018],[1.3217311016652156,41.15702177512557],[1.3217462552895651,41.157030516133794],[1.3217601650168942,41.15703732852796],[1.3217753413732487,41.15705349381914],[1.321843679642247,41.15704993283772],[1.3218563505577077,41.15704845110547],[1.3218781260770522,41.157046065288995],[1.321895392612397,41.15704196629614],[1.3219203648977829,41.15703363348633],[1.3219392125499745,41.15702286948161],[1.3219663679724483,41.157006416715056],[1.3219913103948375,41.15698626565569],[1.322051128658993,41.15693200166313],[1.3220974141096122,41.15688072099625],[1.32213246253879,41.15685091252502],[1.3221510474826894,41.15684044550673],[1.32216681284216,41.15683258650079],[1.3221806700160845,41.15682758208097],[1.322194576075432,41.15682486626885],[1.3222144283912427,41.15682274330892],[1.322388866462305,41.15667795578611],[1.3225089198609068,41.156667621139945],[1.3226415722662304,41.15668843846443],[1.3227462916391617,41.15668353961049],[1.3228415819299575,41.156688767347326],[1.3229218302522845,41.156736078625066],[1.3230396333549603,41.15679325766821],[1.3231401416066761,41.1568237748532],[1.323288651847774,41.156868935342196],[1.3234126778739643,41.15687584925332],[1.323539695704083,41.15688396494613],[1.3236360168682706,41.156858296099976],[1.3237644725595663,41.15686872847993],[1.3238904335512824,41.15686308300329],[1.324007575086092,41.1568492563528],[1.3241307364913724,41.156836687259734],[1.3242418592109915,41.156821602708725],[1.3243939095049342,41.15680614167128],[1.3245355875009488,41.15678361538841],[1.324657540498283,41.15676186304759],[1.3247288632536178,41.15676665226057],[1.324735172897013,41.15675438129748],[1.324740869967093,41.15674342011633],[1.3247453421044837,41.15673488304034],[1.324752011355156,41.15672229664172],[1.3247573904207939,41.15671226310669],[1.3247628106776488,41.15670224998703],[1.324768231778186,41.156692344068176],[1.3247746305580257,41.15668083102702],[1.3247791629317487,41.15667273619201],[1.3247854680857003,41.1566616235213],[1.324790293170394,41.15665321948389],[1.3247956406581287,41.15664400426666],[1.3248015081188205,41.1566340264744],[1.3248072323317737,41.156624432117795],[1.3248104981835258,41.15661899047329],[1.3248172210094855,41.1566079496311],[1.3248226376946366,41.156599105626164],[1.3248331354015292,41.15658224322147],[1.324840184173174,41.15657103867958],[1.3248524071176162,41.15655171440671],[1.3248615030169912,41.156537248312254],[1.3248671774588745,41.156528344101346],[1.324872960288394,41.15651948920657],[1.3249051931599014,41.15647148616968],[1.3249352452188232,41.15642675083802],[1.325287454535215,41.15615392272264],[1.3252890716706835,41.15614456495829],[1.3252910288555328,41.15613275760301],[1.3252923616723462,41.156124877433015],[1.325293694966837,41.15611721254839],[1.3252985482789998,41.156091545178214],[1.3253000876567096,41.15608191786018],[1.3253011238791903,41.156071924727385],[1.3253022736009965,41.15605536679807],[1.3253025472285016,41.15604672540573],[1.3253028022700963,41.15603197937921],[1.3253031105280346,41.15602403747024],[1.325303958408554,41.15601357771364],[1.3253051496825627,41.15600226904239],[1.3253067677864707,41.15599034506277],[1.325308666870447,41.155977917147936],[1.3253101613071023,41.15596893140865],[1.3253118998768816,41.15595995282275],[1.3253138166799614,41.15595165058763],[1.3253231373586654,41.155918189162854],[1.325331373371838,41.15588866534309],[1.3253355714519346,41.155873566817185],[1.3253397697821472,41.1558584583865],[1.3253412354980283,41.15585336255625],[1.3253451869252315,41.1558447224037],[1.3253495309551524,41.15583695177688],[1.325354166486357,41.15583163452057],[1.3253484506926587,41.15574512200004],[1.325355373590914,41.15573436056295],[1.325362490741124,41.1557220544665],[1.3253668574661046,41.155712408813045],[1.3253735023513864,41.155695480419176],[1.325374518110746,41.15568788207454],[1.3253746184670183,41.155676496286986],[1.3253748225263835,41.155669604034145],[1.3253752792357443,41.155654191683915],[1.3253725797556322,41.15564183651072],[1.325366886642001,41.15563209861145],[1.3253574107482597,41.15562156799013],[1.3253499009900442,41.155615122025004],[1.3253361470868796,41.155604151777226],[1.3253271070835124,41.155597752914844],[1.325313512525952,41.15558866934498],[1.325301423983685,41.15558105247329],[1.325285086780904,41.155571328216375],[1.3252699961850267,41.15556272730327],[1.3252567051300155,41.155555579342526],[1.3252422663679155,41.15554815167084],[1.3252274400805861,41.15554077871162],[1.325213728412675,41.15553442359174],[1.3252025704853785,41.15552976298547],[1.325185092015653,41.15552269012974],[1.3251768356835254,41.15551926160773],[1.3251693570392562,41.15551599482048],[1.3251601881143538,41.155511711726945],[1.3251436689371696,41.15550281709384],[1.3251338660273697,41.15549806449553],[1.325128287007701,41.15549531534033],[1.3251091778647692,41.155484511280726],[1.325034260153919,41.15544211876719],[1.32501643037727,41.155415987269095],[1.3250119394557567,41.15540893214937],[1.3250065603416619,41.15539987706204],[1.3250017812161903,41.15539131620417],[1.3249974160283506,41.15538306762108],[1.3249932397615485,41.15537470108551],[1.3249898647791065,41.15536767570772],[1.3249871402903088,41.155361735283726],[1.324983759131761,41.15535303352519],[1.3249804158266125,41.155342845183434],[1.3249770785274346,41.15533129770123],[1.324975047786238,41.15532287139702],[1.324973696483273,41.15531500172915],[1.3249729510959913,41.15530542765307],[1.3249725918666329,41.15529552501669],[1.3249726333642207,41.155285376900565],[1.324973872281403,41.15526082523723],[1.3249748820701643,41.15524129370864],[1.3249757137765852,41.155225479676126],[1.3249765814516314,41.1552096571592],[1.3249771834986777,41.155199118165285],[1.3249775283737566,41.15519376463585],[1.3249782805078536,41.155185522028354],[1.3249793268839718,41.1551769098906],[1.3249806179889556,41.155168140979406],[1.3249820704899682,41.15515967976915],[1.3249836624403915,41.1551514520793],[1.3249855116102356,41.15514281108463],[1.324987445635533,41.15513434787073],[1.32499041704839,41.15512249311948],[1.324992908900646,41.15511337146619],[1.3249992707707619,41.15509089667768],[1.3250010980782523,41.15508362900436],[1.3250057576518448,41.155064916196885],[1.325010404095034,41.155046204098895],[1.3250237752494405,41.15500222503295],[1.3250305039174266,41.15497807478272],[1.3250348905910396,41.154960718132884],[1.3250404617660785,41.154940370215066],[1.3250457228781183,41.1549223237003],[1.3250505129642325,41.15490644113532],[1.3250577187394774,41.15488742307491],[1.3250637706969186,41.15487206328141],[1.32507053286794,41.154856425578124],[1.3250784438119387,41.154836859309185],[1.3250853088348071,41.154821628437155],[1.325094214256427,41.154802976477704],[1.3251026818824847,41.15478448118545],[1.3251096227327592,41.154768846078326],[1.3251169079239804,41.15475279262758],[1.32512654652236,41.15473090053146],[1.3251339682745737,41.1547132277204],[1.325139002960546,41.154699906831105],[1.3251455394088978,41.15468278861414],[1.3251521091020366,41.15466675177715],[1.3251584815474475,41.154650036510525],[1.3251671184664697,41.15462386029972],[1.3251714694570464,41.154604719644496],[1.3251739496919457,41.15458968621218],[1.325174872931564,41.154576827959005],[1.3251755098227498,41.15455925463226],[1.325175786864774,41.15454181929086],[1.3251738858517836,41.154523335328705],[1.3251699976484541,41.15450379561331],[1.3251660333256372,41.154488182049555],[1.3251603112099262,41.15446718347339],[1.3251555373138397,41.15444779301063],[1.3251502208721513,41.154428133440284],[1.3251453354738547,41.154404696999386],[1.3251421996244526,41.15438650133115],[1.3251402463127584,41.154372880643486],[1.3251382324377472,41.15434993633902],[1.325137642312387,41.154333326980925],[1.3251374340276496,41.15431805628256],[1.3251399700069273,41.15429802451264],[1.325145738872267,41.15427149943407],[1.325145263353852,41.1542525416926],[1.3251447084782926,41.154237824416604],[1.3251447309120585,41.15422430452363],[1.3251464862249391,41.15420914345054],[1.3251512759999309,41.154193269882235],[1.3251574694699244,41.15417656101858],[1.3251634927146898,41.154159984790994],[1.3251814485336253,41.15412783703986],[1.3251984340689906,41.15411367210915],[1.3252160030820235,41.15410139822369],[1.3252344362919999,41.15408747862744],[1.325257954295474,41.15407039118574],[1.3252750055157516,41.15405879432893],[1.325293958046522,41.15404460394444],[1.325316107634913,41.15402982051876],[1.3253331636420362,41.154018502954585],[1.3253588906959393,41.1540029293459],[1.325384398059279,41.15398709041924],[1.32539967967869,41.15397618840849],[1.3254145984056123,41.15396502890932],[1.3254411425213823,41.15394708468611],[1.3254567813374631,41.15393769301083],[1.325484472595334,41.15391475820275],[1.3255036504166093,41.15389456937811],[1.3255154497488308,41.153880482115206],[1.3255418584670138,41.15385366804],[1.3255529313775565,41.1538354853205],[1.3255597540082211,41.1538221453701],[1.3255686078447082,41.153804853649255],[1.325580544639432,41.15378157174558],[1.3255883624772515,41.15376565211086],[1.3255989505822805,41.153745773435766],[1.325626720975324,41.15370010487437],[1.3256369822660876,41.15368711936859],[1.325652790065583,41.15366864968657],[1.3256803247952225,41.153637482423214],[1.3257126706671616,41.153597882044515],[1.3257286643814126,41.153579316873184],[1.3257622639537663,41.153542243289245],[1.3257770950870407,41.15352875944015],[1.3257937227193264,41.15351459822304],[1.3258253604527737,41.153486569329026],[1.3258421931943505,41.153472823628995],[1.3258571202299598,41.153461798402844],[1.3258829131078547,41.15344535731042],[1.3259137957544005,41.153413092007305],[1.325930427266835,41.1533782163332],[1.3259368522519634,41.15335525509739],[1.3259423100451047,41.15333747261133],[1.3259498732240333,41.15331844166897],[1.3259671199989518,41.153282286863636],[1.3259759672744538,41.153268477304174],[1.3259882607812097,41.15325275781323],[1.3259981435083297,41.153240453140455],[1.3260130990894912,41.15322361938674],[1.326024587762404,41.15321142813078],[1.3260397694438195,41.15319648022267],[1.3260551178992663,41.15318153473675],[1.3260716981910676,41.15316548121973],[1.326089891324195,41.15314927009369],[1.3261128582993964,41.1531313818046],[1.3261321855911659,41.153117854270924],[1.3261524281537023,41.153105402919735],[1.3261969083246348,41.153086387011534],[1.3262280962137347,41.15307148076312],[1.326255291069383,41.153058382820184],[1.3262780962436977,41.15304778820223],[1.3263158910325938,41.15303100891961],[1.3263448153937654,41.15300852868215],[1.3263734946134498,41.15297610242129],[1.3263883671997705,41.1529540457767],[1.3264101191741822,41.15292259072234],[1.3264284677611855,41.15289225177097],[1.3264386488510214,41.15287805081727],[1.3264541121303997,41.152859990358166],[1.3264722630850296,41.15284257245586],[1.3264902415928004,41.15282542136807],[1.3265095208689321,41.15280960517261],[1.3265195044877958,41.152801760620896],[1.3265384142222074,41.152785948057854],[1.3265571622094097,41.15277040336538],[1.326589719948867,41.152744174707536],[1.3266173482588492,41.152714214672564],[1.326636053809942,41.15267634791984],[1.326644341775323,41.152641554465944],[1.3266477142453579,41.152617897590396],[1.3266523687840963,41.15259701383071],[1.326659697696243,41.152575421310246],[1.3266702497598273,41.15255459622161],[1.3266915123515368,41.152518053782316],[1.3267078866363522,41.15249406248975],[1.3267238136398263,41.15247369380861],[1.3267359634128337,41.15245892693858],[1.3267528388146008,41.15244058070103],[1.3267695316634913,41.152421961584125],[1.3267872925272082,41.15240305172825],[1.3268040036912452,41.152385117440566],[1.3268257660398615,41.15236209525498],[1.326845672568398,41.15234316161871],[1.3268710295755628,41.1523207771369],[1.3268934908663954,41.152303962237895],[1.3269177313109382,41.15228658769645],[1.3269704297575675,41.15225159992126],[1.3270108617258307,41.15222200504595],[1.327038572102774,41.15220079866476],[1.327062253938619,41.15218289354348],[1.32709030236505,41.15216099848461],[1.3271150755961745,41.15214375684438],[1.3271508332358235,41.15211670438392],[1.3271844799284964,41.152088026924616],[1.327209361167565,41.15206794137002],[1.3272384076596848,41.15204292526846],[1.3272622247024004,41.1520234007227],[1.3272865780705394,41.15200345160315],[1.3273105651056352,41.1519833800601],[1.3273352506178862,41.15196302141034],[1.327366427541357,41.151937171501466],[1.3273907485229148,41.15191614999884],[1.3274161290233764,41.15189470251296],[1.3274552364261873,41.15186272287579],[1.3274784276094063,41.15184137328657],[1.3275014867027706,41.15181982811338],[1.3275265044743867,41.15179811411758],[1.3275461188025925,41.15178175315305],[1.3275713237144138,41.15176017697716],[1.327603150094955,41.15173305466988],[1.3276330669691598,41.15170618115325],[1.3276507142798737,41.15168984565001],[1.3276692371457697,41.15167282027527],[1.3276888429212292,41.151656324049334],[1.3277133004213464,41.15163367410533],[1.3277305628022638,41.15161654034157],[1.3277563107903059,41.151593425425936],[1.3277865161719615,41.15155965002262],[1.3278005953457919,41.15154350588568],[1.327838778408694,41.15150024073194],[1.3278463198828552,41.15149258308598],[1.3278638625273245,41.151478814061875],[1.3278799292546546,41.15147074155331],[1.3279040679372671,41.151463913081024],[1.3279290961274288,41.15146381709922],[1.3279484677296742,41.15146637725614],[1.327999287462818,41.15147492820203],[1.3280333333026286,41.15147075122571],[1.3280778848312345,41.151455099007165],[1.3281034569459174,41.151432707461936],[1.328115973730033,41.15140427511668],[1.3295323251148872,41.15114134175575],[1.329343173901361,41.150810820997606],[1.3293404958943729,41.15079234112912],[1.3294809260364497,41.15077891154348],[1.329667134387791,41.15069833024523],[1.329763114571606,41.15066878793835],[1.3298182754085712,41.150666019186566],[1.3298489282297232,41.15066765362991],[1.3299248333332165,41.150684815681544],[1.330033117259548,41.150728622062374],[1.3301396616636907,41.15077894705435],[1.330272349489954,41.15082251257718],[1.330545164249332,41.150833606252974],[1.3306455789654141,41.15084636448387],[1.3307073693227425,41.15086153703213],[1.3308686497676097,41.15091398876347],[1.3308439112090504,41.15094448263222],[1.3308428089511466,41.15098793046261],[1.3308223077426502,41.15105934818804],[1.3307945956253004,41.151131748593],[1.330741657525487,41.15129179725242],[1.3307055732828692,41.15141079988884],[1.330670151534927,41.151503733652746],[1.3306404728292047,41.15154024762243],[1.3305527067424643,41.151599824478254],[1.33034970241092,41.151725100199414],[1.3301795266665135,41.15180304076573],[1.3300593684908988,41.151836069091125],[1.3300174766675543,41.15190065775659],[1.3300070069667944,41.15197330799442],[1.3299703666252425,41.15205753073777],[1.3298933781377207,41.15214551533683],[1.3298397419713657,41.15221971213071],[1.329809704008676,41.152270346198755],[1.329789312700829,41.152337420104104],[1.3297765747811379,41.15238613156543],[1.329774365985611,41.152416524095464],[1.3297838527949177,41.152552486378234],[1.3298000622416097,41.152820023833925],[1.3298062400709347,41.15308632948344],[1.3298166121991624,41.15324403603339],[1.3298440337769755,41.15335309365057],[1.329878806835464,41.15345573736255],[1.3299014996256693,41.153524522403465],[1.3299024675811901,41.153543008077406],[1.3298654648695363,41.15358484892361],[1.3297957078198817,41.15361741350473],[1.329830974376212,41.15364950070061],[1.32983070242302,41.15369757867554],[1.3298035864346247,41.153830667223936],[1.3297680743529656,41.15395789262221],[1.3296891191214266,41.154075876749694],[1.329639472865449,41.154086638482134],[1.3295894622723723,41.154111748323814],[1.3295842481050277,41.1542422838153],[1.3295744312958693,41.154292376119685],[1.329565177962001,41.154320229929205],[1.329542583227594,41.15435004299952],[1.3295238204296511,41.15437847675965],[1.3295164295749666,41.154407793373316],[1.3295157555829056,41.15443433583718],[1.329519499882385,41.15447386091568],[1.3295254526785834,41.154538535379096],[1.3295400225268257,41.15460046325487],[1.3295720402409859,41.15464829260602],[1.3296052260802447,41.154687526843574],[1.329658764060021,41.154747867148856],[1.329696568733464,41.154792191824185],[1.3297185466006143,41.154824087207075],[1.329728185932142,41.15485580362703],[1.329726507888668,41.15488448431452],[1.3296993876734942,41.15494293770077],[1.3296583941436284,41.15498683733948],[1.3296096613223014,41.1550363651684],[1.3295367600997328,41.1550654485194],[1.3294771468802147,41.155094725484936],[1.3294351662269972,41.155102727640525],[1.3294139384530568,41.15511605521157],[1.3293719682943834,41.15517967505668],[1.3293237494446948,41.15528375138365],[1.3293079835003256,41.15538112225662],[1.3293057971910376,41.155467207407746],[1.3292899582859954,41.155567447898996],[1.3293148220282676,41.15563526740144],[1.329384444647302,41.15573531193391],[1.3294788178252248,41.15583284478387],[1.3295716942181295,41.155914568443364],[1.3296131289027924,41.15592808708767],[1.3296584344785805,41.15593879118139],[1.3297037753218046,41.15594805997727],[1.3298065819439486,41.1560127042864],[1.3298517042871887,41.156030581902044],[1.330012224923297,41.15606592133259],[1.3301440527910406,41.15610945652884],[1.3303000485967047,41.156173435868396],[1.3304383416961478,41.15626155779256],[1.3305316568685144,41.15632606294774],[1.3306397578870075,41.1564065706701],[1.3308260251400694,41.15654992872718],[1.331100793437431,41.15679791005569],[1.3313059731983377,41.15694441210302],[1.331502979030902,41.157113759010244],[1.3315984181569622,41.1572443179612],[1.3316776535291703,41.15741482983043],[1.331731766442301,41.15752756586222],[1.3318804350825835,41.15765602411005],[1.332040930447441,41.15776743117718],[1.3320994244766438,41.15785726593667],[1.3321012556681986,41.15793479726577],[1.3320670249000757,41.15808644220309],[1.332045628841333,41.15821213874428],[1.3319733385498922,41.15834148293378],[1.331913701819776,41.15842537400541],[1.3318802742045903,41.15860961053401],[1.331849831411327,41.15878954417929],[1.3318092688212122,41.15891500174501],[1.331746656035359,41.15911620075019],[1.3317296944466053,41.15921809525281],[1.3316999425647633,41.15939157598653]]],[[[1.3175494747207375,41.13977585616872],[1.3168456748030404,41.140022285736876],[1.3166581635669201,41.14012826550021],[1.3164634498079704,41.140189732742705],[1.3158668736500891,41.140343145027316],[1.3156233015301009,41.14040948098908],[1.315274053173686,41.14049868086591],[1.3148609700936318,41.14060063702645],[1.314704331368189,41.14058960766985],[1.3140612402902274,41.14056776475535],[1.3133964993450076,41.14054920418279],[1.3133430878271004,41.14054580978569],[1.3133043747646025,41.14054073906365],[1.3130002586335314,41.14046809795349],[1.3129861072554676,41.140471673801024],[1.3112341717670322,41.140093624228584],[1.3108634677415023,41.13979301238608],[1.3106831244016268,41.13972614377363],[1.310627574544691,41.1396868363323],[1.3105773223651989,41.139652253540696],[1.3105113969685946,41.13943308367517],[1.3104978964978005,41.13939208801302],[1.3104716246638473,41.139328900599956],[1.3104557946024946,41.139284202907696],[1.3104064083695894,41.13922388484383],[1.3105166300468267,41.13918009960704],[1.3115598099220966,41.13877907219978],[1.3121269074420667,41.138571655593076],[1.3122966516843118,41.138512802227886],[1.3129781273209657,41.1382867005602],[1.313597904579508,41.13806896910264],[1.313830219210115,41.13799067273788],[1.3143047160750463,41.13783485354779],[1.31441761858655,41.138027464855774],[1.3146493875978082,41.13839854257283],[1.3147213041681032,41.138498136925534],[1.3148004554572263,41.138589730355065],[1.3148744901694414,41.138667107103984],[1.3150562485097166,41.13883235166306],[1.315174350395728,41.13893370233504],[1.315296807096546,41.13901854280797],[1.3153620751185637,41.13906606628203],[1.3155633590780464,41.13919007112762],[1.3157204973183112,41.13926992383306],[1.3158586544854323,41.13933724856876],[1.3159092753450248,41.13935654424466],[1.316158215121278,41.139443503536775],[1.3162778738873175,41.139488759178896],[1.3170185386254483,41.13970162327326],[1.3170840165464142,41.13971771270061],[1.3171984043676708,41.13974082201338],[1.3173046276063478,41.139757056302294],[1.3174757973732534,41.13977288822701],[1.3175494747207375,41.13977585616872]]],[[[1.3188713100522604,41.142119717497785],[1.3188930736911142,41.14211909931409],[1.3189142581124096,41.142122917866665],[1.3189333107402001,41.14213089377946],[1.3200917827011716,41.14275567756308],[1.3201820716427435,41.142800317888195],[1.320642063196868,41.142990069477904],[1.3206647959041498,41.14300056231672],[1.3206822732564505,41.14301332136571],[1.3207670265756748,41.14309094790205],[1.320801281405361,41.14312503269141],[1.3208177713704397,41.14314618401124],[1.3208410246140259,41.14318755576782],[1.3208487333005074,41.1432242881056],[1.3208495308987478,41.143289511243076],[1.3208457471082333,41.14346129911756],[1.3208517042361556,41.143504802964806],[1.3208847523036638,41.14361776491193],[1.3210224067321596,41.144037941733636],[1.3210228045592765,41.14405153893004],[1.3210209099031354,41.14406233019999],[1.3210158369504392,41.14407537834753],[1.32100970527286,41.14408522781381],[1.3209996372968345,41.1440964998217],[1.3221471053147427,41.144423526709495],[1.3217281921897428,41.14460919477645],[1.321221313683497,41.14481309915683],[1.3208813590017585,41.14494050081118],[1.3208161155423401,41.14496495063161],[1.3204598981672804,41.145091727484164],[1.320457383476802,41.14509174485482],[1.3202601863711902,41.14515809218413],[1.3199527883724906,41.14525491713201],[1.3198594319394004,41.1452827403234],[1.3197042379966701,41.14532899127229],[1.3194341376469785,41.145407010937426],[1.319205321472171,41.14547030087308],[1.3189686092883937,41.14553149434806],[1.3187164581869142,41.14559483991495],[1.3184787084053176,41.145651836856125],[1.3182082055243214,41.14571668421498],[1.3178919374170175,41.14579053471639],[1.3176007408692192,41.14585833368411],[1.3173479628611944,41.145916271597606],[1.317062784580064,41.14598167106608],[1.3169149954295938,41.14601640679127],[1.3167395106005122,41.14605734901003],[1.316573003208709,41.14609665672469],[1.316429638981375,41.14613121330413],[1.31629770994848,41.14616453172258],[1.316046466290372,41.14622714606377],[1.3158145131936139,41.14628468161694],[1.3154774122242294,41.146379034364514],[1.3151250379566701,41.14648016057568],[1.3148156817235968,41.14657474524371],[1.3145608485164877,41.14661948790509],[1.3146099402132154,41.146438011189],[1.3145919195630227,41.14628922403299],[1.3145600544015368,41.14611272901363],[1.3144224529135669,41.14580266559121],[1.314406233368454,41.14576091812243],[1.3142705523116893,41.14541171268712],[1.3142485580044623,41.145323375943725],[1.3142503422538985,41.14525372469557],[1.3142691002770763,41.14518432100524],[1.3142975576850615,41.145115060187045],[1.3143464444815194,41.14500575748472],[1.3143838192531236,41.144872449763405],[1.3143993229943527,41.144740654933415],[1.3144009835963808,41.144581154038306],[1.3143848713002628,41.14445256429553],[1.314383167831566,41.144329685415514],[1.3143828246492064,41.14415365257335],[1.3143950284082822,41.14396129986182],[1.3144237063825386,41.14369400911158],[1.3144577482687783,41.143406628191904],[1.314485485584091,41.14317599670224],[1.3145184941329553,41.14292893973182],[1.3145365159676028,41.142793514745705],[1.3145486091234684,41.14270017602889],[1.3145581832747675,41.142610468291096],[1.3145677104475049,41.142522593787504],[1.3145709179585747,41.14244471157403],[1.3145678058330756,41.142376821651865],[1.3145588892380105,41.1422987620002],[1.3145401105533319,41.14222697494607],[1.3145121961687936,41.142133051599345],[1.3144727378165642,41.14206371276074],[1.3144143509898065,41.14197576122998],[1.3143650295405716,41.14191269582757],[1.3143048671276918,41.14184672083658],[1.3142491076816587,41.141798230740484],[1.314183627099233,41.14175051437844],[1.3141059299027107,41.14170628698964],[1.3140533387501199,41.14167617881708],[1.313970603859068,41.14163921148297],[1.3138397524620775,41.14158687092343],[1.3137519576016548,41.1415580811059],[1.3136219198574999,41.14152133786522],[1.3134545104858308,41.14147579633515],[1.313222013464083,41.141414631676376],[1.3129195074097395,41.14134052318808],[1.3125496057808077,41.141246172917164],[1.3121724784172561,41.141149881638746],[1.3119495874547744,41.14109252214742],[1.3117181870255648,41.14103595534285],[1.3115205677444792,41.14098630028935],[1.3113602470019976,41.14094819354483],[1.3112494437072364,41.14091814749296],[1.3111699020619243,41.14089864545334],[1.311136216707308,41.14088806579184],[1.3110977048615031,41.14087649927887],[1.3110665844222853,41.14086045724141],[1.3110318747352503,41.14084252863322],[1.3109901029213835,41.14081624558575],[1.3109414089533857,41.140776108372435],[1.3108964948476645,41.140730525705855],[1.3108559215257065,41.1406575023329],[1.310828378788798,41.14059658787376],[1.310767182856059,41.140382072358165],[1.3106983008328421,41.140136272756834],[1.3106279129316711,41.13985469490052],[1.3105773223651989,41.139652253540696],[1.310627574544691,41.1396868363323],[1.3106831244016268,41.13972614377363],[1.310863399284964,41.139792987061796],[1.3108634576354852,41.139793034756515],[1.3112341717670322,41.140093624228584],[1.3129861072554676,41.140471673801024],[1.3130002586335314,41.14046809795349],[1.3133043747646025,41.14054073906365],[1.3133430878271004,41.14054580978569],[1.3133964993450076,41.14054920418279],[1.3140612402902274,41.14056776475535],[1.314704331368189,41.14058960766985],[1.3148609700936318,41.14060063702645],[1.315274053173686,41.14049868086591],[1.3156233015301009,41.14040948098908],[1.3158668736500891,41.140343145027316],[1.3164634498079704,41.140189732742705],[1.3166581635669201,41.14012826550021],[1.3168456748030404,41.140022285736876],[1.3175494747207375,41.13977585616872],[1.3177458472347234,41.13990025114837],[1.3179221515221569,41.140069241513935],[1.3182619516692988,41.140466773871395],[1.3183820537858315,41.1406264091133],[1.3186675271030708,41.14072018457293],[1.3188287595307946,41.14081641349188],[1.3188716117119001,41.14090664734398],[1.3188567121440407,41.14126913262412],[1.3188335591921736,41.141409607819675],[1.3188455565664785,41.14148237791148],[1.3188544984926298,41.14161753070057],[1.3188348754275543,41.14212433341425],[1.3188713100522604,41.142119717497785]]],[[[1.3607190634634085,41.148617700339464],[1.3599521638231353,41.14940613609759],[1.3569796026496146,41.15246194026942],[1.3503182708608652,41.15387186105562],[1.3502531961085755,41.15363573874466],[1.350307989865863,41.153513940743885],[1.350488333647575,41.153083315061814],[1.350546813812122,41.15296507725257],[1.3506369042656914,41.15284275597368],[1.3508059810059483,41.15268187337911],[1.3508710501134202,41.15260001913932],[1.350907791372283,41.15251095495159],[1.3508995941826893,41.15241897915431],[1.350849286717923,41.15233093649949],[1.3507609846344175,41.15214255297965],[1.3507983237375425,41.1520296815687],[1.3509340891891506,41.15188079618195],[1.3510553835116883,41.15183036701009],[1.3511501353994289,41.151761412086735],[1.3512559030737452,41.15161209680303],[1.3513664821641704,41.151450376717314],[1.3513641984569362,41.151361887722494],[1.3512988988068853,41.15121352541018],[1.3511647787086773,41.15105737347385],[1.3510281649938127,41.15094087810362],[1.350901351166972,41.150732663565314],[1.3508231590871966,41.1505001971223],[1.3507004273380898,41.15024894714938],[1.350624281442302,41.1499348569084],[1.3505879004402692,41.14983000291423],[1.350593004172966,41.14974615586799],[1.3507359544159179,41.14931045773511],[1.3508154767435103,41.149250357289716],[1.3511047542359773,41.149082123941476],[1.3511940711398516,41.148990409334296],[1.3514363756210466,41.14878067611717],[1.3515139764110524,41.148677453995425],[1.3515379835154213,41.148557587162315],[1.3515305864959424,41.148373764326664],[1.3514975116516668,41.14801719740133],[1.3514583813755285,41.14766281185411],[1.351501236905027,41.14750919348866],[1.3516097404795886,41.14737012420674],[1.3518527086321501,41.147253392066986],[1.3520260630578573,41.14716061134343],[1.3521315655059525,41.14702149860855],[1.3523260959131527,41.14680200654428],[1.3524711004882815,41.14664304494083],[1.3529512833863169,41.14681888785688],[1.3533674065690828,41.1469768021874],[1.3534550930925686,41.147069914422396],[1.3534123300935874,41.14716002747687],[1.3533224487847018,41.14733452103543],[1.353302465022131,41.14741361930819],[1.3533786080706958,41.147488421827404],[1.3534920743551933,41.14757056218468],[1.3536806138345354,41.14765037353133],[1.3551005709518589,41.146722592552926],[1.3553860463984,41.146815734976414],[1.3556788872683454,41.146896463229446],[1.3563179115521722,41.147068809593726],[1.356978202074139,41.14722456945564],[1.3574788709287966,41.14734681282287],[1.3580406611349178,41.14751129334478],[1.3582711819839264,41.14758324670353],[1.3586165560580221,41.147707491222896],[1.3590181643256363,41.147846045468015],[1.35948095359598,41.14803950138136],[1.3597254938715755,41.14814654751822],[1.360090650886434,41.14831384603525],[1.3603673279346296,41.14844611276421],[1.3607190634634085,41.148617700339464]]],[[[1.3430281873275935,41.132899770880684],[1.3428106459372382,41.13292807802094],[1.3426216879035868,41.13295202210137],[1.3425586421547977,41.13296237511239],[1.34249777468999,41.13297748838386],[1.3424543744205657,41.13299168023495],[1.342414387588112,41.13300894051648],[1.342369227592362,41.133032881063876],[1.3423236416354936,41.13306304415932],[1.342288581419928,41.133089279235506],[1.342257720594708,41.13311783923546],[1.3422302570670295,41.13314944582891],[1.3422064612932354,41.133184902778595],[1.342183055725908,41.133230079945164],[1.34216654191913,41.13327560041442],[1.3421564330489215,41.13332220390474],[1.34215274165647,41.13336944022272],[1.3421556061805813,41.13341659076052],[1.342160278396124,41.133443950786095],[1.342175477052619,41.13353118215891],[1.3421814690438563,41.13356527177923],[1.3421818303235395,41.13356748382083],[1.3422017262197572,41.13368108474604],[1.3422083377053429,41.13371848813856],[1.3422102721459725,41.133729668187314],[1.3422112079573987,41.13373508616628],[1.3422121268206844,41.13374122450255],[1.3422148446372935,41.13375630617277],[1.3422196450617045,41.133783307739556],[1.3422266708718427,41.133822757296414],[1.342229759771697,41.13384056097392],[1.3422307091902668,41.133845438697726],[1.342236663317931,41.13388155445955],[1.3422382479745896,41.13389148553499],[1.3422386495325356,41.133894463794775],[1.3422391815227879,41.13389699355622],[1.3422750501385798,41.13410495289731],[1.3423128087511007,41.134323027840196],[1.3423493439530145,41.13453486006309],[1.3423496101616632,41.13453649515537],[1.3423550289655746,41.134567378844864],[1.3423597217128413,41.134593929377964],[1.342360774375968,41.13459943911226],[1.3423644167535551,41.13462038896807],[1.342365469417351,41.13462589870219],[1.3423689121475793,41.13464531440704],[1.3423701735312228,41.13465199812195],[1.3423739089948767,41.13467403021874],[1.3423794456438258,41.13470638562878],[1.342384873632701,41.13474012302856],[1.3423855916815746,41.13474472719502],[1.3423861951680112,41.13474914956242],[1.3423946371749846,41.134806648925306],[1.3424258979491268,41.13498452974174],[1.342355469216553,41.134985334694704],[1.342285637340426,41.13498595183166],[1.3419860429265305,41.13498893706417],[1.3414900524415347,41.13499395842318],[1.3413999069436047,41.134994865278905],[1.3413939850175276,41.135142190634014],[1.3413630367437632,41.13591215829043],[1.3401827959125454,41.13583246873925],[1.3401768477865008,41.13583211278936],[1.3401709019308794,41.135831666796776],[1.3390082682281568,41.13575312061894],[1.338973063703381,41.13585975721394],[1.338907897773625,41.136028835880246],[1.3385629775292396,41.13591675045572],[1.33745802890503,41.13556781729474],[1.3359110433944072,41.13508235410698],[1.3343190193514927,41.1345770823626],[1.332646246155792,41.13406296508036],[1.3307479119357124,41.13346134965824],[1.329125508874641,41.13295939328156],[1.327874978810156,41.13256615515229],[1.3269756776897097,41.13229665572835],[1.3261810950496873,41.13208991150021],[1.3251696035185005,41.131853214853116],[1.3250282038734547,41.13182398916718],[1.3250986973364562,41.131629023621635],[1.3250864037443313,41.13158763098985],[1.3250639398445117,41.13155171113418],[1.325032218655178,41.13151764099619],[1.3249889954489222,41.1314688069028],[1.3249422889129803,41.13142530771977],[1.3249225790949941,41.13139272914301],[1.3248640575304091,41.1313165716109],[1.3248198676836005,41.131257605261034],[1.3247662600818726,41.13118076612531],[1.3247183174752684,41.131130330205046],[1.3246473034541102,41.13107283004726],[1.3245577005603453,41.13099105802235],[1.3244997360567423,41.13092272061879],[1.324339586038316,41.13074908497673],[1.3242647477577982,41.130672145686454],[1.324395388975405,41.13063767411788],[1.324612149041143,41.13062242337396],[1.3247552859257739,41.13073697863718],[1.3248541253005741,41.13078545078635],[1.325059031279569,41.13081092537734],[1.3252726205313925,41.13081403141933],[1.3254277695849723,41.13077538787556],[1.3256030397133007,41.13079634118542],[1.325749037766054,41.13079846366036],[1.3258847931598006,41.130777941712324],[1.3261034771908329,41.13079339029766],[1.3262305496841478,41.13079523709649],[1.3264608808942313,41.13077813449321],[1.3267793911907344,41.13069687388279],[1.3269278305556513,41.13060291659972],[1.3271147462508952,41.130591317001404],[1.3272150414336712,41.13058254933898],[1.327425664272086,41.130489494562816],[1.3275916777088839,41.130448961163054],[1.3278219036203378,41.13043594370851],[1.3279573450001916,41.1304276856807],[1.3280628400057373,41.13042717248799],[1.3286036167981663,41.13032663786191],[1.328958105629784,41.13031951170698],[1.3291415849609522,41.13023015025033],[1.3292833094424912,41.13008087823972],[1.3293775092909523,41.12988592777037],[1.3294230299997922,41.12947759475122],[1.3295603298424452,41.129289403383105],[1.3297746337866176,41.12915754373599],[1.3300485782961455,41.12912675164783],[1.3301629747464148,41.129308367804235],[1.3302108186258488,41.12944811945601],[1.3303352527828833,41.12966055515001],[1.330482448788627,41.129721992641755],[1.330576030696212,41.12965791047191],[1.3307114100958468,41.1295453548009],[1.3309608266998272,41.12962872296676],[1.3310565172916622,41.12990822562922],[1.3310746502918303,41.13036656185401],[1.3311097312047713,41.13079651325172],[1.3311255947753502,41.13145113342473],[1.3311913304922356,41.131632043399684],[1.3313348439096286,41.131732281243906],[1.3316592889463357,41.131736981539134],[1.3327572029799992,41.13174470071893],[1.333265293901507,41.13176023456424],[1.3336005552383297,41.13176508591943],[1.3338681062233717,41.13166670800423],[1.33411726146853,41.131653952714935],[1.3345702436019944,41.13170958318088],[1.3348732665576564,41.13170578491827],[1.335160138360324,41.13148498477894],[1.3355025293567193,41.13120772824013],[1.3358063438284182,41.130958542729395],[1.3361849276061948,41.13074724577785],[1.3364000499632769,41.13058266580895],[1.3365244193957737,41.13058446219755],[1.3366558837951321,41.13073359867004],[1.3367268354620347,41.13092276062496],[1.3369085173679518,41.13101127273624],[1.3372183905894863,41.130950308227796],[1.337400446941699,41.130809788168655],[1.3375798830466221,41.13055880234834],[1.337784806227789,41.130369532471285],[1.3380223778717946,41.1301725536266],[1.338231776466695,41.130020157633645],[1.3384261295712523,41.13003523174577],[1.3386667766838936,41.13014504152943],[1.3386738773365672,41.13029238173593],[1.3384306929740548,41.13049746068082],[1.3380752317184885,41.1308645162142],[1.3378945592305085,41.1311645651076],[1.3375892675909216,41.1312583173639],[1.3372841816015182,41.13134389204949],[1.3371373937854163,41.13158716902481],[1.337047091459878,41.13194986964775],[1.3371015110183424,41.131990532563094],[1.3373685443280907,41.132073118894425],[1.3379203275230487,41.13228660317076],[1.338250153114914,41.13239974546349],[1.3387007199678536,41.13255143863579],[1.339172867056529,41.1327054859568],[1.3397249224642318,41.13280137964258],[1.3400024823298506,41.132842189756886],[1.3402386371746202,41.13280878409222],[1.3406046525746487,41.132666820531085],[1.3410384399537234,41.13241131317427],[1.341420982043293,41.132257315006385],[1.3414891030388945,41.13229101579974],[1.3417276780521992,41.1323762501889],[1.3419782777673745,41.132520960881095],[1.3421520143548995,41.13260321534287],[1.3424750758676447,41.132663079529294],[1.342785830870129,41.1327820703182],[1.3430281873275935,41.132899770880684]]],[[[1.2956478462142094,41.15398362521754],[1.2953226922554308,41.15373745583482],[1.2951176371845297,41.153547142597816],[1.2949825085010571,41.153383628367784],[1.2947575336356165,41.152982363058115],[1.2946207047822784,41.15276498384773],[1.294486246174241,41.1525757293319],[1.2944354372149725,41.15250475379153],[1.294222595627379,41.15232920214782],[1.2934518254678424,41.15197989303934],[1.2930513815238205,41.15177733342809],[1.292860841845883,41.15172067230886],[1.2921198109570255,41.15151540286901],[1.2919388028137344,41.1514495174334],[1.2913690062579648,41.15119071230845],[1.2911962643630055,41.15106397867681],[1.2910758988158753,41.15092876778414],[1.2909939968363469,41.150828554089436],[1.290801239597534,41.150653159985026],[1.2906386307622493,41.150475188363025],[1.2905671915801504,41.15036411084274],[1.2905261008660116,41.15027689146834],[1.2905012172972201,41.15016182290915],[1.2905051222458932,41.15000960438313],[1.2905625778098677,41.14972407592137],[1.290662347741008,41.14946078800126],[1.2907646936057486,41.149134639118316],[1.2872269218778076,41.1461033091734],[1.287696083759347,41.146138538768305],[1.2883488396077127,41.146273468808005],[1.2889365673902695,41.14641453857968],[1.2894077765005354,41.14654505005281],[1.2898849518612092,41.14670823990359],[1.2904387224517126,41.14691580698766],[1.2908588420746854,41.14709015546226],[1.2911012819632726,41.14719839393061],[1.2913953036310215,41.147340303266866],[1.2918530047989296,41.147571544683196],[1.2921568853096992,41.14773477305772],[1.2924947434777183,41.14791961972386],[1.2930095989151964,41.148221731596806],[1.2933621994046873,41.14840082049533],[1.2939330119131762,41.14871036897855],[1.2942148170374395,41.148845177824704],[1.2945340473781244,41.1489972211581],[1.2949346143752183,41.14917631212277],[1.295168042287453,41.149270964083634],[1.2955340204817272,41.149411069136924],[1.2958731301450614,41.14953448904227],[1.2963094828125337,41.1496826489235],[1.2967335844438286,41.14981254347625],[1.2971595266693314,41.14993248612074],[1.296715505368957,41.15094535086906],[1.296671044218375,41.151039957061606],[1.2967521223937055,41.15115374052311],[1.2968040020872216,41.15121513074667],[1.2967346921217333,41.15138442591333],[1.2965967435049939,41.15169704491451],[1.2965569289036516,41.15190719181316],[1.296626927548757,41.15200637790735],[1.2968192461986905,41.15210159933623],[1.2970238409910035,41.15216524798792],[1.2972015609609173,41.15223427177569],[1.2972187089836675,41.15230958179464],[1.2972439488929641,41.152514917040634],[1.2969981197878944,41.152716243934144],[1.2968615060522146,41.15282969468197],[1.2968811271539742,41.15295700354613],[1.29682072029996,41.15307735504602],[1.2966744457120747,41.15312138001053],[1.2965699427651096,41.15317468335634],[1.296425310553424,41.15315522341186],[1.2962719973247083,41.15317604951579],[1.2962133839701504,41.15322714455796],[1.2961723648195604,41.153336234988075],[1.296061047205227,41.15335768214875],[1.2959534787974245,41.153529297559345],[1.2958575134935217,41.15369531168995],[1.2956982875620437,41.15379687883648],[1.2956304670505956,41.15390846019292],[1.2956478462142094,41.15398362521754]]],[[[1.301413420129577,41.156070927926606],[1.3023037642050208,41.156520218134354],[1.3031877282037962,41.15696467945406],[1.303388095871533,41.15706379887933],[1.3041003728932035,41.1573053698382],[1.3043184580139506,41.15744434084869],[1.3044982156541258,41.15773583607147],[1.3049510608747485,41.15781182584112],[1.305517504750526,41.15807723778662],[1.3059138935742918,41.158267933477546],[1.306631417725182,41.15860344083184],[1.3066275177238857,41.15864798840755],[1.3070829886590174,41.15917477938163],[1.3077093193927949,41.15949016511242],[1.3076508208106992,41.1605753766371],[1.3080455539348703,41.16097978756558],[1.3079551118186798,41.16122686893947],[1.3079025775143058,41.16148606021987],[1.3079983487664741,41.16162611468552],[1.3082021394012684,41.16172731803817],[1.3087475166512605,41.162365647355976],[1.308661988063888,41.16243962862379],[1.3083901725952467,41.16263426290336],[1.308200890638827,41.16279399463648],[1.3080715724422691,41.16286733210357],[1.3079311621963186,41.16290740225176],[1.3077631955827567,41.16293502971856],[1.3075675190260898,41.16295623090572],[1.3073763638234044,41.16295643159198],[1.3072568415663863,41.16296124742659],[1.3071297834102171,41.16295006681174],[1.3069609527568293,41.16291660538385],[1.3069328801744644,41.165164451937805],[1.3048672114045028,41.16590509951873],[1.3035257971036365,41.165044950324976],[1.3034660065539339,41.16500623817684],[1.3016890768292777,41.16310379404835],[1.301272364195435,41.162853887065445],[1.3007910251828025,41.16257795543879],[1.3004676558828026,41.162208070054135],[1.3003670438193005,41.16201951031244],[1.3002602124366156,41.16171028497822],[1.3000688520601855,41.16140975234775],[1.2999590039056472,41.16124831062878],[1.2998364436510235,41.16114395228055],[1.299421118332175,41.16105893683458],[1.2991735547972632,41.16094484386322],[1.2989425413659108,41.16059434213744],[1.2988794482074992,41.160097885102225],[1.2988166497347522,41.15981152752346],[1.2987204659045954,41.15949456927207],[1.2986153967175078,41.159319471301764],[1.2984085564760501,41.159245421083625],[1.2976562097622826,41.158964361779134],[1.2972023351513302,41.15872596880272],[1.297010519895297,41.15854808148163],[1.296709237486518,41.15830673588665],[1.2965024286544677,41.15807125658821],[1.296300838457521,41.15786267200929],[1.2958933658183558,41.15751642239359],[1.2957521486839538,41.15727900566097],[1.2956543352957735,41.1570685067859],[1.2955774881797164,41.15690291584382],[1.2955004958477523,41.15674289741063],[1.295406732195467,41.15651852192654],[1.2953118802537753,41.156193784523175],[1.2952657322361758,41.15595588018795],[1.2952500643041676,41.15587511080304],[1.2952109784373607,41.155637464108544],[1.2952397348050413,41.155287960136775],[1.2953889670850938,41.15485089549686],[1.2955567348265769,41.15445877654399],[1.295682607466666,41.15416282689933],[1.2956478462142094,41.15398362521754],[1.2958730363893962,41.15418070012677],[1.2975589527191034,41.15489742882462],[1.2981976274629847,41.15517549834709],[1.2989525757478764,41.1551879163054],[1.2994176995949411,41.15506516504275],[1.301413420129577,41.156070927926606]]],[[[1.3085391696127706,41.154945339307545],[1.3070853129312747,41.153909661380936],[1.3070034102490513,41.15389164759037],[1.3064831544545925,41.15354317617723],[1.3059234970579354,41.153176982491836],[1.3056009259435843,41.15279984116717],[1.3055459607074416,41.15270954235844],[1.3053044886860619,41.152446177764034],[1.3049764447000098,41.151985237857204],[1.304668015544036,41.15150437751728],[1.3044780413472719,41.151169599674944],[1.3044189647556321,41.151090786456095],[1.3044434568729968,41.150733185853724],[1.3044140619694,41.15037831644039],[1.3046464244226526,41.1503463984548],[1.3052616318626116,41.15024817478342],[1.3058337439958005,41.15013255273226],[1.3064895108659218,41.14997702184625],[1.307185416708951,41.14978821095581],[1.3077650013185358,41.14959939351635],[1.3083269603620309,41.149401395927384],[1.3089794106936983,41.14913611897372],[1.3097181798565423,41.148800955241114],[1.3101835446977945,41.148573428281004],[1.3105937325947123,41.14836801581051],[1.3109721632820346,41.148179910542396],[1.3114297359719502,41.14794558875584],[1.3119539222090415,41.147686100074544],[1.3124827643455859,41.14743731412981],[1.3127122243505829,41.14733716506051],[1.313055996384368,41.14719038838435],[1.3133882730906543,41.14705279387911],[1.313856464558077,41.146871853840295],[1.3142695283254644,41.14672681672122],[1.3145608485164877,41.14661948790509],[1.3145500645632306,41.14665935210769],[1.3148769294838876,41.14814400552497],[1.3148761283015282,41.148184549065135],[1.3149013967047074,41.14834821265012],[1.3149108787128787,41.148443272182654],[1.314913052534088,41.14849984392034],[1.3149107465580026,41.14856429470143],[1.3149057210444783,41.14860511510808],[1.3148994119424107,41.14864626802361],[1.3148853851373592,41.14870261171028],[1.314869991920397,41.148750423335294],[1.3148500167720807,41.148796141228594],[1.3148134221745054,41.1488551901882],[1.3147799763550092,41.148893189705056],[1.3147280730748296,41.14893951223786],[1.3146698253223421,41.1489781125667],[1.3146092050236116,41.14901349850423],[1.3145418762297083,41.1490479305161],[1.314449834045659,41.14908741426686],[1.3143205320448847,41.149130018597894],[1.3142191317382084,41.149160330684346],[1.314108885909153,41.149191702174534],[1.3140607448762551,41.14920603989023],[1.314020334458721,41.149222364318405],[1.3139622143999439,41.149239446395896],[1.3139343356326165,41.14926641284401],[1.3139162774719721,41.14928379409672],[1.3138972352685832,41.149305628646324],[1.3138829722207506,41.149326974702845],[1.3138626842076913,41.14936022149128],[1.3138475101279845,41.149392471263106],[1.3138369553019436,41.14942675229652],[1.3138327555161438,41.149449272542206],[1.313833735736098,41.14947658854904],[1.313836338756384,41.14949777621173],[1.313840030922543,41.14951598933969],[1.3138506677238515,41.14954640118691],[1.3138704471072669,41.14959578152333],[1.313891621601515,41.149639084222315],[1.313906279463055,41.149662321935985],[1.3139285006203825,41.14969221881608],[1.3139563223685546,41.149727241874515],[1.3139804972028453,41.14975577118933],[1.3140022927396597,41.149777167775774],[1.3140299646321572,41.14979897465799],[1.314058066477126,41.14981981502086],[1.314089912101396,41.14984011569133],[1.31412267616609,41.14985898860251],[1.314163130323357,41.14987910902157],[1.3141974835018264,41.149894564319496],[1.3142555107274305,41.14991670741681],[1.3143618914528394,41.14995531233089],[1.314491749188584,41.15000039485214],[1.3145126682312929,41.15000763677958],[1.3145737724292756,41.15002876186952],[1.3146552173446489,41.15005691319305],[1.314749440425682,41.15009005243818],[1.3148315123062981,41.1501193207316],[1.314902301472798,41.15014570361472],[1.3149553039415853,41.15016677300545],[1.3150016200284065,41.150186024111015],[1.315055016040207,41.15021173806324],[1.3150967679166854,41.15023378672709],[1.315128429773238,41.15025337283206],[1.3151632053743525,41.150277012809404],[1.315190976622992,41.15029868575496],[1.3152120622997825,41.15031757665743],[1.3152362624133551,41.15034049442286],[1.3152504184328269,41.150357293287456],[1.3152646721408867,41.15037493127458],[1.3152786804626981,41.15039424106011],[1.3152926540568943,41.1504172343927],[1.3153070060932235,41.150444529824895],[1.3153176569254406,41.15046837529265],[1.315327768408886,41.15049699583787],[1.3153367406128307,41.15052310464553],[1.3153442067945884,41.15055218190251],[1.3153516350341308,41.1505934457156],[1.3153584206575548,41.15065468771134],[1.3153813203944726,41.15086257920973],[1.3152969604499338,41.15086212066403],[1.315227150239119,41.150866952430114],[1.3151107108650752,41.150878418709965],[1.314976819223415,41.15089109142425],[1.314868045574646,41.15090559524998],[1.3147805570462257,41.15092041045482],[1.3147115267112683,41.150932569189415],[1.3146296557424137,41.15095478145673],[1.3145325561292436,41.15098736537122],[1.3144025324371476,41.151055342259305],[1.3142985152651732,41.151110883851054],[1.3141572065334217,41.15118636332939],[1.3140551610353723,41.15124046984751],[1.3139452996506051,41.15129738836956],[1.3138717986645314,41.151332891561225],[1.3138147464374275,41.15136863465072],[1.3137654711745743,41.15140302967374],[1.3137296279794537,41.15144200980027],[1.3136789694882667,41.15152469520255],[1.3136077537357926,41.15166555154165],[1.3135489389457482,41.15177003802249],[1.3134962289468513,41.15186290776631],[1.3134590367419448,41.15195454193386],[1.3134075498401228,41.15207523020201],[1.3133454123532553,41.15223380460223],[1.3132854341850009,41.152383631009926],[1.3131982382810783,41.15261353234394],[1.3131941661063304,41.152696872855074],[1.3132078712224258,41.15284192541562],[1.3132276439899069,41.152976825354536],[1.3132477156608628,41.153100023559304],[1.313258600445928,41.153204067027055],[1.3132605584436718,41.15327871627754],[1.313250793628486,41.153357584061965],[1.3132354795663401,41.153468402921554],[1.3133250828054621,41.15370690178377],[1.3133888753958147,41.15386146747856],[1.3134415078599961,41.15399831053269],[1.313449909896617,41.15404818092724],[1.313447810076704,41.15413008660196],[1.3134356307759172,41.154189897961764],[1.3134208845439768,41.15423650280792],[1.3133938540482053,41.154309264670424],[1.3133504049600206,41.154418365376955],[1.3133070682439647,41.15452307747132],[1.3132780640993398,41.154597274107864],[1.3132408699184677,41.15468890812761],[1.3132050489596705,41.1548025098404],[1.3131835232241573,41.154887057478696],[1.313171748323085,41.15496882141615],[1.3131574913746566,41.15503746204683],[1.3130943170413898,41.15560538060847],[1.3130827837542072,41.15575207026961],[1.3130691010432654,41.15590691532369],[1.3130684417932414,41.15600837385352],[1.3130695258821399,41.156067132814194],[1.3130704605653654,41.15613176425389],[1.3130897394461434,41.156206983364946],[1.313115653174856,41.15628907597838],[1.3131601622297377,41.156371967910545],[1.3132296175361573,41.15649243055892],[1.3133014623304018,41.15662076015261],[1.3133733563979262,41.156747132199214],[1.3134435150989943,41.156840190802015],[1.3129714209538568,41.15666737170937],[1.3125344405733361,41.15643002684523],[1.311240943377451,41.15593185824777],[1.3099089876460073,41.155444658305036],[1.3085391696127706,41.154945339307545]]],[[[1.2968040020872216,41.15121513074667],[1.2967521223937055,41.15115374052311],[1.296671044218375,41.151039957061606],[1.296715505368957,41.15094535086906],[1.2971595266693314,41.14993248612074],[1.2975698573384855,41.150037084584916],[1.2978911355972398,41.15011058131607],[1.298185291322576,41.15017115867129],[1.298484265161175,41.150230184221314],[1.2988167321310078,41.1502900676758],[1.299264704145717,41.15035729383593],[1.299684115136826,41.150414318958106],[1.3002331784494898,41.150468939928736],[1.3005441386679852,41.1504946716258],[1.3008850521478887,41.150516617227304],[1.3013818277950169,41.15053669855836],[1.3018779249845671,41.150546834309324],[1.3023165648511974,41.15054202421836],[1.3030031455549589,41.150512156885455],[1.3030664830731187,41.15050940165314],[1.303618020909637,41.15046819360264],[1.3040996116615526,41.150421509468906],[1.3044140619694,41.15037831644039],[1.3044434568729968,41.150733185853724],[1.3044189647556321,41.151090786456095],[1.3044780413472719,41.151169599674944],[1.304668015544036,41.15150437751728],[1.3049764447000098,41.151985237857204],[1.3053044886860619,41.152446177764034],[1.3055459607074416,41.15270954235844],[1.3056009259435843,41.15279984116717],[1.3059234970579354,41.153176982491836],[1.3064831544545925,41.15354317617723],[1.3070034102490513,41.15389164759037],[1.3070853129312747,41.153909661380936],[1.3085391696127706,41.154945339307545],[1.3099089876460073,41.155444658305036],[1.311240943377451,41.15593185824777],[1.3125344405733361,41.15643002684523],[1.3129714209538568,41.15666737170937],[1.3134435150989943,41.156840190802015],[1.3135369314633847,41.15693554729217],[1.3136406579119326,41.15703301381134],[1.313706540497487,41.15709076342913],[1.3137519539957498,41.15713842306901],[1.3138276938800224,41.157215898282374],[1.3139115406585227,41.15730387955112],[1.314006910646533,41.15740062619167],[1.3140599942964668,41.15745231445202],[1.3141334972545906,41.157516049156854],[1.3142375754463766,41.157599813630284],[1.314356894352079,41.157695548634884],[1.3144049990922106,41.15773933096569],[1.3145036483233352,41.157832805943755],[1.314591888699427,41.157928086717895],[1.3146365009626566,41.15800706403764],[1.3146657258645704,41.158079942377256],[1.3146914144404862,41.15816883196273],[1.3146979732439614,41.15823706309771],[1.3147052492210702,41.15831102806889],[1.3146925592238505,41.15844846015888],[1.3146693500355713,41.15851853992703],[1.3146413682112907,41.15858747615049],[1.3145949019400027,41.158644980686454],[1.31455139382862,41.15868852730092],[1.314506702583654,41.15872749970644],[1.3144579820157507,41.15875320457562],[1.314383181381786,41.158773573571125],[1.3143134250726416,41.15876760017642],[1.3142440506887854,41.15874677182103],[1.3141359576132086,41.15870226164802],[1.3140471860915506,41.15864410331512],[1.313941363443886,41.15854320706567],[1.3138555125971154,41.15845579277843],[1.3137348711126022,41.15832654815369],[1.313649717212104,41.158239444767275],[1.3135899238884663,41.15818573496975],[1.3134100366900865,41.15804440987402],[1.3132469445142454,41.157929748488634],[1.3131179592029458,41.157861695693356],[1.312840038147932,41.15776490949289],[1.3126864853001663,41.157738819634055],[1.3125743669127488,41.1577371776808],[1.3124155193444933,41.157756134555854],[1.3122635095988076,41.15778106519238],[1.3121391603955126,41.15787678715835],[1.3120425080763336,41.15801084899158],[1.3118629819984446,41.15830084904084],[1.3117915844512404,41.15860022277639],[1.3118219991988829,41.15875261009432],[1.3118611116598398,41.1589485723874],[1.3118780083539203,41.15913994035787],[1.3118471150068878,41.159366861860974],[1.3117797594624871,41.15949802555416],[1.3117086185923716,41.1596494698461],[1.3116629328464933,41.15970522455923],[1.3115568944940632,41.1597339871436],[1.3112910422077049,41.15973766950387],[1.3110341400423375,41.1597242971915],[1.3107177886182941,41.15982131684448],[1.3101688851248958,41.159741178457004],[1.3100255071926339,41.15974208467858],[1.3099215486866869,41.159758616225425],[1.309832970881178,41.1597964400666],[1.3097640646370046,41.15984358075194],[1.3096866561321907,41.15991166323411],[1.3096044938312175,41.16000976979293],[1.3095262344347167,41.160110943877044],[1.3094348734206716,41.16025706733097],[1.3093556855098227,41.16039434125396],[1.3092635515551765,41.1605705480236],[1.3091882661084029,41.160710887608445],[1.3090556285352708,41.16091358489485],[1.3089720728893046,41.161065842249585],[1.3089258104017651,41.16116146608216],[1.3089126311127672,41.161209423689165],[1.3088992982705965,41.16126339872085],[1.3089060990962664,41.16130864125286],[1.3089469483879679,41.16142360067504],[1.3089613248605998,41.16148400140371],[1.3089680496132983,41.16153225130323],[1.3089697870277706,41.161619551839394],[1.3089619412948885,41.16176990974267],[1.3089432342272023,41.161877976678916],[1.3088953490165676,41.16203677564846],[1.3088652414047195,41.162123608511],[1.3088269403999657,41.16221934920474],[1.3087933149617241,41.162288073141035],[1.3087475166512605,41.162365647355976],[1.3082021394012684,41.16172731803817],[1.3079983487664741,41.16162611468552],[1.3079025775143058,41.16148606021987],[1.3079551118186798,41.16122686893947],[1.3080455539348703,41.16097978756558],[1.3076508208106992,41.1605753766371],[1.3077093193927949,41.15949016511242],[1.3070829886590174,41.15917477938163],[1.3066275177238857,41.15864798840755],[1.306631417725182,41.15860344083184],[1.3059138935742918,41.158267933477546],[1.305517504750526,41.15807723778662],[1.3049510608747485,41.15781182584112],[1.3044982156541258,41.15773583607147],[1.3043184580139506,41.15744434084869],[1.3041003728932035,41.1573053698382],[1.303388095871533,41.15706379887933],[1.3031877282037962,41.15696467945406],[1.3023037642050208,41.156520218134354],[1.301413420129577,41.156070927926606],[1.2994176995949411,41.15506516504275],[1.2989525757478764,41.1551879163054],[1.2981976274629847,41.15517549834709],[1.2975589527191034,41.15489742882462],[1.2958730363893962,41.15418070012677],[1.2956478462142094,41.15398362521754],[1.2956304670505956,41.15390846019292],[1.2956982875620437,41.15379687883648],[1.2958575134935217,41.15369531168995],[1.2959534787974245,41.153529297559345],[1.296061047205227,41.15335768214875],[1.2961723648195604,41.153336234988075],[1.2962133839701504,41.15322714455796],[1.2962719973247083,41.15317604951579],[1.296425310553424,41.15315522341186],[1.2965699427651096,41.15317468335634],[1.2966744457120747,41.15312138001053],[1.29682072029996,41.15307735504602],[1.2968811271539742,41.15295700354613],[1.2968615060522146,41.15282969468197],[1.2969981197878944,41.152716243934144],[1.2972439488929641,41.152514917040634],[1.2972187089836675,41.15230958179464],[1.2972015609609173,41.15223427177569],[1.2970238409910035,41.15216524798792],[1.2968192461986905,41.15210159933623],[1.296626927548757,41.15200637790735],[1.2965569289036516,41.15190719181316],[1.2965967435049939,41.15169704491451],[1.2967346921217333,41.15138442591333],[1.2968040020872216,41.15121513074667]]],[[[1.3256277873018822,41.13233224318313],[1.326565277312499,41.132402161211715],[1.3274534336883574,41.132439828906286],[1.327874978810156,41.13256615515229],[1.329125508874641,41.13295939328156],[1.3307479119357124,41.13346134965824],[1.332646246155792,41.13406296508036],[1.3343190193514927,41.1345770823626],[1.3359110433944072,41.13508235410698],[1.33745802890503,41.13556781729474],[1.3385629775292396,41.13591675045572],[1.338907897773625,41.136028835880246],[1.3400699289342892,41.13629229858067],[1.3416089360525039,41.136764387947714],[1.3422119368720755,41.13695376003493],[1.3425477713386642,41.13706024614981],[1.3427002391116236,41.13710969639433],[1.3435204103233396,41.13736747480616],[1.3437826367892813,41.13745012940975],[1.344036299380603,41.137530241764686],[1.344214411471843,41.137586809866086],[1.3443714170831682,41.137634337889224],[1.3445463400647903,41.137691196513614],[1.3447199511496493,41.13774631828514],[1.344916704647825,41.13780833975361],[1.3450861758664379,41.13785996151214],[1.345263574644014,41.1379152593957],[1.3454541766539536,41.13797523513219],[1.345631614264713,41.138030434826284],[1.3455755401036984,41.138117865989756],[1.3457315136271923,41.13816838674654],[1.3455818391963283,41.13846979973231],[1.3455002405456666,41.13879183407576],[1.3452762499324944,41.138723230498954],[1.3449897960608195,41.13863873768334],[1.3446937999668953,41.138531143262945],[1.3444632585713712,41.13843788407967],[1.3441876984010366,41.13832292754504],[1.3436866631841877,41.138114781571275],[1.3432079220824282,41.13792609240058],[1.342781793882368,41.13775920888212],[1.3423628246863728,41.13760965009042],[1.3417051551488925,41.137389672270466],[1.3411449227152736,41.13722085168304],[1.3405844026749436,41.13706350700527],[1.3400310921432979,41.13692157268133],[1.339462215084906,41.136794721324996],[1.3389232221800245,41.1366874346384],[1.338187633691949,41.136546690527396],[1.3376027112897655,41.13645404498927],[1.3370173568715005,41.13637861350153],[1.3362979415817922,41.13629932931127],[1.3358256340273773,41.13625805898242],[1.3352266157908534,41.13622260975322],[1.3346475984140929,41.13619701439872],[1.3341034738127824,41.13619297319979],[1.3336453817333696,41.13619017334921],[1.333065446279848,41.13620091825318],[1.3324060024428683,41.136252610090736],[1.3319234891369962,41.13631451638284],[1.3314404900823364,41.136395550953026],[1.3309569563626793,41.13649762627713],[1.3303759075735848,41.13665187063736],[1.3299240038880493,41.136804157590305],[1.3294590092413163,41.136973475212706],[1.3293162989058147,41.13703542679667],[1.329228057248019,41.13692412815787],[1.3291143573415738,41.136767765775055],[1.329071524060714,41.13670848297478],[1.328853235298946,41.13676343751272],[1.328424665189006,41.13697057503799],[1.3283122713475044,41.137069212474785],[1.3282499199985467,41.13703692167788],[1.3281616749897815,41.13698366741981],[1.3280841643915011,41.13693939627941],[1.3279854713647572,41.13689878176277],[1.3278306142068774,41.13683663445437],[1.3276759743612478,41.13679403637141],[1.3274987897492883,41.136761919684],[1.3273262286673344,41.13674004835154],[1.327245902437259,41.13672221780817],[1.3271381254686672,41.13667813785242],[1.3270545384681425,41.136638552635176],[1.3269541089430936,41.13657728393465],[1.3268508295282806,41.13653434994665],[1.3267312719973006,41.136517840666414],[1.3266327708983439,41.136497854959494],[1.326546366442491,41.13647543276431],[1.3264205332091057,41.13640739914255],[1.3260987358851957,41.1364117317642],[1.325822290471738,41.13650679777139],[1.3255239656290638,41.13665428841423],[1.3253987994812633,41.13672763248811],[1.325292063160009,41.13678787278794],[1.3252583321974172,41.136800197256214],[1.3251837086660092,41.13682746228132],[1.3250468237190534,41.13688789443933],[1.3249384447214527,41.13693775189251],[1.3248782806782993,41.13696570081745],[1.3247804706078243,41.13700292119632],[1.3246521446348958,41.137026636707034],[1.324533121920208,41.137063997766134],[1.3244910700287869,41.13708716668319],[1.3243149882373422,41.137161529776876],[1.324093813540918,41.137256854417075],[1.3238845474175713,41.137338301146045],[1.3237098264396354,41.137396649763495],[1.3236464710942137,41.13741887776513],[1.3235923572801422,41.13744781482651],[1.3235626494536068,41.13749151912665],[1.323517873835985,41.13754680480181],[1.3234877636533335,41.13756420133199],[1.3234048665332456,41.13758182022505],[1.32331589274363,41.13760412546452],[1.3232618700441772,41.137638828493],[1.3232410330461086,41.137671043088005],[1.3232067681200765,41.137715941994486],[1.3231739652280556,41.13776887884958],[1.3231305788548442,41.1378069793768],[1.3229953418402576,41.13788679917972],[1.322846672938146,41.13797939491227],[1.322618207380685,41.138103434494155],[1.322498010629767,41.138177437737774],[1.3223686603865639,41.13824121912052],[1.3222424375777249,41.13830387494234],[1.322084496705102,41.13838615522967],[1.3219643231667106,41.13845448352365],[1.3218457687158265,41.13854346244637],[1.3217528247052133,41.13860930488867],[1.321635598163589,41.13867884585164],[1.3215648903918082,41.13870898221456],[1.3215061508592634,41.1387276723961],[1.321388423200955,41.13874676473254],[1.3212750412170637,41.13875430062493],[1.3211556361293275,41.138750399161125],[1.3210845185909073,41.13874053507884],[1.3209406479411705,41.13872420668551],[1.3207877434368653,41.13869765799967],[1.320609009112848,41.13866550811085],[1.3204029517809703,41.13862548324851],[1.3202863047430287,41.1385928872018],[1.3201435770593477,41.13854108495832],[1.3200192059650198,41.13849369286039],[1.3199145622185045,41.13846226235815],[1.3197842457196947,41.13843775328408],[1.3196435362708931,41.13842831508813],[1.3195318527054845,41.13843929599306],[1.3193358480812931,41.13848633912328],[1.319141271710286,41.1385287179661],[1.3185911597186197,41.138692464266256],[1.318395310990342,41.138756621397256],[1.318327640355116,41.13879373587956],[1.318227253172308,41.1388802731747],[1.3179461834839503,41.13917413891757],[1.3178263825579806,41.13928831642936],[1.317751667943243,41.13936324831568],[1.317621453200139,41.139527099328326],[1.317577013671031,41.13966440255967],[1.3175494747207375,41.13977585616872],[1.3174757973732534,41.13977288822701],[1.3173046276063478,41.139757056302294],[1.3171984043676708,41.13974082201338],[1.3170840165464142,41.13971771270061],[1.3170185386254483,41.13970162327326],[1.3162778738873175,41.139488759178896],[1.316158215121278,41.139443503536775],[1.3159092753450248,41.13935654424466],[1.3158586544854323,41.13933724856876],[1.3157204873212387,41.13926991873272],[1.3155633590780464,41.13919007112762],[1.3153620751185637,41.13906606628203],[1.315296807096546,41.13901854280797],[1.315174350395728,41.13893370233504],[1.3150562485097166,41.13883235166306],[1.3148744901694414,41.138667107103984],[1.3148004554572263,41.138589730355065],[1.3147213041681032,41.138498136925534],[1.3146493875978082,41.13839854257283],[1.31441761858655,41.138027464855774],[1.3143047160750463,41.13783485354779],[1.313830219210115,41.13799067273788],[1.313597904579508,41.13806896910264],[1.3129782006651793,41.13828667461206],[1.3129781273209657,41.1382867005602],[1.3122966516843118,41.138512802227886],[1.3121269074420667,41.138571655593076],[1.3115598099220966,41.13877907219978],[1.3105166300468267,41.13918009960704],[1.3104064083695894,41.13922388484383],[1.3103781360865894,41.13919138178881],[1.3103093775946573,41.139129863406374],[1.31024751521153,41.139083114857385],[1.3101914564356802,41.13904653621268],[1.3101223206164634,41.13899968087482],[1.309991135796334,41.13891340886712],[1.3097623347428544,41.1387560266718],[1.3095237410108842,41.13860216632799],[1.3090828797313065,41.13829681324643],[1.3087013154153435,41.13804367018725],[1.307876524904583,41.13748329861168],[1.307142276952357,41.13698659559902],[1.306672578861685,41.13667164070559],[1.3062946469586472,41.13641946005839],[1.3059451417411534,41.13618811179087],[1.3059791529835942,41.13616511513927],[1.305997061141921,41.13614979559722],[1.306178333337921,41.136022573805214],[1.3062566072060962,41.135962474062715],[1.3063779512691838,41.13581904434149],[1.3064407463769392,41.135825655999305],[1.3068921065952503,41.13586534991925],[1.3069576945133448,41.13585838753279],[1.3073124377776306,41.13583231082729],[1.3073482470238298,41.13581183076387],[1.307348775824681,41.135791265429006],[1.3073352063902892,41.135765981937105],[1.3072982631741228,41.13574461364645],[1.307604207547625,41.135773041015476],[1.3077789982954608,41.13579119239694],[1.307910261175771,41.135801678151296],[1.3080421671189555,41.13580568781059],[1.308108181424845,41.1358053064996],[1.308239977705081,41.13579967630644],[1.3083709854766326,41.13578763906214],[1.308436014725458,41.135779226427644],[1.3088843079910348,41.13571573172194],[1.3102895669926844,41.135525341129956],[1.31016705812642,41.135147245755725],[1.31018862670869,41.135109396576844],[1.3102184599102231,41.135035302704466],[1.310226332742273,41.13501905610605],[1.3102316139941637,41.13500263456895],[1.3102340559979122,41.134996568722855],[1.3102576273524593,41.134899813789445],[1.3102622434995164,41.134845296109646],[1.3102593521665782,41.134800126148136],[1.310244670434459,41.134754783197806],[1.3102289610503415,41.13472626917979],[1.310210520653119,41.134702038686015],[1.3099463544052221,41.13440308778185],[1.3099088916747679,41.13435252842173],[1.3098273539042018,41.1342382877892],[1.3098171700756358,41.13422913984857],[1.3097988970936647,41.134205360318354],[1.309591644693734,41.133971456461246],[1.3094451071603577,41.133808972151094],[1.3092560460568359,41.13356731804325],[1.3092105318287324,41.133511794221214],[1.30920329924282,41.13350297058693],[1.3091807945267233,41.13348676718689],[1.3091498547473759,41.133471450584594],[1.3091148184187205,41.13346255922551],[1.3090149969560583,41.13331751056567],[1.30889128927264,41.13233422487682],[1.3088853961593323,41.13229065375777],[1.3097151481678981,41.132202282987684],[1.3104711318440705,41.13212821518506],[1.3107487313088828,41.132097645267635],[1.311286200375693,41.13205789567509],[1.3120257680242318,41.13202832258513],[1.3123067024744623,41.132016562203376],[1.3132104984637019,41.13198505716294],[1.313588905683328,41.13196894739427],[1.3137322904766877,41.13196094314537],[1.3139810787209782,41.13193716128568],[1.3142167289555675,41.13190452587172],[1.3145277658679408,41.131835464405995],[1.314746757415464,41.131782376682686],[1.3149658594223324,41.13172495935049],[1.3151195247134737,41.131688236543354],[1.3152892068194528,41.13165968523459],[1.3155154527787654,41.13164607034244],[1.3156275165815958,41.13164135994822],[1.3157353882519376,41.131635989139966],[1.3158414453338758,41.13163053134502],[1.3159886435806603,41.13162658838282],[1.3166150639953222,41.13163233319968],[1.3170228219909546,41.131633091528066],[1.317760517512493,41.13165828105882],[1.3184615946193534,41.13167790053452],[1.3186427770237341,41.13168487654025],[1.3188293905856097,41.13170347825906],[1.3189473024443699,41.131721076010756],[1.319179089646653,41.13176487475834],[1.3195320538035782,41.13184796917437],[1.3196790314070217,41.13188619861027],[1.3198242830811973,41.131917185868396],[1.319987665257055,41.13194843651759],[1.3200661094831205,41.13195872116617],[1.3200661400264329,41.13195872407786],[1.320177453650903,41.131973577677385],[1.3203860593805976,41.131990693439654],[1.3206647977086414,41.13200883147092],[1.3211893018483751,41.13204678938574],[1.3217496978492562,41.132080938023336],[1.3221756366500665,41.13210987800958],[1.3237952025091375,41.13221465171484],[1.324747166022453,41.13227829987374],[1.3256277873018822,41.13233224318313]]],[[[1.342919239143491,41.14672506335123],[1.3429278816926065,41.146727628739626],[1.343043792650645,41.146656126813944],[1.3431968497468787,41.146547087193],[1.3435663609783592,41.1462836053546],[1.3437477514401173,41.14614441277266],[1.3438631865798627,41.1460556141718],[1.343985298447667,41.145829999290285],[1.3441828170003174,41.14556390698132],[1.3443990556534071,41.14532497622649],[1.3446272287441239,41.1451901217075],[1.344773651638027,41.145090765820555],[1.3449180593630337,41.145007271814535],[1.345023637700512,41.14492444194931],[1.3451130199024786,41.1448426015693],[1.3452125009002271,41.14474501429339],[1.3453611967424146,41.14455523067345],[1.3455665419560268,41.14429902778739],[1.3457005323851272,41.14411514404082],[1.345809261645079,41.1439712373879],[1.3458908349275087,41.14387828245289],[1.3460030611607332,41.14378821233447],[1.3461414891487962,41.143685071983704],[1.346420655426072,41.143515497092196],[1.3466000769025712,41.14338971892219],[1.3467154124590486,41.14330458200658],[1.3468460622949592,41.143189105045884],[1.3469849468875708,41.143067634538134],[1.3470758188905076,41.142990703244024],[1.3472338819329313,41.142910458504744],[1.3474003276200313,41.14285050343949],[1.3475296363596228,41.1428205759356],[1.347618593737439,41.14278930009615],[1.3476937336404173,41.1428571300852],[1.3477836520196913,41.1429560191455],[1.3478731559491874,41.14312188379589],[1.3479600167464214,41.14324178029273],[1.348106251290566,41.143366355664035],[1.348334037794608,41.143519849890026],[1.3486492940414754,41.14371861399515],[1.3488436318530972,41.14389363472428],[1.3490526022685612,41.1440908729258],[1.349364408659262,41.14442737340539],[1.3496754077821538,41.144745680723474],[1.3500847976970227,41.14507783530564],[1.3506705409814206,41.145545519003846],[1.3510473522003388,41.145864764221386],[1.3514356316191765,41.14613058944249],[1.351805871738227,41.14630812306228],[1.3521062106481347,41.146446381513144],[1.3524711004882815,41.14664304494083],[1.3523260959131527,41.14680200654428],[1.3521315655059525,41.14702149860855],[1.3520260630578573,41.14716061134343],[1.3518527086321501,41.147253392066986],[1.3516097404795886,41.14737012420674],[1.351501236905027,41.14750919348866],[1.3514583813755285,41.14766281185411],[1.3514975116516668,41.14801719740133],[1.3515305864959424,41.148373764326664],[1.3515379835154213,41.148557587162315],[1.3515139764110524,41.148677453995425],[1.3514363756210466,41.14878067611717],[1.3511940711398516,41.148990409334296],[1.3511047542359773,41.149082123941476],[1.3508154767435103,41.149250357289716],[1.3507359544159179,41.14931045773511],[1.350593004172966,41.14974615586799],[1.3505879004402692,41.14983000291423],[1.350624281442302,41.1499348569084],[1.3507004273380898,41.15024894714938],[1.3508231590871966,41.1505001971223],[1.350901351166972,41.150732663565314],[1.3510281649938127,41.15094087810362],[1.3511647787086773,41.15105737347385],[1.3512988988068853,41.15121352541018],[1.3513641984569362,41.151361887722494],[1.3513664821641704,41.151450376717314],[1.3512559030737452,41.15161209680303],[1.3511501353994289,41.151761412086735],[1.3510553835116883,41.15183036701009],[1.3509340891891506,41.15188079618195],[1.3507983237375425,41.1520296815687],[1.3507609846344175,41.15214255297965],[1.350849286717923,41.15233093649949],[1.3508995941826893,41.15241897915431],[1.350907791372283,41.15251095495159],[1.3508710501134202,41.15260001913932],[1.3508059810059483,41.15268187337911],[1.3506369042656914,41.15284275597368],[1.350546813812122,41.15296507725257],[1.350488333647575,41.153083315061814],[1.350307989865863,41.153513940743885],[1.3502531961085755,41.15363573874466],[1.3500615706320869,41.15294041191425],[1.3465615156989543,41.15322258870924],[1.3337463325890444,41.15624505441439],[1.3335594787704126,41.156288676076194],[1.3316999425647633,41.15939157598653],[1.3317296944466053,41.15921809525281],[1.331746656035359,41.15911620075019],[1.3318092688212122,41.15891500174501],[1.331849831411327,41.15878954417929],[1.3318802742045903,41.15860961053401],[1.331913701819776,41.15842537400541],[1.3319733385498922,41.15834148293378],[1.332045628841333,41.15821213874428],[1.3320670249000757,41.15808644220309],[1.3321012556681986,41.15793479726577],[1.3320994244766438,41.15785726593667],[1.332040930447441,41.15776743117718],[1.3318804350825835,41.15765602411005],[1.331731766442301,41.15752756586222],[1.3316776535291703,41.15741482983043],[1.3315984181569622,41.1572443179612],[1.331502979030902,41.157113759010244],[1.3313059731983377,41.15694441210302],[1.331100793437431,41.15679791005569],[1.3308260251400694,41.15654992872718],[1.3306397578870075,41.1564065706701],[1.3305316568685144,41.15632606294774],[1.3304383416961478,41.15626155779256],[1.3303000485967047,41.156173435868396],[1.3301440527910406,41.15610945652884],[1.330012224923297,41.15606592133259],[1.3298517042871887,41.156030581902044],[1.3298065819439486,41.1560127042864],[1.3297037753218046,41.15594805997727],[1.3296584344785805,41.15593879118139],[1.3296131289027924,41.15592808708767],[1.3295716942181295,41.155914568443364],[1.3294788178252248,41.15583284478387],[1.329384444647302,41.15573531193391],[1.3293148220282676,41.15563526740144],[1.3292899582859954,41.155567447898996],[1.3293057971910376,41.155467207407746],[1.3293079835003256,41.15538112225662],[1.3293237494446948,41.15528375138365],[1.3293719682943834,41.15517967505668],[1.3294139384530568,41.15511605521157],[1.3294351662269972,41.155102727640525],[1.3294771468802147,41.155094725484936],[1.3295367600997328,41.1550654485194],[1.3296096613223014,41.1550363651684],[1.3296583941436284,41.15498683733948],[1.3296993876734942,41.15494293770077],[1.329726507888668,41.15488448431452],[1.329728185932142,41.15485580362703],[1.3297185466006143,41.154824087207075],[1.329696568733464,41.154792191824185],[1.329658764060021,41.154747867148856],[1.3296052260802447,41.154687526843574],[1.3295720402409859,41.15464829260602],[1.3295400225268257,41.15460046325487],[1.3295254526785834,41.154538535379096],[1.329519499882385,41.15447386091568],[1.3295157555829056,41.15443433583718],[1.3295164295749666,41.154407793373316],[1.3295238204296511,41.15437847675965],[1.329542583227594,41.15435004299952],[1.329565177962001,41.154320229929205],[1.3295744312958693,41.154292376119685],[1.3295842481050277,41.1542422838153],[1.3295894622723723,41.154111748323814],[1.329639472865449,41.154086638482134],[1.3296891191214266,41.154075876749694],[1.3297680743529656,41.15395789262221],[1.3298035864346247,41.153830667223936],[1.32983070242302,41.15369757867554],[1.329830974376212,41.15364950070061],[1.3297957078198817,41.15361741350473],[1.3298654648695363,41.15358484892361],[1.3299024675811901,41.153543008077406],[1.3299014996256693,41.153524522403465],[1.329878806835464,41.15345573736255],[1.3298440337769755,41.15335309365057],[1.3298166121991624,41.15324403603339],[1.3298062400709347,41.15308632948344],[1.3298000622416097,41.152820023833925],[1.3297838527949177,41.152552486378234],[1.329774365985611,41.152416524095464],[1.3297765747811379,41.15238613156543],[1.329789312700829,41.152337420104104],[1.329809704008676,41.152270346198755],[1.3298397419713657,41.15221971213071],[1.3298933781377207,41.15214551533683],[1.3299703666252425,41.15205753073777],[1.3300070069667944,41.15197330799442],[1.3300174766675543,41.15190065775659],[1.3300593684908988,41.151836069091125],[1.3301795266665135,41.15180304076573],[1.33034970241092,41.151725100199414],[1.3305527067424643,41.151599824478254],[1.3306404728292047,41.15154024762243],[1.330670151534927,41.151503733652746],[1.3307055732828692,41.15141079988884],[1.330741657525487,41.15129179725242],[1.3307945956253004,41.151131748593],[1.3308223077426502,41.15105934818804],[1.3308428089511466,41.15098793046261],[1.3308439112090504,41.15094448263222],[1.3308724312896758,41.150909327254446],[1.3309786921971936,41.15086441484928],[1.331054578652298,41.150805615782296],[1.3310714270569315,41.150778967211444],[1.3310759319152508,41.150761621031364],[1.3310778435247193,41.150745360502725],[1.3311206012139665,41.15071233809405],[1.3311614941910206,41.150682591690995],[1.3312436156928176,41.15067188463045],[1.3313534709815604,41.15068477904319],[1.3314503926970491,41.15071116832677],[1.3315779393585723,41.150771313596124],[1.3316916153897864,41.1508818230948],[1.3317712341540138,41.15096982844294],[1.331884484250346,41.15103512031953],[1.3319588468319061,41.151051069701474],[1.332069020687803,41.15105147556935],[1.3322491040085216,41.15102612443762],[1.3325319736477228,41.15095110245659],[1.3330712794583752,41.15081911390364],[1.3332382871955646,41.1507507413623],[1.333374140448905,41.15066942432689],[1.3335909956462826,41.150590470065254],[1.3338293681065423,41.1505320521167],[1.3341204204354853,41.150475584720226],[1.3343411900974005,41.15049067607191],[1.3346571435121446,41.150538671492306],[1.3350601686620542,41.15059803762291],[1.335261300345316,41.15061165340552],[1.3353813355272919,41.15059554200827],[1.3354493549200885,41.15058224832234],[1.3355355857991411,41.15053352474933],[1.335731798591445,41.15043047300721],[1.3359443776580826,41.150302671548495],[1.3360481861056583,41.150243494376795],[1.3361296952004267,41.150194702127344],[1.3361962318090963,41.150177817806565],[1.336262316103545,41.150178772546376],[1.3363581166391654,41.150187294972085],[1.3364190602400592,41.15020483200406],[1.3364979140642281,41.1501988326385],[1.3365472620900776,41.150176940268125],[1.3366331609122943,41.150141298045774],[1.336829641435563,41.1500275401778],[1.336928548606071,41.149975429853335],[1.337001257896234,41.14996339286143],[1.3370783562189144,41.1499645061801],[1.337134339676158,41.14999148852167],[1.3373242562548129,41.150075134108604],[1.3374425157411363,41.15012919027129],[1.337519344999177,41.15014100751297],[1.3375986482300064,41.15011716734356],[1.337642153238662,41.15007734361859],[1.3376876524765198,41.15002089291588],[1.3376813179722533,41.14996012343445],[1.3376579752033944,41.14988721225112],[1.337606040352373,41.149824595531996],[1.3375665131131471,41.14976929633673],[1.33756904834897,41.14973126008122],[1.3375997849995094,41.14969839138435],[1.3376995135243874,41.149676035875224],[1.3378079903084275,41.14968117039894],[1.337916930309102,41.14973033290593],[1.3380506531935705,41.14979531972513],[1.3381101446310784,41.14980807624983],[1.3381717492450247,41.14979944703198],[1.3382493580715478,41.14978034061556],[1.3382846050294885,41.14975586514149],[1.3382885032164542,41.14972617685925],[1.3382718436255698,41.14963789546908],[1.3382477505879449,41.14959471630313],[1.33826607930469,41.149554529045886],[1.3383109168608673,41.149524242503276],[1.3384243245396745,41.14952112016969],[1.338559700464319,41.149520693540566],[1.3386469607629499,41.14949339867033],[1.338827683172424,41.14944246695695],[1.3389772680026857,41.14937799797021],[1.33918566955967,41.14929058284449],[1.3393361357193738,41.14925349085296],[1.3395007642388672,41.14921660286909],[1.3395972829868035,41.14919657920528],[1.339718378111047,41.149200703966365],[1.3398673133830072,41.14922426726877],[1.3400428178367818,41.14925535088879],[1.3400644439964342,41.14917803154716],[1.3401427085306263,41.14897690090621],[1.3402659496831848,41.148833527720505],[1.3404348650200504,41.1486265657637],[1.3405250155961381,41.14854696136419],[1.340756626038612,41.14835042054669],[1.340867741147253,41.14825089249887],[1.3409706881163685,41.148163143767846],[1.3410229261152449,41.14808894224226],[1.3410803345257032,41.14799696862484],[1.3411380881324695,41.147828855101714],[1.341194072470006,41.14773091235994],[1.3413119874504682,41.14761125548292],[1.3414328404713984,41.14749997002411],[1.341585280854079,41.147384379755316],[1.3417581435491561,41.1472702732343],[1.3418798195520196,41.1471887418929],[1.3420044613723496,41.147114392459834],[1.3420638148401953,41.14707003653134],[1.3421077346359211,41.147013560388395],[1.3421387973657377,41.14696760725226],[1.3422186944195929,41.146919977309686],[1.342355053779227,41.14688029937632],[1.3425358273771748,41.14682698272967],[1.3426573665436967,41.14681326512047],[1.342766259665401,41.14680174518382],[1.3428216265993056,41.1467906439147],[1.342877413995719,41.14676289290751],[1.342919239143491,41.14672506335123]]],[[[1.328115973730033,41.15140427511668],[1.3281144708458115,41.15137637784815],[1.3281019750504162,41.15134377040581],[1.3280908709102728,41.15132163094286],[1.3280802867373636,41.151298679347015],[1.3280716691265235,41.15127623369775],[1.328064441562481,41.15125161040368],[1.3280613539057118,41.15122867756763],[1.3280599856492186,41.151202752188354],[1.328058449763499,41.151177373831544],[1.3280576850490609,41.151154006331545],[1.3280574483613645,41.1511375282129],[1.328057149296422,41.15111131210167],[1.3280582063315978,41.151089412247146],[1.328062256828584,41.15104331762213],[1.3280645444940078,41.15100783343696],[1.3280662646881027,41.15098375349125],[1.3280658391847167,41.15094548983938],[1.3280623305606554,41.15090048166112],[1.3280522132427803,41.150859958739915],[1.3280298734539908,41.15080956091104],[1.328021029963966,41.15079225524892],[1.3280062486895732,41.15076091258989],[1.3279802738802102,41.150722536503416],[1.3279584318307986,41.1506918056156],[1.3279470122084922,41.150671300918326],[1.3279392654195321,41.150654920928645],[1.3279322556475917,41.150632048237966],[1.327927675424953,41.15061387669796],[1.3279247212974281,41.150595539610634],[1.3279217752493229,41.15057125770275],[1.3279198618303762,41.15055182780552],[1.327918650090067,41.15053198474475],[1.327917998944126,41.15050644808752],[1.3279175024095164,41.15048659739596],[1.3279179183991798,41.15045334781358],[1.327918856524098,41.150404194996405],[1.3279155127977944,41.15034388729435],[1.3279127535628756,41.150305315025456],[1.327909962818791,41.150265497464794],[1.3279068261910298,41.15023324116667],[1.3279040719761066,41.15019531570708],[1.3279031254252405,41.15015748855354],[1.3279028934201136,41.150127229052416],[1.32790195757539,41.15007514771341],[1.3278999464308094,41.150052811482475],[1.3278922929837886,41.150006549620485],[1.3278855422126026,41.14997761504697],[1.3278676503245859,41.149903390317334],[1.3278512799118882,41.149852435988706],[1.3278390693864202,41.14981518389217],[1.3278273561996885,41.149775759204964],[1.3278222143055818,41.1497544178766],[1.3277746017695407,41.14966145836863],[1.3277524665703668,41.14959806385066],[1.3277186741578402,41.14952071139699],[1.3276834826166237,41.14943989685603],[1.327681682206073,41.14935741711201],[1.3277195190133708,41.14926766473277],[1.3277617850878436,41.14918143012504],[1.3278036708360457,41.14910663938993],[1.327844612330041,41.14901465405315],[1.3278158203427397,41.14892365402868],[1.3277764196105606,41.148878257968924],[1.3277235799952636,41.14882688574558],[1.3276549980544545,41.1487477364047],[1.3276151495111181,41.1486702698454],[1.3275143577572892,41.148557310559994],[1.3274684142147888,41.14848087506193],[1.3274252038594043,41.1483678485043],[1.3273671556941729,41.148245383659685],[1.3273421457069499,41.14817735528286],[1.3272969643631676,41.14807803285734],[1.3272536398458867,41.14796844002711],[1.3271913924578682,41.147835590616324],[1.3271122600481755,41.14770929564415],[1.3270735560411995,41.147597499074166],[1.32700661329087,41.147469142741315],[1.3269634429681831,41.14735497172898],[1.3268909403623679,41.14721162536399],[1.3268321035704884,41.147067389395204],[1.3267820094600502,41.14693362281392],[1.3267333544700717,41.14680217402761],[1.3266661474689212,41.14668182850906],[1.326606664342041,41.146557047303524],[1.3265798375905298,41.14649814575814],[1.3263876074813332,41.14649225825055],[1.3263046587178837,41.14652620267648],[1.3261880648798878,41.14652401991987],[1.3260545847810141,41.146528392248925],[1.32594143891334,41.14651367860449],[1.3258191691812866,41.146499938330315],[1.3256726724534453,41.146485744814385],[1.3255346896366644,41.14648888640866],[1.3254226397304485,41.14648678876209],[1.3252698969678642,41.146478202946724],[1.3251171155707775,41.146470762118994],[1.3249520976781586,41.14651232848407],[1.3248528370143016,41.14653566068041],[1.3247796217156627,41.14655032004187],[1.3246822191766097,41.146563381762604],[1.3245908719027641,41.14657655581419],[1.3245546957155656,41.14652549571727],[1.3245262808205924,41.14646885579532],[1.3244790204605232,41.14638667118208],[1.3244532629567167,41.146295728865745],[1.3244221626930568,41.146228733573274],[1.324391635445918,41.14614457203631],[1.3243538414567648,41.1460511144204],[1.3242973545361814,41.145927535790754],[1.3242494199357753,41.145820147330014],[1.3242116649940805,41.14572554538099],[1.3241957185195175,41.14561303141699],[1.3241957021240491,41.145522571694784],[1.3241817920668901,41.14543986701004],[1.3241569902530004,41.14532031633428],[1.3241370345100483,41.145191696274615],[1.3241124870285996,41.14510993749608],[1.3240731427174248,41.145017595762816],[1.3239966579329516,41.14494860496625],[1.323896927482707,41.14489521004631],[1.3237915376203802,41.144920717520804],[1.3236973184087206,41.14492925885959],[1.3235985578548912,41.144937714198015],[1.3234906360083207,41.14494828885747],[1.3233898271378892,41.1449727367152],[1.3233062453758524,41.14498033098256],[1.323214941097515,41.14499236153003],[1.3230876411858665,41.1449934110821],[1.3229332897222612,41.14494242753987],[1.3228312468580632,41.14491303450356],[1.3227126626570258,41.14487989655166],[1.3225982903975948,41.14481134023814],[1.322479796794479,41.14473011239644],[1.322406789493416,41.14469324776393],[1.3221471053147427,41.144423526709495],[1.322434581293624,41.14422644236658],[1.3228543904839454,41.14401595920936],[1.3232795743898085,41.14379523827905],[1.3235810187703794,41.143611392735046],[1.3238510514338604,41.14345545379759],[1.3241246242737719,41.143294408045115],[1.324461013832003,41.143077548203365],[1.324721469172085,41.14289568210612],[1.3249541863944003,41.14273146207766],[1.3252947359669942,41.142485006697534],[1.3255540712358989,41.14227991548749],[1.3259924143958879,41.1419433411892],[1.3264099672795275,41.141619356385576],[1.326702278068491,41.141391534817565],[1.3269728472333868,41.141172446478144],[1.3275279977331464,41.1407441814128],[1.3282063060790654,41.14025072263245],[1.3286004687320183,41.139980868396485],[1.3293777888673368,41.13947544262937],[1.3303434682327075,41.13892872729767],[1.3309409237261614,41.13862736462193],[1.3316524867954578,41.13831808318696],[1.3317212052571352,41.13840328256589],[1.331951678199903,41.138748219570225],[1.3320738818117668,41.13887055396681],[1.332093519938134,41.13889475959746],[1.3321811474310261,41.138934992374516],[1.3322966768181022,41.13894918130375],[1.3324296111291982,41.13891780728181],[1.3329173377943393,41.13875071998628],[1.3334254767442346,41.13857722801525],[1.3335634038608775,41.13852850982105],[1.3336385118784775,41.13851141674404],[1.3337004602497098,41.13851422625398],[1.3337445248907862,41.13852347586779],[1.3337834804355198,41.13853456474107],[1.333822169662342,41.13855617501497],[1.333854388036976,41.138583433943936],[1.3340222937900525,41.13875044262137],[1.3342148770167546,41.13894268671325],[1.3344293155541527,41.139171607143446],[1.334544568527306,41.13931871623029],[1.3345768995389433,41.139403284113364],[1.3347103187598293,41.13952109671459],[1.3348721211210246,41.139679404722585],[1.33495817141818,41.13978016191446],[1.3350029224752107,41.13981238559802],[1.3350567226637826,41.13983708461069],[1.335097823083833,41.13986351409938],[1.3351398255331772,41.139904309166],[1.3352005966489946,41.14000374413875],[1.3352860220484326,41.14017522255299],[1.3353394888353167,41.140217218222546],[1.335419546452093,41.140254735956546],[1.3355014496197242,41.140269315684876],[1.335650797991323,41.140269560021025],[1.3358914879912802,41.140261556279626],[1.3360936383926967,41.14027595895199],[1.3362554472430612,41.14028403800506],[1.3368752646250242,41.14049967210722],[1.3375161039736936,41.14068498714614],[1.3381641525316703,41.14088571270676],[1.3387096113201133,41.14103902464987],[1.3390483393110195,41.141158733484424],[1.3394133867706863,41.14123863295873],[1.3395627869652862,41.141236959782],[1.3396718904725513,41.141227049993134],[1.3398762381414218,41.1412548745722],[1.3403461404533283,41.14124250992583],[1.3408103777171028,41.141253982970156],[1.341346664335389,41.14126936342985],[1.341624929636376,41.14127719802801],[1.3416830368863808,41.14128186203617],[1.3417509274207562,41.14130006284161],[1.34188671096517,41.141336465269084],[1.3421654838494552,41.14142468252643],[1.3423364536092883,41.14147115870046],[1.3424899517854245,41.141507814494666],[1.3426392563019371,41.141509963238065],[1.3427841248833696,41.14148717013112],[1.3428631505443671,41.141465342634305],[1.3429160514294243,41.14147567248911],[1.343001561309175,41.14149795336396],[1.34316417050675,41.14157492812904],[1.3435568975881242,41.141762381277545],[1.3438972057048493,41.14192037239574],[1.3442232950435578,41.14203988429938],[1.344620435669148,41.14215276200888],[1.345053678245751,41.14223936522654],[1.3452941152256248,41.14234233318566],[1.3455077380302796,41.14260566785045],[1.345689617913626,41.142822617784155],[1.3458029976994788,41.14294481092196],[1.3459226593457716,41.14291782362365],[1.346075170318408,41.142893222057694],[1.3461650712113598,41.14294235557014],[1.3463535230716541,41.14299864641842],[1.346470957146362,41.14300990124983],[1.3465725666930306,41.14299605004466],[1.3466709820191283,41.142958231664366],[1.3468014936179924,41.14285198004814],[1.3469119287571476,41.142738742124],[1.3470696197768675,41.142558245041556],[1.3471860606805897,41.14250824556212],[1.3472469636475897,41.142502421620215],[1.3474269584457095,41.1425930358461],[1.347552634123994,41.14272975627529],[1.347618593737439,41.14278930009615],[1.3475296363596228,41.1428205759356],[1.3474003276200313,41.14285050343949],[1.3472338819329313,41.142910458504744],[1.3470758188905076,41.142990703244024],[1.3469849468875708,41.143067634538134],[1.3468460622949592,41.143189105045884],[1.3467154124590486,41.14330458200658],[1.3466000769025712,41.14338971892219],[1.346420655426072,41.143515497092196],[1.3461414891487962,41.143685071983704],[1.3460030611607332,41.14378821233447],[1.3458908349275087,41.14387828245289],[1.345809261645079,41.1439712373879],[1.3457005323851272,41.14411514404082],[1.3455665419560268,41.14429902778739],[1.3453611967424146,41.14455523067345],[1.3452125009002271,41.14474501429339],[1.3451130199024786,41.1448426015693],[1.345023637700512,41.14492444194931],[1.3449180593630337,41.145007271814535],[1.344773651638027,41.145090765820555],[1.3446272287441239,41.1451901217075],[1.3443990556534071,41.14532497622649],[1.3441828170003174,41.14556390698132],[1.343985298447667,41.145829999290285],[1.3438631865798627,41.1460556141718],[1.3437477514401173,41.14614441277266],[1.3435663609783592,41.1462836053546],[1.3431968497468787,41.146547087193],[1.343043792650645,41.146656126813944],[1.3429278816926065,41.146727628739626],[1.3429192392321576,41.14672506305259],[1.342877413995719,41.14676289290751],[1.3428216265993056,41.1467906439147],[1.342766259665401,41.14680174518382],[1.3426573665436967,41.14681326512047],[1.3425358273771748,41.14682698272967],[1.342355053779227,41.14688029937632],[1.3422186944195929,41.146919977309686],[1.3421387973657377,41.14696760725226],[1.3421077346359211,41.147013560388395],[1.3420638148401953,41.14707003653134],[1.3420044613723496,41.147114392459834],[1.3418798195520196,41.1471887418929],[1.3417581435491561,41.1472702732343],[1.341585280854079,41.147384379755316],[1.3414328404713984,41.14749997002411],[1.3413119874504682,41.14761125548292],[1.341194072470006,41.14773091235994],[1.3411380881324695,41.147828855101714],[1.3410803345257032,41.14799696862484],[1.3410229261152449,41.14808894224226],[1.3409706881163685,41.148163143767846],[1.340867741147253,41.14825089249887],[1.340756626038612,41.14835042054669],[1.3405250155961381,41.14854696136419],[1.3404348650200504,41.1486265657637],[1.3402659496831848,41.148833527720505],[1.3401427085306263,41.14897690090621],[1.3400644439964342,41.14917803154716],[1.3400428178367818,41.14925535088879],[1.3398673133830072,41.14922426726877],[1.339718378111047,41.149200703966365],[1.3395972829868035,41.14919657920528],[1.3395007642388672,41.14921660286909],[1.3393361357193738,41.14925349085296],[1.33918566955967,41.14929058284449],[1.3389772680026857,41.14937799797021],[1.338827683172424,41.14944246695695],[1.3386469607629499,41.14949339867033],[1.338559700464319,41.149520693540566],[1.3384243245396745,41.14952112016969],[1.3383109168608673,41.149524242503276],[1.33826607930469,41.149554529045886],[1.3382477505879449,41.14959471630313],[1.3382718436255698,41.14963789546908],[1.3382885032164542,41.14972617685925],[1.3382846050294885,41.14975586514149],[1.3382493580715478,41.14978034061556],[1.3381717492450247,41.14979944703198],[1.3381101446310784,41.14980807624983],[1.3380506531935705,41.14979531972513],[1.337916930309102,41.14973033290593],[1.3378079903084275,41.14968117039894],[1.3376995135243874,41.149676035875224],[1.3375997849995094,41.14969839138435],[1.33756904834897,41.14973126008122],[1.3375665131131471,41.14976929633673],[1.337606040352373,41.149824595531996],[1.3376579752033944,41.14988721225112],[1.3376813179722533,41.14996012343445],[1.3376876524765198,41.15002089291588],[1.337642153238662,41.15007734361859],[1.3375986482300064,41.15011716734356],[1.337519344999177,41.15014100751297],[1.3374425157411363,41.15012919027129],[1.3373242562548129,41.150075134108604],[1.337134339676158,41.14999148852167],[1.3370783562189144,41.1499645061801],[1.337001257896234,41.14996339286143],[1.336928548606071,41.149975429853335],[1.336829641435563,41.1500275401778],[1.3366331609122943,41.150141298045774],[1.3365472620900776,41.150176940268125],[1.3364979140642281,41.1501988326385],[1.3364190602400592,41.15020483200406],[1.3363581166391654,41.150187294972085],[1.336262316103545,41.150178772546376],[1.3361962318090963,41.150177817806565],[1.3361296952004267,41.150194702127344],[1.3360481861056583,41.150243494376795],[1.3359443776580826,41.150302671548495],[1.335731798591445,41.15043047300721],[1.3355355857991411,41.15053352474933],[1.3354493549200885,41.15058224832234],[1.3353813355272919,41.15059554200827],[1.335261300345316,41.15061165340552],[1.3350601686620542,41.15059803762291],[1.3346571435121446,41.150538671492306],[1.3343411900974005,41.15049067607191],[1.3341204204354853,41.150475584720226],[1.3338293681065423,41.1505320521167],[1.3335909956462826,41.150590470065254],[1.333374140448905,41.15066942432689],[1.3332382871955646,41.1507507413623],[1.3330712794583752,41.15081911390364],[1.3325319736477228,41.15095110245659],[1.3322491040085216,41.15102612443762],[1.332069020687803,41.15105147556935],[1.3319588468319061,41.151051069701474],[1.331884484250346,41.15103512031953],[1.3317712341540138,41.15096982844294],[1.3316916153897864,41.1508818230948],[1.3315779393585723,41.150771313596124],[1.3314503926970491,41.15071116832677],[1.3313534709815604,41.15068477904319],[1.3312436156928176,41.15067188463045],[1.3311614941910206,41.150682591690995],[1.3311206012139665,41.15071233809405],[1.3310778435247193,41.150745360502725],[1.3310759319152508,41.150761621031364],[1.3310714270569315,41.150778967211444],[1.331054578652298,41.150805615782296],[1.3310297393504116,41.15082848249681],[1.3309786921971936,41.15086441484928],[1.3308724312896758,41.150909327254446],[1.3308686497676097,41.15091398876347],[1.3307073693227425,41.15086153703213],[1.3306455789654141,41.15084636448387],[1.330545164249332,41.150833606252974],[1.330272349489954,41.15082251257718],[1.3301396616636907,41.15077894705435],[1.330033117259548,41.150728622062374],[1.3299248333332165,41.150684815681544],[1.3298489282297232,41.15066765362991],[1.3298182754085712,41.150666019186566],[1.329763114571606,41.15066878793835],[1.329667134387791,41.15069833024523],[1.3294809260364497,41.15077891154348],[1.3293404958943729,41.15079234112912],[1.329343173901361,41.150810820997606],[1.3295323251148872,41.15114134175575],[1.328115973730033,41.15140427511668]]],[[[1.313055996384368,41.14719038838435],[1.3127122243505829,41.14733716506051],[1.3124827643455859,41.14743731412981],[1.3119539222090415,41.147686100074544],[1.3114297359719502,41.14794558875584],[1.3109721632820346,41.148179910542396],[1.3105937325947123,41.14836801581051],[1.3101835446977945,41.148573428281004],[1.3097181798565423,41.148800955241114],[1.3089794106936983,41.14913611897372],[1.3083269603620309,41.149401395927384],[1.3077650013185358,41.14959939351635],[1.307185416708951,41.14978821095581],[1.3064895108659218,41.14997702184625],[1.3058337439958005,41.15013255273226],[1.3052616318626116,41.15024817478342],[1.3046464244226526,41.1503463984548],[1.3040996116615526,41.150421509468906],[1.303618020909637,41.15046819360264],[1.3030664830731187,41.15050940165314],[1.3030031455549589,41.150512156885455],[1.3023165648511974,41.15054202421836],[1.3018779249845671,41.150546834309324],[1.3013818277950169,41.15053669855836],[1.3008850521478887,41.150516617227304],[1.3005441386679852,41.1504946716258],[1.3002331784494898,41.150468939928736],[1.299684115136826,41.150414318958106],[1.299264704145717,41.15035729383593],[1.2988167321310078,41.1502900676758],[1.298484265161175,41.150230184221314],[1.298185291322576,41.15017115867129],[1.2978911355972398,41.15011058131607],[1.2975698573384855,41.150037084584916],[1.2971595266693314,41.14993248612074],[1.2967335844438286,41.14981254347625],[1.2963094828125337,41.1496826489235],[1.2958731301450614,41.14953448904227],[1.2955340204817272,41.149411069136924],[1.295168042287453,41.149270964083634],[1.2949346143752183,41.14917631212277],[1.2945340473781244,41.1489972211581],[1.2942148170374395,41.148845177824704],[1.2939330119131762,41.14871036897855],[1.2933621994046873,41.14840082049533],[1.2930095989151964,41.148221731596806],[1.2932409327810748,41.14800845249823],[1.2932861315181805,41.14797836277763],[1.2935110544655133,41.14792270519602],[1.2937544540013024,41.148053365587224],[1.2941983833871475,41.1477859719515],[1.2942287911906996,41.147651850839374],[1.2942859206186739,41.14737409614451],[1.2943418266182711,41.147148116212335],[1.2943836116995129,41.14695201203912],[1.2944525281015071,41.14670217479227],[1.2944702873905019,41.14655948931929],[1.2944374529234897,41.14641028977105],[1.2944071652596938,41.14630535459078],[1.294413868366523,41.14630419282105],[1.2943584212062909,41.14616312536006],[1.2943766223167696,41.14615970187082],[1.2943492667374346,41.14609336205641],[1.294345429400881,41.146094296043174],[1.2942737709295964,41.145930469765084],[1.29399328940171,41.145566556822516],[1.293956562936688,41.14558132544665],[1.2939292607991824,41.14544400747764],[1.2939173226673704,41.145357539080486],[1.2939135517066442,41.145250204275],[1.2939271011232316,41.14514123449355],[1.2939494040633703,41.14503014251909],[1.2939716885679564,41.1449427399064],[1.294041783887866,41.14471174589733],[1.294072883534501,41.144546289012844],[1.294085693109602,41.14449801858027],[1.294091270127671,41.14448513043764],[1.2941664039860266,41.144358517461534],[1.2942154786291327,41.1442718719109],[1.2943062398622713,41.14407559234317],[1.2947096706500945,41.14317559551408],[1.2947376481961614,41.14312133443949],[1.294757394774317,41.143127211463984],[1.295069664210145,41.14269623352389],[1.2948780762787775,41.142258876552624],[1.2948478970369866,41.14215439340369],[1.2948204033048363,41.142038240293935],[1.2946672028664263,41.14149519465907],[1.2946616264609652,41.141410770604814],[1.294600762458565,41.14119378002523],[1.294573209335304,41.14100637684221],[1.2946152646262856,41.140804241365736],[1.294647965273813,41.14055846123993],[1.294720823947462,41.1402849021848],[1.2947839082659656,41.14011555085028],[1.2948114876618795,41.14004151151966],[1.2947939570436071,41.13991334579457],[1.2948619569686608,41.139491541686],[1.2948945118274302,41.139269719161696],[1.2950329327735512,41.13894425662436],[1.2951237451582849,41.138725501498925],[1.295310453026858,41.138934042941486],[1.295466375995301,41.13911965298728],[1.2955773888075781,41.13924514881873],[1.2960133783063097,41.13975493836666],[1.296277812694346,41.14002484143033],[1.2967984159001513,41.14005091717008],[1.2970132930065508,41.14005355438355],[1.2972103468123528,41.14005890013591],[1.2983827903863006,41.14007217611827],[1.2985976347417871,41.14007147712328],[1.2987987887292725,41.14006571145791],[1.2989931541989252,41.14006443898761],[1.2995995382306822,41.140053937614525],[1.3000193175802275,41.14004869533935],[1.3003030308843473,41.1400387412033],[1.3005470458599504,41.140034235571555],[1.3008155770795704,41.140026217928856],[1.3010860586835467,41.140002645491165],[1.302432361611298,41.13986729932361],[1.3029258701501023,41.13978900163217],[1.3033851501628615,41.13969344365382],[1.3031407910611565,41.139101294633114],[1.3030600634501979,41.1389374300273],[1.302969368718447,41.13872576890825],[1.3028304057857876,41.13852852898105],[1.3026853196455699,41.13831003105478],[1.3025896664778136,41.138175220456525],[1.30256268951928,41.138130956401994],[1.3025266725666826,41.138086108724046],[1.3024326533353905,41.13798960388175],[1.3023091572604057,41.13785339181386],[1.3022854075906027,41.137822596418445],[1.302294066743539,41.13777327298018],[1.302368394580183,41.13759845248417],[1.302431707248013,41.13747652365204],[1.3024566052427655,41.13743968973772],[1.3023902668660592,41.13740637503071],[1.302548880409885,41.137275762483775],[1.3028758134454377,41.13703080314489],[1.303131271461147,41.13683153861887],[1.3032797249605468,41.13659115423648],[1.3033771070521067,41.13566499790014],[1.302088076455447,41.135518725213565],[1.3020927158359799,41.135070941348026],[1.3027787742471346,41.134902705511344],[1.3027817370746173,41.13463991066313],[1.3027772242993843,41.13450995617233],[1.302777861976425,41.134480601156355],[1.3027718576175822,41.13433918516989],[1.3027593449809334,41.134242260338944],[1.302759561785655,41.13422460885527],[1.3027206580239983,41.13410234434382],[1.302614756360196,41.13387082238075],[1.302433791544384,41.1335240690262],[1.3022424818580356,41.13316275089457],[1.3022258962783193,41.13312207177381],[1.3022115561308474,41.13308690230621],[1.302175687353922,41.133013322785985],[1.3015706591621614,41.132350367970425],[1.301427092220013,41.13225835590648],[1.3009899235242357,41.131415922228335],[1.3011277719744148,41.13138318679453],[1.301710166201625,41.130960227238354],[1.3019148357284493,41.13079858811649],[1.3020139895387657,41.13075896322878],[1.302981950880033,41.13090284340386],[1.3037973805455996,41.13104461141954],[1.3040280508289606,41.13108757206934],[1.3040885096059014,41.131353559218994],[1.3041116024698194,41.13148296764747],[1.304122653361192,41.13158675258171],[1.3041264622848816,41.13167573064627],[1.304127361247088,41.13178887890368],[1.3041210888138643,41.13189183226698],[1.304111845592171,41.13199171536524],[1.304069855658715,41.132293937971774],[1.3042943503288267,41.132921020508526],[1.3045110876109238,41.13314419783053],[1.304611198005739,41.13325385156163],[1.3049718538118216,41.13366458736217],[1.3054293660667575,41.13415430169274],[1.305486606965686,41.13422161919393],[1.3055185052234086,41.134269107621364],[1.3055307300135712,41.13429405808447],[1.3055440293485903,41.13433280581675],[1.3055511413569592,41.134370922966035],[1.3055487689584966,41.13441250176764],[1.3055332718320642,41.13449153967764],[1.3054879010721323,41.134620309768636],[1.30546136475046,41.13468387250833],[1.305420971476066,41.13477200194926],[1.3053959806004194,41.13482180595182],[1.3053166532980875,41.134944324136086],[1.3053172262122064,41.134944561356626],[1.3052389852585204,41.135075128348156],[1.3051427049303874,41.135246925510955],[1.3050899217133387,41.1353324053371],[1.3050670326371516,41.13539569648113],[1.3050575493518612,41.13543700487492],[1.3050583422043505,41.135501856951834],[1.305066032636157,41.13555484409157],[1.3050773477509092,41.13559388783842],[1.3050971916614535,41.135631055636836],[1.3051214145233956,41.13566663139797],[1.3051706256191686,41.1357219409882],[1.3052167487593649,41.135764242439],[1.3053618852359408,41.13585932731836],[1.305597891332923,41.13599872279517],[1.3059237407198072,41.136202581882436],[1.3059451417411534,41.13618811179087],[1.3062946469586472,41.13641946005839],[1.306672578861685,41.13667164070559],[1.307142276952357,41.13698659559902],[1.307876524904583,41.13748329861168],[1.3087013154153435,41.13804367018725],[1.3090828797313065,41.13829681324643],[1.3095237410108842,41.13860216632799],[1.3097623347428544,41.1387560266718],[1.309991135796334,41.13891340886712],[1.3101223206164634,41.13899968087482],[1.3101914564356802,41.13904653621268],[1.31024751521153,41.139083114857385],[1.3103093775946573,41.139129863406374],[1.3103781360865894,41.13919138178881],[1.3104064083695894,41.13922388484383],[1.3104557946024946,41.139284202907696],[1.3104716246638473,41.139328900599956],[1.3104978964978005,41.13939208801302],[1.3105113969685946,41.13943308367517],[1.3105773223651989,41.139652253540696],[1.3106279129316711,41.13985469490052],[1.3106983008328421,41.140136272756834],[1.310767182856059,41.140382072358165],[1.310828378788798,41.14059658787376],[1.3108559215257065,41.1406575023329],[1.3108964948476645,41.140730525705855],[1.3109414089533857,41.140776108372435],[1.3109901029213835,41.14081624558575],[1.3110318747352503,41.14084252863322],[1.3110665844222853,41.14086045724141],[1.3110977048615031,41.14087649927887],[1.311136216707308,41.14088806579184],[1.3111699020619243,41.14089864545334],[1.3112494437072364,41.14091814749296],[1.3113602470019976,41.14094819354483],[1.3115205677444792,41.14098630028935],[1.3117181870255648,41.14103595534285],[1.3119495874547744,41.14109252214742],[1.3121724784172561,41.141149881638746],[1.3125496057808077,41.141246172917164],[1.3129195074097395,41.14134052318808],[1.313222013464083,41.141414631676376],[1.3134545104858308,41.14147579633515],[1.3136219198574999,41.14152133786522],[1.3137519576016548,41.1415580811059],[1.3138397524620775,41.14158687092343],[1.313970603859068,41.14163921148297],[1.3140533387501199,41.14167617881708],[1.3141059299027107,41.14170628698964],[1.314183627099233,41.14175051437844],[1.3142491076816587,41.141798230740484],[1.3143048671276918,41.14184672083658],[1.3143650295405716,41.14191269582757],[1.3144143509898065,41.14197576122998],[1.3144727378165642,41.14206371276074],[1.3145121961687936,41.142133051599345],[1.3145401105533319,41.14222697494607],[1.3145588892380105,41.1422987620002],[1.3145678058330756,41.142376821651865],[1.3145709179585747,41.14244471157403],[1.3145677104475049,41.142522593787504],[1.3145581832747675,41.142610468291096],[1.3145486091234684,41.14270017602889],[1.3145365159676028,41.142793514745705],[1.3145184941329553,41.14292893973182],[1.314485485584091,41.14317599670224],[1.3144577482687783,41.143406628191904],[1.3144237063825386,41.14369400911158],[1.3143950284082822,41.14396129986182],[1.3143828246492064,41.14415365257335],[1.314383167831566,41.144329685415514],[1.3143848713002628,41.14445256429553],[1.3144009835963808,41.144581154038306],[1.3143993229943527,41.144740654933415],[1.3143838192531236,41.144872449763405],[1.3143464444815194,41.14500575748472],[1.3142975576850615,41.145115060187045],[1.3142691002770763,41.14518432100524],[1.3142503422538985,41.14525372469557],[1.3142485580044623,41.145323375943725],[1.3142705523116893,41.14541171268712],[1.314406233368454,41.14576091812243],[1.3144224529135669,41.14580266559121],[1.3145600544015368,41.14611272901363],[1.3145919195630227,41.14628922403299],[1.3146099402132154,41.146438011189],[1.3145608485164877,41.14661948790509],[1.3142695283254644,41.14672681672122],[1.313856464558077,41.146871853840295],[1.3133882730906543,41.14705279387911],[1.313055996384368,41.14719038838435]],[[1.311937942405962,41.142357794900214],[1.3119747038171243,41.14216025917529],[1.3114157108541298,41.14208306705821],[1.311441918899624,41.14199040402261],[1.3112737705314896,41.14202847216444],[1.311086936165943,41.14198213613355],[1.3110117428274937,41.141968512982054],[1.310961915115952,41.14196471966121],[1.310906781952311,41.141963370600415],[1.3108691242613846,41.14196822276783],[1.3108322946370738,41.1419779511093],[1.3108128940701287,41.14198640381029],[1.3107976981929232,41.141998160875076],[1.3107887421537068,41.14200820796596],[1.3107845966583713,41.14201652411993],[1.310786214757628,41.14209275116028],[1.3108188913257888,41.142114848408646],[1.3108523718193896,41.1421474061194],[1.3108641356285704,41.14213938185209],[1.3108774791365916,41.142134803596555],[1.3108763586317767,41.142136678733415],[1.3109355697523897,41.14215556213593],[1.3109199763861625,41.14218280625734],[1.3109308349964595,41.14218683873407],[1.310904889871391,41.14222744225217],[1.3108395363146503,41.142285392643636],[1.3107650190738034,41.14238932689487],[1.310622778043699,41.14233715880978],[1.310616174057888,41.14234841136203],[1.3106149922158807,41.142348033725874],[1.3105523569087176,41.14247646233791],[1.3104595261840248,41.14265786229667],[1.310462610506858,41.14267231951684],[1.3108763014759175,41.14313704887262],[1.310932421243468,41.143155706786985],[1.3109693299668763,41.14324506187472],[1.3109707271377382,41.14325562111934],[1.3109754085609677,41.14326821017758],[1.311086991352128,41.14339613151383],[1.3112058621720941,41.143518665051744],[1.3112498725624957,41.143544891670125],[1.3114791950093148,41.14336116881062],[1.311787118842976,41.143118607912264],[1.3118826716546608,41.14262657870637],[1.3118818458041204,41.1425565784583],[1.3119130061636943,41.14246128566782],[1.3119270682397963,41.14240546524414],[1.311937942405962,41.142357794900214]]]]}},{"type":"Feature","id":"431482--zone--barris-maritims","properties":{"name":"Barris Marítims","officialName":"Barris Marítims","municipality":"Tarragona","kind":"zone","quality":"official","code":"3"},"geometry":{"type":"MultiPolygon","coordinates":[[[[1.2999269577846133,41.130390717951116],[1.2997205007241457,41.13032721008433],[1.299671832694989,41.1303118156722],[1.299544043113677,41.1302664957403],[1.2994261377616219,41.130221509871696],[1.2993082337414679,41.13017652480313],[1.2990888246875203,41.13008350786106],[1.298905369863165,41.12999833564364],[1.2987428598085942,41.12991542715093],[1.2985686529048661,41.12981909560929],[1.2984149975987664,41.12972594984306],[1.2983822068560933,41.12970502376875],[1.2982212689890769,41.12960231588194],[1.2980565185566253,41.12949231481067],[1.2979035992509163,41.12938130837399],[1.2978688336242017,41.12934964666089],[1.2978254699695757,41.12932155093486],[1.297624960977225,41.12916163266176],[1.2974990154446977,41.12905706842023],[1.2972586786270002,41.128852180834066],[1.297129755953906,41.12874669844653],[1.2969933135807572,41.128642256781546],[1.2968422701598836,41.1285372126136],[1.2967442129585032,41.12847279201153],[1.2966763906239571,41.12843098502873],[1.2965693910467917,41.12836917931028],[1.296447776710515,41.12830181497559],[1.2963367448185537,41.12824301194559],[1.2961368259484842,41.128140702736005],[1.2959161723190833,41.128034528429794],[1.2956970130872845,41.127938302073986],[1.2955653217863565,41.12787827381924],[1.2953577040404618,41.12779389583815],[1.295041606129506,41.1276725329023],[1.2946418592454032,41.12751830522402],[1.2941909024027816,41.12735140979662],[1.29370593568352,41.12717101814347],[1.293229587768288,41.12698966947849],[1.292822722002972,41.12683424730623],[1.2920710133796702,41.12656112575861],[1.291281007112289,41.1262744405266],[1.2906942518953044,41.12604489350353],[1.2902022910587594,41.125858970734626],[1.2895528846060444,41.125616579898825],[1.2891090814148516,41.125450853570726],[1.2889248376886,41.1253788335467],[1.2886098888149937,41.12526806379236],[1.2884777532842837,41.12522929385249],[1.2883951436679353,41.12521291019648],[1.2882621536419765,41.12519212878544],[1.2884591795471274,41.12488119889305],[1.2890408617370905,41.124000256932625],[1.2891099341989756,41.12388830921272],[1.2891785080901494,41.12391600084551],[1.289210795221401,41.12392954131204],[1.2892406260348483,41.12394592768233],[1.289276286177897,41.123976362248534],[1.2893089157022064,41.124008823513265],[1.289323701327398,41.124022013918854],[1.289344236027284,41.12403840180263],[1.2893659182773751,41.124038494153226],[1.2893829086878668,41.12403559388186],[1.2894198665656542,41.12402524372499],[1.2894542143547763,41.12400990066895],[1.2894611862285417,41.123998123328214],[1.289470922771014,41.12399492615276],[1.289488683540996,41.123994469330576],[1.2895049988515725,41.12399921538583],[1.2895476660173237,41.12402588070977],[1.2895649988337234,41.12404190123675],[1.2895782176505346,41.12406038276357],[1.289581654051555,41.1240702519668],[1.2895814946434052,41.1240855623414],[1.2895767147180903,41.12409990334792],[1.2895676785120136,41.12411301017008],[1.2895492071603714,41.12413165159157],[1.2895345251349664,41.1241511599608],[1.2895304643187582,41.12416533149488],[1.2895334312388915,41.124179517324635],[1.2895584799699469,41.12421033466],[1.289589786087692,41.12423872281831],[1.2896187062511328,41.12426266186299],[1.2896345170869277,41.12427307513017],[1.2896526371180599,41.1242817211883],[1.2896673556190161,41.124283741259205],[1.289692743419902,41.124281554734296],[1.2897159117202561,41.12427447119756],[1.2897215332167946,41.124261666750776],[1.2897239131057285,41.124243416876126],[1.2897269673227438,41.12423589593409],[1.2897340022649384,41.12423104627739],[1.2897566476790863,41.12422597805112],[1.2897923679194543,41.12422200471873],[1.2898268157466317,41.12421657128226],[1.2898635286715403,41.12420189374841],[1.2898819434961948,41.12419460088113],[1.2899009862531927,41.12419065010768],[1.2899197743226207,41.124191919896774],[1.2899483986572706,41.12419973105022],[1.2899770440412455,41.12420673183456],[1.290025059179771,41.12420636382443],[1.2900492570507303,41.124205732262496],[1.2900727636939247,41.12420878350623],[1.29008030030745,41.12421213809704],[1.2900881378787563,41.1242222527771],[1.2900979861771025,41.12424888462807],[1.2901086548791492,41.12425786676123],[1.2901234736074378,41.124265202684114],[1.29013946921416,41.12426850270416],[1.290177554589444,41.12426519488958],[1.2902156563253935,41.12426125678062],[1.2902396371057743,41.12425981128131],[1.2902635781451708,41.124259896461325],[1.2902789292941033,41.1242650784692],[1.2903063740077414,41.12428997365341],[1.2903167217548832,41.12429599474291],[1.2903503823913225,41.124302529433365],[1.2903841574346206,41.124309245962166],[1.2903951681478576,41.12431643524956],[1.2904084807518912,41.124331315075494],[1.2904241352584365,41.12434316711353],[1.2904430097353843,41.12434569914944],[1.2904747724860228,41.12434274776228],[1.2904898950011783,41.12434297222591],[1.2905027689878872,41.12434721668604],[1.2905278560199007,41.12436281171317],[1.290552576489804,41.12437876159409],[1.290571310623595,41.124391289845875],[1.290594952558159,41.12440698411043],[1.2906085336549515,41.124401747855664],[1.2906093682504933,41.12437987473089],[1.2906101135704435,41.12436033952762],[1.2906102305514524,41.12435124369343],[1.290610821494827,41.124342244968545],[1.2906131423480471,41.12434002754047],[1.2906210083046765,41.124339874060894],[1.2906295676764,41.12434054154683],[1.2906417366904592,41.124339821405805],[1.2906538542875468,41.124341082149456],[1.2906631583740424,41.124345183533904],[1.2906733939102222,41.124354703238886],[1.2906771503217358,41.124366018358536],[1.2906770030846186,41.1243716908955],[1.2906767391095817,41.1243772716251],[1.2906763652908526,41.12438708424708],[1.2906755833079815,41.1244076196395],[1.290686405951527,41.12442967478065],[1.2907069920128333,41.12443708000948],[1.2907352547667834,41.12444047192886],[1.2907485327545731,41.12444292085811],[1.2907597303785134,41.12444750071094],[1.2907806521071783,41.124467537615295],[1.2907909857216446,41.124477869439914],[1.2908037592668795,41.124485985598966],[1.2908407143261904,41.12449869413322],[1.290877667063174,41.124511492696286],[1.2909076900808623,41.12452508916493],[1.2909369706182598,41.124539755507435],[1.290978625367757,41.124568747228416],[1.2910211136819447,41.1245977513031],[1.29104703689048,41.12460867472739],[1.2910748467123143,41.124615752916135],[1.2911232893074356,41.12462187618857],[1.2911718696792605,41.12462728088519],[1.29121648085003,41.12463415794608],[1.2912603891822703,41.12464516801006],[1.2912683554839948,41.124650330397536],[1.2912741246923491,41.12465753191195],[1.291280479858953,41.12466969624196],[1.2912818385258922,41.12468160629335],[1.2912728119161296,41.124694353091925],[1.2912635378062438,41.1247074565177],[1.2912630029418293,41.12471888810146],[1.291262701555865,41.12473050329914],[1.2912593601964302,41.12474450541859],[1.2912536466663946,41.124758112043864],[1.2912478818904267,41.12476451191226],[1.291231031387346,41.12477119768187],[1.291188425647569,41.12477815706953],[1.2911756188622654,41.12478577835581],[1.2911736107627856,41.12479430568198],[1.2911780816551166,41.12481022520834],[1.2911784854454023,41.12481761734547],[1.2911741705949582,41.124823228047994],[1.2911546256335011,41.12483275622694],[1.291133593429562,41.12483992038697],[1.2911162549971245,41.12484245545216],[1.2910801900212596,41.124843223715686],[1.291064797686096,41.12485151011065],[1.2910577533332506,41.124861313831104],[1.2910577973626218,41.12487797835029],[1.2910632114929323,41.12489427217631],[1.291076253137011,41.12492878424356],[1.2910941909330156,41.12496282850741],[1.2911415571343805,41.12502958416599],[1.2911693331847243,41.125060143469625],[1.2912021977413572,41.125088194013536],[1.2912730099974004,41.12513662404244],[1.2913470094604842,41.12518158838883],[1.2914064164743355,41.12521507684076],[1.2914655807236415,41.12524874181063],[1.2915162112249936,41.12528074888609],[1.2915664681938748,41.125313380922975],[1.2916050277639384,41.12533773268215],[1.2916257283324313,41.1253479479827],[1.2916481847453938,41.12535476647595],[1.2916776574028679,41.12535745551234],[1.2917230187152369,41.12535380473627],[1.2917680951990471,41.12534735739436],[1.2918019270704495,41.12534272490849],[1.2918357589375014,41.12533809241252],[1.2918547388610604,41.125336572409225],[1.2918735202986582,41.12533811200737],[1.2918949657332508,41.1253471673325],[1.2919157714153795,41.12535792458976],[1.291937256565155,41.12536544922182],[1.2919647030663182,41.12537185435309],[1.2919889196040724,41.125362252097915],[1.2920070566790214,41.12535648604751],[1.2920315444991644,41.12535387672177],[1.292043788396653,41.12535486896805],[1.2920541550651905,41.12535934629782],[1.2920741155198598,41.1253797290119],[1.292091442282702,41.125400613117],[1.2921246109089461,41.12543533345403],[1.29214252142872,41.12545208276025],[1.2921630960208517,41.12546716014375],[1.2921798088121839,41.12547497426354],[1.292207486040217,41.12548259066352],[1.2922350348574883,41.12549056545255],[1.2922590860796093,41.125500199797955],[1.2922821473317914,41.12551126065889],[1.2922798684815788,41.125534826505955],[1.292274601040298,41.1255496107696],[1.292275399530912,41.1255647552007],[1.292282369024724,41.12558080180659],[1.292294703991353,41.12560584538787],[1.2923161555913762,41.12563818780248],[1.2923318271885886,41.12565170261855],[1.2923423652357542,41.12565131931705],[1.292351256350748,41.12564838859654],[1.29237251750628,41.125641587909804],[1.292399407982366,41.1256382034552],[1.2924259202104822,41.12563562406081],[1.2924359320496197,41.12563541219821],[1.2924465089234762,41.125636379686384],[1.2924576088067903,41.12564014725101],[1.2924672914364153,41.12564344342786],[1.2924879361923949,41.12564663190043],[1.2925090922806062,41.12564847682593],[1.2925300382313654,41.125649237732745],[1.292566200410913,41.12565121504164],[1.2926012348665072,41.12565533741984],[1.2926167359583574,41.12565935036553],[1.2926307334177451,41.12566622341708],[1.292633021601941,41.12567445415844],[1.2926338691842882,41.125683113918576],[1.2926472923083723,41.12569835542418],[1.2926628728411966,41.12571308846032],[1.2926773466464512,41.12572456238992],[1.29269528035971,41.125735830893525],[1.2927044286309428,41.125727576024445],[1.2927150404526129,41.12570881759215],[1.292721092352026,41.12570053033331],[1.2927283607262887,41.12569586410458],[1.2927406794004874,41.12569397498698],[1.2927537522481314,41.12569515959591],[1.2927954901793373,41.12571181162603],[1.2928147364476466,41.12572299598093],[1.292832600506995,41.12573695216794],[1.2928455893943367,41.125750565864934],[1.292850922304581,41.125765417203915],[1.2928500772464204,41.12578882416484],[1.2928492298531828,41.125812321165995],[1.2928485668645995,41.12582870497948],[1.2928476974386054,41.1258502028908],[1.2928688196472682,41.12586080163243],[1.2928763262509193,41.12586532657035],[1.2928805874095182,41.12587097437732],[1.2928855959158363,41.125902935146215],[1.2928902448583814,41.12593498066017],[1.2928953910567373,41.12595703522516],[1.2929042380139217,41.12597878434298],[1.292914487348095,41.12599211332293],[1.2929165685496369,41.12599482029711],[1.2929410614324433,41.12601499981557],[1.2929698154290388,41.12603163948729],[1.29307768672695,41.126084310747366],[1.2931850795523367,41.12613706489083],[1.2933320746515733,41.126215356542794],[1.2934801674790115,41.12629267344841],[1.2936182601226516,41.12635597046119],[1.2937617931483394,41.12641160146102],[1.293972662462083,41.1264844432337],[1.294183660661923,41.12655692623034],[1.2942378445158553,41.12657601394902],[1.2943668716099304,41.1266214310364],[1.2945490929775294,41.12668736209745],[1.294624770106838,41.12671829749471],[1.2947344650578443,41.126769643086654],[1.2948451338039215,41.126820192317076],[1.295044707446293,41.12690151209123],[1.295146790681719,41.126938602844156],[1.2952514842737968,41.12697149862223],[1.2953524534532184,41.126996412585484],[1.2955065303083297,41.12702679633924],[1.2955833213089833,41.1270423447771],[1.295659094452065,41.12706040019998],[1.2957391579901125,41.12708243551926],[1.2958278846703073,41.12710685444632],[1.295997300826522,41.12715214673254],[1.2962562970622395,41.127215968282286],[1.2965151724079529,41.12727987753773],[1.296738881593967,41.12733551970479],[1.2969624651042686,41.12739142980481],[1.2971362608755557,41.1274378660798],[1.2973095549646028,41.12748528550078],[1.2974814246432687,41.1275279096329],[1.297654445429085,41.12756748797506],[1.2977337569396545,41.127582351637855],[1.2978544691986489,41.12759935839711],[1.297914512521364,41.127608442593626],[1.2979738999429502,41.12761985901484],[1.298032134198226,41.12763441098786],[1.2981315206234325,41.127665334152624],[1.2982787609005992,41.12771606019741],[1.2983534549817048,41.12773905203038],[1.2984300470256473,41.12775774825798],[1.2985556709247368,41.127782933595164],[1.2986816800866647,41.127807043587225],[1.2989495063405287,41.127856667612136],[1.2992177274751637,41.1279048556473],[1.299301893754822,41.12791627700081],[1.2994296626654638,41.12792762151702],[1.2994932133914088,41.127934684956394],[1.2995560850131018,41.12794498103281],[1.2996480978746787,41.12796624607936],[1.2997827814235132,41.12800507507754],[1.299915704994199,41.12804748093748],[1.3000846169601836,41.12810789237579],[1.3001687555982755,41.128138858955715],[1.3002549745022989,41.12816769437657],[1.3003350657235428,41.12818932338092],[1.3004577443890282,41.12821329220805],[1.300581996219241,41.12823169946994],[1.3006166213641541,41.12823329127675],[1.3006694655762503,41.12823055806949],[1.3006955516330887,41.128230672735384],[1.3007210800309954,41.12823393179132],[1.3007567920214742,41.128244186788116],[1.3008081073334046,41.12826376955104],[1.3008604287783623,41.128281295410616],[1.3010458836766232,41.128328528331565],[1.3011395577819502,41.12835008691989],[1.301234515699366,41.12836806136974],[1.3013884063941568,41.1283920392016],[1.301542822313644,41.12841413299944],[1.3016325773134274,41.12842599537024],[1.3017223509264955,41.1284371373458],[1.3017665824650217,41.12844040173355],[1.3018335071291383,41.128441388535286],[1.301900007206839,41.12844498121195],[1.3019200370372255,41.12844896960571],[1.3019527188592677,41.128461251280115],[1.3019997716027252,41.128484463741366],[1.3020241780075013,41.12849428143989],[1.3020502276982857,41.12850043028603],[1.302167941929157,41.12851369525849],[1.3022862718384132,41.12852156468807],[1.3024059713604597,41.1285225184111],[1.3024658771840623,41.12852313116476],[1.3025254682423522,41.12852671172205],[1.3026544026996927,41.128543744567],[1.3027820001791668,41.12856643228886],[1.302839722221784,41.12857782166372],[1.3028969447444259,41.128590104398654],[1.3029702821395779,41.128610371003695],[1.303043853107116,41.12863082115351],[1.3031380789358815,41.12864950384924],[1.303185811279607,41.12865561159523],[1.3032339820932781,41.12865857315716],[1.3034002157293387,41.128661292302326],[1.3035664517070351,41.128663921167025],[1.303660392389024,41.12866593536514],[1.3037542116761573,41.12866803777375],[1.3038076430852379,41.12867026589876],[1.3038405102690291,41.12867319638318],[1.3038608904712305,41.12867501338838],[1.3039206441927296,41.128686161917834],[1.304007567646909,41.128710861462565],[1.3040510935793963,41.12872303200594],[1.304095513411293,41.1287328737461],[1.3042036933812367,41.128750950370794],[1.304312960575501,41.12876381855261],[1.3044753824101625,41.12877116392354],[1.3046376991151585,41.12877796706778],[1.3047748552552187,41.128790344593114],[1.3049114331246423,41.12880667674338],[1.3049846019208908,41.12881964351306],[1.3050926107909688,41.12884438233446],[1.3051468754436113,41.128855899824146],[1.3052019264660322,41.12886463653573],[1.3052873856461638,41.128872199322046],[1.3054164898598566,41.12887806227806],[1.3054808355443346,41.12888207156451],[1.3055447521541912,41.12888886682684],[1.3057167535629637,41.128912835109006],[1.3058887574220328,41.12893671309563],[1.3060525793490043,41.12895911936081],[1.306216279994533,41.128981613684594],[1.30643329580272,41.129006242899216],[1.3066506667243907,41.12903096700155],[1.3068167554179855,41.1290486315343],[1.3069835067716058,41.12906369339407],[1.3072167628528344,41.12908225371387],[1.3074504005812586,41.12909982924595],[1.3076586052562853,41.12911504894093],[1.30786682390088,41.12912972891571],[1.3081083100720692,41.12914318490013],[1.3083498708795838,41.12915610462752],[1.3086294592812326,41.12917732155985],[1.3086667615201795,41.129180740052796],[1.3089080436535885,41.12920285027429],[1.3090205233322685,41.12921594131334],[1.3091886134150712,41.129239216463034],[1.309272451547124,41.129249634895956],[1.3093568330945635,41.12925744906985],[1.3094951717261503,41.12926560481048],[1.3097033080903784,41.129274244332656],[1.3099114144762563,41.12928405401381],[1.3101097826074328,41.12929732343198],[1.3103080409874808,41.12931023059835],[1.3105307591764195,41.129317010830555],[1.310753967626814,41.129323257372555],[1.3109291966059908,41.12933762719025],[1.3110165556343685,41.12934548381542],[1.3111039793540535,41.129350819222566],[1.3112566779828227,41.12935648117418],[1.311409507275676,41.129361694463924],[1.3116450731848281,41.1293692013577],[1.311880639163955,41.12937670777071],[1.3120011318139737,41.12938396839854],[1.3121811976297635,41.129400208702776],[1.3122710900281647,41.12940684045249],[1.312361189231488,41.12941005231161],[1.3125382900530127,41.1294118366073],[1.3126047466576285,41.129412540067754],[1.3128485422905354,41.12941503079807],[1.3130308298655,41.12941896204236],[1.313213236557468,41.12942289474269],[1.3133399204809142,41.129425650820075],[1.313466485334141,41.129428405014366],[1.3135513832597094,41.129434692402214],[1.3136778242652745,41.12945158633036],[1.31374127069513,41.1294581900121],[1.3138049492134398,41.12946038338057],[1.313993016192328,41.12945728178885],[1.3141812045548942,41.12945409159149],[1.3144045393067942,41.129450784952404],[1.3146278671365899,41.129447748003656],[1.3147806632419476,41.129449623557015],[1.3149334931873655,41.12945483217907],[1.3150486552184781,41.12946093072596],[1.3152210530066781,41.129474261769225],[1.3152784976663312,41.12947798538231],[1.3153071604906141,41.12947984495656],[1.315393449277682,41.129482998705335],[1.3154721172887949,41.12948135702429],[1.315590043523788,41.129472543003146],[1.315708038144474,41.12946571151191],[1.315827186074733,41.1294650218676],[1.3159462487968525,41.129467663630614],[1.3160090178432855,41.129472814957865],[1.3161029406639448,41.12948490715069],[1.3161500019282564,41.129489378364994],[1.3161972628773406,41.129490699852894],[1.3163177576482947,41.12948858819085],[1.3164381333298871,41.129486474661945],[1.3166030780927684,41.129493119210544],[1.3167679061128104,41.12949967174183],[1.3169888213268204,41.129507133732325],[1.3171877062904112,41.129509589506796],[1.3173865889794296,41.12951213497949],[1.317558764787401,41.129510867122185],[1.3177310527817716,41.12950987087117],[1.3179628602298552,41.129515328289656],[1.318194422660406,41.12952105188885],[1.318431025852339,41.12952531734428],[1.3185861066749003,41.129528053498404],[1.318667631390493,41.129529492272596],[1.3188404068489923,41.12953273500509],[1.319012974045142,41.129534803462754],[1.3191217092666896,41.1295313462523],[1.3192844487931983,41.12951705736072],[1.3194476623026874,41.12950286523],[1.3196363073057438,41.12949111564419],[1.3198252359844953,41.12948225228942],[1.3200644162501098,41.12947889560139],[1.3203034498578503,41.12947661717813],[1.3204980164821858,41.129470897495985],[1.320692786808549,41.129466531581066],[1.3208799720349325,41.12946529745406],[1.321067035882423,41.129464151328214],[1.3211301836409162,41.129463810805426],[1.3211930955235034,41.12946337673466],[1.3212552197181653,41.12946112964665],[1.3213634261953504,41.12945036652888],[1.3215254603491036,41.12942633607589],[1.3216067624756753,41.12941482033055],[1.3216885865619787,41.129406194536216],[1.3219012703167468,41.129395422056255],[1.3220076464745045,41.129391026994014],[1.3221134914383061,41.12938410199252],[1.322275114944658,41.1293668201305],[1.3223551161153315,41.129354924603874],[1.322434815059203,41.129340862817365],[1.3225325466093887,41.12932039806353],[1.3226771000584996,41.12928575274398],[1.322820551951699,41.1292475782722],[1.3228998341361147,41.12922648423624],[1.3229380290659882,41.12921424975034],[1.3229742683251633,41.12919928452244],[1.323015516211498,41.12917943808213],[1.3230570045377756,41.12915950505261],[1.323132572429675,41.129125205810176],[1.3232120460770513,41.129089192505184],[1.3238494711157525,41.129082021487335],[1.323951939432169,41.12924876628485],[1.3239792247761417,41.129292251676624],[1.3239872965981334,41.1293261058666],[1.3239902150772578,41.12937071569278],[1.3239805456945606,41.12942068285555],[1.3239704475179448,41.12945412580649],[1.3239770030569573,41.129491574445794],[1.3239851858359164,41.12955294188518],[1.3240068464303998,41.12961999733333],[1.3240271822697192,41.129688365709754],[1.3240521725920915,41.12975191343785],[1.3240971518966815,41.12983750786457],[1.3241107525594693,41.12986327088348],[1.3241311700614609,41.12990194627441],[1.3241589674800833,41.12993216110322],[1.3241918592098751,41.13001717697139],[1.3242237452208006,41.130092516742096],[1.324232504078047,41.13014703512527],[1.3242471330407795,41.13021833883873],[1.3242513155280955,41.13027676384488],[1.3242478272984188,41.130310982156495],[1.3242383781361,41.13036554456571],[1.3242281640459377,41.13040035769102],[1.3242196590069113,41.13042929216161],[1.3242098199971029,41.13046687334513],[1.3242109917448723,41.13051781884496],[1.3242137176441469,41.13056471286203],[1.3242282734573307,41.130608047197136],[1.3242647477577982,41.130672145686454],[1.324339586038316,41.13074908497673],[1.3244997360567423,41.13092272061879],[1.3245577005603453,41.13099105802235],[1.3246473034541102,41.13107283004726],[1.3247183174752684,41.131130330205046],[1.3247662600818726,41.13118076612531],[1.3248198676836005,41.131257605261034],[1.3248640575304091,41.1313165716109],[1.3249225790949941,41.13139272914301],[1.3249422889129803,41.13142530771977],[1.3249889954489222,41.1314688069028],[1.325032218655178,41.13151764099619],[1.3250639398445117,41.13155171113418],[1.3250864037443313,41.13158763098985],[1.3250986973364562,41.131629023621635],[1.3250282038734547,41.13182398916718],[1.3251696035185005,41.131853214853116],[1.3261810950496873,41.13208991150021],[1.3269756776897097,41.13229665572835],[1.3274534336883574,41.132439828906286],[1.326565277312499,41.132402161211715],[1.3256277873018822,41.13233224318313],[1.324747166022453,41.13227829987374],[1.3237952025091375,41.13221465171484],[1.3221756366500665,41.13210987800958],[1.3217496978492562,41.132080938023336],[1.3211893018483751,41.13204678938574],[1.3206647977086414,41.13200883147092],[1.3203860593805976,41.131990693439654],[1.320177453650903,41.131973577677385],[1.3200661398786506,41.13195872518578],[1.3200661094831205,41.13195872116617],[1.319987665257055,41.13194843651759],[1.3198242830811973,41.131917185868396],[1.3196790314070217,41.13188619861027],[1.3195320538035782,41.13184796917437],[1.319179089646653,41.13176487475834],[1.3189473024443699,41.131721076010756],[1.3188293905856097,41.13170347825906],[1.3186427770237341,41.13168487654025],[1.3184615946193534,41.13167790053452],[1.317760517512493,41.13165828105882],[1.3170228219909546,41.131633091528066],[1.3166150639953222,41.13163233319968],[1.3159886435806603,41.13162658838282],[1.3158414453338758,41.13163053134502],[1.3157353882519376,41.131635989139966],[1.3156275165815958,41.13164135994822],[1.3155154527787654,41.13164607034244],[1.3152892068194528,41.13165968523459],[1.3151195247134737,41.131688236543354],[1.3149658594223324,41.13172495935049],[1.314746757415464,41.131782376682686],[1.3145277658679408,41.131835464405995],[1.3142167289555675,41.13190452587172],[1.3139810787209782,41.13193716128568],[1.3137322904766877,41.13196094314537],[1.313588905683328,41.13196894739427],[1.3132104984637019,41.13198505716294],[1.3123067024744623,41.132016562203376],[1.3120257680242318,41.13202832258513],[1.311286200375693,41.13205789567509],[1.3107487313088828,41.132097645267635],[1.3104711318440705,41.13212821518506],[1.3097151481678981,41.132202282987684],[1.3088853961593323,41.13229065375777],[1.3084363312788976,41.132340440479496],[1.3083257342075731,41.13235124636747],[1.3082149428842604,41.132360337871404],[1.308103961945214,41.1323675349089],[1.3080089357286786,41.132370462488296],[1.3079138436421034,41.13237131729751],[1.307818681065833,41.13237027941851],[1.3077236908180234,41.13236717226918],[1.3076379204219621,41.132357625051746],[1.3075107369049177,41.13233702049267],[1.3073861297316527,41.1323088873614],[1.3073051431588254,41.13228472798621],[1.3072251579868277,41.132258691699015],[1.3071464147167429,41.132230691961986],[1.3070687896330948,41.13220090710906],[1.3070285609233159,41.13218085957362],[1.306950069221308,41.132138451409055],[1.3068956750984735,41.13210586252644],[1.3068743931046458,41.13209311211032],[1.3068377153851634,41.13206933356401],[1.3066031204412272,41.13190329915969],[1.306364681477773,41.131729281154215],[1.306243287863881,41.131650391775686],[1.306115418349896,41.13157780234561],[1.3060641210557096,41.131552727633085],[1.3060410322007134,41.131542382511434],[1.3059589469497848,41.13150560274575],[1.305850691516064,41.13146248580934],[1.3057955682790021,41.13144257904507],[1.3056834544771392,41.13140589058981],[1.3055746900926797,41.13137330467647],[1.3053547807777777,41.131312691336774],[1.305243874011367,41.131284667410526],[1.3049660258317912,41.131225632755054],[1.3047279709106454,41.13118501802236],[1.3041968284012033,41.13111900561406],[1.3040280508289606,41.13108757206934],[1.3037973805455996,41.13104461141954],[1.302981950880033,41.13090284340386],[1.3020139895387657,41.13075896322878],[1.3017373167525867,41.13072952053672],[1.3013236263300083,41.13068110515233],[1.300996978006022,41.13062521618495],[1.3006837239978344,41.13057796934937],[1.300372332661053,41.130510317454956],[1.3001097043354126,41.13044338536304],[1.2999269577846133,41.130390717951116]]],[[[1.2953577040404618,41.12779389583815],[1.2956112681183867,41.12852911913822],[1.2957151880943756,41.12884339711849],[1.2958174246033753,41.12912591308627],[1.2958332620172905,41.12915816546225],[1.2959995874727732,41.12962270715968],[1.2954223337217636,41.12969942449625],[1.2954002703778853,41.12970035899532],[1.295389753408858,41.129697050715045],[1.295271580369577,41.12972448587623],[1.2948907127655316,41.12974776177675],[1.2945995089358149,41.12977263438126],[1.2945806758468577,41.12980523284625],[1.2945472891209024,41.12985238808146],[1.2945588670790111,41.129961910458064],[1.2945647303708188,41.13011728640765],[1.2945756048964976,41.13028156389889],[1.2945888514197632,41.130280679151895],[1.2946007791648213,41.13059746902587],[1.2946179938800433,41.13070094975907],[1.294642940394548,41.130818686733136],[1.2946510541802263,41.13087798607769],[1.2946531468586397,41.13096737135263],[1.294642372980177,41.13111655598081],[1.2944216418097692,41.13106050344812],[1.294393671677539,41.13111008078832],[1.2943694441579254,41.131143950443935],[1.2943407426055054,41.13117577218656],[1.2943069949057355,41.13120463679085],[1.2942676429428557,41.131229094788516],[1.2942237678389046,41.13124880188667],[1.2941764483872016,41.13126350383405],[1.2941368367375041,41.13127039333857],[1.2941459522657552,41.13164505969068],[1.2938089522603313,41.13158413116578],[1.2937135494425984,41.13177169484935],[1.2936555401224972,41.13196900010878],[1.2936078455600541,41.132237166926025],[1.2933535172278658,41.13222240928289],[1.2932231722925993,41.13221608382749],[1.292830691675477,41.13219259221073],[1.292585258100865,41.13213346774026],[1.292381072032996,41.1320136133565],[1.2921797241806772,41.131839485559624],[1.292119220787793,41.131756169856935],[1.2919514155670142,41.13154740987311],[1.2919235634992512,41.13149592435676],[1.2918686378477116,41.131321625557355],[1.292389765897785,41.13116397600099],[1.292347616024155,41.131149299361496],[1.2923230630676221,41.13113596452445],[1.2922916708267749,41.131110728463284],[1.2916939085751102,41.13077831451408],[1.2917121781303142,41.13075831865769],[1.2912618997051455,41.13053635996539],[1.2912388619576716,41.130556465155564],[1.2911150651411551,41.130488333228115],[1.2905769658012018,41.13012049858277],[1.290546445578503,41.130098427610406],[1.2904314563783594,41.13000772681173],[1.2903004401206568,41.12991489640597],[1.290157588902913,41.12980072255233],[1.2900837540685297,41.129735493050994],[1.2900593943703134,41.1297009930061],[1.2900548631793385,41.12967363304396],[1.2900020419770726,41.129647898050386],[1.2899595604748229,41.129613939592424],[1.2899436564069537,41.12962541318297],[1.2896076168588493,41.12945468539069],[1.2895467604609685,41.12949980986001],[1.2893806105486472,41.12938835156802],[1.2893062311625108,41.12945417242419],[1.2890118284252365,41.12925370611416],[1.2886573840970534,41.12900748961145],[1.2887009285681317,41.12897300743654],[1.28843237987504,41.12877715732387],[1.2885560009181565,41.12867766016545],[1.2881568767164648,41.12837231957038],[1.2880993227362088,41.12833624482418],[1.288102503141953,41.12833304940191],[1.2877516516946987,41.12814597264055],[1.287641596566676,41.128085697650626],[1.287499953330001,41.12801243246241],[1.2873944284311396,41.12795204444788],[1.287353856814149,41.12789055051619],[1.2871508505675453,41.127552182749994],[1.2870302672330984,41.1273700594252],[1.2869378659540185,41.12725401975052],[1.287154592569127,41.12689541228866],[1.287365674033401,41.12658887381143],[1.2878935285487703,41.12575911531961],[1.2882306383764017,41.125241860948705],[1.2882621536419765,41.12519212878544],[1.2883951436679353,41.12521291019648],[1.2884777532842837,41.12522929385249],[1.2886098888149937,41.12526806379236],[1.2889248376886,41.1253788335467],[1.2891090814148516,41.125450853570726],[1.2895528846060444,41.125616579898825],[1.2902022910587594,41.125858970734626],[1.2906942518953044,41.12604489350353],[1.291281007112289,41.1262744405266],[1.2920710133796702,41.12656112575861],[1.292822722002972,41.12683424730623],[1.293229587768288,41.12698966947849],[1.29370593568352,41.12717101814347],[1.2941909024027816,41.12735140979662],[1.2946418592454032,41.12751830522402],[1.295041606129506,41.1276725329023],[1.2953577040404618,41.12779389583815]]],[[[1.3090149969560583,41.13331751056567],[1.3091148184187205,41.13346255922551],[1.3091498547473759,41.133471450584594],[1.3091807945267233,41.13348676718689],[1.3091947144819822,41.13349678971627],[1.3092105318287324,41.133511794221214],[1.3092560460568359,41.13356731804325],[1.3094451071603577,41.133808972151094],[1.309591644693734,41.133971456461246],[1.3097988970936647,41.134205360318354],[1.3098318691455269,41.134248269502],[1.3099142498529501,41.134366756023205],[1.310210520653119,41.134702038686015],[1.3102289610503415,41.13472626917979],[1.310244670434459,41.134754783197806],[1.3102593521665782,41.134800126148136],[1.3102622434995164,41.134845296109646],[1.3102576273524593,41.134899813789445],[1.3102340559979122,41.134996568722855],[1.31018862670869,41.135109396576844],[1.3101670431645858,41.135147271657864],[1.3102895669926844,41.135525341129956],[1.3088843079910348,41.13571573172194],[1.308436014725458,41.135779226427644],[1.3083709854766326,41.13578763906214],[1.308239977705081,41.13579967630644],[1.308108181424845,41.1358053064996],[1.3080421671189555,41.13580568781059],[1.307910261175771,41.135801678151296],[1.3077789982954608,41.13579119239694],[1.307604207547625,41.135773041015476],[1.3072825787244324,41.13574315630006],[1.3073064322425318,41.13570316324604],[1.30699838681249,41.13567514736964],[1.3069766125562758,41.135660599949546],[1.3066316352369158,41.13562830746673],[1.3065001778397096,41.13561521603307],[1.306433681838396,41.1356070052015],[1.3063541250831006,41.13557084388217],[1.3061729987923834,41.135477010813204],[1.3061685704334778,41.135466217763174],[1.3062968661692724,41.135423019411625],[1.30628014131356,41.135394627745534],[1.3062802886909952,41.13538227794227],[1.3062429026809568,41.13534466229819],[1.3061029851733963,41.135145832251595],[1.306042669156979,41.13517009131524],[1.3059470979645906,41.135205378471284],[1.3053172262122064,41.134944561356626],[1.3053262515897261,41.13492950032965],[1.3053959806004194,41.13482180595182],[1.305420971476066,41.13477200194926],[1.30546136475046,41.13468387250833],[1.3054879010721323,41.134620309768636],[1.3055332718320642,41.13449153967764],[1.3055487689584966,41.13441250176764],[1.3055511413569592,41.134370922966035],[1.3055440293485903,41.13433280581675],[1.3055307300135712,41.13429405808447],[1.3055185052234086,41.134269107621364],[1.305486606965686,41.13422161919393],[1.3054293660667575,41.13415430169274],[1.3049718538118216,41.13366458736217],[1.304611198005739,41.13325385156163],[1.3045110876109238,41.13314419783053],[1.3042943503288267,41.132921020508526],[1.304069855658715,41.132293937971774],[1.304111845592171,41.13199171536524],[1.3041210888138643,41.13189183226698],[1.304127361247088,41.13178887890368],[1.3041264622848816,41.13167573064627],[1.304122653361192,41.13158675258171],[1.3041116024698194,41.13148296764747],[1.3040885096059014,41.131353559218994],[1.3040280508289606,41.13108757206934],[1.3041968284012033,41.13111900561406],[1.3047280201541418,41.13118500253373],[1.30496607778149,41.131225604695615],[1.3052438186049165,41.13128469091535],[1.3053547634707936,41.13131266946409],[1.3055746608998502,41.13137328172822],[1.305683497719752,41.13140587681403],[1.3057955762816196,41.131442545835014],[1.3058507219462232,41.131462506974145],[1.3059589554713416,41.13150559566519],[1.3060641046012091,41.13155276522255],[1.3061153916406603,41.13157782176921],[1.3062432975994425,41.13165038381209],[1.306364656700664,41.13172927178233],[1.306603132637827,41.13190333446809],[1.3068376702103903,41.13206937613582],[1.3068743372018112,41.132093108586176],[1.3069500249958994,41.13213845706422],[1.3070285776653798,41.1321808571175],[1.3070688304478992,41.13220089509853],[1.3071463710108093,41.13223072374658],[1.3072251876204561,41.13225869753908],[1.3073051361625296,41.13228476841712],[1.307386099843323,41.13230889142588],[1.3075107084621025,41.132337014670156],[1.307637974439822,41.13235765557021],[1.3077237098262269,41.132367174349945],[1.3078186774131109,41.13237023612884],[1.3079138040876186,41.13237132662464],[1.3080089447360779,41.13237043649885],[1.308103981265042,41.13236757122265],[1.3082149872021993,41.132360328614034],[1.3083257890464264,41.13235129130962],[1.3084363153806835,41.132340456459524],[1.3088853961593323,41.13229065375777],[1.3090149969560583,41.13331751056567]]],[[[1.300996978006022,41.13062521618495],[1.3013236263300083,41.13068110515233],[1.3017373167525867,41.13072952053672],[1.3020139895387657,41.13075896322878],[1.3019148357284493,41.13079858811649],[1.301710166201625,41.130960227238354],[1.3011277719744148,41.13138318679453],[1.3009899235242357,41.131415922228335],[1.301427092220013,41.13225835590648],[1.3015706591621614,41.132350367970425],[1.302175687353922,41.133013322785985],[1.3018746345713206,41.13306392003464],[1.301642018204774,41.13310786935513],[1.3005229484064373,41.133223951622504],[1.2999575238928784,41.13316399370128],[1.2997567458120949,41.13321138164421],[1.299385754427728,41.13329435762176],[1.299417226076118,41.13316907779753],[1.2991239375118748,41.133126554977956],[1.2979032070286267,41.13289828534209],[1.297584439319611,41.13284601425813],[1.2974100881625925,41.132811280155586],[1.2973385422922026,41.132804547724724],[1.2970523783055594,41.13275600618062],[1.297054815046726,41.13272936923911],[1.297052800295638,41.13268621970366],[1.297054255592338,41.13262866896349],[1.2970844143956715,41.13251584303944],[1.2971006171735546,41.13246737642593],[1.2971331586064931,41.13239061206499],[1.2972270298994455,41.13220628088891],[1.2972820873832265,41.13208051085841],[1.2973144670019592,41.13199234416938],[1.297333460232348,41.13192948066812],[1.2973547702201604,41.13184530276346],[1.2973753529550602,41.13173202891928],[1.29738692051323,41.1316904907498],[1.2974054397749613,41.131650417281016],[1.297430605280982,41.13161247144881],[1.2974620017074794,41.13157728033569],[1.2974991100774096,41.131545425354574],[1.2975413163299454,41.131517433368494],[1.297581510130797,41.13149636179807],[1.2976242359308845,41.13147836046185],[1.297669081842934,41.13146360161732],[1.2977731660323912,41.13144182956157],[1.2978785047362957,41.13142383207534],[1.2979426188940268,41.13140549187717],[1.2980045999089507,41.1313833504846],[1.2980640522016842,41.13135754797661],[1.298120598620566,41.13132824902531],[1.2983663273561776,41.13120691450697],[1.2984149656295592,41.13117972882081],[1.2984640962420615,41.13114533808973],[1.298506027322254,41.13110874493035],[1.2985405327580368,41.131067958056434],[1.298563483777498,41.131028402942334],[1.2986397012672877,41.13080071339851],[1.298672036131432,41.130710309076896],[1.2988732672325785,41.1305412366504],[1.2989101926302506,41.130530292996255],[1.2997205007241457,41.13032721008433],[1.2999269577846133,41.130390717951116],[1.3001097043354126,41.13044338536304],[1.300372332661053,41.130510317454956],[1.3006837239978344,41.13057796934937],[1.300996978006022,41.13062521618495]]],[[[1.2968101719377225,41.13326238972825],[1.296858521323693,41.133436417790634],[1.2969049693410755,41.133569235484416],[1.2969770796029898,41.133713114611616],[1.2970237408436855,41.1339846687053],[1.2970623810769601,41.13409372622451],[1.2970981492402345,41.134185779266474],[1.2972974473965635,41.134182946754436],[1.2972920626062943,41.13428597763291],[1.29729781601539,41.13439002529058],[1.2972999741785622,41.13439041839812],[1.2973530429732474,41.134473398986316],[1.297400134171936,41.13450904421659],[1.2974844096383042,41.1345626235707],[1.2974686553204948,41.134642016845135],[1.2972449698521593,41.13465357223207],[1.2969248088724425,41.1346640608685],[1.2968045935547228,41.13465498702977],[1.2966930392372993,41.13464270839071],[1.2956165133280961,41.1345453541454],[1.2955660407985492,41.134166382916725],[1.295064596918497,41.13398196362844],[1.2947741061056781,41.13396018835718],[1.2942844014182624,41.13459652127092],[1.294171073731261,41.13461592026564],[1.2941335290759373,41.13462572276626],[1.2940941558501597,41.13463312559808],[1.2940380778244567,41.13464950283349],[1.2935609661896628,41.134804470979574],[1.2935042397761918,41.13482958010763],[1.2934092950597231,41.13488251536834],[1.2935756796858164,41.133721754405855],[1.2935209168554067,41.13360528688862],[1.2934220699320067,41.13354410258735],[1.293346093501427,41.13348767078313],[1.293276426674988,41.133426828691206],[1.2931913782507174,41.13333432248123],[1.293132604891465,41.133248510862295],[1.2930946446605722,41.13317327621671],[1.293072437286112,41.133110795437574],[1.2930606890193137,41.133063061796],[1.2930516377212244,41.13299861420382],[1.2930527229490991,41.132901619677064],[1.2930604004827484,41.13285363349811],[1.2930737709974076,41.13280663244307],[1.2931220438497966,41.132700068740654],[1.293204186765016,41.132550771042226],[1.2932352926058615,41.132486959111255],[1.2932487392403424,41.132426857772366],[1.2932579714234536,41.13234646766617],[1.2932588629633235,41.132298290829084],[1.2932527020890663,41.132217516774695],[1.2933535172278658,41.13222240928289],[1.2936078455600541,41.132237166926025],[1.2936555401224972,41.13196900010878],[1.2937135494425984,41.13177169484935],[1.2938089522603313,41.13158413116578],[1.2941459522657552,41.13164505969068],[1.2941368367375041,41.13127039333857],[1.2941764483872016,41.13126350383405],[1.2942237678389046,41.13124880188667],[1.2942676429428557,41.131229094788516],[1.2943069949057355,41.13120463679085],[1.2943407426055054,41.13117577218656],[1.2943694441579254,41.131143950443935],[1.294393671677539,41.13111008078832],[1.2944216418097692,41.13106050344812],[1.294642372980177,41.13111655598081],[1.2946531468586397,41.13096737135263],[1.2946510541802263,41.13087798607769],[1.294642940394548,41.130818686733136],[1.2946179938800433,41.13070094975907],[1.2946007791648213,41.13059746902587],[1.2945888514197632,41.130280679151895],[1.2945756048964976,41.13028156389889],[1.2945647303708188,41.13011728640765],[1.2945588670790111,41.129961910458064],[1.2945472891209024,41.12985238808146],[1.2945806758468577,41.12980523284625],[1.2945995089358149,41.12977263438126],[1.2948907127655316,41.12974776177675],[1.295271580369577,41.12972448587623],[1.295389753408858,41.129697050715045],[1.2954002703778853,41.12970035899532],[1.2954223337217636,41.12969942449625],[1.2959995874727732,41.12962270715968],[1.2958332620172905,41.12915816546225],[1.2958174246033753,41.12912591308627],[1.2957151880943756,41.12884339711849],[1.2956112681183867,41.12852911913822],[1.2953577040404618,41.12779389583815],[1.2955653217863565,41.12787827381924],[1.2956970130872845,41.127938302073986],[1.2959161723190833,41.128034528429794],[1.2961368259484842,41.128140702736005],[1.2963367448185537,41.12824301194559],[1.296447776710515,41.12830181497559],[1.2965693910467917,41.12836917931028],[1.2966763906239571,41.12843098502873],[1.2967442129585032,41.12847279201153],[1.2968422701598836,41.1285372126136],[1.2969933135807572,41.128642256781546],[1.297129755953906,41.12874669844653],[1.2972586786270002,41.128852180834066],[1.2974990154446977,41.12905706842023],[1.297624960977225,41.12916163266176],[1.2978254699695757,41.12932155093486],[1.2978688336242017,41.12934964666089],[1.2979035992509163,41.12938130837399],[1.2980565185566253,41.12949231481067],[1.2982212689890769,41.12960231588194],[1.2983822068560933,41.12970502376875],[1.2984149975987664,41.12972594984306],[1.2985686529048661,41.12981909560929],[1.2987428598085942,41.12991542715093],[1.298905369863165,41.12999833564364],[1.2990888246875203,41.13008350786106],[1.2993082337414679,41.13017652480313],[1.2994261377616219,41.130221509871696],[1.299544043113677,41.1302664957403],[1.299671832694989,41.1303118156722],[1.2997205007241457,41.13032721008433],[1.2989101926302506,41.130530292996255],[1.2988732672325785,41.1305412366504],[1.298672036131432,41.130710309076896],[1.2986397012672877,41.13080071339851],[1.298563483777498,41.131028402942334],[1.2985405327580368,41.131067958056434],[1.298506027322254,41.13110874493035],[1.2984640962420615,41.13114533808973],[1.2984149656295592,41.13117972882081],[1.2983663273561776,41.13120691450697],[1.298120598620566,41.13132824902531],[1.2980640522016842,41.13135754797661],[1.2980045999089507,41.1313833504846],[1.2979426188940268,41.13140549187717],[1.2978785047362957,41.13142383207534],[1.2977731660323912,41.13144182956157],[1.297669081842934,41.13146360161732],[1.2976242359308845,41.13147836046185],[1.297581510130797,41.13149636179807],[1.2975413163299454,41.131517433368494],[1.2974991100774096,41.131545425354574],[1.2974620017074794,41.13157728033569],[1.297430605280982,41.13161247144881],[1.2974054397749613,41.131650417281016],[1.29738692051323,41.1316904907498],[1.2973753529550602,41.13173202891928],[1.2973547702201604,41.13184530276346],[1.297333460232348,41.13192948066812],[1.2973144670019592,41.13199234416938],[1.2972820873832265,41.13208051085841],[1.2972270298994455,41.13220628088891],[1.2971331586064931,41.13239061206499],[1.2971006171735546,41.13246737642593],[1.2970844143956715,41.13251584303944],[1.297054255592338,41.13262866896349],[1.297052800295638,41.13268621970366],[1.297054815046726,41.13272936923911],[1.2970518969019489,41.132761260335855],[1.297001955568165,41.13275787816949],[1.2970197883529695,41.132842787022305],[1.2970443843146149,41.132984585381436],[1.2970517498858671,41.13304167475652],[1.2970829402019384,41.13314331074696],[1.2970500810382668,41.1331054537147],[1.297023474912628,41.13308341260507],[1.2969560613776876,41.13303897174511],[1.2968502788509004,41.13298287882725],[1.2967413291766412,41.13290604427109],[1.2967297849611095,41.13293413002791],[1.2967534387774362,41.13303205795711],[1.2967697515234673,41.13308950575721],[1.2968101719377225,41.13326238972825]]],[[[1.2934092950597231,41.13488251536834],[1.2935042397761918,41.13482958010763],[1.2935609661896628,41.134804470979574],[1.2940380778244567,41.13464950283349],[1.2940941558501597,41.13463312559808],[1.2941335290759373,41.13462572276626],[1.294171073731261,41.13461592026564],[1.2942844014182624,41.13459652127092],[1.2947741061056781,41.13396018835718],[1.295064596918497,41.13398196362844],[1.2955660407985492,41.134166382916725],[1.2956165133280961,41.1345453541454],[1.2966930392372993,41.13464270839071],[1.2968045935547228,41.13465498702977],[1.2969248088724425,41.1346640608685],[1.2972449698521593,41.13465357223207],[1.2974686553204948,41.134642016845135],[1.2973868100949129,41.13511265498068],[1.297381545273127,41.13515360623835],[1.2973177483822058,41.135358151697794],[1.2972618853680105,41.13556013739104],[1.297228232860117,41.13569333701676],[1.2971820596168793,41.13589226105995],[1.2970228649271165,41.136248800408666],[1.2966170511822013,41.136613376647055],[1.2963368543342568,41.13688206865387],[1.2960891621770851,41.137074641257],[1.2956747196565517,41.13737974423267],[1.2955371014329764,41.137534590845256],[1.2954459326537584,41.13774588198358],[1.2953894105602768,41.13788789411128],[1.2953881051665042,41.137990289827634],[1.2951964021272226,41.13850404912176],[1.2951773180012087,41.13858074993015],[1.2951237451582849,41.138725501498925],[1.2950329327735512,41.13894425662436],[1.2948945118274302,41.139269719161696],[1.2948619569686608,41.139491541686],[1.2947939570436071,41.13991334579457],[1.2948114876618795,41.14004151151966],[1.294720823947462,41.1402849021848],[1.294647965273813,41.14055846123993],[1.2946152646262856,41.140804241365736],[1.294573209335304,41.14100637684221],[1.294600762458565,41.14119378002523],[1.2946616264609652,41.141410770604814],[1.2946672028664263,41.14149519465907],[1.2948204033048363,41.142038240293935],[1.2948478970369866,41.14215439340369],[1.2948780762787775,41.142258876552624],[1.295069664210145,41.14269623352389],[1.294757394774317,41.143127211463984],[1.2947376481961614,41.14312133443949],[1.2947096706500945,41.14317559551408],[1.2943062398622713,41.14407559234317],[1.2942154786291327,41.1442718719109],[1.2941664039860266,41.144358517461534],[1.294091270127671,41.14448513043764],[1.294085693109602,41.14449801858027],[1.294072883534501,41.144546289012844],[1.294041783887866,41.14471174589733],[1.2939716885679564,41.1449427399064],[1.2939494040633703,41.14503014251909],[1.2939271011232316,41.14514123449355],[1.2939135517066442,41.145250204275],[1.2939173226673704,41.145357539080486],[1.2939292607991824,41.14544400747764],[1.293956562936688,41.14558132544665],[1.29399328940171,41.145566556822516],[1.2942737709295964,41.145930469765084],[1.294345429400881,41.146094296043174],[1.2943492667374346,41.14609336205641],[1.2943766223167696,41.14615970187082],[1.2943584212062909,41.14616312536006],[1.294413868366523,41.14630419282105],[1.2944071652596938,41.14630535459078],[1.2944374529234897,41.14641028977105],[1.2944702873905019,41.14655948931929],[1.2944525281015071,41.14670217479227],[1.2943836116995129,41.14695201203912],[1.2943418266182711,41.147148116212335],[1.2942859206186739,41.14737409614451],[1.2942287911906996,41.147651850839374],[1.2941983833871475,41.1477859719515],[1.2937544540013024,41.148053365587224],[1.2935110544655133,41.14792270519602],[1.2932861315181805,41.14797836277763],[1.2932409327810748,41.14800845249823],[1.2930095989151964,41.148221731596806],[1.2924947434777183,41.14791961972386],[1.2921568853096992,41.14773477305772],[1.2918530047989296,41.147571544683196],[1.2913953036310215,41.147340303266866],[1.2911012819632726,41.14719839393061],[1.2914282054530095,41.14680176137577],[1.2916290539430724,41.14657619466479],[1.291698505148107,41.14646679340741],[1.291712685190791,41.14643466695465],[1.2917416688931098,41.14625458729566],[1.291727111280454,41.1458009355527],[1.2915166708122647,41.14536509510216],[1.291631713747256,41.14533086196982],[1.2918336455339705,41.14531872479852],[1.2919021986622115,41.14531271578273],[1.2919129609754554,41.14530666025827],[1.2919342334569324,41.14515276794314],[1.2919528760834278,41.14499460310538],[1.2920064437822685,41.144712022674945],[1.292039096768986,41.14456037082703],[1.2920696128030904,41.14439463562348],[1.2920737613380384,41.14434956973477],[1.2919887959807255,41.14430849661229],[1.2919078223155596,41.1442559530732],[1.2918533633633753,41.1442285732955],[1.291794170133775,41.14408979096448],[1.291870906639293,41.14362154998797],[1.2918999208177182,41.14345858484417],[1.29190138875513,41.143383664473774],[1.2918743510182673,41.143103221225886],[1.291852066245929,41.142951835425976],[1.2917749860433618,41.14272640611798],[1.2917902294376455,41.142474242908],[1.2918168032781354,41.14227674294421],[1.2917688521435826,41.142269546313244],[1.2918288936548454,41.14187978288103],[1.291899791955047,41.14176950211292],[1.2919723265134042,41.141701760831914],[1.2920306193718272,41.14165143951488],[1.292085050907128,41.14165100913548],[1.292274274927121,41.14151284828728],[1.2923407007332637,41.14129477154584],[1.2923191553900912,41.14117456261017],[1.2922875727905232,41.141032496822476],[1.2922806937939373,41.140921062453195],[1.2922984384504925,41.14088466516392],[1.2922909666018305,41.1407363814364],[1.2921309709875881,41.14079057577384],[1.2919740340299088,41.14054783886491],[1.291828262546453,41.14037075168134],[1.2918239864870267,41.14037023788337],[1.2917597914232968,41.14025444040887],[1.2918240050914431,41.14023179329153],[1.2917325335958323,41.13995498796259],[1.2917055539079723,41.139915675476345],[1.2916834566408737,41.13992237352534],[1.2916722963363343,41.13990248160879],[1.2916904375710647,41.13989212189037],[1.2916301509048287,41.13974053256639],[1.291648773211767,41.13947752033375],[1.2916210064374118,41.13945476990359],[1.2915835825116289,41.13945979937962],[1.2915584830345055,41.13942150557122],[1.2915350247504318,41.13941178979886],[1.291504464461972,41.13941403867844],[1.2914534485762372,41.139433188356975],[1.2914265160067215,41.13939207500799],[1.2914137006280457,41.1393487390772],[1.2913001370196597,41.1391887027934],[1.2912500546032128,41.139144363535785],[1.2910234623015215,41.13880835523499],[1.2910098215250847,41.13881517864518],[1.2909615005144977,41.13876726240975],[1.2908058059399894,41.1385871442627],[1.290215258725871,41.13791506784377],[1.290970519916467,41.13742411134356],[1.2909739476321869,41.13735633590701],[1.2907949877769522,41.13725099483054],[1.2905902371522089,41.137028533762475],[1.2902839493229055,41.13673836003405],[1.2904577175778855,41.136658160873175],[1.290927554715453,41.13646327662039],[1.2910751238149436,41.13642385189626],[1.291444064603116,41.13631997510839],[1.2911968079909277,41.13593583075784],[1.2917562861566971,41.1357618193179],[1.2921289495803412,41.13561530006101],[1.292119378079358,41.13556174376135],[1.292428850662494,41.13559146355713],[1.292526936274262,41.13557643412814],[1.2925193726640385,41.1355419134133],[1.2927909705621148,41.13540578342013],[1.2928303816621403,41.13538835266972],[1.2928787994711173,41.13531764104814],[1.292907573389473,41.13528514971808],[1.2933131820764654,41.134954772301086],[1.2934092950597231,41.13488251536834]]],[[[1.3022888864458708,41.13407833199176],[1.3023103571935788,41.13411798599835],[1.3023165965891292,41.13413549125032],[1.3023202376229686,41.13415341037592],[1.3023225417126068,41.134174063383135],[1.3022830874063784,41.13427067619548],[1.302125055207572,41.134399573006846],[1.3015782262852575,41.134392810739165],[1.3012569942007375,41.13433961270086],[1.3009169895474746,41.13434029884175],[1.3005570486350657,41.13430930771014],[1.3004546668531014,41.13429522244977],[1.3003863407000191,41.13428423924529],[1.3000725428576654,41.13425776834696],[1.300001726767755,41.134184410944755],[1.2998446929033602,41.134027452319174],[1.2997703069968314,41.133818785639484],[1.2998183727263828,41.133507187595114],[1.2997567458120949,41.13321138164421],[1.2999575238928784,41.13316399370128],[1.3005229484064373,41.133223951622504],[1.301642018204774,41.13310786935513],[1.3018746345713206,41.13306392003464],[1.302175687353922,41.133013322785985],[1.3022115561308474,41.13308690230621],[1.3022258962783193,41.13312207177381],[1.3021318819356063,41.133172282521144],[1.3020619846396086,41.13321435198578],[1.301974354281456,41.13327330481269],[1.301926051303572,41.13333108907539],[1.3019064796293989,41.13340345942179],[1.3019181386069518,41.133458000533665],[1.3019343504470502,41.13349251846726],[1.3020925087782642,41.13374987031253],[1.3022888864458708,41.13407833199176]]],[[[1.302548880409885,41.137275762483775],[1.3023902668660592,41.13740637503071],[1.3024566052427655,41.13743968973772],[1.302431707248013,41.13747652365204],[1.302368394580183,41.13759845248417],[1.302294066743539,41.13777327298018],[1.3022854075906027,41.137822596418445],[1.3023091572604057,41.13785339181386],[1.3024326533353905,41.13798960388175],[1.3025266725666826,41.138086108724046],[1.30256268951928,41.138130956401994],[1.3025896664778136,41.138175220456525],[1.3026853196455699,41.13831003105478],[1.3028304057857876,41.13852852898105],[1.302969368718447,41.13872576890825],[1.3030600634501979,41.1389374300273],[1.3031407910611565,41.139101294633114],[1.3033851501628615,41.13969344365382],[1.3029258701501023,41.13978900163217],[1.302432361611298,41.13986729932361],[1.3010860586835467,41.140002645491165],[1.3008155770795704,41.140026217928856],[1.3005470458599504,41.140034235571555],[1.3003030308843473,41.1400387412033],[1.3000193175802275,41.14004869533935],[1.2995995382306822,41.140053937614525],[1.2989931541989252,41.14006443898761],[1.2987987887292725,41.14006571145791],[1.2985976347417871,41.14007147712328],[1.2983827903863006,41.14007217611827],[1.2972103468123528,41.14005890013591],[1.2970132930065508,41.14005355438355],[1.2967984159001513,41.14005091717008],[1.296277812694346,41.14002484143033],[1.2960133783063097,41.13975493836666],[1.2955773888075781,41.13924514881873],[1.295466375995301,41.13911965298728],[1.295310453026858,41.138934042941486],[1.2951237451582849,41.138725501498925],[1.2951773180012087,41.13858074993015],[1.2951964021272226,41.13850404912176],[1.2953881051665042,41.137990289827634],[1.2953894105602768,41.13788789411128],[1.2954459326537584,41.13774588198358],[1.2955371014329764,41.137534590845256],[1.2956747196565517,41.13737974423267],[1.2960891621770851,41.137074641257],[1.2963368543342568,41.13688206865387],[1.2966170511822013,41.136613376647055],[1.2970228649271165,41.136248800408666],[1.2971820596168793,41.13589226105995],[1.297228232860117,41.13569333701676],[1.2972618853680105,41.13556013739104],[1.2973177483822058,41.135358151697794],[1.297381545273127,41.13515360623835],[1.2973868100949129,41.13511265498068],[1.2974686553204948,41.134642016845135],[1.2974844096383042,41.1345626235707],[1.297400134171936,41.13450904421659],[1.2973530429732474,41.134473398986316],[1.2972999741785622,41.13439041839812],[1.2993523379705607,41.13476441754442],[1.2995384460654218,41.134794862708645],[1.2998867957575344,41.13484457822644],[1.3002968237175578,41.134916575048386],[1.3005808113454858,41.13492513274902],[1.3011584299601973,41.134979969335845],[1.3013355415318375,41.135013297300546],[1.3015599521552077,41.13505215956642],[1.3015910947768037,41.13493216711466],[1.3017141642539007,41.13462070966624],[1.3018243325733725,41.13457373877194],[1.3019298791199438,41.13452104832862],[1.3020302837069848,41.134462897301006],[1.302125055207572,41.134399573006846],[1.3022830874063784,41.13427067619548],[1.3023225417126068,41.134174063383135],[1.3023178253899874,41.13413177666048],[1.3022888864458708,41.13407833199176],[1.3020925087782642,41.13374987031253],[1.3019343504470502,41.13349251846726],[1.3019181386069518,41.133458000533665],[1.3019104088544127,41.13342183949064],[1.301911413045709,41.13338521723276],[1.3019211179190533,41.13334933036489],[1.3019392085232695,41.133315349718316],[1.3019650915079561,41.13328438527129],[1.3019979234913746,41.13325744873558],[1.3020619846396086,41.13321435198578],[1.3021318819356063,41.133172282521144],[1.3022258962783193,41.13312207177381],[1.3022424818580356,41.13316275089457],[1.302433791544384,41.1335240690262],[1.302614756360196,41.13387082238075],[1.3027206580239983,41.13410234434382],[1.302759561785655,41.13422460885527],[1.3027593449809334,41.134242260338944],[1.3027718576175822,41.13433918516989],[1.302777861976425,41.134480601156355],[1.3027772242993843,41.13450995617233],[1.3027817370746173,41.13463991066313],[1.3027787742471346,41.134902705511344],[1.3020927158359799,41.135070941348026],[1.302088076455447,41.135518725213565],[1.3033771070521067,41.13566499790014],[1.3032797249605468,41.13659115423648],[1.303131271461147,41.13683153861887],[1.3028758134454377,41.13703080314489],[1.302548880409885,41.137275762483775]]],[[[1.300001726767755,41.134184410944755],[1.3000725428576654,41.13425776834696],[1.3003863407000191,41.13428423924529],[1.3004546668531014,41.13429522244977],[1.3005570486350657,41.13430930771014],[1.3009169895474746,41.13434029884175],[1.3012569942007375,41.13433961270086],[1.3015782262852575,41.134392810739165],[1.302125055207572,41.134399573006846],[1.3020302837069848,41.134462897301006],[1.3019298791199438,41.13452104832862],[1.3018243325733725,41.13457373877194],[1.3017141642539007,41.13462070966624],[1.3015910947768037,41.13493216711466],[1.3015599521552077,41.13505215956642],[1.3013355415318375,41.135013297300546],[1.3011584299601973,41.134979969335845],[1.3005808113454858,41.13492513274902],[1.3002968237175578,41.134916575048386],[1.2998867957575344,41.13484457822644],[1.2995384460654218,41.134794862708645],[1.2993523379705607,41.13476441754442],[1.2972999741785622,41.13439041839812],[1.297297118880677,41.13437741080945],[1.2972920626062943,41.13428597763291],[1.2972974473965635,41.134182946754436],[1.2970981492402345,41.134185779266474],[1.2970623810769601,41.13409372622451],[1.2970237408436855,41.1339846687053],[1.2969770796029898,41.133713114611616],[1.2969049693410755,41.133569235484416],[1.296858521323693,41.133436417790634],[1.2968101719377225,41.13326238972825],[1.2967697515234673,41.13308950575721],[1.2967534387774362,41.13303205795711],[1.2967297849611095,41.13293413002791],[1.2967413291766412,41.13290604427109],[1.2968502788509004,41.13298287882725],[1.2969560613776876,41.13303897174511],[1.297023474912628,41.13308341260507],[1.2970500810382668,41.1331054537147],[1.2970829402019384,41.13314331074696],[1.2970517498858671,41.13304167475652],[1.2970443843146149,41.132984585381436],[1.2970197883529695,41.132842787022305],[1.297001955568165,41.13275787816949],[1.2971042548545837,41.132764806119255],[1.2973385422922026,41.132804547724724],[1.2974100881625925,41.132811280155586],[1.297584439319611,41.13284601425813],[1.2979032070286267,41.13289828534209],[1.2991239375118748,41.133126554977956],[1.299417226076118,41.13316907779753],[1.299385754427728,41.13329435762176],[1.2997567458120949,41.13321138164421],[1.2998183727263828,41.133507187595114],[1.2997703069968314,41.133818785639484],[1.2998446929033602,41.134027452319174],[1.300001726767755,41.134184410944755]]],[[[1.3069766125562758,41.135660599949546],[1.30699838681249,41.13567514736964],[1.3073064322425318,41.13570316324604],[1.3072936052557353,41.13572467015946],[1.3072825787244324,41.13574315630006],[1.3073085986840385,41.13575059159864],[1.307325855834065,41.13576057332514],[1.3073392254940317,41.13577347038492],[1.307348775824681,41.135791265429006],[1.3073484887349685,41.13580243049697],[1.3073454822388657,41.135808151103134],[1.3073366387069094,41.13581846981507],[1.3073172915068658,41.135829534897674],[1.3073018307855075,41.135833090807836],[1.3069576945133448,41.13585838753279],[1.3068921065952503,41.13586534991925],[1.3064407463769392,41.135825655999305],[1.3063761083657002,41.13581885060173],[1.306370638771547,41.135827687581674],[1.3062566072060962,41.135962474062715],[1.306178333337921,41.136022573805214],[1.305997061141921,41.13614979559722],[1.3059791529835942,41.13616511513927],[1.3059237407198072,41.136202581882436],[1.305597891332923,41.13599872279517],[1.3053618852359408,41.13585932731836],[1.3052285508336632,41.13577197429858],[1.3052042632590635,41.135752791236975],[1.3051706256191686,41.1357219409882],[1.3051214145233956,41.13566663139797],[1.3050971916614535,41.135631055636836],[1.3050840070815288,41.135606361232036],[1.3050735825876008,41.13558089677197],[1.305066032636157,41.13555484409157],[1.3050583422043505,41.135501856951834],[1.305057690033615,41.13544852301987],[1.3050609940534366,41.13542199955332],[1.3050670326371516,41.13539569648113],[1.3050856322339714,41.13534426722418],[1.305097948096152,41.13531940765507],[1.3051427049303874,41.135246925510955],[1.3052389852585204,41.135075128348156],[1.3053172262122064,41.134944561356626],[1.3059470979645906,41.135205378471284],[1.306042669156979,41.13517009131524],[1.3061029851733963,41.135145832251595],[1.3062429026809568,41.13534466229819],[1.3062802886909952,41.13538227794227],[1.30628014131356,41.135394627745534],[1.3062968661692724,41.135423019411625],[1.3061685704334778,41.135466217763174],[1.3061729987923834,41.135477010813204],[1.3063541250831006,41.13557084388217],[1.306433681838396,41.1356070052015],[1.3065001778397096,41.13561521603307],[1.3066316352369158,41.13562830746673],[1.3069766125562758,41.135660599949546]]]]}},{"type":"Feature","id":"431482--zone--nou-eixample-nord","properties":{"name":"Nou Eixample Nord","officialName":"Nou Eixample Nord","municipality":"Tarragona","kind":"zone","quality":"official","code":"4"},"geometry":{"type":"MultiPolygon","coordinates":[[[[1.2778636689251572,41.11992513200647],[1.277920534193536,41.11995516654014],[1.2779792561309309,41.11998252655741],[1.2781007588102224,41.12003235306123],[1.2782216400502888,41.12007406340296],[1.2783423929659998,41.12011613199963],[1.2784292708934566,41.120155442257655],[1.2785138278247314,41.12019696963245],[1.2785720302031296,41.12022143918468],[1.278624110344651,41.12023861121149],[1.2786775496651237,41.120253911954485],[1.278784393087458,41.12028586396392],[1.2789382789645818,41.120345451246834],[1.2790921415993617,41.12040593872683],[1.2791667568307168,41.120431373813595],[1.2792432616346343,41.12045287378579],[1.27929501877531,41.120464185813375],[1.2793338573115602,41.12046845912438],[1.2793735607990857,41.12046698054797],[1.2793993898726652,41.120463132889896],[1.279435552809355,41.12045583660362],[1.2794720564754645,41.12044917592037],[1.2794752854022997,41.1204486837056],[1.2794985082101382,41.12044885046422],[1.2795348705779035,41.12044458904819],[1.2795086667862938,41.120506830325226],[1.2791799192844844,41.12108101074132],[1.2791424366782842,41.12106585857018],[1.2790688068915497,41.12117591088217],[1.2796162107317914,41.12138297430163],[1.279557210112427,41.121471087009],[1.2798231510089952,41.1215745659254],[1.2797468380520474,41.12168671696923],[1.2797322285071282,41.12170222133664],[1.2793473689271209,41.12156072943913],[1.2793376021967748,41.12158805637945],[1.2788492383659025,41.1214098872396],[1.278272923005087,41.12119707357233],[1.2781055763646219,41.12113746430928],[1.2779346966523812,41.12107176695832],[1.2779360817385161,41.12106890527043],[1.277737230464929,41.12099333153269],[1.2771200694178482,41.120750613459826],[1.2770119297203109,41.12092762333355],[1.2769780438700684,41.12111503519469],[1.2769337366566018,41.121301846160954],[1.2768966558419654,41.121470539459764],[1.2768682327418122,41.121586717090906],[1.276856113403381,41.12162793870225],[1.2768357475699497,41.121685780957364],[1.276804490095676,41.12175380715587],[1.2767910756199476,41.121777557369086],[1.2767133861126108,41.12189963725182],[1.2765564593030476,41.122111917800034],[1.2760615181855266,41.121912220432534],[1.275526100544672,41.121683558428266],[1.2744635309349963,41.12122310271052],[1.2736389465937272,41.12086978087098],[1.2733837608678993,41.12076413582374],[1.2731596557201328,41.120668828424364],[1.272865611208874,41.12054790028443],[1.272616171790398,41.12044124980569],[1.2721015737226646,41.12023103246852],[1.2729905157300336,41.119572746099216],[1.2732565444162867,41.119278637274206],[1.2733295977921264,41.11918040687884],[1.2733568777324291,41.11914783311473],[1.2733841588596966,41.119115258460766],[1.2734395398925442,41.118981746435075],[1.2734979131625228,41.118895068652044],[1.2734424041265489,41.11886793467043],[1.2733819112348683,41.11883099785655],[1.2733267799577082,41.11878945749473],[1.2732777105158768,41.11874386453975],[1.2732352864211085,41.11869467812216],[1.2731998530529984,41.118642353802194],[1.2731718724900418,41.11858743896344],[1.2731515615978661,41.11853074753718],[1.2731392681055336,41.118472645040534],[1.2731349707471007,41.118413941831506],[1.2731388911033263,41.118355271757565],[1.2731508959260376,41.11829717326952],[1.2731708472472785,41.118240364895655],[1.2731986118225247,41.11818538508376],[1.2732322114596328,41.11813499649298],[1.2732741265390415,41.118085453157214],[1.2733351542256635,41.11802926056473],[1.2734491549704205,41.117892434303634],[1.273951203027657,41.11739229679806],[1.274250017659464,41.117547920252285],[1.2742416732033377,41.11751635906569],[1.2742398002677262,41.117501468636014],[1.2742447882146448,41.11747929486138],[1.2742513568490896,41.11746498129131],[1.274268277995235,41.11744649923953],[1.2742802492168919,41.11743964735786],[1.2742992068436232,41.11745395427196],[1.2743367884828958,41.117450520730706],[1.2743461788101895,41.117441070243146],[1.2743410451461943,41.11741129471523],[1.2743630614549888,41.11740741627656],[1.2743697843812762,41.11739271318502],[1.2743563076346527,41.11737469624508],[1.2743935806552364,41.11736194521203],[1.274390368447274,41.11740085900553],[1.274388454923616,41.117423889523614],[1.2743866628185732,41.11744683178588],[1.2743872673315106,41.11746467568279],[1.2743928889398215,41.11748196422281],[1.2743999971361757,41.1174925194139],[1.274433922164323,41.11752968818636],[1.2744690850208735,41.117565073994534],[1.2745026824721581,41.11759656311731],[1.2745419724677027,41.11763354200744],[1.2746110371542974,41.117697899334956],[1.2746804662364877,41.11776199185473],[1.2747409682169542,41.117816762966704],[1.2748043843895973,41.11786941589907],[1.2748779162463613,41.117922400461],[1.2749547312911764,41.11797282197651],[1.2751079833263983,41.11807446986682],[1.2752398387143644,41.11816994226949],[1.2753702350813942,41.11826656364851],[1.2755249455670434,41.118385347063004],[1.2756785614684802,41.118505014632284],[1.275778491709347,41.11858703766467],[1.2758791554359215,41.118668350990944],[1.275924905699893,41.1186997513947],[1.2759733319742728,41.11872903003818],[1.276072972613053,41.11878573742205],[1.276137194593902,41.118825881265856],[1.2762215246173159,41.11888506161082],[1.276306228479471,41.11894361696441],[1.2764149966955223,41.11901568331913],[1.2765241270560554,41.11908757484057],[1.2766532879010795,41.119172376464086],[1.2767826942767864,41.11925691139176],[1.276838749853932,41.119290537341264],[1.2768972433210588,41.11932203793761],[1.2770143330024146,41.11938567110292],[1.2770711764606113,41.11942561397176],[1.2771248583448402,41.11946803161786],[1.277162173657601,41.11949408100853],[1.2772029311656878,41.11951603842853],[1.2772472263800305,41.11953480605224],[1.277339576208607,41.119569785304385],[1.27739843075088,41.11959660715069],[1.2774292693134732,41.11961526351637],[1.2774972976089911,41.11966933507161],[1.2775640068741774,41.11972374716053],[1.277672851084022,41.11980211871224],[1.2776860771484502,41.11981105376263],[1.2777848619013832,41.119877835263516],[1.2778636689251572,41.11992513200647]]],[[[1.2749773243385871,41.11645062337074],[1.2749762314366193,41.11649690553529],[1.2749684276036397,41.11653110721788],[1.2749530275079772,41.116564294378044],[1.2749431007017906,41.11657495469596],[1.2749150727796428,41.11659272824662],[1.2749099406228712,41.11660409270059],[1.2749077797224082,41.116636577397266],[1.2749065689419044,41.11666916639946],[1.2749074693499263,41.11671664939134],[1.274904443127732,41.11676398349559],[1.2748994107025449,41.11677877048952],[1.2748869505327938,41.116799751478105],[1.274873306825572,41.116820444513365],[1.2748526608773068,41.11685382331001],[1.274832136326273,41.11688711384601],[1.274819410847609,41.11691367550042],[1.2748053461331046,41.11695498938652],[1.2747882094048426,41.11699535650588],[1.2747690275181904,41.117018308520876],[1.2747298928716764,41.11704816765148],[1.2747104493125363,41.11706291891567],[1.2746939539648032,41.117078795239266],[1.2746854521934858,41.117094160777775],[1.2746782222809132,41.117120084137575],[1.274673134390444,41.11713243826576],[1.2746646314652919,41.11714330003744],[1.274649597912129,41.11714883963205],[1.2746335093169237,41.117153732895225],[1.274605825692653,41.1171738552754],[1.2745851866552143,41.1171978663293],[1.2745821369295838,41.117209710536464],[1.2745848610098092,41.117228486935254],[1.274584139394854,41.11724694149055],[1.2745763920366906,41.11726078704768],[1.27456356749922,41.11727293519497],[1.2745548983960453,41.1172764983975],[1.274539763477812,41.11727681211166],[1.2745263826832522,41.11727381932929],[1.2745177396184433,41.11726729452443],[1.2745038180686512,41.117246432675955],[1.2744914486939296,41.117239704320916],[1.2744777247160397,41.11724435645745],[1.2744557913208672,41.11726321382377],[1.274428093335925,41.117292973964965],[1.2744223531531762,41.11730039931574],[1.274410402532382,41.11730901248636],[1.2743899190599894,41.117327080888145],[1.274383012156695,41.117340668798974],[1.2743856913671798,41.1173611559538],[1.2743825945365237,41.11736570337832],[1.2743563076346527,41.11737469624508],[1.2743697843812762,41.11739271318502],[1.2743643022042381,41.11740470199224],[1.2743594501139104,41.11740805214343],[1.2743410451461943,41.11741129471523],[1.2743455749437596,41.11743756898986],[1.274342895381191,41.11744437453882],[1.2743391030456273,41.117448190941914],[1.2743293765075059,41.117451197834136],[1.2743022740718064,41.11745367415724],[1.2742943818748849,41.11745031320926],[1.2742802492168919,41.11743964735786],[1.274268277995235,41.11744649923953],[1.2742513568490896,41.11746498129131],[1.2742447882146448,41.11747929486138],[1.2742398002677262,41.117501468636014],[1.2742416732033377,41.11751635906569],[1.274250017659464,41.117547920252285],[1.273951203027657,41.11739229679806],[1.2734491549704205,41.117892434303634],[1.2733351542256635,41.11802926056473],[1.2732741265390415,41.118085453157214],[1.2732322114596328,41.11813499649298],[1.2731986118225247,41.11818538508376],[1.2731708472472785,41.118240364895655],[1.2731508959260376,41.11829717326952],[1.2731388911033263,41.118355271757565],[1.2731349707471007,41.118413941831506],[1.2731392681055336,41.118472645040534],[1.2731515615978661,41.11853074753718],[1.2731718724900418,41.11858743896344],[1.2731998530529984,41.118642353802194],[1.2732352864211085,41.11869467812216],[1.2732777105158768,41.11874386453975],[1.2733267799577082,41.11878945749473],[1.2733819112348683,41.11883099785655],[1.2734424041265489,41.11886793467043],[1.2734979131625228,41.118895068652044],[1.2734395398925442,41.118981746435075],[1.2733841588596966,41.119115258460766],[1.2733568777324291,41.11914783311473],[1.2732706958996312,41.11910144688732],[1.2730252634951844,41.11899792531911],[1.272646169678693,41.11885628317018],[1.2723606792466584,41.11875455810455],[1.272158893423221,41.1186771661783],[1.2717922221773474,41.11854077340053],[1.271219823657643,41.11833466687583],[1.270321147735027,41.11796376875203],[1.2691264724014504,41.117528555532424],[1.2668887524291916,41.11670159656378],[1.2653385244250492,41.116169917814204],[1.2654467684882162,41.11598642695867],[1.265576129801291,41.11566879015998],[1.265651768094371,41.11556846876745],[1.265918864960834,41.11533654818144],[1.2660723666044311,41.115214780054814],[1.266143873212317,41.11517463823761],[1.2662052372179586,41.115150592312695],[1.266280922544717,41.115132598784605],[1.2670781364453454,41.113460383838415],[1.2672639673686397,41.11333729986481],[1.267486201314542,41.1130479812598],[1.26749927753725,41.113074965346115],[1.2675194305671178,41.113105713822904],[1.2675439368691623,41.11312490810523],[1.267590087200254,41.113145328684396],[1.2676361019334712,41.113166377730366],[1.267710671566924,41.11321118564543],[1.267744912612103,41.11323611094388],[1.2677747612216905,41.11326502354564],[1.2677815422081913,41.113278906997934],[1.2677823766159284,41.113301528363415],[1.2677851253513166,41.11332381821925],[1.2677955193078643,41.11335094928781],[1.2678067322699509,41.11336269525809],[1.267855804430534,41.11339883271693],[1.2679051313236638,41.113434343461044],[1.267955601463854,41.11347167287542],[1.2680052193462885,41.11350971005163],[1.268039320996136,41.11353994758925],[1.2680853261490688,41.11358855925109],[1.2681298861500718,41.11363777968927],[1.268146473706925,41.113659196722466],[1.268167927539924,41.113683385569075],[1.2681858581514596,41.113683298477824],[1.2681990298624422,41.113680614127766],[1.2682359818905737,41.113665856983566],[1.2682545245261656,41.113658209183704],[1.2682744058687199,41.11365400435724],[1.268289432735003,41.1136532394636],[1.2683170182703785,41.113652495846694],[1.2683224296875262,41.11365301497062],[1.2683665827464898,41.11367241438647],[1.2684072122579089,41.1136944630611],[1.2684698422699956,41.11372684078936],[1.2685327151861425,41.1137590419852],[1.2685720960026856,41.11377422613306],[1.2686137286715713,41.11378530066962],[1.2686460263015165,41.113789028870244],[1.268678989456112,41.113785561068674],[1.268695680004662,41.11378040745684],[1.2687177793156599,41.11376884974623],[1.2687406879905376,41.11375178260158],[1.2687384083843876,41.11373619238992],[1.2687390218414425,41.11373097726294],[1.2687431761691896,41.11372698633378],[1.2687714023944132,41.11371795273102],[1.2688002537747323,41.113716855114845],[1.2688636868449168,41.11372321303491],[1.2689268486965972,41.11373082789323],[1.2689552009640073,41.11373512723478],[1.2689834389126375,41.11373924470131],[1.2690220866478958,41.11374153695788],[1.2690609575340495,41.11373986925642],[1.2690946562641994,41.11373560171534],[1.26914366415202,41.11372435822865],[1.2691921879340435,41.113708873922654],[1.269227306640917,41.11369589040881],[1.269241593970913,41.1136870075306],[1.2692508376569647,41.1136751664624],[1.2692544566220392,41.11365981802364],[1.2692529239409476,41.11363655565018],[1.269251746057799,41.113613388683014],[1.2692531850013633,41.11359035111311],[1.2692589075264833,41.11356746798587],[1.2692676828530551,41.113559853401725],[1.2692803136340183,41.11355508907489],[1.2692889020873679,41.11355458760377],[1.2693117276643329,41.11355890019131],[1.2693241436928062,41.11353692200772],[1.2693320194077526,41.11351821467933],[1.269336663308818,41.11350918688625],[1.2693443647671592,41.11350164623507],[1.269363119322776,41.11349499226468],[1.2693925603502423,41.11348957976056],[1.2694218775885768,41.113484345539014],[1.2694516111145122,41.11347686569024],[1.269488366138004,41.11346564873102],[1.269504354335407,41.113450365425784],[1.269513409499858,41.113436629928636],[1.2695149500755425,41.11342332197852],[1.2695160097049136,41.113410186952464],[1.2695292940369365,41.11339867679402],[1.2695402371434754,41.11339019310742],[1.2695419192026647,41.113375987433486],[1.269543296545033,41.113355290882446],[1.2695428857154156,41.11333465754041],[1.269538568200132,41.11331765857773],[1.269527310864689,41.11329280890115],[1.2695171273849268,41.11326788528237],[1.2695102521642139,41.113234904619475],[1.2695038342428802,41.11320265142647],[1.2694926825988437,41.11318284753297],[1.2694820071750132,41.11316305079338],[1.2694830013779215,41.113156940632344],[1.2694883485231099,41.11315287752231],[1.269516592557491,41.113152220974946],[1.269544784560419,41.113153545288576],[1.2695776456623415,41.11315394891835],[1.2696103877114462,41.11315435075015],[1.2696329850150838,41.11316009473864],[1.2696549563120125,41.113167000292805],[1.2696757622829093,41.11316839376246],[1.269707860965045,41.113166083651834],[1.2697235633801738,41.11316226616956],[1.2697384915392316,41.11315618517935],[1.2697692371604263,41.113137371003845],[1.2697965609581914,41.113117334442904],[1.2698230600048035,41.11309242143707],[1.269836956037278,41.11308028990583],[1.2698547217066816,41.11307046837498],[1.2698727144779753,41.11306560437671],[1.269900153476218,41.11306385474262],[1.2699278952490158,41.113064181374455],[1.2699790234789698,41.11306287762517],[1.2700299522655332,41.113064633406935],[1.270113020025914,41.1130761495953],[1.2701950171830625,41.11309215339427],[1.2702658210024158,41.113108079110404],[1.2703361273680471,41.11312480798763],[1.27038168634766,41.11313603092253],[1.2704259602552326,41.113150837541674],[1.2704319303358595,41.11315480041543],[1.2704365515060578,41.11316477805717],[1.27043833961436,41.113189668306035],[1.2704447060455009,41.113198948852755],[1.270474659854595,41.113223899040435],[1.2705044946327575,41.11324884743286],[1.2705344777199834,41.113277220894055],[1.2705661394034222,41.11330516917704],[1.270580084614672,41.1133138456157],[1.2706042637261723,41.11332285586452],[1.270630316103649,41.11332856146049],[1.2706997120357575,41.11333915134775],[1.2707689936645812,41.11334955932722],[1.2708357491895375,41.11336092016567],[1.2708689212029265,41.11336763334396],[1.2709020908601223,41.11337443655227],[1.2709442929742942,41.113386509620646],[1.2710044291493912,41.113409570814866],[1.2710633039375316,41.11343531529257],[1.2711602797109378,41.113479646643924],[1.271206934579223,41.11350358627573],[1.2712521017629554,41.11352975543419],[1.2713219343548956,41.11357818299504],[1.2713852152602638,41.11363119608415],[1.2714446061993068,41.11368721330885],[1.2715021830709943,41.113744284178594],[1.2715345748296039,41.11377620645176],[1.271562250253212,41.11381085026394],[1.2715736544235579,41.113839214871334],[1.2715793203491383,41.11386839411647],[1.2715938846277586,41.113944275659165],[1.271606301220717,41.11402030512048],[1.2716152132672398,41.114098263639235],[1.2716237705278668,41.114176126757485],[1.2716344656187228,41.11424060078305],[1.2716461155353995,41.11430499906021],[1.2716449915708874,41.11433876031011],[1.2716445795766933,41.11437262231855],[1.2716544243352277,41.11440141389047],[1.2716662722669818,41.11442194862296],[1.2716890870449393,41.11445120504133],[1.2717157447032712,41.114479258069345],[1.2717505936249733,41.11450833475164],[1.2718085460773476,41.11454658543142],[1.2718366235031475,41.114565922462084],[1.271861677302254,41.114587015618454],[1.2718715547450394,41.11460094529124],[1.2718858261879986,41.11463202631112],[1.2718996251952919,41.11464325131988],[1.2719454099680179,41.114668618797964],[1.2719913185564133,41.114693807965494],[1.2720419256675068,41.11472149962902],[1.272092535183251,41.11474910123137],[1.2721193527528436,41.11476652771823],[1.272156473525082,41.11479527805998],[1.272176475590685,41.114809179441174],[1.272199134694367,41.114821679478204],[1.2722262579389798,41.11483199460281],[1.2722686747526666,41.1148404674102],[1.272312216413601,41.11484238160192],[1.2723924170814762,41.11484070220138],[1.2724725199413274,41.11483821060302],[1.2725645992910064,41.11483319632388],[1.2726563956581811,41.1148298891516],[1.2726901251067224,41.114833547618545],[1.2727384486181044,41.11484841408351],[1.272785477711382,41.11486722441608],[1.2728767504615786,41.114906604754616],[1.2729681707057683,41.114944906333065],[1.2730178829194636,41.11496132477854],[1.2730684828458543,41.114975684788355],[1.2731152024420571,41.114983591274],[1.2731388121599412,41.11498709788193],[1.2731616485323327,41.114992844764714],[1.273212519407501,41.11501504529663],[1.2732599599553518,41.11504088745281],[1.2732790381979773,41.115053693893735],[1.2733031128486405,41.11506872712691],[1.273324300871925,41.11506265935249],[1.2733397111557947,41.11506090872416],[1.2733770806758935,41.11507110695804],[1.273394519410558,41.11507830415352],[1.2734096370654788,41.115087718426146],[1.273436932420094,41.115109655518594],[1.273464108735679,41.115131590820056],[1.2734980464414833,41.11515912204148],[1.273536439015309,41.11518923041953],[1.2735522981417557,41.11518866917518],[1.2735649701319065,41.11518687747125],[1.2735832732107266,41.1151838190468],[1.2736014525112578,41.1151809389141],[1.2736183539302073,41.11518137239867],[1.2736349876354935,41.11518747659163],[1.2736438613805892,41.11519427514583],[1.2736515432713287,41.11520564965894],[1.2736557489046096,41.11521787281719],[1.2736551650051846,41.11523560883571],[1.2736549382776658,41.1152533502076],[1.2736666112966022,41.11527604391288],[1.2736853724259207,41.115296411831444],[1.2737010230320704,41.11530367225462],[1.2737298454769048,41.115308247695616],[1.2737422568588506,41.115311856564915],[1.27375053062476,41.11531882626842],[1.2737596187284308,41.11533562634874],[1.2737684663618396,41.11535251289917],[1.2737779045691042,41.115369588450086],[1.2737907002170372,41.11538971381615],[1.273805763877256,41.11537910356078],[1.2738183464247252,41.11537163576517],[1.2738501785601166,41.11536589766068],[1.2738654155814544,41.115366216090095],[1.2738713118408265,41.11536846625512],[1.2738754917476343,41.115372582271974],[1.273882909456323,41.11539404120765],[1.2738885543896696,41.11542092851548],[1.2738959908290377,41.115437309303715],[1.2739203671326143,41.11543270427928],[1.273929689028602,41.11543149285472],[1.2739371448435173,41.11543331601337],[1.2739532987902247,41.11544409686938],[1.2739689647149774,41.11545532078466],[1.273997317774467,41.115477814044915],[1.2740310449949857,41.11550402956306],[1.2740446339363742,41.11550842798846],[1.274076639288551,41.11550971826544],[1.2741089299382968,41.11550921130906],[1.2741437242734037,41.115513155533634],[1.2741607766190373,41.11551692397455],[1.2741772866851475,41.11552320638669],[1.2742085986698168,41.11554187070782],[1.2742279518584958,41.11555783373584],[1.2742522723471832,41.1155842298099],[1.2742733240334891,41.11561264862603],[1.2743189071005336,41.11568214887885],[1.2743566924992928,41.1157537841592],[1.274392286412722,41.11584087948871],[1.274419496775983,41.115929740779016],[1.2744243660829395,41.1159575568218],[1.274426494682224,41.11598542187829],[1.2744230262854248,41.11601779690426],[1.2744189625900013,41.116050163011195],[1.274420853174206,41.116068926929536],[1.2744301418253732,41.116096268732115],[1.274448259723623,41.116123022211966],[1.2744610283785387,41.11613573392849],[1.274483029402697,41.11615065568249],[1.2745090914654709,41.1161605940733],[1.2745516237939372,41.11616924792348],[1.2745940512252183,41.11617735973684],[1.274635567427818,41.11618843035812],[1.2746769598690284,41.11619967926059],[1.2747071343047982,41.116205631239936],[1.2747220927466358,41.11619999503136],[1.274734898174036,41.11618856717672],[1.274747196762731,41.1161692051313],[1.274759609686871,41.11615002494698],[1.2747744085018995,41.11613070034942],[1.2747831022281106,41.11612164292458],[1.2747947441311933,41.11611371055871],[1.2748043443163737,41.11611097195775],[1.2748194506693775,41.116111738679244],[1.2748345122195701,41.116114216152155],[1.2748611413659152,41.11611614628511],[1.2748740598553225,41.11611859165379],[1.2748864219375171,41.116124091236124],[1.2749043750468037,41.11613895228061],[1.274920397245333,41.11616387279851],[1.2749329266535618,41.116190272275325],[1.274966194682665,41.11624796814982],[1.2749790058501576,41.11627725424044],[1.2749844094072145,41.11630742021],[1.2749820693316496,41.116355845495804],[1.2749782981782662,41.11640433942276],[1.2749773243385871,41.11645062337074]]],[[[1.2844563664368795,41.122548230459905],[1.2845479761213137,41.12259364161789],[1.2846394692072425,41.12263896089164],[1.28479189109246,41.122714011462186],[1.2849448083746164,41.122788348609085],[1.2849823050714606,41.122803048732344],[1.2850224078050791,41.122813734276036],[1.2851062581506985,41.122832367269126],[1.2851598994519673,41.12284919929432],[1.2852125642669556,41.122871511327396],[1.2852647598633882,41.122893546125844],[1.2853094591346645,41.122910695324876],[1.2853543871967015,41.122928208212464],[1.2854353406356442,41.122966614326224],[1.2855139731974057,41.12300723770812],[1.2855681276024018,41.12303182362682],[1.2856711795279692,41.12307245009639],[1.2857762047085088,41.12311049367035],[1.2859313417869922,41.12316369493898],[1.2860864814650925,41.12321680596287],[1.2861902535617737,41.1232526687144],[1.2862941378177142,41.12328880326636],[1.2863265454406714,41.123302256256906],[1.28635710372626,41.12331811374611],[1.2864164014492252,41.12335106268807],[1.2864580753210408,41.12337005800369],[1.2865148503977275,41.12339008864664],[1.2865726413446092,41.123407702351045],[1.2866914761785486,41.12343694304259],[1.2867727761461352,41.12345292471308],[1.2868906874362271,41.123471882918004],[1.2870089844928707,41.12348517201842],[1.287088051047516,41.12349085170523],[1.2871397100699147,41.12349234058883],[1.287191670470146,41.123491401907636],[1.28729595820545,41.12348457580927],[1.287367676072162,41.123475103508085],[1.2874372954313518,41.123459294712276],[1.2874834152107402,41.123444757810255],[1.28751157801187,41.123433646966106],[1.2875368271921022,41.12342006077017],[1.2875502038437798,41.12340954074161],[1.287562675064395,41.12339261192792],[1.2875732718779824,41.1233698904469],[1.2875841187937862,41.123343139127016],[1.2875663498989731,41.12332916372677],[1.2875427771370616,41.12331034787329],[1.287527205681913,41.12329075023408],[1.287518370211171,41.12326864057458],[1.2875155117971728,41.12324571903604],[1.287520157307161,41.123222818996126],[1.287537047227052,41.12318713021967],[1.2875490421163909,41.12317019432422],[1.287563995084182,41.12315402300869],[1.2875954041286015,41.12312800796664],[1.2876320168944795,41.1231080152302],[1.2876737564547878,41.12309242230149],[1.287715722435475,41.1230772830985],[1.2877366610989947,41.12306912734497],[1.2877570324870893,41.12305988225472],[1.2877640279622093,41.12305196958243],[1.2877661146017563,41.12302728673782],[1.2877696242414758,41.12301998609516],[1.2877779599389134,41.123010922371876],[1.2877893329912304,41.12300415567616],[1.287825015522633,41.12299702976689],[1.287860816808849,41.122994499434746],[1.2878817969457284,41.12299391056752],[1.2879027232445541,41.122995392620055],[1.287905865633457,41.1229982316563],[1.2879070572720317,41.123011456160654],[1.2879282389173508,41.12300820226018],[1.287946786419803,41.123004965045865],[1.2879760758767218,41.12300549050326],[1.2880009606008203,41.12300508936265],[1.288019440175446,41.122991542948746],[1.2880320346495207,41.12297902958708],[1.288049522785301,41.12296613858902],[1.288070043598311,41.12295572468938],[1.2880968515353806,41.12295089880835],[1.2881240374580551,41.122949861687445],[1.2881465491363133,41.12294992606047],[1.2881690654955684,41.12294981034866],[1.2881973932785866,41.12294608793316],[1.2882256090074256,41.12294209362031],[1.2882564697831842,41.12294174161034],[1.2882872509904677,41.122944450958244],[1.2883032063940223,41.12294928190905],[1.288319182861727,41.122953302495965],[1.2883406088510987,41.122953891145556],[1.2883621585935607,41.122954301480426],[1.288379335423692,41.12295338577525],[1.28839642566981,41.12295580155431],[1.2883989680369927,41.1229588118102],[1.288394656872401,41.12297133481694],[1.288396549853191,41.12298768993594],[1.2884038894000662,41.12300320182725],[1.2884224779174764,41.12301671908832],[1.2884569592354749,41.12302831072373],[1.2884740890166342,41.12303378962751],[1.2884891430897083,41.12304121933231],[1.2885018411910107,41.12305221702362],[1.2885157487410162,41.1230625120863],[1.2885303686540497,41.123068313984845],[1.2885459809281858,41.123072599353485],[1.2885695476641816,41.123077903669575],[1.2885935347972959,41.12308078220372],[1.2886301228196637,41.12308006482192],[1.2886667272197634,41.12307871714714],[1.2886984145498284,41.12307864752531],[1.2887301835182368,41.12308002030727],[1.28875295887838,41.123083691478136],[1.2887854417943767,41.12309426249865],[1.2888168925961718,41.123107880724184],[1.2888436972398314,41.12312151998749],[1.288868412154703,41.123137650296584],[1.2888904139053163,41.123157343289975],[1.2889060346324064,41.123179643727774],[1.2889095806056188,41.12318987487951],[1.28890939765615,41.12320608565443],[1.28890340353357,41.12322130934536],[1.2888830151543322,41.123244966380035],[1.2888627388146834,41.12326889530034],[1.288850958748746,41.12329132909805],[1.2888419033155054,41.123314343824546],[1.2888418136861903,41.12333154681004],[1.288840654739095,41.1233486438334],[1.2888309646429592,41.123363992758044],[1.2888183211108835,41.123378397051965],[1.2887904729110884,41.123404915709045],[1.2887605422023465,41.12342906146863],[1.2887511234750726,41.12343396572327],[1.2887294448883118,41.12343850766877],[1.288685392852341,41.12344426015921],[1.2886765847396509,41.12345573724251],[1.288677868044747,41.12347052860335],[1.2886834333082198,41.123485563738015],[1.2886904833539052,41.123503052957716],[1.288697416669501,41.123520450367714],[1.2887008687846124,41.123538876951585],[1.288699079838518,41.123548128091024],[1.2886936113154073,41.12355687418258],[1.2886852993216265,41.12356044375169],[1.2886608223293377,41.12355729403779],[1.2886529464551317,41.12355861190563],[1.2886355752641176,41.123567000983975],[1.2886219255042421,41.12357886820522],[1.2886165152056908,41.123589957107114],[1.2886149942931837,41.123607228898585],[1.2886184838263832,41.12362421484129],[1.2886272820174138,41.123652358884975],[1.2886349230103895,41.123665443215984],[1.2886470375844967,41.123675981845466],[1.2887257382954216,41.12371867577813],[1.2888055879800797,41.123758414254716],[1.2888586188017621,41.123785053661116],[1.2889121423385768,41.12381106983851],[1.2889404533717002,41.12382175898566],[1.2889857662497866,41.123833691530514],[1.289029344269948,41.123848210458874],[1.2890715725010944,41.123868834416164],[1.2891100921130871,41.123888053944185],[1.2890408617370905,41.124000256932625],[1.2884591795471274,41.12488119889305],[1.2882621536419765,41.12519212878544],[1.288204913037472,41.12518520699089],[1.288118867646063,41.1251784163941],[1.288061550061556,41.12517551072592],[1.2880041488040423,41.125173990939324],[1.2878900140860294,41.125173673363506],[1.287828443315222,41.12517491175287],[1.2875086498364385,41.125188110953815],[1.2872989714003795,41.125194956262206],[1.2871561938229132,41.12519527489899],[1.2870681671472766,41.12519280376941],[1.2869334693534917,41.125183883513856],[1.2868141921622296,41.125170148286884],[1.2867113045924568,41.12515372931193],[1.2865802081364368,41.12512676526448],[1.286363339217265,41.125072513070315],[1.285848900166176,41.124935116457024],[1.285534281684362,41.124852934809574],[1.285060768606939,41.12472447583205],[1.2849362476432158,41.12468938398756],[1.2848083990607928,41.12464937930812],[1.2846957746718266,41.1246103218261],[1.284424748420053,41.12451106774272],[1.2826718895176474,41.12386136485881],[1.2823621383079262,41.123748657703906],[1.2820448456162803,41.12363781887578],[1.281893604904375,41.12358602253059],[1.281786569245105,41.12355199970191],[1.2815237694287964,41.12347521812985],[1.2811538678086996,41.12337388743772],[1.2807302998016785,41.123248957401266],[1.2803582717935877,41.12316118472158],[1.2800855220465452,41.12311431021091],[1.279817240226781,41.12307521129748],[1.2795400776286796,41.12304772576752],[1.2792683249555283,41.123024779104874],[1.2791067522672275,41.12299375815271],[1.2789371085140437,41.12298127988621],[1.2788908845761398,41.1229751306037],[1.2788431950986812,41.122964438542375],[1.2787968562547565,41.12294946917248],[1.2787531524337905,41.122932080119085],[1.278705197004225,41.12290832226504],[1.2786530330647392,41.122875134603355],[1.2786064694820451,41.12285236131189],[1.2785481594594326,41.12282686331342],[1.2784903779967238,41.122811723692614],[1.2784204546416127,41.122797185301124],[1.278381374960516,41.12279434026357],[1.2782366280421933,41.12279551016303],[1.2781957733059945,41.12279358431309],[1.2781552518817978,41.122787520887066],[1.2781121042536014,41.12277670636618],[1.2780692557818405,41.122761284467096],[1.2778918118979607,41.1226909040981],[1.2781048521794325,41.12247182952226],[1.278230578145116,41.12236379881087],[1.2783137464955214,41.12231729248256],[1.2785075952967375,41.12223804086876],[1.2786904678064293,41.122154930909815],[1.279221095909525,41.121848343699725],[1.2794770349737494,41.121973047857075],[1.2797322285071282,41.12170222133664],[1.2797466832181412,41.12168694434771],[1.2798231510089952,41.1215745659254],[1.279557210112427,41.121471087009],[1.2796162107317914,41.12138297430163],[1.2790688068915497,41.12117591088217],[1.2791424366782842,41.12106585857018],[1.2791799192844844,41.12108101074132],[1.2795086667862938,41.120506830325226],[1.2795355766679783,41.12044291159128],[1.2795468536140924,41.12044029492671],[1.2795683650875884,41.12042845614065],[1.279582808667924,41.12040903555452],[1.2795947635901903,41.12038912741789],[1.2796007045939772,41.12038056896606],[1.279609308878109,41.12037493269402],[1.2796272950618466,41.12037493113099],[1.2796453556276435,41.12037664209997],[1.2796674856416728,41.120377603175804],[1.2796895318661041,41.120377211871826],[1.2797165171549094,41.12037013871415],[1.2797343977710267,41.120360497538705],[1.2797815928915677,41.12032301066463],[1.279812555500537,41.12029591017584],[1.2798432823016677,41.12026871608169],[1.2798576214355897,41.12025785101988],[1.2798732373788457,41.12024826607437],[1.2798828473820782,41.120245166900396],[1.2798996358087618,41.120245417631054],[1.2799143827809114,41.12025086221801],[1.2799355411937923,41.12026622072306],[1.2799541545342585,41.12028325263954],[1.2799750942877286,41.12030698484154],[1.2799963889058372,41.120330812414224],[1.2800165313410339,41.12034858775547],[1.2800387872771106,41.1203629718071],[1.2800527713563137,41.12036570273544],[1.280064853562379,41.1203637213638],[1.280083275384233,41.120356159939625],[1.2800990386012834,41.12034549626355],[1.2801066464747644,41.1203369626765],[1.2801130395014273,41.12032021412778],[1.2801167003745693,41.1202940569857],[1.2801204707269045,41.1202819531698],[1.280128606583623,41.120271445816584],[1.280145404598288,41.120257644963],[1.2801648870681495,41.12024595591601],[1.2802068160650548,41.1202276662684],[1.280249319214111,41.120210195852785],[1.2803015349278053,41.12019025826827],[1.2803541986670994,41.120171408248545],[1.2803692951114616,41.120168030650284],[1.2803982447866855,41.12016783235729],[1.2804426096695962,41.12017029622997],[1.2804630500090401,41.120167538852996],[1.2804853325184518,41.12015681662476],[1.2804821188841171,41.12014431398321],[1.2804674064342088,41.12012842128996],[1.2804605907132662,41.12012030286237],[1.2804572279268889,41.1201122359861],[1.280456421138029,41.12010663929396],[1.2804588267976096,41.120101180637946],[1.2804805111323267,41.1200872725364],[1.2804979567910366,41.12008059722063],[1.2805253852345322,41.12007479153745],[1.2805539408735707,41.120071434699184],[1.2805766673386871,41.12007194782431],[1.2806065111602576,41.12006528373605],[1.2806336020000175,41.12005415856476],[1.2806445154282855,41.12004675518687],[1.2806572235145965,41.12002992072868],[1.2806705990484144,41.120001206338806],[1.2806796411099368,41.119987920149825],[1.2806931418809777,41.11997722261731],[1.280713235154968,41.11996950589204],[1.2807237412031087,41.119968581822],[1.2807329743254443,41.119970791372864],[1.2807498754574997,41.11998041145691],[1.2807670100269106,41.11999021517294],[1.2808335438196468,41.12002408566942],[1.2808986888344722,41.12005640412449],[1.2809313483184581,41.12006923186312],[1.28097366821549,41.12008597161309],[1.2810018608220903,41.120087578680575],[1.28102381451306,41.1200816010921],[1.2810321248872756,41.1200735283023],[1.2810367081544127,41.12005765343961],[1.2810440041011701,41.12004280988718],[1.281060313853034,41.12002945198599],[1.2810796488320482,41.12001884148091],[1.2810933438319194,41.120018955794805],[1.281107155548561,41.12001916192388],[1.2811244334894636,41.12000978176093],[1.2811378668232052,41.119997101520504],[1.2811430998234976,41.119983668373706],[1.2811431922324366,41.119961961688105],[1.2811451199542947,41.119951902061885],[1.2811516525410032,41.119943532506895],[1.2811698414612067,41.11993119345854],[1.2811882638078564,41.119919038040806],[1.2812088324581696,41.11990223075202],[1.2812317565776792,41.119886449434844],[1.281243509660672,41.119883382127846],[1.2812626628857493,41.1198842984738],[1.2812818231601977,41.119884944696935],[1.2813069610051422,41.119880185544346],[1.281331963333867,41.11987605488865],[1.2813481720372042,41.11988026005516],[1.281364492760587,41.11988473711594],[1.2813893548767348,41.119881415030164],[1.2814145812376188,41.119877828149335],[1.281445459345226,41.11987675761784],[1.2814764980577198,41.11987866194807],[1.2815051640972723,41.11988476439131],[1.2815444044150806,41.119901022920466],[1.281579653743069,41.119924157662474],[1.281588080134673,41.11993446185494],[1.2815970990962446,41.11995889683996],[1.281604849227239,41.119967409258706],[1.2816434505299144,41.119994467215314],[1.2816864463159623,41.12001744727286],[1.2817688094409856,41.12005182361454],[1.2818530220715387,41.12008379546389],[1.281892118412811,41.120096448728724],[1.2819384007682992,41.12010759863369],[1.2819608081641887,41.12009792375169],[1.2819878931796924,41.120077880752774],[1.2820013303501792,41.120069614141315],[1.28201500963683,41.120065764812864],[1.2820366962098104,41.120065457768945],[1.2820724201998481,41.120070404298595],[1.2820888107712707,41.120076773872974],[1.2821023712217219,41.12008661415573],[1.2821090140638403,41.120096801632634],[1.2821122871080592,41.120112883794675],[1.282117367291506,41.1201281822361],[1.282141553365737,41.120164482887716],[1.2821675442570362,41.120200089853206],[1.2821991564573032,41.12023938365138],[1.282230890110253,41.12027858917727],[1.2822659224563568,41.12031919501588],[1.2823000791067596,41.120361409133004],[1.2823061752909475,41.12037429069441],[1.2823083831428326,41.120394680562384],[1.282308440739658,41.12041530858684],[1.2823075256287864,41.12044583034982],[1.2823072082019138,41.120476270951386],[1.2823111470940534,41.1204896607887],[1.2823225536731662,41.12050901686866],[1.2823326528642685,41.12052826337468],[1.28233834656156,41.12054744417857],[1.2823377427999754,41.12055689304479],[1.282331818567735,41.12056482136475],[1.282303176868943,41.12058060770365],[1.2822730647701948,41.12059339963211],[1.2822555212115658,41.120599263081935],[1.2822383834708917,41.12060783483017],[1.2822333671451762,41.1206174881098],[1.2822345329446685,41.12062759389197],[1.2822399763052559,41.12066550655717],[1.2822449696690297,41.12068413647041],[1.28225332041782,41.12070191570685],[1.282280867460149,41.12074637319929],[1.282308533606865,41.120790832461196],[1.282331848970888,41.12082856128428],[1.2823552834292584,41.1208662918787],[1.2823737425948754,41.12088926605361],[1.282400294401839,41.12090794723847],[1.2824112713321403,41.12091180941434],[1.282431968300417,41.120913102583216],[1.2824645876846754,41.12090908797667],[1.2824808208785283,41.120907798777665],[1.2824963883613323,41.1209091991955],[1.2825178117048723,41.12091438360984],[1.2825376900503145,41.12092404782832],[1.2825504283258038,41.12093801924586],[1.2825575375258025,41.12095316777279],[1.2825554435196043,41.12096705312784],[1.282578122233556,41.120985991780074],[1.282590026048902,41.12099085317997],[1.282602642600744,41.12099122145898],[1.2826360669367756,41.120983883331306],[1.2826694097614628,41.12097510277931],[1.282712745591403,41.120962237693746],[1.2827562913697523,41.12095045662141],[1.282772288780464,41.12094907379088],[1.282797103629583,41.12095214602021],[1.282821740723949,41.12095746746775],[1.282863511271807,41.12096808855079],[1.2829029115521775,41.12098281772922],[1.2829095411715297,41.12098895158944],[1.2829158338486801,41.12100714146236],[1.2829222641550206,41.12101265083323],[1.282936077791608,41.12101736051999],[1.2829594802853892,41.12101978113392],[1.2829820710736877,41.12101678514486],[1.2829995050047072,41.12101055965081],[1.2830147705241441,41.121000698830045],[1.2830191703000167,41.12099184699977],[1.2830177809654852,41.12097660362089],[1.28301808546947,41.12096949223882],[1.2830220458828225,41.120963786481965],[1.283037026306115,41.12095572290713],[1.283052230779036,41.12094820311991],[1.2830664997722006,41.12093544503803],[1.2830813406293233,41.12092359622855],[1.283092641018035,41.12091962123566],[1.2831160417730831,41.120917538043884],[1.283135043407266,41.12091971286934],[1.283162705882386,41.12092778159086],[1.2831851310745155,41.12094027598581],[1.2832026064092537,41.12095530876774],[1.2832198436152658,41.1209703379973],[1.2832424734843206,41.1209886903041],[1.2832679985597366,41.12100564456171],[1.2832945237583946,41.12101621839874],[1.2833370698544682,41.12102450892132],[1.2833804007764866,41.1210301088768],[1.2834238560835118,41.12103093669727],[1.2834456526586402,41.121030991328645],[1.2834667694111936,41.12103427852262],[1.2834784767955547,41.12104210937694],[1.2834919743831847,41.12106881959897],[1.2835011606427469,41.121076675929864],[1.2835578782397352,41.12110337271537],[1.2836171854920513,41.12112668521675],[1.283639317588063,41.12113214930916],[1.2836743231865135,41.12113726478827],[1.2836910086332465,41.12114147673058],[1.2837060687589408,41.121148636924126],[1.2837103751597105,41.12115707806748],[1.2837125125139692,41.121166477713025],[1.2837348375671804,41.12119653512551],[1.2837633078877795,41.121223891781895],[1.2837783445775695,41.12123195236622],[1.2838044640634525,41.121239817792116],[1.2838284215457374,41.12124837159646],[1.2838443656370342,41.12126275094001],[1.2838637609806514,41.12129096317434],[1.2838748936442266,41.12130256857318],[1.283892132092956,41.12131065654489],[1.283907586009839,41.12130503734028],[1.2839188699951176,41.121301692546965],[1.2839339336889348,41.12129957504347],[1.2839411945527812,41.12129977330271],[1.2839467204151385,41.12130255788461],[1.2839693987136573,41.12132820684203],[1.283997440450464,41.121367446949144],[1.284024039313862,41.12140720600176],[1.2840633745625205,41.1214610263459],[1.2840999102857162,41.121517146917085],[1.284108842341677,41.12154006895223],[1.2841128046215318,41.12157543736471],[1.2841135473344025,41.12161093796121],[1.2841133057127825,41.121620212081616],[1.2841210640783391,41.121637892282465],[1.2841326584813773,41.121654638807435],[1.2841502574168067,41.12167408695961],[1.2841812379610626,41.12170112060936],[1.2841943222168077,41.12171554737461],[1.2842030730506218,41.12173171108085],[1.2842047659277598,41.12174903069087],[1.2842024080841652,41.121766380030806],[1.2841967696709433,41.12178620259716],[1.2841936364144986,41.12180588233379],[1.2841993208089961,41.12183001702851],[1.284214120870289,41.12186545681576],[1.2842310759375797,41.12190047832962],[1.2842414539088376,41.12191819754648],[1.2842511221557713,41.12193572603964],[1.2842521785945367,41.12194546987191],[1.2842455952141727,41.12196041431571],[1.2842335439818358,41.12197491700419],[1.2842189019085783,41.12198370637318],[1.2841814357742132,41.12199282137297],[1.2841700738010042,41.12200162447195],[1.2841620897019017,41.12201546714387],[1.284157192045162,41.12202971609633],[1.2841572202756764,41.122046920831764],[1.284156181564013,41.12206392952214],[1.2841512527606989,41.122065657592564],[1.284130498012644,41.12206066899604],[1.2841189771424943,41.12208832601168],[1.2841111737220696,41.1221135208148],[1.2841109450317032,41.12213144232184],[1.28410987929503,41.12214034386383],[1.284104288876664,41.12214917799604],[1.284097762884238,41.122152773842586],[1.2840905787697545,41.12215419808522],[1.28408146663832,41.12215190053011],[1.2840626049297192,41.12213999714787],[1.2840564465455149,41.12214297064657],[1.284053651046041,41.12214968461814],[1.2840545790034001,41.12215978683731],[1.2840558618269038,41.12216998441844],[1.284053779652572,41.12220418187552],[1.2840503876975602,41.122238359818276],[1.2840410720761986,41.12225758713966],[1.2840253688550687,41.12227509794273],[1.2840148384367185,41.12228151652088],[1.284004784299614,41.122287942194035],[1.2840009799164358,41.12229680293121],[1.2840009399506347,41.12231328605012],[1.2840075757690832,41.1223133849182],[1.2840123151427947,41.12231435627996],[1.2840151306146612,41.12231601957682],[1.2840458949421059,41.12233764554347],[1.2840788864483583,41.12236065580773],[1.2841248233032763,41.122389713795606],[1.284173688278944,41.12241611313914],[1.284275565286884,41.122465190394756],[1.284366210983256,41.12250644388914],[1.2844563664368795,41.122548230459905]]],[[[1.2663019564126625,41.12110926706682],[1.2662083414010772,41.121231585560565],[1.2661245293272014,41.12132991960166],[1.26607288738282,41.12138623248494],[1.2659819321389083,41.12147762219796],[1.2659248198947337,41.121531321550265],[1.26582332905663,41.1216206528295],[1.2657798592696645,41.12165655966945],[1.2656738434503911,41.121737679913814],[1.2655809316017097,41.12180422512173],[1.2654520830883003,41.121891135409534],[1.265379970369497,41.121934996686846],[1.2652587347852375,41.1220037452294],[1.2651339423307064,41.1220699990373],[1.2650557694824789,41.12210876066383],[1.264985282247119,41.12214113551444],[1.2648519118854524,41.12219702729192],[1.2647244259375707,41.1222456754816],[1.2645984348074422,41.12228912171297],[1.2644847185599757,41.12232420377208],[1.2642986244063714,41.12237568931082],[1.2642097753400587,41.12239556290837],[1.2641707573319068,41.122402614101325],[1.2641293123293607,41.122408195611506],[1.2640204993074198,41.12241812115507],[1.2636224478184506,41.122443748695794],[1.263236744342082,41.12254604988342],[1.2631078312693171,41.12252602423912],[1.2629796990140771,41.12250331428801],[1.2628524460388244,41.122477935929844],[1.2626598669699296,41.122434178587994],[1.2626763437887762,41.12232659948706],[1.263596721550938,41.121733646072926],[1.263720210171828,41.12172045176512],[1.2639315324912097,41.12152613836978],[1.2641437051963231,41.12149886224076],[1.2641861520338384,41.121416786263616],[1.264232410217731,41.1213329563048],[1.2643194948511878,41.12119868807827],[1.26417976879531,41.121116550823],[1.2641064818367436,41.12109980027217],[1.2646137189487308,41.120691847908944],[1.264016082506036,41.120449214366936],[1.263163918959837,41.12010580569465],[1.2631363478660842,41.1200946953323],[1.2630416092706833,41.12006216736931],[1.2630203353668161,41.12005486393175],[1.262963721690877,41.120042690405455],[1.262832217250957,41.12002071039467],[1.2626485515734365,41.11999518893009],[1.2623926495633033,41.119963550308185],[1.2622654570764402,41.1199456439354],[1.2622087037154641,41.1199337624757],[1.262177479061811,41.11992488736126],[1.2621484746254397,41.119914524374984],[1.2621266276991279,41.11990420542858],[1.2621058269890064,41.11989170443869],[1.2620099582202589,41.119823764570256],[1.2619830356309998,41.1198017673657],[1.261898788615043,41.11972720303058],[1.2618511035037103,41.11968268901896],[1.2617237676951514,41.11952441626943],[1.2616607690203656,41.119427355591505],[1.2616370774600028,41.119390854581226],[1.2615776024537373,41.119355661799695],[1.2614154451490271,41.11927705674384],[1.2613559921518251,41.119246543568416],[1.2615669921753323,41.11896556135573],[1.2615880076600305,41.11893651415895],[1.2616090231259212,41.11890746695778],[1.2616300385728711,41.118878419752285],[1.2616618861301045,41.11889354840382],[1.2617413399764283,41.118931465684874],[1.2620319341161617,41.119096290575236],[1.2623975165589432,41.11929772115828],[1.2624928631484627,41.11931121159403],[1.2627481069366122,41.11927554153491],[1.2634589401153302,41.119172031941694],[1.2638610438742202,41.119125631628705],[1.2639910919054702,41.11910746015883],[1.2642162096673688,41.11905963472561],[1.2644705774208516,41.118996972914275],[1.2646292213782044,41.11896577353297],[1.2648054028866427,41.11892897427543],[1.2651744756755856,41.11884048505426],[1.2653360207891493,41.11879859957533],[1.2656158968510194,41.118718413415806],[1.2657175323398087,41.11868544428641],[1.265756710698949,41.11868126024995],[1.2657830236773022,41.11868165555191],[1.265809155933373,41.1186843909742],[1.2658470427915738,41.118693068168135],[1.2660034152766766,41.11874362067217],[1.2663545247190664,41.11884384330964],[1.2665451443149196,41.11890110772241],[1.2665924836199138,41.11891722300131],[1.2666384540345903,41.118935568630576],[1.2669646595567399,41.1190779299542],[1.2672261710709802,41.11918878259045],[1.26736976074848,41.119254444652334],[1.267553701514079,41.11933498316019],[1.2672769355470275,41.119726933016544],[1.2671480734127205,41.119912259055816],[1.2666549522425976,41.120613563086465],[1.2666032002491838,41.12068360106948],[1.2663019564126625,41.12110926706682]]],[[[1.2641861520338384,41.121416786263616],[1.2641437051963231,41.12149886224076],[1.2639315324912097,41.12152613836978],[1.263720210171828,41.12172045176512],[1.263596721550938,41.121733646072926],[1.2626763437887762,41.12232659948706],[1.262561691489807,41.12230943744801],[1.2625049925390996,41.12229871080801],[1.2623308650709582,41.12226954866578],[1.26215555208001,41.12224478293851],[1.261979244569008,41.12222444172377],[1.2618021408265032,41.122208547825984],[1.2616244356871076,41.122197119494864],[1.2613577156240368,41.122186695414655],[1.2612693083479183,41.122180968747216],[1.2611812082316558,41.122172992977944],[1.2610935114924215,41.1221627785676],[1.2610063214675038,41.1221503369858],[1.260919733111513,41.122135681377024],[1.2608338472134888,41.12211882947832],[1.260748760989831,41.122099798972755],[1.2606645703233648,41.12207861292791],[1.2605813722633321,41.122055295330384],[1.2604992578813499,41.122029870977144],[1.260418324059236,41.122002370157844],[1.260338913898298,41.12197026605488],[1.2602422641738165,41.1219208449225],[1.2600819920185187,41.121808086692006],[1.259984425025753,41.12174867570325],[1.259933609549171,41.12172097381755],[1.259854122015822,41.12163298761135],[1.25977881623644,41.12153830712333],[1.2597138485465116,41.12154064112498],[1.2597065399708216,41.12153278425881],[1.2594973884742318,41.1215543384725],[1.2593811412847173,41.12152770212681],[1.2592687672808456,41.12150807167221],[1.2591549350696016,41.12149404063529],[1.2590258888898522,41.12148201516739],[1.2589549746185498,41.12147116107614],[1.258885220025048,41.12145663230682],[1.2586114821984626,41.121389917942146],[1.2589039521851155,41.1212060175532],[1.2592206591132438,41.12113153899798],[1.2598428854088095,41.12096479609992],[1.2602295050198065,41.12089137104164],[1.2607322147101996,41.12127766519297],[1.2608816049895317,41.12135918420472],[1.2610330864885106,41.12136147056987],[1.261197149669491,41.1213287184275],[1.2612805750973926,41.12125952047295],[1.2614767700936234,41.12089258363489],[1.2615392134536232,41.12073499901006],[1.2615333673951437,41.1205147336787],[1.2614319820634863,41.120381097763115],[1.2607988578788896,41.119987291457726],[1.26085173514258,41.11994882900926],[1.2608515479840696,41.119915318347886],[1.260864410426007,41.11988380623269],[1.2608849669055218,41.11985412171668],[1.260906937880552,41.11982499900399],[1.260928785016253,41.119796054566585],[1.2609505083129597,41.119767288404674],[1.2609722268358048,41.11973870231597],[1.2609940620268296,41.119710208059416],[1.2610161329508316,41.11968180743251],[1.2610383229200548,41.119653408598616],[1.2610608700635269,41.11962501515289],[1.2610834148101455,41.11959671174117],[1.2611061976660811,41.11956841191984],[1.2611289805020716,41.11954011209342],[1.261151884759656,41.1195117240206],[1.2611746675558901,41.119483424184104],[1.2611974527092211,41.11945503430362],[1.2612202378427078,41.11942664441817],[1.2612429062690282,41.11939816269106],[1.2612653389240875,41.11936958732523],[1.261287652495374,41.11934101015713],[1.2613097279190266,41.11931242938932],[1.261331808076818,41.11928366853887],[1.2613559921518251,41.119246543568416],[1.2614154451490271,41.11927705674384],[1.2615776024537373,41.119355661799695],[1.2616370774600028,41.119390854581226],[1.2616607690203656,41.119427355591505],[1.2617237676951514,41.11952441626943],[1.2618511035037103,41.11968268901896],[1.261898788615043,41.11972720303058],[1.2619830356309998,41.1198017673657],[1.2620099582202589,41.119823764570256],[1.2621058269890064,41.11989170443869],[1.2621266276991279,41.11990420542858],[1.2621484746254397,41.119914524374984],[1.262177479061811,41.11992488736126],[1.2622087037154641,41.1199337624757],[1.2622654570764402,41.1199456439354],[1.2623926495633033,41.119963550308185],[1.2626485515734365,41.11999518893009],[1.262832217250957,41.12002071039467],[1.262963721690877,41.120042690405455],[1.2630203353668161,41.12005486393175],[1.2630416092706833,41.12006216736931],[1.2631363478660842,41.1200946953323],[1.263163918959837,41.12010580569465],[1.264016082506036,41.120449214366936],[1.2646137189487308,41.120691847908944],[1.2641064818367436,41.12109980027217],[1.26417976879531,41.121116550823],[1.2643194948511878,41.12119868807827],[1.264232410217731,41.1213329563048],[1.2641861520338384,41.121416786263616]]],[[[1.267982834187392,41.1232890749182],[1.2679742146509174,41.123313355571156],[1.2679711749013265,41.12333835065895],[1.2680187038842659,41.12388646450787],[1.2679523918669198,41.12391211501301],[1.267915391986058,41.123932996382386],[1.268120391688424,41.12397850443635],[1.2681497962628614,41.12398372056203],[1.268242073764723,41.124021498327956],[1.2682703309460726,41.12402957956472],[1.2682998759382262,41.12403398709007],[1.268313141773623,41.12404139253574],[1.26832889087965,41.12404496210006],[1.268301555383978,41.1241150796755],[1.268283807764177,41.12411693318751],[1.268260011465888,41.12415021472758],[1.268238229237309,41.12417222576047],[1.2685149603778907,41.12471080028267],[1.268484196616939,41.1247119591264],[1.2678655821274458,41.124701716740084],[1.2674466364933834,41.12454042982822],[1.26709409290997,41.12441735852271],[1.2669909727071358,41.12438416993591],[1.26689192859601,41.12434999772616],[1.2661645168516749,41.12414022185765],[1.2647841037786887,41.12375239120265],[1.2642946280034777,41.12361321096178],[1.263859395159911,41.123492329847544],[1.2635147395152846,41.12340076659317],[1.2634105891048752,41.1233748832579],[1.2633860115616153,41.123374512671695],[1.2631439624706855,41.12331646114488],[1.2629274013241447,41.123276891358],[1.2629640353298965,41.12315765521275],[1.2630986024936643,41.12307815437604],[1.263236744342082,41.12254604988342],[1.2636224478184506,41.122443748695794],[1.2640204993074198,41.12241812115507],[1.264150628375181,41.12240625059898],[1.2642097753400587,41.12239556290837],[1.2642986244063714,41.12237568931082],[1.2644847185599757,41.12232420377208],[1.2645984348074422,41.12228912171297],[1.2647244259375707,41.1222456754816],[1.2648519118854524,41.12219702729192],[1.264985282247119,41.12214113551444],[1.2650557694824789,41.12210876066383],[1.2651339423307064,41.1220699990373],[1.2652587347852375,41.1220037452294],[1.265379970369497,41.121934996686846],[1.2654520830883003,41.121891135409534],[1.2655809316017097,41.12180422512173],[1.2656738434503911,41.121737679913814],[1.2657798592696645,41.12165655966945],[1.26582332905663,41.1216206528295],[1.2659248198947337,41.121531321550265],[1.2659819321389083,41.12147762219796],[1.26607288738282,41.12138623248494],[1.2661245293272014,41.12132991960166],[1.2662083414010772,41.121231585560565],[1.2663019564126625,41.12110926706682],[1.2666032002491838,41.12068360106948],[1.2666549522425976,41.120613563086465],[1.2671480734127205,41.119912259055816],[1.267359875265797,41.11999908092521],[1.26736783346625,41.120065630859116],[1.2673771210121065,41.120102431046796],[1.2673769196459592,41.12016899424389],[1.2673895486365863,41.120259439241025],[1.267425964109759,41.12038893461701],[1.2674591405734046,41.12047447876869],[1.2675148189632826,41.12059153720233],[1.2675668064815222,41.120671044629056],[1.2675830880063856,41.12073136946281],[1.2676091374897551,41.12081426985818],[1.2680822227411974,41.12074770985793],[1.2685808423391247,41.12067944203217],[1.2686771096578966,41.12066451176916],[1.2687689547885814,41.12076892089887],[1.2689426977191685,41.120960598608896],[1.269201828944838,41.12125363244595],[1.2694503179546195,41.12114512230047],[1.2694337183108304,41.1211231738463],[1.2696972020127153,41.12099157708951],[1.2698565890201643,41.12091812756502],[1.270149287017914,41.120767134125735],[1.2707053265868333,41.120509167877984],[1.2709874188494332,41.120498139834616],[1.271344658969506,41.12053125698242],[1.2715272416043397,41.12058888705601],[1.2716702393877615,41.12046985434851],[1.271845929874456,41.120367384969164],[1.2719900467440508,41.120286424388354],[1.2721015737226646,41.12023103246852],[1.272616171790398,41.12044124980569],[1.272865611208874,41.12054790028443],[1.2731596557201328,41.120668828424364],[1.2733837608678993,41.12076413582374],[1.2736389465937272,41.12086978087098],[1.2744635309349963,41.12122310271052],[1.275526100544672,41.121683558428266],[1.2760615181855266,41.121912220432534],[1.2765564593030476,41.122111917800034],[1.2765190930566146,41.122162463544576],[1.2764590851238171,41.12226498505059],[1.276378367513461,41.122358896194726],[1.2762141031838887,41.12253190368111],[1.2761688474048714,41.12257707445415],[1.2760990408070565,41.1226454773587],[1.2759936922036128,41.122742892766915],[1.2758734830118683,41.12284828243058],[1.275746923724449,41.12295051435253],[1.2756065163667158,41.12305388992034],[1.2753655258213645,41.123227278648216],[1.2752003455544387,41.12333046290119],[1.2751002020638886,41.12338823240258],[1.274936827216867,41.12347703133108],[1.274799857905387,41.12354911133701],[1.274660465616299,41.12361818240992],[1.2743510853751054,41.12376469296496],[1.2741868093688762,41.123837804287085],[1.2737468959071774,41.12401973821019],[1.273085809226829,41.12427753013407],[1.2711686746486262,41.12476396487204],[1.27134280427505,41.12436956025503],[1.2713767916312835,41.124245586958395],[1.2713790066469226,41.12421112154239],[1.2713733941015628,41.12416627011149],[1.2713686591908913,41.124151516847036],[1.2713558207690208,41.12412781462223],[1.2713445368326346,41.1241129630612],[1.2713160469345615,41.12408650381826],[1.271290047568121,41.12406953980809],[1.2712616100246714,41.12405470099122],[1.27123651216129,41.12404423588873],[1.2719963903386093,41.122990594305016],[1.2718208217531604,41.12291752148888],[1.271735046291859,41.122863450528286],[1.2715880975125962,41.12277558416702],[1.2715324557272094,41.12273980009083],[1.2714569222739225,41.12268128881272],[1.271257609952792,41.1226551480869],[1.271172282667381,41.12264756206047],[1.2709806925510598,41.12256776208343],[1.2709346620693835,41.12261508094718],[1.2708878397079404,41.12265626281344],[1.2703470624241808,41.12300055611961],[1.270267829754795,41.1230373372384],[1.2702036047756626,41.12306078293757],[1.2701365306809753,41.12307932176628],[1.270067329007347,41.123092694332925],[1.2699967165636445,41.12310082132615],[1.2693600038878372,41.123133500667706],[1.2690582776779273,41.12297484836176],[1.2690020222796066,41.12299417964642],[1.2685026368988417,41.123177001152406],[1.268129156548027,41.12319678678787],[1.2680970630737252,41.12320323995134],[1.2680668872527114,41.123213775309964],[1.268039707827539,41.123228138862984],[1.2680161343607907,41.12324579933001],[1.2679970098247297,41.12326640909088],[1.267982834187392,41.1232890749182]]],[[[1.27123651216129,41.12404423588873],[1.2712616100246714,41.12405470099122],[1.271290047568121,41.12406953980809],[1.2713160469345615,41.12408650381826],[1.2713445368326346,41.1241129630612],[1.2713558207690208,41.12412781462223],[1.2713686591908913,41.124151516847036],[1.2713733941015628,41.12416627011149],[1.2713790066469226,41.12421112154239],[1.2713767916312835,41.124245586958395],[1.27134280427505,41.12436956025503],[1.2711686746486262,41.12476396487204],[1.270686978190981,41.12481519716319],[1.270609932669044,41.124820191506856],[1.2704105515383546,41.124828186616924],[1.2701865116623097,41.1248316675836],[1.2699483531478695,41.12482845064593],[1.2697981686469006,41.12482286179269],[1.2696482980352346,41.12481439506557],[1.2687567853017978,41.12475577993348],[1.2686914340965987,41.124749483155966],[1.2686269038778908,41.124739145316845],[1.2685637876608906,41.124724865407536],[1.2685149603778907,41.12471080028267],[1.268238229237309,41.12417222576047],[1.268260011465888,41.12415021472758],[1.2682809114365092,41.12412098443972],[1.2682894911158096,41.12411633947723],[1.268301555383978,41.1241150796755],[1.26832889087965,41.12404496210006],[1.268313141773623,41.12404139253574],[1.2682998759382262,41.12403398709007],[1.2682703309460726,41.12402957956472],[1.268242073764723,41.124021498327956],[1.2681497962628614,41.12398372056203],[1.268120391688424,41.12397850443635],[1.267915391986058,41.123932996382386],[1.2679523918669198,41.12391211501301],[1.2680187038842659,41.12388646450787],[1.2679711749013265,41.12333835065895],[1.2679742146509174,41.123313355571156],[1.267982834187392,41.1232890749182],[1.2679970098247297,41.12326640909088],[1.2680161343607907,41.12324579933001],[1.268039707827539,41.123228138862984],[1.2680668872527114,41.123213775309964],[1.2680970630737252,41.12320323995134],[1.268129156548027,41.12319678678787],[1.2685026368988417,41.123177001152406],[1.2690020222796066,41.12299417964642],[1.2690582776779273,41.12297484836176],[1.2693600038878372,41.123133500667706],[1.2699967165636445,41.12310082132615],[1.270067329007347,41.123092694332925],[1.2701365306809753,41.12307932176628],[1.2702036047756626,41.12306078293757],[1.270267829754795,41.1230373372384],[1.2703470624241808,41.12300055611961],[1.2708878397079404,41.12265626281344],[1.2709346620693835,41.12261508094718],[1.2709806925510598,41.12256776208343],[1.271172282667381,41.12264756206047],[1.271257609952792,41.1226551480869],[1.2714569222739225,41.12268128881272],[1.2715324557272094,41.12273980009083],[1.2715880975125962,41.12277558416702],[1.271735046291859,41.122863450528286],[1.2718208217531604,41.12291752148888],[1.2719963903386093,41.122990594305016],[1.27123651216129,41.12404423588873]]],[[[1.2717922221773474,41.11854077340053],[1.272158893423221,41.1186771661783],[1.2723606792466584,41.11875455810455],[1.272646169678693,41.11885628317018],[1.2730252634951844,41.11899792531911],[1.2732706958996312,41.11910144688732],[1.2733568777324291,41.11914783311473],[1.2733295977921264,41.11918040687884],[1.2732565444162867,41.119278637274206],[1.2729905157300336,41.119572746099216],[1.2721015737226646,41.12023103246852],[1.2719900467440508,41.120286424388354],[1.271845929874456,41.120367384969164],[1.2716702393877615,41.12046985434851],[1.2715272416043397,41.12058888705601],[1.271344658969506,41.12053125698242],[1.2709874188494332,41.120498139834616],[1.2707053265868333,41.120509167877984],[1.270149287017914,41.120767134125735],[1.2698565890201643,41.12091812756502],[1.2696972020127153,41.12099157708951],[1.2694337183108304,41.1211231738463],[1.2694503179546195,41.12114512230047],[1.269201828944838,41.12125363244595],[1.2689426977191685,41.120960598608896],[1.2687689547885814,41.12076892089887],[1.2686771096578966,41.12066451176916],[1.2685808423391247,41.12067944203217],[1.2680822227411974,41.12074770985793],[1.2676091374897551,41.12081426985818],[1.2675830880063856,41.12073136946281],[1.2675668064815222,41.120671044629056],[1.2675148189632826,41.12059153720233],[1.2674591405734046,41.12047447876869],[1.267425964109759,41.12038893461701],[1.2673895486365863,41.120259439241025],[1.2673769196459592,41.12016899424389],[1.2673771210121065,41.120102431046796],[1.26736783346625,41.120065630859116],[1.267359875265797,41.11999908092521],[1.2671480734127205,41.119912259055816],[1.2672769355470275,41.119726933016544],[1.267553701514079,41.11933498316019],[1.26736976074848,41.119254444652334],[1.2672261710709802,41.11918878259045],[1.2669646595567399,41.1190779299542],[1.2666384540345903,41.118935568630576],[1.2665924836199138,41.11891722300131],[1.2665451443149196,41.11890110772241],[1.2663545247190664,41.11884384330964],[1.2660034152766766,41.11874362067217],[1.2658470427915738,41.118693068168135],[1.265809155933373,41.1186843909742],[1.2657830236773022,41.11868165555191],[1.265756710698949,41.11868126024995],[1.2657175323398087,41.11868544428641],[1.2656158968510194,41.118718413415806],[1.2653360207891493,41.11879859957533],[1.2651744756755856,41.11884048505426],[1.2648054028866427,41.11892897427543],[1.2646292213782044,41.11896577353297],[1.2644705774208516,41.118996972914275],[1.2642162096673688,41.11905963472561],[1.2639910919054702,41.11910746015883],[1.2638610438742202,41.119125631628705],[1.2634589401153302,41.119172031941694],[1.2627481069366122,41.11927554153491],[1.2624928631484627,41.11931121159403],[1.2623975165589432,41.11929772115828],[1.2620319341161617,41.119096290575236],[1.2617413399764283,41.118931465684874],[1.2616618861301045,41.11889354840382],[1.2616300385728711,41.118878419752285],[1.2615637044006887,41.118846432785254],[1.2614974941098671,41.11881426750042],[1.261431526763799,41.11878192569515],[1.2613661666817468,41.11874914264508],[1.2613012995545692,41.1187157364757],[1.2612372825719416,41.11868171258041],[1.261174241927814,41.118646802641194],[1.2611122966859472,41.118611008457286],[1.2610515730407252,41.118574061711094],[1.2609923114956745,41.11853587596117],[1.2609345168057826,41.11849627113171],[1.2608784270969307,41.11845525082063],[1.2608682731177747,41.118447351060425],[1.2608539838948059,41.118436193902276],[1.2615184095638385,41.11789095566571],[1.2625831824178249,41.11707139803916],[1.2627226798132536,41.11678209740642],[1.263128622362109,41.11689086732374],[1.2646619314259417,41.11729060165091],[1.2653385244250492,41.116169917814204],[1.2668887524291916,41.11670159656378],[1.2691264724014504,41.117528555532424],[1.270321147735027,41.11796376875203],[1.271219823657643,41.11833466687583],[1.2717922221773474,41.11854077340053]]],[[[1.2762985107722036,41.125199646139],[1.2760770005384987,41.125443227698284],[1.2759967066319229,41.125580021375086],[1.2759388188747378,41.125725436385935],[1.2758872765879499,41.125755831610086],[1.2758077953155065,41.12587516189026],[1.2756766911016981,41.12608253482661],[1.2755656571142344,41.1262740838154],[1.2754832624850312,41.12643183218677],[1.27524678227653,41.12696937317982],[1.2748515703650307,41.12775908839166],[1.2742695750592714,41.12811148266032],[1.2742534730192936,41.12812132976146],[1.2742083125295691,41.12814902661658],[1.2739865134988417,41.128284780102405],[1.2739625226355678,41.12829108609317],[1.2739610842221538,41.12829142483506],[1.2739435709361313,41.12829602640405],[1.2738901974728811,41.12830981950228],[1.2738616190800185,41.128313894921526],[1.273823510779905,41.12831341383489],[1.2737928788704707,41.12830493806307],[1.2737657971010576,41.12829282242798],[1.273736475356346,41.128275268724835],[1.2737071264461726,41.128258706330286],[1.273688498408981,41.128242213650424],[1.2736674168957534,41.128223882695735],[1.2736452872733968,41.12820463527864],[1.2736220612848244,41.128181768431276],[1.2735999529366098,41.1281617106512],[1.2735728936792705,41.12814869456048],[1.273541001569811,41.12813830826066],[1.2735032485228293,41.12812882581551],[1.2734759992550044,41.128123102911836],[1.2734558735845276,41.128118297466166],[1.2734245921096636,41.128111883579095],[1.2733481675529223,41.12809614662241],[1.273316251894882,41.128086660655285],[1.2732797357745933,41.128075394285055],[1.2732456274239117,41.12805866944079],[1.27321158756765,41.12803933344445],[1.273182171610043,41.12802538208028],[1.2730058897553715,41.12791994820356],[1.271934939550541,41.127502240752705],[1.2718403726798948,41.12746064844191],[1.2717723884520653,41.12742747160604],[1.2715587340512022,41.12732995705426],[1.2714928337592941,41.127271860612005],[1.2713971244991582,41.12718305160276],[1.2712784626402207,41.12706228805013],[1.2710194370616505,41.127097590415644],[1.2706183877829618,41.126615015758105],[1.2704533049442346,41.126433136632144],[1.2703024354157681,41.126284782192904],[1.270181519009664,41.12617660763222],[1.2700572358401858,41.126070636946146],[1.2699296558199944,41.12596692972259],[1.2697646670540788,41.125838001491246],[1.2695803521466809,41.12569824840813],[1.2694456005249157,41.125598419608274],[1.269292342568423,41.12548893036299],[1.2692237269462106,41.125442374537656],[1.269081413296574,41.12534984212569],[1.2687791831250326,41.12516437706487],[1.268609606438893,41.12506974625875],[1.2684059232120177,41.12496075792485],[1.2681996967383027,41.12485804613432],[1.2678655821274458,41.124701716740084],[1.268484196616939,41.1247119591264],[1.2685637876608906,41.124724865407536],[1.2686269038778908,41.124739145316845],[1.2686914340965987,41.124749483155966],[1.2687567853017978,41.12475577993348],[1.2696482980352346,41.12481439506557],[1.2697981686469006,41.12482286179269],[1.2699483531478695,41.12482845064593],[1.2701865116623097,41.1248316675836],[1.2704105515383546,41.124828186616924],[1.2706340384649766,41.124819224865895],[1.2711686746486262,41.12476396487204],[1.273085809226829,41.12427753013407],[1.2737468959071774,41.12401973821019],[1.2741868093688762,41.123837804287085],[1.2743510853751054,41.12376469296496],[1.274660465616299,41.12361818240992],[1.274799857905387,41.12354911133701],[1.274936827216867,41.12347703133108],[1.2751002020638886,41.12338823240258],[1.2752003455544387,41.12333046290119],[1.2753655258213645,41.123227278648216],[1.2756065163667158,41.12305388992034],[1.275746923724449,41.12295051435253],[1.2758734830118683,41.12284828243058],[1.2759936922036128,41.122742892766915],[1.2760990408070565,41.1226454773587],[1.2762028533142866,41.12254375219638],[1.276378367513461,41.122358896194726],[1.2764590851238171,41.12226498505059],[1.2765190930566146,41.122162463544576],[1.2765564593030476,41.122111917800034],[1.276758944256372,41.12220620785708],[1.2770773533306663,41.1223502164636],[1.2775480476048635,41.12255427489484],[1.2776745514034753,41.12261162493535],[1.2778454190806174,41.122672502586454],[1.2778918118979607,41.1226909040981],[1.2781013268156831,41.12277400512688],[1.2781756659584276,41.122792636975824],[1.2782366280421933,41.12279551016303],[1.278381374960516,41.12279434026357],[1.2784204546416127,41.122797185301124],[1.2784903779967238,41.122811723692614],[1.2785481594594326,41.12282686331342],[1.2786064694820451,41.12285236131189],[1.2786530330647392,41.122875134603355],[1.278705197004225,41.12290832226504],[1.2787721311864815,41.12294148203343],[1.2788660822298241,41.12297183162923],[1.2789371085140437,41.12298127988621],[1.2791067522672275,41.12299375815271],[1.2792683249555283,41.123024779104874],[1.279046217471863,41.12300602349261],[1.2789490469412166,41.123001183786336],[1.2788516980401305,41.12300303299678],[1.2787549716074145,41.12301155606926],[1.2786596675835133,41.12302668119113],[1.2785665717727506,41.12304828499822],[1.2784764535806337,41.123076188037714],[1.2783900563009838,41.12311016182779],[1.2783080936858542,41.12314992340205],[1.278231240114293,41.12319514687213],[1.2781601319250486,41.12324545804238],[1.2780953565122803,41.12330044145231],[1.2780374463009492,41.12335964298852],[1.2779868810108477,41.12342257442227],[1.2774033854002707,41.12422919669404],[1.275997261293709,41.12364916701783],[1.2759230534922437,41.12370258391548],[1.2757222455938415,41.123828006502755],[1.2755998483273372,41.12389849421202],[1.2754174908959663,41.12399498752943],[1.2752639059315134,41.12407030427362],[1.2751071788055182,41.12414182393515],[1.27522678438115,41.12423891075165],[1.275552285313789,41.12449454243901],[1.2760723341909175,41.12490812044851],[1.2762985107722036,41.125199646139]]],[[[1.2931913782507174,41.13333432248123],[1.293276426674988,41.133426828691206],[1.293346093501427,41.13348767078313],[1.2934220699320067,41.13354410258735],[1.2935209168554067,41.13360528688862],[1.2935756796858164,41.133721754405855],[1.2934092950597231,41.13488251536834],[1.2933131820764654,41.134954772301086],[1.292907573389473,41.13528514971808],[1.2928787994711173,41.13531764104814],[1.2928303816621403,41.13538835266972],[1.2927909705621148,41.13540578342013],[1.2925193726640385,41.1355419134133],[1.292526936274262,41.13557643412814],[1.292428850662494,41.13559146355713],[1.292119378079358,41.13556174376135],[1.2921289495803412,41.13561530006101],[1.2917562861566971,41.1357618193179],[1.2911968079909277,41.13593583075784],[1.291444064603116,41.13631997510839],[1.2910751238149436,41.13642385189626],[1.290927554715453,41.13646327662039],[1.2904577175778855,41.136658160873175],[1.2902839493229055,41.13673836003405],[1.2905902371522089,41.137028533762475],[1.2907949877769522,41.13725099483054],[1.2909739476321869,41.13735633590701],[1.290970519916467,41.13742411134356],[1.290215258725871,41.13791506784377],[1.2908058059399894,41.1385871442627],[1.2909615005144977,41.13876726240975],[1.2910098215250847,41.13881517864518],[1.2910234623015215,41.13880835523499],[1.2912500546032128,41.139144363535785],[1.2913001370196597,41.1391887027934],[1.2914137006280457,41.1393487390772],[1.2914265160067215,41.13939207500799],[1.2914534485762372,41.139433188356975],[1.291504464461972,41.13941403867844],[1.2915350247504318,41.13941178979886],[1.2915584830345055,41.13942150557122],[1.2915835825116289,41.13945979937962],[1.2916210064374118,41.13945476990359],[1.291648773211767,41.13947752033375],[1.2916301509048287,41.13974053256639],[1.2916904375710647,41.13989212189037],[1.2916722963363343,41.13990248160879],[1.2916834566408737,41.13992237352534],[1.2917055539079723,41.139915675476345],[1.2917325335958323,41.13995498796259],[1.2917583366334557,41.14003307277461],[1.2913064126241802,41.14000945696776],[1.2908841617407978,41.139987313815986],[1.2904964550533944,41.139966539405414],[1.2901171515161551,41.13994542456903],[1.2898231413841421,41.139932367640576],[1.2895559497578009,41.13991778518114],[1.2894892805891964,41.13972396480887],[1.2894325623514233,41.1395749629583],[1.2894167228159703,41.13953539655883],[1.2893962691322154,41.13948435185482],[1.2893808471029191,41.13943995463837],[1.2893535337561268,41.139369990522844],[1.2893373585884869,41.139315560398174],[1.2893185266701637,41.13925392446146],[1.2893016224708538,41.13919380609135],[1.2892874388705546,41.13912968287494],[1.2892690240092897,41.1390575053722],[1.2892566048285945,41.138996736622104],[1.289240777596461,41.138930851441],[1.2892281279351974,41.13886299938852],[1.289212260003713,41.13879253960265],[1.2892044502182398,41.138736832160276],[1.2891908045731355,41.138643629983974],[1.2891788652207936,41.13856110539151],[1.2891693711954941,41.13847893148397],[1.2891605728650155,41.138401988641775],[1.288916434615673,41.138382893061845],[1.2886902623651064,41.138365546562774],[1.288363501018702,41.13833917712439],[1.2882686085478952,41.138361112328674],[1.288159109154776,41.13838344194323],[1.2881162222783489,41.138396230998495],[1.2880542025064412,41.13841022546368],[1.2879990647663817,41.138423022422145],[1.2879468026943297,41.13843363996005],[1.2878841021476044,41.13844687028714],[1.2878438435453463,41.13846419394378],[1.2878098234208317,41.13848435761448],[1.2877580653522758,41.138512467866896],[1.2877268099858528,41.13854863836468],[1.287704540776846,41.13857220769545],[1.28765904819411,41.138626802054006],[1.2876436137771627,41.138661889967736],[1.2876209025675347,41.13870927026999],[1.287601501289428,41.13876063244555],[1.2875874684423645,41.1388065105253],[1.2875632638448025,41.138854180267785],[1.2875503760095346,41.138899094454],[1.28752564579731,41.13896508657884],[1.2875065833199097,41.13902123493988],[1.2872421774985756,41.13896143500889],[1.287093929872704,41.13892956404019],[1.2871101502638083,41.13886323466592],[1.287133575534772,41.13876160137027],[1.2871626179142286,41.13865756374637],[1.2871734463497702,41.13857531722693],[1.287181884173537,41.138514563912125],[1.2871950319433292,41.13843897147528],[1.2872026013241984,41.13836589472768],[1.2872103499240084,41.13831683636962],[1.2872227876856277,41.13820968919503],[1.2872288471136621,41.13813667015288],[1.287234713326282,41.138060910864645],[1.2872404138987936,41.13799568335245],[1.2872397794203903,41.137883571399385],[1.2872366727987217,41.137800850997195],[1.2872307987734977,41.137678877198795],[1.2872209437810431,41.13758635898347],[1.2872048998291552,41.13749203279771],[1.2871787262165173,41.13739583102319],[1.2871611166503418,41.137348030372365],[1.2871440450699478,41.137299290133754],[1.287129735906746,41.137263940956345],[1.2871075249648656,41.137211061902654],[1.2870823132198563,41.1371628833501],[1.2870480535659772,41.137098136978715],[1.2870148364718852,41.137043875492],[1.2869794081331742,41.13698833176803],[1.286947703542106,41.13693835599707],[1.286918086252419,41.1368921853975],[1.2868663407770549,41.1368201386279],[1.2867982483289133,41.13673113258773],[1.286766154016886,41.13669284447304],[1.286709404371111,41.136619351350745],[1.2866769082313774,41.13658753360802],[1.286616631094459,41.13651861239941],[1.2865669208052268,41.13646314971088],[1.2865223108244674,41.136410718237315],[1.2864619311698149,41.13634954635486],[1.2864186894111806,41.13629934563289],[1.2863688151223205,41.136249646103494],[1.2863093554408491,41.136188660773044],[1.286254623630751,41.13613457793581],[1.286188110734573,41.13606815516098],[1.2861040670107664,41.13598527511526],[1.2860386994211088,41.13592223629269],[1.285946899115556,41.13583257065908],[1.2858923218753264,41.135780764337476],[1.285802891865974,41.13569466029452],[1.2856924796950855,41.135594756961694],[1.285562666141011,41.135473429563085],[1.2854507451711557,41.135369455577724],[1.2853208874109148,41.135235039384646],[1.2851608669195371,41.135076631984944],[1.284996733241533,41.13492065007585],[1.2848285479603614,41.13476715400631],[1.2846563785885177,41.134616205114426],[1.2844802915394098,41.134467861119],[1.2843003555591144,41.134322181575044],[1.2841166418438363,41.134179223371724],[1.2840126229995226,41.134103997789175],[1.2839045962646685,41.1340320748833],[1.2837927431543719,41.13396357534575],[1.2836772548021653,41.13389861640894],[1.2835583272902629,41.13383730817337],[1.2834361616499295,41.13377975360769],[1.2833109649812469,41.13372605126796],[1.28310710864193,41.13366752365052],[1.2829064484868007,41.133602991202594],[1.282709292945171,41.13353255221758],[1.2825159477547075,41.13345631666055],[1.2823267101474158,41.13337440067636],[1.2821418722814943,41.13328693204557],[1.2819617178088445,41.13319404472839],[1.281715817617234,41.13306183771185],[1.2815689070913423,41.133000986352],[1.2814193454773217,41.13294394504077],[1.2812673061731694,41.13289077940784],[1.281112965051007,41.13284155151762],[1.2809565005033596,41.13279631806851],[1.2807980934206378,41.13275513129319],[1.2806379260232446,41.13271803804066],[1.2805541661246538,41.13268406338472],[1.2804582246705825,41.13263941578131],[1.2803630950935008,41.132572357007014],[1.2802630047829844,41.132483502547515],[1.2801926498731717,41.13239272667891],[1.280149888856849,41.132300916237774],[1.2801431043327118,41.132185756106395],[1.2801877047770591,41.13207603189041],[1.2802504074780507,41.13198300310273],[1.2803173043833402,41.13189208520662],[1.2803827543625934,41.131798174097774],[1.2804429862314057,41.13169390300264],[1.2804516443903353,41.131579158999706],[1.2804221707320615,41.131462571099576],[1.2803934696210761,41.1313519405621],[1.2803462479170271,41.131229642618386],[1.2802904106179271,41.13111318526223],[1.2802539167717102,41.131025565027436],[1.2802074176338882,41.13093628121704],[1.279844255201721,41.13057567831023],[1.2796555153233993,41.130363496509695],[1.279454441433067,41.13011180348022],[1.279293373468426,41.129885716184546],[1.2791464599015163,41.12972086493417],[1.2790194541973199,41.12955850159889],[1.278926113982803,41.12943692897524],[1.2788558754957382,41.12935665493047],[1.2787614106915524,41.129258072273586],[1.278677036369643,41.129171613094556],[1.2785735285868305,41.1290918189442],[1.2784864295507037,41.12900893990692],[1.2783551243843068,41.128940820796366],[1.278240039228485,41.12888567249314],[1.2781144038289984,41.12883104010115],[1.2780035735256587,41.128790590530905],[1.277933111529825,41.12875660022544],[1.277822462618533,41.12871874374523],[1.2777264480050075,41.12866561403638],[1.2776392694382208,41.12860405387851],[1.2775536450138698,41.12853609726624],[1.2774791994230785,41.12847320785414],[1.2774229192998876,41.12841197724383],[1.27736941205557,41.128342752506406],[1.2773030846056732,41.128238959830746],[1.2772330428544918,41.12809719816578],[1.2771606368740869,41.12794536855672],[1.2770749237853132,41.127790524991966],[1.2769657360670608,41.12761045780756],[1.2768800761594585,41.12746367568519],[1.2767799657825134,41.12733713688225],[1.2767087248703939,41.12724646179816],[1.2766303127471015,41.12716439049952],[1.2765628516605139,41.12710672936203],[1.2764773383180883,41.127043336800114],[1.2763758880846967,41.12698751605668],[1.2763002721406498,41.12695469966215],[1.2761844414834314,41.126909841812406],[1.2760834786149453,41.12689184512169],[1.2759934618673447,41.126898841321655],[1.2759495343953842,41.12690589416522],[1.2757900747241286,41.12692858476383],[1.2756554460379408,41.12694743141125],[1.2755323945629595,41.12696270413543],[1.275420907588498,41.12697670869836],[1.2753316715993896,41.12698531670049],[1.2752324895805789,41.126997935340256],[1.27524678227653,41.12696937317982],[1.2754832624850312,41.12643183218677],[1.2755656571142344,41.1262740838154],[1.2756766911016981,41.12608253482661],[1.2758077953155065,41.12587516189026],[1.2758872765879499,41.125755831610086],[1.2759388188747378,41.125725436385935],[1.2759967066319229,41.125580021375086],[1.2760768958003719,41.12544340628035],[1.2760859110809435,41.12543048036999],[1.2760901128776465,41.12542468839812],[1.2761035800799938,41.1254062444827],[1.276112462327036,41.125394577626885],[1.2762577731844718,41.1252359680305],[1.2762640397349763,41.12523007004053],[1.2762788847316344,41.12521673685443],[1.276298548004328,41.12519968002387],[1.2760723341909175,41.12490812044851],[1.275552285313789,41.12449454243901],[1.2752268214826277,41.124238904101276],[1.2751071788055182,41.12414182393515],[1.2752639059315134,41.12407030427362],[1.2754174908959663,41.12399498752943],[1.2755998483273372,41.12389849421202],[1.2757222455938415,41.123828006502755],[1.2759230534922437,41.12370258391548],[1.2759972452249246,41.12364918929602],[1.2774033854002707,41.12422919669404],[1.27798686601585,41.12342260122054],[1.2780374463009492,41.12335964298852],[1.2780953565122803,41.12330044145231],[1.2781601319250486,41.12324545804238],[1.278231240114293,41.12319514687213],[1.2783080936858542,41.12314992340205],[1.2783705039959994,41.123119647188446],[1.278478592612318,41.12377791151368],[1.2785726613305632,41.12412106165277],[1.2785745349336313,41.12435015007516],[1.2785968276331572,41.12459557700834],[1.2786284204362588,41.12474953678363],[1.2787310812281485,41.12502381781829],[1.2788297380261446,41.12530092131236],[1.2789180486638017,41.12552724803256],[1.2790940436078644,41.12589909474708],[1.2791444790444007,41.12602496232361],[1.2791890848498173,41.12621892944033],[1.2792419227741019,41.126207288562824],[1.2793091005698736,41.12615289619592],[1.279443883999144,41.126027724108575],[1.2795832360262,41.12608331027439],[1.2799588938515485,41.126217818295586],[1.2801910066074091,41.126283976667544],[1.2802474929175938,41.12631508529163],[1.2803742545603813,41.126369311528876],[1.2804532009593745,41.126434443398836],[1.2806456347099269,41.12666529579864],[1.2808183179323664,41.12683595327784],[1.2810306437629049,41.12696657842236],[1.281170017948445,41.127035133784226],[1.2817283321794841,41.1272827035893],[1.2824261598906992,41.12717358320863],[1.28287539538683,41.12715028693785],[1.2830309888544826,41.12730960711126],[1.2833317503954882,41.12764439498162],[1.2834561735785612,41.12777938013155],[1.2835158871757695,41.12789700712314],[1.2835559923519544,41.12803109577475],[1.2836253530445696,41.128157964041755],[1.2836423330130902,41.12815551484465],[1.2837028298156405,41.12827054123644],[1.283809525567756,41.12845957695772],[1.2838764534227125,41.128556413891125],[1.2848435998249894,41.128444265799324],[1.2853899266759345,41.12776242706496],[1.285549268222453,41.12754474622841],[1.2861754325945527,41.12721385282712],[1.286484918058879,41.12706668426194],[1.2867764647296809,41.12724856091276],[1.2869321649984347,41.1272468604725],[1.2870302672330984,41.1273700594252],[1.2871508505675453,41.127552182749994],[1.287353856814149,41.12789055051619],[1.2873944284311396,41.12795204444788],[1.287499953330001,41.12801243246241],[1.287641596566676,41.128085697650626],[1.2877516516946987,41.12814597264055],[1.288102503141953,41.12833304940191],[1.2880993227362088,41.12833624482418],[1.2881568767164648,41.12837231957038],[1.2885560009181565,41.12867766016545],[1.28843237987504,41.12877715732387],[1.2887009285681317,41.12897300743654],[1.2886573840970534,41.12900748961145],[1.2890118284252365,41.12925370611416],[1.2893062311625108,41.12945417242419],[1.2893806105486472,41.12938835156802],[1.2895467604609685,41.12949980986001],[1.2896076168588493,41.12945468539069],[1.2899436564069537,41.12962541318297],[1.2899595604748229,41.129613939592424],[1.2900020419770726,41.129647898050386],[1.2900548631793385,41.12967363304396],[1.2900593943703134,41.1297009930061],[1.2900837540685297,41.129735493050994],[1.290157588902913,41.12980072255233],[1.2903004401206568,41.12991489640597],[1.2904314563783594,41.13000772681173],[1.2905579270037653,41.13010748391308],[1.2911150651411551,41.130488333228115],[1.2912388619576716,41.130556465155564],[1.2912618997051455,41.13053635996539],[1.2917121781303142,41.13075831865769],[1.2916939085751102,41.13077831451408],[1.2922916708267749,41.131110728463284],[1.29233356490304,41.131144406226966],[1.292389765897785,41.13116397600099],[1.2918686378477116,41.131321625557355],[1.2919235634992512,41.13149592435676],[1.2919514155670142,41.13154740987311],[1.292119220787793,41.131756169856935],[1.2921797241806772,41.131839485559624],[1.292381072032996,41.1320136133565],[1.292585258100865,41.13213346774026],[1.292830691675477,41.13219259221073],[1.2932527279183434,41.13221785313663],[1.2932588629633235,41.132298290829084],[1.2932579714234536,41.13234646766617],[1.2932487392403424,41.132426857772366],[1.2932352926058615,41.132486959111255],[1.293204186765016,41.132550771042226],[1.2931220438497966,41.132700068740654],[1.2930737709974076,41.13280663244307],[1.2930604004827484,41.13285363349811],[1.2930527229490991,41.132901619677064],[1.2930516377212244,41.13299861420382],[1.2930606890193137,41.133063061796],[1.293072437286112,41.133110795437574],[1.2930946446605722,41.13317327621671],[1.293132604891465,41.133248510862295],[1.2931913782507174,41.13333432248123]]],[[[1.2786904678064293,41.122154930909815],[1.2785075952967375,41.12223804086876],[1.2783137464955214,41.12231729248256],[1.278230578145116,41.12236379881087],[1.2781048521794325,41.12247182952226],[1.2778918118979607,41.1226909040981],[1.2778454190806174,41.122672502586454],[1.2776745514034753,41.12261162493535],[1.2775480476048635,41.12255427489484],[1.2770773533306663,41.1223502164636],[1.276758944256372,41.12220620785708],[1.2765564593030476,41.122111917800034],[1.2767133861126108,41.12189963725182],[1.2767910756199476,41.121777557369086],[1.276804490095676,41.12175380715587],[1.2768357475699497,41.121685780957364],[1.276856113403381,41.12162793870225],[1.2768682327418122,41.121586717090906],[1.2768966558419654,41.121470539459764],[1.2769337366566018,41.121301846160954],[1.2769780438700684,41.12111503519469],[1.2770119297203109,41.12092762333355],[1.2771200694178482,41.120750613459826],[1.277737230464929,41.12099333153269],[1.2779360817385161,41.12106890527043],[1.2779346966523812,41.12107176695832],[1.2781055763646219,41.12113746430928],[1.278272923005087,41.12119707357233],[1.2788492383659025,41.1214098872396],[1.2793376021967748,41.12158805637945],[1.2793473689271209,41.12156072943913],[1.2797322285071282,41.12170222133664],[1.2794770349737494,41.121973047857075],[1.279221095909525,41.121848343699725],[1.2786904678064293,41.122154930909815]]],[[[1.2826718895176474,41.12386136485881],[1.2834509457359387,41.124150130100844],[1.284424748420053,41.12451106774272],[1.2846957746718266,41.1246103218261],[1.2848083990607928,41.12464937930812],[1.2849362476432158,41.12468938398756],[1.285060768606939,41.12472447583205],[1.285534281684362,41.124852934809574],[1.285848900166176,41.124935116457024],[1.286363339217265,41.125072513070315],[1.2865802081364368,41.12512676526448],[1.2867113045924568,41.12515372931193],[1.2868141921622296,41.125170148286884],[1.2869334693534917,41.125183883513856],[1.2870681671472766,41.12519280376941],[1.2871561938229132,41.12519527489899],[1.2872989714003795,41.125194956262206],[1.2875086498364385,41.125188110953815],[1.287828443315222,41.12517491175287],[1.2878900140860294,41.125173673363506],[1.2880041488040423,41.125173990939324],[1.288061550061556,41.12517551072592],[1.288118867646063,41.1251784163941],[1.288204913037472,41.12518520699089],[1.2882621536419765,41.12519212878544],[1.2882306383764017,41.125241860948705],[1.2878935285487703,41.12575911531961],[1.287365674033401,41.12658887381143],[1.287154592569127,41.12689541228866],[1.2869422590307629,41.12724675029474],[1.2867764647296809,41.12724856091276],[1.286632433367301,41.127140959518556],[1.2864871804011813,41.127067823139804],[1.2864849181125275,41.127066684155395],[1.2861754325945527,41.12721385282712],[1.285549268222453,41.12754474622841],[1.2853899266759345,41.12776242706496],[1.2848435998249894,41.128444265799324],[1.2838764534227125,41.128556413891125],[1.283809525567756,41.12845957695772],[1.2837028298156405,41.12827054123644],[1.2836423330130902,41.12815551484465],[1.2836253530445696,41.128157964041755],[1.2835559923519544,41.12803109577475],[1.2835158871757695,41.12789700712314],[1.2834561735785612,41.12777938013155],[1.2833317503954882,41.12764439498162],[1.2830309888544826,41.12730960711126],[1.28287539538683,41.12715028693785],[1.2824261598906992,41.12717358320863],[1.2817283321794841,41.1272827035893],[1.281170017948445,41.127035133784226],[1.2810306437629049,41.12696657842236],[1.2808183179323664,41.12683595327784],[1.2806456347099269,41.12666529579864],[1.2804532009593745,41.126434443398836],[1.2803742545603813,41.126369311528876],[1.2802474929175938,41.12631508529163],[1.2801910066074091,41.126283976667544],[1.2799588938515485,41.126217818295586],[1.2795832360262,41.12608331027439],[1.279443883999144,41.126027724108575],[1.2793091005698736,41.12615289619592],[1.2792419227741019,41.126207288562824],[1.2791890848498173,41.12621892944033],[1.2791444790444007,41.12602496232361],[1.2790940436078644,41.12589909474708],[1.2789180486638017,41.12552724803256],[1.2788297380261446,41.12530092131236],[1.2787310812281485,41.12502381781829],[1.2786284204362588,41.12474953678363],[1.2785968276331572,41.12459557700834],[1.2785745349336313,41.12435015007516],[1.2785726613305632,41.12412106165277],[1.278478592612318,41.12377791151368],[1.2783705039959994,41.123119647188446],[1.2783900563009838,41.12311016182779],[1.2784764535806337,41.123076188037714],[1.2785665717727506,41.12304828499822],[1.2786596675835133,41.12302668119113],[1.2787549716074145,41.12301155606926],[1.2788516980401305,41.12300303299678],[1.2789490469412166,41.123001183786336],[1.279046217471863,41.12300602349261],[1.2792683249555283,41.123024779104874],[1.2795400776286796,41.12304772576752],[1.279817240226781,41.12307521129748],[1.2800855220465452,41.12311431021091],[1.2803582717935877,41.12316118472158],[1.2807302998016785,41.123248957401266],[1.2811538678086996,41.12337388743772],[1.2815237694287964,41.12347521812985],[1.281786569245105,41.12355199970191],[1.281893604904375,41.12358602253059],[1.2820448456162803,41.12363781887578],[1.2823621383079262,41.123748657703906],[1.2826718895176474,41.12386136485881]]],[[[1.273286510993293,41.12890001071812],[1.2738738304076391,41.1283140491164],[1.2739860909670342,41.12828503858995],[1.2742083125295691,41.12814902661658],[1.2742534730192936,41.12812132976146],[1.2742695750592714,41.12811148266032],[1.2748515703650307,41.12775908839166],[1.2752324895805789,41.126997935340256],[1.2753316715993896,41.12698531670049],[1.275420907588498,41.12697670869836],[1.2755323945629595,41.12696270413543],[1.2756554460379408,41.12694743141125],[1.2757900747241286,41.12692858476383],[1.276005884508406,41.12689787612006],[1.2760834786149453,41.12689184512169],[1.2761844414834314,41.126909841812406],[1.2763002721406498,41.12695469966215],[1.2763758880846967,41.12698751605668],[1.2764773383180883,41.127043336800114],[1.2765628516605139,41.12710672936203],[1.2766303127471015,41.12716439049952],[1.2767087248703939,41.12724646179816],[1.2767799657825134,41.12733713688225],[1.2768800761594585,41.12746367568519],[1.2769657360670608,41.12761045780756],[1.2770749237853132,41.127790524991966],[1.2771606368740869,41.12794536855672],[1.2772330428544918,41.12809719816578],[1.2773030846056732,41.128238959830746],[1.27736941205557,41.128342752506406],[1.2774229192998876,41.12841197724383],[1.2774791994230785,41.12847320785414],[1.2775536450138698,41.12853609726624],[1.2776392694382208,41.12860405387851],[1.2777264480050075,41.12866561403638],[1.277822462618533,41.12871874374523],[1.277933111529825,41.12875660022544],[1.2780035735256587,41.128790590530905],[1.2781144038289984,41.12883104010115],[1.278240039228485,41.12888567249314],[1.2783551243843068,41.128940820796366],[1.2784864295507037,41.12900893990692],[1.2785735285868305,41.1290918189442],[1.278677036369643,41.129171613094556],[1.2787614106915524,41.129258072273586],[1.2788558754957382,41.12935665493047],[1.278926113982803,41.12943692897524],[1.2790194541973199,41.12955850159889],[1.2791464599015163,41.12972086493417],[1.279293373468426,41.129885716184546],[1.279454441433067,41.13011180348022],[1.2796555153233993,41.130363496509695],[1.279844255201721,41.13057567831023],[1.2802074176338882,41.13093628121704],[1.2802539167717102,41.131025565027436],[1.2802904106179271,41.13111318526223],[1.2803462479170271,41.131229642618386],[1.2803934696210761,41.1313519405621],[1.2804221707320615,41.131462571099576],[1.2804516443903353,41.131579158999706],[1.2804429862314057,41.13169390300264],[1.2803827543625934,41.131798174097774],[1.2803173043833402,41.13189208520662],[1.2802504074780507,41.13198300310273],[1.2801877047770591,41.13207603189041],[1.2801431043327118,41.132185756106395],[1.280149888856849,41.132300916237774],[1.2801926498731717,41.13239272667891],[1.2802630047829844,41.132483502547515],[1.2803630950935008,41.132572357007014],[1.2804582246705825,41.13263941578131],[1.2805541661246538,41.13268406338472],[1.2806379260232446,41.13271803804066],[1.2807980934206378,41.13275513129319],[1.2809565005033596,41.13279631806851],[1.281112965051007,41.13284155151762],[1.2812673061731694,41.13289077940784],[1.2814193454773217,41.13294394504077],[1.2815689070913423,41.133000986352],[1.281715817617234,41.13306183771185],[1.2819617178088445,41.13319404472839],[1.2821418722814943,41.13328693204557],[1.2823267101474158,41.13337440067636],[1.2825159477547075,41.13345631666055],[1.282709292945171,41.13353255221758],[1.2829064484868007,41.133602991202594],[1.28310710864193,41.13366752365052],[1.2833109649812469,41.13372605126796],[1.2834361616499295,41.13377975360769],[1.2835583272902629,41.13383730817337],[1.2836772548021653,41.13389861640894],[1.2837927431543719,41.13396357534575],[1.2839045962646685,41.1340320748833],[1.2840126229995226,41.134103997789175],[1.2841166418438363,41.134179223371724],[1.2843003555591144,41.134322181575044],[1.2844802915394098,41.134467861119],[1.2846563785885177,41.134616205114426],[1.2848285479603614,41.13476715400631],[1.284996733241533,41.13492065007585],[1.2851608669195371,41.135076631984944],[1.2853208874109148,41.135235039384646],[1.2854507451711557,41.135369455577724],[1.285562666141011,41.135473429563085],[1.2856924796950855,41.135594756961694],[1.285802891865974,41.13569466029452],[1.2858923218753264,41.135780764337476],[1.285946899115556,41.13583257065908],[1.2860386994211088,41.13592223629269],[1.2861040670107664,41.13598527511526],[1.286188110734573,41.13606815516098],[1.286254623630751,41.13613457793581],[1.2863093554408491,41.136188660773044],[1.2863688151223205,41.136249646103494],[1.2864186894111806,41.13629934563289],[1.2864619311698149,41.13634954635486],[1.2865223108244674,41.136410718237315],[1.2865669208052268,41.13646314971088],[1.286616631094459,41.13651861239941],[1.2866769082313774,41.13658753360802],[1.286709404371111,41.136619351350745],[1.286766154016886,41.13669284447304],[1.2867982483289133,41.13673113258773],[1.2868663407770549,41.1368201386279],[1.286918086252419,41.1368921853975],[1.286947703542106,41.13693835599707],[1.2869794081331742,41.13698833176803],[1.2870148364718852,41.137043875492],[1.2870480535659772,41.137098136978715],[1.2870823132198563,41.1371628833501],[1.2871075249648656,41.137211061902654],[1.287129735906746,41.137263940956345],[1.2871440450699478,41.137299290133754],[1.2871611166503418,41.137348030372365],[1.2871787262165173,41.13739583102319],[1.2872048998291552,41.13749203279771],[1.2872209437810431,41.13758635898347],[1.2872307987734977,41.137678877198795],[1.2872366727987217,41.137800850997195],[1.2872397794203903,41.137883571399385],[1.2872404138987936,41.13799568335245],[1.287234713326282,41.138060910864645],[1.2872288471136621,41.13813667015288],[1.2872227876856277,41.13820968919503],[1.2872103499240084,41.13831683636962],[1.2872026013241984,41.13836589472768],[1.2871950319433292,41.13843897147528],[1.287181884173537,41.138514563912125],[1.2871734463497702,41.13857531722693],[1.2871626179142286,41.13865756374637],[1.287133575534772,41.13876160137027],[1.2871101502638083,41.13886323466592],[1.287093929872704,41.13892956404019],[1.2872421774985756,41.13896143500889],[1.2875065833199097,41.13902123493988],[1.28752564579731,41.13896508657884],[1.2875503760095346,41.138899094454],[1.2875632638448025,41.138854180267785],[1.2875874684423645,41.1388065105253],[1.287601501289428,41.13876063244555],[1.2876209025675347,41.13870927026999],[1.2876623073309053,41.138622890827264],[1.287704540776846,41.13857220769545],[1.2877268099858528,41.13854863836468],[1.2877580653522758,41.138512467866896],[1.2878587957827334,41.1384577597133],[1.2878841021476044,41.13844687028714],[1.2879468026943297,41.13843363996005],[1.2879990647663817,41.138423022422145],[1.2880542025064412,41.13841022546368],[1.2881162222783489,41.138396230998495],[1.288159109154776,41.13838344194323],[1.2882686085478952,41.138361112328674],[1.288363501018702,41.13833917712439],[1.2886902623651064,41.138365546562774],[1.288916434615673,41.138382893061845],[1.2891605728650155,41.138401988641775],[1.2891693711954941,41.13847893148397],[1.2891788652207936,41.13856110539151],[1.2891908045731355,41.138643629983974],[1.2892044502182398,41.138736832160276],[1.289212260003713,41.13879253960265],[1.2892281279351974,41.13886299938852],[1.289240777596461,41.138930851441],[1.2892566048285945,41.138996736622104],[1.2892690240092897,41.1390575053722],[1.2892874388705546,41.13912968287494],[1.2893016224708538,41.13919380609135],[1.2893185266701637,41.13925392446146],[1.2893373585884869,41.139315560398174],[1.2893535337561268,41.139369990522844],[1.2893808471029191,41.13943995463837],[1.2893962691322154,41.13948435185482],[1.2894167228159703,41.13953539655883],[1.2894325623514233,41.1395749629583],[1.2894892805891964,41.13972396480887],[1.2895559497578009,41.13991778518114],[1.2898231413841421,41.139932367640576],[1.2901171515161551,41.13994542456903],[1.2904964550533944,41.139966539405414],[1.2908841617407978,41.139987313815986],[1.2913064126241802,41.14000945696776],[1.2917583366334557,41.14003307277461],[1.2918240050914431,41.14023179329153],[1.2917597914232968,41.14025444040887],[1.2918239864870267,41.14037023788337],[1.291828262546453,41.14037075168134],[1.2919740340299088,41.14054783886491],[1.2921309709875881,41.14079057577384],[1.2922909666018305,41.1407363814364],[1.2922984384504925,41.14088466516392],[1.2922806937939373,41.140921062453195],[1.2922875727905232,41.141032496822476],[1.2923191553900912,41.14117456261017],[1.2923407007332637,41.14129477154584],[1.292274274927121,41.14151284828728],[1.292085050907128,41.14165100913548],[1.2920306193718272,41.14165143951488],[1.2919723265134042,41.141701760831914],[1.291899791955047,41.14176950211292],[1.2918288936548454,41.14187978288103],[1.2917688521435826,41.142269546313244],[1.2918168032781354,41.14227674294421],[1.2917902294376455,41.142474242908],[1.2917749860433618,41.14272640611798],[1.291852066245929,41.142951835425976],[1.2918743510182673,41.143103221225886],[1.29190138875513,41.143383664473774],[1.2918999208177182,41.14345858484417],[1.291870906639293,41.14362154998797],[1.291794170133775,41.14408979096448],[1.2918533633633753,41.1442285732955],[1.2919078223155596,41.1442559530732],[1.2919887959807255,41.14430849661229],[1.2920737613380384,41.14434956973477],[1.2920696128030904,41.14439463562348],[1.292039096768986,41.14456037082703],[1.2920064437822685,41.144712022674945],[1.2919528760834278,41.14499460310538],[1.2919342334569324,41.14515276794314],[1.2919129609754554,41.14530666025827],[1.2919021986622115,41.14531271578273],[1.2918336455339705,41.14531872479852],[1.291631713747256,41.14533086196982],[1.2915166708122647,41.14536509510216],[1.291727111280454,41.1458009355527],[1.2917416688931098,41.14625458729566],[1.291712685190791,41.14643466695465],[1.291698505148107,41.14646679340741],[1.2916290539430724,41.14657619466479],[1.2914282054530095,41.14680176137577],[1.2908474489552366,41.14649829779913],[1.2904732057011683,41.14628994076397],[1.2900912258174666,41.1460872062989],[1.289714357947674,41.145882634205186],[1.2891502261274075,41.145579617060356],[1.2889231760181392,41.1454537963029],[1.2884691032730082,41.14520119816501],[1.288051372261516,41.14496253168585],[1.2876453512856711,41.144711601206836],[1.2871973191405457,41.14442177986789],[1.286635551891815,41.144028864084916],[1.286255738704823,41.14374388038752],[1.2858419041119469,41.143404818949904],[1.2854930554479127,41.14309733450213],[1.2852159823022982,41.1428521424041],[1.284914807753381,41.142560672448866],[1.2844905816736634,41.14213535533496],[1.2841094687204817,41.1417068526575],[1.2837438885323613,41.14126518789152],[1.2833746004445479,41.14077180976199],[1.2831308466575981,41.14041422770017],[1.2828754434579859,41.14001820679434],[1.282625902347086,41.139591660846655],[1.2824521415742114,41.139267646124395],[1.2822540337683284,41.13890691654158],[1.2819830962993095,41.13833081786631],[1.2816764640680534,41.13766809074029],[1.2813797565858993,41.13701316361146],[1.2811613903436616,41.13655646770647],[1.2809862472315807,41.13614059527067],[1.2806890297656275,41.135505747121634],[1.2804567445932264,41.13500101233665],[1.280259358161318,41.13461350443238],[1.2800327190634146,41.13418346827874],[1.2797873768803099,41.133791416959966],[1.2795755511268363,41.133472568731314],[1.2792794236041563,41.133087411301666],[1.2790710616306709,41.132829837697834],[1.278909213335854,41.13263226855665],[1.278623690377188,41.13232571040944],[1.2783647934997873,41.132065466996735],[1.2779892144756322,41.13171929544329],[1.277600792209028,41.131380584241754],[1.2771867285209277,41.1310548804806],[1.276747123650109,41.13073835990971],[1.276416065088836,41.13052868933465],[1.2759207214309751,41.13021515781238],[1.275449073000723,41.12996320190542],[1.274947325510666,41.12970122730079],[1.2744449806120592,41.12946219982531],[1.2739048500382733,41.12921686519968],[1.273502784705467,41.129013774800164],[1.273286510993293,41.12890001071812]]]]}},{"type":"Feature","id":"431482--zone--nou-eixample-sud","properties":{"name":"Nou Eixample Sud","officialName":"Nou Eixample Sud","municipality":"Tarragona","kind":"zone","quality":"official","code":"5"},"geometry":{"type":"MultiPolygon","coordinates":[[[[1.2914282054530095,41.14680176137577],[1.2911012819632726,41.14719839393061],[1.2908588420746854,41.14709015546226],[1.2904387224517126,41.14691580698766],[1.2898849518612092,41.14670823990359],[1.2894077765005354,41.14654505005281],[1.2889365673902695,41.14641453857968],[1.2883488396077127,41.146273468808005],[1.287696083759347,41.146138538768305],[1.2872269218778076,41.1461033091734],[1.2858371636995867,41.14610651629359],[1.2848778214638004,41.14608010407413],[1.2838011774217282,41.14607261785378],[1.2829695628740432,41.14613334693229],[1.2820999577303618,41.14618570822616],[1.2813975869730139,41.146352813324306],[1.2809655266136928,41.146544463898806],[1.2805499152036228,41.146738346377184],[1.2802106457749014,41.14690478317583],[1.2799370270114412,41.147039532209995],[1.2797172990845378,41.14717916870489],[1.2794534111261016,41.147354895430794],[1.279107348471846,41.147574311974104],[1.2787662572005116,41.14781013407906],[1.2786282757179075,41.14789841102979],[1.2785144447935544,41.147937039447044],[1.2782374457152288,41.147994149949014],[1.2780060373306876,41.14804869702495],[1.2776517160167908,41.1481808142055],[1.2775885719137976,41.14811855336114],[1.2775252914515038,41.14800492363843],[1.2774949606512795,41.147898091945564],[1.2773877271428509,41.14693260029054],[1.2773288939304053,41.14665825389662],[1.2772445227251779,41.146328650208595],[1.2771709591252949,41.14603194482736],[1.2774937227078573,41.14606992040628],[1.2776104150632992,41.14607770075142],[1.2777462857876687,41.1460811739928],[1.2779912443129429,41.1460824951871],[1.2781058278023198,41.14607979484671],[1.278220755529605,41.14607304618358],[1.2787005354904404,41.1460259034258],[1.27880388788711,41.1460197918351],[1.278930585504407,41.14601862284812],[1.279058508597829,41.14602071471945],[1.2791641871309822,41.14602589688771],[1.279362569348318,41.14604030058033],[1.279435319430061,41.1460424684193],[1.279593047815363,41.14603942037456],[1.2796751094663092,41.146031818965035],[1.2805119035362482,41.14590668232382],[1.2803534744217067,41.145383774762024],[1.2803295120625557,41.145330544059384],[1.2802947805286278,41.14526886477343],[1.2802489019428775,41.14520512744795],[1.2802136128585109,41.14516478748893],[1.2801748201562912,41.145126286762455],[1.280132755003318,41.14508989894131],[1.2800874150478827,41.145055714061264],[1.2800391529191382,41.145023917534324],[1.27995974133484,41.14497836794387],[1.2798505046202289,41.14493354738339],[1.2797917910639725,41.144914115010124],[1.2797316872899134,41.144897724376214],[1.27872129083427,41.14467948069754],[1.2787482445108376,41.1446074014386],[1.278770958813555,41.14453622170749],[1.2787911811623833,41.14446464442786],[1.2788805608960827,41.144125314538144],[1.2788346104013595,41.14411625445655],[1.278792690135702,41.144129049041695],[1.2787392118341983,41.14415094854448],[1.27870734091649,41.144160656018464],[1.278573835329915,41.14415045828371],[1.2783809047865384,41.144128298264924],[1.2783064950767282,41.14412133100355],[1.2780058954157871,41.14410188421697],[1.2779024950161635,41.1440991058281],[1.277771289420318,41.144064958295985],[1.277728823117871,41.14404661544909],[1.2776049200127342,41.143897543577225],[1.277426380817953,41.14369516968514],[1.2773276367481736,41.14363935154948],[1.2772204927969766,41.14363012666103],[1.2771615682502486,41.14364158538001],[1.27700577717492,41.143720768531715],[1.2769480176849322,41.14377096223364],[1.2769261212634349,41.14384938683234],[1.276544772675261,41.14422117398667],[1.27626698508554,41.14448174561306],[1.276169890041895,41.1445583869192],[1.2751463889667427,41.144510634992265],[1.2751075943186085,41.144585986793686],[1.2750840851669556,41.144631560089955],[1.2748448420451126,41.14453638319026],[1.2743680222026126,41.14438007583877],[1.274227540186635,41.14435265976268],[1.2730960190109015,41.1441940103827],[1.2720517340572768,41.144057736313016],[1.271403631953863,41.14397649084858],[1.2711722304247979,41.14398103388554],[1.2705977836061275,41.14409418956529],[1.2704642989049666,41.14384141739535],[1.2702351946974404,41.14361351064473],[1.2699444044020376,41.143375218930636],[1.2695189322796339,41.14307950692365],[1.26863136750102,41.14252175598262],[1.267948630702293,41.14208210422291],[1.267263205051523,41.14166798914333],[1.2669607617589034,41.14152454323641],[1.2666046836459184,41.141390827981276],[1.2662871947056706,41.14130300007348],[1.2658560255903903,41.14124723749562],[1.2651702567094054,41.14121763309867],[1.2639454067985028,41.141189627429334],[1.2633793014074564,41.14113614495487],[1.2634669294569694,41.141052886327245],[1.2635769016071512,41.140944653588576],[1.2636457715702043,41.14087687503106],[1.2637335987960252,41.14079055666213],[1.2638575688878235,41.140305212386025],[1.2639141431839978,41.14010276697924],[1.2639569901599468,41.13996902164337],[1.2640448350270657,41.13973741301197],[1.2641044029001698,41.13957050199235],[1.264134232308127,41.13950564755261],[1.2641732755137063,41.139443814366864],[1.2642207035424229,41.13938480978223],[1.26430191334345,41.13930082322024],[1.2644173217387882,41.139194112753465],[1.2644977938921171,41.13912452686389],[1.2645803693149833,41.13905650387868],[1.2648214717502686,41.13886863825658],[1.2648864815567176,41.13887484206408],[1.2649004169904075,41.13880722585916],[1.2649201692733834,41.138740417885764],[1.2649493955312932,41.13865771936546],[1.264989751224859,41.13855960560356],[1.2650348375213332,41.138462824136575],[1.2650840660293037,41.13836709587139],[1.2651286750378088,41.138288412166396],[1.265186762084212,41.138195609612545],[1.2652279235319381,41.1381347087024],[1.265282327176828,41.13805959530781],[1.2653394367297257,41.1379857836879],[1.2653875511200499,41.13792777975765],[1.265465663428553,41.1378436556105],[1.265656806711493,41.137652423546356],[1.2657843184195134,41.13751121520349],[1.2657988468145092,41.13749792278725],[1.2658177941473179,41.13748875026782],[1.265839952843369,41.13748430998161],[1.2658624503428708,41.137485099120205],[1.2659490264816138,41.1375102499879],[1.2660345958936297,41.13751604391244],[1.2661232800726927,41.13750314554622],[1.2662028852386111,41.137472296372735],[1.2662684761995975,41.13742553886821],[1.2663134220266523,41.13736773364389],[1.2663357105541484,41.13730226786409],[1.26633301954814,41.13723665753889],[1.2663119122663071,41.137182545432346],[1.2662743119750979,41.1371336795851],[1.2662215498490046,41.13708991248287],[1.2661451587153179,41.1370552114212],[1.266068659347799,41.13703968376375],[1.2659965467332388,41.137036554221],[1.266012256942365,41.136945285761314],[1.2660265166967877,41.13687434151428],[1.2660298390723146,41.13680701572234],[1.2660387643842042,41.13670338414223],[1.2660537606570534,41.13659543030822],[1.2660781674340253,41.136442310617916],[1.2660788599777621,41.13641601925436],[1.2660917532217197,41.1363110062096],[1.2661094007259275,41.13620642503827],[1.2661352678748787,41.13607926880537],[1.2661636113582335,41.1359666518609],[1.2661554329246185,41.135829345067705],[1.2661616491186858,41.13578332044063],[1.266163103092018,41.135750735312584],[1.266163376336953,41.13574488457497],[1.2662042938856084,41.13555292101148],[1.2662065603685837,41.13554376751961],[1.2662284874084127,41.13545762596894],[1.2662469501483433,41.13536278509447],[1.2662810266975102,41.13521341388422],[1.266290404227175,41.13517401228476],[1.26630998288727,41.13509107804722],[1.2663327469528916,41.134995761455606],[1.2663648253767443,41.134999289769354],[1.2663852039870895,41.13490845810317],[1.2679015923038122,41.135312290246404],[1.268120692864229,41.1353303575425],[1.268288694422258,41.134985646031765],[1.2690883149397625,41.13519665524153],[1.2693590085286184,41.135268085684686],[1.2696519690130221,41.135345358115345],[1.2697044024461666,41.13535398239806],[1.269884154675778,41.135395955460844],[1.2703089019934908,41.13549529259694],[1.2707668009916502,41.135720509884834],[1.270798629079267,41.13575536117487],[1.270844893145812,41.135802428951415],[1.270901387699862,41.13585367934933],[1.2709213492787161,41.135873885549934],[1.2709392602463503,41.135895051781475],[1.2709829518195486,41.13595320329944],[1.2710369623453577,41.136010764799636],[1.270972548674824,41.13603057437639],[1.270942852813747,41.136074336282405],[1.2709336533632436,41.13616293972098],[1.2709271223730092,41.13618932361664],[1.2709221394565942,41.13620212948073],[1.270908283683207,41.13622615153586],[1.2708994226508061,41.13623691753061],[1.2708730192272983,41.136258973116774],[1.270849873072243,41.1362681500879],[1.2708177332117407,41.13627613454048],[1.2707823627481827,41.13628010719169],[1.2707465150708468,41.13627956893376],[1.2707300436154454,41.1362761689957],[1.270715548647152,41.13627009649375],[1.2707036469316917,41.13626055001783],[1.2706655510681881,41.136211304334005],[1.270622180871351,41.13623230432448],[1.2705860464382819,41.13627896083052],[1.2705213236747952,41.13634806697215],[1.2704500742377722,41.13642977558547],[1.2702010803610009,41.13673301035964],[1.270293670220011,41.13682762828818],[1.270333971394313,41.136876333436504],[1.270356778048778,41.13691522791407],[1.2703636746487128,41.13693388686904],[1.2703774144130777,41.136986342820514],[1.2704307208098864,41.13703938038184],[1.2705516257816531,41.137149195579184],[1.270606117248823,41.13720198693674],[1.270683078130084,41.13728384948059],[1.27078082232396,41.1373954784455],[1.2705511077334606,41.137617846152104],[1.270520332936269,41.137895804695646],[1.2708492864685903,41.13810467321416],[1.271034604364725,41.13821176195048],[1.2710399242742423,41.13826777816368],[1.2710372775724519,41.13829142805689],[1.271029990738709,41.138314828138405],[1.2710137250131042,41.13834439864271],[1.2709488433515388,41.13842311897655],[1.2709525659244312,41.13848097665523],[1.2706092661885373,41.139163589420555],[1.2707560979435213,41.139778751986164],[1.2707093836288084,41.13982894269261],[1.2707935936783514,41.13988443206178],[1.270753647022494,41.13997711351128],[1.270757137581291,41.14002651870003],[1.2708206079974809,41.14011695993825],[1.2708297593401512,41.14014051674124],[1.2708421294785406,41.14020477794529],[1.2708857783226442,41.14021145750245],[1.2709382037982149,41.14020584302363],[1.2711478549097872,41.14015719221288],[1.2712282084499262,41.1401275533109],[1.2713021096134536,41.14008223278917],[1.2713630922482528,41.14002766851442],[1.2714289747728007,41.13994776680403],[1.2714927952006565,41.13983313736379],[1.2715391026812213,41.13973943419268],[1.2715628695715353,41.13971006627691],[1.2715831945894926,41.13969379759311],[1.2715949342269437,41.13968685788953],[1.271648918255183,41.13966379830522],[1.271712471142355,41.139630253492136],[1.2717402814599712,41.13961932144061],[1.2717548085736643,41.13961512579034],[1.2717697813563624,41.13961210779632],[1.2718001134849073,41.13960950043859],[1.2719195403244292,41.139615182863345],[1.2719778933031283,41.13958640679141],[1.2720056870129082,41.139576104948354],[1.2720209050704838,41.13957282037788],[1.2720369048312314,41.13957152917594],[1.272052597838152,41.139572845533124],[1.2720664168654916,41.13957746653183],[1.2721348646446045,41.139626094339015],[1.272187457434664,41.13965062166617],[1.2723107872912007,41.13970012139287],[1.2723611799286005,41.13972762953111],[1.2724079073881065,41.13975859557583],[1.2724511029529635,41.139792481083006],[1.2724994652989676,41.139838333927145],[1.2725581706675795,41.139907761295184],[1.2725732318653205,41.13992861429649],[1.272585413355746,41.13995023477315],[1.2725931620832578,41.13997277958005],[1.27259512018153,41.13998442857607],[1.2725946201486051,41.140008020625146],[1.2725921691050965,41.14001969356071],[1.2725786557377514,41.14005335892131],[1.2725055174145636,41.1401980286959],[1.2725162289763516,41.140243741004085],[1.272554946705523,41.14035745548308],[1.272558627064847,41.14038065986279],[1.2725640520872976,41.140466863372986],[1.2726035335773265,41.14054004490635],[1.2726100866159455,41.140562751924854],[1.2726078071184894,41.140586047057134],[1.2725989816683623,41.14060906385431],[1.2725922688778089,41.14061968204385],[1.2725833214812252,41.140629185819414],[1.2725724967880914,41.14063758054004],[1.2738537302856692,41.14111869418091],[1.2742604517912695,41.14123459061274],[1.2744909645190277,41.14070002896916],[1.274741436276455,41.13993571520345],[1.274792432151547,41.13973570279751],[1.274838609667075,41.13965586782171],[1.2749099391662466,41.139548306302274],[1.2749979284450115,41.13944153472458],[1.2752261996274008,41.139128431380456],[1.2753645420433937,41.138950624121705],[1.2752404098560843,41.13884986316629],[1.2751897279665403,41.138801544706304],[1.2751677949955684,41.13877464419529],[1.275111980583181,41.13869030904527],[1.2749460773265975,41.13849677576827],[1.2748609830476487,41.13838858249975],[1.2748213602401004,41.13834565386816],[1.2746121411823244,41.138136518834656],[1.274506822767658,41.138009016553795],[1.2745721644187085,41.13788893519243],[1.274626896683527,41.137779053430464],[1.2746505636319636,41.13768705444842],[1.2747113642527705,41.13750064604422],[1.2747152257915069,41.137477869965956],[1.27476595104243,41.137328106088624],[1.2748217431925926,41.137151386677566],[1.2748690004852399,41.13695299352331],[1.2748643805415285,41.13669012244409],[1.2748462838578198,41.13653596778122],[1.2748293169245282,41.136349619329245],[1.2748048967801884,41.13615126035467],[1.2747964740166093,41.135969399493845],[1.274781213787062,41.135862954820745],[1.274795879664538,41.135722955247516],[1.2748289506925155,41.135615766354945],[1.2749040218185295,41.13552073614364],[1.2749754598573015,41.13546386114901],[1.2750270295974826,41.13543545838062],[1.2751367390321777,41.13537935467282],[1.2752016332585567,41.13536123074521],[1.2753392485233706,41.13534410575068],[1.2754148880044862,41.135342851472494],[1.2756428367671808,41.135343418344505],[1.2758966680803223,41.13535106479282],[1.2762477965260297,41.135361635229145],[1.2764048403530448,41.135341439966645],[1.2765247940700923,41.135304466985765],[1.2766804682056747,41.135236916588426],[1.2767532466187617,41.13518611355652],[1.2768945485667191,41.13505087284531],[1.2770079060618682,41.134934507891295],[1.2770379615148622,41.13487000466242],[1.2770846796127098,41.134778376994134],[1.2770988743472338,41.13469578365809],[1.277163063497925,41.13451972906534],[1.2772154324598604,41.134404271030775],[1.2772436342261924,41.1343350110883],[1.2773059632883619,41.134135310983595],[1.2774087099230518,41.1338447625024],[1.277506442121987,41.133576441419585],[1.2775947191576196,41.133334334701374],[1.2776373125071354,41.13321586586785],[1.2777339077038534,41.132957687984],[1.2778170222465246,41.13272477255404],[1.2779071208704706,41.13245848069715],[1.2779209210847406,41.13235765919924],[1.2779097437711882,41.1322803250209],[1.2778965000649603,41.13221913736932],[1.2778507550449647,41.13215663503107],[1.2777604576185466,41.132060282900625],[1.277656055093412,41.13198214004784],[1.277356617943406,41.13185436725085],[1.276994483629168,41.131701939016196],[1.2766042548642216,41.131533749510275],[1.276390815272705,41.131452280417925],[1.276265236652096,41.13137264841456],[1.2761901457127813,41.1313048962011],[1.2759978913854726,41.13103226254039],[1.2758873673991766,41.130899594272165],[1.2757753561615972,41.13080280743372],[1.2755033989036493,41.130622765513195],[1.275184272217834,41.13044979899638],[1.2748993933864916,41.13029744928316],[1.274525061427173,41.13009641541258],[1.2741785559862742,41.12991374020779],[1.2741405588551276,41.12989898403681],[1.2740199787999686,41.12985020304483],[1.2738560762325757,41.1298016823796],[1.2736843036804226,41.129764356907415],[1.27357939937523,41.12974656194934],[1.2734754760980007,41.12973587949426],[1.273402156342641,41.12973069093013],[1.2732888032007001,41.129727532298716],[1.273074517499825,41.129727300840706],[1.272956325280833,41.12970561300235],[1.2728364194558708,41.12964498254223],[1.272777778258422,41.12957547604106],[1.2726710249602138,41.12953649936926],[1.272729118835388,41.12946315625121],[1.272895955849994,41.12925895470371],[1.2729468133427686,41.12922257953],[1.2730079295081842,41.12916706414794],[1.2730782230283322,41.12910320129922],[1.2732267958210615,41.12895958621147],[1.273286510993293,41.12890001071812],[1.273502784705467,41.129013774800164],[1.2739048500382733,41.12921686519968],[1.2744449806120592,41.12946219982531],[1.274947325510666,41.12970122730079],[1.275449073000723,41.12996320190542],[1.2759207214309751,41.13021515781238],[1.276416065088836,41.13052868933465],[1.276747123650109,41.13073835990971],[1.2771867285209277,41.1310548804806],[1.277600792209028,41.131380584241754],[1.2779892144756322,41.13171929544329],[1.2783647934997873,41.132065466996735],[1.278623690377188,41.13232571040944],[1.278909213335854,41.13263226855665],[1.2790710616306709,41.132829837697834],[1.2792794236041563,41.133087411301666],[1.2795755511268363,41.133472568731314],[1.2797873768803099,41.133791416959966],[1.2800327190634146,41.13418346827874],[1.280259358161318,41.13461350443238],[1.2804567445932264,41.13500101233665],[1.2806890297656275,41.135505747121634],[1.2809862472315807,41.13614059527067],[1.2811613903436616,41.13655646770647],[1.2813797565858993,41.13701316361146],[1.2816764640680534,41.13766809074029],[1.2819830962993095,41.13833081786631],[1.2822540337683284,41.13890691654158],[1.2824521415742114,41.139267646124395],[1.282625902347086,41.139591660846655],[1.2828754434579859,41.14001820679434],[1.2831308466575981,41.14041422770017],[1.2833746004445479,41.14077180976199],[1.2837438885323613,41.14126518789152],[1.2841094687204817,41.1417068526575],[1.2844905816736634,41.14213535533496],[1.284914807753381,41.142560672448866],[1.2852159823022982,41.1428521424041],[1.2854930554479127,41.14309733450213],[1.2858419041119469,41.143404818949904],[1.286255738704823,41.14374388038752],[1.286635551891815,41.144028864084916],[1.2871973191405457,41.14442177986789],[1.2876453512856711,41.144711601206836],[1.288051372261516,41.14496253168585],[1.2884691032730082,41.14520119816501],[1.2889231760181392,41.1454537963029],[1.2891502261274075,41.145579617060356],[1.289714357947674,41.145882634205186],[1.2900912258174666,41.1460872062989],[1.2904732057011683,41.14628994076397],[1.2908474489552366,41.14649829779913],[1.2914282054530095,41.14680176137577]]],[[[1.264193063964658,41.13514223979668],[1.2641209104071225,41.13522636286402],[1.2640858924631533,41.135284743847585],[1.2640360479154444,41.13534965692828],[1.2639896479650343,41.13533364482106],[1.2639276477580514,41.13529929253039],[1.2638581447498944,41.13525430188135],[1.2638251043391446,41.135243701920444],[1.2637006698020832,41.135223090435076],[1.2635489518820555,41.13521152528211],[1.2632174136399428,41.135201391697],[1.2629389045023305,41.13518178850364],[1.2628374228990202,41.13517629452265],[1.2626849173369474,41.13517201239525],[1.2625068237652237,41.13517121723582],[1.2623287589837808,41.1351738450708],[1.2621509516421578,41.135180259648706],[1.2619733945780398,41.13519073108659],[1.2617963283216242,41.13520517294098],[1.261619983893469,41.13522385892499],[1.2614444874864186,41.13524652072301],[1.2612448487770633,41.13527656417637],[1.2610713031348646,41.13530655089922],[1.2609726282634388,41.13532559794661],[1.2608500682939021,41.135351310036654],[1.2606316296810105,41.13540295664888],[1.2603917709976753,41.135467159959596],[1.2602492580820115,41.135508513215946],[1.260155194223867,41.135537897719516],[1.260017573553643,41.13558797175678],[1.2599075156223363,41.13563648044759],[1.2598028883088035,41.135691376312145],[1.259684098496569,41.135763712686554],[1.2596640072347534,41.135753050499964],[1.2596173385835672,41.13571118116585],[1.2595236347182148,41.13563230092911],[1.2593462651942071,41.13572122610869],[1.2592585200175441,41.13577745753051],[1.2592025345023796,41.135822098959046],[1.2591298973499554,41.13588369289755],[1.259082014961244,41.13595079525145],[1.259037712691808,41.1360582150444],[1.2589699965269145,41.13620401292824],[1.2589211493228236,41.13633009947425],[1.2588484591254627,41.13645222254073],[1.2588447886201657,41.1364513563762],[1.2588281227167057,41.13653190130329],[1.258817635413701,41.13660857635969],[1.258812154847159,41.136685146961916],[1.2588115595684124,41.136766205077855],[1.2588165832215588,41.136851041202995],[1.2588267708696355,41.136934334058616],[1.2588415056173756,41.13701688498796],[1.258861702143185,41.13710014901118],[1.2588928317933021,41.13719799025202],[1.2589174563461458,41.13725799189538],[1.258762928928163,41.1372669149446],[1.2587085066805634,41.13726140821789],[1.2582578723058928,41.13729846097475],[1.258242023133834,41.137276242178935],[1.2582000540082208,41.13721886045561],[1.2580892455956798,41.13709747540089],[1.2580213996439835,41.137031955801184],[1.2579021905792624,41.13693539415233],[1.2578700636203644,41.13691130862931],[1.2577618686026153,41.136839774026704],[1.25767504398179,41.136789099636225],[1.257584660864636,41.13674233462235],[1.2574905929975357,41.136699747290336],[1.2573948530692387,41.136661818458656],[1.257298310484355,41.13662721016056],[1.257199662336588,41.13659563245338],[1.2571309544808258,41.13657621746426],[1.2569979071456718,41.1365433983989],[1.2567059311755993,41.13647880923101],[1.2563694435048804,41.13639895333683],[1.2545380616374346,41.13597380231005],[1.2543407089718297,41.13592094757086],[1.2541489453898789,41.13575583893812],[1.2541081314059388,41.13561163506249],[1.254080195445573,41.13550503166482],[1.254064145273874,41.13540174304499],[1.2540604390481602,41.13533704935241],[1.254060566307664,41.135232483721616],[1.2540812025345571,41.13503968570891],[1.2541303980315428,41.13466037446669],[1.254230154819312,41.13387751365962],[1.2542520223655946,41.13365491053989],[1.2542596367108099,41.13347559738044],[1.2542578702622318,41.13338945929539],[1.2542495109067502,41.13326890285152],[1.2547431438476617,41.13324743181216],[1.2548963504276418,41.13320871813835],[1.2550307499614142,41.13317261069841],[1.2550465226560454,41.13313417254697],[1.2551225088294147,41.1330859503338],[1.2552079806293095,41.133048062818446],[1.255311427299981,41.13301522149874],[1.2553703530577685,41.132998999985745],[1.2553740801575852,41.133006712787584],[1.2554188437107598,41.13299442014254],[1.2554229034697129,41.132998256667314],[1.2556338200737098,41.132933903634814],[1.2557467196583443,41.132899493680846],[1.2560698566890793,41.13275855646781],[1.2560798613504076,41.13285310615638],[1.256106399405994,41.13297114544626],[1.256119345332062,41.1330086323644],[1.2561540022425155,41.133081036677076],[1.2561820770815828,41.133123076247806],[1.2562487809233882,41.13319551539642],[1.2563574584633104,41.13328453320563],[1.2563949779050432,41.13330734967568],[1.256441576755207,41.13332922269539],[1.2565393192853782,41.13336330942286],[1.2565859996490618,41.133370995966935],[1.256646759608333,41.13335034017227],[1.2567075430650512,41.13334332740115],[1.2567950800215297,41.133359794863395],[1.2569092589581579,41.13329844470654],[1.2571769856664021,41.133312070553714],[1.2573792623681523,41.133362240449536],[1.2574752950950314,41.1334114330478],[1.2578900245812898,41.13354597357552],[1.2580708035796953,41.13350134500969],[1.258283146421489,41.13351561951397],[1.258715731950122,41.133538194144336],[1.2589893607196068,41.133404156518225],[1.2587034047468704,41.132990804432474],[1.2587280439734159,41.13292857510226],[1.2587606072974542,41.132868537288765],[1.2588008446176724,41.132811137576894],[1.2588484986926642,41.13275709266681],[1.2589029621655148,41.13270684374042],[1.2589637420108732,41.132661013857096],[1.2590302356456864,41.13261986412191],[1.25910183334925,41.132583925756116],[1.259177691992753,41.132553546304464],[1.2592572113898621,41.13252889683621],[1.2593395460405463,41.13251041493817],[1.2596120324070883,41.13247345897869],[1.2598014647855085,41.132455153941706],[1.259991918985881,41.13244325933016],[1.2601827948664814,41.13243794622225],[1.260373739979904,41.13243902914309],[1.2605645138275756,41.13244659453503],[1.2607546401147305,41.13246063520609],[1.2609436449240128,41.132481053928785],[1.2611314068430648,41.13250793895044],[1.2613172161533854,41.1325410994134],[1.2615009514389024,41.13258062356905],[1.2616821435284131,41.132626234121965],[1.2619445133512222,41.13271522445136],[1.2621660598309765,41.13279368997218],[1.2624623034233504,41.132903817357416],[1.2627725298157668,41.133025864609955],[1.2629312842826617,41.13309113131633],[1.2638818060698775,41.13352287004289],[1.2645657330164874,41.1338814066506],[1.2648974420250891,41.13419671181363],[1.2649362442350416,41.13427043701484],[1.2651898165485662,41.13477957572976],[1.265109799484163,41.13476431872287],[1.264738171038241,41.134693235586184],[1.2646284021442677,41.134672215555284],[1.2644331620969411,41.13463495500795],[1.264303378519242,41.134966365321],[1.2642815014640556,41.13499630068265],[1.2642841859891605,41.13499841285872],[1.2642414490479543,41.1350603706169],[1.2642223063162497,41.13509052732674],[1.264193063964658,41.13514223979668]]],[[[1.272729118835388,41.12946315625121],[1.2726710249602138,41.12953649936926],[1.2726366948691794,41.12952012141066],[1.2725668278387605,41.129452633447315],[1.2725095224522256,41.129430624353915],[1.2724313630939477,41.12941226030579],[1.272118897230046,41.12940332671192],[1.2718722093099504,41.12942034260927],[1.2715957979469463,41.1294714105411],[1.2713923442093105,41.12950240529867],[1.271124563646381,41.12950604216484],[1.2709208925522215,41.129472719449325],[1.2707096398596103,41.12951035151654],[1.2705218478415004,41.12954374168853],[1.2702184916564279,41.12963637650913],[1.2699229830965404,41.129761285095874],[1.2695858402827047,41.12996086985434],[1.2693506299460395,41.13015297792026],[1.2691714771310287,41.13033800139487],[1.2689978278816476,41.13052345138508],[1.2689569111752692,41.13056041377069],[1.2688929841927807,41.13060058912845],[1.2688239903963219,41.13063084402103],[1.2687479956897496,41.13065242482399],[1.2686678007616317,41.13066384145518],[1.268585756035501,41.13066487072712],[1.2685045554841592,41.130655046017644],[1.2684275824526805,41.130635410820965],[1.2683516103931123,41.13060403587203],[1.2665666419740913,41.12949734010613],[1.2660086386187115,41.12900875179724],[1.2653537348459791,41.128445470590364],[1.2646853232386124,41.12787081286529],[1.2640574724682705,41.12733054066152],[1.2634045811747974,41.1267689901255],[1.2632373907142282,41.12662187745136],[1.26304701117036,41.12644671502416],[1.2630146051946765,41.1262752644161],[1.2629569203286988,41.126082174893504],[1.2628569539924752,41.12588430417024],[1.2627383984973202,41.125691197143105],[1.2626245390083064,41.1255549079285],[1.2624381109749352,41.125419505446224],[1.2623038409899972,41.12532542327067],[1.2621345185156245,41.12519640346692],[1.2622311243984392,41.125128773805244],[1.2622797452855916,41.125096449974045],[1.262362105837168,41.12504499887126],[1.262403839860449,41.12502085796008],[1.2624853197683112,41.12498020245312],[1.2625421808907629,41.12495610955224],[1.2626007591957404,41.12493465469552],[1.2626976858759074,41.12490450057771],[1.2627498251975768,41.12489231629175],[1.2628030839851785,41.12488285111047],[1.2628569835730286,41.12487618788758],[1.2629114025186847,41.1248724148652],[1.2633694054981965,41.12485959544457],[1.2634709374116286,41.124858063816454],[1.2635724004720643,41.124859143229024],[1.2636737946915513,41.124862833682805],[1.2637750010078346,41.124869133383086],[1.2638757812845578,41.1248780387407],[1.2639761355334003,41.12488954975694],[1.2640759446915717,41.124903664638666],[1.2641750920696424,41.124920291553536],[1.2642733371563228,41.12493951695349],[1.2643706823354144,41.12496125080209],[1.2644670109154466,41.124985401268304],[1.264546607012524,41.125007137729376],[1.2645919808799355,41.12502565623709],[1.2646248377068234,41.125044526573305],[1.2646605461027418,41.125072717568024],[1.264684172974642,41.12509829449868],[1.2647130002707423,41.125143191552986],[1.264758545875993,41.12530469548047],[1.2647995771684348,41.1254292565628],[1.2648462359997281,41.12555273144045],[1.2648982889932228,41.125674936441136],[1.2649557385486498,41.125795781519244],[1.2650184703612517,41.1259150847953],[1.2650864868281828,41.126032756222465],[1.265159792717515,41.12614861571371],[1.2652380331934565,41.12626256783958],[1.2653214511733537,41.1263744360996],[1.2654096918165283,41.12648412506362],[1.2655027575108988,41.12659154468195],[1.2656005339367484,41.12669651307188],[1.2657029044000632,41.12679893838975],[1.265769225522091,41.12685893603211],[1.265858394366517,41.126929903778674],[1.2659742909534426,41.127005961365874],[1.2660754901745415,41.127061115499785],[1.2661525571198067,41.12709016468221],[1.2662140416513221,41.127107664044736],[1.2662968537540538,41.127124059444725],[1.2663642899871321,41.12712911171502],[1.2664492318912726,41.1271300408016],[1.266541097111912,41.12712016507583],[1.2666225719324142,41.12710129295933],[1.2666833031510332,41.12709310942704],[1.2667449828193476,41.12708962402378],[1.2667860696087287,41.12709006219952],[1.2668270995209123,41.12709266129902],[1.2668678367731256,41.12709732769936],[1.2669079217638137,41.127104146064354],[1.266966755398318,41.127118272368755],[1.2670047977157826,41.12713028429924],[1.2670415995000803,41.12714416912111],[1.267077160753353,41.12715992683567],[1.2671100667519553,41.12717699570901],[1.2671551987930083,41.12720478727245],[1.2671965565029564,41.12723567464822],[1.2673487066179348,41.12736595996256],[1.267545008697041,41.12752510264086],[1.2675957854321667,41.12756928247389],[1.2676447428802229,41.12761469596618],[1.2677366092497107,41.12770903490371],[1.2677794038247545,41.12775777848447],[1.2678201433142606,41.12780766211232],[1.2678587157415204,41.127858413881],[1.267895118734211,41.127910123831896],[1.2679635260279805,41.128013207322894],[1.2680125801272817,41.12807435186661],[1.2680690862242963,41.128130450771934],[1.2681185917789763,41.128173170061835],[1.2681719813881476,41.12821315541801],[1.2682289049151192,41.12825013134603],[1.2682891241969974,41.128284094259804],[1.2683522890927075,41.12831476866501],[1.2684182852521138,41.12834197268821],[1.2684865172644504,41.128365697373006],[1.2685867005083002,41.128394183614525],[1.2686764924080358,41.128408666366745],[1.268782139479844,41.12840745766175],[1.2688844959534449,41.12838691169116],[1.2689674871285077,41.12835380638433],[1.2690381231377574,41.12830920373634],[1.2690955347531783,41.12825413016868],[1.2691362464990834,41.12819132488587],[1.2691607015109883,41.12811807070436],[1.2691608739964995,41.128042714947775],[1.2691440998582706,41.127981528178736],[1.2690931012719233,41.12788138584207],[1.2690446336433525,41.12779463600596],[1.2689927987706184,41.12770909658625],[1.2689374775846727,41.127624765788624],[1.2688786677290875,41.12754173364778],[1.2688166050051426,41.127460093777415],[1.2687512846867306,41.127380026250975],[1.2686154507416056,41.12722260533223],[1.2685963986570832,41.127195116335876],[1.2685823928748192,41.127165991779066],[1.2685738978658785,41.12713568902026],[1.2685711030261975,41.12709700492603],[1.2685771176275604,41.12705854334334],[1.2685881467569071,41.127028714249256],[1.2686044988895298,41.127000316297845],[1.2686320436626406,41.126967582864815],[1.2686663907807592,41.12693891497311],[1.2686983506241503,41.126919488886344],[1.2687426969472868,41.12690015891075],[1.2687908165872421,41.12688683057242],[1.2688412687815371,41.12687993258434],[1.2688822671739464,41.12687919771023],[1.2691956988424158,41.12690588667222],[1.2693614509097835,41.12692215893662],[1.269526627372793,41.126942205454974],[1.2696908733899968,41.1269659308239],[1.2698540699090795,41.12699333325911],[1.270016095511927,41.127024501015946],[1.2701768358763137,41.12705925223291],[1.2703716684931148,41.127106765396526],[1.2705640970157543,41.12715964661794],[1.2710194370616505,41.127097590415644],[1.2712784626402207,41.12706228805013],[1.2713971244991582,41.12718305160276],[1.2714928337592941,41.127271860612005],[1.2715587340512022,41.12732995705426],[1.2717723884520653,41.12742747160604],[1.2718403726798948,41.12746064844191],[1.271934939550541,41.127502240752705],[1.2730058897553715,41.12791994820356],[1.273182171610043,41.12802538208028],[1.27321158756765,41.12803933344445],[1.2732695246010937,41.128072243502295],[1.273344646113797,41.12809542096983],[1.2734567200534659,41.128118499312784],[1.2734759992550044,41.128123102911836],[1.2735032485228293,41.12812882581551],[1.273541001569811,41.12813830826066],[1.2735728936792705,41.12814869456048],[1.2735999529366098,41.1281617106512],[1.2736220612848244,41.128181768431276],[1.2736452872733968,41.12820463527864],[1.2736888092731282,41.128242488534454],[1.2737071264461726,41.128258706330286],[1.273736475356346,41.128275268724835],[1.2737996906994506,41.1283131135639],[1.2738738304076391,41.1283140491164],[1.2732267958210615,41.12895958621147],[1.2730782230283322,41.12910320129922],[1.2730079295081842,41.12916706414794],[1.2729468133427686,41.12922257953],[1.272895955849994,41.12925895470371],[1.272729118835388,41.12946315625121]]],[[[1.2691714771310287,41.13033800139487],[1.2693506299460395,41.13015297792026],[1.2695858402827047,41.12996086985434],[1.2699229830965404,41.129761285095874],[1.2702184916564279,41.12963637650913],[1.2705218478415004,41.12954374168853],[1.2707096398596103,41.12951035151654],[1.2709208925522215,41.129472719449325],[1.271124563646381,41.12950604216484],[1.2713923442093105,41.12950240529867],[1.2715957979469463,41.1294714105411],[1.2718722093099504,41.12942034260927],[1.272118897230046,41.12940332671192],[1.2724048385028441,41.129411501229214],[1.2724464103063924,41.12941598632121],[1.2724550584769672,41.12941782746445],[1.2725095224522256,41.129430624353915],[1.2725588219648822,41.129449558914494],[1.2725740452727252,41.12945960539865],[1.2726366948691794,41.12952012141066],[1.2726931445497407,41.129547052803645],[1.2727238888770505,41.12955580077891],[1.272770970842887,41.12957299057042],[1.272785670639099,41.129584830670716],[1.272836391702532,41.12964495059985],[1.2728356653924915,41.1296453900815],[1.2726372414891942,41.12975257564458],[1.2723520932508336,41.12985963092197],[1.2720175328644197,41.12993838125112],[1.2717531919624894,41.12996522039122],[1.2714872684679455,41.12997519119226],[1.271292974054782,41.129974887142886],[1.2710444449231861,41.1300029528105],[1.2707526381109804,41.13006855983447],[1.2705324335429835,41.13014758160893],[1.2703175369146282,41.13025127308068],[1.2700668946538463,41.130418650511395],[1.2698990317179435,41.13057303914087],[1.269755711322304,41.13074094714658],[1.2695142447113206,41.13103501618378],[1.2699897177586044,41.13161026076628],[1.2691063348409448,41.13221769241478],[1.2691859769635387,41.13228338283843],[1.2692466769794961,41.13236266004976],[1.269301822297638,41.132467434970714],[1.269323437745961,41.13252858814359],[1.269416084248182,41.13260750673739],[1.2695775226043164,41.13272045415253],[1.2696757059520927,41.13276066145722],[1.2699264508769506,41.132879904232524],[1.270009206718807,41.13292690532438],[1.2701994325639636,41.13302344032818],[1.2704954391441328,41.133161286547],[1.2708493993117704,41.13334251740703],[1.2710108821198365,41.13343111629465],[1.270570077773945,41.13395984046495],[1.2701340161322876,41.133975562411045],[1.270006911268756,41.13406909089854],[1.2699290788570972,41.13416177502272],[1.2698914041048852,41.134261536938865],[1.2698558634893198,41.134357654053176],[1.269789765111389,41.13446572706716],[1.2697253246972846,41.134546657526954],[1.2694564282200143,41.13481076779444],[1.2690883149397625,41.13519665524153],[1.268288694422258,41.134985646031765],[1.268120692864229,41.1353303575425],[1.2679015923038122,41.135312290246404],[1.2663852039870895,41.13490845810317],[1.2663648253767443,41.134999289769354],[1.266068070187833,41.13496664599809],[1.2658885946507727,41.134936921307066],[1.2654222023938175,41.1348404535812],[1.2652589013495448,41.13479827099615],[1.2651898165485662,41.13477957572976],[1.2649362442350416,41.13427043701484],[1.2648974420250891,41.13419671181363],[1.2645657330164874,41.1338814066506],[1.2638818060698775,41.13352287004289],[1.2629312842826617,41.13309113131633],[1.2627725298157668,41.133025864609955],[1.2624623034233504,41.132903817357416],[1.2621660598309765,41.13279368997218],[1.2619445133512222,41.13271522445136],[1.2616821435284131,41.132626234121965],[1.2615009514389024,41.13258062356905],[1.2613172161533854,41.1325410994134],[1.2611314068430648,41.13250793895044],[1.2609436449240128,41.132481053928785],[1.2607546401147305,41.13246063520609],[1.2605645138275756,41.13244659453503],[1.260373739979904,41.13243902914309],[1.2601827948664814,41.13243794622225],[1.259991918985881,41.13244325933016],[1.2598014647855085,41.132455153941706],[1.2596120324070883,41.13247345897869],[1.2593395460405463,41.13251041493817],[1.2592572113898621,41.13252889683621],[1.259177691992753,41.132553546304464],[1.25910183334925,41.132583925756116],[1.2590302356456864,41.13261986412191],[1.2589637420108732,41.132661013857096],[1.2589029621655148,41.13270684374042],[1.2588484986926642,41.13275709266681],[1.2588008446176724,41.132811137576894],[1.2587606072974542,41.132868537288765],[1.2587280439734159,41.13292857510226],[1.2587034047468704,41.132990804432474],[1.2589893607196068,41.133404156518225],[1.258715731950122,41.133538194144336],[1.258283146421489,41.13351561951397],[1.2580708035796953,41.13350134500969],[1.2578900245812898,41.13354597357552],[1.2574752950950314,41.1334114330478],[1.2573792623681523,41.133362240449536],[1.2571769856664021,41.133312070553714],[1.2569092589581579,41.13329844470654],[1.2567950800215297,41.133359794863395],[1.2567075430650512,41.13334332740115],[1.256646759608333,41.13335034017227],[1.2565859996490618,41.133370995966935],[1.2565393192853782,41.13336330942286],[1.256441576755207,41.13332922269539],[1.2563949779050432,41.13330734967568],[1.2563574584633104,41.13328453320563],[1.2562487809233882,41.13319551539642],[1.2561820770815828,41.133123076247806],[1.2561540022425155,41.133081036677076],[1.256119345332062,41.1330086323644],[1.256106399405994,41.13297114544626],[1.2560798613504076,41.13285310615638],[1.2560698566890793,41.13275855646781],[1.2557467196583443,41.132899493680846],[1.2556338200737098,41.132933903634814],[1.2554229034697129,41.132998256667314],[1.2554188437107598,41.13299442014254],[1.2553740801575852,41.133006712787584],[1.2553703530577685,41.132998999985745],[1.255311427299981,41.13301522149874],[1.2552079806293095,41.133048062818446],[1.2551225088294147,41.1330859503338],[1.2550465226560454,41.13313417254697],[1.2550307499614142,41.13317261069841],[1.2548963504276418,41.13320871813835],[1.2547431438476617,41.13324743181216],[1.2542495109067502,41.13326890285152],[1.2542368390415903,41.13317170042814],[1.2541658983241533,41.132877252091156],[1.2540992410979834,41.132681860622625],[1.2539227857077404,41.1322107975462],[1.2538475624334082,41.13201950955292],[1.2536979278418818,41.1316243352737],[1.2536477558561558,41.13147675288014],[1.2536034496446604,41.13133709590216],[1.2535738064476227,41.1312150456592],[1.2535457244050454,41.13107905751466],[1.2535308878301183,41.130964707982564],[1.2535261154754898,41.130861680319484],[1.2535275143491438,41.13075505317891],[1.2535344054066297,41.130647968874825],[1.2535451030557403,41.130563551024395],[1.253592522554969,41.130365745619436],[1.2536647177717608,41.13014111333214],[1.2538632534725955,41.12962214108388],[1.253922945178202,41.129334356849334],[1.254079292942283,41.128779885632405],[1.254133954247794,41.12847058721398],[1.2541441973334437,41.128250509940756],[1.2541018315998382,41.127947847358044],[1.2540254825876245,41.12769583197977],[1.253809785911067,41.12724056711391],[1.2536854551630023,41.12695620777931],[1.2536646500516169,41.126887255406295],[1.253541254703695,41.12649581129055],[1.2533206356965618,41.12571890416358],[1.25318173684036,41.12522498969989],[1.2531645499509616,41.12519032048716],[1.2533254058755732,41.12495523312886],[1.2534116691940147,41.1248377328167],[1.253491340419049,41.12478462596289],[1.2535831390057803,41.12475034841307],[1.253703723652384,41.12473109936664],[1.2540917793103283,41.12469221549897],[1.2542378653085453,41.12465912066339],[1.254326322675256,41.12461605462393],[1.2544215933027405,41.12453165740944],[1.2544793941785437,41.124440747304156],[1.2545597006118165,41.124246772462456],[1.2549755088216878,41.12343015057418],[1.2553394812514924,41.12347268541737],[1.2558343162000631,41.12350810341484],[1.256549871549216,41.123561813117604],[1.256806777373965,41.12357660085284],[1.257103053172009,41.12358910141382],[1.2578117452848816,41.123600634508186],[1.258215150161439,41.12358908137178],[1.2586208553106666,41.12356260919019],[1.2590622813927173,41.12351866058469],[1.2598732643975175,41.123396164630975],[1.2604554291958592,41.123304795861834],[1.260829508249611,41.12325793167572],[1.2610213878992145,41.1232361485149],[1.2612802780733374,41.12321186376973],[1.26150997949428,41.123196775853074],[1.261658922631317,41.123190556969504],[1.2618413606035852,41.123187996011175],[1.261928653936409,41.12318877293905],[1.2621822731881034,41.12319719384154],[1.262431896951164,41.12321257974067],[1.2625489230872833,41.12322416336294],[1.262669190625533,41.123239308678556],[1.2629274013241447,41.123276891358],[1.2631439875706632,41.1233164579204],[1.2633860544273803,41.12337451331811],[1.2634105831512772,41.12337488316807],[1.2635147250367498,41.123400773580926],[1.263859423167449,41.123492351887656],[1.2642946087146383,41.12361321967862],[1.2642405422167218,41.12372067115848],[1.264003655531477,41.123800419990005],[1.263741445623509,41.123728818528235],[1.2636216124269808,41.12371107141057],[1.2635072596753496,41.123700066928805],[1.2633696539779697,41.123697452573545],[1.2632380862867685,41.123705052610504],[1.2631650741404632,41.12371382558734],[1.2630746353212634,41.12372840494511],[1.2629635108108062,41.123752308451394],[1.2628325189566108,41.12379176535084],[1.262728576538791,41.12383289657097],[1.2626472909283621,41.12387076287788],[1.2619361240841196,41.12427329593316],[1.2618446503322749,41.12458429476203],[1.2620848115841552,41.12514800386324],[1.2621333607059992,41.12519721378334],[1.2621345185156245,41.12519640346692],[1.2623038409899972,41.12532542327067],[1.2624381109749352,41.125419505446224],[1.2626245390083064,41.1255549079285],[1.2627383984973202,41.125691197143105],[1.2628569539924752,41.12588430417024],[1.2629569203286988,41.126082174893504],[1.2630146051946765,41.1262752644161],[1.26304701117036,41.12644671502416],[1.2632271630883698,41.12661246713872],[1.2632365827459664,41.12662116628732],[1.2634045811747974,41.1267689901255],[1.2640574724682705,41.12733054066152],[1.2646853232386124,41.12787081286529],[1.2653537348459791,41.128445470590364],[1.2660086386187115,41.12900875179724],[1.2665666419740913,41.12949734010613],[1.2683516103931123,41.13060403587203],[1.2684275824526805,41.130635410820965],[1.2685045554841592,41.130655046017644],[1.268585756035501,41.13066487072712],[1.2686678007616317,41.13066384145518],[1.2687479956897496,41.13065242482399],[1.2688239903963219,41.13063084402103],[1.2688929841927807,41.13060058912845],[1.2689569111752692,41.13056041377069],[1.2689978278816476,41.13052345138508],[1.2691714771310287,41.13033800139487]]],[[[1.2700572358401858,41.126070636946146],[1.270181519009664,41.12617660763222],[1.2703024354157681,41.126284782192904],[1.2704533049442346,41.126433136632144],[1.2706183877829618,41.126615015758105],[1.2710194370616505,41.127097590415644],[1.2705640970157543,41.12715964661794],[1.2703716684931148,41.127106765396526],[1.2701768358763137,41.12705925223291],[1.270016095511927,41.127024501015946],[1.2698540699090795,41.12699333325911],[1.2696908733899968,41.1269659308239],[1.269526627372793,41.126942205454974],[1.2693614509097835,41.12692215893662],[1.2691956988424158,41.12690588667222],[1.2688822671739464,41.12687919771023],[1.2688412687815371,41.12687993258434],[1.2687908165872421,41.12688683057242],[1.2687426969472868,41.12690015891075],[1.2686983506241503,41.126919488886344],[1.2686663907807592,41.12693891497311],[1.2686320436626406,41.126967582864815],[1.2686044988895298,41.127000316297845],[1.2685881467569071,41.127028714249256],[1.2685771176275604,41.12705854334334],[1.2685711030261975,41.12709700492603],[1.2685738978658785,41.12713568902026],[1.2685823928748192,41.127165991779066],[1.2685963986570832,41.127195116335876],[1.2686154507416056,41.12722260533223],[1.2687512846867306,41.127380026250975],[1.2688166050051426,41.127460093777415],[1.2688786677290875,41.12754173364778],[1.2689374775846727,41.127624765788624],[1.2689927987706184,41.12770909658625],[1.2690446336433525,41.12779463600596],[1.2690931012719233,41.12788138584207],[1.2691378467717136,41.12796925069042],[1.2691467956776963,41.127991363423185],[1.2691561442841912,41.128025462105846],[1.2691608345669392,41.128060031228586],[1.2691607545386234,41.12809479888473],[1.2691531123825432,41.128140802312984],[1.2691418624485216,41.12817450135266],[1.26912599439566,41.12820714016386],[1.2691057558468648,41.12823836216714],[1.2690812753457192,41.12826780899299],[1.269052800518074,41.128295124061495],[1.2690208124191367,41.12832013445015],[1.2689855610453749,41.12834239353984],[1.2689474060078474,41.12836181665792],[1.2689067140203603,41.128378049014415],[1.2688640828588411,41.12839100951726],[1.268804801659816,41.128402909055545],[1.268759287424484,41.12840771945391],[1.2686980372225976,41.12840842006918],[1.2686522692020081,41.128404759583084],[1.2686073103764353,41.12839750825343],[1.2685567540630798,41.12838566901738],[1.2684865172644504,41.128365697373006],[1.2684182852521138,41.12834197268821],[1.2683522890927075,41.12831476866501],[1.2682891241969974,41.128284094259804],[1.2682289049151192,41.12825013134603],[1.2681719813881476,41.12821315541801],[1.2681185917789763,41.128173170061835],[1.2680690862242963,41.128130450771934],[1.268023576697469,41.12808526946144],[1.2680025127646002,41.12806180347946],[1.2679635260279805,41.128013207322894],[1.267895118734211,41.127910123831896],[1.2678587157415204,41.127858413881],[1.2678201433142606,41.12780766211232],[1.2677794038247545,41.12775777848447],[1.2677366092497107,41.12770903490371],[1.2676447428802229,41.12761469596618],[1.2675957854321667,41.12756928247389],[1.267545008697041,41.12752510264086],[1.2673487066179348,41.12736595996256],[1.2671965565029564,41.12723567464822],[1.2671551987930083,41.12720478727245],[1.2671100667519553,41.12717699570901],[1.267077160753353,41.12715992683567],[1.2670415995000803,41.12714416912111],[1.2670047977157826,41.12713028429924],[1.266966755398318,41.127118272368755],[1.2669079217638137,41.127104146064354],[1.2668678367731256,41.12709732769936],[1.2668270995209123,41.12709266129902],[1.2667860696087287,41.12709006219952],[1.2667449828193476,41.12708962402378],[1.2666833031510332,41.12709310942704],[1.2666225719324142,41.12710129295933],[1.2665597671543538,41.12711584055836],[1.2665169379649404,41.12712276220653],[1.2664735726349634,41.127127423899864],[1.2664299093258113,41.12712982922257],[1.2663642899871321,41.12712911171502],[1.2663206569448306,41.12712584274209],[1.2662775618587276,41.12712023990694],[1.2662140416513221,41.127107664044736],[1.2661525571198067,41.12709016468221],[1.2660938156333497,41.12706802269633],[1.266056389728656,41.12705070533509],[1.265996730199572,41.12701819088109],[1.265956031285965,41.126993978527565],[1.2658779245360743,41.12694272093878],[1.2658405167004934,41.12691567570579],[1.265769225522091,41.12685893603211],[1.2657029044000632,41.12679893838975],[1.2656005339367484,41.12669651307188],[1.2655027575108988,41.12659154468195],[1.2654096918165283,41.12648412506362],[1.2653214511733537,41.1263744360996],[1.2652380331934565,41.12626256783958],[1.265159792717515,41.12614861571371],[1.2650864868281828,41.126032756222465],[1.2650184703612517,41.1259150847953],[1.2649557385486498,41.125795781519244],[1.2648982889932228,41.125674936441136],[1.2648462359997281,41.12555273144045],[1.2647995771684348,41.1254292565628],[1.264758545875993,41.12530469548047],[1.2647130002707423,41.125143191552986],[1.264684172974642,41.12509829449868],[1.2646605461027418,41.125072717568024],[1.2646248377068234,41.125044526573305],[1.2645919808799355,41.12502565623709],[1.264546607012524,41.125007137729376],[1.2644670109154466,41.124985401268304],[1.2643706823354144,41.12496125080209],[1.2642733371563228,41.12493951695349],[1.2641750920696424,41.124920291553536],[1.2640759446915717,41.124903664638666],[1.2639761355334003,41.12488954975694],[1.2638757812845578,41.1248780387407],[1.2637750010078346,41.124869133383086],[1.2636737946915513,41.124862833682805],[1.2635724004720643,41.124859143229024],[1.2634709374116286,41.124858063816454],[1.2633694054981965,41.12485959544457],[1.2629114025186847,41.1248724148652],[1.2628569835730286,41.12487618788758],[1.2628030839851785,41.12488285111047],[1.2627498251975768,41.12489231629175],[1.2626976858759074,41.12490450057771],[1.2626007591957404,41.12493465469552],[1.2625421808907629,41.12495610955224],[1.2624853197683112,41.12498020245312],[1.262403839860449,41.12502085796008],[1.262362105837168,41.12504499887126],[1.2622797452855916,41.125096449974045],[1.2622311243984392,41.125128773805244],[1.2621345185156245,41.12519640346692],[1.2621265782653837,41.12519033871935],[1.2620848115841552,41.12514800386324],[1.2618446503322749,41.12458429476203],[1.2619361240841196,41.12427329593316],[1.2626472909283621,41.12387076287788],[1.262728576538791,41.12383289657097],[1.2628121176187117,41.12379983818967],[1.2628544347996022,41.1237851637542],[1.262941007833945,41.12375908676785],[1.2629850255467236,41.12374768062404],[1.2630746353212634,41.12372840494511],[1.2631650741404632,41.12371382558734],[1.2632103639290064,41.1237083834761],[1.263255863360525,41.1237040254059],[1.2633473673405684,41.12369873966975],[1.2633931313753264,41.123697898451795],[1.2634849264395136,41.1236996428288],[1.2635305978833506,41.12370231307689],[1.2636216124269808,41.12371107141057],[1.263711672423519,41.12372440909641],[1.2637561203218182,41.123732825596036],[1.264003655531477,41.123800419990005],[1.2642405422167218,41.12372067115848],[1.2642946280034777,41.12361321096178],[1.2647841037786887,41.12375239120265],[1.2661645168516749,41.12414022185765],[1.26689192859601,41.12434999772616],[1.2669909727071358,41.12438416993591],[1.26709409290997,41.12441735852271],[1.2674466364933834,41.12454042982822],[1.2678655821274458,41.124701716740084],[1.2681996967383027,41.12485804613432],[1.2684059232120177,41.12496075792485],[1.268609606438893,41.12506974625875],[1.2687791831250326,41.12516437706487],[1.269081413296574,41.12534984212569],[1.2692237269462106,41.125442374537656],[1.269292342568423,41.12548893036299],[1.2694456005249157,41.125598419608274],[1.2695803521466809,41.12569824840813],[1.2697646670540788,41.125838001491246],[1.2699296558199944,41.12596692972259],[1.2700572358401858,41.126070636946146]]],[[[1.2620198775135192,41.14092071600582],[1.2619642394981823,41.14091600312942],[1.2615714112551706,41.14096519953726],[1.2614067470017407,41.140978656947894],[1.2612066434948712,41.14095798124881],[1.2607735026395055,41.14074578249059],[1.2607221193591887,41.140680621202186],[1.2602530796692695,41.140061029669845],[1.2582578770936088,41.13729846014646],[1.2587085066805634,41.13726140821789],[1.258762928928163,41.1372669149446],[1.2589174563461458,41.13725799189538],[1.2588928317933021,41.13719799025202],[1.258861702143185,41.13710014901118],[1.2588415056173756,41.13701688498796],[1.2588267708696355,41.136934334058616],[1.2588165832215588,41.136851041202995],[1.2588115595684124,41.136766205077855],[1.258812154847159,41.136685146961916],[1.258817635413701,41.13660857635969],[1.2588281227167057,41.13653190130329],[1.2588447886201657,41.1364513563762],[1.2588484591254627,41.13645222254073],[1.2589211493228236,41.13633009947425],[1.2589699965269145,41.13620401292824],[1.259037712691808,41.1360582150444],[1.259082014961244,41.13595079525145],[1.2591298973499554,41.13588369289755],[1.2592025345023796,41.135822098959046],[1.2592585200175441,41.13577745753051],[1.2593462651942071,41.13572122610869],[1.2595236347182148,41.13563230092911],[1.2596173385835672,41.13571118116585],[1.2596640072347534,41.135753050499964],[1.259684098496569,41.135763712686554],[1.2598028883088035,41.135691376312145],[1.2599075156223363,41.13563648044759],[1.260017573553643,41.13558797175678],[1.260155194223867,41.135537897719516],[1.2602492580820115,41.135508513215946],[1.2603917709976753,41.135467159959596],[1.2606316296810105,41.13540295664888],[1.2608500682939021,41.135351310036654],[1.2609726282634388,41.13532559794661],[1.2610713031348646,41.13530655089922],[1.2612448487770633,41.13527656417637],[1.2614444874864186,41.13524652072301],[1.261619983893469,41.13522385892499],[1.2617963283216242,41.13520517294098],[1.2619733945780398,41.13519073108659],[1.2621509516421578,41.135180259648706],[1.2623287589837808,41.1351738450708],[1.2625068237652237,41.13517121723582],[1.2626849173369474,41.13517201239525],[1.2628374228990202,41.13517629452265],[1.2629389045023305,41.13518178850364],[1.2632174136399428,41.135201391697],[1.2635489518820555,41.13521152528211],[1.2637006698020832,41.135223090435076],[1.2638251043391446,41.135243701920444],[1.2638483780535488,41.13525116867344],[1.2638581447498944,41.13525430188135],[1.2638696631727595,41.13526175805549],[1.2639276477580514,41.13529929253039],[1.2639896479650343,41.13533364482106],[1.2640360479154444,41.13534965692828],[1.2640858924631533,41.135284743847585],[1.2641209104071225,41.13522636286402],[1.264193063964658,41.13514223979668],[1.2642223063162497,41.13509052732674],[1.2642414490479543,41.1350603706169],[1.2642841859891605,41.13499841285872],[1.2642815014640556,41.13499630068265],[1.264303378519242,41.134966365321],[1.2644331620969411,41.13463495500795],[1.2646284021442677,41.134672215555284],[1.264738171038241,41.134693235586184],[1.265109799484163,41.13476431872287],[1.2651898165485662,41.13477957572976],[1.2652589013495448,41.13479827099615],[1.2654222023938175,41.1348404535812],[1.2658885946507727,41.134936921307066],[1.266068070187833,41.13496664599809],[1.2663327469528916,41.134995761455606],[1.26630998288727,41.13509107804722],[1.266290404227175,41.13517401228476],[1.2662810266975102,41.13521341388422],[1.2662469501483433,41.13536278509447],[1.2662284874084127,41.13545762596894],[1.2662065603685837,41.13554376751961],[1.2662042938856084,41.13555292101148],[1.266163376336953,41.13574488457497],[1.266163103092018,41.135750735312584],[1.2661616491186858,41.13578332044063],[1.2661554329246185,41.135829345067705],[1.2661636113582335,41.1359666518609],[1.2661352678748787,41.13607926880537],[1.2661094007259275,41.13620642503827],[1.2660917532217197,41.1363110062096],[1.2660788599777621,41.13641601925436],[1.2660781674340253,41.136442310617916],[1.2660537606570534,41.13659543030822],[1.2660387643842042,41.13670338414223],[1.2660298390723146,41.13680701572234],[1.2660265166967877,41.13687434151428],[1.266012256942365,41.136945285761314],[1.2659962203354767,41.13703845168239],[1.266012812677436,41.13703726031201],[1.2660573215056934,41.137039191494324],[1.266079411760935,41.13704186602519],[1.2661225493810657,41.13705062220833],[1.266163786727545,41.13706367334807],[1.2662019328428076,41.13708100151659],[1.2662365184604094,41.13710232942873],[1.2662666002968248,41.137127282588615],[1.2662799406708296,41.13714099461002],[1.2663025199783413,41.137170338546795],[1.2663194424762994,41.13720184918788],[1.2663258041246435,41.13721815838562],[1.2663336254921347,41.1372514235848],[1.266335003781826,41.13728504216427],[1.2663301914064133,41.13731847747656],[1.2663190858598428,41.137351097455316],[1.2663021824932388,41.1373821889587],[1.266279614625988,41.137411213543636],[1.266251758516708,41.13743745627427],[1.2662193382321565,41.13746056774882],[1.2661829634881516,41.13748001669521],[1.2661433607291954,41.137495363673615],[1.2661012516592263,41.13750634932262],[1.2660574770814819,41.13751271607491],[1.2660127492162296,41.13751456472703],[1.2659682685324147,41.13751155305457],[1.265925235499819,41.13750333883531],[1.2658624503428708,41.137485099120205],[1.265839952843369,41.13748430998161],[1.2658177941473179,41.13748875026782],[1.2657988468145092,41.13749792278725],[1.2657843184195134,41.13751121520349],[1.265656806711493,41.137652423546356],[1.265465663428553,41.1378436556105],[1.2653875511200499,41.13792777975765],[1.2653394367297257,41.1379857836879],[1.265282327176828,41.13805959530781],[1.2652279235319381,41.1381347087024],[1.265186762084212,41.138195609612545],[1.2651286750378088,41.138288412166396],[1.2650840660293037,41.13836709587139],[1.2650348375213332,41.138462824136575],[1.264989751224859,41.13855960560356],[1.2649493955312932,41.13865771936546],[1.2649201692733834,41.138740417885764],[1.2649004169904075,41.13880722585916],[1.2648864815567176,41.13887484206408],[1.2648214717502686,41.13886863825658],[1.2645803693149833,41.13905650387868],[1.2644977938921171,41.13912452686389],[1.2644173217387882,41.139194112753465],[1.26430191334345,41.13930082322024],[1.2642207035424229,41.13938480978223],[1.2641732755137063,41.139443814366864],[1.264134232308127,41.13950564755261],[1.2641044029001698,41.13957050199235],[1.2640448350270657,41.13973741301197],[1.2639569901599468,41.13996902164337],[1.2639141431839978,41.14010276697924],[1.2638575688878235,41.140305212386025],[1.2637335987960252,41.14079055666213],[1.2636457715702043,41.14087687503106],[1.2635769016071512,41.140944653588576],[1.2634669294569694,41.141052886327245],[1.2633793014074564,41.14113614495487],[1.262193213673742,41.14093531168132],[1.2620198775135192,41.14092071600582]]],[[[1.2745721644187085,41.13788893519243],[1.274506822767658,41.138009016553795],[1.2746121411823244,41.138136518834656],[1.2748213602401004,41.13834565386816],[1.2748609830476487,41.13838858249975],[1.2749460773265975,41.13849677576827],[1.275111980583181,41.13869030904527],[1.2751677949955684,41.13877464419529],[1.2751897279665403,41.138801544706304],[1.2752404098560843,41.13884986316629],[1.2753645420433937,41.138950624121705],[1.2752261996274008,41.139128431380456],[1.2749979284450115,41.13944153472458],[1.2749099391662466,41.139548306302274],[1.274838609667075,41.13965586782171],[1.274792432151547,41.13973570279751],[1.274741436276455,41.13993571520345],[1.2744909645190277,41.14070002896916],[1.2742604517912695,41.14123459061274],[1.2738537302856692,41.14111869418091],[1.2725724967880914,41.14063758054004],[1.2725833214812252,41.140629185819414],[1.2725922688778089,41.14061968204385],[1.2725989816683623,41.14060906385431],[1.2726078071184894,41.140586047057134],[1.2726100866159455,41.140562751924854],[1.2726035335773265,41.14054004490635],[1.2725739917724994,41.140485286802516],[1.272566121531198,41.14046283024784],[1.2725623267890762,41.14043944400364],[1.272558627064847,41.14038065986279],[1.272554946705523,41.14035745548308],[1.2725162289763516,41.140243741004085],[1.2725107644635683,41.14022041978516],[1.2725099950364087,41.14020887869328],[1.2725108930439635,41.14019736261326],[1.2725173269630357,41.14017467024626],[1.2725786557377514,41.14005335892131],[1.2725921691050965,41.14001969356071],[1.2725946201486051,41.140008020625146],[1.27259512018153,41.13998442857607],[1.2725931620832578,41.13997277958005],[1.272585413355746,41.13995023477315],[1.2725732318653205,41.13992861429649],[1.2725581706675795,41.139907761295184],[1.2724994652989676,41.139838333927145],[1.2724511029529635,41.139792481083006],[1.2724079073881065,41.13975859557583],[1.2723611799286005,41.13972762953111],[1.2723107872912007,41.13970012139287],[1.272187457434664,41.13965062166617],[1.2721481431950055,41.13963228712758],[1.2721122678209866,41.13961004088809],[1.2720664168654916,41.13957746653183],[1.272052597838152,41.139572845533124],[1.2720369048312314,41.13957152917594],[1.2720209050704838,41.13957282037788],[1.2720056870129082,41.139576104948354],[1.2719778933031283,41.13958640679141],[1.271938541467348,41.13960581288218],[1.2719245885975665,41.13961082784392],[1.2719097467430571,41.1396133974497],[1.271894123186614,41.13961397368213],[1.2718001134849073,41.13960950043859],[1.2717697813563624,41.13961210779632],[1.2717548085736643,41.13961512579034],[1.2717402814599712,41.13961932144061],[1.271712471142355,41.139630253492136],[1.271648918255183,41.13966379830522],[1.2715949342269437,41.13968685788953],[1.2715831945894926,41.13969379759311],[1.2715628695715353,41.13971006627691],[1.2715391026812213,41.13973943419268],[1.2714927952006565,41.13983313736379],[1.2714405253944756,41.13992702124657],[1.2714096984784207,41.139971145476686],[1.2713757314374272,41.14001234017701],[1.2713481696371656,41.1400410205669],[1.271318763664433,41.14006733132798],[1.2712875158853287,41.140091182419845],[1.2712430722382366,41.1401184384016],[1.2712074829921505,41.14013519848124],[1.2711697041016692,41.14014913336619],[1.2711147200629649,41.14016488166594],[1.2709641506614815,41.140199821974974],[1.2709272637047846,41.14020701457586],[1.270893329816182,41.14021064851914],[1.2708784443827383,41.14021033494929],[1.2708653904297178,41.140208337458915],[1.2708545370926116,41.14020421121808],[1.2708462464101857,41.14019778151407],[1.2708405231135,41.14018886826941],[1.2708369933365402,41.14017809639306],[1.2708297593401512,41.14014051674124],[1.2708206079974809,41.14011695993825],[1.270770074224042,41.14004495215557],[1.2707593367385055,41.14002281272453],[1.2707560641119615,41.14001132410985],[1.2707544138713878,41.13998797000826],[1.2707589545668156,41.13996479894098],[1.2707935936783514,41.13988443206178],[1.2707093836288084,41.13982894269261],[1.2707560979435213,41.139778751986164],[1.2706092661885373,41.139163589420555],[1.2709551052940333,41.13847592826622],[1.2709512292711738,41.138460197087824],[1.2709502139959836,41.138444418784964],[1.270953488656689,41.138428614815204],[1.2709602077299333,41.13841322285682],[1.2709747123418267,41.13839173263671],[1.2710137250131042,41.13834439864271],[1.271029990738709,41.138314828138405],[1.2710372775724519,41.13829142805689],[1.2710399242742423,41.13826777816368],[1.271034604364725,41.13821176195048],[1.2708492864685903,41.13810467321416],[1.270520332936269,41.137895804695646],[1.2705511077334606,41.137617846152104],[1.27078082232396,41.1373954784455],[1.270683078130084,41.13728384948059],[1.270606117248823,41.13720198693674],[1.2705516257816531,41.137149195579184],[1.2704307208098864,41.13703938038184],[1.270388805770167,41.1369976768524],[1.2703750441453558,41.13697729345279],[1.2703636746487128,41.13693388686904],[1.270356778048778,41.13691522791407],[1.270333971394313,41.136876333436504],[1.270293670220011,41.13682762828818],[1.2702010803610009,41.13673301035964],[1.2704500742377722,41.13642977558547],[1.2705213236747952,41.13634806697215],[1.2705860464382819,41.13627896083052],[1.270622180871351,41.13623230432448],[1.270640765172424,41.136223305702096],[1.2706646906500287,41.13621961161011],[1.2706762224157317,41.13622509917534],[1.2707036469316917,41.13626055001783],[1.270715548647152,41.13627009649375],[1.2707300436154454,41.1362761689957],[1.2707465150708468,41.13627956893376],[1.2707823627481827,41.13628010719169],[1.2708177332117407,41.13627613454048],[1.270849873072243,41.1362681500879],[1.2708730192272983,41.136258973116774],[1.2708994226508061,41.13623691753061],[1.270908283683207,41.13622615153586],[1.2709221394565942,41.13620212948073],[1.2709271223730092,41.13618932361664],[1.2709336533632436,41.13616293972098],[1.2709416278708174,41.136086135687215],[1.2709509485348638,41.13606240583809],[1.2709586327759068,41.13605108172323],[1.2709684418015423,41.136040510105346],[1.2709802375963282,41.136031409508945],[1.2709937748757825,41.1360240464751],[1.2710384565369837,41.13601030533217],[1.2710103569033724,41.13598241070387],[1.2709896112662908,41.13596030117964],[1.2709721837388714,41.135938871990064],[1.2709392602463503,41.135895051781475],[1.2709213492787161,41.135873885549934],[1.270901387699862,41.13585367934933],[1.2708586804691198,41.13581493655537],[1.2708377543461518,41.135795166234985],[1.270811065098572,41.135768013331486],[1.27078498317056,41.13574041916737],[1.2707668009916502,41.135720509884834],[1.2703089019934908,41.13549529259694],[1.269884154675778,41.135395955460844],[1.2697044024461666,41.13535398239806],[1.2696519690130221,41.135345358115345],[1.2693590085286184,41.135268085684686],[1.2690883149397625,41.13519665524153],[1.2694564282200143,41.13481076779444],[1.2697253246972846,41.134546657526954],[1.269789765111389,41.13446572706716],[1.2698558634893198,41.134357654053176],[1.2698914041048852,41.134261536938865],[1.2699290788570972,41.13416177502272],[1.269996847263101,41.134081074582284],[1.2700544723784553,41.134034093421114],[1.270109346930705,41.1339937157247],[1.2701764742368162,41.13397711620304],[1.2702018628208465,41.13397311630633],[1.270570077773945,41.13395984046495],[1.2709904509950734,41.1334556233425],[1.271012906857037,41.133432227587996],[1.2708493993117704,41.13334251740703],[1.2704954391441328,41.133161286547],[1.2701994325639636,41.13302344032818],[1.270009206718807,41.13292690532438],[1.2699264508769506,41.132879904232524],[1.2696757059520927,41.13276066145722],[1.2695775226043164,41.13272045415253],[1.269416084248182,41.13260750673739],[1.269323437745961,41.13252858814359],[1.269301822297638,41.132467434970714],[1.2692466769794961,41.13236266004976],[1.2691859769635387,41.13228338283843],[1.2691063348409448,41.13221769241478],[1.2699897177586044,41.13161026076628],[1.2695142447113206,41.13103501618378],[1.269755711322304,41.13074094714658],[1.2698990317179435,41.13057303914087],[1.2700668946538463,41.130418650511395],[1.2703175369146282,41.13025127308068],[1.2705324335429835,41.13014758160893],[1.2707526381109804,41.13006855983447],[1.2710444449231861,41.1300029528105],[1.271292974054782,41.129974887142886],[1.2714872684679455,41.12997519119226],[1.2717531919624894,41.12996522039122],[1.2720175328644197,41.12993838125112],[1.2723520932508336,41.12985963092197],[1.2726372414891942,41.12975257564458],[1.2728364194558708,41.12964498254223],[1.272956325280833,41.12970561300235],[1.273074517499825,41.129727300840706],[1.2732888032007001,41.129727532298716],[1.273402156342641,41.12973069093013],[1.2734754760980007,41.12973587949426],[1.27357939937523,41.12974656194934],[1.2736843036804226,41.129764356907415],[1.2738560762325757,41.1298016823796],[1.2740199787999686,41.12985020304483],[1.2741405588551276,41.12989898403681],[1.2741785559862742,41.12991374020779],[1.274525061427173,41.13009641541258],[1.2748993933864916,41.13029744928316],[1.275184272217834,41.13044979899638],[1.2755033989036493,41.130622765513195],[1.2757753561615972,41.13080280743372],[1.2758873673991766,41.130899594272165],[1.2759978913854726,41.13103226254039],[1.2761901457127813,41.1313048962011],[1.276265236652096,41.13137264841456],[1.276390815272705,41.131452280417925],[1.2766042548642216,41.131533749510275],[1.276994483629168,41.131701939016196],[1.277356617943406,41.13185436725085],[1.277656055093412,41.13198214004784],[1.2777604576185466,41.132060282900625],[1.2778507550449647,41.13215663503107],[1.2778965000649603,41.13221913736932],[1.2779097437711882,41.1322803250209],[1.2779209210847406,41.13235765919924],[1.2779071208704706,41.13245848069715],[1.2778170222465246,41.13272477255404],[1.2777339077038534,41.132957687984],[1.2776373125071354,41.13321586586785],[1.2775947191576196,41.133334334701374],[1.277506442121987,41.133576441419585],[1.2774087099230518,41.1338447625024],[1.2773059632883619,41.134135310983595],[1.2772436342261924,41.1343350110883],[1.2772154324598604,41.134404271030775],[1.277163063497925,41.13451972906534],[1.2770988743472338,41.13469578365809],[1.2770846796127098,41.134778376994134],[1.2770379615148622,41.13487000466242],[1.2770079060618682,41.134934507891295],[1.2768945485667191,41.13505087284531],[1.2767532466187617,41.13518611355652],[1.2766804682056747,41.135236916588426],[1.2765247940700923,41.135304466985765],[1.2764048403530448,41.135341439966645],[1.2762477965260297,41.135361635229145],[1.2758966680803223,41.13535106479282],[1.2756428367671808,41.135343418344505],[1.2754148880044862,41.135342851472494],[1.2753392485233706,41.13534410575068],[1.2752016332585567,41.13536123074521],[1.2751367390321777,41.13537935467282],[1.2750270295974826,41.13543545838062],[1.2749754598573015,41.13546386114901],[1.2749040218185295,41.13552073614364],[1.2748289506925155,41.135615766354945],[1.274795879664538,41.135722955247516],[1.274781213787062,41.135862954820745],[1.2747964740166093,41.135969399493845],[1.2748048967801884,41.13615126035467],[1.2748293169245282,41.136349619329245],[1.2748462838578198,41.13653596778122],[1.2748643805415285,41.13669012244409],[1.2748690004852399,41.13695299352331],[1.2748217431925926,41.137151386677566],[1.27476595104243,41.137328106088624],[1.2747152257915069,41.137477869965956],[1.2747113642527705,41.13750064604422],[1.2746505636319636,41.13768705444842],[1.274626896683527,41.137779053430464],[1.2745721644187085,41.13788893519243]]]]}},{"type":"Feature","id":"431482--zone--torreforta-i-barris-adjacents","properties":{"name":"Torreforta i barris adjacents","officialName":"Torreforta i barris adjacents","municipality":"Tarragona","kind":"zone","quality":"official","code":"6"},"geometry":{"type":"MultiPolygon","coordinates":[[[[1.270083000262181,41.15932655826417],[1.2697837512758021,41.159367809306474],[1.2695069549643283,41.15940770358486],[1.269293352341255,41.15943160310438],[1.2691360834077585,41.1594444889011],[1.2689343528306762,41.15944315173181],[1.2686497955951574,41.159437181235084],[1.2683743806617458,41.159424570321605],[1.2680857876376121,41.159401594764645],[1.2677772491781358,41.159369846964694],[1.2674217412382978,41.15933400306026],[1.2670976952339106,41.159295242925864],[1.2667399905952528,41.159257670464235],[1.2663910716984663,41.15922700544921],[1.2660445280424464,41.159191293151515],[1.2657607315581236,41.15915652391312],[1.2655170939340674,41.15912913515814],[1.2654120817453196,41.15911569420117],[1.2652982363790422,41.159104668285764],[1.2652872297079578,41.158714911318],[1.2652755267076259,41.15840397867097],[1.2654303134925693,41.15840063565066],[1.2656762842906004,41.1583788494223],[1.266391138271268,41.15835628603941],[1.2666213658405705,41.158352996235934],[1.2668596888141446,41.15834100052938],[1.2671005826080237,41.15834903951474],[1.2673469411741056,41.15836679817347],[1.2678518306685205,41.158410783845085],[1.268403715671356,41.15840809489881],[1.2686120913203867,41.15840186036363],[1.2688823864285907,41.158397727270824],[1.2693589884802938,41.158384444182005],[1.269515762597902,41.158382566721656],[1.2696823673845725,41.15837849483179],[1.2697519375224195,41.158560949885825],[1.269785920518484,41.158641896870634],[1.2698094738707815,41.1586889092658],[1.270083000262181,41.15932655826417]]],[[[1.271279028134044,41.15790328326059],[1.2710985190039035,41.15913918556437],[1.2708712075349096,41.15919098809129],[1.2706482847189082,41.1592283054677],[1.2703825618747318,41.15927345014992],[1.270083000262181,41.15932655826417],[1.2698094738707815,41.1586889092658],[1.269785920518484,41.158641896870634],[1.2697519375224195,41.158560949885825],[1.2696823673845725,41.15837849483179],[1.269515762597902,41.158382566721656],[1.2693589884802938,41.158384444182005],[1.2688823864285907,41.158397727270824],[1.2686120913203867,41.15840186036363],[1.268403715671356,41.15840809489881],[1.2678518306685205,41.158410783845085],[1.2673469411741056,41.15836679817347],[1.2671005826080237,41.15834903951474],[1.2668596888141446,41.15834100052938],[1.2666213658405705,41.158352996235934],[1.266391138271268,41.15835628603941],[1.2656762842906004,41.1583788494223],[1.2654303134925693,41.15840063565066],[1.2652755267076259,41.15840397867097],[1.2652872297079578,41.158714911318],[1.2652981391179339,41.15910121607433],[1.2645556772644697,41.15903163570845],[1.2639672487767684,41.15898718955246],[1.263832726083907,41.15898770333618],[1.2636847576902341,41.15898801512669],[1.2635700222915112,41.159003228036],[1.26343283382089,41.15901979742898],[1.263327375113766,41.15902329081137],[1.2632117861663141,41.15898596817483],[1.2630628503429535,41.15893797665152],[1.2629607508966514,41.15889916293625],[1.2628892643757752,41.15888961308809],[1.2628284905455234,41.15889886207406],[1.2627717076944494,41.15892680940717],[1.2627144774784387,41.15897169203425],[1.262656664428725,41.15903859170272],[1.2626263254205428,41.15908387999354],[1.262591548015572,41.15912740701327],[1.2625363347567529,41.15918079146609],[1.2624974332537395,41.15921070185369],[1.2624411994281677,41.15925015348416],[1.2623725277303077,41.159271506134466],[1.2622780496412451,41.15928363573163],[1.2622665319691975,41.159213839913875],[1.2622654323184066,41.15918120922584],[1.2622838974803228,41.15907623428052],[1.2622998155684588,41.15899345663075],[1.2624107428058216,41.15872977166616],[1.2624298375726881,41.15867520905586],[1.2624287378405439,41.158642578365026],[1.2623968901941935,41.158511642319574],[1.262330336225766,41.158357945911945],[1.262281235295918,41.15828604718358],[1.2622057072322794,41.158249328067775],[1.262190258253537,41.15824181782397],[1.2621848047090598,41.15822381074001],[1.2621649592882134,41.15815828395027],[1.2621684863322662,41.158099038570725],[1.2622029117270497,41.15798392702067],[1.2622753304874474,41.15776709952862],[1.2623179907234643,41.157637287775074],[1.262333554846263,41.15756784656382],[1.2623497855817882,41.157473215321495],[1.2623706024479373,41.15735345048806],[1.2624103618009506,41.15725917336619],[1.2624534936768728,41.157185701136726],[1.2625538372380118,41.15709975120416],[1.2626739059729866,41.15700965000454],[1.2628213844475826,41.156921445696135],[1.2629160454998345,41.15690211965279],[1.2629729831419128,41.156900013283426],[1.2630435677202025,41.15690107797877],[1.2631084415182976,41.15686751299528],[1.2631095228815508,41.156854634266715],[1.2631123837687688,41.1568205806866],[1.263113596760496,41.156774643066626],[1.2630932812628874,41.15672689810612],[1.2630666146980192,41.156696847023646],[1.2630149674557836,41.156647146830984],[1.2628724990094538,41.15654567371631],[1.262741090767363,41.15647105089919],[1.2626773274802738,41.15643451047761],[1.2626070565464915,41.156421590206634],[1.2625228256617318,41.15641735500345],[1.2623494647161009,41.15644587066189],[1.262025995589075,41.1565136286975],[1.261839496426629,41.15651970865094],[1.2617630687370756,41.15651707329639],[1.2616831904019863,41.15649659522512],[1.261638877673646,41.156466277435925],[1.261629857595821,41.15643649240991],[1.2617764295220966,41.156234126371636],[1.2621050207028217,41.15582399907756],[1.2617669210302094,41.15570326405961],[1.2612365964952876,41.15543434668582],[1.2608917744579615,41.15531657283239],[1.2589257264895524,41.15442232651278],[1.259058196899189,41.15438741863603],[1.2592441966607608,41.15437841810442],[1.259408197152201,41.15437241750354],[1.2595751962663009,41.154335417872],[1.2597591973483804,41.154356417080734],[1.2599061967060863,41.15439441686843],[1.2599649388626435,41.15437271475028],[1.2599351557601692,41.154310903381074],[1.259904261764521,41.15423531456201],[1.2598850703407205,41.15410477707972],[1.2599021149071146,41.15397397648167],[1.2599264974371949,41.15382707247748],[1.2599479862645235,41.15368138668093],[1.259947108447084,41.15358391298109],[1.2599191116860677,41.15348891187907],[1.2598686385961853,41.15341464852775],[1.259787607323485,41.1533152439026],[1.2595893410432217,41.15311102150738],[1.2595145336750244,41.15301963729554],[1.259459448842662,41.15293503558536],[1.2594225295155475,41.15287106522114],[1.2594145396640712,41.152817170069916],[1.2594046925483728,41.152720911901156],[1.2593949276823204,41.15263501352388],[1.2593746084947768,41.15256516899728],[1.2593438314692278,41.152498769365664],[1.2593023321509509,41.152418696496376],[1.2592195637012114,41.15227693026001],[1.259118540646557,41.15214391435245],[1.2590895502030115,41.152105625041784],[1.2591457900329812,41.15203889875922],[1.259152575756532,41.15204362215464],[1.2593027922515059,41.15214818224027],[1.2595590364711087,41.15232253723444],[1.2596291585049388,41.15237036001345],[1.2596993339664428,41.15243139386234],[1.2597621117611906,41.15250498303261],[1.2597920695531377,41.15255880390121],[1.2598381293688654,41.15259705553125],[1.2598864909174354,41.152622493718034],[1.2602440984385828,41.15274649329607],[1.260392042458097,41.15278875463541],[1.2605190876473384,41.15280549819978],[1.2605951583131347,41.15282147168316],[1.2606150473616404,41.152825647998114],[1.260653073755491,41.152856443207725],[1.260718362318101,41.152909314848415],[1.2608354100330261,41.15300744237288],[1.2609781811373528,41.153097063396466],[1.2610674271040068,41.15313398956497],[1.2612140396088585,41.153152510465034],[1.2613073235820773,41.153147989354714],[1.2615193193882008,41.153104492725994],[1.2616030941670382,41.15308870903933],[1.261661106801331,41.15308291387128],[1.2616943389379078,41.15308712117816],[1.2617192627336267,41.153090277097846],[1.2617779781632454,41.15311358559679],[1.261830484306177,41.15313442958632],[1.2618803604355031,41.15312870245334],[1.262079177489606,41.153034373276334],[1.2621886915071332,41.15297228035763],[1.2622864037871195,41.152911491870164],[1.262338474449052,41.15287076863255],[1.2623902710608852,41.152840418703576],[1.2624069729060987,41.152830632829954],[1.2624438327261804,41.152817507602826],[1.2629071445900801,41.152652532805405],[1.2630515956418973,41.15260430877615],[1.2630813361097482,41.152594379887724],[1.2630950020506158,41.15259458601072],[1.2631283318419144,41.15259508871633],[1.2631521030988897,41.1525954472467],[1.2632078538836502,41.152628902219725],[1.2632483997303623,41.15265323300767],[1.263341411550939,41.15269614380937],[1.2633979152303185,41.15271033863229],[1.2634488898129297,41.15271110733245],[1.2634719273086812,41.15271145473199],[1.2636068302992343,41.15267197996712],[1.2638974977931534,41.15258296790018],[1.2640441043253658,41.1525273619946],[1.2641588333478295,41.15249054770936],[1.2641983570430273,41.15247928427605],[1.264203027938147,41.1524779531245],[1.26424933146832,41.15248005261845],[1.2642983060107915,41.15248227341957],[1.2643370476222553,41.15248403011258],[1.2643588876974414,41.152490598739234],[1.264436724342538,41.15251400852436],[1.264469274025968,41.15252379836364],[1.2644988759484275,41.152537181873235],[1.2645531453573624,41.15256171902686],[1.264733914828525,41.15262374089399],[1.264947896067648,41.152690710751685],[1.2650356128918172,41.15271130464755],[1.265143522688464,41.15270996512346],[1.2651943800753225,41.15271517915817],[1.265321543763204,41.15272747133762],[1.2654291788930276,41.152736504878575],[1.2658465848698817,41.15275020357976],[1.2658997937510148,41.15274062827096],[1.2659217506940652,41.15272613446531],[1.2660078468330482,41.152639447133836],[1.2661356003245583,41.152649301775114],[1.2662115160956429,41.15267119881679],[1.266218193774706,41.15267312516265],[1.266257436609205,41.152714881787],[1.266295594500749,41.15275548262296],[1.2662969683333904,41.152777739971604],[1.2662923059609985,41.152805836041615],[1.266334970087271,41.15282426804102],[1.2668185281835966,41.15285823052321],[1.2668966772955057,41.152869784157076],[1.2669534954497566,41.152872121875056],[1.2670026655929503,41.15286693224852],[1.267051991886022,41.15285581445245],[1.2671518555943453,41.1527876419639],[1.267372311740693,41.15262751820398],[1.2674858871719434,41.15255747100346],[1.2675803020573455,41.15253367058046],[1.2679111954547482,41.15244037686511],[1.268166769764433,41.152410532858944],[1.2682876524075803,41.15222328453732],[1.2683492160105845,41.15217529989285],[1.2684194438027845,41.15208790282638],[1.2685627626791869,41.15198088757273],[1.2687594573228944,41.15183810436581],[1.2689176965899913,41.15174824695928],[1.2690933077547462,41.15165486731948],[1.2691108056552358,41.151678279452085],[1.2694932690805507,41.15162214632967],[1.270198464603724,41.15172840036812],[1.269989938694696,41.1527852069633],[1.2699959442243733,41.15280435963313],[1.2700174431286384,41.152843324533045],[1.2700392901065192,41.15286905371867],[1.2700706836981752,41.15289429579195],[1.2700116017995453,41.15315156149873],[1.2699541322160735,41.15345172680297],[1.2702837753784137,41.15332444944892],[1.2708081848831934,41.15312767607455],[1.2709095782071607,41.15310586927053],[1.2712060822753195,41.15312392214861],[1.271279028134044,41.15790328326059]]],[[[1.265373974595761,41.14763337606265],[1.265355394746785,41.14765561481228],[1.2652421991593423,41.14775335100095],[1.2651978197008822,41.14781087146393],[1.2650457175383598,41.148034216557335],[1.264978404059847,41.14812859126074],[1.2648804988505042,41.14827591914592],[1.264870410749252,41.14828792719749],[1.264857499460611,41.14829854159367],[1.2648339155520594,41.14831169741258],[1.2648163393119907,41.148318458387976],[1.2647978552497618,41.148323494267295],[1.2647698655943378,41.148327486168725],[1.2647512691430804,41.14832774640138],[1.2647326034409296,41.1483261140242],[1.2646782090888946,41.148314665591485],[1.2643750925537598,41.14821953582406],[1.2642858501699867,41.14819823658219],[1.2641793320616885,41.14821576197555],[1.2641208212797133,41.14826007847179],[1.2639066367847833,41.14867090029891],[1.263897389393905,41.148682650714186],[1.263884022784895,41.148692447465244],[1.2638524960244784,41.14870854586634],[1.2638184650833872,41.14872019285741],[1.263800733554357,41.14872379872992],[1.2637826921892872,41.14872559843959],[1.2637644672346326,41.148725323666625],[1.263746296926944,41.148722978002496],[1.263728655361242,41.148718658670056],[1.2637122572429595,41.14871237644501],[1.2636860980039777,41.148696669378104],[1.2636578154227718,41.14867111217659],[1.2636113909631728,41.14859986859566],[1.2635521703189982,41.14856056430056],[1.2634586360353786,41.14853504366684],[1.2625963543430494,41.14851098375053],[1.262473413832197,41.148509579258146],[1.2622714571646325,41.1485105015327],[1.2621908270282207,41.14856180000543],[1.2621730018816018,41.148622323144814],[1.2621074404929695,41.14898101894692],[1.2621594631351487,41.14903638191418],[1.2622069202656705,41.14904357261948],[1.2622049766993095,41.149505174675426],[1.2624999681964773,41.149349653683196],[1.262692838504057,41.149239069753044],[1.2629303769006315,41.149120151838844],[1.263005648634814,41.14909912891246],[1.26305627615341,41.149099802464384],[1.2631041200751103,41.149084040464885],[1.2631155797198406,41.14909232000369],[1.263123359417032,41.14910069446319],[1.263127630480758,41.14910529232698],[1.2631370131137458,41.14912002589591],[1.263147944842235,41.14914379027035],[1.2632488181549284,41.14939887112081],[1.2633439581610968,41.14965899965691],[1.2633904454495166,41.1497930729909],[1.2634571443947784,41.14984914309434],[1.2635433784183894,41.1498739249343],[1.263614742583199,41.14986954789492],[1.2636824713358294,41.14984560407752],[1.263793147301848,41.14981061246576],[1.264370069159364,41.14961952399794],[1.2645855870701281,41.14954476754757],[1.2646836243699273,41.14951904242583],[1.264805797987445,41.14949989604039],[1.2649095188177129,41.14949362236634],[1.2649927709987105,41.14949532706329],[1.2650751375314933,41.14950350371644],[1.2651762948368608,41.14952214179877],[1.2652737627356478,41.14954964158504],[1.265347721548273,41.14957840851069],[1.2654174855816072,41.14961260674555],[1.2654996370181826,41.14966059275496],[1.2649372478846757,41.150145728630555],[1.2654367544084728,41.150382402812504],[1.2661713875488771,41.15068674814035],[1.2658822382756525,41.15077895410914],[1.2656160931598242,41.1508980777641],[1.2650579592845606,41.15109945372046],[1.2647207833276037,41.15126839716865],[1.2645023769899222,41.15154730896162],[1.2648962414699383,41.151664485951265],[1.2658337543380864,41.15203061859262],[1.2667534010134684,41.15228370156764],[1.2674371007888157,41.152346503352334],[1.2674858871719434,41.15255747100346],[1.267372311740693,41.15262751820398],[1.2671518555943453,41.1527876419639],[1.267051991886022,41.15285581445245],[1.2670026655929503,41.15286693224852],[1.2669534954497566,41.152872121875056],[1.2668966772955057,41.152869784157076],[1.2668185281835966,41.15285823052321],[1.266334970087271,41.15282426804102],[1.266298879734875,41.1528086759744],[1.2662923059609985,41.152805836041615],[1.2662969683333904,41.152777739971604],[1.266295594500749,41.15275548262296],[1.266218193774706,41.15267312516265],[1.2661356003245583,41.152649301775114],[1.2660078468330482,41.152639447133836],[1.2659217506940652,41.15272613446531],[1.2658997937510148,41.15274062827096],[1.2658465848698817,41.15275020357976],[1.2654291788930276,41.152736504878575],[1.265321543763204,41.15272747133762],[1.2651943800753225,41.15271517915817],[1.265143522688464,41.15270996512346],[1.2650356128918172,41.15271130464755],[1.264947896067648,41.152690710751685],[1.264733914828525,41.15262374089399],[1.2645531453573624,41.15256171902686],[1.264469274025968,41.15252379836364],[1.2643370476222553,41.15248403011258],[1.264203027938147,41.1524779531245],[1.2641588333478295,41.15249054770936],[1.2640441043253658,41.1525273619946],[1.2638974977931534,41.15258296790018],[1.2636068302992343,41.15267197996712],[1.2634719273086812,41.15271145473199],[1.2633979152303185,41.15271033863229],[1.263341411550939,41.15269614380937],[1.2632483997303623,41.15265323300767],[1.2632078538836502,41.152628902219725],[1.2631521030988897,41.1525954472467],[1.2630813361097482,41.152594379887724],[1.2629071445900801,41.152652532805405],[1.2624069729060987,41.152830632829954],[1.262338474449052,41.15287076863255],[1.2622864037871195,41.152911491870164],[1.2621886915071332,41.15297228035763],[1.262079177489606,41.153034373276334],[1.2618944553109754,41.15312201459679],[1.2618803604355031,41.15312870245334],[1.261830484306177,41.15313442958632],[1.2618012692693332,41.15312283200248],[1.2617192627336267,41.153090277097846],[1.261661106801331,41.15308291387128],[1.2616030941670382,41.15308870903933],[1.2615193193882008,41.153104492725994],[1.2613073235820773,41.153147989354714],[1.2612140396088585,41.153152510465034],[1.2610674271040068,41.15313398956497],[1.2609781811373528,41.153097063396466],[1.2608354100330261,41.15300744237288],[1.260718362318101,41.152909314848415],[1.2606150473616404,41.152825647998114],[1.2605190876473384,41.15280549819978],[1.260392042458097,41.15278875463541],[1.2602440984385828,41.15274649329607],[1.2598864909174354,41.152622493718034],[1.2598381293688654,41.15259705553125],[1.259826614100163,41.15258749307102],[1.2597920695531377,41.15255880390121],[1.2597621117611906,41.15250498303261],[1.2596993339664428,41.15243139386234],[1.2596291585049388,41.15237036001345],[1.2595590364711087,41.15232253723444],[1.2593027922515059,41.15214818224027],[1.2591457900329812,41.15203889875922],[1.2590895502030115,41.152105625041784],[1.2589338282736973,41.15192861750548],[1.2588728924582675,41.15186707615664],[1.258863552208381,41.15183270667978],[1.2588753955157945,41.151803971876404],[1.2589038039969942,41.15177521730314],[1.25895050489277,41.151757727455745],[1.259018447658518,41.15174362216083],[1.2591195517410834,41.151728305829494],[1.2592116882196822,41.15171861950963],[1.2592656086730016,41.151666345661866],[1.2592651967009278,41.1516014300463],[1.259251127101358,41.15154762312067],[1.2592325559085342,41.15150185483802],[1.2592307857172138,41.15146516781225],[1.2592668463097854,41.15144895908115],[1.2593651434224307,41.15144963333782],[1.2595546909107063,41.15143995448153],[1.2595640374077108,41.15137301285391],[1.2595377301398667,41.15130433888333],[1.2594463217376166,41.15122792537436],[1.259303660337166,41.1511564126625],[1.2591778799474593,41.151118032108776],[1.2589537448360337,41.15107212947261],[1.2586692727439002,41.15102765688002],[1.2584936954205106,41.15100671759985],[1.2582957327531972,41.15100309406316],[1.2580887072111309,41.15100870173318],[1.2578996585738018,41.150996925509595],[1.2577301566939887,41.15098058069283],[1.2576150933141814,41.150960555598594],[1.2575151171105114,41.15092427416979],[1.2573890505491339,41.15086526030717],[1.2571569065483787,41.15074834446242],[1.256983920896608,41.15067006473795],[1.25686527447929,41.15060089413642],[1.2567255334732244,41.15052726066196],[1.2566451064020374,41.15048181660744],[1.2565737309938068,41.15044560794568],[1.256510012589543,41.15041275694321],[1.2564492785800891,41.150370673431546],[1.2563449002513478,41.150302662299815],[1.256269071142986,41.15026940530709],[1.2562692746394388,41.150237716624176],[1.256269386579871,41.15022031865416],[1.2562546247890836,41.15022811715228],[1.2561820239766106,41.150225301877725],[1.2561510767495931,41.15022393250177],[1.2560911589799422,41.1502365363008],[1.2559214840224904,41.15025378484613],[1.2557963841033057,41.15026179830934],[1.2556993247555475,41.15027293950227],[1.2555821577863797,41.150287378998435],[1.2554616076706844,41.150303568610504],[1.2553500867455611,41.150320794731996],[1.2552198636772387,41.150342242005486],[1.2549287076999514,41.15039277743657],[1.2546892738215576,41.150434187851424],[1.2544070042622046,41.15047314697304],[1.2543102775706043,41.15048969559401],[1.2540716048065335,41.15053832220493],[1.2540227410069547,41.15054748953995],[1.253925609301761,41.150561330366074],[1.2538268106279846,41.150566137498224],[1.2537483825541056,41.15055774319599],[1.2536415557018927,41.1505417122315],[1.2535023055903036,41.15052608928013],[1.253232881359866,41.15049408160004],[1.2528872475476514,41.1504420014934],[1.2527156741862628,41.15042133033557],[1.2526076726906672,41.150433257679694],[1.2525384397618375,41.150437611586334],[1.252352493353313,41.15043929531248],[1.2522701342572906,41.15043534316248],[1.2521812479602923,41.15042588832729],[1.2521232139574867,41.15040338965573],[1.2520669215892053,41.150369207727024],[1.251949247611498,41.150310299101726],[1.2518640681654039,41.150289567137975],[1.2517583858177932,41.150284359822116],[1.251628403110269,41.150278784375146],[1.2514762640822965,41.15026386493518],[1.251374204296094,41.15024790425163],[1.251219875670577,41.15022574527842],[1.250900759034558,41.15018036620447],[1.250799628549998,41.150165319870496],[1.2505366372892015,41.15011852782739],[1.2504866627428237,41.15012424225208],[1.2504308524431662,41.15011423199128],[1.2504064306175187,41.15009602713701],[1.2503774835058366,41.15006874519039],[1.2503452469459335,41.15002893345986],[1.250345530480641,41.149992056833725],[1.2503339710639345,41.149930360437786],[1.2503365737374916,41.14988626355981],[1.2503516341655743,41.14985766859476],[1.25037734344345,41.14982292931438],[1.2504392632888406,41.1497630698853],[1.250468008709733,41.149683027886574],[1.250455049104204,41.14959287105735],[1.250396528199981,41.149460342822785],[1.2503243341258463,41.14945011691908],[1.2502792369689233,41.14944312651588],[1.2502102683523895,41.14943757576638],[1.2501088997412784,41.14943153174438],[1.2500636589157963,41.149429944434495],[1.2499446369603586,41.14942453275102],[1.2498102709428405,41.149422491618665],[1.249580989989192,41.14944062639091],[1.2494998941056674,41.14944299666855],[1.2494451717876405,41.14943946350206],[1.2493671050901916,41.14941755966431],[1.2493304674301449,41.14939718634083],[1.2493001185478567,41.149373305638065],[1.2492838972576523,41.14935594580974],[1.2492669865975845,41.14932866642138],[1.2492568423620884,41.149297886926966],[1.2492540820686096,41.14927622712261],[1.2492549194115155,41.14924471383629],[1.2492700280878832,41.14921431735749],[1.2492848013189655,41.14919652708445],[1.2493490607815865,41.14914616161153],[1.2494303520472072,41.14909791594618],[1.249501770457806,41.14903958855143],[1.249552238172832,41.148977325270046],[1.249585543151348,41.14889304273491],[1.249573992912779,41.14878355385103],[1.2494901272570904,41.14873486301739],[1.249408574703894,41.14872482485793],[1.2493134036582387,41.14874839081327],[1.2492688048164897,41.14875852261701],[1.2492079582241786,41.148770207970806],[1.2491253139443341,41.14877705906547],[1.2490562024071805,41.14877690901411],[1.2489681520152376,41.14877196813393],[1.2488958490009954,41.14876636499828],[1.2488185924161024,41.14874987847028],[1.2487656584168374,41.14873286012628],[1.248732737188381,41.14871614610279],[1.2487008168380997,41.148697645804184],[1.2485769547368104,41.148569658906816],[1.2484583553008324,41.1484588651437],[1.2484149777606686,41.148423077280164],[1.2483721738236317,41.14838369425092],[1.2481895717720224,41.148244136943234],[1.2481181258851068,41.14824642246059],[1.2480625826043488,41.14828530927226],[1.2480161679297053,41.14832783882806],[1.2479659175171909,41.14837121075079],[1.2478472192133898,41.14844326666029],[1.247765453138374,41.14847084723893],[1.2476806155436757,41.148488471943644],[1.2475618738565757,41.14851327930482],[1.2474380588304945,41.14855774281799],[1.2472535835349288,41.14862969779411],[1.2471691708203336,41.14866714583929],[1.24710558184935,41.14869229948747],[1.2468926366372397,41.14875931770373],[1.2468123483822753,41.14878511771017],[1.2467499519934748,41.14880128278464],[1.246541993587098,41.148824238951974],[1.2464395282451715,41.148823580363675],[1.2463300131055008,41.148819211354954],[1.246231052248435,41.14881229984539],[1.2461216811517948,41.148802528373025],[1.2460432803653236,41.148793227603335],[1.2459578514221583,41.148779316915686],[1.2458952700559194,41.148766654025835],[1.2458053177717638,41.14874366689332],[1.2457637729418904,41.14872862214784],[1.2457228726379075,41.14870728200354],[1.2456417154088248,41.14865830717145],[1.2455632982597475,41.14861387684259],[1.24547683185955,41.14854950837537],[1.2454029900519614,41.14849433872795],[1.2453329372495814,41.14844012750939],[1.245268909273248,41.14839231415491],[1.2452272523035923,41.14834574149609],[1.245179203078538,41.14821710378371],[1.2451763102920874,41.14814680173196],[1.2451767261091058,41.14809546570457],[1.2451798706007386,41.14797751625745],[1.245179648261533,41.14789644597703],[1.2451785146531869,41.14784958915266],[1.2451818752272363,41.14772353630416],[1.2451703374435823,41.14758173481946],[1.2451133048987642,41.14752432787016],[1.2450572816435792,41.147480239351324],[1.2449873022288502,41.14742332680867],[1.244879626594575,41.1473416871771],[1.2449389384397078,41.147328726881874],[1.2452593824473068,41.1472960860336],[1.2453035461705821,41.147292067899414],[1.2454494449084552,41.14729670127497],[1.2456310457301398,41.14727407422069],[1.245899025318049,41.14724547201232],[1.246135156222833,41.1471634483408],[1.2463061564656994,41.14714271967247],[1.2463891555948892,41.1470974475783],[1.246491156135821,41.1470824469023],[1.2465731562009312,41.14705444653009],[1.2466291557107287,41.147044447012554],[1.246684155605716,41.147042446163105],[1.2467761561823791,41.147032446136016],[1.2469551557157845,41.147010445734345],[1.247158155966089,41.1469984456243],[1.2473431560012787,41.14700544441403],[1.2474971564770148,41.14696044412378],[1.247619156543433,41.14694844362367],[1.2477658428295493,41.14688732455773],[1.2478431557236076,41.14679344363114],[1.2478481557685053,41.14679044366752],[1.248078154228997,41.14651744249358],[1.24813315377267,41.1464274427928],[1.2482101535329948,41.146317442539925],[1.2482981531612,41.14624744223988],[1.2484231530088983,41.14617144182969],[1.2485341528388876,41.146103441337644],[1.2486271526422357,41.146007441197476],[1.2486801521944606,41.14596944046807],[1.248760152042302,41.14592244024032],[1.2488821514942385,41.145855439865045],[1.2489771520413584,41.14581443954928],[1.2491951514851904,41.14571143925562],[1.2492531517310963,41.145700439319036],[1.2497401512557667,41.14559243779336],[1.2498491513899361,41.145559437354684],[1.250022151545374,41.145501437325066],[1.2502821505740926,41.14545243594562],[1.250479151122055,41.14536843600315],[1.2508408255138044,41.145295918367616],[1.251288912603833,41.1452004016176],[1.2514546668286797,41.14511765133881],[1.2515281496881816,41.14505543302721],[1.2515571504146061,41.14502843307095],[1.2516641497229148,41.144933432032104],[1.2517571499243607,41.144879431919705],[1.2518531493868756,41.14478743162959],[1.2519731479105156,41.14465143118895],[1.2520981477358928,41.14452343127465],[1.2521631480674715,41.14445743128072],[1.252252147050934,41.14437243036832],[1.2523221468275194,41.14432743044419],[1.252441146784033,41.14425943044209],[1.252505496734945,41.14424688675721],[1.2525083294558346,41.14424633434984],[1.2524984931653467,41.144238837719534],[1.252481011378451,41.14421874796226],[1.2524365991063648,41.144143106874196],[1.2523922826930423,41.14409324922646],[1.2523700834218283,41.14406769150391],[1.2523329754945374,41.143993267336015],[1.2522986777980825,41.143938702178346],[1.2522761474697617,41.143889720061864],[1.2521678888115688,41.14374968488939],[1.2520250146455036,41.14369044790849],[1.2519841141168713,41.14366910997456],[1.2519302095871325,41.14363496511567],[1.2518858098059698,41.14360186435465],[1.2518398360835603,41.14357414414994],[1.251788266014018,41.14354183615065],[1.2517348628300302,41.14348878228007],[1.251692394847882,41.143436795140595],[1.2515863436367165,41.14330927544741],[1.2519707641812559,41.143265594560674],[1.2522494385261422,41.143237598267824],[1.2527700669033728,41.143193668671664],[1.2533645716959019,41.143147805486855],[1.2538182434444938,41.14311626768927],[1.254210326607063,41.14309634904548],[1.254895649625683,41.14306897691318],[1.255353329581259,41.14305874776524],[1.2558619354071705,41.143049215124556],[1.2561952861660117,41.14304396595829],[1.2566069701156697,41.1430547757065],[1.2572268818849468,41.14306187526019],[1.257800350157341,41.14308313927068],[1.2585362113461127,41.143124064952765],[1.2589948443647143,41.143156222983514],[1.259661365943259,41.14320977820507],[1.2601197791363674,41.14325115206298],[1.2605183558418342,41.14329950902731],[1.2610212174010804,41.14335630486998],[1.2613764910486698,41.14340402478678],[1.2621028722818368,41.14350793939976],[1.262409225282735,41.14355753453149],[1.262778203598359,41.14362047863227],[1.263199964257967,41.14369798818539],[1.2637070749684223,41.14379418904667],[1.2642705709285549,41.14391170066272],[1.2647545305453123,41.1440168905101],[1.2651682809641798,41.14411033695837],[1.265696404961194,41.14424452199107],[1.2661240789523691,41.14435344683061],[1.2665526550855808,41.14446088302347],[1.2670217772205135,41.144586141017705],[1.267449679817121,41.14470089851221],[1.268013802543983,41.14485282776026],[1.2687624717201158,41.14505144634597],[1.269441280078379,41.14523263383182],[1.2699112673754152,41.14535581686661],[1.2704637672630499,41.14548805118893],[1.2707799762231016,41.14554675524677],[1.2707500234692546,41.145882158248334],[1.2707162700040595,41.146121808984866],[1.2706857997631251,41.14631110600852],[1.2706629770557378,41.14650793009037],[1.2706369339846357,41.14667802122781],[1.27059223490267,41.14688637687358],[1.2705544288833708,41.14705629133131],[1.270526256826231,41.147158157752315],[1.2704812831913233,41.14737688579487],[1.2704603290306653,41.14750257991111],[1.2703892998612067,41.14759342514697],[1.270291758714049,41.14764829360527],[1.2700653870487044,41.14775459499283],[1.2699139408970423,41.1478457145003],[1.269800209595948,41.147919610740956],[1.269493697211396,41.14807186809925],[1.2694853022216364,41.148073903734975],[1.269476501806632,41.14807323104324],[1.2694588166688558,41.14806602954963],[1.2694280936054811,41.14804710259217],[1.269343285601978,41.14797322807133],[1.2692453364139296,41.147896093455536],[1.2691755652810268,41.147848566401194],[1.2691520769986582,41.14782641535113],[1.269142514847855,41.14781393142805],[1.269135241958414,41.1478004910926],[1.269127034301617,41.14775010616908],[1.2691332143719494,41.147519698450004],[1.2691395830658498,41.147089407452206],[1.2690892160246445,41.14701184390396],[1.2690104007325755,41.14695936542738],[1.2688889498613258,41.14693939791658],[1.2671230400982532,41.147082748196176],[1.267039216204759,41.14710349832335],[1.2669935230280438,41.147135417672615],[1.2669741237443084,41.14715260018642],[1.2669709896201535,41.14715115866859],[1.2664948248678622,41.14693208994153],[1.2664416531496483,41.14702352580067],[1.266691749717024,41.147142045228016],[1.26607170410835,41.14778593111429],[1.2657659267955057,41.147618832376764],[1.265486567339192,41.14741700169154],[1.2654507269776407,41.147479243767734],[1.265373974595761,41.14763337606265]]],[[[1.249814660289626,41.14353876858862],[1.2490310772612774,41.1436690604574],[1.248540892060048,41.143753406629074],[1.248036874528899,41.14383795731771],[1.2466498600965907,41.144090589591194],[1.2457502048161082,41.144257311223164],[1.2446652038461283,41.14444788534912],[1.2435763748595563,41.14463539495122],[1.242257687316423,41.14482946263318],[1.2414205385593766,41.144944614419586],[1.2401783282208603,41.14510117784642],[1.2394940733553101,41.14516909213348],[1.2394912856750664,41.14512448524348],[1.2394816638420754,41.14497193238539],[1.2394449276839925,41.144225014835534],[1.2393965607369726,41.14334722149307],[1.239367549204714,41.14298413860397],[1.2393301114478406,41.142584176522774],[1.2392637538485216,41.14185337945714],[1.2392378251100866,41.14146863566497],[1.2402043922687358,41.14152169148113],[1.2404774925454802,41.141534871850816],[1.2407510032123816,41.141546076205486],[1.2410249459029608,41.14155449420325],[1.2412992014797009,41.14156012402129],[1.241573658022047,41.14156269372521],[1.241848201199307,41.141562021419155],[1.2421224808766302,41.14155783153442],[1.2423966209220922,41.14154994581445],[1.2426702663846818,41.14153826876912],[1.2429435435315024,41.141522532105036],[1.2432159831103327,41.14150245844303],[1.24348758747084,41.14147795775003],[1.2437582446638582,41.14144875810137],[1.2440279570344028,41.141414769464575],[1.2442964719074467,41.14137652844036],[1.2445642512340507,41.1413345825247],[1.2448312805629203,41.141289471949],[1.245097778855353,41.14124192065004],[1.2453637316796646,41.14119246885788],[1.245895122268138,41.14109049304716],[1.2461043209506715,41.14069816245239],[1.2466146868125592,41.141049748164356],[1.2468517558094996,41.14122125610999],[1.247367402745245,41.14171487618775],[1.251253631790706,41.14114649570239],[1.252435543304168,41.141153447880534],[1.252298025562459,41.14164767130183],[1.2538245724982728,41.14189565387598],[1.2539891576038804,41.14128798483812],[1.25398742666653,41.14114663173899],[1.2540627725221138,41.14116299663885],[1.2540890990737443,41.141163215613034],[1.2558791841992498,41.141173676263215],[1.2606879540421592,41.14119343992967],[1.2607735026395055,41.14074578249059],[1.2612066434948712,41.14095798124881],[1.2614067470017407,41.140978656947894],[1.2615714112551706,41.14096519953726],[1.2619642394981823,41.14091600312942],[1.2620198775135192,41.14092071600582],[1.262193213673742,41.14093531168132],[1.2633793014074564,41.14113614495487],[1.2639454067985028,41.141189627429334],[1.2651702567094054,41.14121763309867],[1.2658560255903903,41.14124723749562],[1.2662871947056706,41.14130300007348],[1.2666046836459184,41.141390827981276],[1.2669607617589034,41.14152454323641],[1.267263205051523,41.14166798914333],[1.267948630702293,41.14208210422291],[1.26863136750102,41.14252175598262],[1.2695189322796339,41.14307950692365],[1.2699444044020376,41.143375218930636],[1.2702351946974404,41.14361351064473],[1.2704642989049666,41.14384141739535],[1.2705977836061275,41.14409418956529],[1.2706736068303974,41.144275140396715],[1.2707207130314797,41.14444151195304],[1.2707648725027445,41.14460811756994],[1.2708076049846921,41.14477303355943],[1.2708158334329676,41.14490769063683],[1.27081053781823,41.14505326254282],[1.2708024277302172,41.14524993650264],[1.2707936921640726,41.145400532446786],[1.2707799762231016,41.14554675524677],[1.2704637672630499,41.14548805118893],[1.2699112673754152,41.14535581686661],[1.269441280078379,41.14523263383182],[1.2687624717201158,41.14505144634597],[1.268013802543983,41.14485282776026],[1.267449679817121,41.14470089851221],[1.2670217772205135,41.144586141017705],[1.2665526550855808,41.14446088302347],[1.2661240789523691,41.14435344683061],[1.265696404961194,41.14424452199107],[1.2651682809641798,41.14411033695837],[1.2647545305453123,41.1440168905101],[1.2642705709285549,41.14391170066272],[1.2637070749684223,41.14379418904667],[1.263199964257967,41.14369798818539],[1.262778203598359,41.14362047863227],[1.262409225282735,41.14355753453149],[1.2621028722818368,41.14350793939976],[1.2613764910486698,41.14340402478678],[1.2610212174010804,41.14335630486998],[1.2605183558418342,41.14329950902731],[1.2601197791363674,41.14325115206298],[1.259661365943259,41.14320977820507],[1.2589948443647143,41.143156222983514],[1.2585362113461127,41.143124064952765],[1.257800350157341,41.14308313927068],[1.2572268818849468,41.14306187526019],[1.2566069701156697,41.1430547757065],[1.2561952861660117,41.14304396595829],[1.2558619354071705,41.143049215124556],[1.255353329581259,41.14305874776524],[1.254895649625683,41.14306897691318],[1.254210326607063,41.14309634904548],[1.2538182434444938,41.14311626768927],[1.2533645716959019,41.143147805486855],[1.2527700669033728,41.143193668671664],[1.2522494385261422,41.143237598267824],[1.2519707641812559,41.143265594560674],[1.2515863436367165,41.14330927544741],[1.2514968282453747,41.143320275479006],[1.251039129787718,41.143370972947714],[1.250414018276522,41.143452086231726],[1.249814660289626,41.14353876858862]]],[[[1.2484231530088983,41.14617144182969],[1.2482981531612,41.14624744223988],[1.2482101535329948,41.146317442539925],[1.24813315377267,41.1464274427928],[1.248078154228997,41.14651744249358],[1.2478481557685053,41.14679044366752],[1.2478431557236076,41.14679344363114],[1.2477871552571502,41.14686144350683],[1.247763155727718,41.14688844382924],[1.247619156543433,41.14694844362367],[1.2474971564770148,41.14696044412378],[1.2473431560012787,41.14700544441403],[1.247158155966089,41.1469984456243],[1.2469551557157845,41.147010445734345],[1.2467761561823791,41.147032446136016],[1.246684155605716,41.147042446163105],[1.2466291557107287,41.147044447012554],[1.2465731562009312,41.14705444653009],[1.246491156135821,41.1470824469023],[1.2463891555948892,41.1470974475783],[1.2463231565217654,41.14713344778882],[1.246234156311582,41.14715144761047],[1.246135156222833,41.1471634483408],[1.245933273811701,41.147233575129626],[1.245823336368754,41.1472535508156],[1.2456310457301398,41.14727407422069],[1.2454666793803555,41.14729455346663],[1.2454455277995917,41.14729657674088],[1.2453035461705821,41.147292067899414],[1.2452593824473068,41.1472960860336],[1.2449389384397078,41.147328726881874],[1.2448787000581334,41.14734189013499],[1.244699255595631,41.147392794375975],[1.244442815313324,41.14742793434927],[1.2437772176106647,41.147518046465734],[1.243448174506153,41.14755313264192],[1.2429969786610044,41.14761379357032],[1.2426126602949659,41.14767969511412],[1.2423655074407192,41.14773291317759],[1.2422255503557504,41.14774555275969],[1.2421333254087659,41.147748366792044],[1.2419688660047394,41.1477374126834],[1.2418490672982927,41.147727141092254],[1.241682268201104,41.14769926552459],[1.241415716557699,41.14764242620735],[1.2413047994057056,41.147613292108616],[1.2411047316312334,41.147576464960615],[1.2410114505228735,41.147566596615675],[1.2409583598723604,41.147567897014646],[1.2409279026867004,41.147584317108475],[1.2409142069762364,41.14760046629722],[1.240911548878292,41.147621533705845],[1.2409185911913878,41.14764538756721],[1.2409575408016988,41.147702972536344],[1.2410024129709407,41.14774798350994],[1.2410553756986096,41.14780367294872],[1.2410754640084238,41.14783564089389],[1.2410948402230295,41.14786812579439],[1.2410920000774939,41.14789604958373],[1.2410735252514975,41.147934288576394],[1.2410548881963646,41.14795247364846],[1.241032303987055,41.147961627027456],[1.2410015152312388,41.14796432285841],[1.2409715936987267,41.147960699704626],[1.240944104636864,41.14794444925304],[1.2408994509378561,41.14791738259339],[1.2408541427750344,41.14788872241279],[1.2407863703529136,41.14783861283365],[1.2406688211230723,41.14777032779854],[1.2405905671373698,41.147720584907155],[1.2405555790359502,41.14767150300518],[1.2404977110067972,41.14759040949726],[1.2404509229867848,41.147512652267885],[1.2404254779237889,41.14747215880052],[1.2402197718512806,41.14743735440765],[1.2399223506617822,41.14738637213173],[1.239665865719325,41.1473708429804],[1.2396183575139426,41.14736610214277],[1.2396154895951565,41.147314379075034],[1.239564727100597,41.146414661532525],[1.2395516915881828,41.14618035912363],[1.2395446844148548,41.146054778485315],[1.2395300303859775,41.14579189776003],[1.2395052199546874,41.145347452071185],[1.2394940733553101,41.14516909213348],[1.2401783282208603,41.14510117784642],[1.2414205385593766,41.144944614419586],[1.242257687316423,41.14482946263318],[1.2435763748595563,41.14463539495122],[1.2446652038461283,41.14444788534912],[1.2457502048161082,41.144257311223164],[1.2466498600965907,41.144090589591194],[1.248036874528899,41.14383795731771],[1.248540892060048,41.143753406629074],[1.2490310772612774,41.1436690604574],[1.249814660289626,41.14353876858862],[1.250414018276522,41.143452086231726],[1.251039129787718,41.143370972947714],[1.2514968282453747,41.143320275479006],[1.2515863436367165,41.14330927544741],[1.251692394847882,41.143436795140595],[1.2517348628300302,41.14348878228007],[1.251788266014018,41.14354183615065],[1.2518398360835603,41.14357414414994],[1.2518858098059698,41.14360186435465],[1.2519302095871325,41.14363496511567],[1.2519841141168713,41.14366910997456],[1.2520250146455036,41.14369044790849],[1.2521482454601,41.143741540372226],[1.2522059398909682,41.14379890438732],[1.2522761474697617,41.143889720061864],[1.2522986777980825,41.143938702178346],[1.2523329754945374,41.143993267336015],[1.2523700834218283,41.14406769150391],[1.2523922826930423,41.14409324922646],[1.25242828029827,41.14413374800778],[1.2524513347734514,41.14416820453889],[1.252481011378451,41.14421874796226],[1.252505496734945,41.14424688675721],[1.252441146784033,41.14425943044209],[1.2523221468275194,41.14432743044419],[1.252252147050934,41.14437243036832],[1.2521631480674715,41.14445743128072],[1.2520981477358928,41.14452343127465],[1.2519731479105156,41.14465143118895],[1.2518531493868756,41.14478743162959],[1.2517571499243607,41.144879431919705],[1.2516641497229148,41.144933432032104],[1.2515571504146061,41.14502843307095],[1.2515281496881816,41.14505543302721],[1.2514546668286797,41.14511765133881],[1.251288912603833,41.1452004016176],[1.2508408255138044,41.145295918367616],[1.250479151122055,41.14536843600315],[1.2502821505740926,41.14545243594562],[1.250022151545374,41.145501437325066],[1.2498491513899361,41.145559437354684],[1.2497401512557667,41.14559243779336],[1.2492531517310963,41.145700439319036],[1.2491951514851904,41.14571143925562],[1.2489771520413584,41.14581443954928],[1.2488821514942385,41.145855439865045],[1.248760152042302,41.14592244024032],[1.2486801521944606,41.14596944046807],[1.2486271526422357,41.146007441197476],[1.2485341528388876,41.146103441337644],[1.2484231530088983,41.14617144182969]]],[[[1.2755692350033114,41.149628418036215],[1.275413434616153,41.1498016698424],[1.27531134728309,41.14991903119312],[1.2750326433232482,41.15031455425441],[1.2748085975456094,41.15057295539147],[1.274437483747985,41.150906743517105],[1.2742745069752182,41.15103932835382],[1.2741635267234728,41.15111412489949],[1.2739331863275551,41.15124542494193],[1.2737879769832048,41.15134549278206],[1.2736735954956064,41.15146203601456],[1.273524899339987,41.15157005886368],[1.2733550293915097,41.15166142994367],[1.2732678464079312,41.151716252610875],[1.2732411986463275,41.15175925451327],[1.2732277478701022,41.15183376327474],[1.2712060822753195,41.15312392214861],[1.2709095782071607,41.15310586927053],[1.2709402887330288,41.15302562370715],[1.2709743157619113,41.15294614852507],[1.2710116569170007,41.152867533760165],[1.2710523098217235,41.15278986944794],[1.2710962721001422,41.152713245623545],[1.271143422252054,41.15263775053361],[1.2715387899683752,41.151891023531434],[1.2715565876766601,41.151844091658035],[1.2715657224672463,41.15179576871572],[1.2715661730689034,41.1517468650573],[1.2715606937073973,41.15171048281595],[1.2715544114188415,41.15168651879586],[1.271540917700485,41.15165127730495],[1.2715292417673956,41.15162849336974],[1.2715081794525187,41.15159557028321],[1.2714915721858713,41.151574513814765],[1.271473271186691,41.15155442273984],[1.2712879441855731,41.15136915000095],[1.270780046625487,41.15094736220664],[1.2706897151889742,41.1508703432159],[1.2706030191441264,41.15079103681325],[1.2705199561194571,41.1507095330459],[1.2704405213752727,41.15062601199906],[1.2703649531466499,41.15054047725856],[1.2702932490578192,41.15045301887037],[1.2702255234854538,41.150363818708854],[1.2696998792147065,41.14964316275081],[1.269231205013981,41.14900866112001],[1.2690772974821196,41.14878917834898],[1.2690293589026755,41.14870441831125],[1.2690122841016245,41.14866948298673],[1.268997005884652,41.14862061312189],[1.2689914445629042,41.14858287839907],[1.2689910123993096,41.1485449505509],[1.268995819027167,41.14850719152334],[1.2690058549626715,41.148469961470795],[1.269020870119469,41.14843370700536],[1.2690485363577448,41.14838764442887],[1.2690844578444225,41.14834485853327],[1.2691052382954915,41.1483249941912],[1.2691396873773333,41.1482974087331],[1.269262224091006,41.1482144903235],[1.269493697211396,41.14807186809925],[1.269800209595948,41.147919610740956],[1.2699139408970423,41.1478457145003],[1.2700653870487044,41.14775459499283],[1.270291758714049,41.14764829360527],[1.2703892998612067,41.14759342514697],[1.2704603290306653,41.14750257991111],[1.2704812831913233,41.14737688579487],[1.270526256826231,41.147158157752315],[1.2705544288833708,41.14705629133131],[1.27059223490267,41.14688637687358],[1.2706369339846357,41.14667802122781],[1.2706629770557378,41.14650793009037],[1.2706857997631251,41.14631110600852],[1.2707162700040595,41.146121808984866],[1.2707500234692546,41.145882158248334],[1.2707799762231016,41.14554675524677],[1.2708868732679424,41.14556432513473],[1.2711201876356737,41.145615722476144],[1.2714000910739345,41.145680236344106],[1.2718658524784032,41.14577148592477],[1.2723444930719263,41.14586381317385],[1.2727837226769958,41.14593780896948],[1.2733960727025182,41.14603213718712],[1.2747408497689803,41.14618562345181],[1.2751728268407094,41.14622313660047],[1.2754982353199682,41.14625284440823],[1.2759175676686074,41.146280409439015],[1.2763112837801605,41.146300494359124],[1.2766864183725062,41.14631320380062],[1.2770171235882777,41.146319926593925],[1.2772445227251779,41.146328650208595],[1.2773288939304053,41.14665825389662],[1.2773877271428509,41.14693260029054],[1.2774949606512795,41.147898091945564],[1.2775252914515038,41.14800492363843],[1.2775885719137976,41.14811855336114],[1.2776517160167908,41.1481808142055],[1.27743214146061,41.14826268737287],[1.2768278069687298,41.14860191026336],[1.2762855125639303,41.14888779948356],[1.2761686050122212,41.148967055356515],[1.2760192558148098,41.149153316764675],[1.2757441545498667,41.14946622428875],[1.2755692350033114,41.149628418036215]]],[[[1.256983920896608,41.15067006473795],[1.2571569065483787,41.15074834446242],[1.2573890505491339,41.15086526030717],[1.2575151171105114,41.15092427416979],[1.2576150933141814,41.150960555598594],[1.2577301566939887,41.15098058069283],[1.2578996585738018,41.150996925509595],[1.2580887072111309,41.15100870173318],[1.2582957327531972,41.15100309406316],[1.2584936954205106,41.15100671759985],[1.2586692727439002,41.15102765688002],[1.2589537448360337,41.15107212947261],[1.2591778799474593,41.151118032108776],[1.259303660337166,41.1511564126625],[1.2594463217376166,41.15122792537436],[1.2595377301398667,41.15130433888333],[1.2595640374077108,41.15137301285391],[1.2595568344188164,41.151424606679115],[1.2595328123502372,41.15143622350829],[1.2594890088279727,41.15144330875936],[1.2593651434224307,41.15144963333782],[1.2592668463097854,41.15144895908115],[1.2592307857172138,41.15146516781225],[1.2592325559085342,41.15150185483802],[1.259251127101358,41.15154762312067],[1.2592651967009278,41.1516014300463],[1.2592654731285375,41.15164503021699],[1.2592461789282194,41.15168518195105],[1.2592116882196822,41.15171861950963],[1.2591195517410834,41.151728305829494],[1.259018447658518,41.15174362216083],[1.25895050489277,41.151757727455745],[1.2589038039969942,41.15177521730314],[1.2588599838803798,41.15181957212956],[1.2588728924582675,41.15186707615664],[1.2589338282736973,41.15192861750548],[1.2590895502030115,41.152105625041784],[1.259118540646557,41.15214391435245],[1.2592195637012114,41.15227693026001],[1.2593023321509509,41.152418696496376],[1.2593438314692278,41.152498769365664],[1.2593746084947768,41.15256516899728],[1.2593949276823204,41.15263501352388],[1.2594046925483728,41.152720911901156],[1.2594145396640712,41.152817170069916],[1.2594225295155475,41.15287106522114],[1.259459448842662,41.15293503558536],[1.2595145336750244,41.15301963729554],[1.2595893410432217,41.15311102150738],[1.259787607323485,41.1533152439026],[1.2598686385961853,41.15341464852775],[1.2599191116860677,41.15348891187907],[1.259947108447084,41.15358391298109],[1.2599479862645235,41.15368138668093],[1.2599264974371949,41.15382707247748],[1.2599021149071146,41.15397397648167],[1.2598850703407205,41.15410477707972],[1.259904261764521,41.15423531456201],[1.2599351557601692,41.154310903381074],[1.2599649388626435,41.15437271475028],[1.2599061967060863,41.15439441686843],[1.2597591973483804,41.154356417080734],[1.2595751962663009,41.154335417872],[1.259408197152201,41.15437241750354],[1.2592441966607608,41.15437841810442],[1.259058196899189,41.15438741863603],[1.2589257264895524,41.15442232651278],[1.2585032942367778,41.15444050213802],[1.2581785167587236,41.154468469016706],[1.2578159305364613,41.15448856695885],[1.2575454525237655,41.15450014933373],[1.2573399049971183,41.15450802892241],[1.2569843661519202,41.15452300658013],[1.256728344786581,41.15451525972551],[1.256468251653192,41.154481239029664],[1.2562822352735104,41.15445815665729],[1.2561855151123416,41.15444723425481],[1.2560600413661618,41.15443308492297],[1.2559828998878775,41.154420928489344],[1.255911781890085,41.154401836536195],[1.2558495218198242,41.154367746218966],[1.2557068542100036,41.154296409124235],[1.2555717575617311,41.15422266446095],[1.255476014977697,41.15416590845243],[1.2553741988041731,41.154100053819555],[1.255161366838461,41.15395117994839],[1.2550275305203253,41.15386142051871],[1.2549106116749982,41.153789841190196],[1.2547389970522838,41.15369113201285],[1.2544704695521816,41.15355744688244],[1.2542899682398987,41.15347481570872],[1.2541806946611764,41.153425060347736],[1.2540487279759054,41.1533592869925],[1.253921227348064,41.153295833962325],[1.2536753999001737,41.15317807312897],[1.2535145087999533,41.153093035897555],[1.2533825087802428,41.1530285232167],[1.253315666851113,41.15298760646576],[1.253247389108721,41.1529513526616],[1.2531669345355834,41.15290248294998],[1.2531166853825522,41.15286497038253],[1.2530466932336104,41.15280806343665],[1.2529126101900292,41.15268740232521],[1.25280750554673,41.15259294108176],[1.2527343929886003,41.152523375298316],[1.2526610997075194,41.15245164584341],[1.2525607270736894,41.15237202836271],[1.2524496333126791,41.15228324156759],[1.252311306622891,41.15218782623817],[1.2521761330392582,41.152108310778125],[1.2520104630320918,41.151996987293266],[1.2519010267981585,41.151926600289244],[1.2517551634634552,41.1518323309262],[1.251633645667253,41.1518111155718],[1.2514807237869257,41.151808793741665],[1.2512846713726837,41.151805816758525],[1.251108145336197,41.15180610033595],[1.2509511467915106,41.151809646382205],[1.2506994901798378,41.15183250746347],[1.2506207532614486,41.151843171461785],[1.250516175486104,41.15186678463652],[1.2504490848231022,41.15188207151587],[1.2503016510019636,41.15189465682615],[1.250176019530347,41.15189867750065],[1.2500681124650679,41.151900002134454],[1.249972401103473,41.151885205854015],[1.2499017829723853,41.15188561527942],[1.2495318629208518,41.151930396599184],[1.2492073110436552,41.15196548813291],[1.2490715613186203,41.151981213849],[1.2488114700305504,41.15202618008801],[1.2486300369789785,41.15206344720692],[1.2484507605574535,41.15209333462817],[1.2482835235331864,41.15211302744953],[1.248173102944415,41.152135066986474],[1.2480227998469886,41.15218170154115],[1.2476766673430197,41.15229058344564],[1.2475913378780095,41.15232782865158],[1.2474260213232982,41.15234903206943],[1.2472926654848087,41.15234848506595],[1.2471949551468884,41.15233513777325],[1.2470975200274592,41.152311418030514],[1.2469925984950294,41.15227424243992],[1.2468969280566315,41.15225796160332],[1.2467836515269146,41.15223993002013],[1.246660572464915,41.15222174907584],[1.2465711770313475,41.1521907390862],[1.246353651311478,41.15211033846826],[1.2460601009007966,41.15201247339632],[1.245840022986054,41.15195427047521],[1.245611867767342,41.15190483891307],[1.245533683326187,41.15189475292947],[1.2452396453679822,41.151888791029116],[1.2451473812478449,41.151891832036995],[1.2450764469688107,41.15190409286129],[1.2449913537926294,41.15193244490386],[1.2448961429144296,41.151972502758184],[1.2447707707071702,41.15204026703729],[1.2446733220200863,41.15209066805205],[1.244471173171071,41.15216912085006],[1.2443384735956662,41.152217501560784],[1.244296814945071,41.152228802170995],[1.2424997958916293,41.15020338293897],[1.242448074465547,41.149775101047915],[1.242363754396588,41.1495634906658],[1.242293588357749,41.14944402967589],[1.242218539993992,41.14939652922629],[1.2421778895804263,41.14937924498488],[1.2421504071081613,41.14936864708287],[1.2421197313766368,41.14936160340076],[1.2419182287990391,41.14941041188708],[1.2417786849758465,41.1495054211364],[1.2411743259232744,41.14991689404739],[1.2410129257122193,41.14999149638114],[1.240917205367219,41.15003573973553],[1.2407896224055677,41.15012311022206],[1.2407303610458789,41.15016369400423],[1.240690442366805,41.150146761799334],[1.2401914220977504,41.1499353016219],[1.2399302217420476,41.1498234016631],[1.239712532780964,41.149740211754896],[1.2397086798221137,41.14931410157858],[1.239695845908461,41.1488539861639],[1.239691842013925,41.14875421273624],[1.2396795239587588,41.1484841619014],[1.239657767185822,41.14807696378343],[1.2396183575139426,41.14736610214277],[1.239665865719325,41.1473708429804],[1.2399223506617822,41.14738637213173],[1.2402197718512806,41.14743735440765],[1.2404254779237889,41.14747215880052],[1.2404509229867848,41.147512652267885],[1.2404977110067972,41.14759040949726],[1.2405555790359502,41.14767150300518],[1.2405905671373698,41.147720584907155],[1.2406688211230723,41.14777032779854],[1.2407863703529136,41.14783861283365],[1.2408541427750344,41.14788872241279],[1.2408994509378561,41.14791738259339],[1.2409707444369455,41.147960596657974],[1.2410201005370607,41.14796657306116],[1.2410671386254226,41.147947508512296],[1.2411007253326825,41.147877990544856],[1.2410754640084238,41.14783564089389],[1.2410553756986096,41.14780367294872],[1.2410024129709407,41.14774798350994],[1.2409575408016988,41.147702972536344],[1.2409185911913878,41.14764538756721],[1.240911548878292,41.147621533705845],[1.2409142069762364,41.14760046629722],[1.2409279026867004,41.147584317108475],[1.2409583598723604,41.147567897014646],[1.2410114505228735,41.147566596615675],[1.2411047316312334,41.147576464960615],[1.2413047994057056,41.147613292108616],[1.241415716557699,41.14764242620735],[1.241682268201104,41.14769926552459],[1.2418490672982927,41.147727141092254],[1.2419688660047394,41.1477374126834],[1.2421333254087659,41.147748366792044],[1.2422255503557504,41.14774555275969],[1.2423655074407192,41.14773291317759],[1.2426126602949659,41.14767969511412],[1.2429969786610044,41.14761379357032],[1.243448174506153,41.14755313264192],[1.2437772176106647,41.147518046465734],[1.244442815313324,41.14742793434927],[1.244699255595631,41.147392794375975],[1.2448787000581334,41.14734189013499],[1.2448915249829262,41.147350709313336],[1.2449873022288502,41.14742332680867],[1.2450572816435792,41.147480239351324],[1.2451133048987642,41.14752432787016],[1.2451560102502208,41.147567313575976],[1.245171822959947,41.14759998129463],[1.2451818752272363,41.14772353630416],[1.2451785146531869,41.14784958915266],[1.245179648261533,41.14789644597703],[1.2451798706007386,41.14797751625745],[1.2451767261091058,41.14809546570457],[1.2451763102920874,41.14814680173196],[1.245179203078538,41.14821710378371],[1.2452272523035923,41.14834574149609],[1.245268909273248,41.14839231415491],[1.2453329372495814,41.14844012750939],[1.2454029900519614,41.14849433872795],[1.24547683185955,41.14854950837537],[1.2455632982597475,41.14861387684259],[1.2456417154088248,41.14865830717145],[1.2457499238674303,41.14872360751739],[1.2458053177717638,41.14874366689332],[1.2458952700559194,41.148766654025835],[1.2459578514221583,41.148779316915686],[1.2460432803653236,41.148793227603335],[1.2461216811517948,41.148802528373025],[1.246231052248435,41.14881229984539],[1.2463300131055008,41.148819211354954],[1.2464395282451715,41.148823580363675],[1.246541993587098,41.148824238951974],[1.2467499519934748,41.14880128278464],[1.2468123483822753,41.14878511771017],[1.2468926366372397,41.14875931770373],[1.24710558184935,41.14869229948747],[1.2471691708203336,41.14866714583929],[1.2472535835349288,41.14862969779411],[1.2474380588304945,41.14855774281799],[1.247541529808161,41.148520584599446],[1.2475761229674684,41.148510302105365],[1.2476806155436757,41.148488471943644],[1.247765453138374,41.14847084723893],[1.2478472192133898,41.14844326666029],[1.2479659175171909,41.14837121075079],[1.2480161679297053,41.14832783882806],[1.2480625826043488,41.14828530927226],[1.2480965822591832,41.14826150553957],[1.248135130731432,41.14824587858731],[1.2481732956329588,41.1482446576816],[1.2481931152612724,41.14825216512855],[1.2482165548190842,41.14826693358527],[1.248242304785267,41.14828443941269],[1.2483721738236317,41.14838369425092],[1.2484149777606686,41.148423077280164],[1.2484583553008324,41.1484588651437],[1.2485769547368104,41.148569658906816],[1.2487008168380997,41.148697645804184],[1.2487564897045704,41.148729912178055],[1.2488185924161024,41.14874987847028],[1.2488958490009954,41.14876636499828],[1.2489681520152376,41.14877196813393],[1.2490562024071805,41.14877690901411],[1.2491253139443341,41.14877705906547],[1.2492079582241786,41.148770207970806],[1.2492688048164897,41.14875852261701],[1.2493134036582387,41.14874839081327],[1.2493853766187841,41.1487305693405],[1.249431689622087,41.14872767039711],[1.2494901272570904,41.14873486301739],[1.249542702150816,41.1487653867217],[1.2495658308051258,41.14879185984328],[1.249577167582681,41.148813650006],[1.2495828773836946,41.14886778139987],[1.249578585172591,41.148903745893925],[1.2495717443564898,41.14892796198434],[1.2495579455463717,41.148962881231604],[1.24954295685716,41.14898877495658],[1.2495133878343647,41.149025256870445],[1.2494888937047586,41.14905010535497],[1.2494499138652115,41.14908193958127],[1.2493756965884408,41.149130353148635],[1.2493490607815865,41.14914616161153],[1.2492750857180275,41.14920414198689],[1.2492549194115155,41.14924471383629],[1.2492537549920464,41.149288519097944],[1.2492669865975845,41.14932866642138],[1.2492894606774458,41.14936491892356],[1.2493504023734865,41.14941287319092],[1.2494451717876405,41.14943946350206],[1.2494998941056674,41.14944299666855],[1.249580989989192,41.14944062639091],[1.2497911642049606,41.149424002717126],[1.2498374297847865,41.149422904378845],[1.2499446369603586,41.14942453275102],[1.2500636589157963,41.149429944434495],[1.2501088997412784,41.14943153174438],[1.2502102683523895,41.14943757576638],[1.2502792369689233,41.14944312651588],[1.2503243341258463,41.14945011691908],[1.2503670728795424,41.149456170729465],[1.2503973024827568,41.14948455305713],[1.2504180972560799,41.149509189061824],[1.2504437238740305,41.14956722507493],[1.2504561804326564,41.14960074182642],[1.2504642254841387,41.149656710138686],[1.2504616240777284,41.14970080794149],[1.2504436067548788,41.14975097583911],[1.2503993594014322,41.149801645966015],[1.25037734344345,41.14982292931438],[1.2503371028195478,41.14987730199656],[1.2503339710639345,41.149930360437786],[1.2503402334539881,41.149963783088005],[1.2503454698768313,41.14999989237958],[1.2503452469459335,41.15002893345986],[1.2503774835058366,41.15006874519039],[1.250424547586483,41.150113101248785],[1.2504807836779268,41.15012318733864],[1.2504863758755187,41.15012427482439],[1.2505052413876008,41.15012211771685],[1.2505837642157027,41.15012691269192],[1.250799628549998,41.150165319870496],[1.250900759034558,41.15018036620447],[1.251219875670577,41.15022574527842],[1.251374204296094,41.15024790425163],[1.2514762640822965,41.15026386493518],[1.251628403110269,41.150278784375146],[1.2517583858177932,41.150284359822116],[1.2518640681654039,41.150289567137975],[1.2519351092455056,41.15030685802345],[1.2520001228168172,41.15033576793715],[1.2520669215892053,41.150369207727024],[1.2521232139574867,41.15040338965573],[1.2521812479602923,41.15042588832729],[1.2522701342572906,41.15043534316248],[1.252352493353313,41.15043929531248],[1.2525384397618375,41.150437611586334],[1.2526076726906672,41.150433257679694],[1.2526937258703845,41.15042375358751],[1.2527589556574366,41.15042654479658],[1.2528872475476514,41.1504420014934],[1.253232881359866,41.15049408160004],[1.2535023055903036,41.15052608928013],[1.2536415557018927,41.1505417122315],[1.2537483825541056,41.15055774319599],[1.2538268106279846,41.150566137498224],[1.253925609301761,41.150561330366074],[1.2540227410069547,41.15054748953995],[1.2540716048065335,41.15053832220493],[1.2543102775706043,41.15048969559401],[1.2544070042622046,41.15047314697304],[1.2546892738215576,41.150434187851424],[1.2549287076999514,41.15039277743657],[1.2552198636772387,41.150342242005486],[1.2553500867455611,41.150320794731996],[1.2554616076706844,41.150303568610504],[1.2555821577863797,41.150287378998435],[1.2556993247555475,41.15027293950227],[1.2557963841033057,41.15026179830934],[1.2559214840224904,41.15025378484613],[1.2560911589799422,41.1502365363008],[1.2561510767495931,41.15022393250177],[1.2561820239766106,41.150225301877725],[1.256220118380511,41.15022677947168],[1.2562692746394388,41.150237716624176],[1.256269071142986,41.15026940530709],[1.2563109755177582,41.150287783567116],[1.256365637205237,41.15031617398042],[1.2564492785800891,41.150370673431546],[1.256510012589543,41.15041275694321],[1.2565737309938068,41.15044560794568],[1.2566451064020374,41.15048181660744],[1.2567255334732244,41.15052726066196],[1.25686527447929,41.15060089413642],[1.256983920896608,41.15067006473795]]],[[[1.2624103618009506,41.15725917336619],[1.2623706024479373,41.15735345048806],[1.2623497855817882,41.157473215321495],[1.262333554846263,41.15756784656382],[1.2623179907234643,41.157637287775074],[1.2622753304874474,41.15776709952862],[1.2622029117270497,41.15798392702067],[1.2621684863322662,41.158099038570725],[1.2621649592882134,41.15815828395027],[1.262190258253537,41.15824181782397],[1.262281235295918,41.15828604718358],[1.262330336225766,41.158357945911945],[1.2623968901941935,41.158511642319574],[1.2624287378405439,41.158642578365026],[1.2624298375726881,41.15867520905586],[1.2624107428058216,41.15872977166616],[1.2622998155684588,41.15899345663075],[1.2622838974803228,41.15907623428052],[1.2622654323184066,41.15918120922584],[1.2622665319691975,41.159213839913875],[1.2622780496412451,41.15928363573163],[1.2620892735845401,41.159301119321974],[1.2618935507914282,41.15932696923472],[1.261632392484881,41.15936877398207],[1.2615266657783706,41.159382427447],[1.2613736550691406,41.15940383839903],[1.2612702128233924,41.15941583092162],[1.2611421211652343,41.15942745203956],[1.2610276095549129,41.159434195201754],[1.260850573801844,41.1594315224872],[1.2606647545818446,41.15942193964325],[1.2601667705672628,41.159348342791475],[1.2599902279792947,41.159327038940624],[1.2598671559219234,41.15931840292549],[1.2597239141334142,41.159309461962074],[1.25960062640414,41.15930325891148],[1.259509807460061,41.1593116674249],[1.2594441632970876,41.15932491056079],[1.259422178435382,41.15934077090406],[1.2593990930000254,41.15936606249598],[1.259370497677361,41.159393560484624],[1.2593448614363243,41.15940805233681],[1.2593084716181104,41.15942324904455],[1.2592695066748065,41.1594283860529],[1.259240216606418,41.159425795911936],[1.2591782068040913,41.15941996836909],[1.2565183485719336,41.15828345183361],[1.2502865078088092,41.158534427866826],[1.2492985731760902,41.157561891974844],[1.2470293910399157,41.15520259229916],[1.2458651661916997,41.15399636667288],[1.244296814945071,41.152228802170995],[1.2443384735956662,41.152217501560784],[1.244471173171071,41.15216912085006],[1.2446733220200863,41.15209066805205],[1.2447707707071702,41.15204026703729],[1.2448961429144296,41.151972502758184],[1.2449913537926294,41.15193244490386],[1.2450764469688107,41.15190409286129],[1.2451473812478449,41.151891832036995],[1.2452396453679822,41.151888791029116],[1.245533683326187,41.15189475292947],[1.245611867767342,41.15190483891307],[1.245840022986054,41.15195427047521],[1.2460601009007966,41.15201247339632],[1.246353651311478,41.15211033846826],[1.2465711770313475,41.1521907390862],[1.246660572464915,41.15222174907584],[1.2467836515269146,41.15223993002013],[1.2468969280566315,41.15225796160332],[1.2469925984950294,41.15227424243992],[1.2470975200274592,41.152311418030514],[1.2471949551468884,41.15233513777325],[1.2472926654848087,41.15234848506595],[1.2474260213232982,41.15234903206943],[1.2475913378780095,41.15232782865158],[1.2476766673430197,41.15229058344564],[1.2480227998469886,41.15218170154115],[1.248173102944415,41.152135066986474],[1.2482835235331864,41.15211302744953],[1.2484507605574535,41.15209333462817],[1.2486300369789785,41.15206344720692],[1.2488114700305504,41.15202618008801],[1.2490715613186203,41.151981213849],[1.2492073110436552,41.15196548813291],[1.2495318629208518,41.151930396599184],[1.2499017829723853,41.15188561527942],[1.249972401103473,41.151885205854015],[1.2500681124650679,41.151900002134454],[1.250176019530347,41.15189867750065],[1.2503016510019636,41.15189465682615],[1.2504490848231022,41.15188207151587],[1.250516175486104,41.15186678463652],[1.2506207532614486,41.151843171461785],[1.2506994901798378,41.15183250746347],[1.2509511467915106,41.151809646382205],[1.251108145336197,41.15180610033595],[1.2512846713726837,41.151805816758525],[1.2514807237869257,41.151808793741665],[1.251633645667253,41.1518111155718],[1.2517551634634552,41.1518323309262],[1.2519010267981585,41.151926600289244],[1.2520104630320918,41.151996987293266],[1.2521761330392582,41.152108310778125],[1.252311306622891,41.15218782623817],[1.2524496333126791,41.15228324156759],[1.2525607270736894,41.15237202836271],[1.2526610997075194,41.15245164584341],[1.2527343929886003,41.152523375298316],[1.25280750554673,41.15259294108176],[1.2529126101900292,41.15268740232521],[1.2530466932336104,41.15280806343665],[1.2531166853825522,41.15286497038253],[1.2531669345355834,41.15290248294998],[1.253247389108721,41.1529513526616],[1.253315666851113,41.15298760646576],[1.2533825087802428,41.1530285232167],[1.2535145087999533,41.153093035897555],[1.2536753999001737,41.15317807312897],[1.253921227348064,41.153295833962325],[1.2540487279759054,41.1533592869925],[1.2541806946611764,41.153425060347736],[1.2542899682398987,41.15347481570872],[1.2544704695521816,41.15355744688244],[1.2547389970522838,41.15369113201285],[1.2549106116749982,41.153789841190196],[1.2550275305203253,41.15386142051871],[1.255161366838461,41.15395117994839],[1.2553741988041731,41.154100053819555],[1.255476014977697,41.15416590845243],[1.2555717575617311,41.15422266446095],[1.2557068542100036,41.154296409124235],[1.2558495218198242,41.154367746218966],[1.255911781890085,41.154401836536195],[1.2559828998878775,41.154420928489344],[1.2560600413661618,41.15443308492297],[1.2561855151123416,41.15444723425481],[1.2562822352735104,41.15445815665729],[1.256468251653192,41.154481239029664],[1.256728344786581,41.15451525972551],[1.2569843661519202,41.15452300658013],[1.2573399049971183,41.15450802892241],[1.2575454525237655,41.15450014933373],[1.2578159305364613,41.15448856695885],[1.2581785167587236,41.154468469016706],[1.2585032942367778,41.15444050213802],[1.2589257264895524,41.15442232651278],[1.2608917744579615,41.15531657283239],[1.2612365964952876,41.15543434668582],[1.2617669210302094,41.15570326405961],[1.2621050207028217,41.15582399907756],[1.2617764295220966,41.156234126371636],[1.261629857595821,41.15643649240991],[1.261638877673646,41.156466277435925],[1.2616831904019863,41.15649659522512],[1.2617630687370756,41.15651707329639],[1.261839496426629,41.15651970865094],[1.262025995589075,41.1565136286975],[1.2623494647161009,41.15644587066189],[1.2625228256617318,41.15641735500345],[1.2626070565464915,41.156421590206634],[1.2626773274802738,41.15643451047761],[1.262741090767363,41.15647105089919],[1.2628724990094538,41.15654567371631],[1.2630149674557836,41.156647146830984],[1.2630666146980192,41.156696847023646],[1.2630932812628874,41.15672689810612],[1.263113596760496,41.156774643066626],[1.2631123837687688,41.1568205806866],[1.2631095228815508,41.156854634266715],[1.2631084415182976,41.15686751299528],[1.2630435677202025,41.15690107797877],[1.2629729831419128,41.156900013283426],[1.2629160454998345,41.15690211965279],[1.2628213844475826,41.156921445696135],[1.2626739059729866,41.15700965000454],[1.2625538372380118,41.15709975120416],[1.2624534936768728,41.157185701136726],[1.2624103618009506,41.15725917336619]]],[[[1.2708081848831934,41.15312767607455],[1.2702837753784137,41.15332444944892],[1.2699541322160735,41.15345172680297],[1.2700116017995453,41.15315156149873],[1.2700706836981752,41.15289429579195],[1.2700392901065192,41.15286905371867],[1.2700174431286384,41.152843324533045],[1.2699959442243733,41.15280435963313],[1.2699924258196738,41.15279313754858],[1.2699913988335927,41.152777809469285],[1.270198464603724,41.15172840036812],[1.2694932690805507,41.15162214632967],[1.2691108056552358,41.151678279452085],[1.2690933077547462,41.15165486731948],[1.2689176965899913,41.15174824695928],[1.2687594573228944,41.15183810436581],[1.2685627626791869,41.15198088757273],[1.2684194438027845,41.15208790282638],[1.2683492160105845,41.15217529989285],[1.2682876524075803,41.15222328453732],[1.268166769764433,41.152410532858944],[1.2679111954547482,41.15244037686511],[1.2675803020573455,41.15253367058046],[1.2674858871719434,41.15255747100346],[1.2674371007888157,41.152346503352334],[1.2667534010134684,41.15228370156764],[1.2658337543380864,41.15203061859262],[1.2648962414699383,41.151664485951265],[1.2645023769899222,41.15154730896162],[1.2647207833276037,41.15126839716865],[1.2650579592845606,41.15109945372046],[1.2656160931598242,41.1508980777641],[1.2658822382756525,41.15077895410914],[1.2661713875488771,41.15068674814035],[1.2654367544084728,41.150382402812504],[1.2649372478846757,41.150145728630555],[1.2654996370181826,41.14966059275496],[1.2654174855816072,41.14961260674555],[1.265347721548273,41.14957840851069],[1.2652737627356478,41.14954964158504],[1.2651762948368608,41.14952214179877],[1.2650751375314933,41.14950350371644],[1.2649927709987105,41.14949532706329],[1.2649095188177129,41.14949362236634],[1.264805797987445,41.14949989604039],[1.2646836243699273,41.14951904242583],[1.2645855870701281,41.14954476754757],[1.264370069159364,41.14961952399794],[1.263793147301848,41.14981061246576],[1.2636824713358294,41.14984560407752],[1.263614742583199,41.14986954789492],[1.2635433784183894,41.1498739249343],[1.2634571443947784,41.14984914309434],[1.2633904454495166,41.1497930729909],[1.2633786187290243,41.14975896450938],[1.2633439581610968,41.14965899965691],[1.2632488181549284,41.14939887112081],[1.263147944842235,41.14914379027035],[1.2631370131137458,41.14912002589591],[1.263127630480758,41.14910529232698],[1.2631155797198406,41.14909232000369],[1.2631041200751103,41.149084040464885],[1.26305627615341,41.149099802464384],[1.263005648634814,41.14909912891246],[1.2629303769006315,41.149120151838844],[1.262692838504057,41.149239069753044],[1.2624999681964773,41.149349653683196],[1.2622049766993095,41.149505174675426],[1.2622069202656705,41.14904357261948],[1.2621594631351487,41.14903638191418],[1.2621415948766306,41.14901736597833],[1.2621276860088126,41.149002564023526],[1.2621074404929695,41.14898101894692],[1.2621730018816018,41.148622323144814],[1.2621908270282207,41.14856180000543],[1.2622562549267624,41.14852017401499],[1.2622714571646325,41.1485105015327],[1.262299293725285,41.148510374825214],[1.262473413832197,41.148509579258146],[1.2625963543430494,41.14851098375053],[1.2634184595578752,41.14853392259403],[1.2634586360353786,41.14853504366684],[1.2634755073901072,41.148539646870496],[1.2635521703189982,41.14856056430056],[1.2636113909631728,41.14859986859566],[1.2636224267294696,41.14861680415173],[1.2636578154227718,41.14867111217659],[1.2636860980039777,41.148696669378104],[1.2637122572429595,41.14871237644501],[1.263728655361242,41.148718658670056],[1.263746296926944,41.148722978002496],[1.2637644672346326,41.148725323666625],[1.2637826921892872,41.14872559843959],[1.263800733554357,41.14872379872992],[1.2638184650833872,41.14872019285741],[1.2638524960244784,41.14870854586634],[1.263884022784895,41.148692447465244],[1.263897389393905,41.148682650714186],[1.2639066367847833,41.14867090029891],[1.2641087178369195,41.14828329376488],[1.2641208212797133,41.14826007847179],[1.2641369409290968,41.148247869562354],[1.264159678906892,41.14823064778573],[1.2641793320616885,41.14821576197555],[1.2642858501699867,41.14819823658219],[1.2643244983315536,41.14820746083326],[1.2643655894843497,41.14821726774206],[1.2643750925537598,41.14821953582406],[1.2644237554179845,41.148234808151834],[1.2646782090888946,41.148314665591485],[1.2647326034409296,41.1483261140242],[1.2647512691430804,41.14832774640138],[1.2647698655943378,41.148327486168725],[1.2647978552497618,41.148323494267295],[1.2648163393119907,41.148318458387976],[1.2648339155520594,41.14831169741258],[1.264857499460611,41.14829854159367],[1.264870410749252,41.14828792719749],[1.2648804988505042,41.14827591914592],[1.264978404059847,41.14812859126074],[1.2650457175383598,41.148034216557335],[1.2651978197008822,41.14781087146393],[1.2652421991593423,41.14775335100095],[1.265355394746785,41.14765561481228],[1.265373974595761,41.14763337606265],[1.2654507269776407,41.147479243767734],[1.265486567339192,41.14741700169154],[1.2657659267955057,41.147618832376764],[1.26607170410835,41.14778593111429],[1.266691749717024,41.147142045228016],[1.2664416531496483,41.14702352580067],[1.2664948248678622,41.14693208994153],[1.2669741237443084,41.14715260018642],[1.2669935230280438,41.147135417672615],[1.267039216204759,41.14710349832335],[1.2670989002336959,41.14708872348939],[1.2671230400982532,41.147082748196176],[1.267200391306522,41.147076469260554],[1.2688686442630221,41.146941046393245],[1.2688889498613258,41.14693939791658],[1.2689219293667475,41.14694481983975],[1.2689731854766104,41.14695324663655],[1.2690104007325755,41.14695936542738],[1.2690892160246445,41.14701184390396],[1.2691245279137016,41.14706622298542],[1.2691395830658498,41.147089407452206],[1.2691390404972906,41.1471260704247],[1.2691332143719494,41.147519698450004],[1.269127034301617,41.14775010616908],[1.269135241958414,41.1478004910926],[1.269142514847855,41.14781393142805],[1.2691520769986582,41.14782641535113],[1.2691755652810268,41.147848566401194],[1.2692453364139296,41.147896093455536],[1.269343285601978,41.14797322807133],[1.2694280936054811,41.14804710259217],[1.2694588166688558,41.14806602954963],[1.269476501806632,41.14807323104324],[1.2694853022216364,41.148073903734975],[1.269493697211396,41.14807186809925],[1.269262224091006,41.1482144903235],[1.2691396873773333,41.1482974087331],[1.2691052382954915,41.1483249941912],[1.2690844578444225,41.14834485853327],[1.2690485363577448,41.14838764442887],[1.269020870119469,41.14843370700536],[1.2690058549626715,41.148469961470795],[1.268995819027167,41.14850719152334],[1.2689910123993096,41.1485449505509],[1.2689914445629042,41.14858287839907],[1.268997005884652,41.14862061312189],[1.2690122841016245,41.14866948298673],[1.2690293589026755,41.14870441831125],[1.2690772974821196,41.14878917834898],[1.269231205013981,41.14900866112001],[1.2696998792147065,41.14964316275081],[1.2702255234854538,41.150363818708854],[1.2702932490578192,41.15045301887037],[1.2703649531466499,41.15054047725856],[1.2704405213752727,41.15062601199906],[1.2705199561194571,41.1507095330459],[1.2706030191441264,41.15079103681325],[1.2706897151889742,41.1508703432159],[1.270780046625487,41.15094736220664],[1.2712879441855731,41.15136915000095],[1.271473271186691,41.15155442273984],[1.2714915721858713,41.151574513814765],[1.2715081794525187,41.15159557028321],[1.2715292417673956,41.15162849336974],[1.271540917700485,41.15165127730495],[1.2715544114188415,41.15168651879586],[1.2715606937073973,41.15171048281595],[1.2715661730689034,41.1517468650573],[1.2715657224672463,41.15179576871572],[1.2715565876766601,41.151844091658035],[1.2715387899683752,41.151891023531434],[1.271143422252054,41.15263775053361],[1.2710962721001422,41.152713245623545],[1.2710523098217235,41.15278986944794],[1.2710116569170007,41.152867533760165],[1.2709743157619113,41.15294614852507],[1.2709402887330288,41.15302562370715],[1.2709095782071607,41.15310586927053],[1.2708081848831934,41.15312767607455]]],[[[1.27872129083427,41.14467948069754],[1.2797316872899134,41.144897724376214],[1.2797917910639725,41.144914115010124],[1.2798505046202289,41.14493354738339],[1.2799347985561835,41.14496813403313],[1.2799882021327476,41.14499469299362],[1.2800391529191382,41.145023917534324],[1.2800874150478827,41.145055714061264],[1.280132755003318,41.14508989894131],[1.2801748201562912,41.145126286762455],[1.2802136128585109,41.14516478748893],[1.2802489019428775,41.14520512744795],[1.2802947805286278,41.14526886477343],[1.2803295120625557,41.145330544059384],[1.2803453915905818,41.14536582019725],[1.280358874769886,41.145401600997026],[1.2805119035362482,41.14590668232382],[1.2796751094663092,41.146031818965035],[1.279593047815363,41.14603942037456],[1.279435319430061,41.1460424684193],[1.279362569348318,41.14604030058033],[1.2791641871309822,41.14602589688771],[1.279058508597829,41.14602071471945],[1.278930585504407,41.14601862284812],[1.27880388788711,41.1460197918351],[1.2787005354904404,41.1460259034258],[1.278220755529605,41.14607304618358],[1.2781058278023198,41.14607979484671],[1.2779912443129429,41.1460824951871],[1.2777462857876687,41.1460811739928],[1.2776104150632992,41.14607770075142],[1.2774937227078573,41.14606992040628],[1.2771709591252949,41.14603194482736],[1.2772445227251779,41.146328650208595],[1.2770171235882777,41.146319926593925],[1.2766864183725062,41.14631320380062],[1.2763112837801605,41.146300494359124],[1.2759175676686074,41.146280409439015],[1.2754982353199682,41.14625284440823],[1.2751728268407094,41.14622313660047],[1.2747408497689803,41.14618562345181],[1.2733960727025182,41.14603213718712],[1.2727837226769958,41.14593780896948],[1.2723444930719263,41.14586381317385],[1.2718658524784032,41.14577148592477],[1.2714000910739345,41.145680236344106],[1.2711201876356737,41.145615722476144],[1.2708868732679424,41.14556432513473],[1.2707799762231016,41.14554675524677],[1.2707936921640726,41.145400532446786],[1.2708024277302172,41.14524993650264],[1.27081053781823,41.14505326254282],[1.2708158334329676,41.14490769063683],[1.2708076049846921,41.14477303355943],[1.2707648725027445,41.14460811756994],[1.2707207130314797,41.14444151195304],[1.2706736068303974,41.144275140396715],[1.2705977836061275,41.14409418956529],[1.2711722304247979,41.14398103388554],[1.271403631953863,41.14397649084858],[1.2720517340572768,41.144057736313016],[1.2730960190109015,41.1441940103827],[1.274227540186635,41.14435265976268],[1.2743680222026126,41.14438007583877],[1.2748448420451126,41.14453638319026],[1.2750840851669556,41.144631560089955],[1.2751075943186085,41.144585986793686],[1.2751463889667427,41.144510634992265],[1.276169890041895,41.1445583869192],[1.27626698508554,41.14448174561306],[1.276544772675261,41.14422117398667],[1.2769303153950806,41.143845297146775],[1.2769311572448987,41.143831348181315],[1.2769432539659422,41.14378802314612],[1.276966644940519,41.14375477529673],[1.2769951765634062,41.143729981291386],[1.2770240195857783,41.14371149715918],[1.2771615682502486,41.14364158538001],[1.2772204927969766,41.14363012666103],[1.2773002664325572,41.14363699471114],[1.2773481591095017,41.14365095208667],[1.2774129739880729,41.14368759113798],[1.277433071879878,41.14370275406639],[1.2776049200127342,41.143897543577225],[1.277728823117871,41.14404661544909],[1.277771289420318,41.144064958295985],[1.2779024950161635,41.1440991058281],[1.2780058954157871,41.14410188421697],[1.2783064950767282,41.14412133100355],[1.2783809047865384,41.144128298264924],[1.278573835329915,41.14415045828371],[1.27870734091649,41.144160656018464],[1.2787392118341983,41.14415094854448],[1.278792690135702,41.144129049041695],[1.2788346104013595,41.14411625445655],[1.278863772513138,41.14412200469834],[1.2788796851641058,41.14412863781326],[1.2787911811623833,41.14446464442786],[1.278770958813555,41.14453622170749],[1.2787482445108376,41.1446074014386],[1.27872129083427,41.14467948069754]]]]}},{"type":"Feature","id":"431482--zone--campclar","properties":{"name":"Campclar","officialName":"Campclar","municipality":"Tarragona","kind":"zone","quality":"official","code":"7"},"geometry":{"type":"MultiPolygon","coordinates":[[[[1.237064865992214,41.15363707144053],[1.2370503181712735,41.15350625285645],[1.2370333943823755,41.153392811036625],[1.237015910327299,41.1532503828657],[1.2369408522235634,41.15306796031401],[1.236914584746165,41.152989590825236],[1.2368974657954026,41.15290189730299],[1.2368987774511855,41.152867184773505],[1.236911338275515,41.15283223013287],[1.2369398653754267,41.1527799464618],[1.2369881113145451,41.152714784117386],[1.2370812009271153,41.152566834702576],[1.2371573445270805,41.15247281083475],[1.2372059049868165,41.15239593815692],[1.2372394948281935,41.152371555828964],[1.2372884623599125,41.15235180360112],[1.2373278629287163,41.15232751019233],[1.237412302668522,41.152213110443725],[1.2374741833908234,41.152145228266576],[1.2375204533715114,41.152081500051345],[1.2375374757736317,41.15202464722139],[1.2375880496083471,41.15194487597409],[1.237629997517077,41.151825432810796],[1.2376676727838445,41.151684689243595],[1.237689745128965,41.151583979967],[1.2377126944086554,41.151522823986966],[1.2377509035927152,41.15147068826645],[1.2377812866851177,41.15142136198565],[1.2396110494942376,41.15143980274677],[1.2397227812535179,41.151437187160155],[1.2397680932674413,41.15224233277044],[1.2397846160353037,41.15242651690102],[1.2399371931907088,41.152598819073965],[1.2399785990938588,41.152628005449166],[1.239967288290517,41.15268106644297],[1.2399523829059977,41.152797214525236],[1.2399462852607341,41.15291372691089],[1.2399491244819703,41.15303036687866],[1.2399806422800648,41.15353744849705],[1.2401454384136912,41.15353237834215],[1.2402420090690602,41.15362888242633],[1.2404644315862585,41.15384107319715],[1.2405498041908096,41.15386615722003],[1.2406149179178056,41.15391795392255],[1.2408512913527807,41.154397337040905],[1.2408914204590453,41.15455900273545],[1.2409350648248825,41.1547006355638],[1.2410338510040877,41.15504865998495],[1.2411050038931382,41.15528916401899],[1.2411158933376154,41.155345446568276],[1.241132433724421,41.15551575928067],[1.2412001861079225,41.15669469419473],[1.241210758051168,41.15703920922366],[1.241209678101905,41.15710188435081],[1.2411990101518473,41.15726907921743],[1.2411883671369526,41.15735729472972],[1.2411724275441351,41.15746539518037],[1.2411521403841952,41.15757335446074],[1.241102072915494,41.15786794289054],[1.2410599503199016,41.15809716872995],[1.2410452355129964,41.158206203910744],[1.2410389276131202,41.158295010745206],[1.2410375380862328,41.1583647969865],[1.2410538481945643,41.1589938537292],[1.241064129445807,41.15952301618021],[1.2410707663948988,41.15969822167096],[1.241141879416836,41.15982451092633],[1.2414930673175049,41.16000020467736],[1.2427499597225546,41.160652703217714],[1.2431946507900524,41.160888907267896],[1.2448131063363301,41.16162949692309],[1.244941808686242,41.161692799065335],[1.2450207720909354,41.161726249080004],[1.2452401849176769,41.162034944145056],[1.2453453539187394,41.16223421170078],[1.245418099526901,41.16240737884896],[1.2454733974113708,41.162544087421644],[1.2455128091063343,41.16264101858703],[1.2455617814760669,41.162738652062586],[1.2456358557655225,41.162834441323255],[1.2456957328972644,41.16290996825121],[1.2457459232094474,41.162961960732275],[1.2459114123604054,41.163138767945384],[1.2460416590505297,41.16328329960333],[1.2461003613412789,41.1633476716613],[1.2461661631615877,41.163422174367135],[1.2462210196837114,41.163492613729574],[1.2462846058314327,41.16359492362843],[1.246310961013817,41.16365657630326],[1.2463617985213484,41.16376465851057],[1.246397108887186,41.16383783741447],[1.2470491792909482,41.16323321804691],[1.2488791809163966,41.161536384220256],[1.2499716676351,41.16260199615701],[1.2481660960351249,41.16431872338181],[1.2475498695733849,41.164904750133225],[1.2479906684005877,41.16688137803823],[1.2476057287693412,41.16683408640494],[1.2472648166971363,41.16665701478529],[1.2469359936656577,41.16649078287062],[1.2467817048590646,41.16641381736859],[1.2466902271327334,41.16636179208883],[1.246592126957229,41.1662936759455],[1.2464465538196503,41.16617642467305],[1.2462860769606552,41.16602297064988],[1.2461103806898959,41.1658892711272],[1.245918455952327,41.165769092851484],[1.2456491627898276,41.165635134179325],[1.2452376192891759,41.16544737225269],[1.2448268093004682,41.16524248795091],[1.243898772168308,41.16486714153755],[1.2427036570406824,41.164450781747774],[1.2417598337447897,41.16587035325614],[1.239831755045327,41.16598501528291],[1.2400870480207853,41.16130056215385],[1.2398833003312348,41.16141018114653],[1.2368509155795409,41.163041729880604],[1.236948132074095,41.16258433519125],[1.236966739070462,41.16235584456443],[1.2370117034025425,41.162156962181186],[1.2370303226568171,41.16196294666511],[1.2370678135093929,41.161753388640534],[1.2370724080589706,41.16167349391922],[1.2370973404322332,41.16155830877996],[1.2371656926235803,41.16145322180653],[1.2372498329832382,41.16134130025778],[1.23731194661405,41.16123611769102],[1.2373458575515532,41.16113522146625],[1.2373549405744897,41.16104619886586],[1.2373264596664482,41.16092737492346],[1.237289696355051,41.16078530216876],[1.2372690981363321,41.16062224999388],[1.2372551435693473,41.16056071483628],[1.2372290885444994,41.16048484380045],[1.237182398784856,41.16036384500784],[1.2371535841430548,41.1602200969047],[1.2371065104341685,41.16005136013325],[1.2370994891786635,41.15996398795356],[1.237117549707582,41.159872282575265],[1.2371321225259304,41.15979886468797],[1.237147748610007,41.159676988641934],[1.237146144991695,41.159620359722744],[1.2370724536138038,41.1594588528176],[1.2370419938603188,41.1593145174207],[1.2370345686705622,41.15912572279961],[1.2370457354733735,41.15894192999355],[1.2370561427194833,41.1587864277408],[1.237022879107038,41.15863025689547],[1.236956397836283,41.15845574278883],[1.236920481876995,41.158357140906716],[1.2368911765845085,41.15829101286867],[1.236844126339604,41.158218172823794],[1.236808276209997,41.158112368684584],[1.236801462298499,41.157981668578195],[1.236764077760111,41.157836856844725],[1.2367106507406485,41.157713240692736],[1.2366590718457553,41.157616941673716],[1.2366227523432862,41.15750408378273],[1.2366225235518227,41.15744095542586],[1.2366218770029818,41.1573688258679],[1.2366406147343447,41.15715080372109],[1.2367565645272733,41.15686604886827],[1.2368274022136592,41.15672484249209],[1.2368882319748562,41.15658128592917],[1.236909732399764,41.15644347109843],[1.2368965645588579,41.15618148427961],[1.236847481709534,41.155879204131736],[1.2368086168798156,41.15569343730457],[1.2367803773442818,41.15549613702254],[1.2367653396979326,41.15528734454598],[1.2367357225101128,41.15504519233304],[1.2366962117268596,41.15478729496886],[1.236687185822837,41.15464291738374],[1.2366946918026032,41.15455531898843],[1.2367312310676517,41.154442825489014],[1.2367939157757302,41.154317087869494],[1.2368558157234217,41.154220576275925],[1.2369410741989058,41.15411857465868],[1.2370055516305243,41.15402210154082],[1.2370415690756575,41.153929091994456],[1.237064625513385,41.1537423230528],[1.237064865992214,41.15363707144053]]],[[[1.2397680932674413,41.15224233277044],[1.2397227812535179,41.151437187160155],[1.2397191127257257,41.15134714691752],[1.2397158028960042,41.15125260844447],[1.2397112042987857,41.15107707352462],[1.2397065145356467,41.15080695924637],[1.2397063702627458,41.15037586167432],[1.2397107126851157,41.15003094364872],[1.239712532780964,41.149740211754896],[1.2399302217420476,41.1498234016631],[1.2401914220977504,41.1499353016219],[1.240690442366805,41.150146761799334],[1.2407303610458789,41.15016369400423],[1.2407896224055677,41.15012311022206],[1.240917205367219,41.15003573973553],[1.2410129257122193,41.14999149638114],[1.2411743259232744,41.14991689404739],[1.2417786849758465,41.1495054211364],[1.2419182287990391,41.14941041188708],[1.2421197313766368,41.14936160340076],[1.2421504071081613,41.14936864708287],[1.2421778895804263,41.14937924498488],[1.242218539993992,41.14939652922629],[1.2422836499462528,41.149437739418644],[1.2422925792534443,41.14944500238841],[1.2422991905798042,41.14945356667964],[1.242363754396588,41.1495634906658],[1.242448074465547,41.149775101047915],[1.2424997958916293,41.15020338293897],[1.2458651661916997,41.15399636667288],[1.2470293910399157,41.15520259229916],[1.2492985731760902,41.157561891974844],[1.2502865078088092,41.158534427866826],[1.2485567981633496,41.158604070608334],[1.2470625518065377,41.1585480064826],[1.2472685488316397,41.15976263982299],[1.2447951377257562,41.159783964189565],[1.2450207720909354,41.161726249080004],[1.244941808686242,41.161692799065335],[1.2448131063363301,41.16162949692309],[1.2431946507900524,41.160888907267896],[1.2427499597225546,41.160652703217714],[1.2414930673175049,41.16000020467736],[1.241141879416836,41.15982451092633],[1.2410707344323508,41.159698258113195],[1.2410641267982017,41.15952302604794],[1.241053805318693,41.158993808037245],[1.2410375116602104,41.158364804689505],[1.2410388759283961,41.15829502706978],[1.2410452355129964,41.158206203910744],[1.241059921511282,41.15809717639652],[1.241102072915494,41.15786794289054],[1.241152092791152,41.15757339606863],[1.2411724275441351,41.15746539518037],[1.2411883671369526,41.15735729472972],[1.2411990101518473,41.15726907921743],[1.241209678101905,41.15710188435081],[1.241210758051168,41.15703920922366],[1.2412001316450134,41.1566946807525],[1.241132433724421,41.15551575928067],[1.2411158596448006,41.15534545866407],[1.2411049949888773,41.15528914046374],[1.2410338382727863,41.15504869041566],[1.2409350487605153,41.15470065693624],[1.2408914204590453,41.15455900273545],[1.2408512913527807,41.154397337040905],[1.2406149179178056,41.15391795392255],[1.240549802156682,41.15386618871491],[1.2404644315862585,41.15384107319715],[1.2402420090690602,41.15362888242633],[1.2401454384136912,41.15353237834215],[1.2399806422800648,41.15353744849705],[1.2399490938229454,41.15303035470035],[1.2399462852607341,41.15291372691089],[1.2399523602617044,41.152797170042746],[1.239967288290517,41.15268106644297],[1.2399785990938588,41.152628005449166],[1.2399371931907088,41.152598819073965],[1.2397846160353037,41.15242651690102],[1.2397680932674413,41.15224233277044]]]]}},{"type":"Feature","id":"431482--zone--bonavista","properties":{"name":"Bonavista","officialName":"Bonavista","municipality":"Tarragona","kind":"zone","quality":"official","code":"8"},"geometry":{"type":"MultiPolygon","coordinates":[[[[1.2563576584558591,41.13864469453969],[1.25642852077415,41.138713331411736],[1.2572344504790576,41.139462021048296],[1.2580885025691761,41.14026013621921],[1.258291829672331,41.140453880314595],[1.2583940476202853,41.14056786621247],[1.2585590431070812,41.14077252365004],[1.258606999161101,41.1408243841092],[1.2586500778462473,41.140861992170045],[1.258694521483534,41.14089444246952],[1.2587517384749043,41.14092953591041],[1.2587948670734461,41.140952202210876],[1.2588587425244129,41.140982017921814],[1.2589444000680576,41.14101624418093],[1.2590263400111181,41.141041919248714],[1.2590985296865655,41.141057422472905],[1.2591562671353969,41.14106524001097],[1.2592371163200138,41.141066794500865],[1.2592944096920982,41.1410629766374],[1.2593561932122563,41.14105201975023],[1.2594038031449328,41.141037705908595],[1.259442337393816,41.14102280450652],[1.2595081337926517,41.14099170987766],[1.2596393463719762,41.140909016501645],[1.2599231883428303,41.140721436065924],[1.2599917042235864,41.14068065870215],[1.2600673936110367,41.14064124981976],[1.2601001734228845,41.14062721604416],[1.2601271587455898,41.14061783263705],[1.260170828127207,41.1406056288368],[1.260203515143764,41.1405982591446],[1.2602593668274966,41.140589915291905],[1.2603207500074616,41.140587319759106],[1.2603812795832794,41.14059087329772],[1.2604311739198948,41.14059920224159],[1.260488025729078,41.140614778264144],[1.260545573491665,41.14063607639649],[1.2606300167289493,41.140672534926914],[1.2606994161390934,41.14070565771925],[1.2607735026395055,41.14074578249059],[1.2606879540421592,41.14119343992967],[1.2558791841992498,41.141173676263215],[1.2540890990737443,41.141163215613034],[1.2540627725221138,41.14116299663885],[1.25398742666653,41.14114663173899],[1.2539891576038804,41.14128798483812],[1.2538245724982728,41.14189565387598],[1.252298025562459,41.14164767130183],[1.252435543304168,41.141153447880534],[1.251253631790706,41.14114649570239],[1.247367402745245,41.14171487618775],[1.2468517558094996,41.14122125610999],[1.2466146868125592,41.141049748164356],[1.2461043209506715,41.14069816245239],[1.246067944127529,41.14069142302673],[1.2460547646039424,41.14067542955092],[1.2459808412252749,41.14051189945814],[1.2458332759008874,41.14023690643494],[1.245681908584988,41.13988556224722],[1.2455868372733596,41.13973323926328],[1.2457714030517615,41.13957211532407],[1.2457702236962933,41.139549308524145],[1.245811641587256,41.13946608010427],[1.2458344643458448,41.13940103369145],[1.2458486807179054,41.139337027150255],[1.245869076059338,41.139260234075884],[1.245905229752835,41.13915098399172],[1.2459554443887786,41.13902825673787],[1.2459824935294253,41.138970030245545],[1.2459972787626432,41.13895620381781],[1.2460175320542453,41.13894732468953],[1.2462237596581016,41.138943439614565],[1.2463555794499732,41.138937340262316],[1.2464044730633221,41.138931239115806],[1.2465120735899868,41.13890846731762],[1.246594823703865,41.13881668032445],[1.2469792199960916,41.138399542531396],[1.2470761485741841,41.138280858584594],[1.2472288300252439,41.13808636973081],[1.2473735199423819,41.137901126791505],[1.247465081288343,41.137778127318924],[1.2475151067601276,41.13769367811686],[1.2475293181315352,41.13766110726099],[1.2475398566823133,41.1376277599178],[1.247548599840863,41.13757682072797],[1.2475658555752258,41.13752835300814],[1.247598325799945,41.137458859218114],[1.2476387154479873,41.13739173778348],[1.2476700068281128,41.13734861785967],[1.247810283821908,41.137141058789034],[1.24791522236904,41.137222641495825],[1.2480375294601498,41.137323133750854],[1.2480544190515162,41.13729735915655],[1.2480740214682091,41.137272616647586],[1.2480954766790229,41.137249883959015],[1.2481211122009332,41.13722676448451],[1.2481678369552411,41.13719018440775],[1.2484215685648419,41.13700380643178],[1.2485129119925718,41.136929172786616],[1.2485770971083723,41.136867727298124],[1.2486997853310846,41.13673448131086],[1.2487176984494042,41.136710523669606],[1.2487631106894221,41.1366381638058],[1.2487977906330974,41.13656167744927],[1.2488386945337486,41.13648411475187],[1.249373043398552,41.135891880257425],[1.249724630130919,41.135676062392996],[1.250742699892831,41.1350453509813],[1.2513939317741853,41.13459134505748],[1.2517742900822684,41.13462266557843],[1.2520281628062566,41.13463835308775],[1.2521263563399976,41.1346396443447],[1.2521958753756102,41.13463537510445],[1.252248029863517,41.13462868321354],[1.252291875448691,41.13461764341248],[1.2523915477763774,41.134576783073925],[1.2524310655905289,41.134556430492516],[1.2524831756945713,41.13452322257173],[1.2525164484270923,41.13449671227941],[1.2525459001330927,41.134468773965594],[1.2525823380027852,41.13442692604278],[1.2526133303686005,41.134383538078524],[1.2526678682778905,41.13428138690391],[1.2527080959358023,41.13417866639694],[1.2527198849472292,41.134153115456876],[1.2527377957414483,41.13412220517907],[1.2527491252353116,41.13410795162272],[1.2527625437615255,41.13409475480735],[1.2527868559580575,41.13407739517763],[1.2528055287305617,41.134067779268804],[1.2528258575737528,41.13406000168202],[1.2528584876361433,41.13405239539608],[1.252892134487339,41.134050559390154],[1.252924871731259,41.134055613791745],[1.2529833189072925,41.13407162484144],[1.2530364101587341,41.13408972721613],[1.2530684819838533,41.13410845471167],[1.253081758748871,41.13411878048477],[1.25308933298124,41.13412809559203],[1.253094737962528,41.13413852354321],[1.2531182018585234,41.13420350345549],[1.253168754417524,41.13436671612792],[1.2532929474340626,41.13478176104138],[1.2533121007899204,41.1348552452261],[1.2535776535560805,41.134945723338596],[1.254130394460358,41.13466035189393],[1.2540812025345571,41.13503968570891],[1.254060566307664,41.135232483721616],[1.2540604390481602,41.13533704935241],[1.254064145273874,41.13540174304499],[1.254080195445573,41.13550503166482],[1.2541081314059388,41.13561163506249],[1.2541489453898789,41.13575583893812],[1.2542042794266626,41.13595134058415],[1.2542572487532992,41.13615223514677],[1.2542855480895534,41.13637638228129],[1.2543202150904296,41.13675271769296],[1.2543396730077314,41.13691038186897],[1.254378067270327,41.13706383834932],[1.254435648841584,41.1372090645879],[1.2545227110548614,41.137346900232316],[1.2545826694205908,41.13742268792782],[1.254705558617443,41.13754076451477],[1.2548408441472307,41.13764607520115],[1.2549784996914448,41.13774245021675],[1.25546240765701,41.13804866418655],[1.255851244703088,41.13827963016129],[1.2561560486886332,41.138471546052486],[1.2563576584558591,41.13864469453969]]],[[[1.2607221193591887,41.140680621202186],[1.2607735026395055,41.14074578249059],[1.2606994161390934,41.14070565771925],[1.2606300167289493,41.140672534926914],[1.260545573491665,41.14063607639649],[1.260488025729078,41.140614778264144],[1.2604311739198948,41.14059920224159],[1.2603812795832794,41.14059087329772],[1.2603207500074616,41.140587319759106],[1.2602593668274966,41.140589915291905],[1.260203515143764,41.1405982591446],[1.260170828127207,41.1406056288368],[1.2601125670909803,41.140621909642945],[1.2600673936110367,41.14064124981976],[1.2599917042235864,41.14068065870215],[1.2599231883428303,41.140721436065924],[1.2596393463719762,41.140909016501645],[1.2595203816958498,41.14098399004328],[1.2594955479009393,41.140997657340584],[1.259442337393816,41.14102280450652],[1.2594038031449328,41.141037705908595],[1.2593561932122563,41.14105201975023],[1.2592944096920982,41.1410629766374],[1.2592371163200138,41.141066794500865],[1.2591714976001671,41.14106553239016],[1.2591387420420712,41.141062867350804],[1.2590985296865655,41.141057422472905],[1.2590263400111181,41.141041919248714],[1.2589444000680576,41.14101624418093],[1.2588587425244129,41.140982017921814],[1.2587948670734461,41.140952202210876],[1.2587517384749043,41.14092953591041],[1.258694521483534,41.14089444246952],[1.2586500778462473,41.140861992170045],[1.258606999161101,41.1408243841092],[1.2585590431070812,41.14077252365004],[1.2583940476202853,41.14056786621247],[1.258291829672331,41.140453880314595],[1.2580885025691761,41.14026013621921],[1.2572344504790576,41.139462021048296],[1.25642852077415,41.138713331411736],[1.2563576584558591,41.13864469453969],[1.2561560486886332,41.138471546052486],[1.255851244703088,41.13827963016129],[1.25546240765701,41.13804866418655],[1.2549784996914448,41.13774245021675],[1.2548408441472307,41.13764607520115],[1.254705558617443,41.13754076451477],[1.2545826694205908,41.13742268792782],[1.2545227110548614,41.137346900232316],[1.254435648841584,41.1372090645879],[1.254378067270327,41.13706383834932],[1.2543396730077314,41.13691038186897],[1.2543202150904296,41.13675271769296],[1.2542855480895534,41.13637638228129],[1.2542572487532992,41.13615223514677],[1.2542042794266626,41.13595134058415],[1.2541489453898789,41.13575583893812],[1.2543407089718297,41.13592094757086],[1.2545380616374346,41.13597380231005],[1.2563694435048804,41.13639895333683],[1.2567059311755993,41.13647880923101],[1.2569979071456718,41.1365433983989],[1.2571309544808258,41.13657621746426],[1.257199662336588,41.13659563245338],[1.257298310484355,41.13662721016056],[1.2573948530692387,41.136661818458656],[1.2574905929975357,41.136699747290336],[1.257584660864636,41.13674233462235],[1.25767504398179,41.136789099636225],[1.2577618686026153,41.136839774026704],[1.2578700636203644,41.13691130862931],[1.2579021905792624,41.13693539415233],[1.2580213996439835,41.137031955801184],[1.2580892455956798,41.13709747540089],[1.2582000540082208,41.13721886045561],[1.258242023133834,41.137276242178935],[1.2602530796692695,41.140061029669845],[1.2607221193591887,41.140680621202186]]],[[[1.248559365028578,41.131990461781484],[1.2487858582901024,41.131922566952284],[1.248954462515616,41.13187667046783],[1.249069010568492,41.13188336613902],[1.2494060869501455,41.131343989466274],[1.2496425729331073,41.13141991379295],[1.249785560151742,41.13148162617323],[1.2499984519275782,41.131535393155026],[1.250203874484186,41.13157436410297],[1.250287277280946,41.131632288166806],[1.250305558471109,41.13163923142632],[1.2504067249032786,41.1316922009515],[1.2504552402820102,41.13171356505348],[1.2507461394272996,41.13180868892957],[1.2509722419025782,41.131885443641025],[1.2511380921931021,41.131938674251806],[1.2512595723952573,41.131980421952846],[1.2513297428482442,41.13200283509955],[1.251358214530294,41.131998403373636],[1.2517960839594269,41.13159719313271],[1.2522229257463913,41.13053862943881],[1.2525264296168093,41.12979966892946],[1.2528144097986373,41.1297666571628],[1.2528475170845772,41.129767069342265],[1.2528375058055745,41.13009046554229],[1.2528173795251336,41.13044037036236],[1.2528296280822013,41.130584855726205],[1.2532010905261928,41.13050816221694],[1.253592522554969,41.130365745619436],[1.2535451030557403,41.130563551024395],[1.2535344054066297,41.130647968874825],[1.2535275143491438,41.13075505317891],[1.2535261154754898,41.130861680319484],[1.2535308878301183,41.130964707982564],[1.2535457244050454,41.13107905751466],[1.2535738064476227,41.1312150456592],[1.2536034496446604,41.13133709590216],[1.2536477558561558,41.13147675288014],[1.2536979278418818,41.1316243352737],[1.2538475624334082,41.13201950955292],[1.2539227857077404,41.1322107975462],[1.2540992410979834,41.132681860622625],[1.2541658983241533,41.132877252091156],[1.2542368390415903,41.13317170042814],[1.2542495109067502,41.13326890285152],[1.2542502940950253,41.13327531001948],[1.2542578702622318,41.13338945929539],[1.2542596367108099,41.13347559738044],[1.2542520223655946,41.13365491053989],[1.254230154819312,41.13387751365962],[1.2541304046771102,41.13466037096446],[1.253588137741968,41.134940697632246],[1.2535829604774202,41.134943281726756],[1.2535776535560805,41.134945723338596],[1.253312117319416,41.13485525088129],[1.2533121096757758,41.13485522464376],[1.2532929703922564,41.134781793816394],[1.2531687609895859,41.13436673784554],[1.2531181704208714,41.13420347595624],[1.253094755467724,41.13413853731999],[1.253089313902928,41.13412809620345],[1.2530818167447313,41.1341187948756],[1.253068510449826,41.13410841460985],[1.2530363623792915,41.134089731895806],[1.2529833496556688,41.13407163341454],[1.252924920558185,41.13405561453242],[1.2528921735519987,41.134050523952986],[1.2528585280112197,41.13405235547499],[1.2528258013424272,41.13405996569995],[1.2528055791307708,41.134067765621516],[1.2527868572923346,41.13407738979343],[1.252762568483685,41.13409476599142],[1.2527491124898547,41.13410798295544],[1.2527377738272243,41.13412222286159],[1.2527199170537766,41.13415311774553],[1.252708039079052,41.13417869886189],[1.2526679035270885,41.13428140545358],[1.252613367430121,41.1343835332363],[1.2525823117311359,41.13442692834643],[1.2525459351433517,41.13446880151916],[1.2525164813662117,41.134496728091946],[1.2524831334151774,41.13452324444884],[1.2524310231958486,41.13455641183425],[1.252391523504019,41.13457679981981],[1.252291911725762,41.13461762324588],[1.2522480136210834,41.134628666753585],[1.2521958914789975,41.1346353519295],[1.2521263203062496,41.134639610470245],[1.252028182047576,41.13463839121109],[1.2517742381604124,41.134622646775256],[1.2513939427027354,41.13459138215407],[1.2513874651430195,41.134516792145284],[1.2513870328520575,41.13433123199277],[1.2513806937375391,41.13418863778955],[1.2513754447311418,41.13400948986182],[1.2513762320228434,41.13382286731725],[1.2513433377717094,41.13372914068871],[1.2512937406061264,41.13360939910516],[1.2511602017844021,41.13330391013089],[1.25112950704946,41.13322606996138],[1.2511054830694353,41.13317517330646],[1.2510719197827194,41.133169439293184],[1.2510476717086922,41.13316285591324],[1.2510347633476238,41.133155453917304],[1.2510308267680725,41.13315116062998],[1.251025618489672,41.133145406836825],[1.2510196273402097,41.133133245859746],[1.251014773086848,41.13311416640549],[1.2510158588971783,41.133095717607574],[1.2508493562408527,41.13309832314425],[1.2506293402737012,41.13303895495819],[1.25022709797705,41.13281180125288],[1.249812095077227,41.1324373604452],[1.2497218750196397,41.13241626301109],[1.249640896530147,41.13239260372654],[1.2494798284023985,41.13234322678232],[1.2493274682183029,41.132293441536824],[1.2491886769604352,41.132244132593996],[1.2490541066252037,41.13219290601662],[1.2486875056192768,41.132046004814555],[1.248559365028578,41.131990461781484]]],[[[1.2513939427027354,41.13459138215407],[1.2507426980319845,41.135045376173885],[1.249724676690735,41.13567610363426],[1.2493730716696254,41.135891892396884],[1.2493168964061727,41.135934454384376],[1.2492627073423652,41.135978487730455],[1.2492105068731492,41.13602390239942],[1.2491602997887168,41.13607051831802],[1.2491122027891728,41.13611842733743],[1.2490662182710355,41.136167539422246],[1.2490225844238707,41.13621785819646],[1.2489810702481032,41.136269109926864],[1.2489419091442773,41.13632147831369],[1.248905105906333,41.136374783283166],[1.2488706605381865,41.1364290248375],[1.2488386945337486,41.13648411475187],[1.2487977906330974,41.13656167744927],[1.2487631106894221,41.1366381638058],[1.2487176984494042,41.136710523669606],[1.2486997853310846,41.13673448131086],[1.2485770971083723,41.136867727298124],[1.2485129119925718,41.136929172786616],[1.2484215685648419,41.13700380643178],[1.2481678369552411,41.13719018440775],[1.2481211122009332,41.13722676448451],[1.2480954766790229,41.137249883959015],[1.2480740214682091,41.137272616647586],[1.2480544190515162,41.13729735915655],[1.2480375294601498,41.137323133750854],[1.24791522236904,41.137222641495825],[1.247810283821908,41.137141058789034],[1.2476700068281128,41.13734861785967],[1.2476387154479873,41.13739173778348],[1.247598325799945,41.137458859218114],[1.2475658555752258,41.13752835300814],[1.247548599840863,41.13757682072797],[1.2475398566823133,41.1376277599178],[1.2475293181315352,41.13766110726099],[1.2475151067601276,41.13769367811686],[1.247465081288343,41.137778127318924],[1.2473735199423819,41.137901126791505],[1.2472288300252439,41.13808636973081],[1.2470761485741841,41.138280858584594],[1.2469792199960916,41.138399542531396],[1.246594823703865,41.13881668032445],[1.2465120735899868,41.13890846731762],[1.2464044730633221,41.138931239115806],[1.2463555794499732,41.138937340262316],[1.2462237596581016,41.138943439614565],[1.2460175320542453,41.13894732468953],[1.2459972787626432,41.13895620381781],[1.2459824935294253,41.138970030245545],[1.2459554443887786,41.13902825673787],[1.245905229752835,41.13915098399172],[1.245869076059338,41.139260234075884],[1.2458486807179054,41.139337027150255],[1.2458344643458448,41.13940103369145],[1.245811641587256,41.13946608010427],[1.2457702236962933,41.139549308524145],[1.2457714030517615,41.13957211532407],[1.2455868372733596,41.13973323926328],[1.245681908584988,41.13988556224722],[1.2458332759008874,41.14023690643494],[1.2459808412252749,41.14051189945814],[1.2460547646039424,41.14067542955092],[1.2460694226231017,41.14069321730833],[1.2460794223664688,41.14069354975302],[1.2461043209506715,41.14069816245239],[1.245895122268138,41.14109049304716],[1.2453637316796646,41.14119246885788],[1.245097778855353,41.14124192065004],[1.2448312805629203,41.141289471949],[1.2445642512340507,41.1413345825247],[1.2442964719074467,41.14137652844036],[1.2440279570344028,41.141414769464575],[1.2437582446638582,41.14144875810137],[1.24348758747084,41.14147795775003],[1.2432159831103327,41.14150245844303],[1.2429435435315024,41.141522532105036],[1.2426702663846818,41.14153826876912],[1.2423966209220922,41.14154994581445],[1.2421224808766302,41.14155783153442],[1.241848201199307,41.141562021419155],[1.241573658022047,41.14156269372521],[1.2412992014797009,41.14156012402129],[1.2410249459029608,41.14155449420325],[1.2407510032123816,41.141546076205486],[1.2404774925454802,41.141534871850816],[1.2402043922687358,41.14152169148113],[1.2392378251100866,41.14146863566497],[1.2392053008207236,41.14098750148507],[1.2391588796356603,41.14014846936135],[1.2391239869846997,41.139760345709156],[1.2390805703547776,41.13955278094495],[1.2389880474375192,41.13928798860987],[1.2388538827467603,41.13899427602488],[1.2386993477084627,41.13872718398471],[1.238544338159611,41.138504581235466],[1.2382964804430148,41.13815418356958],[1.2380202391922281,41.137760385606306],[1.2378599199832734,41.137500409874626],[1.237786486733842,41.13734615971614],[1.2377334870513383,41.1372030311205],[1.2376860217902963,41.137026749724605],[1.2376507933892518,41.13675832927088],[1.2376608058097742,41.13647781054551],[1.2376940521277848,41.136290694243364],[1.237756627755973,41.13607610364589],[1.2379106422381219,41.13570357040577],[1.2381232907984736,41.135232401691574],[1.2384133936669157,41.134595869618295],[1.238604812887239,41.134156441684084],[1.2397646831268927,41.13158768601144],[1.240014042029135,41.131039069905604],[1.2401551177985308,41.130717317706164],[1.240338097772497,41.13032531691119],[1.2405479149426555,41.12986067533099],[1.240957592795638,41.128973754002644],[1.2411422465800084,41.12854547728665],[1.2416767884841675,41.12736276345308],[1.2418077328313242,41.127080757332656],[1.241950249795164,41.12676235741031],[1.2426198869193825,41.1265333391898],[1.2429247087168966,41.12641792059706],[1.2431206463740367,41.126333897639746],[1.2432954989621081,41.12625432668941],[1.2434282928979548,41.126188435867064],[1.2435944518592725,41.126099814474124],[1.2437512346709156,41.126009878890116],[1.2440097177846343,41.12584961419026],[1.2445611164660655,41.125484030077324],[1.2447378032792136,41.12537124731986],[1.2449278194574673,41.12525443390287],[1.2450362515740954,41.12519069203878],[1.2452094087346055,41.125107489319646],[1.2451995031515941,41.125112652798265],[1.2451946658339907,41.1251153714086],[1.2451900618642577,41.125118273723466],[1.2451854554948274,41.12512126607619],[1.2451810848725637,41.12512435209538],[1.2451768285246043,41.125127620004925],[1.2451726912497763,41.12513088972854],[1.2451687873228183,41.125134343156745],[1.245165000069595,41.12513788843727],[1.2451613294900397,41.12514152557006],[1.2451577779836147,41.12514516451697],[1.2451544598251276,41.12514898716851],[1.2451513774138405,41.12515290348667],[1.2451484140757847,41.12515682161916],[1.2451455674114968,41.12516083160392],[1.2446602334140775,41.12589042627732],[1.2445754350805445,41.126028299124876],[1.2445460098620753,41.12608198547673],[1.2445203335356674,41.12613356717166],[1.244459034210323,41.12626576310547],[1.2444322640117347,41.12633155989576],[1.2443926975349027,41.12644391034928],[1.2443681493197036,41.12652018964955],[1.2443545545667754,41.1265698837545],[1.2443253013536968,41.12669752392993],[1.244303512869968,41.12683113274041],[1.244299329364986,41.12687187276778],[1.2442884641308904,41.12697556316739],[1.2442859304067084,41.1271197340023],[1.2442933986716864,41.12725513992285],[1.2443182503780568,41.127444495307984],[1.244328943393791,41.12751257457115],[1.2443456762775875,41.12759092433576],[1.2443531397925645,41.127614817806574],[1.244402387886442,41.12777382961996],[1.244537657551079,41.12809772809991],[1.2446149942609344,41.12827112951306],[1.2446500121110682,41.128356243291975],[1.2447117469084095,41.128498241027586],[1.2448506657299094,41.12881048503635],[1.2449180040494152,41.128970222671725],[1.2450018387881987,41.12913678709202],[1.2450994247883647,41.12937742214933],[1.2451307007233898,41.129446535552745],[1.2452346553568177,41.129631511361126],[1.2452984450844868,41.129727782186286],[1.245420655463713,41.12986700785306],[1.2456049579401567,41.13004555104589],[1.245748989132167,41.1301661931022],[1.246434981432101,41.13079103885326],[1.2466459328668518,41.130984578217976],[1.2468742151293195,41.13117603907443],[1.2470629718936375,41.1313128531345],[1.2473990607345657,41.13152712132106],[1.247697666908354,41.13167713550509],[1.2478335512826015,41.13171919604812],[1.2479693191456531,41.13176116458429],[1.2481571893665377,41.13185085436753],[1.2483108845106028,41.13192651286395],[1.248559365028578,41.131990461781484],[1.2486875056192768,41.132046004814555],[1.2490541066252037,41.13219290601662],[1.2491886769604352,41.132244132593996],[1.2493274682183029,41.132293441536824],[1.2494798284023985,41.13234322678232],[1.249640896530147,41.13239260372654],[1.2497218750196397,41.13241626301109],[1.249812095077227,41.1324373604452],[1.25022709797705,41.13281180125288],[1.2506293402737012,41.13303895495819],[1.2508493562408527,41.13309832314425],[1.2510158588971783,41.133095717607574],[1.251014773086848,41.13311416640549],[1.2510196273402097,41.133133245859746],[1.251025618489672,41.133145406836825],[1.2510308267680725,41.13315116062998],[1.2510347633476238,41.133155453917304],[1.2510476717086922,41.13316285591324],[1.2510719197827194,41.133169439293184],[1.2511054830694353,41.13317517330646],[1.25112950704946,41.13322606996138],[1.2511602017844021,41.13330391013089],[1.2512937406061264,41.13360939910516],[1.2513433377717094,41.13372914068871],[1.2513762320228434,41.13382286731725],[1.2513754447311418,41.13400948986182],[1.2513806937375391,41.13418863778955],[1.2513870328520575,41.13433123199277],[1.2513874651430195,41.134516792145284],[1.2513939427027354,41.13459138215407]]]]}},{"type":"Feature","id":"431482--zone--sant-salvador","properties":{"name":"Sant Salvador","officialName":"Sant Salvador","municipality":"Tarragona","kind":"zone","quality":"official","code":"10"},"geometry":{"type":"MultiPolygon","coordinates":[[[[1.263236744342082,41.12254604988342],[1.2630986024936643,41.12307815437604],[1.2629640353298965,41.12315765521275],[1.2629274013241447,41.123276891358],[1.262669190625533,41.123239308678556],[1.2625489230872833,41.12322416336294],[1.262431896951164,41.12321257974067],[1.2621822731881034,41.12319719384154],[1.261928653936409,41.12318877293905],[1.2618413606035852,41.123187996011175],[1.261658922631317,41.123190556969504],[1.26150997949428,41.123196775853074],[1.2612802780733374,41.12321186376973],[1.2610213878992145,41.1232361485149],[1.260829508249611,41.12325793167572],[1.2604554291958592,41.123304795861834],[1.2598732643975175,41.123396164630975],[1.2590622813927173,41.12351866058469],[1.2586208553106666,41.12356260919019],[1.258215150161439,41.12358908137178],[1.2578117452848816,41.123600634508186],[1.257103053172009,41.12358910141382],[1.256806777373965,41.12357660085284],[1.256549871549216,41.123561813117604],[1.2558343162000631,41.12350810341484],[1.2553394812514924,41.12347268541737],[1.2549755088216878,41.12343015057418],[1.2548841889450149,41.12341948921387],[1.2543575679313113,41.12336835913291],[1.2544413828315615,41.1232407505349],[1.2553476864903534,41.12194774240452],[1.2551179317234917,41.12187409629413],[1.2549026322458154,41.1218081350502],[1.254653519483517,41.12158855462394],[1.2545987927155013,41.12141359094374],[1.254585327747937,41.12137557350147],[1.254428975257113,41.12087431582084],[1.254383304865511,41.120731387461234],[1.254183120332906,41.12010489615294],[1.2540902698147571,41.119908115580564],[1.2540588436371363,41.11985871597382],[1.2539811671754364,41.11976807706614],[1.253894852841267,41.119681080383906],[1.2538237681248054,41.119618309558255],[1.2535950461744723,41.119436719655425],[1.2536948364855065,41.1193656558878],[1.255803106222655,41.12071718040059],[1.2560989017856812,41.12087674852035],[1.256028391883506,41.12097959023978],[1.2580493960227974,41.121592243440105],[1.2581503992753953,41.12161366584611],[1.2583247276522533,41.12156514243041],[1.2585483303516019,41.12142962645151],[1.2586114821984626,41.121389917942146],[1.258885220025048,41.12145663230682],[1.2589549746185498,41.12147116107614],[1.2590258888898522,41.12148201516739],[1.2591549350696016,41.12149404063529],[1.2592687672808456,41.12150807167221],[1.2593811412847173,41.12152770212681],[1.2594973884742318,41.1215543384725],[1.2597065399708216,41.12153278425881],[1.2597138485465116,41.12154064112498],[1.25977881623644,41.12153830712333],[1.259854122015822,41.12163298761135],[1.259933609549171,41.12172097381755],[1.259984425025753,41.12174867570325],[1.2600819920185187,41.121808086692006],[1.2602422641738165,41.1219208449225],[1.260338913898298,41.12197026605488],[1.260418324059236,41.122002370157844],[1.2604992578813499,41.122029870977144],[1.2605813722633321,41.122055295330384],[1.2606645703233648,41.12207861292791],[1.260748760989831,41.122099798972755],[1.2608338472134888,41.12211882947832],[1.260919733111513,41.122135681377024],[1.2610063214675038,41.1221503369858],[1.2610935114924215,41.1221627785676],[1.2611812082316558,41.122172992977944],[1.2612693083479183,41.122180968747216],[1.2613577156240368,41.122186695414655],[1.2616244356871076,41.122197119494864],[1.2618021408265032,41.122208547825984],[1.261979244569008,41.12222444172377],[1.26215555208001,41.12224478293851],[1.2623308650709582,41.12226954866578],[1.2625049925390996,41.12229871080801],[1.262561691489807,41.12230943744801],[1.2626763437887762,41.12232659948706],[1.2626598669699296,41.122434178587994],[1.2628524460388244,41.122477935929844],[1.2629796990140771,41.12250331428801],[1.2631078312693171,41.12252602423912],[1.263236744342082,41.12254604988342]]],[[[1.2485600350961152,41.124354589932274],[1.24809368983934,41.124401447398334],[1.247848455472225,41.124428880844725],[1.247652545181302,41.12445389722404],[1.2474329024378747,41.1244857130706],[1.2471686096616812,41.124532871444366],[1.2470996262061962,41.1245474386881],[1.2468637062098946,41.12460319345589],[1.246670360913883,41.12465357709929],[1.2463908655904368,41.12471693996563],[1.2461366150391318,41.124779544441324],[1.2458902640451086,41.12484859190752],[1.2456964595687585,41.12491097026095],[1.2454685828735266,41.12499595319495],[1.2453374202199798,41.12504911758863],[1.2452535912318299,41.12508629146725],[1.2452093898419228,41.12510752776393],[1.2450362775303716,41.12519070144168],[1.2449278310529048,41.12525444578934],[1.2447377942961095,41.12537127150319],[1.2445610613412885,41.12548399771093],[1.244009666702579,41.12584960890778],[1.2437512341185448,41.126009899598905],[1.2435944090782407,41.12609985525602],[1.2434282344651437,41.12618839354145],[1.2432955163430162,41.12625434496941],[1.243120692947239,41.12633393798302],[1.2429247064209734,41.12641796199634],[1.2426198419481764,41.12653337273196],[1.2419502635794704,41.126762376536384],[1.2430100088826925,41.124391155585954],[1.2434245231034788,41.1234951375741],[1.2435718975147332,41.123207982513435],[1.243698704769077,41.123241622598194],[1.2437532624633567,41.12325389584071],[1.2444030996828095,41.12338621479299],[1.2448051479880633,41.1234613398218],[1.2453448389741442,41.123534236948025],[1.2456651050875756,41.123700916926595],[1.245889455495596,41.1237151826818],[1.2460067176154113,41.123719211428664],[1.2461400186392095,41.12369749685636],[1.2461980496008296,41.12368512065613],[1.2463547845127239,41.12361000610819],[1.246472480667656,41.12361378877937],[1.2466769355823084,41.123616962738424],[1.2466776673700763,41.123638334188605],[1.2471604147073723,41.12359245085962],[1.2471584560885542,41.12358190032762],[1.2472798193955381,41.12356873999099],[1.2473535240361526,41.12355509838531],[1.2476977948362846,41.12348015057489],[1.2478260713325338,41.12344752161197],[1.2483755855013885,41.12328199656155],[1.2484776922564813,41.12327681815061],[1.248492224468846,41.12344066164081],[1.2485600350961152,41.124354589932274]]],[[[1.2476490580432489,41.1217795598271],[1.2476699538165075,41.12180711904907],[1.2477583847072995,41.121936666909235],[1.2483334283698009,41.122809699048474],[1.2484572783780972,41.12302396976767],[1.2484776922564813,41.12327681815061],[1.2483755855013885,41.12328199656155],[1.2478260713325338,41.12344752161197],[1.2476977948362846,41.12348015057489],[1.2473535240361526,41.12355509838531],[1.2472798193955381,41.12356873999099],[1.2471584560885542,41.12358190032762],[1.2471604147073723,41.12359245085962],[1.2466776673700763,41.123638334188605],[1.2466769355823084,41.123616962738424],[1.246472480667656,41.12361378877937],[1.2463547845127239,41.12361000610819],[1.2461980496008296,41.12368512065613],[1.2461400186392095,41.12369749685636],[1.2460067176154113,41.123719211428664],[1.245889455495596,41.1237151826818],[1.2456651050875756,41.123700916926595],[1.2453448389741442,41.123534236948025],[1.2448051479880633,41.1234613398218],[1.2444030996828095,41.12338621479299],[1.2437532624633567,41.12325389584071],[1.243698704769077,41.123241622598194],[1.243436240570934,41.12317199508346],[1.243570760442474,41.12288009518143],[1.243618241759517,41.12277706317055],[1.242747689890484,41.12248823739974],[1.242680290304129,41.12245456326167],[1.2420760487795153,41.12202523919554],[1.242014210548206,41.12198035689202],[1.2415044311971397,41.121611352571406],[1.2414823406988762,41.12159299314315],[1.241028791094117,41.121159479859635],[1.2453752418414967,41.119067776617925],[1.2460977760226946,41.11991866116554],[1.2468146465773475,41.12078360477815],[1.2476490580432489,41.1217795598271]]],[[[1.2523098320137256,41.1230931833046],[1.2523980023039423,41.12328547783001],[1.2524453191401328,41.12337245225186],[1.252488796962779,41.12345857124298],[1.2524074877807456,41.1234725250062],[1.2522786121124159,41.123498009770906],[1.251829945328758,41.12360550075114],[1.251751444098972,41.123626430621655],[1.251530004906396,41.123688353433465],[1.2513078558315753,41.123753712197306],[1.2505588071003357,41.12398597617993],[1.25038660100587,41.124035808964685],[1.2502733643588275,41.12406741903366],[1.250085457508186,41.124115739176965],[1.249997010302743,41.12413691845744],[1.2498090571294507,41.12417831610355],[1.2495170168309637,41.12423363693565],[1.2491458812644194,41.124288646373564],[1.2489556033537086,41.12431274176357],[1.2487330374064887,41.12433720699375],[1.2485600350961152,41.124354589932274],[1.248492224468846,41.12344066164081],[1.2484776922564813,41.12327681815061],[1.2484572783780972,41.12302396976767],[1.2483334283698009,41.122809699048474],[1.2477583847072995,41.121936666909235],[1.2476699538165075,41.12180711904907],[1.2476490580432489,41.1217795598271],[1.2468146465773475,41.12078360477815],[1.2460977760226946,41.11991866116554],[1.2453752418414967,41.119067776617925],[1.2492936434288997,41.11718181137909],[1.2494669199584705,41.11723343679059],[1.2502193165336963,41.11744897486885],[1.2505721256849065,41.11756479123655],[1.2508677984014054,41.11772955018651],[1.2510163820784777,41.117814981651016],[1.2511074004233464,41.117873019910625],[1.2512516260128168,41.117836801041555],[1.2518976523954615,41.11769431052717],[1.2520609241000942,41.1178355082048],[1.251709073792227,41.11818251523388],[1.2508844621745936,41.11898274528712],[1.2507982567437872,41.119058192399855],[1.2508885333462658,41.1193252002376],[1.251070887236152,41.11979524940518],[1.2511270679759943,41.11995161657963],[1.2512181273372263,41.12017025956837],[1.2514353747143596,41.12073410133103],[1.2514946057013485,41.120927688469294],[1.2515577839909977,41.12113417114832],[1.2515946006434615,41.12122908875682],[1.2520559186795366,41.12241840568649],[1.2523098320137256,41.1230931833046]]],[[[1.254585327747937,41.12137557350147],[1.2545987927155013,41.12141359094374],[1.254653519483517,41.12158855462394],[1.2549026322458154,41.1218081350502],[1.2551179317234917,41.12187409629413],[1.2553476864903534,41.12194774240452],[1.2544413828315615,41.1232407505349],[1.254357584102699,41.123368333256316],[1.2541476891510546,41.12334948413253],[1.2540145349175174,41.12334305105969],[1.2538402102767758,41.12334095496037],[1.2537023831231269,41.123342830331275],[1.2534699136185228,41.12334924863191],[1.2532419274394129,41.12336263778618],[1.2529576549786086,41.123388068696656],[1.2528046070961523,41.123408158511],[1.2525936954117227,41.12344056976914],[1.252488796962779,41.12345857124298],[1.2524453191401328,41.12337245225186],[1.2523980023039423,41.12328547783001],[1.2523098320137256,41.1230931833046],[1.2520559186795366,41.12241840568649],[1.2515946006434615,41.12122908875682],[1.2515577839909977,41.12113417114832],[1.2514946057013485,41.120927688469294],[1.2530463287193483,41.11982495318588],[1.2532290445509195,41.11969677465005],[1.2535570420740025,41.119462023675034],[1.2535950461744723,41.119436719655425],[1.2538237681248054,41.119618309558255],[1.253894852841267,41.119681080383906],[1.2539811671754364,41.11976807706614],[1.2540588436371363,41.11985871597382],[1.2540902698147571,41.119908115580564],[1.254183120332906,41.12010489615294],[1.254383304865511,41.120731387461234],[1.254428975257113,41.12087431582084],[1.254585327747937,41.12137557350147]]],[[[1.2536948364855065,41.1193656558878],[1.2535950461744723,41.119436719655425],[1.2535570420740025,41.119462023675034],[1.2532290445509195,41.11969677465005],[1.2530463287193483,41.11982495318588],[1.2514946057013485,41.120927688469294],[1.2514353747143596,41.12073410133103],[1.2512181273372263,41.12017025956837],[1.2511270679759943,41.11995161657963],[1.251070887236152,41.11979524940518],[1.2508885333462658,41.1193252002376],[1.2507982567437872,41.119058192399855],[1.2508844621745936,41.11898274528712],[1.251709073792227,41.11818251523388],[1.2520609241000942,41.1178355082048],[1.2518976523954615,41.11769431052717],[1.252636006580452,41.117521771127564],[1.2540161020233669,41.11820980559871],[1.2543919037333233,41.118433818921645],[1.2544274761281498,41.11884033329712],[1.2540619707878855,41.11910420507907],[1.2536948364855065,41.1193656558878]]],[[[1.2353985258431572,41.121332493653206],[1.2354675407764517,41.12140052423134],[1.237033172397027,41.12308202129482],[1.239842373436315,41.121730384031245],[1.241028791094117,41.121159479859635],[1.2414823406988762,41.12159299314315],[1.2415044311971397,41.121611352571406],[1.242014210548206,41.12198035689202],[1.2420760487795153,41.12202523919554],[1.242680290304129,41.12245456326167],[1.242747689890484,41.12248823739974],[1.243618241759517,41.12277706317055],[1.243570760442474,41.12288009518143],[1.243436240570934,41.12317199508346],[1.2435718975147332,41.123207982513435],[1.2434245231034788,41.1234951375741],[1.2430100088826925,41.124391155585954],[1.2419502635794704,41.126762376536384],[1.241789173432217,41.126691712019785],[1.2417639812007304,41.126702766901694],[1.2416636871030187,41.12673366258157],[1.2413084563613184,41.126849659175754],[1.2411796942521829,41.12689381104814],[1.2408623149428577,41.12699750363034],[1.2407524385365214,41.12703032386269],[1.2403885433390445,41.12714501427469],[1.2401575397392306,41.12720813986718],[1.2399891548397144,41.1272505139681],[1.2397837740083224,41.127295384928836],[1.2395696365669826,41.12733804995682],[1.2394257956871768,41.1273624231812],[1.239313352759631,41.12737980004435],[1.2391940081138018,41.12739689112923],[1.239077126822899,41.12741095721878],[1.2388801231081914,41.12743208488243],[1.2379475395942892,41.12752356800391],[1.2374515972234184,41.127582183992615],[1.2368871593226045,41.12765848477824],[1.2363762005361894,41.12773506129624],[1.235937322802963,41.12780679471692],[1.235600409282229,41.12786991017901],[1.2353005484279076,41.1279239544271],[1.2347218667274076,41.12803812783822],[1.2333797394534156,41.128297229676264],[1.2331498935470038,41.128339011235006],[1.2324807533608138,41.12844998404745],[1.2323778778985575,41.1283526820579],[1.2324104471745874,41.128195910016096],[1.2324126338084511,41.12811441172185],[1.2324149844361199,41.12802684852346],[1.2324168073602833,41.127958898158425],[1.2324058381831524,41.12792952043892],[1.2323981875618701,41.127909029962034],[1.2323372273467819,41.12774575751999],[1.2323314783129813,41.127730359313894],[1.2323347619216525,41.12760800113033],[1.2323388991331985,41.12745384532432],[1.232335301175886,41.12741525261385],[1.2323248070112816,41.12730268843599],[1.2323186073948988,41.127236183128666],[1.232331857816753,41.1272067150501],[1.232351383188187,41.12716328985038],[1.2324207960639515,41.1270089135669],[1.232522545859205,41.12688255488235],[1.2325425049947236,41.12672519110701],[1.232532270005259,41.12657753066338],[1.2325367776400231,41.12640950722557],[1.2325378341888877,41.12637014464913],[1.2325357140059465,41.12635083075377],[1.2325263303266467,41.126265320393586],[1.2325205041410017,41.12621223561948],[1.2325063374183327,41.12608315395015],[1.2325307276217696,41.125844441569924],[1.2325872781776102,41.12564301637085],[1.2325772752613064,41.12545874776168],[1.2325843360501127,41.125312757879506],[1.232587686984545,41.12518786327197],[1.2326141309986762,41.12493540274762],[1.2327470513942838,41.1245269059586],[1.2328933066543764,41.12420786038021],[1.232986945850709,41.124090301349796],[1.2332161812972453,41.12383646696768],[1.2335478601739602,41.12351013685447],[1.2335802884255895,41.123478230786105],[1.2336632191660073,41.123396636763665],[1.2337029440507246,41.123357552827734],[1.2337331874767972,41.12333404238881],[1.2337391875125832,41.12332937756544],[1.2337607666569295,41.123312602432264],[1.2337846390034926,41.12329404385628],[1.233785097626842,41.12329368788889],[1.233807365313901,41.12327637745378],[1.2338094285826995,41.12327477333996],[1.233830090421482,41.12325871102831],[1.2338337595246356,41.123255858785576],[1.2338528155167818,41.123241044598096],[1.2338580904525496,41.123236944225745],[1.2338755418147076,41.12322337728091],[1.2338824213665425,41.123218029660364],[1.233897079536695,41.123206633913234],[1.2340527361576104,41.123085628431596],[1.234120457287918,41.12303298142614],[1.2341258384844302,41.12302473923859],[1.2341337698862294,41.12301259178474],[1.2342133596364633,41.12289068998413],[1.23423994746583,41.12284996685079],[1.234402246216431,41.12260138375358],[1.2344969293065597,41.12244562889057],[1.2345265258968636,41.12239694327431],[1.234671389313933,41.12215864023994],[1.2347544186618842,41.12206640909793],[1.2347848930343894,41.122032556842356],[1.2348425108351635,41.12196855466465],[1.2348904468607709,41.12191530490765],[1.2349094481233265,41.12189419798759],[1.2349258994237846,41.121875923563934],[1.2349471412485122,41.121852327083914],[1.2349495868284486,41.121849610981826],[1.2350003684774864,41.12179320083266],[1.2350494239471734,41.121736439038],[1.2350775066890993,41.12170394530739],[1.2350954872699171,41.12168313977673],[1.2351047744154335,41.121672393871314],[1.2353985258431572,41.121332493653206]]]]}},{"type":"Feature","id":"431482--zone--sant-pere-i-sant-pau","properties":{"name":"Sant Pere i Sant Pau","officialName":"Sant Pere i Sant Pau","municipality":"Tarragona","kind":"zone","quality":"official","code":"11"},"geometry":{"type":"Polygon","coordinates":[[[1.2544274761281498,41.11884033329712],[1.2543919037333233,41.118433818921645],[1.2540161020233669,41.11820980559871],[1.252636006580452,41.117521771127564],[1.2529224458797898,41.1174534783102],[1.256305653198437,41.115809328611086],[1.257349268001799,41.115278753698746],[1.2575910014917655,41.115990895685115],[1.2577647324492642,41.11613436213706],[1.2589953950591752,41.11658889681053],[1.2595038158053127,41.11683131067388],[1.260780293874617,41.118376707253816],[1.2608240423693535,41.11841281503044],[1.2608682731177747,41.118447351060425],[1.2608784270969307,41.11845525082063],[1.2609345168057826,41.11849627113171],[1.2609923114956745,41.11853587596117],[1.2610515730407252,41.118574061711094],[1.2611122966859472,41.118611008457286],[1.261174241927814,41.118646802641194],[1.2612372825719416,41.11868171258041],[1.2613012995545692,41.1187157364757],[1.2613661666817468,41.11874914264508],[1.261431526763799,41.11878192569515],[1.2614974941098671,41.11881426750042],[1.2615637044006887,41.118846432785254],[1.2616300385728711,41.118878419752285],[1.2616090231259212,41.11890746695778],[1.2615880076600305,41.11893651415895],[1.2615669921753323,41.11896556135573],[1.2613559921518251,41.119246543568416],[1.261331808076818,41.11928366853887],[1.2613097279190266,41.11931242938932],[1.261287652495374,41.11934101015713],[1.2612653389240875,41.11936958732523],[1.2612429062690282,41.11939816269106],[1.2612202378427078,41.11942664441817],[1.2611974527092211,41.11945503430362],[1.2611746675558901,41.119483424184104],[1.261151884759656,41.1195117240206],[1.2611289805020716,41.11954011209342],[1.2611061976660811,41.11956841191984],[1.2610834148101455,41.11959671174117],[1.2610608700635269,41.11962501515289],[1.2610383229200548,41.119653408598616],[1.2610161329508316,41.11968180743251],[1.2609940620268296,41.119710208059416],[1.2609722268358048,41.11973870231597],[1.2609505083129597,41.119767288404674],[1.260928785016253,41.119796054566585],[1.260906937880552,41.11982499900399],[1.2608849669055218,41.11985412171668],[1.260864410426007,41.11988380623269],[1.2608515479840696,41.119915318347886],[1.26085173514258,41.11994882900926],[1.2607988578788896,41.119987291457726],[1.2614319820634863,41.120381097763115],[1.2615333673951437,41.1205147336787],[1.2615392134536232,41.12073499901006],[1.2614767700936234,41.12089258363489],[1.2612805750973926,41.12125952047295],[1.261197149669491,41.1213287184275],[1.2610330864885106,41.12136147056987],[1.2608816049895317,41.12135918420472],[1.2607322147101996,41.12127766519297],[1.2602295050198065,41.12089137104164],[1.2598428854088095,41.12096479609992],[1.2592206591132438,41.12113153899798],[1.2589039521851155,41.1212060175532],[1.2585483303516019,41.12142962645151],[1.2583247276522533,41.12156514243041],[1.2581503992753953,41.12161366584611],[1.2580493960227974,41.121592243440105],[1.256028391883506,41.12097959023978],[1.2560989017856812,41.12087674852035],[1.255803106222655,41.12071718040059],[1.2536948364855065,41.1193656558878],[1.2540619707878855,41.11910420507907],[1.2544274761281498,41.11884033329712]]]}},{"type":"Feature","id":"431482--zone--urbanitzacions-de-llevant","properties":{"name":"Urbanitzacions de Llevant","officialName":"Urbanitzacions de Llevant","municipality":"Tarragona","kind":"zone","quality":"official","code":"12"},"geometry":{"type":"MultiPolygon","coordinates":[[[[1.2608539838948059,41.118436193902276],[1.2608240423693535,41.11841281503044],[1.260780293874617,41.118376707253816],[1.2595038158053127,41.11683131067388],[1.2589953950591752,41.11658889681053],[1.2577647324492642,41.11613436213706],[1.2575910014917655,41.115990895685115],[1.2573959094054674,41.11541615880644],[1.2574869709149425,41.115417139285775],[1.258695316751148,41.1157325944864],[1.25882177655459,41.11576165397359],[1.2589991925952106,41.11580551724961],[1.2608581327700241,41.11629408175854],[1.2627226798132536,41.11678209740642],[1.2625831824178249,41.11707139803916],[1.2615184095638385,41.11789095566571],[1.2608539838948059,41.118436193902276]]],[[[1.265651768094371,41.11556846876745],[1.265576129801291,41.11566879015998],[1.2654467684882162,41.11598642695867],[1.2653385244250492,41.116169917814204],[1.2646619314259417,41.11729060165091],[1.263128622362109,41.11689086732374],[1.2627226798132536,41.11678209740642],[1.2608581327700241,41.11629408175854],[1.2589991925952106,41.11580551724961],[1.25882177655459,41.11576165397359],[1.258695316751148,41.1157325944864],[1.2574869709149425,41.115417139285775],[1.257541677092202,41.11516042125232],[1.2574078424694293,41.114088730240724],[1.2564790557623633,41.11366593248251],[1.254845702368453,41.11252356997982],[1.2545732975537145,41.11249867096869],[1.2544986329635766,41.11243727395982],[1.2543537278811598,41.112364359164744],[1.2541666600763834,41.11224491735428],[1.2540243879910637,41.11217554777086],[1.2537173674999238,41.112022153503645],[1.253635741976283,41.11197656392925],[1.2534634388929786,41.111889957361065],[1.2526211499883897,41.11133757397913],[1.2525357188808852,41.111298123045394],[1.2524484037529386,41.1112448881261],[1.252125689680889,41.11102594631699],[1.2522060388912115,41.110951928754204],[1.2532525346682328,41.10998788460945],[1.253342152380803,41.10983778088878],[1.2533796141403415,41.10994310610923],[1.2534170784010095,41.11004834127941],[1.2534335802990522,41.110090746574954],[1.2534648046819077,41.110152831296844],[1.2534842574268488,41.11018276091675],[1.253506715006329,41.11021165519732],[1.253561658825803,41.110268514909194],[1.2536225482244787,41.11032123122226],[1.2537365399332572,41.110414926025925],[1.253850777219737,41.11050835421507],[1.2539238810010729,41.110567560785796],[1.2539969825275141,41.11062685735092],[1.2540766170055309,41.11069580083932],[1.2541557682995734,41.110765007173505],[1.2542638308271283,41.11085329716321],[1.2543757843038374,41.11093858347496],[1.2545076068143601,41.11103362865299],[1.2546399178271914,41.111128230708445],[1.254884263080873,41.11129613969132],[1.2551286095834964,41.111464048175826],[1.2551516867733143,41.111478628710486],[1.2551987756297645,41.11150834707389],[1.255272239564558,41.11154954326407],[1.2554198963159253,41.111631406095036],[1.2555225770312484,41.11169367181514],[1.2556231840290755,41.11175779761083],[1.2556999409605352,41.11181408591082],[1.2557741431425828,41.11187240719446],[1.2558259241443008,41.1119094014502],[1.2559461985422093,41.11198643527742],[1.2560684209325066,41.11206187712592],[1.2561475121735375,41.112110994479885],[1.2562279559884282,41.112158510909026],[1.2562841068126336,41.11218791475016],[1.2563415625805425,41.11221301472379],[1.256401116129318,41.11223535410344],[1.2565201138303341,41.11227967081502],[1.2566102466959521,41.112316614729004],[1.2566982890841734,41.112356049029344],[1.2568306515861936,41.1124219154586],[1.2569628905402968,41.112487960016246],[1.2571671817853516,41.11259013385153],[1.2573717117748862,41.11269231093781],[1.2574768485446444,41.11274290234274],[1.2575839522251417,41.11279118145987],[1.2578028483400763,41.11288159515031],[1.2579515374600785,41.1129381593125],[1.2581518694561906,41.113010006355076],[1.258416261857617,41.11310047639478],[1.258680533569493,41.11319103407942],[1.2589649142313337,41.11329135299457],[1.2592495410223092,41.11339140470479],[1.2596249618381634,41.11351705782802],[1.2600031269640808,41.11363806729406],[1.2600909654061152,41.113658309972145],[1.2601791610654676,41.11367855797929],[1.2602835552303793,41.113698780367784],[1.2603891303168142,41.1137148770523],[1.260437040062339,41.11371821282955],[1.2605105652285087,41.11371671110586],[1.2605477076499298,41.11371736212389],[1.2605847526015894,41.11372170472937],[1.2606267885014961,41.11373098673996],[1.2606875352805686,41.1137488381839],[1.2607469011864634,41.11376937099128],[1.2608058053784292,41.1137938600924],[1.2608647452693942,41.11381699857883],[1.2609900726558385,41.113851858320416],[1.2610538934492308,41.11386606291315],[1.2611186070660376,41.1138780290771],[1.2612589372245062,41.113899513716355],[1.261399391287025,41.11392081990542],[1.261463143087806,41.11393313165717],[1.2615270709936566,41.11394328423375],[1.261697888336281,41.11395586071228],[1.2618694723424373,41.11396646685901],[1.2620558527011445,41.11398053871399],[1.262242342703892,41.11399497222155],[1.262333115061082,41.11400336756916],[1.262423706643182,41.114014102065994],[1.262475522104796,41.11402290041315],[1.2625512919312767,41.11404016683279],[1.2626273640217385,41.114055005739196],[1.2627857507149285,41.11407378841657],[1.2629446113503384,41.114092668099076],[1.2630960293271383,41.114118281020176],[1.2631714347906513,41.114131308016454],[1.263247387716824,41.11414164097092],[1.263359285725641,41.11415287615831],[1.2634714622343455,41.114162584162266],[1.2636253843176615,41.11417454275392],[1.263779306463858,41.11418650114089],[1.2638802587230487,41.11419730059777],[1.2640306339013572,41.11421731192763],[1.2641057940295217,41.11422610109363],[1.2641813682835243,41.114232734653534],[1.264346819609762,41.114241082888924],[1.2645125802567148,41.11424673329958],[1.2645991119344233,41.11424884779408],[1.2646858841019377,41.11425087577201],[1.2647087118427063,41.114252390676185],[1.2647384172862097,41.11425523421426],[1.2647708889521596,41.11424765271265],[1.2647949219520664,41.11423054024664],[1.2648313189648555,41.11420501638964],[1.2648518681742313,41.11418473933864],[1.2648546576565576,41.11417379222009],[1.2648554398050798,41.11416218433664],[1.264857510691382,41.11415591028903],[1.264860869837319,41.11415046632319],[1.2648648365933988,41.11414908488287],[1.2648898523508658,41.11414892128939],[1.2649147466820874,41.11414884593618],[1.2649442606784924,41.114150184087016],[1.264960901556401,41.11414647867562],[1.2649770204225395,41.11413591249729],[1.2649920739291538,41.114116052549875],[1.2650039437738936,41.114094973668756],[1.2650108650904328,41.114071762932234],[1.2650158078900533,41.11406506735619],[1.265025539063291,41.114061881169036],[1.2650568497958727,41.114066493557345],[1.2650941700260259,41.11404724192878],[1.2651273724522727,41.11403017743453],[1.2651546397232507,41.11402140050269],[1.2651864500837322,41.11401006991128],[1.2651943914953037,41.113995337068296],[1.2651992156920078,41.113974962719034],[1.2652030339191938,41.113965652435176],[1.2652099001433166,41.11395818955849],[1.2652426647176467,41.11394418098349],[1.2652685744713037,41.113934262145065],[1.2653084275252335,41.11389824241108],[1.2653428164594247,41.1138677745574],[1.2653681179535199,41.113847708600616],[1.2653943552715905,41.11382828725644],[1.2654304048134992,41.11380712210409],[1.26546704249165,41.11378623602221],[1.2655287405487334,41.11374086663242],[1.2655850781859914,41.11369100281626],[1.265619418411689,41.11365332814857],[1.2656456244670284,41.11361246843757],[1.2656603272979672,41.11356972408242],[1.2656733633553565,41.113526954627034],[1.2656864565946073,41.113504633044286],[1.265718084365769,41.11346181475614],[1.2657239528231443,41.11343755135696],[1.2657243082552796,41.11338333158861],[1.2657232374139116,41.11332900026882],[1.2657232502309834,41.11329684370399],[1.2657246916876912,41.1132647086504],[1.2657300285067976,41.113251998365286],[1.2657467939003595,41.11323495641419],[1.2657621448672096,41.1132173527139],[1.265780217655274,41.1131823154525],[1.265796285481456,41.113146527400154],[1.265819888277403,41.113082389109636],[1.2658368453930773,41.11301734007953],[1.2658388348240555,41.112968909706005],[1.2658396337235431,41.112920461407164],[1.2658500636599603,41.112849999675106],[1.2658582454523422,41.11281517377727],[1.2658705751122152,41.11278113092867],[1.2658958834512781,41.11272458459339],[1.2659213084276995,41.11266813008294],[1.2659421962681483,41.112621155203925],[1.2659632031299244,41.11257418211255],[1.2659707384038852,41.11256844068477],[1.2660015506564448,41.11256196698951],[1.2660140672021234,41.1125195517669],[1.266024705734033,41.112481880441415],[1.2660538336342912,41.11241142994986],[1.266069758361419,41.112376540448786],[1.2660886380365628,41.11234250610409],[1.266137049219365,41.11226793220646],[1.2661860460693397,41.11219372740318],[1.2661933852545602,41.112181857910336],[1.2662008434884489,41.11216999020906],[1.2662052099030427,41.11216699338803],[1.2662150052911154,41.11216587978873],[1.2662239892209435,41.11216844704758],[1.266236162052104,41.112176556881],[1.2662484515682768,41.11218475854446],[1.266276554765259,41.112203016414426],[1.2663045341873989,41.112221452564334],[1.2663215555622487,41.11223540016804],[1.266341633173952,41.11225993254308],[1.2663588132828691,41.1122859525767],[1.2663700141731127,41.11230836968694],[1.2663706727913535,41.11231954889657],[1.2663647166393333,41.112328646893424],[1.2663521243909053,41.11233647403033],[1.2663276828005146,41.11235073521341],[1.2663011224035587,41.11236988529406],[1.2663068147330414,41.112383711912884],[1.2663379624638835,41.11241979188964],[1.2663540320176885,41.11243144176129],[1.266379261375216,41.112432007060164],[1.2663906366154318,41.11243892849305],[1.2663988357868474,41.1124486899241],[1.2664064864812168,41.11247024292018],[1.2664094432045765,41.112502714411356],[1.266407878320559,41.112535027771145],[1.2664034390295562,41.11254531957504],[1.2663881094883769,41.11256547100685],[1.266393721144174,41.112575168271114],[1.266407720130697,41.11258177429823],[1.266423116356852,41.112585068579875],[1.2664524612339754,41.112592355949545],[1.2664819441235289,41.112598924789204],[1.2665008426240572,41.1126003801978],[1.2665300696418866,41.11259856820221],[1.2665445963795354,41.11259869675774],[1.2665588234167775,41.112601162750224],[1.2665763774091783,41.112608452784485],[1.2665972731765807,41.11262453038074],[1.2666132884123122,41.112645038271765],[1.2666256734657186,41.11267224715085],[1.2666271039014803,41.112685779923225],[1.2666246127160112,41.1126989834523],[1.26660129336435,41.112756911009235],[1.266574883340837,41.112814611896376],[1.2665421261668572,41.112878162198754],[1.2665109764379292,41.11294398855761],[1.266501103822181,41.11298202544832],[1.2665262122677845,41.11299411939202],[1.2665435945895431,41.11299888474868],[1.2666178546226152,41.113014684571304],[1.2666922906002929,41.11302832519477],[1.2667406944043966,41.113034695904446],[1.266767420143791,41.113029185562574],[1.2667860077672546,41.113019827251236],[1.26680355233428,41.11300937234137],[1.2668331443144323,41.11299369421735],[1.2668483250067941,41.112987076953154],[1.26686403226847,41.11298307978452],[1.2668743590793647,41.11298440615031],[1.2668846266739358,41.11298798349816],[1.2669045799119434,41.11299530237861],[1.2669359160460882,41.11299866349577],[1.2669664693952427,41.11299624082245],[1.266984226606338,41.11299128365737],[1.2670097997878806,41.11297896786783],[1.2670354020112256,41.112970075358106],[1.267062688810685,41.11296958516014],[1.2670763088425612,41.112972492331004],[1.2670883006625375,41.11297843755188],[1.267102503020589,41.11299090142731],[1.2671187637122432,41.113011142715976],[1.2671357553101683,41.113030764474196],[1.267152877175083,41.113045434066684],[1.2671770936892446,41.1130632792477],[1.2672005890814888,41.1130581435579],[1.2672050495470752,41.11303613058691],[1.2672076200662972,41.11302896326168],[1.2672131242820823,41.113023461421506],[1.2672574277238593,41.11300088858933],[1.267281129813235,41.11299178728942],[1.2673064252265323,41.11298550227781],[1.267362255020236,41.1129775147965],[1.2674182660766455,41.112971691813925],[1.2674351448886152,41.11296843279005],[1.2674433713801003,41.11296810616146],[1.2674509220983912,41.112970831915995],[1.2674602450629453,41.112978628526754],[1.2674699691292526,41.11299381731766],[1.267486201314542,41.1130479812598],[1.2672639673686397,41.11333729986481],[1.2670781364453454,41.113460383838415],[1.266280922544717,41.115132598784605],[1.2662052372179586,41.115150592312695],[1.266143873212317,41.11517463823761],[1.2660723666044311,41.115214780054814],[1.265918864960834,41.11533654818144],[1.265651768094371,41.11556846876745]]]]}}]}
