{"type":"FeatureCollection","municipality":"Terrassa","source":{"organization":"Ajuntament de Terrassa","title":"Barris de Terrassa","official":true,"accessedAt":"2026-08-10"},"features":[{"type":"Feature","id":"082798--barri--p-i-puigbarral","properties":{"name":"P.I. Puigbarral","officialName":"P.I. Puigbarral","municipality":"Terrassa","kind":"barri","quality":"official","code":"40"},"geometry":{"type":"Polygon","coordinates":[[[2.020453175854021,41.584252837807604],[2.0204723333711128,41.584345551529466],[2.022584758664586,41.58440365968358],[2.0236506739146347,41.58443296626718],[2.0237192246788105,41.58443485030193],[2.0264050503206823,41.58458016514265],[2.0265079355567495,41.584226460784365],[2.026744575084774,41.58335003840487],[2.0270041642895182,41.582447624713716],[2.0272939772322776,41.58117337813786],[2.0274581526470996,41.5805184644522],[2.0239526569612507,41.58039394058835],[2.02289453158954,41.58035633226304],[2.0203770900120808,41.58026681654502],[2.020097996344518,41.58423846715161],[2.020453175854021,41.584252837807604]]]}},{"type":"Feature","id":"082798--barri--can-gonteres","properties":{"name":"Can Gonteres","officialName":"Can Gonteres","municipality":"Terrassa","kind":"barri","quality":"official","code":"42"},"geometry":{"type":"Polygon","coordinates":[[[1.9833092973970827,41.5716054432904],[1.9833092960938692,41.57160544305715],[1.9832731698856774,41.57172576052591],[1.9832616507307539,41.5717566433184],[1.9832570845365287,41.57178776774137],[1.9832572536851796,41.57178925230988],[1.983257253945743,41.571789254596794],[1.983173241410623,41.5717946525382],[1.9831474044267823,41.57179592820542],[1.983145955189457,41.57179599975944],[1.9831168317754961,41.57180216466005],[1.9830898693906633,41.571816980785954],[1.9830898688852974,41.57181698106365],[1.982952428060942,41.572002966901465],[1.9828997502602972,41.57207227097268],[1.9828997495458809,41.57207227191259],[1.982840943348881,41.57213572099118],[1.98277354581164,41.57218950145486],[1.9827044269832037,41.57222758564794],[1.9826320717315764,41.57226535422143],[1.9825557451516869,41.57230312290667],[1.982507597752241,41.57232171679522],[1.9824572740858781,41.57232955289816],[1.9823637666217147,41.57232806156702],[1.9822262241944377,41.57231506305393],[1.982102644533815,41.57229340230656],[1.9820281901108316,41.5722583890111],[1.9819400245565022,41.57221975977404],[1.981876638151524,41.572209068220914],[1.9817291015535154,41.57219134763313],[1.9816035402539194,41.57218635866334],[1.9814762896210085,41.57219487351695],[1.9813500302011686,41.5721917339775],[1.9812461007090187,41.57219586836337],[1.981160332010997,41.57220562421175],[1.9810769516499287,41.572213085889096],[1.980974561933594,41.57221957871002],[1.980884575971754,41.57221512034466],[1.9807960915751008,41.57220311652903],[1.980711415802911,41.57218766659615],[1.9806379245334051,41.57217053038211],[1.980550520054396,41.57214917625897],[1.9804996179253958,41.572140339529305],[1.9804440171569022,41.57214487440111],[1.9803496497048094,41.57215680127202],[1.980200179791197,41.57217727829179],[1.980082807823814,41.572195475291515],[1.9799740678393531,41.57221670824506],[1.9798348160653967,41.572242138090274],[1.9795651898938798,41.572311782547054],[1.9792952351355373,41.57237777849394],[1.9792195122394656,41.57239400379784],[1.9791483978700848,41.572409456872286],[1.9790885814730552,41.572420604294955],[1.9789992977096609,41.57243577290033],[1.978903384062798,41.572449829348606],[1.9787673710564566,41.572483057342154],[1.978711360584316,41.57250756305395],[1.9786529045458,41.57253988186781],[1.9785625385408443,41.57261016193751],[1.9784936168947471,41.572662969405805],[1.9784265564708343,41.572714362946805],[1.9783573489282664,41.57276738522168],[1.9783078633679225,41.57280529550785],[1.9782571413468666,41.57284376696377],[1.9782218753705174,41.57287028441113],[1.978202590111473,41.572883371583586],[1.9781750587776308,41.57290082809442],[1.9781456666391466,41.57291768314601],[1.9781063383263329,41.572938745293776],[1.9780724499099478,41.57295552406431],[1.9780292331177347,41.57297696785721],[1.9779893124234094,41.57299670125814],[1.9779603288685588,41.573011092243114],[1.977916240401799,41.57303287246472],[1.9778739004578771,41.573053250545016],[1.9778414966543605,41.57306839731563],[1.9777427609774398,41.57308372812678],[1.977647210639901,41.57312347433431],[1.9774375361209322,41.573215305816085],[1.977348869888633,41.57325477012344],[1.9772853944870223,41.57327992668881],[1.9772260253768528,41.57330198076471],[1.9771631965325462,41.573324520609766],[1.9770881201513812,41.573351306954],[1.9769992217589396,41.573382656759],[1.9769055010626702,41.5734155131631],[1.9768189555868219,41.57344683743195],[1.9767765049071613,41.57346162712666],[1.9764012818523506,41.57405459253206],[1.9763963882932947,41.57436472143673],[1.9765641941891046,41.57456942960663],[1.976806293765536,41.5745822791623],[1.9769203017210812,41.57458329309093],[1.9773915975071195,41.57452330968769],[1.977748041027851,41.574515782553945],[1.9779475555398374,41.57451755467255],[1.9781033060219466,41.57458311138259],[1.9769585022067016,41.574872412655125],[1.9771075066913133,41.57536573462466],[1.9774561999231821,41.57585013576966],[1.9782152255688092,41.57562157692132],[1.978247266709206,41.57539725518384],[1.9786199875951296,41.57526152212611],[1.9790352906513262,41.57513686068234],[1.979789379239627,41.576127544732906],[1.980233861538461,41.57596035449083],[1.9808404829567876,41.57545234388474],[1.9813377643969095,41.575553006938044],[1.9817891064173256,41.5758564811944],[1.9818841661174065,41.576156798425245],[1.9820791970988574,41.576156918150836],[1.9824820476999072,41.576250682602925],[1.9827634258209645,41.57642536912791],[1.9830248805086508,41.57647688066049],[1.983691117492526,41.576499167425006],[1.9853801801935091,41.57680107405601],[1.9854669107119265,41.57682104967645],[1.985471259277372,41.57682477621],[1.9854744489203096,41.57682760910075],[1.9854775730524392,41.57683048291864],[1.9854806293709908,41.57683339764361],[1.9854836167425634,41.57683635211266],[1.9854865363411156,41.57683934489493],[1.9854893858683376,41.57684237568186],[1.9854921641998962,41.57684544273426],[1.9854948697960477,41.57684854632691],[1.9854975038307416,41.57685168502886],[1.985500064407516,41.57685485738238],[1.9855025515263507,41.57685806338727],[1.9855049632998092,41.576861301009366],[1.985507299353077,41.576864569669006],[1.985509559306884,41.576867869074604],[1.9855117502821014,41.57687121024153],[1.9855146311699192,41.57687584386102],[1.9855176386952853,41.576881019604194],[1.9855195247076867,41.576884470779504],[1.9855213200490338,41.57688792720805],[1.9855230340528596,41.57689140568949],[1.9855246682453365,41.576894906813656],[1.9855262203507087,41.576898428831235],[1.9855276896148872,41.57690197087072],[1.9855290768370022,41.5769055309217],[1.9855303812449512,41.57690910926552],[1.9855316024864471,41.57691270388152],[1.9855327398029126,41.57691631418658],[1.9855337924447578,41.576919939021046],[1.98553476121111,41.576923576374384],[1.9855356457226898,41.57692722595515],[1.9855364448370727,41.57693088717676],[1.985537157813698,41.5769345583034],[1.9855377873616726,41.576938237917496],[1.9855383296610427,41.576941924832724],[1.9855387862604883,41.576945618197975],[1.985539157927614,41.57694931801997],[1.9855392146514665,41.57695005984675],[1.9855388903594495,41.57695906329739],[1.9855563512648844,41.57695941729948],[1.9855738384975201,41.57695977247822],[1.9856288295436035,41.57696088936994],[1.9856292479339568,41.57696089786626],[1.9857058922605473,41.57696245427209],[1.9857116590215855,41.57695100536937],[1.9857179406096699,41.576939710236296],[1.985724729767788,41.5769285819214],[1.985732018652615,41.57691763328073],[1.9857397988435128,41.576906876962205],[1.9857480613522793,41.57689632539212],[1.9857567966335463,41.576885990760026],[1.9857659945957893,41.57687588500486],[1.985775644612993,41.576866019801095],[1.9857857355369266,41.57685640654537],[1.9857962557100373,41.57684705634319],[1.985807192978884,41.576837979996284],[1.9858185347082256,41.57682918798991],[1.985830267795563,41.57682069048089],[1.9858423786863126,41.5768124972858],[1.9858548533894793,41.576804617869776],[1.9858676774937574,41.57679706133517],[1.9864984196995183,41.576443789423806],[1.9864991313175102,41.576398244457586],[1.9865004879296242,41.57631141829458],[1.986500709156783,41.57629725923293],[1.9865011898590683,41.57626649311401],[1.9865012337190582,41.576263685965365],[1.9865021569027317,41.576204599815036],[1.9864993375802045,41.576204081240284],[1.9864836307274818,41.57620118690022],[1.9863970973627803,41.57618524114342],[1.9862521216019344,41.57615852587172],[1.9860607920337483,41.57612326848327],[1.9859384539528835,41.57610072436225],[1.9859293293050004,41.57609894539453],[1.9859232846113175,41.57609765993069],[1.9859173024648815,41.5760963020957],[1.9859113533990898,41.576094866153554],[1.9859054385518684,41.5760933529789],[1.9858995602395106,41.5760917617276],[1.9858937195818525,41.576090094426995],[1.9858879185159328,41.57608834994147],[1.9858821577823251,41.576086530006684],[1.9858764419820587,41.576084634951485],[1.985870769950268,41.57608266563044],[1.98586514513208,41.57608062265024],[1.9858595690717238,41.57607850544819],[1.9858540425097608,41.57607631576007],[1.9858485673650559,41.576074053602724],[1.9858431459135772,41.57607172072587],[1.9858377796904252,41.57606931714284],[1.9858324694631808,41.576066842860556],[1.985827218270669,41.57606429992316],[1.9858220268895035,41.57606168776126],[1.9858168964305216,41.57605900897877],[1.9858118292055116,41.57605626301955],[1.9858068267316307,41.57605345104979],[1.985801891298134,41.57605057395452],[1.985797022896014,41.57604763231019],[1.9857922226406244,41.576044628432186],[1.9857874940176392,41.57604156033389],[1.9857828373387774,41.57603843262969],[1.9857782534031552,41.57603524330898],[1.9857737448657962,41.576031994412766],[1.9857693117041901,41.57602868738205],[1.9857649569976765,41.57602532166758],[1.9857606814687931,41.57602190015787],[1.9857564847292446,41.57601842313792],[1.9857523705944229,41.576014892082476],[1.9857483386805488,41.576011306988036],[1.985744391638106,41.57600767018392],[1.985740527927426,41.576003981944794],[1.9857367525242975,41.57600024317925],[1.985733063487212,41.575996455311326],[1.985729462310793,41.575992620948156],[1.985725952078885,41.575988739252296],[1.985722532385047,41.57598481166148],[1.9857192047241312,41.575980840782684],[1.9857159687121995,41.575976826612745],[1.9857128270222892,41.575972770039925],[1.9857097807652022,41.57596867366788],[1.9857068603477939,41.57596458128756],[1.9856857718648613,41.5759343954955],[1.98562810584169,41.57585185969584],[1.9848315260133738,41.574711612025084],[1.9848053954269302,41.57468399241368],[1.9847968538190393,41.57467671550933],[1.9848128583852866,41.574647684250984],[1.9848464065019957,41.574598781531876],[1.9838477490833677,41.57421299722694],[1.9838477201119125,41.57421094264637],[1.9838477409423307,41.57420860816957],[1.9838478158861619,41.57420627417079],[1.9838479449163218,41.57420394237916],[1.9838481288093834,41.57420161222507],[1.9838483667797395,41.574199284854416],[1.9838486576805463,41.574196959968894],[1.9838490033765215,41.57419464104367],[1.98384940313171,41.57419232605474],[1.9838498565442486,41.57419001615144],[1.9838503628195028,41.57418771305617],[1.9838509231088068,41.57418541677895],[1.9838515370058019,41.57418312875743],[1.9838522037474309,41.574180848696656],[1.9838529229273263,41.57417857803413],[1.983853696080632,41.574176316783465],[1.9838545205027902,41.57417406607374],[1.983855397719895,41.57417182649468],[1.9838563261787796,41.57416959918575],[1.983857285191401,41.574167430657376],[1.9838843787004967,41.57410795308638],[1.9838923672804136,41.57409110571258],[1.9838983173271945,41.57407935410507],[1.9839045295270443,41.57406770079312],[1.9839110106298812,41.574056131424776],[1.983917760983217,41.574044648308984],[1.9839247766949843,41.574033254870024],[1.983932055773934,41.57402195570199],[1.9839395962423634,41.57401075453414],[1.983947396163209,41.57399965250251],[1.983955452755246,41.5739886556352],[1.9839637629343412,41.57397776476957],[1.9839723258426916,41.573966985662636],[1.9839811387711777,41.57395631973154],[1.9839901970601836,41.573945770393905],[1.9839994991023118,41.57393534224703],[1.9840090429424604,41.57392503757954],[1.9840188231625087,41.57391485922557],[1.9840288404803232,41.57390481036229],[1.9840390894642446,41.573894894688586],[1.9840495666240892,41.573885114479175],[1.984060269205651,41.57387547403333],[1.9840711517017453,41.57386601157179],[1.9840885039892557,41.57385118867545],[1.9841082527855487,41.57383431600801],[1.9841301237802906,41.573815630088454],[1.9841562356689166,41.57379332109413],[1.984313790192353,41.573661674279734],[1.9843427456940608,41.5736337070331],[1.9843696512538456,41.57360359829335],[1.9843846985437918,41.57358391735421],[1.9845736201295212,41.573330091800955],[1.9847335485445667,41.5731485609569],[1.9847758765363686,41.573099986638255],[1.9847963200556047,41.573076526243845],[1.9848670373358093,41.573008914453624],[1.9851120990834996,41.57291728198328],[1.9855847189684077,41.572709504268126],[1.985590847395398,41.57270127368542],[1.9856302875582235,41.57268690731378],[1.985842100757015,41.57241817552724],[1.9858619157356343,41.57233912271603],[1.985842079443303,41.57188380791959],[1.9858842438546684,41.57177292379742],[1.985966047625696,41.57171295907555],[1.9859876849239795,41.5716221213842],[1.9859550222390725,41.571556092707745],[1.985793154327945,41.57156477913382],[1.9855176921857336,41.5715117795665],[1.9851625597777105,41.571382218935796],[1.9850091457521724,41.57180951352058],[1.9849652745709274,41.57193170470763],[1.9833092973970834,41.5716054432904],[1.9833092973970827,41.5716054432904]]]}},{"type":"Feature","id":"082798--barri--can-boada-del-pi","properties":{"name":"Can Boada del Pi","officialName":"Can Boada del Pi","municipality":"Terrassa","kind":"barri","quality":"official","code":"41"},"geometry":{"type":"Polygon","coordinates":[[[2.0015499189419486,41.57348008577971],[2.0014946804806346,41.57320015821365],[2.000280260642903,41.5715887227486],[1.9991888743081339,41.570435983845655],[1.9978379767123566,41.56916958606829],[1.9971430208983172,41.56852535154132],[1.995572614384612,41.56704569637939],[1.9943935581228756,41.56609565109402],[1.9938031418828543,41.56655468207094],[1.9933133395064986,41.566715564178246],[1.9930762953877876,41.56679607293711],[1.9928491088690252,41.56725418975741],[1.9927524238211645,41.56740671077711],[1.9924684069754304,41.56747500953399],[1.991674566917795,41.56772647109961],[1.9902677212159505,41.569319597065345],[1.9910350115761801,41.57037257678093],[1.9913781834528135,41.57070253759866],[1.9920835104447976,41.5715424467464],[1.9922238235695366,41.571702579038416],[1.993244950944234,41.572867921109534],[1.994436508208182,41.57422769668205],[1.9962827666369294,41.57652949119231],[1.997618952226296,41.578195240109416],[2.00005309262666,41.57827708452258],[2.000375145883725,41.57804165015852],[2.0004560564564158,41.57794584650946],[2.00080953114367,41.57752732056927],[2.001221439767381,41.57612442724928],[2.00153609208751,41.57402698789452],[2.001540647110759,41.57373103552152],[2.0015499189419486,41.57348008577971]]]}},{"type":"Feature","id":"082798--barri--vilardell","properties":{"name":"Vilardell","officialName":"Vilardell","municipality":"Terrassa","kind":"barri","quality":"official","code":"08"},"geometry":{"type":"Polygon","coordinates":[[[2.040846137050462,41.55699937892478],[2.039178152417583,41.55723534044949],[2.039142031737713,41.55724044917234],[2.0391828458853207,41.55740322935832],[2.038391151251181,41.558182535242594],[2.0380339550071365,41.55873431616129],[2.037948646178498,41.55894934569459],[2.0395309504598345,41.55891907459316],[2.040875046965014,41.55890119217256],[2.040846137050462,41.55699937892478]]]}},{"type":"Feature","id":"082798--barri--montserrat","properties":{"name":"Montserrat","officialName":"Montserrat","municipality":"Terrassa","kind":"barri","quality":"official","code":"07"},"geometry":{"type":"Polygon","coordinates":[[[2.0369387069970246,41.56022327017135],[2.0373421954548654,41.56027942567932],[2.0375182895356585,41.560299871929665],[2.037948646178498,41.55894934569459],[2.0380339550071365,41.55873431616129],[2.038391151251181,41.558182535242594],[2.0391828458853207,41.55740322935832],[2.039142031737713,41.55724044917234],[2.038687507884245,41.55730474466989],[2.0354404657888496,41.55773934630997],[2.0349532985397905,41.557804542684394],[2.0338294063543674,41.557951317343026],[2.033713965884776,41.55826737849026],[2.0334533213336274,41.559044326263795],[2.0332592900302777,41.55999003557176],[2.033246095455098,41.560256561727854],[2.0332481806333433,41.56042625894686],[2.0359756095822648,41.56004104495427],[2.036398996766818,41.56013336143102],[2.0369387069970246,41.56022327017135]]]}},{"type":"Feature","id":"082798--barri--torre-sana","properties":{"name":"Torre-sana","officialName":"Torre-sana","municipality":"Terrassa","kind":"barri","quality":"official","code":"09"},"geometry":{"type":"Polygon","coordinates":[[[2.043325039292165,41.5667359754813],[2.043333361396142,41.56649264111512],[2.0434003643730554,41.565982001115266],[2.0434492016455454,41.56523817919125],[2.04354905845288,41.564699412251386],[2.043664806147165,41.56419515299282],[2.0438682703314814,41.563596388738134],[2.0441375603177163,41.56294757022809],[2.044338268275576,41.562535411903625],[2.0446942326415667,41.5619919272826],[2.0450093589726803,41.561570665353045],[2.0456238461224365,41.560939942644964],[2.045960349645898,41.56050508885896],[2.0458931677434884,41.560420739449604],[2.0455121175741984,41.56020790711036],[2.0432039794739496,41.56041588029411],[2.042186709680416,41.56046050302698],[2.0408760490483955,41.560467046029984],[2.040875046965014,41.55890119217256],[2.0395309504598345,41.55891907459316],[2.037948646178498,41.55894934569459],[2.0375182895356585,41.560299871929665],[2.0373421954548654,41.56027942567932],[2.0369387069970246,41.56022327017135],[2.036398996766818,41.56013336143102],[2.0363742342003928,41.56014469398746],[2.0363141215693417,41.56025958173727],[2.036220812621754,41.560332652303345],[2.036344232764351,41.56050908161899],[2.0365210615540414,41.560815197647884],[2.036792121895616,41.561259471145455],[2.0368938227084494,41.561449565845045],[2.037042991274918,41.56178418033024],[2.037098516621578,41.56197850191755],[2.0371348607016326,41.5623172989992],[2.0371393167639766,41.56261931435345],[2.0371472512615654,41.56329866668676],[2.0371705824120765,41.56353373390712],[2.0372574757639614,41.56370222586432],[2.0373624431499264,41.56385744831793],[2.03745053163188,41.56394542342777],[2.0374223228219903,41.564039136428114],[2.037412090258886,41.56412628948909],[2.037527392838143,41.564187649254414],[2.037652527708961,41.56418869598895],[2.0378218568885815,41.564223665477606],[2.037978853113134,41.56437559510722],[2.038057261772101,41.56451008342524],[2.0381208708896166,41.56469955445488],[2.038150268833076,41.56483888202624],[2.0381766836399042,41.56505923030037],[2.038161770170471,41.565379581763345],[2.038136920607773,41.56568459274963],[2.038003437209501,41.56577504196218],[2.0379207703535407,41.565865914308894],[2.037990558509155,41.56595806363562],[2.0381176437980586,41.566066436429196],[2.038158663664384,41.566248793254445],[2.038235323537404,41.56644040132349],[2.038347710035862,41.566635290934975],[2.0385511117101554,41.56685779554023],[2.0386554412869455,41.56701416975478],[2.0387414475178307,41.567221565947094],[2.038762858075932,41.56741626399613],[2.0388382616839245,41.567797517147326],[2.0392768820460283,41.5677524463526],[2.0392465715557386,41.56757290453548],[2.0396908947928694,41.56751913227951],[2.040983108171334,41.56737924152907],[2.042025384676758,41.56726762255715],[2.0435566559157725,41.567103618910494],[2.044707313911314,41.56698036726878],[2.043325039292165,41.5667359754813]]]}},{"type":"Feature","id":"082798--barri--p-i-santa-eulalia","properties":{"name":"P.I. Santa Eulàlia","officialName":"P.I. Santa Eulàlia","municipality":"Terrassa","kind":"barri","quality":"official","code":"33"},"geometry":{"type":"Polygon","coordinates":[[[2.03412732793831,41.55364101247645],[2.0310113934137424,41.55303451545936],[2.0302730690470447,41.555521394790574],[2.0269775114319954,41.554927130150475],[2.027309377536715,41.55612858496759],[2.027531784286486,41.55693373044459],[2.028048229281894,41.558803271277604],[2.0284236916567147,41.55877691170582],[2.029310683179014,41.558673629527476],[2.029339760339078,41.55866475052307],[2.0302372486226594,41.558390677034225],[2.031402139858342,41.55820664358684],[2.0326214530229896,41.558112427151514],[2.03412732793831,41.55364101247645]]]}},{"type":"Feature","id":"082798--barri--roc-blanc","properties":{"name":"Roc Blanc","officialName":"Roc Blanc","municipality":"Terrassa","kind":"barri","quality":"official","code":"32"},"geometry":{"type":"Polygon","coordinates":[[[1.9881303584015313,41.56239867859554],[1.989112200673753,41.562515558928375],[1.989665678769054,41.56263839657034],[1.9907095405316169,41.562943216135466],[1.992172151957194,41.56363495653628],[1.9921468993275113,41.56357240718938],[1.992060116231721,41.56318881573015],[1.991975856470749,41.562642832489416],[1.991970671596031,41.56198153251069],[1.9920855170485263,41.56155330413832],[1.9922327098495767,41.56103255026161],[1.9927695823755796,41.560266755957535],[1.9928035592250286,41.56021249121898],[1.992869546063932,41.560124382223385],[1.993287778638591,41.55966142828524],[1.9938685426668097,41.559235263337506],[1.9947143935036542,41.55870992034554],[1.996422725966881,41.557721653406446],[2.00018339526789,41.55559825066009],[2.0007576383473817,41.55526863383312],[2.0003509783662765,41.555111566352984],[2.000176371454685,41.55413747180026],[2.0000973042521566,41.55400278586888],[2.0000224036776064,41.553875198269864],[1.9995858959299555,41.553491859233915],[1.9993360469884396,41.55329991540353],[1.9994338261517617,41.553146814616746],[1.999562729219395,41.552991521465486],[1.9997731337896618,41.552859282137824],[1.9998277642153564,41.55284312580526],[1.9995682883248573,41.55260589006774],[1.9995098409218484,41.55255245344668],[1.9993015899824544,41.552757669816415],[1.9985299629195086,41.553522971248015],[1.9980153990729763,41.55402133171934],[1.9968841263670223,41.554616598521704],[1.9956993086237673,41.554952049480846],[1.9937846950994416,41.555233272593],[1.9909310661847093,41.55565235895407],[1.9904220535678316,41.555727103027685],[1.9899382379818766,41.55577826680093],[1.9897316033609898,41.55580037386764],[1.9895612098727733,41.55582780802929],[1.9893663920357711,41.555844981924764],[1.9890647825604237,41.55586376276466],[1.9888745014263396,41.555875912898955],[1.988584215313398,41.555884692600536],[1.9884000361090817,41.555891210427774],[1.988234929100583,41.555889758614576],[1.988127981260461,41.55589611001018],[1.98777314445071,41.5559148639188],[1.9875007476195958,41.55594163449533],[1.9872671998606077,41.555968746085476],[1.987018457225573,41.5560358285809],[1.986876719976871,41.556092914792494],[1.9867349255741136,41.55615364644453],[1.9866077553829886,41.556210860920494],[1.9864705319769367,41.55628986187131],[1.9863136554221112,41.55638327305583],[1.9861664343974261,41.5564804152271],[1.9860044161007437,41.556592010348446],[1.9858723320447813,41.55665282650659],[1.9856086182360728,41.556745295263916],[1.9853354763372881,41.55681945059417],[1.985125578316509,41.556886871232514],[1.9845547053295967,41.55706838688073],[1.984679719307541,41.55719953343654],[1.9847127517809184,41.55723418621208],[1.9847127480144389,41.557234187425045],[1.98471274950482,41.557234188988545],[1.9845751844441022,41.557278491023666],[1.9844212303212854,41.55732944078114],[1.9844212265050094,41.55732944204409],[1.9844752045648606,41.5573823693732],[1.9846548735273917,41.557558540121626],[1.985611315500661,41.55849633918142],[1.9860466201588851,41.558923147380526],[1.986144140977821,41.5590186500479],[1.9863808389253421,41.55925033839455],[1.986602780020374,41.55946575034826],[1.9870549302248324,41.55991015121883],[1.9872531579356474,41.56010417682649],[1.9873022219722425,41.560152200555535],[1.9874223465508254,41.560269476607694],[1.9874320338725133,41.5602792596062],[1.9875263621746102,41.560437665773065],[1.9875533999820134,41.560498902225326],[1.9875729335511854,41.56056565752067],[1.9875775641769655,41.56059156829084],[1.9875798238052227,41.56066370789699],[1.9875759389960006,41.56074196069969],[1.9875688901194242,41.56078659878412],[1.9875578292565865,41.56085664324921],[1.987520201080797,41.56101202089241],[1.9874383222088623,41.56127895543691],[1.9874266513418481,41.56131422902148],[1.9873732592931022,41.561469516622026],[1.9871737266691791,41.56203372380946],[1.9871681752540606,41.562049720983],[1.98712745077928,41.562167073954704],[1.9870500653710574,41.56238751759166],[1.9870490206310407,41.56239049367518],[1.9870490219775738,41.562390493587365],[1.9870490219775738,41.562390493587365],[1.9874159448589408,41.562371709501114],[1.9881303584015313,41.56239867859554]]]}},{"type":"Feature","id":"082798--barri--p-i-santa-margarida","properties":{"name":"P.I. Santa Margarida","officialName":"P.I. Santa Margarida","municipality":"Terrassa","kind":"barri","quality":"official","code":"35"},"geometry":{"type":"Polygon","coordinates":[[[2.0388279825318856,41.55202233273275],[2.0393712419144725,41.55049343899922],[2.0396784585429697,41.54860656506122],[2.039705985342388,41.546745232883424],[2.0397825959822664,41.545477197207326],[2.0400046847782347,41.54447711510039],[2.0391356331935513,41.544708151757774],[2.0375690977082352,41.54538907265051],[2.0352825232249057,41.54597673077174],[2.0337382807466726,41.54605571181542],[2.0322487198467813,41.5459250309526],[2.0310074490083276,41.545579932769485],[2.029926687713136,41.54506361753674],[2.0291457498434906,41.544578002936326],[2.028030869526008,41.54383595799511],[2.0270618997468053,41.54337691635383],[2.025793995033384,41.542830803437845],[2.024335093062851,41.54250848171535],[2.0232502016604843,41.542273852806886],[2.022732793529558,41.542193957289946],[2.0226870910154138,41.54236101890285],[2.0223966025435525,41.543422823274035],[2.0223506548578403,41.543619711411054],[2.022178686597838,41.54394823751425],[2.0218846574202454,41.54420972787598],[2.021750114278763,41.54433153473001],[2.022171687016742,41.5444897057335],[2.02348873735793,41.544883114597724],[2.0238510702138504,41.54503216580949],[2.024050843449493,41.54521633065896],[2.02409433013149,41.54555731035652],[2.023667125663399,41.54667329965288],[2.0233122394068963,41.546836152100724],[2.0217455253629857,41.55127554679723],[2.021915333454933,41.55130779003243],[2.024150504216248,41.55173217166873],[2.026202656188955,41.55212176243247],[2.0291369597609794,41.55267875352863],[2.0310113934137424,41.55303451545936],[2.03412732793831,41.55364101247645],[2.035535747034054,41.55391689195877],[2.0364135305643614,41.553971355784775],[2.0372022724841603,41.55403110144483],[2.0388279825318856,41.55202233273275]]]}},{"type":"Feature","id":"082798--barri--p-i-els-bellots","properties":{"name":"P.I. Els Bellots","officialName":"P.I. Els Bellots","municipality":"Terrassa","kind":"barri","quality":"official","code":"34"},"geometry":{"type":"Polygon","coordinates":[[[2.039178152417583,41.55723534044949],[2.040846137050462,41.55699937892478],[2.041176374096235,41.556952659839304],[2.04117480690501,41.55695236108892],[2.039825154733976,41.55669481963278],[2.0392925626269416,41.55640437468914],[2.039003178921755,41.5560639562269],[2.0395923087294276,41.5544307294817],[2.040958323429931,41.5540217707306],[2.042492858854631,41.54760916362847],[2.0459584767754397,41.545836439525246],[2.0464324008252675,41.5429981787751],[2.046243986937286,41.54302418114432],[2.0458834233161873,41.543073610311986],[2.04404495844686,41.54339649002814],[2.0424952671459238,41.54377004820965],[2.041073510641102,41.54419295897961],[2.0400046847782347,41.54447711510039],[2.0397825959822664,41.545477197207326],[2.039705985342388,41.546745232883424],[2.0396784585429697,41.54860656506122],[2.0393712419144725,41.55049343899922],[2.0388279825318856,41.55202233273275],[2.0372022724841603,41.55403110144483],[2.0362428505860346,41.55497411248006],[2.0351494700849826,41.555997522197146],[2.034281880070783,41.5572118400166],[2.0338294063543674,41.557951317343026],[2.0349532985397905,41.557804542684394],[2.0354404657888496,41.55773934630997],[2.038687507884245,41.55730474466989],[2.039142031737713,41.55724044917234],[2.039178152417583,41.55723534044949]]]}},{"type":"Feature","id":"082798--barri--pla-del-bon-aire","properties":{"name":"Pla del Bon Aire","officialName":"Pla del Bon Aire","municipality":"Terrassa","kind":"barri","quality":"official","code":"22"},"geometry":{"type":"Polygon","coordinates":[[[2.0185218656720165,41.58417467893633],[2.0181874910344195,41.58167070860077],[2.0181197293320583,41.58118320223073],[2.017991871383935,41.58026333019412],[2.0179839055466338,41.58021172656237],[2.0179686039563114,41.58011262856183],[2.0169627615453445,41.58010157750067],[2.01419453625576,41.57998775542544],[2.0140227170251,41.581056301320174],[2.0139281554331028,41.58165030155421],[2.013557539487938,41.58397826764934],[2.0185218656720165,41.58417467893633]]]}},{"type":"Feature","id":"082798--barri--p-i-can-guitard","properties":{"name":"P.I. Can Guitard","officialName":"P.I. Can Guitard","municipality":"Terrassa","kind":"barri","quality":"official","code":"37"},"geometry":{"type":"Polygon","coordinates":[[[2.034243464848632,41.534246819387974],[2.034082900759571,41.534144905071045],[2.033931535107843,41.53404870330246],[2.033792754917577,41.53396285059919],[2.033666511394928,41.533863208846725],[2.03346875939631,41.533695785027746],[2.033324435075206,41.53356820300336],[2.0331756924712487,41.53341698960467],[2.033053521060302,41.533285700037275],[2.032533975900041,41.53396575882173],[2.032213486065275,41.53434718716505],[2.031778036083222,41.53452080975593],[2.0309482397260212,41.534750207794076],[2.0299225881948946,41.53491885301005],[2.0292488417474064,41.53523819793099],[2.028773148004524,41.535470566464035],[2.028255892908552,41.535850322627525],[2.0276617101581804,41.53611123370548],[2.026436633988033,41.536455448617836],[2.0256846037622176,41.53674456276736],[2.02441793937648,41.537236142815544],[2.023821950616545,41.53761521125071],[2.0229036129067857,41.53849385039942],[2.022220012428881,41.53946312281043],[2.020798265883823,41.54093425169565],[2.0229063445709414,41.54155956691472],[2.023696038636345,41.540687370189964],[2.025918492435941,41.53876464545845],[2.026679225602372,41.53833659704414],[2.0309851043531353,41.536163294758566],[2.0329176933214144,41.53527879790006],[2.0339669799410287,41.53461626840805],[2.0342846373077683,41.53427185803207],[2.034243464848632,41.534246819387974]]]}},{"type":"Feature","id":"082798--barri--can-tusell","properties":{"name":"Can Tusell","officialName":"Can Tusell","municipality":"Terrassa","kind":"barri","quality":"official","code":"21"},"geometry":{"type":"Polygon","coordinates":[[[2.0185586252208525,41.584176166441054],[2.020097996344518,41.58423846715161],[2.0203770900120808,41.58026681654502],[2.0196680125734057,41.58024159277447],[2.019982499204753,41.578861001222336],[2.020140663751368,41.578166639152194],[2.020189988777391,41.577950096273405],[2.0202241747959886,41.57775781839034],[2.0203190585858612,41.57722416210556],[2.019247652200944,41.57709365805452],[2.017469952475603,41.57688286816742],[2.017579598936638,41.577593073613585],[2.0177346878130304,41.57859759824022],[2.0179686039563114,41.58011262856183],[2.0179839055466338,41.58021172656237],[2.017991871383935,41.58026333019412],[2.0181197293320583,41.58118320223073],[2.0181874910344195,41.58167070860077],[2.0185218656720165,41.58417467893633],[2.0185586252208525,41.584176166441054]]]}},{"type":"Feature","id":"082798--barri--p-i-can-parellada","properties":{"name":"P.I. Can Parellada","officialName":"P.I. Can Parellada","municipality":"Terrassa","kind":"barri","quality":"official","code":"36"},"geometry":{"type":"Polygon","coordinates":[[[2.0401117157253994,41.54396756442239],[2.0404540782408245,41.542569560896844],[2.0406651178236874,41.54104013370933],[2.0402510679455257,41.53967844723142],[2.0399279832954234,41.53908852971093],[2.0392646631550595,41.537877347034545],[2.0383418119484205,41.53667439032618],[2.0373375625852232,41.53565710632483],[2.036773513002132,41.53508572006146],[2.0347190093874015,41.533603732527695],[2.0342846373077683,41.53427185803207],[2.0339669799410287,41.53461626840805],[2.0329176933214144,41.53527879790006],[2.0309851043531353,41.536163294758566],[2.026679225602372,41.53833659704414],[2.025918492435941,41.53876464545845],[2.023696038636345,41.540687370189964],[2.0229063445709414,41.54155956691472],[2.022732793529558,41.542193957289946],[2.0232502016604843,41.542273852806886],[2.024335093062851,41.54250848171535],[2.025793995033384,41.542830803437845],[2.0270618997468053,41.54337691635383],[2.028030869526008,41.54383595799511],[2.0291457498434906,41.544578002936326],[2.029926687713136,41.54506361753674],[2.0310074490083276,41.545579932769485],[2.0322487198467813,41.5459250309526],[2.0337382807466726,41.54605571181542],[2.0352825232249057,41.54597673077174],[2.0375690977082352,41.54538907265051],[2.0391356331935513,41.544708151757774],[2.0400046847782347,41.54447711510039],[2.0401117157253994,41.54396756442239]]]}},{"type":"Feature","id":"082798--barri--p-i-can-petit","properties":{"name":"P.I. Can Petit","officialName":"P.I. Can Petit","municipality":"Terrassa","kind":"barri","quality":"official","code":"39"},"geometry":{"type":"Polygon","coordinates":[[[2.0272939772322776,41.58117337813786],[2.0270041642895182,41.582447624713716],[2.026744575084774,41.58335003840487],[2.0265079355567495,41.584226460784365],[2.0264050503206823,41.58458016514265],[2.026541345293175,41.58458753884802],[2.0284454235487916,41.584700438826346],[2.029938438063076,41.58473638421839],[2.03109271458518,41.584535999056754],[2.0319942972610234,41.5841370066686],[2.033334773605349,41.58333948864341],[2.033750666964695,41.583140783733974],[2.0370845910655913,41.581518206447676],[2.0373530923681953,41.5813875232532],[2.0374788589573445,41.58113658161049],[2.0375355129453423,41.58094833899791],[2.037574013475037,41.58077342283166],[2.0376127152274974,41.58058502943661],[2.0376151150889577,41.58042329124308],[2.0376177149188126,41.580248074724025],[2.037601963988844,41.58009966468003],[2.037551513123342,41.57987008547804],[2.036079874193683,41.578094189846134],[2.034637639205917,41.57869170520226],[2.0334145445755762,41.57927125526459],[2.0314097589714084,41.580221238384304],[2.0304256482875913,41.580674705512195],[2.0299702790339835,41.580679355093864],[2.0280112257225054,41.58048492289249],[2.0274581526470996,41.5805184644522],[2.0272939772322776,41.58117337813786]]]}},{"type":"Feature","id":"082798--barri--poble-nou-zona-esportiva","properties":{"name":"Poble Nou / Zona Esportiva","officialName":"Poble Nou / Zona Esportiva","municipality":"Terrassa","kind":"barri","quality":"official","code":"24"},"geometry":{"type":"Polygon","coordinates":[[[2.0177346878130304,41.57859759824022],[2.017579598936638,41.577593073613585],[2.017469952475603,41.57688286816742],[2.0174042322361654,41.576457174747205],[2.0173144413714654,41.57552003862856],[2.017338556480519,41.57524080573561],[2.0174079985726725,41.57516953980503],[2.0172624209297196,41.57512839458718],[2.016094525159552,41.57507263211274],[2.015145263800894,41.5750286202421],[2.013808641855213,41.574959799563835],[2.0130324606928647,41.57492884426759],[2.010241238798791,41.574816414270344],[2.007071471144701,41.574649258378074],[2.004819821424172,41.574331879816896],[2.003674572579252,41.57413183299687],[2.0029626648985883,41.574012909668134],[2.0024047655685338,41.573919707363515],[2.00219018984016,41.57387260883366],[2.00203377783831,41.57383827674345],[2.001743935558468,41.57377524511807],[2.001540647110759,41.57373103552152],[2.00153609208751,41.57402698789452],[2.001221439767381,41.57612442724928],[2.00080953114367,41.57752732056927],[2.0004560564564158,41.57794584650946],[2.000375145883725,41.57804165015852],[2.00005309262666,41.57827708452258],[1.999279285594951,41.57884276334261],[1.9988878880224907,41.57835175444482],[1.9987879012783005,41.57838643556168],[1.9986370832085685,41.5784431038632],[1.9985335494376375,41.578457026766344],[1.9983398999362127,41.578484262071015],[1.9982766140483799,41.57849959619127],[1.998219789569041,41.57854796246219],[1.998187953429439,41.57862032621135],[1.9982209815505032,41.578677707740944],[1.9982228418420045,41.57867965962538],[1.9982337442279345,41.57869109819366],[1.9983947690144237,41.57871276638716],[1.998564312786402,41.578735086578824],[1.9985857159367426,41.57874313190242],[1.9986143521142385,41.57874904308793],[1.9987607574911963,41.578818655691144],[1.998740835834474,41.57884238727995],[1.998821760546721,41.57890649831544],[1.998841751370036,41.578926145961965],[1.9988350107840207,41.579002248354264],[1.9988082373546623,41.57902549151775],[1.9985524193030255,41.57908428243158],[1.9984101670473977,41.57912026433918],[1.9983050555741475,41.57915565357453],[1.9981865748708536,41.579231177384024],[1.9980886518280043,41.5792683709145],[1.997982968813056,41.57929926008416],[1.9977349083549776,41.57938333507076],[1.9974815864650797,41.579448567019135],[1.9973516926173471,41.57948087519453],[1.9972256469840217,41.579483226292716],[1.9970794208998752,41.5794876621901],[1.996961968644088,41.579498563751315],[1.9968276716834972,41.57953088599463],[1.996710173292306,41.579578108063814],[1.9965982869651615,41.57963088172624],[1.9965063786083947,41.57966675362593],[1.996446919316376,41.57966211702534],[1.996351700353315,41.579641515548396],[1.996200955538094,41.57963732346807],[1.9960274442880273,41.57963717304051],[1.9958490267787683,41.57964446992899],[1.9957356521678133,41.579636650135235],[1.9955771702096818,41.579642834476964],[1.9955342246489036,41.579643452922916],[1.9954847061747898,41.57962746800591],[1.9954601853884444,41.57961049766026],[1.9954276486979394,41.57959386550593],[1.9952704465613254,41.57963727649126],[1.995153816146574,41.57967378076423],[1.995112718809322,41.57968985999243],[1.9950783205524323,41.57971595129977],[1.9950688255524756,41.579745923424085],[1.9950423916711637,41.57986790205958],[1.9950236644592318,41.579916622063834],[1.9950538644261337,41.58007138056215],[1.9950753044196108,41.58019008166475],[1.995070188716917,41.58024340711705],[1.9950506448756156,41.58034387989724],[1.9950341533599982,41.58040638967195],[1.994990446074281,41.58056471419165],[1.9949656667568976,41.58062666419424],[1.9949553416328725,41.58064702127314],[1.994924384145253,41.58069240734887],[1.994910235642855,41.580709757399795],[1.9948560437981733,41.580748050943114],[1.9948494456835102,41.580751927609654],[1.994842937766712,41.58075588972607],[1.9948365244658324,41.58075993568166],[1.9948302053764808,41.58076406794683],[1.9948239860872683,41.58076828024826],[1.994817861456547,41.5807725736405],[1.9948118413844964,41.58077694711061],[1.9948059204358604,41.58078139703773],[1.9948001069827526,41.58078592651862],[1.9947943970881614,41.58079052974649],[1.9947887969748144,41.58079520677575],[1.9947833059063669,41.58079995787486],[1.994777923912642,41.58080478111993],[1.9947726561906622,41.5808096718835],[1.9947675052856921,41.580814631287325],[1.994762467920399,41.580819658203275],[1.9947575496365522,41.58082474938125],[1.9947527482293843,41.58082990535178],[1.9947480703388007,41.58083512287438],[1.9947435119383443,41.58084040191384],[1.9947390793146633,41.58084573840199],[1.9947347680624765,41.58085113312494],[1.9947295690939952,41.58085794120512],[1.9947217435109847,41.580872914920846],[1.9947240263208774,41.58089278759059],[1.9947300762413158,41.580910368268114],[1.994739094895556,41.58092985669515],[1.9947440266116354,41.58095099083218],[1.994764201870326,41.580970461571326],[1.9953312442418918,41.5813814356219],[1.9953507324279416,41.58140283484188],[1.9952349107045804,41.58151253308036],[1.994831215607447,41.581894894585865],[1.994733488831222,41.581987463941594],[1.9947536018764112,41.58200093054727],[1.9948332583936486,41.582054267441386],[1.9958085182941532,41.58270734015467],[1.9958447130562957,41.58273157561586],[1.9958695069186723,41.582748180748276],[1.9958885102461186,41.582747210549286],[1.995916261063876,41.582747315873846],[1.995999311109563,41.58272877965785],[1.9961419080902854,41.58265843122424],[1.9961334502190407,41.58263071266844],[1.9961276633628784,41.58259443885371],[1.9961297013781658,41.58254488678683],[1.9961417456478374,41.582504955003316],[1.9961600501128218,41.58247079746108],[1.9961885231548595,41.582435775405976],[1.99621808962933,41.58241220236027],[1.9962566171727238,41.582383940911036],[1.9962847507276487,41.582370840998266],[1.9963186389375702,41.58236288122426],[1.9963611682792093,41.582355302388315],[1.9963942486744863,41.582350824468456],[1.9964196960880194,41.582347234296265],[1.9964564808372451,41.582349461550045],[1.9964869031758379,41.58235258709079],[1.99651853597151,41.582359535701805],[1.9965438058405576,41.58235774197336],[1.9965881507892305,41.582348173850164],[1.9966216268105879,41.58232689694082],[1.9969206052225497,41.58214201705254],[1.9971700485157944,41.582016435530676],[1.9974841308615052,41.581854914854496],[1.997666849509363,41.58175695652666],[1.9979666728751309,41.581660018848225],[1.9981668108525183,41.58157880378141],[1.998940201576219,41.581295182660284],[1.9995116785013654,41.581064552123436],[2.0001272634444853,41.580839280290306],[2.00060280376787,41.58066754043778],[2.000982644812014,41.58053976559178],[2.001180232857223,41.58048009208694],[2.001377821625352,41.58042041934676],[2.001538715762579,41.58046290168383],[2.006258123728232,41.580301582333824],[2.0066894778292874,41.57999658458999],[2.006776674314556,41.57993492913784],[2.006991032671339,41.57978336180517],[2.0071807881021275,41.57973359584256],[2.0074240530061025,41.579724037948445],[2.008099240729841,41.5797562068469],[2.009797002695941,41.57982073226788],[2.01182184745186,41.57989765684352],[2.0133680047370475,41.57995637216408],[2.013368407974006,41.57995638747428],[2.01419453625576,41.57998775542544],[2.0169627615453445,41.58010157750067],[2.0179686039563114,41.58011262856183],[2.0177346878130304,41.57859759824022]]]}},{"type":"Feature","id":"082798--barri--sector-montserrat","properties":{"name":"Sector Montserrat","officialName":"Sector Montserrat","municipality":"Terrassa","kind":"barri","quality":"official","code":"38"},"geometry":{"type":"Polygon","coordinates":[[[2.038762858075932,41.56741626399613],[2.0387414475178307,41.567221565947094],[2.0386554412869455,41.56701416975478],[2.0385511117101554,41.56685779554023],[2.038347710035862,41.566635290934975],[2.038235323537404,41.56644040132349],[2.038158663664384,41.566248793254445],[2.0381176437980586,41.566066436429196],[2.037990558509155,41.56595806363562],[2.0379207703535407,41.565865914308894],[2.038003437209501,41.56577504196218],[2.038136920607773,41.56568459274963],[2.038161770170471,41.565379581763345],[2.0381766836399042,41.56505923030037],[2.038150268833076,41.56483888202624],[2.0381208708896166,41.56469955445488],[2.038057261772101,41.56451008342524],[2.037978853113134,41.56437559510722],[2.0378218568885815,41.564223665477606],[2.037652527708961,41.56418869598895],[2.037527392838143,41.564187649254414],[2.037412090258886,41.56412628948909],[2.0374223228219903,41.564039136428114],[2.03745053163188,41.56394542342777],[2.0373624431499264,41.56385744831793],[2.0372574757639614,41.56370222586432],[2.0371705824120765,41.56353373390712],[2.0371472512615654,41.56329866668676],[2.0371393167639766,41.56261931435345],[2.0371348607016326,41.5623172989992],[2.037098516621578,41.56197850191755],[2.037042991274918,41.56178418033024],[2.0368938227084494,41.561449565845045],[2.036792121895616,41.561259471145455],[2.0365210615540414,41.560815197647884],[2.036344232764351,41.56050908161899],[2.036220812621754,41.560332652303345],[2.0363141215693417,41.56025958173727],[2.0363742342003928,41.56014469398746],[2.036398996766818,41.56013336143102],[2.0359756095822648,41.56004104495427],[2.0332481806333433,41.56042625894686],[2.033240571222274,41.56062778753501],[2.03322343533647,41.56084926425718],[2.033197920596902,41.561323456413206],[2.033191574376324,41.561449795458024],[2.033282206799487,41.56241148441659],[2.033571596788455,41.56465081722503],[2.0335935124281947,41.56494755256912],[2.0336873990019138,41.566159263075626],[2.0337874992952356,41.5671739746838],[2.0338828880921596,41.56806901294475],[2.033893826678726,41.568173071376165],[2.035234877830934,41.56803953362256],[2.036081471594546,41.56796932452744],[2.0373199079172806,41.567846096797574],[2.0376309040578082,41.56781581876264],[2.03767635830021,41.56781139244239],[2.037945785283214,41.56779652131716],[2.038810037584337,41.567799468286864],[2.0388382616839245,41.567797517147326],[2.038762858075932,41.56741626399613]]]}},{"type":"Feature","id":"082798--barri--can-roca","properties":{"name":"Can Roca","officialName":"Can Roca","municipality":"Terrassa","kind":"barri","quality":"official","code":"23"},"geometry":{"type":"Polygon","coordinates":[[[2.0071854750362594,41.58035227416068],[2.0078989199933335,41.58107846619896],[2.007853613544522,41.581254084569345],[2.00750509832028,41.581747103609615],[2.007069138738258,41.58238337361482],[2.006952061618031,41.582775513525625],[2.0075814082988215,41.58360510979443],[2.0080266235233886,41.58397396991285],[2.013557539487938,41.58397826764934],[2.0139281554331028,41.58165030155421],[2.0140227170251,41.581056301320174],[2.01419453625576,41.57998775542544],[2.013368407974006,41.57995638747428],[2.0133680047370475,41.57995637216408],[2.01182184745186,41.57989765684352],[2.009797002695941,41.57982073226788],[2.008099240729841,41.5797562068469],[2.0074240530061025,41.579724037948445],[2.0071807881021275,41.57973359584256],[2.006991032671339,41.57978336180517],[2.006776674314556,41.57993492913784],[2.0066894778292874,41.57999658458999],[2.0071854750362594,41.58035227416068]]]}},{"type":"Feature","id":"082798--barri--can-boada-casc-antic","properties":{"name":"Can Boada Casc Antic","officialName":"Can Boada Casc Antic","municipality":"Terrassa","kind":"barri","quality":"official","code":"26"},"geometry":{"type":"Polygon","coordinates":[[[2.0027760892059265,41.572846836712685],[2.0031789539359592,41.57154667227006],[2.003228773617899,41.571385889857844],[2.0042912502650143,41.56924312636984],[2.0039201129758704,41.569149079801],[2.002621804531032,41.56874843620516],[2.001508875261923,41.56831962377638],[2.0005959666375994,41.56788968340779],[1.9999134645112122,41.5675902150862],[1.999527279728785,41.56739358649885],[1.9988669626702913,41.56705737615561],[1.9967300437810411,41.56596928115028],[1.9966071795768001,41.56590671730568],[1.9945769650312881,41.5648668187273],[1.9923522868791468,41.56372014822542],[1.992172151957194,41.56363495653628],[1.9924909430102054,41.564251717670686],[1.9928519766939505,41.56468942181389],[1.9932950594134848,41.56510739489254],[1.9941593492636467,41.56588533618488],[1.9943935581228756,41.56609565109402],[1.995572614384612,41.56704569637939],[1.9971430208983172,41.56852535154132],[1.9978379767123566,41.56916958606829],[1.9991888743081339,41.570435983845655],[2.000280260642903,41.5715887227486],[2.0014946804806346,41.57320015821365],[2.0015499189419486,41.57348008577971],[2.001540647110759,41.57373103552152],[2.001743935558468,41.57377524511807],[2.00203377783831,41.57383827674345],[2.00219018984016,41.57387260883366],[2.0024047655685338,41.573919707363515],[2.0027760892059265,41.572846836712685]]]}},{"type":"Feature","id":"082798--barri--torrent-d-en-pere-parres","properties":{"name":"Torrent d'en Pere Parres","officialName":"Torrent d'en Pere Parres","municipality":"Terrassa","kind":"barri","quality":"official","code":"25"},"geometry":{"type":"Polygon","coordinates":[[[2.007750935758949,41.57388436298309],[2.00903702758085,41.57239105293974],[2.009191994364417,41.57213333198078],[2.009908945813607,41.570314820057625],[2.0095917720593066,41.57031718300049],[2.009502655559702,41.57031041356591],[2.0088597200213307,41.57026157334561],[2.0074362168333284,41.57012448460207],[2.006290837660763,41.56989905908983],[2.0042912502650143,41.56924312636984],[2.003228773617899,41.571385889857844],[2.0031789539359592,41.57154667227006],[2.0027760892059265,41.572846836712685],[2.0024047655685338,41.573919707363515],[2.0029626648985883,41.574012909668134],[2.003674572579252,41.57413183299687],[2.004819821424172,41.574331879816896],[2.007071471144701,41.574649258378074],[2.007750935758949,41.57388436298309]]]}},{"type":"Feature","id":"082798--barri--les-fonts","properties":{"name":"Les Fonts","officialName":"Les Fonts","municipality":"Terrassa","kind":"barri","quality":"official","code":"02"},"geometry":{"type":"Polygon","coordinates":[[[2.0313741099236027,41.519162059189114],[2.0306674937327145,41.51994529974589],[2.030665466970614,41.51998682211919],[2.0306609706012195,41.52004086629924],[2.0306577479363415,41.52008816329918],[2.030654108951451,41.52012561184991],[2.0306525021224364,41.520161807505936],[2.0306466274619757,41.520193265394745],[2.0306412422683118,41.520231275689724],[2.0306304398191073,41.520261259883604],[2.0306175568458484,41.52028690305161],[2.0306064341318546,41.5203094355362],[2.0305877354165434,41.52033528187849],[2.030571874970051,41.52035966594597],[2.030545674450037,41.52039027693317],[2.030532095562891,41.520404727203044],[2.0305132481665966,41.52042607765476],[2.0304944818768678,41.52045002287892],[2.030473281282361,41.52047245237075],[2.0304543987407055,41.52049535176545],[2.0304296283135908,41.52052007502514],[2.0304087426660193,41.52053906638558],[2.0303942160463966,41.520551968405854],[2.030382411495466,41.52056236233511],[2.030372063357726,41.52057073290191],[2.0303592053957993,41.52058044179835],[2.030345129248159,41.52059079649252],[2.030328911576606,41.520602874510374],[2.030311978804376,41.52061172765144],[2.03028550535101,41.52062695129446],[2.0302631082660785,41.52063734161052],[2.030246823125978,41.52064629312213],[2.030232866973638,41.52065349165155],[2.0302125887255023,41.52066330775147],[2.03019722014748,41.52067077351831],[2.030173558061838,41.52067977624431],[2.0301571343260494,41.520684879959596],[2.0301347097452065,41.520692950495224],[2.030117801836916,41.52069917602926],[2.030086952642472,41.520710400101734],[2.0300584317174377,41.520720607968656],[2.030037288955993,41.520729517964945],[2.0300242755431603,41.52073658698781],[2.030003090287692,41.520750457234094],[2.0299898853253886,41.520759669590795],[2.0299670881026226,41.52077477278427],[2.0299535928528734,41.520786818750814],[2.029938386073576,41.52080512833992],[2.0299218741950504,41.52083458691577],[2.029894356898273,41.52088511971471],[2.0298751620302036,41.520924895986845],[2.029842722472172,41.52099123102174],[2.0298160765413407,41.52105643497435],[2.029787114323224,41.5211186379738],[2.029771306271263,41.521151516216555],[2.0297182894099075,41.52126910906424],[2.029675659120487,41.52135730875881],[2.029653312496694,41.52140426420502],[2.0296283243802544,41.52145634951028],[2.0296142982859524,41.52148225313102],[2.029599034429987,41.5215011566701],[2.029574712842226,41.521514370408575],[2.029572668827955,41.5215154809059],[2.0295183077159082,41.52153289255635],[2.0294938475564552,41.521540009030915],[2.0294408313460677,41.521554405159236],[2.02943918921663,41.521554851065886],[2.0293768609161327,41.521569655358334],[2.0293014764611823,41.52158234078916],[2.0292522264007835,41.52158895972131],[2.029197667314395,41.52159795676649],[2.029166674249155,41.52160273017544],[2.0290792113751257,41.52161589684852],[2.029057159072258,41.52161921659388],[2.0289618929468713,41.52164139872406],[2.028913575816568,41.52166935069537],[2.02888901598509,41.52168355880066],[2.0288401445228224,41.521719355270896],[2.0288045675047894,41.52174533799768],[2.0287637217694967,41.521786228267324],[2.0287211992391754,41.5218558915643],[2.02869746582566,41.521900150941946],[2.0286660384809996,41.521963602848835],[2.028636598415788,41.52201438030308],[2.0285903506561573,41.52208708355703],[2.028566334208175,41.52212190589608],[2.028534412863991,41.52216818977051],[2.0284907601593902,41.52223324972644],[2.028472951113571,41.52226362487361],[2.028433198544221,41.52234357072745],[2.02840134452754,41.52241195185807],[2.0283953424360757,41.522436142753094],[2.028389142672347,41.52247653480557],[2.0283856483208456,41.522499300815376],[2.028362934205735,41.522608384968485],[2.0283528969146003,41.522651693337465],[2.02834348497946,41.522692303397946],[2.0283370961721086,41.522713173278255],[2.028324433595239,41.52276244407814],[2.028316050125102,41.52279987107345],[2.028312463731439,41.522815882083144],[2.0283062109729686,41.52283691206122],[2.028300057836462,41.52285760696537],[2.0282953024943264,41.52287343757311],[2.0282933580062656,41.52288529894554],[2.028291504032777,41.52289660817496],[2.0282840615634674,41.52292862013441],[2.0282748590793043,41.5229597074877],[2.0282641189403017,41.523009453893735],[2.0282608841688248,41.52302699071341],[2.028250809950239,41.523056260238846],[2.028239095319564,41.52308957796903],[2.0282367270446646,41.52309631360538],[2.028236174362621,41.523097549091624],[2.0282189203534426,41.52313611932736],[2.0281981711457977,41.523173125944055],[2.0281701779527057,41.523210449642356],[2.0281629523201494,41.52322033723633],[2.0281378871123104,41.52325463657249],[2.0280962959830706,41.5233100039628],[2.0280372300909115,41.52341421411416],[2.0280230629016907,41.52348471127082],[2.028007991194612,41.523557182376074],[2.0279752022790087,41.52366906359536],[2.0279513083887246,41.523763203637714],[2.027950493775797,41.52379015420737],[2.0279497414160614,41.52381504517263],[2.0279492529741745,41.523860491664074],[2.0279524272382115,41.523946303613435],[2.0279524991250817,41.52395650197896],[2.027952910750163,41.52401489796304],[2.027949393045915,41.52405052795828],[2.0279427746855783,41.52410273211752],[2.027942610778141,41.52410487445915],[2.0279287998082456,41.524163566092824],[2.0279078965263966,41.524244463708804],[2.027894196702081,41.52429241774772],[2.027891567502357,41.52430162083129],[2.0278616184135916,41.524372678101415],[2.0278352352488187,41.52443851427878],[2.027799900598665,41.52449981973288],[2.027773647244297,41.524545369097076],[2.02772786494194,41.52464123355665],[2.027727320108786,41.524642399893395],[2.0276931626121972,41.524732742096425],[2.0276908748337013,41.52473961745443],[2.027654984132098,41.52484747796525],[2.027620212014257,41.52491801699841],[2.0276042649625934,41.52494483185887],[2.027603177326737,41.52494622779356],[2.0275676523590014,41.52498138895142],[2.0275457845283595,41.52500098395963],[2.027531915080565,41.525013116538226],[2.0275280016423394,41.52501752402034],[2.0275087142764083,41.525032880411814],[2.0274950862161036,41.52504650122436],[2.027475803092477,41.52506397435106],[2.0274553218958977,41.525083013611614],[2.0274174242352307,41.525109327545096],[2.0273874319228877,41.525133591624154],[2.0273519494714063,41.52515629603953],[2.027350922207172,41.525157090975696],[2.0273248227939784,41.5251772876849],[2.027290674942319,41.525202111067465],[2.0272746672382738,41.52522335888383],[2.027246518767127,41.52525334912193],[2.0272271455358193,41.525281630149614],[2.0271960663428494,41.52531763044362],[2.0271767074808897,41.52535055032006],[2.027148772317386,41.5253998989281],[2.0271233515605163,41.52544381941238],[2.0271157334771583,41.525455491413894],[2.0270944351452576,41.52549545655448],[2.0270770146763644,41.52552859097229],[2.0270487451335377,41.525582647519094],[2.02702537858042,41.52563425053378],[2.0270047940834783,41.52566976310531],[2.0269965829580268,41.525689014188444],[2.0269800737061536,41.525731722004146],[2.026963214601037,41.52579537772957],[2.026954496439843,41.52583646710956],[2.026947010260213,41.52587692739833],[2.0269254098055156,41.52594103839494],[2.026923644952301,41.52597962855006],[2.026924791660873,41.52600387207829],[2.0269248191604605,41.52600445346998],[2.0269171985341,41.52605788306301],[2.0269007694259926,41.52609123300618],[2.0268865882722937,41.52611385394674],[2.026883357085088,41.52611900814363],[2.0268603002831607,41.5261555175839],[2.026833187002314,41.526193172640305],[2.0268026102779984,41.526231591016995],[2.0267518377379763,41.52628915901743],[2.026724226477283,41.52633524062122],[2.026703274019744,41.526365687943134],[2.026677936734518,41.5264095910121],[2.026639111539286,41.52647212400057],[2.026595291036018,41.52653365992174],[2.0265670400308693,41.5265736291527],[2.0265151805477593,41.52663570948381],[2.0264469766342197,41.52671586408127],[2.0263698522731284,41.52680818396476],[2.0263092551908835,41.52687101888652],[2.0262619862903875,41.52691708704621],[2.0262187536911895,41.52695456041878],[2.026155521897991,41.52700443853244],[2.0261339747827503,41.527024153073086],[2.026095696311474,41.527054966959035],[2.026043475916508,41.527099497887484],[2.0260066036749786,41.5271316477195],[2.0259628399094165,41.52718533596968],[2.025959485908255,41.52719853745914],[2.025958648884473,41.527201832018996],[2.0259703261836073,41.52723326785165],[2.0259482160289797,41.52723812327864],[2.0258993628218325,41.52725035794984],[2.0258798897064874,41.52725523473953],[2.0258379016073476,41.52726245414357],[2.0257915546680754,41.52726779912544],[2.0257612974917505,41.5272680652063],[2.025739516094383,41.527267430306146],[2.025731251312726,41.527266209904596],[2.025729357483811,41.52727344214749],[2.0257233435389215,41.527287613644326],[2.025714422769407,41.527302994505945],[2.0256985885646817,41.52732379320026],[2.0256839067738874,41.52733409019438],[2.025668742762369,41.527346968181874],[2.0256459019999777,41.52735861918574],[2.0256311162844787,41.5273667425977],[2.025622781755024,41.52737132166526],[2.0255972448682136,41.527388965900386],[2.0255818073677716,41.527413858407634],[2.0255685457036856,41.52755792801183],[2.0255146839530593,41.52755449261639],[2.025423625928433,41.527546571406134],[2.025337324377156,41.52753869043921],[2.025254968671276,41.52753203444136],[2.0251599559497087,41.5275234837068],[2.025023733590212,41.52751131430262],[2.024298868944565,41.5276527138921],[2.024297007021621,41.527653077091344],[2.023508449459418,41.52782088689259],[2.023508122418187,41.527822441717085],[2.023317893501062,41.5286929090952],[2.023508563320134,41.52876009422976],[2.0237622378374964,41.52883249601198],[2.0241269375411286,41.52892037329736],[2.0244434897455137,41.52899330711791],[2.0248017603691224,41.52907991635015],[2.0251288688964055,41.529163218058436],[2.025578729582236,41.5292711913394],[2.0259307357122354,41.52934563208248],[2.026553374901693,41.52950033908583],[2.0270561542977497,41.52962813370303],[2.0273491456326345,41.52970974531354],[2.027729451949633,41.5298328677741],[2.027987645490144,41.5299271000741],[2.0284049613763155,41.53009565094595],[2.0286948230026423,41.53022890732839],[2.0290237849283494,41.530385880572545],[2.029489767438879,41.53060298222915],[2.029688872095385,41.53070431957962],[2.030024862135307,41.53088035346091],[2.0303044429516954,41.53105469959996],[2.030567045802069,41.53121844799458],[2.0308560679103835,41.531408618169266],[2.031089555904522,41.53157824445717],[2.0313816433560445,41.53177933994035],[2.031676788349865,41.53200990663863],[2.0319158357025717,41.532199653582005],[2.032089212945641,41.53235977879439],[2.032398279382314,41.53264402373081],[2.032631935044295,41.53287127069942],[2.032819885008578,41.533057536047686],[2.033034485014466,41.533265243193746],[2.033053521060302,41.533285700037275],[2.0331756924712487,41.53341698960467],[2.033324435075206,41.53356820300336],[2.03346875939631,41.533695785027746],[2.033666511394928,41.533863208846725],[2.033792754917577,41.53396285059919],[2.033931535107843,41.53404870330246],[2.034082900759571,41.534144905071045],[2.034243464848632,41.534246819387974],[2.0342846373077683,41.53427185803207],[2.0347190093874015,41.533603732527695],[2.036773513002132,41.53508572006146],[2.0373375625852232,41.53565710632483],[2.0377668495501546,41.53541785786159],[2.038016078700227,41.535635011949864],[2.0381302458720225,41.53566465058919],[2.038257708162005,41.53565615403613],[2.03844968127091,41.53559082905912],[2.0391943650750686,41.535176352817096],[2.0401444497072556,41.53464885102837],[2.0406450173024897,41.5343176837907],[2.041443214269692,41.53378959960649],[2.0420748246805154,41.53326898854823],[2.04194943801781,41.53227357028805],[2.0419466176194536,41.53216763560926],[2.042007689553692,41.53210491511199],[2.04208038777934,41.53206938847151],[2.042321873881259,41.532008169557606],[2.042672272287962,41.531902693528856],[2.042925916145962,41.53183253973711],[2.0432764478617114,41.5317180287666],[2.0436618636737336,41.531685102917656],[2.0440111965980385,41.53165187380947],[2.0443841844592123,41.53164593939462],[2.044744613833828,41.53167603137633],[2.0450569344377114,41.53170572134449],[2.045225186674076,41.53171615006562],[2.04587719943849,41.53154993527632],[2.046178155673913,41.53153436520187],[2.0465755949203057,41.531501527590905],[2.0470453333985525,41.5314602559191],[2.0472524512615458,41.531281316048776],[2.0474098688232267,41.531210355576334],[2.047723908629546,41.53112262822354],[2.0478901913333774,41.5310272882335],[2.047973094618942,41.531026336421704],[2.0479221918835266,41.53086072177131],[2.0478924072791855,41.53069083647115],[2.047808197194392,41.53038115261082],[2.0477882559002367,41.530090177229255],[2.0478152991745247,41.529896526504935],[2.047954922265487,41.52972804232458],[2.048231156633335,41.529597039758976],[2.048393206607909,41.52954991203605],[2.0488619837764914,41.52949320142532],[2.0493223369903517,41.52946065382824],[2.0498954494476145,41.5294411521659],[2.0501779734289616,41.529431367804875],[2.0506790717800656,41.52942469788416],[2.0507495582509985,41.529421049509224],[2.0509074457221623,41.52945804227218],[2.051135660088707,41.529561047190036],[2.0513164387835703,41.529657712187316],[2.051386767389733,41.52972372441856],[2.0514250666021066,41.52981326619696],[2.0514631922671245,41.52991470333843],[2.0514620635656344,41.529992021083785],[2.051428471006641,41.53012260905373],[2.0513949680426027,41.530247250995075],[2.0514015858047006,41.53033653159961],[2.051463644722427,41.53042626921897],[2.05157006739268,41.53047186939134],[2.0517053787169317,41.530548110365686],[2.0517496532783643,41.530630430691865],[2.051757651414875,41.53070562295201],[2.051756854120796,41.53076025427757],[2.051746464110466,41.53084895324468],[2.0517452681684567,41.5309308988562],[2.0517621592592543,41.53101982428081],[2.051788144886498,41.531108822993836],[2.0518136352265595,41.53123196595703],[2.0518567116051774,41.531396233470545],[2.051849139236755,41.53144742566482],[2.0519241280794267,41.53143119296975],[2.051961168895376,41.531419924887096],[2.0520140703539953,41.531403831855194],[2.052042858779529,41.531387560989955],[2.0520885245100966,41.53136175124695],[2.0522029078937982,41.53128595228755],[2.0522296575021333,41.53126824832838],[2.0523615343689996,41.53120115028169],[2.0524857104407306,41.53114070659368],[2.052487090452836,41.53114003486045],[2.052566464166951,41.53111093081686],[2.052598807030304,41.53109907160159],[2.0527106420091394,41.531058199281496],[2.0527438460167637,41.531047004026256],[2.0527527727087995,41.531043994248854],[2.052780268871669,41.53103472347029],[2.0528867039055747,41.531002453461085],[2.052992438097561,41.53096891656557],[2.0530759347293848,41.53093961000937],[2.0531173892913115,41.53092454896304],[2.0531590796032178,41.530909760060496],[2.053206039544037,41.5308946823566],[2.0532528967012427,41.53087963762779],[2.0533455466832344,41.53084734376887],[2.0534583234700508,41.53079936273966],[2.0535706272384635,41.53075092734316],[2.05370462665683,41.530694293629665],[2.0537246938927747,41.53068579120445],[2.0538385073017613,41.530637568709075],[2.053885323820685,41.530613945982594],[2.0538906740018565,41.53061124638046],[2.0539394173854233,41.530581292961614],[2.0539993237456318,41.53054206381089],[2.054088412629269,41.5304826282146],[2.0540916247709697,41.53048045435628],[2.0541624420988485,41.530432527755],[2.054176908641354,41.53042273730905],[2.0542850595034032,41.53034661477552],[2.054389782893611,41.53026713126909],[2.054402410280787,41.53025606610936],[2.054433129264436,41.530229116799056],[2.0544916678729943,41.53016852894427],[2.0545450972763595,41.53010483658442],[2.0546075748148307,41.53002068204263],[2.054662901671425,41.529933676431185],[2.0547086532812173,41.52984569135314],[2.054747958955038,41.52975585181769],[2.054772921962063,41.529691873181],[2.0547894007334224,41.529649639039185],[2.0547904175981007,41.529647032871644],[2.054825463622923,41.52953689196421],[2.0548538699236425,41.529421742479165],[2.0548817980243665,41.529306498981754],[2.0548971007801593,41.529235232613885],[2.0549071286166014,41.52918853194959],[2.054922125733591,41.52912992788506],[2.0549227761622433,41.52912812758482],[2.0549428586390386,41.529072541900646],[2.055012174052635,41.52891377314712],[2.055022667623816,41.52888970869785],[2.055081367959623,41.52875509342084],[2.055118987255701,41.5286739769227],[2.055152117552525,41.528604803180905],[2.0551826752840254,41.528531194734775],[2.05520458337887,41.52846715298044],[2.055215277849815,41.52841589947077],[2.0552234731935792,41.5283551678049],[2.0552366957717694,41.52827321959926],[2.0552506723891866,41.528198458428484],[2.05526503688563,41.52813624798233],[2.0552936916826106,41.52806154272262],[2.055380930900281,41.52793392359758],[2.0554068223457582,41.52790531780959],[2.0554746416636362,41.52783038847028],[2.05548787057868,41.52781516893033],[2.0556224353447825,41.52766035499073],[2.055675674202543,41.52760495861667],[2.0557017685569945,41.527577806738606],[2.055753565182742,41.52751076768703],[2.0558048345384097,41.527455253575425],[2.0558527296582088,41.52738448946558],[2.055901026035749,41.52729436301804],[2.0559010492654517,41.52729431045225],[2.0559307715379016,41.52722705276761],[2.0559321330715887,41.52722409154933],[2.055943658617375,41.527198065113346],[2.0559687849612067,41.52712693388033],[2.0559822953086218,41.52707156006221],[2.055995164181668,41.526969613434225],[2.0559954884529352,41.52696549017629],[2.055117157940397,41.52571618430757],[2.05401995958608,41.52547770951192],[2.0540105030855433,41.52544128292197],[2.0539724984285184,41.525447517428134],[2.0538697060159836,41.525469009749585],[2.0537904778616105,41.52548556173544],[2.053670492439371,41.52551069545807],[2.053641757718744,41.52551676407032],[2.0535506228333507,41.5255361002263],[2.053494673256908,41.52555086199956],[2.053457623016352,41.52556196713656],[2.0534510939091652,41.52556392411629],[2.0534398984733464,41.52556725472301],[2.053395330152763,41.5255823803483],[2.0533509039745077,41.52559597589173],[2.0531201307181703,41.525568047132886],[2.053084244723178,41.52556370407598],[2.052895468385919,41.52555767923976],[2.052758539430811,41.52556549181904],[2.0527041717233065,41.525569763470585],[2.052539681957936,41.525582687213046],[2.05238980845967,41.52557581012624],[2.0523146774527974,41.52556618372238],[2.0521415861102237,41.52555899247235],[2.052003951302013,41.525536870992234],[2.051890050677272,41.52549819152644],[2.051847982259792,41.525481631598915],[2.0517916811275283,41.52545477609168],[2.0517057268601655,41.52541479564244],[2.0515614501877177,41.52534686196748],[2.051526580642624,41.52533801746941],[2.0514605660969343,41.525327925264364],[2.0514043551118717,41.52531953519927],[2.051348631411861,41.52531060869082],[2.0513197043462545,41.52529859959784],[2.0513143202312105,41.52529636437715],[2.0512375890870485,41.525248623348425],[2.051152297719522,41.52519612785963],[2.0510769378251017,41.52515299174192],[2.0510694676134538,41.525150410646305],[2.051039014366352,41.52513988848195],[2.051002691087931,41.525132112700085],[2.0509739584044064,41.52513031153838],[2.0509482868452467,41.525128702262855],[2.0509480857600675,41.525128689657386],[2.050910038690126,41.52513224877077],[2.05086641305433,41.525148462068024],[2.0508661708624496,41.52514855150024],[2.0508453891971072,41.525156225371276],[2.050783382580521,41.52517912200056],[2.0506981184823023,41.525214987646066],[2.0506099517347987,41.52526082732502],[2.0505115494161466,41.5253181117186],[2.0504433739902526,41.52536564756605],[2.0503881297900506,41.52540590420313],[2.050359626611206,41.525420710950804],[2.0503385333592083,41.52542611658268],[2.0503235337218464,41.525429960582464],[2.0502555306236854,41.525441108401836],[2.050158074750149,41.525458227918335],[2.0501111410358672,41.52547061060411],[2.0500223501799693,41.52549403654001],[2.0498220897050823,41.52554975825399],[2.049627228489111,41.5256050738772],[2.049478104341434,41.52564932662559],[2.0494101797379614,41.525669483238815],[2.0493000127731285,41.52571153713658],[2.049189845667065,41.525753590926946],[2.0491524985995535,41.52576661286934],[2.0491139754863585,41.52577809384043],[2.0490351711103436,41.52579833902605],[2.0489827208843634,41.52581141615896],[2.048926896512546,41.52582572637816],[2.0488707284102117,41.525838952855786],[2.0488423724390796,41.525843672310344],[2.048813215803726,41.525845773029474],[2.048756961000532,41.52584855031159],[2.0487157565335474,41.525854874829626],[2.0481494202345165,41.52569949696565],[2.0478344616948143,41.5256470265789],[2.04749731896991,41.52559925789782],[2.0472406921690687,41.52563108240221],[2.0471510373805177,41.52560262389537],[2.0470130653132546,41.52554634798159],[2.046796315033422,41.525453657247766],[2.0465226393464993,41.52532175230332],[2.046320796865327,41.525159150992664],[2.046162309275681,41.52501478978684],[2.046146859567454,41.5249988104971],[2.046105668290348,41.524956207226694],[2.0459422972735357,41.52487438814663],[2.0458055818713645,41.52482600375255],[2.0455955514214264,41.52474715862425],[2.045436287062279,41.52465567400075],[2.045240121280682,41.52461430576676],[2.0449078152666704,41.52461096581397],[2.044619327093366,41.524607636301205],[2.0443847362845142,41.52460154372973],[2.044171516811902,41.52457381964835],[2.0439756960891837,41.52452395843527],[2.0438854221075826,41.52448701685003],[2.0436865437381844,41.5244056321818],[2.0434234789527457,41.52428040631659],[2.043423478952624,41.52428040631654],[2.043423478952614,41.52428040631654],[2.043423478952531,41.52428040631666],[2.0434067304328716,41.52430120439738],[2.043352037120017,41.52427671232423],[2.0432745432178248,41.524224275867496],[2.0432505562709657,41.524210493917366],[2.043222367849327,41.524194297952384],[2.04315808249702,41.5241641471307],[2.043141424791112,41.524156334399336],[2.0430511522480073,41.52413333527981],[2.042962199751378,41.524118363538456],[2.0429496163809127,41.52411825881334],[2.0429213673300217,41.524123878425705],[2.042783991708805,41.524135158133475],[2.0427167279848986,41.52414068099633],[2.042634334278741,41.52414422896135],[2.0426206651534127,41.52414144678156],[2.042610969991319,41.524162457816914],[2.0425978811198755,41.52420477304636],[2.042607091756539,41.52423853688798],[2.0426308338074928,41.52427035003834],[2.042653060062026,41.52429116170567],[2.0426766231784765,41.52431072348134],[2.0426989131835023,41.524327212185035],[2.0427214468664543,41.52434343269502],[2.0427484403082072,41.52436608548058],[2.042758241920208,41.52439228812945],[2.0427527894396262,41.52442881222207],[2.04273113833539,41.52446655255955],[2.042717167967273,41.52447922657358],[2.0427059177594593,41.52448624865592],[2.042690242676833,41.524492603392645],[2.0426673302276197,41.524493943882646],[2.042643594812918,41.52449419664538],[2.0426361540178655,41.52449315357331],[2.042612855085603,41.52448988745854],[2.0425751004318586,41.52448173680905],[2.04252592059784,41.52446808666216],[2.0424783412251406,41.52445156749726],[2.042421163550127,41.524427582432374],[2.042396399717726,41.52441629728618],[2.042365206915172,41.524402076273084],[2.042363038402657,41.52440105157828],[2.042334873645837,41.524387742780625],[2.0422996228021852,41.52437108555057],[2.0422363529395526,41.52433759203238],[2.0421672079341433,41.524296123153434],[2.0420981841875516,41.52425456517028],[2.0419739057417985,41.52418057105204],[2.0418495050812187,41.524106755926134],[2.0417953865785177,41.52407177694701],[2.041789786854995,41.52406815761542],[2.0417631503794134,41.52404196553701],[2.0417518911426904,41.52404758556525],[2.04170260103965,41.524072188609054],[2.0416423145115488,41.52408773546051],[2.041618574158036,41.52409645479648],[2.0416020641629324,41.52410253220913],[2.0413849243187627,41.52419728014054],[2.041225640388492,41.524259322966934],[2.0410818271175835,41.52431770218348],[2.0407876243095093,41.52438766688234],[2.040787875008338,41.524411267996214],[2.0407917760263827,41.52441945487227],[2.04083424821837,41.52450858904731],[2.040839954811739,41.5245206902531],[2.040846305178973,41.5245323583699],[2.0408175791436567,41.52457726323204],[2.040806870165708,41.52459400360899],[2.0406875975840615,41.52478162069624],[2.0406730384001044,41.52480978203513],[2.040652793478711,41.52484960537637],[2.0406414979622802,41.52487590241359],[2.0406292967849247,41.52493165583199],[2.0406279425558087,41.524962859449104],[2.0406284159212884,41.524968513094706],[2.0406302204619586,41.524990065637134],[2.0406374305880117,41.52501597039622],[2.0406564406072247,41.525059427096906],[2.04066649434827,41.52507582988116],[2.0406804274926875,41.525098561937845],[2.0407386033295953,41.525181615727654],[2.040783366517035,41.52523535655899],[2.040810936115904,41.52527384996827],[2.040817772164459,41.525286975252016],[2.040827440314192,41.52530553818962],[2.0408315938662227,41.52532671842104],[2.0408335293761874,41.52534687321891],[2.0408302473949638,41.52537252262725],[2.040823030426714,41.525392433261565],[2.0408206500098527,41.525396236186126],[2.0408114648292717,41.52541091031217],[2.04079493287163,41.52543058094997],[2.040774253949641,41.525455185854895],[2.0407253542857537,41.525503687362736],[2.0406483167553047,41.52557456232861],[2.040555876626295,41.52566575520911],[2.0405279012552104,41.525693354224096],[2.040497764645781,41.52573541820514],[2.0404933892238697,41.525741525312334],[2.0404474920591817,41.52580581445345],[2.0404106749316133,41.52586682918491],[2.0403679962287136,41.52593755777821],[2.0402833612567903,41.526052054291576],[2.0402129203253323,41.52611787225356],[2.0401357539902345,41.52617773455596],[2.0400275539114583,41.52626465210921],[2.039949947309076,41.52633770568484],[2.0399098039319568,41.526394430039105],[2.0398768059309966,41.52645121403808],[2.0397277255955215,41.526746143226624],[2.0397251275325736,41.5267512830105],[2.039573710382203,41.52710295093524],[2.039562998853176,41.52713330754802],[2.039557192983937,41.52716346702652],[2.0395562647798315,41.52722622472201],[2.0395615557372406,41.527292632300274],[2.0395663761324334,41.52732329723021],[2.039596038007722,41.527416770060825],[2.0396274870824653,41.52749476532911],[2.039644790339662,41.52752427348979],[2.0396850470456225,41.52759027257491],[2.0396970709969673,41.52760861046547],[2.0397299419469253,41.527658742336456],[2.0397364994926197,41.527668741456516],[2.0398096514676607,41.52778028530181],[2.039705422186807,41.52780419384944],[2.039487624999396,41.52775999680088],[2.0393150318162303,41.527719474129746],[2.0391983488862544,41.527690674401015],[2.0391200002673586,41.52767133628218],[2.0390902172049934,41.52766168937744],[2.03904227756784,41.527641485771646],[2.039002024498422,41.52761496914546],[2.0389706636906553,41.52759121197323],[2.038919107089576,41.52754379091761],[2.0388029091565567,41.52742769378812],[2.0385880547994386,41.527247670666185],[2.0384310235600847,41.52715329744234],[2.0381511693861105,41.526905205510396],[2.037789955995328,41.526583272528455],[2.037520836995828,41.52634277842532],[2.037242028877635,41.526093015165564],[2.037204337740343,41.52605631028154],[2.0371448549679045,41.52599837187241],[2.0370523925293016,41.52590830979038],[2.036792940167486,41.52564957781448],[2.036773299033294,41.52570320803172],[2.0367315617902997,41.52581717147173],[2.036649932421958,41.526019511229144],[2.036547367648186,41.526259505995824],[2.0364190042110013,41.52655792171995],[2.036414426498702,41.52656478559624],[2.0363399591263653,41.52667644262649],[2.036262316223297,41.52679286060547],[2.0361432619244098,41.52696471293131],[2.0360111036312696,41.52714224186111],[2.036010282476679,41.52714316509525],[2.035752324030475,41.52743318931426],[2.0357499679318054,41.52743583827519],[2.035657255830701,41.52741305558482],[2.0355173129260278,41.52737866641977],[2.0353814185571046,41.527345373914585],[2.035314482007059,41.52733283275024],[2.0352637130811235,41.5273297093649],[2.0352602340027093,41.527329495325596],[2.035207357268069,41.52733067300748],[2.0351306637891606,41.5273375055443],[2.035076477498785,41.527346148198916],[2.03502921021916,41.527357010630425],[2.0349276227435595,41.52738552175707],[2.034870777104188,41.5274028646265],[2.0348101042148468,41.52742137509892],[2.034752161746088,41.52744079477765],[2.03458612624714,41.527507045437616],[2.0344945924033406,41.52754441744473],[2.0343381834677983,41.527608276787376],[2.034123673708892,41.52768750988704],[2.0340635071339244,41.52770973340366],[2.0339439388433433,41.52775807327893],[2.0338568482742314,41.527793282717234],[2.0337840642651606,41.52782106853461],[2.033675795814511,41.52786240066174],[2.033587643014602,41.5279032797051],[2.0335488158837705,41.527931147486534],[2.0335144946794834,41.52795636797384],[2.0334782571726318,41.52799029908794],[2.0334354774866856,41.52804364255174],[2.033410018254899,41.52807363651143],[2.033402612199461,41.52808549214528],[2.033333214748252,41.52819658353659],[2.0331629961802165,41.52809595830847],[2.033116671092966,41.52806857299407],[2.033085311346275,41.52805003449437],[2.03307328295367,41.528001983315],[2.0329914820982498,41.52765145375741],[2.03293984610984,41.5274405200163],[2.03278227940042,41.5268575964388],[2.0327529115373792,41.526737012502146],[2.0326759940121755,41.52643705442729],[2.032624987327562,41.52624837371964],[2.0325644623077124,41.52599061733061],[2.0324757254606527,41.525623275449924],[2.0324486240615873,41.52551153759321],[2.0324343932464317,41.525453050834905],[2.032479797950523,41.52544443362049],[2.032521026884617,41.52543054102147],[2.032549309346277,41.525415481762096],[2.032576314657213,41.52539614807888],[2.032611493192881,41.5253587216372],[2.0326382975169923,41.52531461340646],[2.0326455622860258,41.52527039818815],[2.032643626079684,41.52522242392401],[2.032632802177333,41.52519269899581],[2.032607996190365,41.52515372553372],[2.0325748316634575,41.525117541155936],[2.0325510316927424,41.525099990766606],[2.0325193694128623,41.52508320726267],[2.0324622289860748,41.52506478416696],[2.0324048706780227,41.5250533305983],[2.032358474001238,41.52505411113672],[2.032275367786573,41.52457449592783],[2.032149746352623,41.52385141689653],[2.031967824754521,41.52278063385178],[2.0318910335534324,41.52232800306275],[2.031881467166581,41.52227305146333],[2.0318925540383033,41.522270076346395],[2.0319429160422353,41.52225656189057],[2.0320338744824373,41.52223309803071],[2.0321268070205183,41.52221388412665],[2.032212285813153,41.52220424518715],[2.0322984920707303,41.52220208833257],[2.0323979546911777,41.522203105425405],[2.032497253206205,41.522207093447754],[2.0325848925961156,41.52221332518888],[2.0326724108250014,41.52221964591666],[2.0327149170149146,41.52222243542615],[2.032757441985989,41.52222396406133],[2.032791203809243,41.52222187938173],[2.0328177834187193,41.522220238172686],[2.0328777192525167,41.52221155484752],[2.0329571438776246,41.52219799131531],[2.033036557743828,41.52218514821856],[2.0331310550397093,41.52217351275902],[2.0332255563248998,41.52216160703734],[2.033310443192526,41.522149718818866],[2.03337784692865,41.52214027902651],[2.033529283479635,41.52209579497313],[2.034054218456006,41.521923029776836],[2.034293184640304,41.52187029562123],[2.034333791961424,41.521861334492726],[2.034769584427407,41.521771175826785],[2.034890349968005,41.52174991258275],[2.03520073940776,41.521696294625144],[2.0353393764064824,41.521675534447034],[2.0353629722652213,41.52167078197306],[2.035393185881252,41.521663963401565],[2.035619583068828,41.52162661256848],[2.035716181271083,41.52160894698722],[2.03579632167328,41.52159061293137],[2.0358677404073764,41.52157344329909],[2.0359338757695817,41.521555610528246],[2.036055943500093,41.52150995852769],[2.036179882349677,41.52146502928068],[2.0363118448266615,41.52141839913574],[2.036601320061083,41.52131545162434],[2.0366668043597396,41.52129390016821],[2.0369817653444766,41.52117763996098],[2.03679997304458,41.52099931706835],[2.0367045196723317,41.52090021651837],[2.0366311757890543,41.52083312517524],[2.0365563069111414,41.52074197615903],[2.036472896901616,41.520655705939554],[2.0364173882593124,41.52059159270031],[2.03630632933613,41.520466194596956],[2.036234053131186,41.52039062552721],[2.036159832387855,41.52031928332229],[2.0360688020135616,41.520239313749315],[2.0360002268562614,41.52016801876301],[2.035923383420942,41.520083217589445],[2.035877242520668,41.52002201142592],[2.0358397584601575,41.5199481481974],[2.035807020808769,41.51987149594622],[2.0357809991053566,41.51972276543824],[2.0357569432174802,41.519568393791566],[2.0357050185177643,41.51938974359398],[2.0356398800880715,41.51921381136556],[2.035536443970294,41.51895552251483],[2.035484768211908,41.51882354959915],[2.035440724464433,41.51868456865618],[2.035416602543525,41.51859808772195],[2.0354010533210123,41.518504606672884],[2.035364150368896,41.51820161479163],[2.0353607811563164,41.518180994407444],[2.0353451739669612,41.51808547452497],[2.0353071497990856,41.517984732905035],[2.035249246438224,41.51782866276213],[2.0352479997990227,41.517825946768475],[2.035123465028499,41.51755462758447],[2.0350309873238843,41.51731906062039],[2.034874188841325,41.517003465198975],[2.0328400141465512,41.51757523836495],[2.0327939460152837,41.51758818682511],[2.0313741099236027,41.519162059189114]]]}},{"type":"Feature","id":"082798--barri--la-maurina","properties":{"name":"La Maurina","officialName":"La Maurina","municipality":"Terrassa","kind":"barri","quality":"official","code":"28"},"geometry":{"type":"Polygon","coordinates":[[[1.9969680848819946,41.56537173247157],[1.9972242080895777,41.56472877979212],[1.997432168154515,41.56420672341439],[1.99850057775598,41.56157405251463],[1.9984751991402783,41.56147272596453],[1.9992721900422843,41.55972501975274],[1.9996125488143128,41.55894021470941],[2.001136173914019,41.55542676578216],[2.001042110168178,41.55537850621443],[2.0008112566793668,41.555289342632726],[2.0007576383473817,41.55526863383312],[2.00018339526789,41.55559825066009],[1.996422725966881,41.557721653406446],[1.9947143935036542,41.55870992034554],[1.9938685426668097,41.559235263337506],[1.993287778638591,41.55966142828524],[1.992869546063932,41.560124382223385],[1.9928035592250286,41.56021249121898],[1.9927695823755796,41.560266755957535],[1.9922327098495767,41.56103255026161],[1.9920855170485263,41.56155330413832],[1.991970671596031,41.56198153251069],[1.991975856470749,41.562642832489416],[1.992060116231721,41.56318881573015],[1.9921468993275113,41.56357240718938],[1.992172151957194,41.56363495653628],[1.9923522868791468,41.56372014822542],[1.9945769650312881,41.5648668187273],[1.9966071795768001,41.56590671730568],[1.9967300437810411,41.56596928115028],[1.9969680848819946,41.56537173247157]]]}},{"type":"Feature","id":"082798--barri--can-parellada","properties":{"name":"Can Parellada","officialName":"Can Parellada","municipality":"Terrassa","kind":"barri","quality":"official","code":"01"},"geometry":{"type":"Polygon","coordinates":[[[2.0511426648654623,41.53174504525997],[2.0511520216900645,41.53174198370366],[2.0512691334882747,41.53170366459289],[2.0514607515355414,41.531630515597655],[2.0514698369507087,41.53162704728489],[2.0516216427344545,41.531572618620174],[2.0516901132455962,41.53154806900817],[2.0517754419134144,41.53151652669748],[2.051780815641861,41.5315140435761],[2.0518162332455288,41.531497677607994],[2.051820235765752,41.53149275466061],[2.0518234349299087,41.53148881980992],[2.0518337674666087,41.53148653542024],[2.0518521075588025,41.531482480661346],[2.0518503942021153,41.53147657812017],[2.051848967356896,41.53147166261477],[2.051846706302229,41.53146387324246],[2.051842358088097,41.5314488935646],[2.051849139236755,41.53144742566482],[2.0518567116051774,41.531396233470545],[2.0518136352265595,41.53123196595703],[2.051788144886498,41.531108822993836],[2.0517621592592543,41.53101982428081],[2.0517452681684567,41.5309308988562],[2.051746464110466,41.53084895324468],[2.051756854120796,41.53076025427757],[2.051757651414875,41.53070562295201],[2.0517496532783643,41.530630430691865],[2.0517053787169317,41.530548110365686],[2.05157006739268,41.53047186939134],[2.051463644722427,41.53042626921897],[2.0514015858047006,41.53033653159961],[2.0513949680426027,41.530247250995075],[2.051428471006641,41.53012260905373],[2.0514620635656344,41.529992021083785],[2.0514631922671245,41.52991470333843],[2.0514250666021066,41.52981326619696],[2.051386767389733,41.52972372441856],[2.0513164387835703,41.529657712187316],[2.051135660088707,41.529561047190036],[2.0509074457221623,41.52945804227218],[2.0507495582509985,41.529421049509224],[2.0506790717800656,41.52942469788416],[2.0501779734289616,41.529431367804875],[2.0498954494476145,41.5294411521659],[2.0493223369903517,41.52946065382824],[2.0488619837764914,41.52949320142532],[2.048393206607909,41.52954991203605],[2.048231156633335,41.529597039758976],[2.047954922265487,41.52972804232458],[2.0478152991745247,41.529896526504935],[2.0477882559002367,41.530090177229255],[2.047808197194392,41.53038115261082],[2.0478924072791855,41.53069083647115],[2.0479221918835266,41.53086072177131],[2.047973094618942,41.531026336421704],[2.0478901913333774,41.5310272882335],[2.047723908629546,41.53112262822354],[2.0474098688232267,41.531210355576334],[2.0472524512615458,41.531281316048776],[2.0470453333985525,41.5314602559191],[2.0465755949203057,41.531501527590905],[2.046178155673913,41.53153436520187],[2.04587719943849,41.53154993527632],[2.045225186674076,41.53171615006562],[2.0450569344377114,41.53170572134449],[2.044744613833828,41.53167603137633],[2.0443841844592123,41.53164593939462],[2.0440111965980385,41.53165187380947],[2.0436618636737336,41.531685102917656],[2.0432764478617114,41.5317180287666],[2.042925916145962,41.53183253973711],[2.042672272287962,41.531902693528856],[2.042321873881259,41.532008169557606],[2.04208038777934,41.53206938847151],[2.042007689553692,41.53210491511199],[2.0419466176194536,41.53216763560926],[2.04194943801781,41.53227357028805],[2.0420748246805154,41.53326898854823],[2.041443214269692,41.53378959960649],[2.0406450173024897,41.5343176837907],[2.0401444497072556,41.53464885102837],[2.0391943650750686,41.535176352817096],[2.03844968127091,41.53559082905912],[2.038257708162005,41.53565615403613],[2.0381302458720225,41.53566465058919],[2.038016078700227,41.535635011949864],[2.0377668495501546,41.53541785786159],[2.0373375625852232,41.53565710632483],[2.0383418119484205,41.53667439032618],[2.0392646631550595,41.537877347034545],[2.0399279832954234,41.53908852971093],[2.0402510679455257,41.53967844723142],[2.0406651178236874,41.54104013370933],[2.0404540782408245,41.542569560896844],[2.0401117157253994,41.54396756442239],[2.0400046847782347,41.54447711510039],[2.041073510641102,41.54419295897961],[2.0424952671459238,41.54377004820965],[2.04404495844686,41.54339649002814],[2.0458834233161873,41.543073610311986],[2.046243986937286,41.54302418114432],[2.0464324008252675,41.5429981787751],[2.0476492678972926,41.542830237177164],[2.0489206902873254,41.54268814915737],[2.050252504511834,41.54256123383898],[2.051745515355911,41.54246321738206],[2.051745539315261,41.54246321073906],[2.05112314169535,41.54203944646298],[2.050641780409909,41.54160059137448],[2.049638808484819,41.54142536058342],[2.0488889954894565,41.54030477960289],[2.048227642149219,41.5401473962042],[2.048255799369682,41.539430264448825],[2.0482600836273495,41.53847498177988],[2.0486421381894426,41.53825207360133],[2.048700370402953,41.53729346977785],[2.050234999909197,41.537731542833406],[2.0503369682398414,41.53773238443112],[2.0504957110569864,41.53772518636338],[2.050587344335502,41.53765787840685],[2.0506566909687933,41.53756486338098],[2.0510924399427135,41.53669841471638],[2.051092438957315,41.53669841312909],[2.05109549415362,41.53669037485001],[2.0518005005128783,41.53483543271016],[2.051827426257125,41.5347449738568],[2.05184762922252,41.53456823808474],[2.05184385794692,41.53455316830457],[2.051839813905881,41.53453700856325],[2.0518215866279155,41.534512808913576],[2.0517716138112387,41.534446103489984],[2.0516956994009155,41.53435810714899],[2.051688417051286,41.53435137590769],[2.0516152702343287,41.53428376453981],[2.051592670166097,41.53427197028962],[2.0515689198331106,41.5342595757438],[2.051567920921498,41.53425905444331],[2.0515657422130475,41.53425851974831],[2.051538298111121,41.53425178445822],[2.051441962720007,41.53422414822286],[2.051322410106062,41.53420208500471],[2.051240890778245,41.5341918224319],[2.0511861232599484,41.5341849276445],[2.051058999923469,41.5341723493682],[2.0509664254078244,41.53415807449913],[2.0509558592035217,41.53415105171237],[2.050843851437303,41.53411310743582],[2.0507471384839233,41.53407033532413],[2.050673665364744,41.53402865571962],[2.0505913661370543,41.53396753761098],[2.0505169580640166,41.533907835688545],[2.0504440266272987,41.533861927002505],[2.0504374576509274,41.533858164933946],[2.0504007858333533,41.53383716288097],[2.050326099205083,41.53379438956128],[2.0502113436398197,41.53373948834653],[2.0501457423959986,41.53370877219479],[2.0500386147153633,41.53364870961121],[2.049909824323759,41.53358630620513],[2.049789075202987,41.53353144512017],[2.0496930988978943,41.53347940074136],[2.0496282529154066,41.53344625857842],[2.049600831670801,41.533436033897495],[2.0495815739161363,41.53343317255532],[2.0495752003307848,41.5334342523244],[2.0495752003307426,41.53343425232442],[2.049579863046329,41.533427213629935],[2.049677661954288,41.533387489293055],[2.0497534988842463,41.53334947491002],[2.0497816212753683,41.53331998337719],[2.0498122214833834,41.53326042809746],[2.049837325693774,41.53315867346588],[2.049897802438438,41.532925164805775],[2.0499697483043287,41.53267787969339],[2.050011384877269,41.53251942584426],[2.050018870242433,41.53249120491535],[2.0500445758434167,41.53237288184966],[2.050047754116994,41.532360478098916],[2.0500516093646914,41.532350962261035],[2.050084410976839,41.5323277411617],[2.050084526876647,41.53232765911322],[2.050084607288916,41.53232757891328],[2.050153532988076,41.53225883509687],[2.050187462702216,41.532223401736424],[2.0502355017290492,41.53217243809247],[2.0502725466529625,41.532133140833736],[2.050275103508328,41.53213528355242],[2.0503245849627723,41.532098298991926],[2.050378661620288,41.532053001534905],[2.050511529800053,41.531992128817706],[2.050595563579906,41.53195904546292],[2.050632606820489,41.531941681596045],[2.050664026530421,41.531926953719285],[2.050947622682315,41.531795137322916],[2.051024990262299,41.53177523929526],[2.0511426648654623,41.53174504525997]]]}},{"type":"Feature","id":"082798--barri--ca-n-aurell","properties":{"name":"Ca n'Aurell","officialName":"Ca n'Aurell","municipality":"Terrassa","kind":"barri","quality":"official","code":"27"},"geometry":{"type":"Polygon","coordinates":[[[2.005332734559259,41.56779538937345],[2.0067376647915194,41.56582610212874],[2.0070574742222034,41.565377803983445],[2.007856248865946,41.56425808133951],[2.0078894224641743,41.56421157657765],[2.0079602418052485,41.56391377859824],[2.0079433811139076,41.56373904664925],[2.0079417615293433,41.56372226677478],[2.007903478670417,41.563325542223154],[2.0078415288291036,41.56268354216701],[2.007770315491764,41.561945549458855],[2.007696315384405,41.5611786522371],[2.007655341700132,41.56075401234447],[2.007652871887796,41.560728412531056],[2.007628013581358,41.56044531771645],[2.0076486846184816,41.55959657928364],[2.0075581250239427,41.5588892369008],[2.0073791651154154,41.55698995600356],[2.0074131456884245,41.556946643565475],[2.005229225703839,41.55641788538959],[2.004079327852725,41.55613945782093],[2.0029380940975194,41.55586311529842],[2.001136173914019,41.55542676578216],[1.9996125488143128,41.55894021470941],[1.9992721900422843,41.55972501975274],[1.9984751991402783,41.56147272596453],[1.99850057775598,41.56157405251463],[1.997432168154515,41.56420672341439],[1.9972242080895777,41.56472877979212],[1.9969680848819946,41.56537173247157],[1.9967300437810411,41.56596928115028],[1.9988669626702913,41.56705737615561],[1.999527279728785,41.56739358649885],[1.9999134645112122,41.5675902150862],[2.0005959666375994,41.56788968340779],[2.001508875261923,41.56831962377638],[2.002621804531032,41.56874843620516],[2.0039201129758704,41.569149079801],[2.0042912502650143,41.56924312636984],[2.005332734559259,41.56779538937345]]]}},{"type":"Feature","id":"082798--barri--guadalhorce","properties":{"name":"Guadalhorce","officialName":"Guadalhorce","municipality":"Terrassa","kind":"barri","quality":"official","code":"04"},"geometry":{"type":"Polygon","coordinates":[[[2.026202656188955,41.55212176243247],[2.026845683840874,41.55444986278565],[2.0291369597609794,41.55267875352863],[2.026202656188955,41.55212176243247]]]}},{"type":"Feature","id":"082798--barri--can-jofresa","properties":{"name":"Can Jofresa","officialName":"Can Jofresa","municipality":"Terrassa","kind":"barri","quality":"official","code":"03"},"geometry":{"type":"Polygon","coordinates":[[[2.0233122394068963,41.546836152100724],[2.023667125663399,41.54667329965288],[2.02409433013149,41.54555731035652],[2.024050843449493,41.54521633065896],[2.0238510702138504,41.54503216580949],[2.02348873735793,41.544883114597724],[2.022171687016742,41.5444897057335],[2.021750114278763,41.54433153473001],[2.0214657782763976,41.544588952433664],[2.0207044436681887,41.54514461653249],[2.0196734575956405,41.54564272989912],[2.017583447938951,41.54659479770201],[2.0169261280708515,41.547556815375046],[2.0163309222518744,41.548567522745195],[2.0161039896407607,41.54914514345328],[2.0159060606175614,41.550190885010295],[2.0161282979803143,41.5502316155086],[2.0164160277032424,41.55028434646403],[2.016809937288951,41.5503565372847],[2.0172273457091814,41.55043303306335],[2.0175638342657463,41.55049469720324],[2.018219024342968,41.55060587944781],[2.021264506624958,41.551184210097574],[2.0217455253629857,41.55127554679723],[2.0233122394068963,41.546836152100724]]]}},{"type":"Feature","id":"082798--barri--xuquer","properties":{"name":"Xúquer","officialName":"Xúquer","municipality":"Terrassa","kind":"barri","quality":"official","code":"06"},"geometry":{"type":"Polygon","coordinates":[[[2.034281880070783,41.5572118400166],[2.0351494700849826,41.555997522197146],[2.0362428505860346,41.55497411248006],[2.0372022724841603,41.55403110144483],[2.0364135305643614,41.553971355784775],[2.035535747034054,41.55391689195877],[2.03412732793831,41.55364101247645],[2.0326214530229896,41.558112427151514],[2.0326948944528183,41.55810675209467],[2.033523950975397,41.557995816623205],[2.0338294063543674,41.557951317343026],[2.034281880070783,41.5572118400166]]]}},{"type":"Feature","id":"082798--barri--can-palet","properties":{"name":"Can Palet","officialName":"Can Palet","municipality":"Terrassa","kind":"barri","quality":"official","code":"31"},"geometry":{"type":"Polygon","coordinates":[[[2.027531784286486,41.55693373044459],[2.027309377536715,41.55612858496759],[2.0269775114319954,41.554927130150475],[2.026845683840874,41.55444986278565],[2.026202656188955,41.55212176243247],[2.024150504216248,41.55173217166873],[2.021915333454933,41.55130779003243],[2.0217455253629857,41.55127554679723],[2.021264506624958,41.551184210097574],[2.018219024342968,41.55060587944781],[2.0175638342657463,41.55049469720324],[2.01754063694202,41.55057168148227],[2.0175256602955094,41.550621383906716],[2.0175109712495525,41.55069278136967],[2.0174782686198096,41.55085170636783],[2.0174754424958254,41.55103845956482],[2.017501883615912,41.551225466525125],[2.0175725621742853,41.55139087355515],[2.0176521582166327,41.55152168237846],[2.017686810591072,41.55157862797667],[2.0177258208568043,41.55164328922916],[2.0177867575310406,41.55174428639306],[2.0179161395219607,41.55189920906755],[2.0180307199221366,41.55206499216934],[2.0181165330026407,41.55219756896262],[2.018179400136905,41.552359194226504],[2.0182348253277294,41.552517232007666],[2.018270866168546,41.55263836628411],[2.018323442385375,41.552690325485294],[2.0184551421412418,41.55282048095551],[2.0185655734729,41.552958677025686],[2.018643709012329,41.553078778801],[2.0187140375390915,41.55320592834639],[2.018852657514923,41.55336751316971],[2.018963975995579,41.55348160186385],[2.0190981552889076,41.5535789159923],[2.0192332756780536,41.55361401096933],[2.019331149742069,41.553620501674615],[2.0193833811575397,41.55365488940658],[2.0194196901107597,41.55374571088045],[2.0194405015726735,41.55386468637332],[2.019437682243175,41.554051343935484],[2.0193899084123164,41.55422064900734],[2.019365508385683,41.5543392391655],[2.019408412399476,41.55449234385084],[2.0195043228838445,41.55462893088952],[2.0196385915156436,41.55472058648708],[2.0196922130675894,41.55475003260817],[2.019795551111731,41.554806780989416],[2.0199069583454836,41.55491521305754],[2.020026242096488,41.555001084652154],[2.0201045931369404,41.55503461369564],[2.020125078009678,41.55506948387478],[2.02013243323439,41.55513894015089],[2.0201095204588126,41.55526491425934],[2.020049320454927,41.55535587342011],[2.0199760373397737,41.555478264518584],[2.0199500179501166,41.55553166508933],[2.019932020194145,41.55561036783062],[2.0198890050286584,41.55567624053552],[2.0198501911086475,41.555742147364086],[2.019865617588646,41.55583375229674],[2.0198978970311643,41.55592234518354],[2.0199049187928955,41.55601387686344],[2.0199189861873994,41.55613786903524],[2.0198955012776296,41.55621714184815],[2.019838142058895,41.556325406139905],[2.0197695122643875,41.556441938932096],[2.019707087328082,41.5565166962912],[2.0196390909127513,41.55659140669185],[2.0196104094798053,41.55664553875778],[2.0196424508118245,41.55673783283773],[2.019719508778706,41.556801230407935],[2.0198020743394736,41.55686885904704],[2.019846015103876,41.5569110610884],[2.0198803014175453,41.55703929204009],[2.0199162238187465,41.55713125516132],[2.019963997285331,41.557224593004015],[2.019967212999652,41.55728007437012],[2.020128105321106,41.557256341726315],[2.021539359890678,41.55756727078971],[2.0216881713975496,41.55760005598343],[2.022085577406116,41.558007301749264],[2.0230576246925067,41.55830352384812],[2.0239353780666303,41.558571004691075],[2.0245062712206883,41.55874755305834],[2.025303873045695,41.558930522447056],[2.025783014334339,41.55896227231728],[2.0265081859991656,41.558911375261765],[2.0276485308757577,41.55883132971004],[2.028048229281894,41.558803271277604],[2.027531784286486,41.55693373044459]]]}},{"type":"Feature","id":"082798--barri--can-palet-ii","properties":{"name":"Can Palet II","officialName":"Can Palet II","municipality":"Terrassa","kind":"barri","quality":"official","code":"05"},"geometry":{"type":"Polygon","coordinates":[[[2.0302730690470447,41.555521394790574],[2.0310113934137424,41.55303451545936],[2.0291369597609794,41.55267875352863],[2.026845683840874,41.55444986278565],[2.0269775114319954,41.554927130150475],[2.0302730690470447,41.555521394790574]]]}},{"type":"Feature","id":"082798--barri--segle-xx","properties":{"name":"Segle XX","officialName":"Segle XX","municipality":"Terrassa","kind":"barri","quality":"official","code":"30"},"geometry":{"type":"Polygon","coordinates":[[[2.019963997285331,41.557224593004015],[2.0199162238187465,41.55713125516132],[2.0198803014175453,41.55703929204009],[2.019846015103876,41.5569110610884],[2.0198020743394736,41.55686885904704],[2.019719508778706,41.556801230407935],[2.0196424508118245,41.55673783283773],[2.0196104094798053,41.55664553875778],[2.0196390909127513,41.55659140669185],[2.019707087328082,41.5565166962912],[2.0197695122643875,41.556441938932096],[2.019838142058895,41.556325406139905],[2.0198955012776296,41.55621714184815],[2.0199189861873994,41.55613786903524],[2.0199049187928955,41.55601387686344],[2.0198978970311643,41.55592234518354],[2.019865617588646,41.55583375229674],[2.0198501911086475,41.555742147364086],[2.0198890050286584,41.55567624053552],[2.019932020194145,41.55561036783062],[2.0199500179501166,41.55553166508933],[2.0199760373397737,41.555478264518584],[2.020049320454927,41.55535587342011],[2.0201095204588126,41.55526491425934],[2.02013243323439,41.55513894015089],[2.020125078009678,41.55506948387478],[2.0201045931369404,41.55503461369564],[2.020026242096488,41.555001084652154],[2.0199069583454836,41.55491521305754],[2.019795551111731,41.554806780989416],[2.0196922130675894,41.55475003260817],[2.0196385915156436,41.55472058648708],[2.0195043228838445,41.55462893088952],[2.019408412399476,41.55449234385084],[2.019365508385683,41.5543392391655],[2.0193899084123164,41.55422064900734],[2.019437682243175,41.554051343935484],[2.0194405015726735,41.55386468637332],[2.0194196901107597,41.55374571088045],[2.0193833811575397,41.55365488940658],[2.019331149742069,41.553620501674615],[2.0192332756780536,41.55361401096933],[2.0190981552889076,41.5535789159923],[2.018963975995579,41.55348160186385],[2.018852657514923,41.55336751316971],[2.0187140375390915,41.55320592834639],[2.018643709012329,41.553078778801],[2.0185655734729,41.552958677025686],[2.0184551421412418,41.55282048095551],[2.018323442385375,41.552690325485294],[2.018270866168546,41.55263836628411],[2.0182348253277294,41.552517232007666],[2.018179400136905,41.552359194226504],[2.0181165330026407,41.55219756896262],[2.0180307199221366,41.55206499216934],[2.0179161395219607,41.55189920906755],[2.0177867575310406,41.55174428639306],[2.0177258208568043,41.55164328922916],[2.017686810591072,41.55157862797667],[2.0176521582166327,41.55152168237846],[2.0175725621742853,41.55139087355515],[2.017501883615912,41.551225466525125],[2.0174754424958254,41.55103845956482],[2.0174782686198096,41.55085170636783],[2.0175109712495525,41.55069278136967],[2.0175256602955094,41.550621383906716],[2.01754063694202,41.55057168148227],[2.0175638342657463,41.55049469720324],[2.0172273457091814,41.55043303306335],[2.016809937288951,41.5503565372847],[2.0164160277032424,41.55028434646403],[2.0161282979803143,41.5502316155086],[2.0159060606175614,41.550190885010295],[2.0158584586431076,41.55018216058064],[2.0155631148006177,41.55013137684647],[2.015290614002576,41.55008452015833],[2.015072592167846,41.5500470325124],[2.014836079359724,41.549986579442155],[2.0145162195166124,41.54990482197682],[2.0141496670016106,41.54977916894652],[2.013931842705953,41.54970449853623],[2.0136446349656945,41.549593526737745],[2.013485001136667,41.54953948038338],[2.0133065917306765,41.549479075931444],[2.0131766054512688,41.54944969646986],[2.0130093230637534,41.549411888562496],[2.012739127908643,41.5493750022674],[2.0125737153686156,41.54935714507598],[2.012429506960672,41.54935848520871],[2.012279781939245,41.54935987840887],[2.0120859178504054,41.54937941871207],[2.0119433890139113,41.54939378651413],[2.0117544235194567,41.549422948397094],[2.0116207487233653,41.549443579916016],[2.011469141382182,41.549480100782965],[2.0112868920055655,41.549527872810934],[2.011148573463854,41.54957012211804],[2.010995336468378,41.549616926957626],[2.01081225687569,41.54966342280366],[2.010623664725966,41.54971131956591],[2.0105331446959753,41.549728768361234],[2.0103885798839833,41.54975252362178],[2.010174900079793,41.549787253230384],[2.0099142614704317,41.549826807657396],[2.009766122902059,41.549846862158724],[2.009766089534102,41.54984686492653],[2.009494193353334,41.55021312404355],[2.009313892444305,41.550455998777316],[2.0091890372465873,41.55062418403385],[2.009039274350631,41.55106372205957],[2.0089756982223084,41.551250306335504],[2.008187272824452,41.55363591145542],[2.007660663776263,41.55531533159101],[2.007321417396801,41.55639717413543],[2.0074131456884245,41.556946643565475],[2.0075272186753343,41.55699032722722],[2.007812853035697,41.55704655313907],[2.0081471542133102,41.557061892479744],[2.0097630578821204,41.55694730906007],[2.010681608646746,41.556854243831644],[2.011023540443444,41.556884718597686],[2.0113481864426612,41.55694458719039],[2.0121128972743563,41.55708560641776],[2.012766230933472,41.55720608150485],[2.015062971411371,41.55762956824032],[2.0177060697685896,41.55811685557486],[2.019034083662221,41.55763252965006],[2.019833965978311,41.557299730011216],[2.019967212999652,41.55728007437012],[2.019963997285331,41.557224593004015]]]}},{"type":"Feature","id":"082798--barri--sant-pere","properties":{"name":"Sant Pere","officialName":"Sant Pere","municipality":"Terrassa","kind":"barri","quality":"official","code":"20"},"geometry":{"type":"Polygon","coordinates":[[[2.0176370098244463,41.57499563544181],[2.018434892602004,41.57439593590919],[2.0191596162577934,41.57380032449707],[2.0193813169390236,41.57361811838475],[2.0198105757084526,41.57326934309742],[2.0206630980612683,41.572576645352115],[2.0207498808617,41.572506131344724],[2.0214887581883914,41.57205731888794],[2.0230007530659186,41.571138862457545],[2.0243313920844317,41.570281452052306],[2.026013243554339,41.569197679637504],[2.0262652318771424,41.568780169115584],[2.023986218543551,41.56901160223779],[2.0221664557882644,41.569196362403694],[2.0207106305634177,41.56933982570575],[2.0202543788529086,41.56936825589062],[2.019437818689754,41.569419132502624],[2.018735978143335,41.56950077967453],[2.0177115486219543,41.56961994550553],[2.0175746690707452,41.56964174829169],[2.0169351833073175,41.56974361024077],[2.0159480351994357,41.56990084434761],[2.0156352467615926,41.56995062072539],[2.0149764940106447,41.57005457849738],[2.012713385962075,41.57014294913389],[2.0122822232950393,41.57017157339361],[2.0118845146459425,41.570231266374165],[2.010915790786394,41.570285297152914],[2.009908945813607,41.570314820057625],[2.009191994364417,41.57213333198078],[2.00903702758085,41.57239105293974],[2.007750935758949,41.57388436298309],[2.007071471144701,41.574649258378074],[2.010241238798791,41.574816414270344],[2.0130324606928647,41.57492884426759],[2.013808641855213,41.574959799563835],[2.015145263800894,41.5750286202421],[2.016094525159552,41.57507263211274],[2.0172624209297196,41.57512839458718],[2.0174079985726725,41.57516953980503],[2.0176370098244463,41.57499563544181]]]}},{"type":"Feature","id":"082798--barri--la-cogullada","properties":{"name":"La Cogullada","officialName":"La Cogullada","municipality":"Terrassa","kind":"barri","quality":"official","code":"29"},"geometry":{"type":"Polygon","coordinates":[[[2.007321417396801,41.55639717413543],[2.007660663776263,41.55531533159101],[2.008187272824452,41.55363591145542],[2.0089756982223084,41.551250306335504],[2.009039274350631,41.55106372205957],[2.0091890372465873,41.55062418403385],[2.009313892444305,41.550455998777316],[2.009494193353334,41.55021312404355],[2.009766089534102,41.54984686492653],[2.009377140958699,41.54986799433179],[2.008988194136606,41.549889120400806],[2.008540207311404,41.54988271254623],[2.0080922206087135,41.54987630294701],[2.007258821639556,41.549749947915124],[2.0064254260296894,41.54962358687537],[2.0061236469487285,41.54984221051513],[2.0058647504108973,41.55002247677674],[2.0054919990575595,41.550266937606956],[2.0052162355006,41.550414466436806],[2.004931991208719,41.55054888596058],[2.0043587123660758,41.55077112799362],[2.003857678470067,41.550917377403266],[2.0034171472498548,41.55100717131239],[2.0029168615896484,41.55110458596515],[2.0025122630245975,41.55118366790421],[2.00195376697953,41.551302165942595],[2.0015517413453363,41.55142022699343],[2.001180157110445,41.5515454283628],[2.0008242942969168,41.5517040814284],[2.0003325161902588,41.55193879946343],[2.0000285204000967,41.552153905520946],[1.9998027997664962,41.552312100909845],[1.9995098409218484,41.55255245344668],[1.9995682883248573,41.55260589006774],[1.9998277642153564,41.55284312580526],[1.9997731337896618,41.552859282137824],[1.999562729219395,41.552991521465486],[1.9994338261517617,41.553146814616746],[1.9993360469884396,41.55329991540353],[1.9995858959299555,41.553491859233915],[2.0000224036776064,41.553875198269864],[2.0000973042521566,41.55400278586888],[2.000176371454685,41.55413747180026],[2.0003509783662765,41.555111566352984],[2.0007576383473817,41.55526863383312],[2.0008112566793668,41.555289342632726],[2.001042110168178,41.55537850621443],[2.001136173914019,41.55542676578216],[2.0029380940975194,41.55586311529842],[2.004079327852725,41.55613945782093],[2.005229225703839,41.55641788538959],[2.0074131456884245,41.556946643565475],[2.007321417396801,41.55639717413543]]]}},{"type":"Feature","id":"082798--barri--antic-poble-de-sant-pere","properties":{"name":"Antic Poble de Sant Pere","officialName":"Antic Poble de Sant Pere","municipality":"Terrassa","kind":"barri","quality":"official","code":"19"},"geometry":{"type":"Polygon","coordinates":[[[2.020057819155359,41.56877945974913],[2.019858938811642,41.56824527268751],[2.0196355304922773,41.567378067214605],[2.019498457652935,41.566666906914904],[2.0192099043524085,41.56619851546815],[2.0182458610029292,41.565435927268055],[2.0175001724236035,41.565873307234895],[2.0172576513824083,41.566270606162135],[2.0172815003096995,41.56664799192908],[2.0174806905803373,41.56715999968352],[2.0173530447943806,41.56778015233707],[2.017194827873527,41.56846660475889],[2.0171850831955336,41.56910995066813],[2.017093072928969,41.56934775804757],[2.0170281765144438,41.56957765127409],[2.0169351833073175,41.56974361024077],[2.0175746690707452,41.56964174829169],[2.0177115486219543,41.56961994550553],[2.018735978143335,41.56950077967453],[2.019437818689754,41.569419132502624],[2.0202543788529086,41.56936825589062],[2.020057819155359,41.56877945974913]]]}},{"type":"Feature","id":"082798--barri--vallparadis","properties":{"name":"Vallparadís","officialName":"Vallparadís","municipality":"Terrassa","kind":"barri","quality":"official","code":"18"},"geometry":{"type":"Polygon","coordinates":[[[2.02545081889495,41.56795996670787],[2.0247526889962426,41.56713581509702],[2.023766037062307,41.56597101790995],[2.0223417027321475,41.56436144299878],[2.0221132339997823,41.56409232256901],[2.021875835583164,41.564058006380485],[2.020794600805358,41.56388801642298],[2.0193513754971204,41.563661096569476],[2.01793456088904,41.56342978149124],[2.0178585601968777,41.5636798287266],[2.018171281979024,41.56450342731525],[2.0182458610029292,41.565435927268055],[2.0192099043524085,41.56619851546815],[2.019498457652935,41.566666906914904],[2.0196355304922773,41.567378067214605],[2.019858938811642,41.56824527268751],[2.020057819155359,41.56877945974913],[2.0202543788529086,41.56936825589062],[2.0207106305634177,41.56933982570575],[2.0221664557882644,41.569196362403694],[2.023986218543551,41.56901160223779],[2.0262652318771424,41.568780169115584],[2.02545081889495,41.56795996670787]]]}},{"type":"Feature","id":"082798--barri--vista-alegre","properties":{"name":"Vista Alegre","officialName":"Vista Alegre","municipality":"Terrassa","kind":"barri","quality":"official","code":"44"},"geometry":{"type":"Polygon","coordinates":[[[1.9998027997664962,41.552312100909845],[2.0000285204000967,41.552153905520946],[2.0003325161902588,41.55193879946343],[2.0008242942969168,41.5517040814284],[2.001180157110445,41.5515454283628],[2.0015517413453363,41.55142022699343],[2.00195376697953,41.551302165942595],[2.0025122630245975,41.55118366790421],[2.0029168615896484,41.55110458596515],[2.0034171472498548,41.55100717131239],[2.003857678470067,41.550917377403266],[2.0043587123660758,41.55077112799362],[2.004931991208719,41.55054888596058],[2.0052162355006,41.550414466436806],[2.0054919990575595,41.550266937606956],[2.0058647504108973,41.55002247677674],[2.0061236469487285,41.54984221051513],[2.0064254260296894,41.54962358687537],[2.0054110045474913,41.549349890290316],[2.0045260132702243,41.549237132781066],[2.0035230240513986,41.54921093312626],[2.0027607459955585,41.54929970007225],[2.0024715523903254,41.54931439815783],[2.002138925478937,41.549331302805605],[1.9989274154163266,41.54920833891975],[1.9979210618714374,41.54877177910826],[1.9975886885393308,41.54876888386775],[1.9956537141912292,41.54901344386408],[1.9954090897785688,41.54895853321746],[1.9952536056578123,41.55001138810259],[1.9958694772051322,41.55036703022426],[1.9968014165634373,41.55037515973065],[1.9970298926613999,41.550669039073604],[1.9974805440076666,41.55166538570833],[1.9981741075165704,41.55202169237902],[1.9987096498481198,41.552551750874095],[1.9993015899824544,41.552757669816415],[1.9995098409218484,41.55255245344668],[1.9998027997664962,41.552312100909845]]]}},{"type":"Feature","id":"082798--barri--sant-llorenc","properties":{"name":"Sant Llorenç","officialName":"Sant Llorenç","municipality":"Terrassa","kind":"barri","quality":"official","code":"11"},"geometry":{"type":"Polygon","coordinates":[[[2.0338781227382383,41.57774951873527],[2.0337440152168287,41.57757780013362],[2.0325483717689656,41.576226815338515],[2.0313831804157103,41.57490912009418],[2.0313326381281605,41.574853060956706],[2.030267444281224,41.57582089038395],[2.029607114668695,41.57644356336567],[2.0293791710953046,41.5766798214068],[2.0293392266319112,41.57672373256256],[2.029317225915029,41.576755837996934],[2.0291040269348537,41.57702647942216],[2.0286624932815074,41.57758697163225],[2.0284179507949798,41.57799055285413],[2.0280677575378787,41.57856848807337],[2.027664151037228,41.5796966970824],[2.027500577268815,41.58034922701523],[2.0274581526470996,41.5805184644522],[2.0280112257225054,41.58048492289249],[2.0299702790339835,41.580679355093864],[2.0304256482875913,41.580674705512195],[2.0314097589714084,41.580221238384304],[2.0334145445755762,41.57927125526459],[2.034637639205917,41.57869170520226],[2.0338781227382383,41.57774951873527]]]}},{"type":"Feature","id":"082798--barri--can-palet-de-vista-alegre","properties":{"name":"Can Palet de Vista Alegre","officialName":"Can Palet de Vista Alegre","municipality":"Terrassa","kind":"barri","quality":"official","code":"43"},"geometry":{"type":"Polygon","coordinates":[[[1.9859539221085694,41.535471060810195],[1.985948956539809,41.53546633189557],[1.9859094540457571,41.53542812632843],[1.9858919732960751,41.53540986771316],[1.9858745421875852,41.53539150144588],[1.98585663477464,41.53537676990228],[1.9858356463560396,41.535364353081945],[1.9858194594972112,41.535356896531916],[1.9858024841626716,41.535350802130004],[1.985781401835267,41.53534440130757],[1.9857602949775364,41.53533803629399],[1.9857369572797894,41.535330976069076],[1.9857135211676793,41.535324077102196],[1.9856901588711957,41.53531859291776],[1.985666196217306,41.53531470672467],[1.9856176660555738,41.535308820511176],[1.985556573345687,41.53530136434846],[1.9854955308450055,41.53529376448022],[1.9854317108040465,41.53528516730674],[1.9853678656832652,41.53527664193471],[1.9853061129591056,41.53526923386243],[1.9852443859099569,41.535261717896454],[1.9851956509142479,41.535255136141146],[1.9851248831704336,41.535245164840035],[1.9850386087483827,41.53524612500804],[1.9850213279109923,41.53524362196581],[1.984809510457837,41.53523635861099],[1.9846313912882003,41.5352347869408],[1.9845545102951783,41.53523410848071],[1.9843132022322914,41.53527513842169],[1.9838649597144815,41.53538330979506],[1.983232845967913,41.53557196566512],[1.9832132670641838,41.53557713506328],[1.982713385743988,41.53570911680645],[1.9821319208196284,41.535787969966975],[1.981939592178463,41.53578372010616],[1.9818390198949443,41.53576636726004],[1.9818141053978569,41.53576206847187],[1.9817066086671966,41.535743520741576],[1.9816904742123063,41.53575392921623],[1.9816793895708744,41.53576085236615],[1.9816067469543175,41.5358062228026],[1.9815274454762417,41.53584842236096],[1.9814399215460015,41.53588442415627],[1.9813376952513035,41.53592916785093],[1.9812485711360464,41.53596093994632],[1.9811402950610926,41.535997000967626],[1.9810538643076865,41.536022131405836],[1.9809514457423365,41.53604853431966],[1.9808466303105345,41.53607412327523],[1.9807492789052268,41.5361007510349],[1.9806711233321346,41.53611570425341],[1.9805983927040254,41.53612566142952],[1.9805244845800232,41.53612815013555],[1.9804680528325764,41.53612388509887],[1.980407467469202,41.53611388164814],[1.9803620678330527,41.536105589003284],[1.980305638616693,41.53608818235235],[1.9802995816569529,41.53608456180933],[1.9802191586045192,41.53605609776397],[1.980172537124537,41.53603367790114],[1.9801166692946361,41.53600681150422],[1.9800184628417203,41.53596114799899],[1.9798593285648127,41.535886094063],[1.9797245502419438,41.53581813740603],[1.9796138332037199,41.53576229253099],[1.9795261398889787,41.53571592019249],[1.9794984882761353,41.53569997927997],[1.9794435133578807,41.53566828667841],[1.9793750408635982,41.53562240896483],[1.9793174565232776,41.535567935813546],[1.9792871758749924,41.53553281820185],[1.9792581369280704,41.5354942077826],[1.9792247193148322,41.53544283128566],[1.9792129844559092,41.53541865956624],[1.979146066175601,41.53547236452262],[1.9791010140974894,41.535508520786486],[1.9787702533060612,41.53577396899402],[1.9784280701421642,41.53592572035281],[1.978260240053458,41.53613138996633],[1.9782427598145833,41.53615281126673],[1.9782207554980367,41.536179776610496],[1.9781594031635072,41.536254961115034],[1.9781409701276662,41.536277549923604],[1.9779227097115804,41.536545016234115],[1.9784116410095283,41.53660773077253],[1.9785342773066656,41.536623460815555],[1.978801415794685,41.53665772507],[1.9789286943558206,41.53671841202444],[1.9790087164535788,41.536756566768304],[1.9791992501369489,41.536847413320295],[1.9794489461505254,41.536906709916096],[1.9794505102615345,41.53691474775011],[1.9794524145920422,41.536922744037156],[1.9794546572066152,41.53693069064991],[1.9794572358259457,41.53693857951108],[1.9794601478292457,41.53694640260271],[1.9794633902568457,41.53695415197303],[1.9794669598132213,41.53696181974563],[1.9794708528703564,41.53696939812696],[1.979475065471431,41.53697687941427],[1.9794800567862776,41.53698497806911],[1.9794854219760687,41.53699294062646],[1.9794911544780158,41.537000757346185],[1.9794972472800179,41.53700841866662],[1.9795036929292327,41.537015915215946],[1.979510483541175,41.53702323782422],[1.9795176108093995,41.53703037753411],[1.9795250660156332,41.53703732561188],[1.9795328400404526,41.53704407355838],[1.979540923374421,41.537050613119376],[1.9795493061297345,41.53705693629524],[1.979557978052319,41.537063035351096],[1.9795669285343662,41.53706890282647],[1.9795761466273125,41.53707453154401],[1.9795856210552225,41.537079914618275],[1.9795953402286182,41.537085045464444],[1.9796052922585956,41.53708991780643],[1.9796154649714315,41.53709452568386],[1.9796258459234128,41.53709886346033],[1.9796364224161114,41.53710292582972],[1.9796471815119085,41.53710670782266],[1.9796581100497677,41.53711020481277],[1.9796691946614364,41.53711341252248],[1.9796804217876693,41.53711632702797],[1.9796917776949428,41.53711894476388],[1.979703248492163,41.53712126252835],[1.9797148201477082,41.53712327748589],[1.9797264785065776,41.537124987171964],[1.9797382093076716,41.537126389495036],[1.9797499982013362,41.537127482739756],[1.9797618307668015,41.537128265568825],[1.9797736925298994,41.53712873702463],[1.9797855689807211,41.537128896530504],[1.979797445591432,41.53712874389125],[1.9798093078339436,41.53712827929366],[1.9798211411977946,41.53712750330599],[1.9798329312078333,41.537126416877435],[1.9798446634419191,41.53712502133712],[1.979856323548636,41.53712331839195],[1.9798678972647519,41.53712131012523],[1.979879370432745,41.53711899899341],[1.9798898926689699,41.53711659127319],[1.9799003056158686,41.537113928801645],[1.9799105983511684,41.537111014371476],[1.97992076007873,41.537107851039586],[1.9799372710660985,41.53710298088277],[1.9799535456928172,41.53709768059156],[1.9799695641165624,41.53709195662814],[1.979985306807351,41.53708581597145],[1.9800007545714062,41.537079266108265],[1.9800158885745258,41.53707231502423],[1.980030690365115,41.53706497119439],[1.9800451418966152,41.537057243572434],[1.9800592255495202,41.537049141580084],[1.9800729241528636,41.53704067509532],[1.9800862210052035,41.537031854440855],[1.9800990998948775,41.537022690370925],[1.9801115451198779,41.53701319405848],[1.9801235415069416,41.53700337708171],[1.9801350744300301,41.53699325140962],[1.9801461298282361,41.53698282938752],[1.9802957990377454,41.5368365664845],[1.9804539273246962,41.536809169813964],[1.9804927952117684,41.53678483026745],[1.9805249775215448,41.53680087616832],[1.9805602376648537,41.53681845663877],[1.9811285541994814,41.53710181265081],[1.9812284481650935,41.53715161807674],[1.981627712222522,41.537350682698005],[1.9824869709696447,41.537779082151125],[1.9824365726795794,41.537819929968975],[1.9823864264948765,41.537863635555475],[1.9823822149024586,41.537860713120565],[1.982330268060007,41.537925847754124],[1.9823025311469133,41.53797457926158],[1.9822939682764285,41.53801897673948],[1.9822852777545705,41.53804761042884],[1.9822988976492029,41.53820648338246],[1.9823134134411422,41.53823644823166],[1.98233778672385,41.538330676799674],[1.9824300294683168,41.53846885290913],[1.9823185069569833,41.538566383186314],[1.9820897026843878,41.538765896074715],[1.9819870768846144,41.53897947284083],[1.9823704700357943,41.53906618121149],[1.9825987523757034,41.538818812238254],[1.9827135250267742,41.5387624059271],[1.9830273642106626,41.5387691209052],[1.9832011268722414,41.53877347134523],[1.983333304301451,41.53898694343531],[1.9834812659528265,41.539015808858224],[1.983466733571839,41.53906016178519],[1.9834560898957039,41.53910231613732],[1.983451768802989,41.53912456632106],[1.9834487934481833,41.53914615652657],[1.9834470647262499,41.53916775688111],[1.983446858105948,41.5391955673708],[1.9834498382585877,41.53922340457385],[1.9834548657185775,41.539242964852285],[1.9834624657891273,41.539262133670434],[1.9834749027902439,41.53928695679844],[1.983490472919059,41.5393107985067],[1.9835099792829776,41.53933347652067],[1.9835329427337338,41.539354402360594],[1.9835553223529656,41.53937120738191],[1.9835800123710279,41.539385942554105],[1.9836131045188317,41.53940154544263],[1.983648036210189,41.539414499294644],[1.983672134100009,41.53942184472779],[1.9836967400535277,41.53942746554323],[1.9837484286622007,41.53943618366172],[1.9838261896750506,41.53944842679525],[1.9839045660466046,41.5394595673488],[1.9839690257453992,41.539467600612035],[1.9840333784463282,41.53947612317601],[1.9841447066122297,41.53949360737997],[1.9842593423033705,41.539511748369236],[1.9841887769441915,41.53985049284654],[1.9841699438284364,41.5399408993722],[1.9841336562978809,41.540115093346735],[1.9840273924170435,41.54008894770628],[1.9839819735661508,41.540078990917785],[1.9839367301894262,41.54006971185197],[1.9837975655147728,41.540048712191336],[1.983697389047135,41.54003522880473],[1.983673005096566,41.540032052711396],[1.983653836415015,41.540029847903035],[1.9836345978443948,41.54002789265895],[1.9836153165871846,41.540026189237004],[1.9835959995160333,41.5400247397156],[1.983576650854506,41.54002354384371],[1.983557277507064,41.54002260168237],[1.9835378848435097,41.54002191327894],[1.9835184797500234,41.540021479847226],[1.9834990672354764,41.54002129999032],[1.9834796526427296,41.54002137548478],[1.9834615226504877,41.54002168368687],[1.9834447270275377,41.5400238734322],[1.983425908029272,41.540026902210236],[1.983407721493704,41.54003033260313],[1.9833897063026313,41.54003423749469],[1.9833718828576419,41.540038612453664],[1.9833542738889107,41.54004345133981],[1.9833416372682169,41.54004730546056],[1.9833227376814455,41.54005410934065],[1.9833043462301454,41.54006143911825],[1.9832869155020674,41.54006898260293],[1.98326984442223,41.54007697976859],[1.9832578703842418,41.54008303576989],[1.9832455560441467,41.540092352118386],[1.9832327891417996,41.54010386568948],[1.9832214062717572,41.540116170867236],[1.9832124869540175,41.54012787264049],[1.9832081876835732,41.540134554762325],[1.9832031899169935,41.54014845926605],[1.983199572279411,41.54016230217871],[1.9831972466072754,41.540176299471106],[1.9831962277345203,41.54019038584615],[1.9831965186807838,41.54020449100191],[1.9831975303513312,41.540213384674246],[1.9831993995638855,41.54022937728124],[1.9832031250999675,41.540248487662254],[1.9832080262024627,41.540266856147774],[1.9832141990269434,41.54028500615067],[1.983220389334261,41.54029990765211],[1.9832212371123887,41.54030172466034],[1.9832464819485376,41.54030706183353],[1.9832546070928565,41.54033077581072],[1.9832620811722446,41.540348218748925],[1.983270436869242,41.54036470476674],[1.9832799286603437,41.54038083851592],[1.9832905318884486,41.54039657769676],[1.9833022161606322,41.54041187880563],[1.9833149510703645,41.54042669920348],[1.9833287011929408,41.540440998224696],[1.9833418595629697,41.54045327526076],[1.983354005978082,41.5404633418427],[1.9833701166155393,41.540475730277514],[1.9833902006126891,41.54048963647864],[1.983411226058446,41.54050273414663],[1.9834331344310387,41.54051498759958],[1.9834632488645625,41.54053005606919],[1.983468155926248,41.54055013323109],[1.9835286040742601,41.540572930540236],[1.9837142700543002,41.54063806250457],[1.9837357704426009,41.54062527680862],[1.9839222957753369,41.54068429328005],[1.9838563054524585,41.540803597630855],[1.9838444293179271,41.54082506852294],[1.9837903148833607,41.54092290193868],[1.983858301561422,41.541101847631495],[1.9838654899791979,41.5411595012266],[1.9838826028948355,41.54119117765763],[1.9839072301300962,41.541245438517876],[1.9840648373018188,41.541420782347735],[1.984375314261937,41.541451670915556],[1.984381572022053,41.5414522934754],[1.9839840282287096,41.542537489661086],[1.9835923709268886,41.54244621700626],[1.9832646577308084,41.54244899907132],[1.9832525307359086,41.54244910200339],[1.9831960707818577,41.54270568057194],[1.983193993004228,41.542715116059114],[1.9831869595495462,41.54274707062075],[1.9831831149222046,41.54276455732358],[1.9831814908863052,41.54277193760225],[1.9828107071407313,41.54266920754537],[1.9826067855468212,41.54307254720347],[1.982596530652201,41.54309283037159],[1.9827789963798794,41.54318277125797],[1.9823686651024814,41.54364885716981],[1.9823066468617376,41.543692328311316],[1.9822466723495091,41.54373738897011],[1.982188813705996,41.543783984948256],[1.9821331405269174,41.54383206020095],[1.9820797197798214,41.543881556904125],[1.9820286157234963,41.543932415523805],[1.9819798898306824,41.54398457488796],[1.9819336007141615,41.54403797225961],[1.9818898040561366,41.54409254341287],[1.9818485525413556,41.54414822270966],[1.981782881489041,41.54424059611665],[1.98175519185493,41.54427807649386],[1.9817259070146591,41.54431486620204],[1.981695057457326,41.54435092693526],[1.9816626753014024,41.54438622114649],[1.9816287942612953,41.54442071208695],[1.9815934496122323,41.544454363844004],[1.9815566781535434,41.544487141378795],[1.9813120885391324,41.544698158860186],[1.9812845819600937,41.54472133738941],[1.9812563620600223,41.544744026797225],[1.9812151385224113,41.54477534873149],[1.9811725560080329,41.54480562719079],[1.9811286612893817,41.54483482891615],[1.981083502580508,41.54486292183125],[1.9810371294840667,41.54488987507766],[1.9809895929368857,41.54491565904879],[1.9809409451539257,41.54494024542231],[1.9808912395709728,41.54496360719167],[1.980840530785918,41.54498571869492],[1.9807888744988154,41.54500655564403],[1.9807363274506296,41.54502609515058],[1.9806829473609866,41.54504431575152],[1.9804826344791329,41.545109703209064],[1.98030906889233,41.54516893223312],[1.9801381950829346,41.545232425410845],[1.979970198605681,41.54530011379655],[1.9798052618924984,41.54537192388864],[1.979643564054584,41.54544777770967],[1.9794852806878394,41.54552759289089],[1.979330583682323,41.5456112827618],[1.9791796410356162,41.54569875644409],[1.9791009288092583,41.54574680016486],[1.9790258283155635,41.545794278113476],[1.9782229969924034,41.54631061794543],[1.9782596819855156,41.5463357296019],[1.9781446387013841,41.546445789598096],[1.9780024777067797,41.54659499503768],[1.9779480102841793,41.5466521612297],[1.978676431373212,41.54681625583858],[1.978809836668552,41.547053316497475],[1.9789597359456013,41.54714697082672],[1.9793749107732026,41.54721713732131],[1.979669451678428,41.54704206685741],[1.9797238783555846,41.54701739621429],[1.9809085458001836,41.546480396430596],[1.9822513903738377,41.54581352309761],[1.9824428794888664,41.545718424800185],[1.9825485357389976,41.54566595299789],[1.983111218330053,41.545911778722186],[1.9845405654057837,41.54569077373149],[1.9849141003770032,41.545633014737646],[1.9849310598339238,41.54563039229805],[1.9850078841682441,41.545712358975834],[1.9850569661663264,41.545764726211345],[1.9851485897261407,41.54586248219097],[1.9847406146824587,41.54640744241256],[1.9849706720255176,41.54654086380176],[1.984960435982341,41.54654711896731],[1.9849624914900954,41.54655100119891],[1.9849919653577264,41.546606993395606],[1.9850118717031981,41.54665146201315],[1.9850334684107267,41.54667120720542],[1.9851135309521588,41.54674442157105],[1.9851707310017603,41.54679603307374],[1.9852186407268004,41.546837551083215],[1.9852528784982104,41.54686205995447],[1.9856361682025028,41.546927345986724],[1.985817743963752,41.547085846499904],[1.9859084321129585,41.547165009304756],[1.985911698267248,41.54716774573642],[1.9859934450986447,41.547236234317886],[1.9860608903255204,41.54729274067354],[1.9864395530026429,41.54760998589993],[1.9865941353535999,41.54773949441955],[1.9865952451015259,41.547739789805654],[1.9866014978751672,41.547741454131675],[1.9866875848980727,41.54776450576524],[1.986711942138698,41.54777113774214],[1.9868544646441626,41.547810109875655],[1.9869746371896364,41.547864648409025],[1.9869846824312032,41.54786924046243],[1.9871618768421777,41.54794342110358],[1.987405078053457,41.54801367879408],[1.9875841052964913,41.54806648356053],[1.987669511649544,41.54809200417574],[1.9876870400943438,41.548097224923914],[1.9879919856921624,41.548185134159276],[1.9880835838948123,41.54821153974082],[1.9881970203964625,41.54810899119409],[1.988256187994353,41.548055502493085],[1.9883192420189928,41.54799688223722],[1.9883581208461818,41.54795902972581],[1.9883961384485316,41.54792064821875],[1.9884332585746436,41.5478817742919],[1.9884695112988375,41.54784237391094],[1.9886421523849402,41.5476511992978],[1.9886624279605798,41.547629074775465],[1.988668578247814,41.547622429192515],[1.9887163181697063,41.54757279575237],[1.9887473821100619,41.54754199026572],[1.9887791305956068,41.54751162226872],[1.988811578856828,41.54748167460087],[1.988844719831076,41.54745215728738],[1.9888785403313571,41.54742307943552],[1.9889130306499057,41.547394448453154],[1.9889481810345537,41.547366274630235],[1.9889839817823685,41.54733856508689],[1.9890204196842023,41.547311330370945],[1.9890574858177503,41.54728457674449],[1.989095166612782,41.54725831331084],[1.989133452362164,41.54723254747848],[1.9891723306556544,41.54720728778462],[1.9892117898589334,41.547182542196886],[1.9892517602786128,41.54715835131929],[1.9893034764541737,41.54712760835022],[1.9894448120163206,41.54704358907933],[1.9895284264107893,41.54699388292822],[1.9897783040515733,41.54686998872761],[1.990443318859776,41.54664888780333],[1.9906441971598492,41.54661131760385],[1.9906600064583788,41.54660132159781],[1.9906635603723806,41.54659907450528],[1.9906858731267805,41.5465849663195],[1.9907157678743468,41.54656606411167],[1.9908879319763106,41.546457205768014],[1.9909380977320656,41.54641314428399],[1.9909502646070931,41.54640245791575],[1.990995413268459,41.54636280376356],[1.9910037793573325,41.546355375302255],[1.9910167084882562,41.546343895196294],[1.9910127098421602,41.546339501499126],[1.991007899034732,41.54633421436892],[1.9909993154175232,41.54632441965234],[1.990990960263683,41.546314514816665],[1.9909828370033535,41.54630450133333],[1.990974947893366,41.54629438210435],[1.9909672940083913,41.54628416203923],[1.9909598795368104,41.546273843192274],[1.9909527059725851,41.5462634281707],[1.9909457759429923,41.54625292074464],[1.9909390897866472,41.546242323799405],[1.9909326520441626,41.54623164141008],[1.9909264622960419,41.54622087587887],[1.9909205243156185,41.54621003127427],[1.9909148384550877,41.54619910961692],[1.9909094077116147,41.54618811554478],[1.9909042331822175,41.54617705252631],[1.9908993167579916,41.546165922307615],[1.9908946598837038,41.546154730665975],[1.9908902633175145,41.54614347818457],[1.9908861284952593,41.546132171216904],[1.9908822573214549,41.54612081064455],[1.9908786508751803,41.54610940108881],[1.9908753087189204,41.546097946004515],[1.9907844535381454,41.54577291325602],[1.9907797697609348,41.54575615724067],[1.9906789417221749,41.54539544710979],[1.9906585903923952,41.54532264065902],[1.990649357145148,41.54528763670328],[1.9906429755818114,41.545260612367954],[1.9906372233187526,41.54523350852452],[1.9906321017552724,41.5452063338324],[1.9906276119160125,41.54517909637109],[1.9906237555972777,41.545151803938516],[1.9906205334356013,41.54512446489917],[1.99061794722283,41.54509708733933],[1.9906159968058215,41.5450696810575],[1.990614684770539,41.54504225241734],[1.990614009429386,41.545014811204204],[1.9906139721816383,41.54498736607716],[1.9906145713890027,41.544959923650985],[1.9906158080491967,41.54493249373468],[1.9906176824375115,41.54490508324787],[1.9906201943918957,41.544877702565515],[1.9906233399723932,41.544850358282304],[1.9906271213320514,41.5448230599288],[1.9906315360429971,41.544795815554046],[1.9906365828326875,41.54476863292889],[1.9906422615704102,41.54474152041112],[1.9906485675177252,41.54471448660591],[1.9907867011396954,41.544396167734654],[1.9909071461898826,41.5440907974038],[1.9909252811453466,41.54400239105094],[1.9908953211336835,41.54401248348189],[1.990875019021554,41.544019322513854],[1.9907985740339456,41.54404507476573],[1.9907778592317111,41.54405158379102],[1.9904844303399034,41.54416060514669],[1.9904015609472514,41.544260580473605],[1.9903958980886296,41.54426737760183],[1.9903753371801685,41.54426093542043],[1.9903414055641635,41.5442503034912],[1.990153557372768,41.54419144434803],[1.989937865036752,41.54414429279675],[1.9899277330089549,41.54414360632721],[1.989610944111105,41.5440979206131],[1.9894729254400665,41.54378352995538],[1.9894548133031098,41.543746717296024],[1.98936936733897,41.54357304900366],[1.989172164922768,41.543134241345534],[1.9890435481276612,41.54286759469762],[1.9879105800396952,41.543087591890696],[1.9878881241785387,41.5431191254634],[1.9878205282113044,41.54321404667281],[1.987848650243104,41.54330822279568],[1.9875072102047902,41.543115774147346],[1.9868338912091343,41.54273625955844],[1.9866829190245605,41.54229906080684],[1.9863479848324224,41.54173584109777],[1.986454211856166,41.54100710749735],[1.9864618579525515,41.54095465342637],[1.9864761624199343,41.540856521073586],[1.9864763999652577,41.540854891448525],[1.9864799218454983,41.54083073038688],[1.9865992576099158,41.540855973590695],[1.9873089441623308,41.54100609128366],[1.9878756282112537,41.54093935353043],[1.9879594517681891,41.540929481473505],[1.987968522469148,41.54092617776578],[1.988111099561575,41.54086927929416],[1.9881479480580977,41.54085601589958],[1.9883437757140994,41.54079354882083],[1.9884311417472724,41.54076322924685],[1.9884597879124937,41.54075328783924],[1.9892182103091667,41.54052466244668],[1.9894170311966448,41.54051001300575],[1.989558412233703,41.540499595611266],[1.9897134021877538,41.54048422647556],[1.9898413551099718,41.54049012797926],[1.990505289276621,41.540520747955505],[1.9905145572188345,41.54052117535429],[1.990553702678713,41.540522980571126],[1.9906100090116294,41.54052557690159],[1.9906936079281903,41.5405294322865],[1.9906937849289963,41.54052943938829],[1.9906937149386303,41.540522546209935],[1.9906928084292366,41.540433266332634],[1.9906925078648752,41.5404017114045],[1.9906906370825543,41.54033784448828],[1.9905997939709097,41.54033810823022],[1.9905945477493443,41.54024157395714],[1.990594625207576,41.540239541887765],[1.9905947838247913,41.54023396781116],[1.9905948825072433,41.54022839320844],[1.9905950998761237,41.54021441591152],[1.990594235966745,41.54019596154158],[1.9905962848254288,41.540133595522796],[1.9905916372291232,41.54006979902563],[1.9905909795068586,41.5400607706129],[1.9905807838912235,41.53995164871093],[1.9905749030120587,41.53988616048962],[1.9905725270799794,41.53985970258099],[1.9905650544446372,41.53977900434425],[1.9905533407918499,41.539674994216895],[1.9905519974598413,41.53966347119612],[1.990550522132982,41.539651956023725],[1.9905489267981444,41.53964044880501],[1.9905472234422497,41.53962894964514],[1.9905453880916546,41.53961745833368],[1.99054343273328,41.53960597497587],[1.9905413572271442,41.53959450857769],[1.9905391497265283,41.539583050027844],[1.9905368339250427,41.539571617548866],[1.99053439825607,41.53956018401748],[1.990531842299519,41.539548776451745],[1.9905291542086747,41.539537385740275],[1.9905263579572807,41.539526012093674],[1.9905234415585262,41.539514655406606],[1.9905204048724103,41.53950332468513],[1.990517248039103,41.53949201092318],[1.9905122872352372,41.53947643892276],[1.9905070620236704,41.53946090963688],[1.9905015845313596,41.53944541416476],[1.990495842491623,41.53942997041314],[1.990489835904609,41.53941457838197],[1.990483576757291,41.53939923817644],[1.99047706490976,41.53938395880251],[1.9904703005022655,41.53936873125415],[1.9904632712679997,41.53935357343805],[1.9904560011807366,41.53933848556464],[1.990448478253825,41.53932346752866],[1.990443027194048,41.53931299486848],[1.9904407023473472,41.53930852833604],[1.9904326854482377,41.539293668091965],[1.990424427556592,41.53927888679643],[1.9904159166858248,41.53926418434404],[1.990407176529453,41.5392495789573],[1.9903729700673372,41.53919200169692],[1.9903659479216964,41.539180417106124],[1.9903332293393254,41.53912644046922],[1.9903180568876337,41.539102395817615],[1.990256517461548,41.539000710595765],[1.9901993681505088,41.53891311490869],[1.9901579030739216,41.53884955909025],[1.9900899973949264,41.538753486155734],[1.9900185459247004,41.538661102018516],[1.9899301725033416,41.538562984713565],[1.989917410671922,41.538548605148584],[1.9898810606873032,41.53850764727283],[1.9898574205832513,41.538481010406905],[1.9898453548362232,41.538468685038275],[1.9897573077257429,41.538378743218175],[1.989737939045182,41.53835895769556],[1.9895315553578703,41.538149113440795],[1.989435351090596,41.53805179468196],[1.989339024254331,41.53795435156413],[1.9892551786678971,41.53787113301],[1.9891780771724124,41.537794607871255],[1.989028323387978,41.53764977023779],[1.988969528966384,41.537595337547074],[1.988868004714869,41.53750134470377],[1.988846009187987,41.53748039864346],[1.9887210673442746,41.53736818677925],[1.9885372459335904,41.537207169146434],[1.9885142465051011,41.53718526843299],[1.9884914044586015,41.53716327001989],[1.9884687196537079,41.53714118291321],[1.988446192230682,41.53711899810704],[1.9884238340354938,41.537096724712924],[1.9884016332220154,41.537074353619474],[1.9883795896498495,41.537051893832846],[1.9883577153052816,41.53702934545853],[1.9883390984265576,41.53700854611895],[1.988320384826775,41.53698779996871],[1.9883015626600888,41.53696709789627],[1.9882826437724688,41.53694644901307],[1.9882636281640511,41.536925853319055],[1.9882445039888403,41.53690530170271],[1.9882252829524814,41.536884812281414],[1.9882059651954587,41.53686437604916],[1.9881865508581398,41.53684398399987],[1.9881670396598188,41.536823654145536],[1.988147431881337,41.536803368474104],[1.988127727382333,41.5367831359915],[1.9881079260224472,41.536762965703666],[1.9880880159558532,41.53674284849912],[1.9880680211551243,41.536722784588704],[1.9880479296340836,41.53670277386696],[1.9880387107198236,41.53669331989533],[1.9880346318214557,41.53668913699498],[1.9880211162957389,41.53667562430655],[1.9880073592248655,41.536662226584625],[1.9879933844410598,41.53664895304609],[1.9879791799580988,41.536635803585355],[1.9879647576218789,41.53662278731387],[1.9879501292783563,41.53660991334301],[1.987935271235809,41.53659716344968],[1.9879202191722936,41.536584555962335],[1.9879117176837475,41.536577610613016],[1.9879049611015538,41.5365720907754],[1.9878894848969308,41.53655977678922],[1.9878738266576383,41.536547605314254],[1.9878579622707473,41.53653558514544],[1.9878419157087865,41.5365237164937],[1.9878256868312956,41.53651200836488],[1.987817267728337,41.53650608856726],[1.9877358218362213,41.53645228302871],[1.9876873788226197,41.53642537532394],[1.9876566110899168,41.536410946152344],[1.987631730488003,41.536399277863154],[1.9875754144355944,41.53637448955127],[1.9874999491308092,41.53634538927581],[1.987451531077208,41.53632823996855],[1.9874198094571436,41.53631700439545],[1.9872616108321712,41.536266507354235],[1.9872563180010518,41.53626481787611],[1.987062323404762,41.53620535480342],[1.9869147378065988,41.536154100549126],[1.9868291442678854,41.536121100543795],[1.9867502099911651,41.536086952186764],[1.98667962379035,41.536052517053385],[1.986622217941429,41.53602155772922],[1.9865442162825468,41.535972222261464],[1.9864450864789913,41.53590175871213],[1.9863481773108067,41.53582479335859],[1.986344254873799,41.53582151229807],[1.9863368902182486,41.53581536478812],[1.9863304193214655,41.535809957516015],[1.986324760766384,41.53580522034547],[1.9863148490129592,41.53579690876835],[1.9863040909290282,41.53578783544634],[1.9862943137025553,41.53577908430282],[1.9862856006025822,41.53577127929101],[1.9862703614613448,41.53575763410704],[1.98624749690904,41.535737157268485],[1.9862360647086132,41.53572691434455],[1.9862250698092017,41.53571707159277],[1.9861184508281138,41.535621123343624],[1.98611152668874,41.53561457547704],[1.985998055035857,41.53550572545207],[1.9859539221085694,41.535471060810195]]]}},{"type":"Feature","id":"082798--barri--pla-del-bon-aire-el-garrot","properties":{"name":"Pla del Bon Aire - El Garrot","officialName":"Pla del Bon Aire - El Garrot","municipality":"Terrassa","kind":"barri","quality":"official","code":"46"},"geometry":{"type":"Polygon","coordinates":[[[2.0228242271657826,41.589335015370935],[2.022297866742873,41.58920992825023],[2.0224019326346476,41.58840096695782],[2.0219196911872475,41.588396867951566],[2.0211827652945282,41.58852844611925],[2.021055126207961,41.58785535855401],[2.019011096271313,41.587855178188335],[2.0189489837417165,41.58740664706176],[2.0185359007151513,41.5873858940573],[2.017228286393389,41.587288577224214],[2.0160803756824612,41.58726153338036],[2.015354902386391,41.58815132715276],[2.0161685285014244,41.589019828441444],[2.0164537317233218,41.589901036034185],[2.0163482848625853,41.59079613577326],[2.0145105037826276,41.59233117564144],[2.015645947014855,41.59318520479825],[2.0184028582596842,41.59313983906619],[2.0183389194507497,41.5928119083625],[2.019662284325237,41.592578442023125],[2.0203885724617416,41.592450303298506],[2.0208139835623533,41.5931776163449],[2.0211368027444787,41.59309421012579],[2.021360736921193,41.593475192718074],[2.022542061649479,41.593082539957315],[2.0224776684369177,41.59206427479053],[2.022582498881603,41.5913422684548],[2.022851709152902,41.590621659933575],[2.0231428040253996,41.5900070262124],[2.023319865304365,41.589715659982794],[2.0228242271657826,41.589335015370935]]]}},{"type":"Feature","id":"082798--barri--les-arenes-la-gripia-can-montllor","properties":{"name":"Les Arenes / La Grípia / Can Montllor","officialName":"Les Arenes / La Grípia / Can Montllor","municipality":"Terrassa","kind":"barri","quality":"official","code":"10"},"geometry":{"type":"Polygon","coordinates":[[[2.04034014767637,41.576054416678964],[2.0411365751497383,41.57610891614818],[2.0416510720211116,41.57461223503294],[2.042674645859269,41.5713816327685],[2.0426883810121788,41.57133827620127],[2.042814905751092,41.5710410142631],[2.0431937572631598,41.57109847703988],[2.0432756263786698,41.570897682723306],[2.043408504746606,41.570448434594496],[2.0435079013457136,41.57012927324323],[2.043588894838287,41.56998772959901],[2.043718799360273,41.569739929850535],[2.0438636073715304,41.569551509817515],[2.0440557544534803,41.56936348513279],[2.0442321222098694,41.56917532738746],[2.04445529997244,41.56902311252855],[2.04469530600261,41.56879992928628],[2.0448716703334595,41.568611772154675],[2.0450480314720183,41.568423612518615],[2.0451128911599805,41.56830563767642],[2.0452101821053548,41.56812867315174],[2.0452739973083465,41.568081796128446],[2.0454172280801877,41.568000026355314],[2.0455609836181803,41.5678827041628],[2.045609888192643,41.56777644666576],[2.045643364019154,41.567646358969625],[2.0456289811635355,41.56755142812707],[2.0456152910883514,41.5674090980827],[2.0455696984248077,41.56729020448745],[2.0454606404081415,41.567194489847466],[2.04536718759951,41.56711075458521],[2.0452104432315164,41.567038345678085],[2.0450847373408707,41.5670017474716],[2.044974459752297,41.566988980493164],[2.044707313911314,41.56698036726878],[2.0435566559157725,41.567103618910494],[2.042025384676758,41.56726762255715],[2.040983108171334,41.56737924152907],[2.0396908947928694,41.56751913227951],[2.0392465715557386,41.56757290453548],[2.0392768820460283,41.5677524463526],[2.0388382616839245,41.567797517147326],[2.038810037584337,41.567799468286864],[2.037945785283214,41.56779652131716],[2.03767635830021,41.56781139244239],[2.0376309040578082,41.56781581876264],[2.0373199079172806,41.567846096797574],[2.036081471594546,41.56796932452744],[2.035234877830934,41.56803953362256],[2.033893826678726,41.568173071376165],[2.033907780477843,41.56830580181448],[2.034004869665144,41.56918512336812],[2.0338865169683085,41.57023480340523],[2.033844365693445,41.57035734187798],[2.033634713197417,41.571192971976686],[2.0333359712346755,41.57216956633862],[2.0323534382728905,41.573682200237485],[2.032082475402528,41.57400762085658],[2.0313326381281605,41.574853060956706],[2.0313831804157103,41.57490912009418],[2.0325483717689656,41.576226815338515],[2.0337440152168287,41.57757780013362],[2.0338781227382383,41.57774951873527],[2.034637639205917,41.57869170520226],[2.036079874193683,41.578094189846134],[2.04034014767637,41.576054416678964]]]}},{"type":"Feature","id":"082798--barri--egara","properties":{"name":"Ègara","officialName":"Ègara","municipality":"Terrassa","kind":"barri","quality":"official","code":"13"},"geometry":{"type":"Polygon","coordinates":[[[2.032082475402528,41.57400762085658],[2.0323534382728905,41.573682200237485],[2.0333359712346755,41.57216956633862],[2.033634713197417,41.571192971976686],[2.033844365693445,41.57035734187798],[2.0338865169683085,41.57023480340523],[2.034004869665144,41.56918512336812],[2.033907780477843,41.56830580181448],[2.033893826678726,41.568173071376165],[2.033509174647552,41.56821137098122],[2.0334960917443117,41.56810441597874],[2.0320267509794507,41.56823888770382],[2.030259370362388,41.56839829581946],[2.0283805094540623,41.56856772549868],[2.0282231366878363,41.56858191597087],[2.0278422035320878,41.5686162631682],[2.0262652318771424,41.568780169115584],[2.026013243554339,41.569197679637504],[2.0243313920844317,41.570281452052306],[2.0259943770396536,41.57223635566833],[2.026094866302332,41.57235448187387],[2.0272936403205506,41.57375020742609],[2.0276545735469322,41.57417042113612],[2.0279454964899237,41.57450912534325],[2.029607114668695,41.57644356336567],[2.030267444281224,41.57582089038395],[2.0313326381281605,41.574853060956706],[2.032082475402528,41.57400762085658]]]}},{"type":"Feature","id":"082798--barri--les-martines","properties":{"name":"Les Martines","officialName":"Les Martines","municipality":"Terrassa","kind":"barri","quality":"official","code":"45"},"geometry":{"type":"Polygon","coordinates":[[[1.9998749422768796,41.53971987973894],[1.9997149708685424,41.53986281998394],[1.9995284207560948,41.540038387098406],[1.9993663184689663,41.54018880231576],[1.9992559141622408,41.540295423769585],[1.9991237657497292,41.540443793476186],[1.9991103220228148,41.54046585223819],[1.999093187037043,41.54050882065931],[1.9990621477679393,41.54060430230085],[1.9990470101349862,41.5406508679162],[1.9989969659269382,41.540826001038354],[1.9989822459154578,41.540879085417835],[1.9989752888732248,41.540904174379],[1.998972363468656,41.54091472416672],[1.9989572720497448,41.54094954981172],[1.998937805342945,41.54098744485488],[1.9989065759500355,41.54102622828075],[1.9988664075284113,41.54107232748331],[1.998857774035113,41.54108269299925],[1.9988485248370822,41.541093177939764],[1.9988388826999837,41.541103488321184],[1.9988288597497201,41.5411136152417],[1.9988184561250681,41.541123549695094],[1.9988076960780807,41.54113327387807],[1.9987965797476313,41.54114277878448],[1.998785131107978,41.541152064622985],[1.9987733507147927,41.54116109536943],[1.9987612501384968,41.541169898146144],[1.9987488660351176,41.54117842823609],[1.9987361864176305,41.54118668553479],[1.9987232352603654,41.5411946702509],[1.9987100366766035,41.54120237358714],[1.998696590944368,41.54120977753136],[1.9986829338862897,41.54121689140268],[1.998658659504733,41.54122809141947],[1.998626315502904,41.54124301468419],[1.998569591413064,41.54126899290143],[1.9985127738821349,41.54129480814666],[1.9984558506452825,41.54132047832734],[1.9984181986836735,41.54133648045821],[1.9983805588298065,41.541352473674884],[1.9983429309447773,41.541368466983414],[1.9982796286304652,41.54139537531701],[1.998267723346268,41.54140043596852],[1.9982301436328946,41.54141641164508],[1.998192575888368,41.541432387413536],[1.9981550322389319,41.54144835437237],[1.9981321479726117,41.54145829711497],[1.9981092267645837,41.541468302581656],[1.9980862806019672,41.54147837087683],[1.998063333598112,41.54148849320339],[1.9980403737657924,41.54149866945686],[1.9980174132311483,41.54150889073571],[1.9979944758295223,41.54151916625485],[1.997971549851784,41.541529477897804],[1.9979616905303872,41.5415336523948],[1.9979519360337674,41.5415380259633],[1.9979423224625008,41.54154258991069],[1.9979328255640452,41.541547362040134],[1.9979234937043036,41.541552315751446],[1.9979143027697839,41.54155745984176],[1.9979052888611581,41.5415627856185],[1.9978964401301758,41.54156828397127],[1.997887780551252,41.541573955109],[1.9978793222507003,41.54157979013019],[1.9978710532412156,41.541585788930426],[1.9978630097626615,41.54159193381115],[1.9978551677014451,41.541598233569474],[1.9978475514492573,41.541604661396356],[1.9978401728542632,41.541611226402374],[1.9978330321945956,41.541617910575475],[1.9978237051571195,41.54162565655883],[1.9978144727637097,41.5416334844313],[1.997805335431555,41.54164136717485],[1.9977962927434925,41.54164933180757],[1.9977873569648967,41.54165736042192],[1.9977785280957392,41.541665453017934],[1.997775195057342,41.54166856748669],[1.9977698061360873,41.54167360959557],[1.9977611789595988,41.5416818390565],[1.9977526708189128,41.541690123597604],[1.9977509419285073,41.54169183791435],[1.9977442576005253,41.541698472015995],[1.9977359632789078,41.541706884520636],[1.9977277760059156,41.54171535200107],[1.99771969564248,41.54172388346334],[1.9977117343149893,41.54173247000592],[1.997703880036158,41.54174111152439],[1.997696144793311,41.54174980812322],[1.9976595220990179,41.54179229119415],[1.9976583312323268,41.54179374277702],[1.997608691458698,41.54185425010559],[1.9975687122086119,41.54189670388562],[1.9975278030513377,41.54194347300952],[1.9974854015591474,41.5419812939456],[1.9974600081629579,41.54200463543351],[1.99742920993445,41.5420301635809],[1.997428094196753,41.54203093370109],[1.9973952791692096,41.54205358373842],[1.997366532424062,41.542070482825906],[1.9973355461588636,41.54208708127689],[1.9973352945284473,41.542087216068005],[1.9973244839716033,41.54209257189556],[1.9972914148767393,41.542108955162746],[1.9972425874297084,41.54212812907095],[1.9972005619130084,41.542141597658556],[1.9971650183620433,41.54215144781743],[1.9971126969936115,41.54216086340166],[1.997058207795986,41.542167810089964],[1.997056470568735,41.54216796533555],[1.9969891520140342,41.542173981170194],[1.9969386670151557,41.542176278976235],[1.9968920368893086,41.542177385407435],[1.996845623058658,41.5421769084362],[1.9968044478924416,41.542172586032784],[1.9967671264960962,41.542167144314234],[1.996723515891809,41.54215905362988],[1.9967160057814874,41.54215653925189],[1.996664070667545,41.54213915140522],[1.99658541976769,41.542106415709505],[1.9965832577167604,41.542105515829945],[1.9965804398804055,41.54210450424773],[1.9964612641131292,41.54206172094583],[1.9963507918531558,41.5420171618038],[1.9962009856971574,41.54196087406112],[1.9960921061707582,41.54191877853834],[1.9959664635540502,41.54187531155961],[1.9959237168550386,41.54186176974086],[1.9958822826428357,41.54184863568524],[1.995833243088244,41.541835786479204],[1.9958043352081754,41.54182821115455],[1.9957778239965862,41.54182158142595],[1.9957461505144074,41.541813660744985],[1.9957087580479025,41.54180663279198],[1.9956864517061783,41.54180386605878],[1.9956650106757745,41.54180120664881],[1.995609273825751,41.541795819877905],[1.9955432770108024,41.54179027139677],[1.995465017806051,41.54178303048143],[1.9954121534698175,41.5417779569408],[1.9953602313938834,41.54177397247475],[1.9953040708529368,41.541771175933214],[1.995256338187382,41.5417691735848],[1.9952002010796255,41.54176486398451],[1.9951425485751708,41.541759316132016],[1.9950705738569765,41.54174960784687],[1.9949837628710207,41.541737968399495],[1.9949511892788379,41.541734364027214],[1.994947783802781,41.54173398719981],[1.9949194209859953,41.54173084875461],[1.9948500099157978,41.54172282006838],[1.9947927600432354,41.54171605057844],[1.9947332197930125,41.54170854045879],[1.9946687484652375,41.54169901655115],[1.9946054554226866,41.54168283352365],[1.994592058807928,41.541712105562155],[1.9945286571001082,41.541694402981705],[1.99444825728669,41.54167057838097],[1.9944412047873905,41.541668454053415],[1.9944378751411376,41.541667470170125],[1.9944292433982436,41.54166513387233],[1.9944205248152014,41.541662985966035],[1.9944117552140654,41.54166103577173],[1.9944029227470716,41.541659274178556],[1.9943940392618713,41.54165771029735],[1.9943851287328034,41.54165634433776],[1.9943761912993438,41.541655167293776],[1.9943575756111456,41.54165187898111],[1.994345618667776,41.54164981984085],[1.9943389348340492,41.54164866250373],[1.9943202569808323,41.541645517756805],[1.9943015661654229,41.54164243594407],[1.9942828504005212,41.541639416960535],[1.9942720387926258,41.541637719111826],[1.9942641094069686,41.541636478818305],[1.9942453434638396,41.5416336035053],[1.9942265644187378,41.54163080013242],[1.994211783508955,41.541629166638074],[1.9941969257919103,41.54162784772266],[1.994182015102205,41.54162685260191],[1.9941670637060203,41.54162616336842],[1.9941520952984169,41.54162579824415],[1.9941371100187708,41.54162574822298],[1.9941221558157205,41.5416260137244],[1.994107220701851,41.54162659464349],[1.9940834007919213,41.54162879119222],[1.9940596253397809,41.541631213305436],[1.9940358824975541,41.541633851872234],[1.9940121842521932,41.541636706997565],[1.9940019258845947,41.54163804305687],[1.9939885304638763,41.54163978768744],[1.9939649214115938,41.541643075929855],[1.9939413809299331,41.541646580940615],[1.9939179090186772,41.54165030271977],[1.9938960366726939,41.54165524545736],[1.9938785710503502,41.54165948149229],[1.9938742790301351,41.541660522461505],[1.9938526602047943,41.54166612493608],[1.9938443762755258,41.54166842134823],[1.9938311919043195,41.54167207099804],[1.9938098865345457,41.54167833373436],[1.9937887680696056,41.541684913354906],[1.9937678363696458,41.54169181886582],[1.9937676796979276,41.541691871538106],[1.993755700321707,41.54169604057785],[1.9937471037009167,41.541699032360086],[1.9937021043977494,41.541716538372846],[1.9936599706146938,41.5417329295918],[1.9935295088854488,41.54178388548376],[1.9933815926115659,41.54184093042789],[1.9933715362701288,41.54184541805802],[1.9933473696039146,41.5418560511817],[1.9933231933172613,41.54186653109337],[1.993299007410329,41.54187685779296],[1.9932748240102875,41.541887022379434],[1.9932506309902756,41.54189703375388],[1.9932264523250691,41.54190689212616],[1.9932022760275656,41.54191659739137],[1.9931781022376096,41.54192614054343],[1.993153930675999,41.54193553959444],[1.993129773469888,41.54194478564335],[1.993004594254433,41.54199521072996],[1.9929407163127233,41.54202160489378],[1.9929062299802947,41.54203585451357],[1.9928248432054736,41.54207023378328],[1.9927475699138497,41.5421052975481],[1.9926711628404923,41.54214016168305],[1.9926241230758626,41.54216189960527],[1.99259665158226,41.54217459466135],[1.9925847018602865,41.54218011683252],[1.9925145266243,41.54221203605765],[1.992477542965309,41.542247416615524],[1.992476230226917,41.542250116285466],[1.992474754523041,41.54225327389554],[1.9924730800313812,41.54225688012463],[1.9924722107200679,41.54225881806645],[1.9924712795147532,41.54226088156697],[1.992470286135811,41.54226308863822],[1.9924683975132933,41.54226735952504],[1.9924665328651963,41.54227163062192],[1.9924628750727926,41.542280200463715],[1.9924604723195611,41.542285926014635],[1.9924572965718004,41.54229356332949],[1.9924530861683094,41.542303749627884],[1.9924506820152088,41.54230956523846],[1.9924479053789153,41.542316206249104],[1.9924446943651526,41.542323798218455],[1.9924429652096523,41.542327836314506],[1.9924410881512689,41.54233213432381],[1.9924390627705415,41.54233671926436],[1.99243685296558,41.542341599827],[1.9924344584566231,41.5423467940237],[1.9924297971405727,41.542356679131835],[1.9924250523310583,41.54236653648644],[1.992421845263524,41.54237310166692],[1.9924174895363618,41.54238183652848],[1.9924149663791806,41.542386822431446],[1.9924120368731384,41.542392498329335],[1.9924086392635991,41.54239898077478],[1.9924046762532597,41.542406358987314],[1.9924025293531271,41.54241027632823],[1.9924002105749805,41.542414453372224],[1.9923976958042418,41.54241889891528],[1.9923949849010398,41.54242362196329],[1.9923920414837508,41.54242864921907],[1.9923888414377462,41.542433989478575],[1.9923853605085142,41.542439660543636],[1.9923815743017599,41.54244568922208],[1.9923795841107708,41.54244877927182],[1.992377508469943,41.54245196765209],[1.9923753353919786,41.542455254257895],[1.9923730650166487,41.54245863008318],[1.9923706852167473,41.54246210402891],[1.9923682079795821,41.5424656762001],[1.9923655972032437,41.54246935528763],[1.9923628650148675,41.5424731323905],[1.9923604889890754,41.542476363174245],[1.9923580891281494,41.542479584741834],[1.992353242015391,41.542485991432656],[1.9923499628433077,41.542490250131564],[1.9923455591595534,41.542495895094525],[1.9923396279693675,41.542503400172286],[1.9923156654048664,41.54253329229507],[1.992308902425998,41.54254186194053],[1.9923053185296307,41.54254644222742],[1.9923015496482408,41.542551354160054],[1.9922975596797297,41.542556606429265],[1.992293371899597,41.54256224427503],[1.9922795566156462,41.542581029347794],[1.9922624366655792,41.54260339735044],[1.9922595758204003,41.54260696615722],[1.9922524279711011,41.5426156134911],[1.9922451136947619,41.54262416929377],[1.9922376566864513,41.542632651787244],[1.9922300332509995,41.542641042749466],[1.992222267223334,41.54264935139646],[1.9922161945724004,41.542655927484454],[1.9922099910376994,41.54266243937449],[1.9922036566192107,41.54266888706649],[1.9922017427546972,41.542670776714246],[1.9921971913169592,41.5426752705605],[1.992190595410548,41.54268157184442],[1.992183880607749,41.54268780903541],[1.9921770350609462,41.54269397302227],[1.9921700708973835,41.54270005490414],[1.9921629879772442,41.54270606368694],[1.9921557865801731,41.542711981358686],[1.9921484664265026,41.54271782593129],[1.9921410517707718,41.542723579602985],[1.992133506510815,41.542729251064465],[1.9921258667488302,41.542734831624934],[1.9921181204973346,41.54274032117929],[1.9921102797437582,41.5427457198326],[1.9920536479212643,41.542785575747615],[1.9920018214076647,41.542818628275036],[1.9919526822654539,41.54285156022291],[1.9918909142048533,41.542888632834554],[1.991845033301542,41.54292173741712],[1.9917833285545028,41.54296090019944],[1.9917317435714699,41.542996909088025],[1.9917029822808383,41.5430207962239],[1.9916864431409065,41.543035855372196],[1.9916629820508918,41.543058131647925],[1.991639168319385,41.5430845841744],[1.9916234730312588,41.54310578723429],[1.9916178110235963,41.54311343614291],[1.9915881309367522,41.543153239949035],[1.9915606587519648,41.543192918995395],[1.9915281799594906,41.54322765419942],[1.991499109135608,41.543259104629136],[1.9914848291856828,41.543273048653106],[1.991474880567068,41.54328275501036],[1.9914863469102246,41.543329299910305],[1.99148307856187,41.54352671665017],[1.9916557256658842,41.54375138024767],[1.9918955689243527,41.543902249050404],[1.9920488981906637,41.543953180488714],[1.992334695246604,41.54398047819344],[1.992873398823221,41.54402651862038],[1.9932024556739567,41.54410378226358],[1.9933111176256002,41.54419564643711],[1.9932638863191152,41.544401852700474],[1.9929311117643134,41.54456423638928],[1.992387915458566,41.5448074262915],[1.992065758994115,41.54499469533942],[1.9918111039449395,41.54524432021346],[1.991645991913364,41.545460623433115],[1.9915825623781382,41.54559406759539],[1.9916029203273609,41.54571987094584],[1.9917016161287353,41.54582961052453],[1.9918287850527783,41.54590191296181],[1.9920403862479565,41.5459247049292],[1.992189075145263,41.545923860362535],[1.9923304584288182,41.545923057114024],[1.9928104101553996,41.545906322457775],[1.9930503525727643,41.54590004819937],[1.9934517069582405,41.54591612195913],[1.9937300412632442,41.54595205764493],[1.9941134949515553,41.54604334812696],[1.9943829246112779,41.54611413487054],[1.9945909431581188,41.546197940292636],[1.9947349472234739,41.546301682667085],[1.9948059459173402,41.546418451300866],[1.9948035124132706,41.5465755703393],[1.9947362199432066,41.54680727814226],[1.994614647090437,41.547018015918724],[1.9943395441541294,41.54715225665611],[1.993964344454985,41.54728562155407],[1.993707438821011,41.54742001934157],[1.9936687107880935,41.54756999139966],[1.9937127263511434,41.54766602807703],[1.9938566263723554,41.547776601353846],[1.9941192470231084,41.547860885082365],[1.9944548784553555,41.54793214034617],[1.9951001119651683,41.54799243505717],[1.9954181783876659,41.54802254265055],[1.995544940361212,41.548064643100886],[1.9956253579608596,41.54816099567354],[1.99566863826115,41.54830485026852],[1.995575104801943,41.54846800821481],[1.9953531813892387,41.54862039849989],[1.9952962302694912,41.548770277520894],[1.9953212161301828,41.54892087228725],[1.9954090897785688,41.54895853321746],[1.9956537141912292,41.54901344386408],[1.9975886885393308,41.54876888386775],[1.9979210618714374,41.54877177910826],[1.9989274154163266,41.54920833891975],[2.002138925478937,41.549331302805605],[2.0024715523903254,41.54931439815783],[2.0027607459955585,41.54929970007225],[2.0035230240513986,41.54921093312626],[2.0045260132702243,41.549237132781066],[2.0054110045474913,41.549349890290316],[2.0064254260296894,41.54962358687537],[2.007258821639556,41.549749947915124],[2.0080922206087135,41.54987630294701],[2.008540207311404,41.54988271254623],[2.008988194136606,41.549889120400806],[2.009377140958699,41.54986799433179],[2.009766089534102,41.54984686492653],[2.010021691760243,41.5495025500131],[2.0102772925640133,41.549158232565574],[2.0106236490986356,41.54869165222162],[2.0109699960031873,41.548225076634154],[2.0115185659996135,41.5476783547836],[2.0120671267128896,41.547131630162674],[2.0132357630290496,41.54579256573558],[2.0144043462297088,41.544453494598855],[2.0146219913448107,41.54415987349942],[2.014839634399494,41.543866252090645],[2.0149543074328404,41.54364812259252],[2.015068974905022,41.54342999948281],[2.0153293314961576,41.542934741943306],[2.015600076030621,41.54238302332425],[2.0160071526279078,41.541739716962276],[2.0163611751749952,41.54129574542322],[2.0171909685843192,41.540557838409626],[2.0179173069169756,41.54009841656342],[2.0186461670046834,41.539471387604294],[2.019276647161682,41.53878763856092],[2.0196574001912304,41.53821351034286],[2.020064837487311,41.53747059753005],[2.0203128524540164,41.53666589348816],[2.0204881785598428,41.53546699917803],[2.0206343283080344,41.5344646406089],[2.020799560747724,41.53393472890708],[2.0212062516714737,41.533032978242],[2.0216891716028402,41.532289302611105],[2.022635574302625,41.530879489399204],[2.0231065956631067,41.52965974716812],[2.023317893501062,41.5286929090952],[2.023508122418187,41.527822441717085],[2.023508449459418,41.52782088689259],[2.022122584588865,41.52811579201367],[2.0221079482620516,41.52812296303499],[2.0216938853236943,41.52832583039945],[2.021654970539824,41.52834165980305],[2.021613385044695,41.528350611170694],[2.0215613256285705,41.52835668185056],[2.021496303903257,41.52836078117483],[2.021425096311737,41.528364827821264],[2.021332905842236,41.528365439023354],[2.0212573751396286,41.52836898351262],[2.021189893074393,41.5283721312018],[2.0210769495550225,41.52838055725546],[2.0209977041453664,41.52839453828264],[2.020910770525452,41.528415781614434],[2.020847307185053,41.5284296154528],[2.02079732044903,41.528450548298295],[2.0207705934678124,41.52846118670635],[2.020747145863123,41.528474510352986],[2.0207314006914485,41.5284853065641],[2.020675262612917,41.52851588096772],[2.0206163953882497,41.52854620241487],[2.020564009164807,41.52857517390252],[2.0205129125403967,41.528605264242074],[2.0204637029167243,41.52863818990118],[2.0204153318584885,41.52866955542131],[2.020341782228709,41.52871727074639],[2.0202762509866865,41.5287618387528],[2.020225630947982,41.52879766163273],[2.020127658408929,41.52887040703054],[2.0200968971397413,41.528892906216036],[2.0200610275946485,41.52892189211556],[2.0200234959198653,41.5289553764695],[2.0199923657458925,41.52898642936711],[2.019962481277622,41.5290167452713],[2.01993698784089,41.529044414432306],[2.019919109725111,41.52907579642835],[2.019906970761853,41.52910150373176],[2.0199052786485696,41.52910508720484],[2.019896855495344,41.52912868645658],[2.0198920171016033,41.5291482630006],[2.019888188006486,41.52916688437155],[2.019888152071286,41.52917244153632],[2.019882382482879,41.529273561751516],[2.019876228062166,41.529372381836765],[2.0198701689524556,41.529476003594496],[2.019865879811439,41.52957512780623],[2.0198663129581442,41.5296607813982],[2.0198657653948016,41.52973755449289],[2.0198637503904426,41.5298313387727],[2.019853522232696,41.5299133616409],[2.0198410462244323,41.53001327175028],[2.019826361292378,41.53009037469803],[2.019815177084656,41.530134301082214],[2.0198022883523565,41.53018492197048],[2.019775213710637,41.530269205987366],[2.019745959243006,41.53035603356118],[2.0197129533484817,41.53041712421732],[2.0196756731600183,41.53046555840094],[2.0196154888157194,41.530527932431085],[2.0195379157870246,41.5305799544096],[2.019338290873417,41.53070591182249],[2.019305820568999,41.53072588143935],[2.0190301710766727,41.53089540822598],[2.0189966702360547,41.53091904566972],[2.0189443334546704,41.53095250243038],[2.018866960214862,41.531011064913116],[2.0188353665854084,41.53103458447353],[2.0187886074384593,41.53106939380345],[2.0187465910057028,41.53109416049938],[2.0186895116213446,41.531123330234465],[2.018608574405679,41.53115515565078],[2.0185172977569863,41.53117790353158],[2.018431146304238,41.53120257760246],[2.0183686441119346,41.531221760917795],[2.018304211131618,41.53123624394936],[2.0182887742406175,41.53124035485646],[2.0182349955515217,41.531254676320586],[2.0181567177535316,41.53127945343714],[2.0180989685633652,41.53130485279606],[2.018096219058405,41.53130606208736],[2.0180678427512406,41.53131854258966],[2.0179888873075513,41.53137543363146],[2.017922498635675,41.531431979680455],[2.017914120338411,41.53143911582192],[2.017904394430398,41.53144581876929],[2.0178581449861053,41.531477693149895],[2.017801630513959,41.53151228464425],[2.017744027895044,41.53154786483144],[2.0177411594412273,41.53154963662624],[2.0176763336130086,41.53158849941211],[2.017601792966274,41.531631283600156],[2.017445646046259,41.531697958842514],[2.0172981034571595,41.53173745809224],[2.017126667466314,41.53176209104435],[2.0168246506572673,41.53179417639834],[2.016598231786852,41.53180281431187],[2.016592234401133,41.53180350493363],[2.016095633611102,41.531860689262864],[2.015983019874296,41.53187983594233],[2.0158006433539097,41.53190764431271],[2.0156674278742956,41.531937802494156],[2.0154887093964766,41.531988273323066],[2.015265947371287,41.53204840746227],[2.014985183146734,41.532161011593956],[2.014900653199083,41.5321937165704],[2.0147618739030326,41.53222486497671],[2.014676514240236,41.53222956494855],[2.0144911641758685,41.53225636649615],[2.0144137352699216,41.53228387842773],[2.0142750128052977,41.5323333190435],[2.014212536576279,41.53235205591179],[2.014179327294327,41.532362015488495],[2.0140532248802536,41.53239027992007],[2.0139086806217756,41.53241417067945],[2.013797266903238,41.53242622842526],[2.01373717419413,41.53243273190983],[2.0135993889041996,41.532447258678296],[2.0134505332429793,41.53246140207291],[2.013303893349094,41.53248118480475],[2.0132064490016264,41.532495991458056],[2.0131216511350587,41.53250887640763],[2.0130009393855497,41.53252628718731],[2.0128043859018714,41.532554657091396],[2.012695724922609,41.532569109508444],[2.0126926971563286,41.53259213038328],[2.012196743188461,41.53266673976897],[2.0120390584717356,41.53269728955892],[2.011904541593815,41.532717552130805],[2.0116433963487257,41.532746989198806],[2.0114703116468857,41.53276513489422],[2.0112824846214123,41.53277646032729],[2.011012561522525,41.53279734237739],[2.0107712206135937,41.53281311508719],[2.0107016548006027,41.5328187636368],[2.0106169615363956,41.532823389555006],[2.0105694738407864,41.53282208852477],[2.010507162393222,41.53281932126832],[2.0104531976776645,41.53281439472506],[2.0103789205149565,41.53280658397162],[2.0102182346241553,41.532785168875606],[2.01002246556733,41.532756461904285],[2.009892333206525,41.53273754318699],[2.0097193760177126,41.53270333954239],[2.0094934814629943,41.53266298708139],[2.0093996547727326,41.53264589374859],[2.0093719419205587,41.53264107933163],[2.009344190229953,41.532636453725374],[2.0093163997007184,41.532632016929824],[2.0092885941663776,41.532627778157504],[2.0092607737641375,41.53262372840236],[2.0092329383563197,41.53261987667042],[2.009205111776455,41.53261623217429],[2.0091772941617387,41.53261278590787],[2.009159397528921,41.53261119954767],[2.009141474589247,41.532609766081],[2.0091235250676323,41.53260850351999],[2.009105549101415,41.532607402858595],[2.00908757066167,41.53260646430337],[2.009069577762658,41.53260568775099],[2.0090491981052003,41.532605782343914],[2.0090294578089005,41.532605612226085],[2.0088921779594866,41.532604212908915],[2.0087793728651007,41.53260301539698],[2.0086785714853583,41.53260387582879],[2.0085482729431647,41.53260844503394],[2.008379592932583,41.53261448456129],[2.008368456533672,41.5326152892494],[2.0082082136838704,41.53262850799415],[2.0080253387889577,41.53264252207567],[2.0080131283690803,41.53264379484771],[2.008000872207996,41.532644923108045],[2.007988558044949,41.53264592476536],[2.0079761981408453,41.53264678191098],[2.0079638161918116,41.532647512763745],[2.0079513885018305,41.532648099104755],[2.0079389390422944,41.53264854114084],[2.00792647952363,41.532648856987436],[2.0079139982355194,41.53264902852908],[2.0079015071636594,41.53264905586918],[2.007889018018528,41.532648957123214],[2.007876543198665,41.53264870537646],[2.0078640703056756,41.53264832754365],[2.007851611600502,41.5326478057161],[2.0078391789311896,41.532647149003296],[2.007826772297827,41.53264635740524],[2.0076559503492044,41.532623121882914],[2.0074907811803886,41.532599448506936],[2.0074683226121475,41.53259595801009],[2.0074457903429144,41.5325925839668],[2.007423232177286,41.53258933579689],[2.0074006121583983,41.532586213189944],[2.0073780021997005,41.5325832167667],[2.00735533038739,41.53258034590639],[2.0073326206926794,41.532577600815934],[2.0073098970865115,41.5325749817022],[2.0072871236120173,41.5325724882548],[2.0072643362258833,41.5325701207841],[2.0072415229423415,41.532567879186594],[2.007218671775688,41.53256576335884],[2.0071958066969664,41.53256377350774],[2.0071729275683494,41.53256191863934],[2.0071395086944506,41.532559477365325],[2.0071200709524213,41.53255833675043],[2.00710058265187,41.53255736683316],[2.007081079887196,41.532556558918],[2.0070615626582478,41.53255591300489],[2.0070420428127083,41.53255543820336],[2.0070225203504295,41.532555134513444],[2.007002503862038,41.532554997691555],[2.0069960316427866,41.53255494180047],[2.006959091639152,41.53255543344796],[2.006776309578395,41.53256494272591],[2.0067533998738956,41.53256665437579],[2.006730520751541,41.532568717567486],[2.0067076961822123,41.532571132508096],[2.0066849261655095,41.53257389919767],[2.006662246657836,41.532577017946814],[2.006639657658844,41.53258048875557],[2.006617159443778,41.532584293611926],[2.0065947996790805,41.53258845094222],[2.006582541846736,41.53259125438295],[2.0065703185921033,41.532594148193425],[2.006558118205156,41.532597114258074],[2.0065459525336284,41.5326001616865],[2.0065338097297185,41.53260328136906],[2.0065217016411623,41.53260648241542],[2.0065096282679216,41.53260976482557],[2.006497601733369,41.53261311969701],[2.006485609914052,41.53261655593224],[2.0064736528099436,41.53262007353131],[2.0064617306966324,41.53262365448213],[2.0064498672696285,41.5326273170039],[2.006438038695533,41.532631051883456],[2.006426256822117,41.53263486823046],[2.0064145219249396,41.5326387480328],[2.0064028457139917,41.532642709406154],[2.006288078080679,41.53268436693818],[2.006240934232104,41.532701478599265],[2.0061974522601167,41.532715868938325],[2.0061517789778387,41.532730984465786],[2.006095584241334,41.532749582028174],[2.0060899071733935,41.5327508300009],[2.006025595691224,41.532766496142195],[2.0060170408190796,41.53276858393017],[2.005976736888068,41.532778062499496],[2.0059802823744457,41.53279193302774],[2.006001579621024,41.53286943491072],[2.0059294671806778,41.53288178195181],[2.005917565536559,41.532884020944614],[2.0059211734164255,41.53289891407419],[2.005923084113416,41.53290721724923],[2.005895906673542,41.5329285095937],[2.0057890152735425,41.53301234354251],[2.0057852267498344,41.533009248326366],[2.005727577751818,41.53304775120337],[2.005713010119117,41.53305969493769],[2.005689475147294,41.53307795626778],[2.005667133213558,41.53309658819877],[2.0056449083651757,41.533115401282515],[2.005628994688533,41.53312913481343],[2.0056229204589924,41.53313439655554],[2.0056011708744363,41.53315348395759],[2.0055944863201103,41.533159460999116],[2.005579658232168,41.53317275354918],[2.0055583825322274,41.53319220533047],[2.0055370709524114,41.533213998678654],[2.0055232030765096,41.53322720945309],[2.005485118039675,41.53326407995453],[2.0054401691247707,41.53331080353917],[2.0054345660139754,41.53331660978],[2.005394611269228,41.53335814784155],[2.0053703719519924,41.53338324851139],[2.0053395526914697,41.53341531790306],[2.0053361944863464,41.5334187557775],[2.0053337070880857,41.53342130218594],[2.005315403775798,41.53343386911458],[2.005193787339567,41.533517369925235],[2.0051676193269756,41.533535338150074],[2.0051552655016947,41.53354360799867],[2.0048750449354875,41.533728443705805],[2.004615189485652,41.53385932603529],[2.004577624974517,41.53387782597812],[2.00446055062974,41.533961030085656],[2.0043051793969533,41.53407137452789],[2.0042734651461056,41.53410131996403],[2.004257254774249,41.53411662621249],[2.00425131087323,41.53412224337567],[2.004185853366179,41.53418410258006],[2.0041346230792407,41.534154181369885],[2.004125831654872,41.53415080189123],[2.0041208595715507,41.534157774519365],[2.004027355108484,41.53428919086097],[2.003942288922063,41.534408142148415],[2.0039357631789496,41.53441781343278],[2.0038907015754366,41.534484574982606],[2.0038824290309587,41.53449683125119],[2.003876050628456,41.534504711368974],[2.00386950552672,41.53451251798447],[2.003862805573465,41.53452026020744],[2.003855938920905,41.53452792892808],[2.003848917554948,41.5345355242501],[2.0038417535997213,41.534543037271376],[2.0038344230832874,41.53455046778411],[2.003826949977486,41.53455781599601],[2.0038193342823574,41.534565081907004],[2.0038115641501038,41.53457225640724],[2.003803663552617,41.53457933970432],[2.003795620503945,41.53458633169438],[2.0037874351422347,41.53459322337138],[2.0037791193152934,41.534600023845144],[2.0037706731612634,41.53460672410966],[2.0037621088043576,41.534613315262625],[2.0036109495222116,41.53470913955123],[2.0033708106850328,41.53485853310373],[2.003190378390967,41.53496750587559],[2.0031700146636644,41.534979786347535],[2.0031495210184542,41.534991939588316],[2.0031289094414086,41.53500396570178],[2.0031081679465643,41.5350158645839],[2.003087320644308,41.53502762743648],[2.003066343424372,41.53503926305762],[2.003045260535504,41.53505075364302],[2.00302407170115,41.5350621172047],[2.0030118886689934,41.53506859586117],[2.002999622976953,41.53507499273452],[2.0029872749016207,41.53508128981274],[2.002974832180432,41.535087505003844],[2.0029623189237165,41.53509362950971],[2.0029497112978256,41.535099654116365],[2.002937033136504,41.53510558803771],[2.0029242724537735,41.53511143116979],[2.002911441374037,41.53511717461045],[2.0028985277729454,41.535122827261794],[2.0028855437749127,41.535128380221686],[2.002872489379987,41.535133833490114],[2.002859376435934,41.53513919617698],[2.0028461932333927,41.535144450166335],[2.002832939495779,41.53514961347018],[2.002819627485814,41.535154668180354],[2.0027976000786474,41.5351620882676],[2.0027754204446393,41.5351692728424],[2.0027531125561415,41.53517622211262],[2.0027306885377567,41.535182927176045],[2.002708136403654,41.53518938792871],[2.0026854801261407,41.53519560457841],[2.002662719843843,41.535201568119085],[2.0026398674046906,41.535207287660654],[2.002613074849824,41.53521509872863],[2.0025864221087057,41.53522317221282],[2.0025599093194386,41.535231499107255],[2.0025335363434023,41.53524008841804],[2.002507315443116,41.53524892223725],[2.0024812583277005,41.53525801868096],[2.0024553652736596,41.53526735973725],[2.002429636280777,41.53527694540621],[2.00242139936121,41.53528093620882],[2.0024132671322685,41.53528513508539],[2.002405275552211,41.535289542347904],[2.002397436883751,41.53529414008833],[2.002389763112994,41.535298928410704],[2.002382266364362,41.53530389841297],[2.002374971025243,41.53530902328506],[2.002367876957146,41.535314312033094],[2.0023269291792762,41.53534537398854],[2.002267251154094,41.53539082909762],[2.002102166709609,41.53554302390528],[2.001954078740195,41.535699986702035],[2.001819319315453,41.53585078696468],[2.0016863767325264,41.53600189106897],[2.0016386507167154,41.53606207735066],[2.001629468528774,41.53607451767735],[2.0016204411886607,41.536087022398334],[2.0016115447239526,41.536099591305536],[2.0016028150933822,41.53611222471117],[2.0015942283245813,41.53612492240713],[2.0015857964037767,41.53613768449755],[2.001577507621917,41.53615049286629],[2.001569385674461,41.5361633657336],[2.0015498165648156,41.53619642348558],[2.0015293459077883,41.53623041916471],[2.0015086010689163,41.53626431337961],[2.0014876058818607,41.5362981153443],[2.00148065446142,41.536310484957276],[2.0014737270108007,41.536322854777914],[2.0014668355163243,41.536335224910374],[2.001459979839475,41.53634760436064],[2.001453148271018,41.536359975012616],[2.0014463526587902,41.53637234597636],[2.0014395930027393,41.53638471725193],[2.0014328574551743,41.536397079729205],[2.0014284963459117,41.53640393238725],[2.001423968120427,41.53641073855767],[2.0014192727786804,41.53641749824052],[2.00141441059773,41.53642419342367],[2.001409393425301,41.536430833217246],[2.001404209413535,41.53643740851112],[2.0013988585624674,41.536443919305235],[2.00139336498317,41.536450356801694],[2.001387716689338,41.53645672089649],[2.001381913680907,41.536463011589525],[2.0013759560964433,41.53646921987476],[2.001369867769939,41.5364753549664],[2.0013636250058857,41.53648139864418],[2.00135725177685,41.53648735111625],[2.0013507479443273,41.53649322138865],[2.001344113785326,41.536498991449264],[2.001323477849116,41.53651566475264],[2.001302735133995,41.53653226506696],[2.0012818859170127,41.536548774380215],[2.0012609179348124,41.53656521060021],[2.0012398433122307,41.53658156482503],[2.001218674174146,41.536597828152615],[2.0011973862708343,41.53661401838681],[2.001175991865679,41.53663011761962],[2.001165308654485,41.53663881587651],[2.0011587017625216,41.53664436998955],[2.0011547910317904,41.536647659686416],[2.001144463385981,41.53665662223959],[2.001134313453564,41.53666572144398],[2.0011243533594585,41.53667494839774],[2.0011145832422894,41.5366842940949],[2.0011050031020723,41.536693758535506],[2.001095636911508,41.53670334192788],[2.001086460836555,41.53671303505774],[2.001077498988469,41.53672282912737],[2.001068751228793,41.53673273314289],[2.001060205709766,41.53674273799415],[2.0010518864041478,41.536752843889495],[2.001043781464247,41.53676304171881],[2.0010359030150764,41.53677332258022],[2.0010282390703353,41.536783686369674],[2.001025643979992,41.536787951265254],[2.001023168059828,41.53679226223224],[2.0010208113098944,41.53679661927061],[2.0010185738688073,41.536801013374365],[2.0010164557365493,41.536805444543525],[2.0010144569131803,41.53680991277807],[2.0010125773987166,41.53681441807801],[2.001010829456695,41.53681894253546],[2.0010092008236375,41.53682350405832],[2.0010077039016894,41.53682807573266],[2.0010063384136503,41.536832675570494],[2.0010050925118423,41.53683729446178],[2.001003990307595,41.53684192360867],[2.0010030078281784,41.536846562802914],[2.001002145073655,41.53685121204454],[2.001001426016768,41.53685587154181],[2.00097245466078,41.53704959950719],[2.0009596032359998,41.53714309096564],[2.0009584920742447,41.53715063837587],[2.0009571771431283,41.53715818401568],[2.0009556585811206,41.53716571887906],[2.0009539483746277,41.53717324307006],[2.0009520346757355,41.5371807474786],[2.0009499176229606,41.53718822309863],[2.000947609064083,41.53719567904027],[2.0009450972898573,41.53720309718731],[2.0009423942865614,41.537210477643924],[2.0009394882064035,41.5372178112999],[2.0009364028835224,41.53722510736953],[2.000933126608637,41.53723234773663],[2.0009296595203603,41.53723952339516],[2.000926013327826,41.53724665246128],[2.000922188446786,41.53725370791689],[2.0009181847386195,41.53726069876802],[2.0008908903833196,41.53730182280484],[2.000852950846982,41.537355392398375],[2.00079893292949,41.53742546762092],[2.000739758306224,41.53750188412869],[2.0007218271875153,41.53752504801454],[2.0007038718056083,41.537548229701095],[2.000685928397271,41.53757141148878],[2.000568487739145,41.537722027463175],[2.0004598896621615,41.537863568835554],[2.0003714112014905,41.537980722303466],[2.0003604822379115,41.53799523701467],[2.0003492197257375,41.538009613716625],[2.0003375998303565,41.53802384319485],[2.0003256586500564,41.53803791675584],[2.0003133843368026,41.53805182528924],[2.000300776890516,41.53806556879495],[2.000287860284244,41.53807914748127],[2.000274634934022,41.53809253433007],[2.0002685373334677,41.53809925475018],[2.000262332545861,41.53810592920183],[2.000256032557728,41.538112557789376],[2.00024963750783,41.53811913150666],[2.000243135409513,41.53812565024948],[2.000236526262765,41.53813211401784],[2.0002298339020785,41.53813853202613],[2.0002230346316807,41.538144886053935],[2.0002161404381047,41.538151176205425],[2.0002091631692696,41.53815741159078],[2.000202090838552,41.53816359210581],[2.000194923723394,41.53816969973841],[2.0001876615463634,41.53817575250064],[2.0001803164327527,41.538181741490746],[2.0001728883825685,41.53818766670858],[2.000165377534533,41.53819351914817],[2.0000882862777876,41.53825545802804],[2.0000475588200373,41.53828836754621],[2.0000194693420186,41.53831255987463],[1.9999956458693469,41.538331420989536],[1.9999757641277707,41.53834965885259],[1.9999540136709226,41.53837324876642],[1.9999476073492173,41.53838288482522],[1.9999415107357874,41.53839264967832],[1.9999357597906573,41.53840254363863],[1.9999303306794503,41.53841255749163],[1.9999252476530573,41.53842267343382],[1.9999205108503781,41.53843288245923],[1.9999161325356827,41.53844316666015],[1.999912112847912,41.538453517030575],[1.9999070543656514,41.53846593002786],[1.999902139027558,41.53847838930603],[1.9998973671111444,41.53849087685304],[1.9998927386165648,41.53850339266893],[1.9998882414184633,41.53851594565547],[1.9998838997676918,41.538528518009144],[1.9998796894135653,41.53854112753351],[1.999875634468195,41.53855376543104],[1.9998717230837997,41.53856642259152],[1.9998679432737299,41.53857909891069],[1.9998643188727245,41.538591803603126],[1.9998608380328455,41.5386045275585],[1.9998575127409883,41.53861727088115],[1.9998543191625398,41.538630024356515],[1.999851280993445,41.538642806205196],[1.9998483866634245,41.53865558930487],[1.9998462626329603,41.53866350619559],[1.9998442462046655,41.53867144203665],[1.9998423733387014,41.538679397140825],[1.9998406080749866,41.53868737119533],[1.9998389863736812,41.53869536451296],[1.9998374724134589,41.53870336777491],[1.9998361021545208,41.53871138129397],[1.9998348514847295,41.53871941386767],[1.9998337206816452,41.53872744748394],[1.9998327335799568,41.53873549135736],[1.9998318543583937,41.5387435361691],[1.9998311189770923,41.538751582231946],[1.9998305034626875,41.53875962933741],[1.9998300198019474,41.53876767758972],[1.9998296679949368,41.538775726988895],[1.9998294363324918,41.53878375941866],[1.9998290828116678,41.53879736626078],[1.9998290408066184,41.538810984819705],[1.9998293107338072,41.538824588077375],[1.9998299044413907,41.53883818514407],[1.9998308102204037,41.53885175790349],[1.9998320401965304,41.53886529745388],[1.9998335943699959,41.538878803795214],[1.999835449045006,41.53889225870696],[1.999838838248024,41.538904934330226],[1.9998425876096027,41.53891757705715],[1.999846697407474,41.53893016887565],[1.9998511557938161,41.53894270067539],[1.9998559627688808,41.538955172456376],[1.9998611186103907,41.53896756620651],[1.999866623457244,41.53897987291969],[1.9998724653228779,41.53899209249168],[1.999880172406675,41.539004634532084],[1.9998881445897092,41.53901708880544],[1.9998963701628718,41.539029437195374],[1.9999048609742651,41.5390416888122],[1.9999135931892367,41.53905383444123],[1.999922579072193,41.53906585617467],[1.9999318064976759,41.53907776291422],[1.9999412637564884,41.53908953654354],[2.0000200223184983,41.539175465866414],[2.000070276145705,41.539233508095954],[2.000048383977646,41.539244120147885],[2.000038195155718,41.539249059094544],[2.000072750822435,41.53928729873753],[2.000089520536058,41.53930533291383],[2.000109686192148,41.53932782817218],[2.000122113202445,41.53934760801111],[2.00013163310993,41.53936699327373],[2.0001354849449644,41.539384662912504],[2.000138058964034,41.539402789815576],[2.0001389919011845,41.53942472151166],[2.0001361130241424,41.53944662006217],[2.000133572236066,41.53945435318879],[2.000129497139224,41.53947374633618],[2.000119648445137,41.539499592049914],[2.000118365426324,41.53950295904666],[2.0001030039245307,41.539528919395686],[2.0001009687713576,41.53953129804757],[2.00008016224985,41.53955561633833],[2.000058424430981,41.53957991794681],[2.0000258789868797,41.53960927769568],[2.0000231023599286,41.53961130719591],[1.9998749422768796,41.53971987973894]]]}},{"type":"Feature","id":"082798--barri--els-caus-els-pinetons","properties":{"name":"Els Caus Els Pinetons","officialName":"Els Caus Els Pinetons","municipality":"Terrassa","kind":"barri","quality":"official","code":"48"},"geometry":{"type":"Polygon","coordinates":[[[1.9453866156054027,41.60193052127241],[1.9453866121785928,41.601930523413984],[1.9458704903815853,41.60225876017434],[1.9459453762599894,41.60233952005456],[1.9459840252994296,41.602461891051306],[1.9460075917328996,41.60257459152191],[1.9460446316269846,41.6026397525916],[1.9461726336509861,41.602734344229184],[1.9462833542949656,41.60279827474147],[1.946341456954513,41.6028178717603],[1.946376577505156,41.60284488533111],[1.9464985712313387,41.60299661758306],[1.9465373457222908,41.60311136321369],[1.946569803630103,41.603145977742855],[1.9468177914526144,41.60320353832436],[1.94700746188135,41.603254845585624],[1.9470829081733514,41.60330129276391],[1.9471342545283628,41.603383315220476],[1.9473189603676102,41.60374009403414],[1.9473150109277224,41.60378771988473],[1.9472809787160716,41.60392801370471],[1.947302310411776,41.60398302090847],[1.9473745918747063,41.60402896243434],[1.9476492748307257,41.60412441987924],[1.9478226795889597,41.604199884374346],[1.947862324115164,41.60430033872116],[1.9480023179373724,41.60447797191179],[1.9481190834655717,41.60452193676921],[1.9484671746109936,41.60459423294136],[1.948819427673416,41.60469674589986],[1.9488194302540196,41.60469674303354],[1.948819430254017,41.60469674303354],[1.948834483341285,41.60468153889382],[1.9488709981985872,41.60464465536983],[1.948873012463561,41.60464262076658],[1.9492782581541255,41.60423327988028],[1.9493626156597361,41.60429685955999],[1.9494656118019795,41.60438362172944],[1.9497913401593898,41.60458993412853],[1.9499665094593392,41.60466171234179],[1.9503212405393946,41.60471452964613],[1.950509656832844,41.604741200947664],[1.95068359911887,41.60473906919853],[1.9508680921772754,41.604686634173035],[1.9510604883282132,41.604597887046616],[1.9512272152718901,41.604508029022846],[1.9512893717701305,41.60448092301234],[1.95141056020138,41.6044280734288],[1.9516006452325267,41.60437066432513],[1.9517669889746325,41.60432401211142],[1.9519385737058272,41.60432896739855],[1.9520539967779866,41.60435384776917],[1.9522221295771836,41.60436952170044],[1.9523752908939185,41.60437243025941],[1.9525215252794168,41.60434658945963],[1.952639896296754,41.604324119559834],[1.9527654030386215,41.60429590664105],[1.9527822308413332,41.604298511462446],[1.9528758547228442,41.60431300370968],[1.9530088151063714,41.60434795009018],[1.9531754622699826,41.60444065492356],[1.9533529611388087,41.60457169626507],[1.9535358965268035,41.604631051100355],[1.9537248041069932,41.604668535772134],[1.954157100339294,41.604701489892015],[1.9543921637128392,41.604698895177215],[1.954572606341453,41.604700581505604],[1.954697372079303,41.60472006405321],[1.9548020329144158,41.60475013986953],[1.9548995524589674,41.60484830329416],[1.955041162325543,41.604941524427765],[1.9552081281407294,41.604988060200554],[1.9553951881081106,41.605018411300165],[1.9555755636346221,41.605021831644045],[1.9557274743083366,41.60501581624686],[1.9559211545156183,41.60499089794118],[1.9560657597683897,41.604946100268],[1.9562168254750283,41.604922933535406],[1.9563385396453385,41.60490540556407],[1.956408565339282,41.60493937616232],[1.956465927178123,41.605117040440916],[1.9564861246340868,41.60521842480483],[1.9565305861010551,41.60530837296383],[1.9565899527599,41.605436979239414],[1.9566764251789597,41.60555658842937],[1.9567712207056238,41.60564981531189],[1.9568969095123703,41.60573803099255],[1.9570272934795052,41.60580629765353],[1.9573014925584358,41.60593371138819],[1.9574250702261053,41.60596725183008],[1.9574701640065295,41.60616666398371],[1.9574792686899851,41.60620692625443],[1.9574437604143802,41.606264464387976],[1.9572711147373716,41.60654422033881],[1.957075663401494,41.606860927392226],[1.9565425348719716,41.60749176749021],[1.9567875783852566,41.608421911412684],[1.9566518809800546,41.60895261544656],[1.9569041411420924,41.6094691870647],[1.956964707794715,41.60959321255001],[1.956973987528726,41.6096122151001],[1.9569918805085618,41.60957240578462],[1.9573763525575962,41.608716997716705],[1.9576401863017157,41.60845304840123],[1.9578505000909314,41.608293096151506],[1.9580978070100354,41.60813870272798],[1.9584272123475852,41.607953707430205],[1.9586818736985567,41.60780451338722],[1.958849915968702,41.60767623690726],[1.9588413647350802,41.607659346013705],[1.9588335825933596,41.60764224694224],[1.9588265785176264,41.607624959412306],[1.9588203605846402,41.60760750336067],[1.9588149359645246,41.607589898918285],[1.9588103109125132,41.607572166387115],[1.9588064907617486,41.60755432621735],[1.9587983219409828,41.60751648434144],[1.958788318648373,41.607478891397044],[1.9587786135508607,41.607447858372],[1.9587676582228075,41.60741706066851],[1.9587554627560515,41.6073865266518],[1.9587420383845766,41.607356284444094],[1.9587356032556653,41.60734248917852],[1.9588017917486331,41.6073406407739],[1.9588171760761663,41.60734021113984],[1.9590287189080244,41.607334302333975],[1.9591389575833775,41.60722299995228],[1.9592150777185442,41.6071290507332],[1.9593178333887546,41.60700587527491],[1.959364276706032,41.60694034510041],[1.9595400521516801,41.60687932535161],[1.9597285551299406,41.606828566120974],[1.959859905713339,41.6067895718051],[1.9599176927422965,41.60677241638889],[1.9602346706243805,41.60668867239302],[1.960510374512215,41.60659513144463],[1.9607398417465018,41.60651177992443],[1.9609199008738587,41.60645884583549],[1.9603816299845302,41.606302843292625],[1.9611626106874838,41.605202502866845],[1.9608606879457937,41.60500719121952],[1.960782110931171,41.60494516503941],[1.9607392547297287,41.60491133565361],[1.9607230784947012,41.60486637985632],[1.960717640940398,41.60485126819296],[1.96071799775068,41.60477392566726],[1.9607357298875954,41.60471362998943],[1.960765437083433,41.6046568129157],[1.9607942918833,41.604588490955614],[1.9608016842451501,41.604512390359396],[1.9607989979590088,41.60444587120618],[1.9607749236202567,41.60439922809844],[1.9607206638048666,41.60434324092787],[1.9606642876520601,41.60429873882284],[1.9598877040531035,41.603813123331896],[1.9616496154041543,41.60235307912671],[1.9621521163801674,41.60193665405326],[1.9621899045944613,41.60192384398202],[1.9641869317558214,41.60124683375109],[1.964192453421822,41.60124384946731],[1.9652042743813687,41.60069698339114],[1.9656730070120154,41.60044363791309],[1.9635817918366483,41.599662301517334],[1.9632156385765929,41.59977409900916],[1.9632052894702066,41.59977752302468],[1.9631664098215122,41.599790386395746],[1.9631486307598405,41.59979626861025],[1.961044896193518,41.600436859190864],[1.9608475865170214,41.60051906517839],[1.9607177716250965,41.60060686622698],[1.960559242136671,41.60077251890999],[1.9601429189397073,41.601239876341886],[1.9601172931240258,41.60124834111677],[1.9600612160139836,41.60126686460116],[1.95862324284819,41.601741845234166],[1.957715231750888,41.60189275611322],[1.958239276055763,41.6023248152418],[1.957112865812657,41.6030749098146],[1.9566734709538682,41.60295564561002],[1.956570594054679,41.60319125596522],[1.9569542889990503,41.60331958230072],[1.9566709294731197,41.60389365931326],[1.9554496888150037,41.6035256928412],[1.9551780903559088,41.60408824830306],[1.954738810514954,41.60405630811726],[1.954512883309567,41.604062610704204],[1.9542678273126912,41.60406321624788],[1.954036278300059,41.604055342970824],[1.9539095674926408,41.60403243476198],[1.9538538878171874,41.60401325976895],[1.9538196527199545,41.60393966639535],[1.9537763230306944,41.60382553999887],[1.9536786961751371,41.60367677877803],[1.9536011450611561,41.603609964509545],[1.9534438289576748,41.603505793968715],[1.9533164393645097,41.60343554949965],[1.9532305471333282,41.60335549106081],[1.9531608067366872,41.603260049590126],[1.9531266937163736,41.60316867689891],[1.9530433889474135,41.60302398999927],[1.9529600745020326,41.60294306589164],[1.952770524335904,41.602866448990156],[1.9526132643974172,41.60285618333609],[1.9524304248733333,41.602865330369504],[1.952278297477849,41.60291245430856],[1.952144173683758,41.60304752956878],[1.9521000083384528,41.60320363861554],[1.952141673221401,41.603385609474564],[1.9522131544751848,41.60355366088797],[1.9522322332937945,41.60365939419086],[1.9522164602640442,41.60372080470877],[1.952141739992058,41.603730837805145],[1.9519431802439162,41.603693934339425],[1.9518679729032835,41.60369493268648],[1.9517210583470581,41.60369688277575],[1.95157342115467,41.60371964036257],[1.9515200405081765,41.603603976948904],[1.9514526635236973,41.6034554802092],[1.9514452294153015,41.60343575030535],[1.9514318794704197,41.60340031991591],[1.9511838909166235,41.60324121958756],[1.9511575674354393,41.60325715568137],[1.9510614521228062,41.60331534325539],[1.9501049036674665,41.60389442115637],[1.9497034300867033,41.60368058382447],[1.9496139060783024,41.60362397908756],[1.9495269141454215,41.60353972537118],[1.9495038924571684,41.603471935128404],[1.9494572554330047,41.60340690728795],[1.9493663857360712,41.60332071331276],[1.949252731319872,41.60317001089601],[1.949088624013762,41.602962816666704],[1.948978723827874,41.60282928889512],[1.94888043303366,41.602686713345825],[1.9487485835649447,41.60253348079462],[1.9486292662840632,41.60242834773928],[1.9485267098163692,41.602345563831044],[1.9484086118156,41.60224150427438],[1.9483017563966345,41.60215172646083],[1.9481520757342408,41.60201372361122],[1.9478976360284241,41.601787579263686],[1.9476662894661312,41.60156522200924],[1.9474426529163584,41.60137053559173],[1.9472499792264304,41.601225634519324],[1.947070409646272,41.60110559122054],[1.9469484194864475,41.6010363587317],[1.9468271184878816,41.600960370026094],[1.9467130444165759,41.600891801695106],[1.946635400530064,41.60083389392029],[1.9465962270218644,41.60071357330863],[1.9465604915605395,41.60062965575348],[1.946481760914508,41.60054157255141],[1.9464076099187253,41.60047381807718],[1.9462886263508414,41.600392725329144],[1.9461419596449008,41.60032318055543],[1.94604539728568,41.6003030939144],[1.9459066029936871,41.6002842101467],[1.9457482403513569,41.60029760554385],[1.9455888236044159,41.60035099150737],[1.9454877312207641,41.6004195893746],[1.945347506796669,41.60053189748403],[1.945282926075542,41.60065577961582],[1.9452523519783145,41.60077633992623],[1.9452658732995887,41.60087401683358],[1.9452933897591236,41.60099919709794],[1.9454195662274758,41.60108944927162],[1.9455789443243554,41.60119168188973],[1.9457066554973705,41.601255490625135],[1.9458936167290968,41.601296633025584],[1.9460432934445175,41.6013220823622],[1.9461599454789764,41.601365220992584],[1.9462845736125962,41.60143447354886],[1.9454409345192887,41.60190051497343],[1.9454384303408807,41.601901898307275],[1.9453866156054027,41.60193052127241],[1.9453866156054027,41.60193052127241]]]}},{"type":"Feature","id":"082798--barri--sant-pere-nord","properties":{"name":"Sant Pere Nord","officialName":"Sant Pere Nord","municipality":"Terrassa","kind":"barri","quality":"official","code":"12"},"geometry":{"type":"Polygon","coordinates":[[[2.027500577268815,41.58034922701523],[2.027664151037228,41.5796966970824],[2.0280677575378787,41.57856848807337],[2.0284179507949798,41.57799055285413],[2.0286624932815074,41.57758697163225],[2.0291040269348537,41.57702647942216],[2.029317225915029,41.576755837996934],[2.0293392266319112,41.57672373256256],[2.0293791710953046,41.5766798214068],[2.029607114668695,41.57644356336567],[2.0279454964899237,41.57450912534325],[2.0276545735469322,41.57417042113612],[2.0272936403205506,41.57375020742609],[2.026094866302332,41.57235448187387],[2.0259943770396536,41.57223635566833],[2.0243313920844317,41.570281452052306],[2.0230007530659186,41.571138862457545],[2.0214887581883914,41.57205731888794],[2.0207498808617,41.572506131344724],[2.0206630980612683,41.572576645352115],[2.0198105757084526,41.57326934309742],[2.0193813169390236,41.57361811838475],[2.0191596162577934,41.57380032449707],[2.018434892602004,41.57439593590919],[2.0176370098244463,41.57499563544181],[2.0174079985726725,41.57516953980503],[2.017338556480519,41.57524080573561],[2.0173144413714654,41.57552003862856],[2.0174042322361654,41.576457174747205],[2.017469952475603,41.57688286816742],[2.019247652200944,41.57709365805452],[2.0203190585858612,41.57722416210556],[2.0202241747959886,41.57775781839034],[2.020189988777391,41.577950096273405],[2.020140663751368,41.578166639152194],[2.019982499204753,41.578861001222336],[2.0196680125734057,41.58024159277447],[2.0203770900120808,41.58026681654502],[2.02289453158954,41.58035633226304],[2.0239526569612507,41.58039394058835],[2.0274581526470996,41.5805184644522],[2.027500577268815,41.58034922701523]]]}},{"type":"Feature","id":"082798--barri--font-de-l-espardenyera","properties":{"name":"Font de l'Espardenyera","officialName":"Font de l'Espardenyera","municipality":"Terrassa","kind":"barri","quality":"official","code":"47"},"geometry":{"type":"Polygon","coordinates":[[[2.0283446354804124,41.592351097861005],[2.0284111889129695,41.59233059081458],[2.028575214534184,41.59263026231669],[2.0286235364997363,41.59273389169279],[2.0287863595262623,41.59295328097571],[2.0295378007484417,41.593467606741704],[2.02975669626658,41.593620990680336],[2.0297566936018323,41.59362099290772],[2.0297566941480576,41.59362099329046],[2.0297537438429667,41.59362345937012],[2.029755751682261,41.59362491530474],[2.0297845118638347,41.59364588507206],[2.029866756642496,41.593577785242815],[2.0299103513020156,41.59354236555145],[2.030899105736598,41.59298161765847],[2.031226268230137,41.592851346543156],[2.031294419643575,41.592901574754556],[2.0321654395763566,41.59252102328294],[2.0326456307298932,41.592406363670946],[2.0326752779081656,41.59238466459051],[2.0329511832776777,41.59217840869321],[2.0332419243615716,41.5919612916135],[2.033279349492585,41.59193843068656],[2.0338766405185336,41.591573565624145],[2.0339242461976137,41.591539271535474],[2.0339825141170875,41.59150535605777],[2.0340793434082274,41.5914141420086],[2.0341786325485227,41.591335667563875],[2.0342221744039515,41.591282786132794],[2.034292258574153,41.59116977274843],[2.034342950573898,41.591064075396254],[2.0343573369222683,41.59099486208104],[2.034403226798725,41.59090920434838],[2.034439417495158,41.59082720387608],[2.0344562154756582,41.59075252443161],[2.0345093432386663,41.59065046482241],[2.0345407542609952,41.59059760624765],[2.0345794036007723,41.59052834657032],[2.0346592968310486,41.59045718997709],[2.0347028382217474,41.59040430900328],[2.03476843713305,41.59035362722347],[2.0347931452769448,41.59033246498797],[2.0348178506273786,41.590311302776406],[2.0348193261244747,41.59030994131559],[2.0348202808321867,41.590309020240966],[2.0348212137456683,41.59030808743863],[2.0348221248731058,41.5903071423589],[2.0348230127664597,41.590306183890135],[2.0348238779753913,41.59030521561996],[2.03482472163244,41.59030423670444],[2.0348255426377952,41.59030324578874],[2.034826339644139,41.590302243676604],[2.034827113274311,41.590301232302956],[2.0348278645067697,41.59030021138446],[2.0348285901828183,41.59029918008663],[2.0348292925675113,41.5902981392476],[2.0348299723848657,41.59029708942317],[2.0348306244849264,41.59029603221937],[2.034831254025837,41.59029496548048],[2.0348318580706066,41.59029388973163],[2.034832435862487,41.59029280661572],[2.034832989593832,41.5902917166651],[2.0348335192610363,41.59029061943732],[2.034834020468415,41.590289515702125],[2.0348344975907695,41.59028840663852],[2.0348369725964077,41.59028221793006],[2.0348381560638966,41.59027896561791],[2.034839260674489,41.590275697800806],[2.034840290813214,41.590272415065265],[2.0348412443510826,41.59026912039531],[2.034842121678409,41.59026581413452],[2.034842922388533,41.59026249703862],[2.0348437951970815,41.590258026063914],[2.0348442990257483,41.590254995946424],[2.03484473203877,41.590251959140396],[2.0348450949653483,41.590248917682146],[2.0348453865126657,41.59024587225574],[2.034845607662299,41.59024282242584],[2.0348457585451962,41.590239770357165],[2.0348458370770985,41.59023671712694],[2.034845846508398,41.59023366442611],[2.0348457821243144,41.59023061055142],[2.034845649621046,41.59022755775451],[2.0348454151344493,41.59022122206975],[2.034845382659337,41.59021710688749],[2.034845446958739,41.59021299415386],[2.0348456083516906,41.590208881710176],[2.0348458629004647,41.590204773000714],[2.034846215389323,41.59020066852821],[2.034846660868977,41.59019656890063],[2.034847203657536,41.59019247503724],[2.0348507344923337,41.590173701418266],[2.0348535633386935,41.59016066464163],[2.0348566940422317,41.59014766668112],[2.034858063735194,41.59014252972451],[2.034859335155701,41.59013818963671],[2.0348607059736032,41.59013386858537],[2.0348621781118688,41.59012956695429],[2.0348637511282637,41.59012528327256],[2.0348654219236693,41.59012102295107],[2.0348671912793557,41.59011678269777],[2.0348690605697044,41.59011256857151],[2.034871026158248,41.59010837889257],[2.034873089493001,41.59010421477252],[2.034883496362788,41.59008500900669],[2.0348942385403577,41.590065906657806],[2.034904942914686,41.59004679492536],[2.0349152387911946,41.590027557158535],[2.0349170848619775,41.59002347587715],[2.034918053314903,41.59002115251901],[2.0349189680874207,41.59001881711582],[2.0349198290744206,41.59001646809223],[2.0349201687053937,41.59001554350613],[2.034920500601113,41.590014695820656],[2.0349208521076743,41.590013854020675],[2.034921223588324,41.590013016758604],[2.0349216151701253,41.59001218509764],[2.034922025848643,41.59001135786425],[2.0349224554824814,41.59001053628742],[2.0349229026072444,41.59000972035485],[2.0349233701517204,41.59000891009112],[2.0349238556545943,41.590008106890245],[2.0349243613253307,41.59000730982528],[2.0349248833614224,41.59000651955537],[2.034925426049981,41.59000573711444],[2.034929441987221,41.59000081312064],[2.0349318076841127,41.589998062588364],[2.0349342386152465,41.58999534317281],[2.0349367320633385,41.58999265624116],[2.034939287425108,41.5899900023335],[2.034941905555067,41.58998738162812],[2.0349445822841887,41.589984796821696],[2.034947321112664,41.589982246174564],[2.034950115567502,41.5899797332524],[2.034952969561271,41.58997725670996],[2.0349649309071434,41.58996681716216],[2.0349741016181873,41.58995848505105],[2.0349830763762102,41.58995003419783],[2.035002449707134,41.58992962215756],[2.0350126610691532,41.58991828337093],[2.0350235441711555,41.589906239935466],[2.0350328455281526,41.58989636135745],[2.0350423778965108,41.589886607311485],[2.0350490113010995,41.589880581570824],[2.035053066294052,41.5898770669201],[2.0350572022893587,41.58987360711044],[2.035061420599191,41.589870202944496],[2.035065714802357,41.589866852477186],[2.035070087963707,41.589863559846485],[2.035074534974226,41.58986032390994],[2.0350790572079314,41.58985714836151],[2.0350836533161374,41.589854032587944],[2.0350936776359285,41.58984714138569],[2.0350992590032226,41.58984311507017],[2.035104745966178,41.58983901664736],[2.0351101368171998,41.589834846827166],[2.0351154309893453,41.58983060636352],[2.0351206236332846,41.5898262984877],[2.035125717760829,41.589821923511764],[2.0351345569869226,41.589813424780594],[2.0351420438940027,41.58980594237741],[2.0351493558414275,41.58979836248912],[2.0351564908751762,41.589790688648726],[2.0351675620221577,41.5897788218874],[2.0351771302126322,41.589768973170216],[2.035186925912964,41.589759250613646],[2.035206187642911,41.58974040794641],[2.0352255984411345,41.58972165204136],[2.0352304464476183,41.58971710609875],[2.0352339875067678,41.58971392578012],[2.0352376018465566,41.589710791155746],[2.035241285939544,41.58970770559677],[2.035245042968519,41.589704668599374],[2.0352488717915502,41.58970168223194],[2.035252766577514,41.589698745671434],[2.0352567301854974,41.58969585916582],[2.035260759608365,41.58969302650843],[2.0352648549176293,41.58969024723923],[2.0352690153014077,41.58968752236182],[2.035280815575807,41.589680469564804],[2.035288427122832,41.58967612711358],[2.0352961374827734,41.58967188609545],[2.0353039444754235,41.58966774539265],[2.035321927673179,41.58965836290356],[2.0353398829804363,41.58964895244813],[2.0353621842264666,41.58963725455406],[2.0353846617734073,41.58962575035037],[2.035407228896435,41.58961434301151],[2.0354297963069974,41.589602932966244],[2.0354838857410886,41.58957605873443],[2.035533519643969,41.589549842562754],[2.035559682170368,41.5895352775847],[2.035566181231089,41.58953168726694],[2.0355697942434015,41.589529794217775],[2.0355734494478472,41.589527947449696],[2.0355771478805,41.58952614832273],[2.0355808880360944,41.58952439957306],[2.0355846662945547,41.58952269842155],[2.035588484803403,41.589521048184714],[2.0355923428386373,41.58951944830672],[2.0355962338023494,41.58951789928207],[2.0356001628525955,41.589516398954935],[2.0356041251405017,41.58951495318848],[2.035608121096675,41.5895135580187],[2.0356121481111744,41.589512216891514],[2.0356162057986187,41.58951092924763],[2.035620294210714,41.58950969358797],[2.035624409644748,41.5895085120306],[2.035628551393062,41.589507382920345],[2.0356327189147376,41.589506309743285],[2.0356369114969985,41.58950529136729],[2.0356411276560658,41.58950432890611],[2.035654326208439,41.589502171258474],[2.035665720848601,41.58950047846593],[2.0356771548856245,41.58949893472665],[2.0356886242065264,41.58949754120657],[2.0356936628448112,41.58949691494047],[2.035696935706857,41.58949645254322],[2.0357001967428943,41.58949594826544],[2.0357034445375852,41.589495398796686],[2.0357066789222116,41.58949480869887],[2.036199284400031,41.589040978890786],[2.035728061896063,41.58884320680809],[2.035012242104004,41.588786375475834],[2.0349073445052466,41.58879413877172],[2.034705529877652,41.58874855373412],[2.0346113149951837,41.588717936790204],[2.0344210992327283,41.588646796208415],[2.034333323137754,41.58861311635372],[2.0339446698180055,41.588463983212456],[2.033886788941101,41.58842911539646],[2.033814369997883,41.58838460657768],[2.0337535385642753,41.58833592344693],[2.033697887985946,41.58827063504122],[2.0336849297590347,41.58823707364775],[2.033647555980009,41.58818613558948],[2.033619018142547,41.58812225301084],[2.03360057788133,41.58807638273688],[2.03356208342558,41.58815360770697],[2.0335573211885003,41.58816207789755],[2.0335551840835313,41.58816543499778],[2.03355371622293,41.58816761777558],[2.033552197843901,41.5881697809883],[2.033550630884669,41.58817192386847],[2.033549011395872,41.58817404608886],[2.0335473442974834,41.58817614667753],[2.0335456286216074,41.58817822510312],[2.0335432452657733,41.58818096080672],[2.0335409737219674,41.588183469494055],[2.0335386433386486,41.588185946351075],[2.0335362548315956,41.58818839248324],[2.0335338096651685,41.5881908079029],[2.033531312273393,41.58819318989849],[2.033527889334313,41.58819635521494],[2.0335248005879705,41.588199108824114],[2.0335216458359193,41.58820182009735],[2.033518431651365,41.58820449018938],[2.033515152925448,41.5882071179578],[2.0335064680994837,41.58821365963907],[2.033483895063004,41.588229475736156],[2.0334608882613727,41.58824493540619],[2.033402275231541,41.588282660218276],[2.0333676748330993,41.588305790129574],[2.03334854226648,41.58831969415633],[2.033317209090001,41.588343258999146],[2.0333084288474126,41.58834937081922],[2.0333025740760178,41.588353269093545],[2.033296631111317,41.58835709052456],[2.0332905971110287,41.588360832870585],[2.0332785816320658,41.58836773107939],[2.0332686989444335,41.58837318021033],[2.033258690082503,41.58837849688887],[2.033248561611339,41.5883836828194],[2.033139332679776,41.58843763474376],[2.0331062579292496,41.58845370865696],[2.033072878393556,41.58846942210495],[2.032977452594416,41.588513083593504],[2.032882368445035,41.58855716287387],[2.0328571987034243,41.58856841976296],[2.03278063837946,41.588600848772415],[2.032754299331192,41.58861257458275],[2.032715101213322,41.58863055677246],[2.032675683133506,41.588648262099426],[2.0326519903128184,41.588658477544534],[2.032580517371872,41.58868861659031],[2.0325380078899467,41.58870723167759],[2.032523586990978,41.588713822351714],[2.032509937928503,41.58872031341249],[2.032496441445031,41.58872698277568],[2.0324739689773152,41.58873886824169],[2.0324465476926257,41.58875452640779],[2.032430495463208,41.58876414623958],[2.03240917755775,41.58877719292916],[2.0323330069472165,41.58882521744175],[2.0323103254299526,41.58883902080287],[2.0322874537476423,41.588852645385614],[2.032241303852672,41.588879507938685],[2.032226285603673,41.58888750421941],[2.032218372381526,41.58889149428669],[2.032210363927067,41.58889538032543],[2.0321784571399006,41.588910107973945],[2.0321702466344034,41.58891424342081],[2.032164609176446,41.588917213044745],[2.032159042364445,41.588920257479565],[2.0321535462558167,41.58892337287746],[2.0321481237546837,41.58892656091223],[2.032125310655016,41.58894122697543],[2.032108831878293,41.58895227164881],[2.0320703923779497,41.58897871576874],[2.0320522067710267,41.58899188585407],[2.03202245955909,41.58901423670404],[2.0320100606387426,41.589022770665],[2.031997230035134,41.589030935665726],[2.031992124459465,41.58903381936758],[2.0319889348935365,41.589035536326854],[2.0319857062314166,41.589037211190494],[2.0319824384607714,41.58903884357836],[2.031979133539763,41.589040432419736],[2.0319757917672954,41.58904197879633],[2.0319666922422215,41.58904586925397],[2.0319602102937866,41.58904850575746],[2.0319536695857847,41.58905105600447],[2.031947070110041,41.58905352054472],[2.0318342205605076,41.58909512790599],[2.031815429975129,41.58910235736399],[2.031787624372064,41.58911375010181],[2.031759970371641,41.589125351810836],[2.0317548305849606,41.58912768524449],[2.0317514637540266,41.589129290777095],[2.031748132883819,41.589130940042814],[2.0317448438400456,41.58913263254131],[2.0317415929781864,41.58913436714238],[2.0317383824701674,41.58913614551359],[2.0317180812820266,41.58914827099652],[2.0317125560803984,41.589151272329154],[2.0317094049716578,41.58915289781808],[2.031706216404671,41.58915448176006],[2.0317029896308374,41.58915602524832],[2.0316997283521374,41.589157525565255],[2.0316964333089738,41.58915898216729],[2.0316915123647745,41.58916076817131],[2.031688581190094,41.58916176930015],[2.0316856252238855,41.5891627334274],[2.0316826482295034,41.589163657351165],[2.031679649899674,41.58916454240119],[2.0316766321376267,41.58916538823159],[2.031673594917926,41.58916619347445],[2.0316498268485192,41.589171569018944],[2.0316438723100294,41.58917306480595],[2.031639497953294,41.58917423782912],[2.0316351530427967,41.589175468054336],[2.031630836030795,41.58917675772288],[2.0316265496981645,41.589178101525405],[2.0316064263434326,41.58918503495762],[2.0315864487188238,41.58919219692526],[2.031573391762906,41.58919728962177],[2.031569003932745,41.589199153184936],[2.031564799689945,41.589201010701395],[2.031560639902478,41.58920292335819],[2.031556526571214,41.589204892035674],[2.031552457855405,41.58920691331522],[2.0315484388803573,41.58920898724001],[2.031535785137534,41.58921628810454],[2.031511388938834,41.589231749620055],[2.0314989047228456,41.58923922123197],[2.0314767670823684,41.58925143236608],[2.03147013860482,41.589254855405876],[2.031466079798717,41.589256847124936],[2.0314619761941772,41.589258786148996],[2.0314578285024227,41.58926067097028],[2.0314422739638336,41.589266809411264],[2.0314366941217563,41.58926866293354],[2.031433711647236,41.589269587248786],[2.031430709270769,41.58927047126434],[2.0314276847793638,41.58927131606108],[2.031424642549739,41.58927212277538],[2.031421581166793,41.58927288809672],[2.0314185035428567,41.58927361314924],[2.031404830115694,41.589276572801474],[2.0313970494348728,41.58927810542701],[2.031389236608577,41.58927953497734],[2.0313813884608583,41.58928086225306],[2.0313352167270606,41.58928832480212],[2.031293422821411,41.58929447977505],[2.0312763825085964,41.589296332951136],[2.0312616292963717,41.589297523223046],[2.0312479419443616,41.589298816434464],[2.031244243900487,41.589299308109844],[2.031241570244228,41.58929970670685],[2.031238907053365,41.58930014002647],[2.031236253595705,41.58930060806249],[2.031233611773565,41.58930111086372],[2.03123098321007,41.589301647795736],[2.0312283662656645,41.58930222059237],[2.031225762143962,41.589302826350725],[2.0312110545187614,41.5893068197361],[2.031167229517627,41.58931941102661],[2.0310800119062455,41.589343531514444],[2.0309926668447162,41.589367390732356],[2.030955767304173,41.589380021680185],[2.030923675217888,41.58939823573407],[2.0308998048953204,41.58941891871551],[2.030878830084881,41.58944133490063],[2.0308665153198002,41.58945762299759],[2.030855318251013,41.58947181238265],[2.030843792437043,41.58948585111326],[2.0308233479907734,41.589504945562595],[2.030801031255561,41.5895228527085],[2.030779513101282,41.58953818548243],[2.030755862832902,41.58955153821637],[2.0307230889001016,41.5895648992866],[2.0306887308211263,41.589575922639334],[2.0306561473790756,41.58958364261906],[2.0306242005831736,41.58959242018349],[2.0305603022264096,41.58961714898695],[2.0304966274819156,41.58964219959605],[2.0304570162375315,41.58965623746704],[2.0304187887476948,41.58966804474124],[2.03037329766027,41.58968106737714],[2.030329697607891,41.58969260755965],[2.0302927012105116,41.58970190101912],[2.03025552013751,41.589710762452434],[2.0301867084805743,41.58972629622439],[2.0301493671184834,41.58973794077653],[2.030111371335018,41.58974335108526],[2.0300737552979,41.589739529813784],[2.0300584207310455,41.58973594037303],[2.03003836984896,41.58973575482477],[2.030013210543804,41.589745064984065],[2.0299928070503954,41.58975792486817],[2.029961153772079,41.58980223422989],[2.0299463677449894,41.58982100844806],[2.0299314260146506,41.58983971483105],[2.029910113518319,41.58986345271573],[2.029888270662296,41.589886916753244],[2.0298322782885783,41.58996130787313],[2.0297885676454683,41.59004021652857],[2.029788493404795,41.590048848140725],[2.029788230609481,41.59005696524217],[2.029787778257183,41.590065075247416],[2.0297871385197377,41.590073179824024],[2.029773914186402,41.59009372695234],[2.0297574149414976,41.59011281270029],[2.0297323104724603,41.590131413553266],[2.0297027456362464,41.59014614664402],[2.029666487444373,41.59015790847504],[2.0296276603063523,41.59016238362576],[2.0295828238802636,41.59016045621454],[2.0295381592958717,41.59015647576935],[2.0294878725263246,41.59014863760202],[2.029437394913822,41.590143359071604],[2.0293791160465062,41.59014821758407],[2.0292920986241896,41.59016240424487],[2.0292637299318677,41.5901695277243],[2.0292415828076873,41.59018246951712],[2.02922583432211,41.590200335650884],[2.0292137840124034,41.59022347363686],[2.0292049952906317,41.5902475285063],[2.029200112206182,41.5902804452734],[2.029193278200062,41.59031291175479],[2.02917391150238,41.590335074228385],[2.0291453225499794,41.59035147291852],[2.029121383492849,41.59036162220772],[2.029095660141541,41.59036607802388],[2.029067812403347,41.59036339439114],[2.0290400013616785,41.59036050985139],[2.029005468669742,41.59035859881057],[2.0289718138058364,41.59035718612484],[2.0289381341341257,41.59035621462109],[2.028909243557489,41.590362359764185],[2.028872697347121,41.59038377557044],[2.0288533740150663,41.590395692049086],[2.028818389571706,41.590415856504144],[2.0287979658294355,41.590427055631224],[2.028765150147464,41.59043987219435],[2.028729852007712,41.59044887327263],[2.02870736862378,41.59045379396028],[2.0286851978264067,41.590458330255956],[2.028662926669273,41.59046257542985],[2.0286036018641154,41.59047314435736],[2.0285439429111443,41.590482602678165],[2.0285045325907953,41.59048287515223],[2.0284755667059975,41.590482628888516],[2.0284447625144435,41.590488898719634],[2.028421599969805,41.59050335690948],[2.028413521982347,41.590528341961026],[2.028407237041265,41.590553973936935],[2.0283930167880673,41.5905788341083],[2.028376795787785,41.59060296819707],[2.0283561898842,41.59062978323187],[2.0283312409319034,41.59065414046368],[2.028308419793607,41.59067017223461],[2.028272285982453,41.59069361620811],[2.0282662195485126,41.59069688415429],[2.0282548932917424,41.590705189498834],[2.0282481081214407,41.590710397727996],[2.0282414490601584,41.5907156933334],[2.028203523263608,41.590747116308464],[2.0281660788191713,41.590778863293885],[2.0281442825583413,41.59079670449542],[2.028122257989051,41.5908143870841],[2.0281155256457963,41.59082071065261],[2.028103482428644,41.590834133955475],[2.028096708066745,41.590840426931436],[2.0280951076193325,41.59084152666203],[2.0280941676661355,41.59084214049269],[2.0280932154384623,41.59084274267478],[2.028092248747936,41.59084333264014],[2.0280912683597165,41.590843908196135],[2.0280902764209876,41.59084447265947],[2.0280892700523627,41.59084502270724],[2.0280882514257432,41.590845560007146],[2.0280872189087553,41.590846083836446],[2.028086177431471,41.59084659416444],[2.0280851213233744,41.590847091565365],[2.028084055910826,41.59084757459405],[2.0280829770901247,41.5908480421504],[2.0280818891345933,41.590848496367386],[2.028080790493369,41.590848936771465],[2.0280796829192256,41.5908493622823],[2.028073326504886,41.59085146691399],[2.0280554757696474,41.590855854666394],[2.0280507047885927,41.590857249417404],[2.028048259076215,41.590858019048504],[2.028045834155502,41.590858820145144],[2.0280434248392334,41.59085965410693],[2.028041036632617,41.590860517786766],[2.028038669097763,41.590861413358674],[2.0280363244951407,41.59086233903869],[2.0280339982836293,41.590863296868754],[2.0280134827524186,41.59087356553843],[2.0280029316662866,41.590879142155224],[2.0279860061059574,41.59088851593768],[2.0279774725638027,41.590893502120835],[2.027969053060749,41.59089859921774],[2.027960756407989,41.59090380565354],[2.0279525804418532,41.59090911921099],[2.0279445289123874,41.59091453930113],[2.0279272067593848,41.590926425468744],[2.027912422430382,41.59093695945186],[2.027906850336753,41.59094112828178],[2.027903915764712,41.59094343595987],[2.0279010348370465,41.59094578435392],[2.02789820831372,41.59094816729236],[2.027895436145278,41.590950588073284],[2.027892723498387,41.59095304399163],[2.0278838687807204,41.59096172070072],[2.027867904595074,41.59097896407068],[2.0278522863354396,41.590996383534076],[2.027813454024036,41.59104074801248],[2.027787456172028,41.59106936635731],[2.0277830914961643,41.59107416290767],[2.02778071269378,41.5910769168625],[2.0277783985961584,41.5910797021503],[2.0277761506924494,41.59108251713445],[2.0277739653381026,41.5910853606846],[2.0277724678534956,41.59108745578567],[2.0277712114620408,41.591089295639364],[2.0277699987722366,41.591091151255526],[2.027768827917547,41.59109302192518],[2.0277677030578967,41.59109490811366],[2.0277666192929162,41.591096809899135],[2.027765582191405,41.59109872527309],[2.027760504547726,41.59110916671764],[2.027756225735113,41.591119806675536],[2.027742585196886,41.59115740901277],[2.0277312077098646,41.591202119999124],[2.0277318839791705,41.59124126976305],[2.0277732511243647,41.591324224923184],[2.0277827058439732,41.59134547200081],[2.027809616500208,41.59138317779487],[2.027816594960495,41.59142658757681],[2.0278306997401794,41.591455346786866],[2.027847263540137,41.59148339446766],[2.027884434994089,41.591533725738984],[2.0278999738851033,41.59159120572079],[2.0279298301604607,41.591618110073135],[2.027946009998917,41.591642466745654],[2.027965511606664,41.591663941086246],[2.028016103619432,41.59172800493006],[2.028022773354823,41.591747686779385],[2.028029829589255,41.59176729399573],[2.028058697909407,41.5917992433044],[2.028069156985618,41.59181788806158],[2.0280849627920943,41.59185069060466],[2.028090530007106,41.59186289006443],[2.0280778213236155,41.59186705373291],[2.028068093857854,41.591870241485445],[2.028165510704763,41.592039678387664],[2.0281718219650524,41.592051048386566],[2.0282024588965806,41.59210445299851],[2.028226321036591,41.59214604828593],[2.028268946338726,41.59222034418844],[2.0283288614335375,41.59232578233185],[2.028343622105011,41.59235175648895],[2.0283446354804124,41.592351097861005]]]}},{"type":"Feature","id":"082798--barri--placa-catalunya-escola-industrial","properties":{"name":"Plaça Catalunya / Escola Industrial","officialName":"Plaça Catalunya / Escola Industrial","municipality":"Terrassa","kind":"barri","quality":"official","code":"15"},"geometry":{"type":"Polygon","coordinates":[[[2.026300270051544,41.56845429326975],[2.0271279304286396,41.56467000405539],[2.0273753228493954,41.56353877296038],[2.027604818838616,41.562489329951894],[2.026819790570902,41.562339796472806],[2.0266014976964732,41.56229913428121],[2.025519946519835,41.562097653147454],[2.0246121688919083,41.56192853368715],[2.0229170948110653,41.56170676737355],[2.0228562805914776,41.56186526026812],[2.022321820982477,41.56349320668145],[2.022312446579149,41.56352176437732],[2.0221132339997823,41.56409232256901],[2.0223417027321475,41.56436144299878],[2.023766037062307,41.56597101790995],[2.0247526889962426,41.56713581509702],[2.02545081889495,41.56795996670787],[2.0262652318771424,41.568780169115584],[2.026300270051544,41.56845429326975]]]}},{"type":"Feature","id":"082798--barri--ca-n-anglada","properties":{"name":"Ca n'Anglada","officialName":"Ca n'Anglada","municipality":"Terrassa","kind":"barri","quality":"official","code":"14"},"geometry":{"type":"Polygon","coordinates":[[[2.0338828880921596,41.56806901294475],[2.0337874992952356,41.5671739746838],[2.0336873990019138,41.566159263075626],[2.0335935124281947,41.56494755256912],[2.033571596788455,41.56465081722503],[2.033282206799487,41.56241148441659],[2.033191574376324,41.561449795458024],[2.033197920596902,41.561323456413206],[2.03322343533647,41.56084926425718],[2.033240571222274,41.56062778753501],[2.0332481806333433,41.56042625894686],[2.033246095455098,41.560256561727854],[2.0332592900302777,41.55999003557176],[2.0334533213336274,41.559044326263795],[2.033713965884776,41.55826737849026],[2.0338294063543674,41.557951317343026],[2.033523950975397,41.557995816623205],[2.0326948944528183,41.55810675209467],[2.0326214530229896,41.558112427151514],[2.031402139858342,41.55820664358684],[2.0302372486226594,41.558390677034225],[2.029339760339078,41.55866475052307],[2.029310683179014,41.558673629527476],[2.0284236916567147,41.55877691170582],[2.028048229281894,41.558803271277604],[2.0276485308757577,41.55883132971004],[2.027754530246319,41.559097970795236],[2.0281993843303407,41.559886475024584],[2.028088024854973,41.56035749286206],[2.0280745198262666,41.56041461615132],[2.0279110203746766,41.56110617789432],[2.0278801023117077,41.56123694951392],[2.0278397650797064,41.56141493379879],[2.027789789354465,41.56164347305048],[2.027604818838616,41.562489329951894],[2.0273753228493954,41.56353877296038],[2.0271279304286396,41.56467000405539],[2.026300270051544,41.56845429326975],[2.0262652318771424,41.568780169115584],[2.0278422035320878,41.5686162631682],[2.0282231366878363,41.56858191597087],[2.0283805094540623,41.56856772549868],[2.030259370362388,41.56839829581946],[2.0320267509794507,41.56823888770382],[2.0334960917443117,41.56810441597874],[2.033509174647552,41.56821137098122],[2.033893826678726,41.568173071376165],[2.0338828880921596,41.56806901294475]]]}},{"type":"Feature","id":"082798--barri--centre","properties":{"name":"Centre","officialName":"Centre","municipality":"Terrassa","kind":"barri","quality":"official","code":"17"},"geometry":{"type":"Polygon","coordinates":[[[2.0170281765144438,41.56957765127409],[2.017093072928969,41.56934775804757],[2.0171850831955336,41.56910995066813],[2.017194827873527,41.56846660475889],[2.0173530447943806,41.56778015233707],[2.0174806905803373,41.56715999968352],[2.0172815003096995,41.56664799192908],[2.0172576513824083,41.566270606162135],[2.0175001724236035,41.565873307234895],[2.0182458610029292,41.565435927268055],[2.018171281979024,41.56450342731525],[2.0178585601968777,41.5636798287266],[2.01793456088904,41.56342978149124],[2.018181946697829,41.562839784462945],[2.018779346169696,41.56133531803394],[2.018852432748253,41.561136081755556],[2.0189291788564483,41.56092685786556],[2.019219720332697,41.560713682527656],[2.019452801431569,41.560500018400795],[2.0197730438742107,41.56022239940865],[2.020412304716522,41.559460607990474],[2.0201256928789433,41.557627115682855],[2.019963464741348,41.55746846610631],[2.019953483010636,41.557404267888785],[2.0199638621304787,41.55729695414965],[2.019967212999652,41.55728007437012],[2.019833965978311,41.557299730011216],[2.019034083662221,41.55763252965006],[2.0177060697685896,41.55811685557486],[2.015062971411371,41.55762956824032],[2.012766230933472,41.55720608150485],[2.0121128972743563,41.55708560641776],[2.0113481864426612,41.55694458719039],[2.011023540443444,41.556884718597686],[2.010681608646746,41.556854243831644],[2.0097630578821204,41.55694730906007],[2.0081471542133102,41.557061892479744],[2.007812853035697,41.55704655313907],[2.0075272186753343,41.55699032722722],[2.0074131456884245,41.556946643565475],[2.0073791651154154,41.55698995600356],[2.0075581250239427,41.5588892369008],[2.0076486846184816,41.55959657928364],[2.007628013581358,41.56044531771645],[2.007652871887796,41.560728412531056],[2.007655341700132,41.56075401234447],[2.007696315384405,41.5611786522371],[2.007770315491764,41.561945549458855],[2.0078415288291036,41.56268354216701],[2.007903478670417,41.563325542223154],[2.0079417615293433,41.56372226677478],[2.0079433811139076,41.56373904664925],[2.0079602418052485,41.56391377859824],[2.0078894224641743,41.56421157657765],[2.007856248865946,41.56425808133951],[2.0070574742222034,41.565377803983445],[2.0067376647915194,41.56582610212874],[2.005332734559259,41.56779538937345],[2.0042912502650143,41.56924312636984],[2.006290837660763,41.56989905908983],[2.0074362168333284,41.57012448460207],[2.0088597200213307,41.57026157334561],[2.009502655559702,41.57031041356591],[2.0095917720593066,41.57031718300049],[2.009908945813607,41.570314820057625],[2.010915790786394,41.570285297152914],[2.0118845146459425,41.570231266374165],[2.0122822232950393,41.57017157339361],[2.012713385962075,41.57014294913389],[2.0149764940106447,41.57005457849738],[2.0156352467615926,41.56995062072539],[2.0159480351994357,41.56990084434761],[2.0169351833073175,41.56974361024077],[2.0170281765144438,41.56957765127409]]]}},{"type":"Feature","id":"082798--barri--cementiri-vell","properties":{"name":"Cementiri Vell","officialName":"Cementiri Vell","municipality":"Terrassa","kind":"barri","quality":"official","code":"16"},"geometry":{"type":"Polygon","coordinates":[[[2.022312446579149,41.56352176437732],[2.022321820982477,41.56349320668145],[2.0228562805914776,41.56186526026812],[2.0229170948110653,41.56170676737355],[2.0246121688919083,41.56192853368715],[2.025519946519835,41.562097653147454],[2.0266014976964732,41.56229913428121],[2.026819790570902,41.562339796472806],[2.027604818838616,41.562489329951894],[2.027789789354465,41.56164347305048],[2.0278397650797064,41.56141493379879],[2.0278801023117077,41.56123694951392],[2.0279110203746766,41.56110617789432],[2.0280745198262666,41.56041461615132],[2.028088024854973,41.56035749286206],[2.0281993843303407,41.559886475024584],[2.027754530246319,41.559097970795236],[2.0276485308757577,41.55883132971004],[2.0265081859991656,41.558911375261765],[2.025783014334339,41.55896227231728],[2.025303873045695,41.558930522447056],[2.0245062712206883,41.55874755305834],[2.0239353780666303,41.558571004691075],[2.0230576246925067,41.55830352384812],[2.022085577406116,41.558007301749264],[2.0216881713975496,41.55760005598343],[2.021539359890678,41.55756727078971],[2.020128105321106,41.557256341726315],[2.019967212999652,41.55728007437012],[2.0199638621304787,41.55729695414965],[2.019953483010636,41.557404267888785],[2.019963464741348,41.55746846610631],[2.0201256928789433,41.557627115682855],[2.020412304716522,41.559460607990474],[2.0197730438742107,41.56022239940865],[2.019452801431569,41.560500018400795],[2.019219720332697,41.560713682527656],[2.0189291788564483,41.56092685786556],[2.018852432748253,41.561136081755556],[2.018779346169696,41.56133531803394],[2.018181946697829,41.562839784462945],[2.01793456088904,41.56342978149124],[2.0193513754971204,41.563661096569476],[2.020794600805358,41.56388801642298],[2.021875835583164,41.564058006380485],[2.0221132339997823,41.56409232256901],[2.022312446579149,41.56352176437732]]]}}]}
