{
  "type": "FeatureCollection",
  "municipality": "Tordera",
  "source": {
    "organization": "Diputació de Barcelona",
    "title": "Límits d’urbanitzacions i nuclis de població · referencia territorial",
    "official": true,
    "accessedAt": "2026-08-12"
  },
  "features": [
    {
      "type": "Feature",
      "id": "082845--zone--diba-633",
      "properties": {
        "name": "Sant Pere de Riu",
        "officialName": "Sant Pere de Riu",
        "municipality": "Tordera",
        "kind": "zone",
        "quality": "official",
        "sourceCategory": "Nucli/urbanització DIBA · AMBIT_PPU",
        "code": "633"
      },
      "geometry": {
        "bbox": [
          2.6764435195172425,
          41.64556213741421,
          2.680807172535027,
          41.651315815909484
        ],
        "type": "Polygon",
        "coordinates": [
          [
            [
              2.6776874910350634,
              41.64789763406594
            ],
            [
              2.677693697762012,
              41.6479016065332
            ],
            [
              2.6776529239054057,
              41.64796292133427
            ],
            [
              2.67759455276251,
              41.64803643656247
            ],
            [
              2.6775887317497062,
              41.64804686769202
            ],
            [
              2.677535267922716,
              41.648142642646825
            ],
            [
              2.6774889015583576,
              41.64820943789396
            ],
            [
              2.6774151581578947,
              41.64829077318517
            ],
            [
              2.677394166547851,
              41.64831392673848
            ],
            [
              2.67739432010209,
              41.64831805066751
            ],
            [
              2.6773939127508393,
              41.64831858275074
            ],
            [
              2.677359853359264,
              41.64835829899768
            ],
            [
              2.677354422797334,
              41.64836387002263
            ],
            [
              2.6773010906084984,
              41.648433143336106
            ],
            [
              2.6772792503046925,
              41.64846150695411
            ],
            [
              2.677266506932044,
              41.64846768254326
            ],
            [
              2.67724366334423,
              41.64849109748175
            ],
            [
              2.6772269507117863,
              41.648511774328014
            ],
            [
              2.6772059629384954,
              41.648537739905784
            ],
            [
              2.677117884171846,
              41.64862044887439
            ],
            [
              2.6769588401014355,
              41.648728841457604
            ],
            [
              2.6769496997915354,
              41.64873876692803
            ],
            [
              2.676876250118197,
              41.648818501209774
            ],
            [
              2.6768656550170578,
              41.648830927487026
            ],
            [
              2.6765270461236725,
              41.64905320511661
            ],
            [
              2.6765010797519624,
              41.649082857612036
            ],
            [
              2.676499870467948,
              41.6490842944604
            ],
            [
              2.676481456467991,
              41.64914035750881
            ],
            [
              2.676480751486711,
              41.649161251334306
            ],
            [
              2.676480616742486,
              41.64917234152378
            ],
            [
              2.6764803432208253,
              41.64919484795207
            ],
            [
              2.6764819751042,
              41.64922871962705
            ],
            [
              2.6764857316105592,
              41.64925630394909
            ],
            [
              2.6764971783541847,
              41.64934276297561
            ],
            [
              2.67650014356527,
              41.64936576941079
            ],
            [
              2.6765018431826197,
              41.649393546101265
            ],
            [
              2.6765031420274896,
              41.64941477612974
            ],
            [
              2.6765038863766577,
              41.649427540529594
            ],
            [
              2.676508375478969,
              41.64947816463294
            ],
            [
              2.6765125679065527,
              41.64950311467238
            ],
            [
              2.676513014535349,
              41.649505776656845
            ],
            [
              2.676514295257125,
              41.649524869224685
            ],
            [
              2.6765212612355724,
              41.64958569644997
            ],
            [
              2.6765313293536193,
              41.649637603564614
            ],
            [
              2.676543679755981,
              41.64968916131579
            ],
            [
              2.676578722270066,
              41.64979022975156
            ],
            [
              2.676579995102394,
              41.649847880324614
            ],
            [
              2.676584343803706,
              41.64986680678312
            ],
            [
              2.676601517094001,
              41.64991477341377
            ],
            [
              2.676618689663634,
              41.64996264906671
            ],
            [
              2.676620585719035,
              41.649967968649804
            ],
            [
              2.6766426060911797,
              41.65010331966361
            ],
            [
              2.676665557021512,
              41.65012464122028
            ],
            [
              2.6766954653635024,
              41.650147784682396
            ],
            [
              2.6767189268572196,
              41.65016235226342
            ],
            [
              2.67675643497548,
              41.65017894002514
            ],
            [
              2.676797096808832,
              41.65018878214205
            ],
            [
              2.676820866488637,
              41.650190472072545
            ],
            [
              2.6770668342186497,
              41.650263608286345
            ],
            [
              2.677106017166386,
              41.65024520406006
            ],
            [
              2.677327998816777,
              41.65051797999026
            ],
            [
              2.677444443038374,
              41.65066281383316
            ],
            [
              2.677058454115395,
              41.65081282762472
            ],
            [
              2.677981290689092,
              41.65118591611243
            ],
            [
              2.67819936471251,
              41.651293291878986
            ],
            [
              2.678307321123409,
              41.65130884685492
            ],
            [
              2.6783431635514456,
              41.65129136780875
            ],
            [
              2.6784044315464444,
              41.65127039213843
            ],
            [
              2.678864238077805,
              41.65123494270976
            ],
            [
              2.6788983067699577,
              41.65123192589887
            ],
            [
              2.678900532141023,
              41.65123070893773
            ],
            [
              2.679086990963249,
              41.65112777476319
            ],
            [
              2.6791617304018973,
              41.651086513352816
            ],
            [
              2.6791968896644063,
              41.651065540941886
            ],
            [
              2.67942784901574,
              41.65092776174595
            ],
            [
              2.6793337393367125,
              41.6508585166997
            ],
            [
              2.679263860319852,
              41.6508073157606
            ],
            [
              2.679256805299821,
              41.65080214575731
            ],
            [
              2.6792497514594698,
              41.65079698026045
            ],
            [
              2.679167053683058,
              41.65073638230763
            ],
            [
              2.6791579692844243,
              41.65072972585007
            ],
            [
              2.6790207248767524,
              41.6506255040723
            ],
            [
              2.6788994745349823,
              41.65053342438114
            ],
            [
              2.678839504525975,
              41.65048788216407
            ],
            [
              2.678776068604843,
              41.650439709134254
            ],
            [
              2.678656944197655,
              41.650340940973976
            ],
            [
              2.678434015797772,
              41.65015611126453
            ],
            [
              2.678469240787463,
              41.65009674876241
            ],
            [
              2.67850183649354,
              41.650041818544544
            ],
            [
              2.678610467155043,
              41.6500520275479
            ],
            [
              2.678724245588175,
              41.650017395873604
            ],
            [
              2.678858995062928,
              41.649967602308756
            ],
            [
              2.6789172940213466,
              41.649907237677134
            ],
            [
              2.678941218907521,
              41.64980437290372
            ],
            [
              2.6789522234523426,
              41.64965210716491
            ],
            [
              2.679384611962027,
              41.649336742383554
            ],
            [
              2.6795129019088892,
              41.64926448858126
            ],
            [
              2.679802455831075,
              41.649101408576236
            ],
            [
              2.6800386823111864,
              41.64912819356726
            ],
            [
              2.6803900342840454,
              41.64914109478036
            ],
            [
              2.6804014643291887,
              41.64913455130291
            ],
            [
              2.680424578536963,
              41.64912131553152
            ],
            [
              2.6804486814788415,
              41.649107511447454
            ],
            [
              2.6804649037785753,
              41.649075309856
            ],
            [
              2.680492174888249,
              41.64905368100497
            ],
            [
              2.680585811143047,
              41.64893817705954
            ],
            [
              2.680740922758649,
              41.64874683830955
            ],
            [
              2.680794962764757,
              41.64868017745599
            ],
            [
              2.680820277392765,
              41.64866097323592
            ],
            [
              2.679973988640271,
              41.647935345256194
            ],
            [
              2.6798997227261756,
              41.6478732967981
            ],
            [
              2.6798177500888722,
              41.647839074401055
            ],
            [
              2.679682142234179,
              41.64786804566491
            ],
            [
              2.6795421656136336,
              41.647871788017746
            ],
            [
              2.6794033319277353,
              41.64798265067233
            ],
            [
              2.679230747621039,
              41.64805782610724
            ],
            [
              2.679254941770357,
              41.648319044906664
            ],
            [
              2.6792853184327647,
              41.64875117641871
            ],
            [
              2.6791850525794874,
              41.648727948067176
            ],
            [
              2.679098923087527,
              41.64870580122763
            ],
            [
              2.6789902584520497,
              41.648678926561196
            ],
            [
              2.6789430240496146,
              41.64866294196177
            ],
            [
              2.67891385852359,
              41.64865173209551
            ],
            [
              2.6789138998316275,
              41.64865115214696
            ],
            [
              2.678897808846486,
              41.648626786847004
            ],
            [
              2.678868071200469,
              41.64859391844988
            ],
            [
              2.678860198803342,
              41.64858243028554
            ],
            [
              2.678849566839145,
              41.648574072520525
            ],
            [
              2.6787361956492948,
              41.64845450033445
            ],
            [
              2.6786491561623915,
              41.64837706349406
            ],
            [
              2.678579549305909,
              41.64834399258083
            ],
            [
              2.6785416473486383,
              41.64835529511573
            ],
            [
              2.678529039603913,
              41.64835644070081
            ],
            [
              2.678370587465784,
              41.6483908535272
            ],
            [
              2.67827596924407,
              41.6483919641391
            ],
            [
              2.678091121699228,
              41.64835010265252
            ],
            [
              2.678084030632742,
              41.648343802970956
            ],
            [
              2.677980284422468,
              41.64825161817554
            ],
            [
              2.6779162425778282,
              41.64816677733007
            ],
            [
              2.6778315025794104,
              41.648038551982
            ],
            [
              2.677807681172935,
              41.64799388964265
            ],
            [
              2.677796020173567,
              41.64797205862047
            ],
            [
              2.6777841149672463,
              41.647918261243355
            ],
            [
              2.677805488309009,
              41.64777505255285
            ],
            [
              2.6778088089103957,
              41.647767541744905
            ],
            [
              2.677813925888444,
              41.64775595841023
            ],
            [
              2.677830428219724,
              41.647718602244446
            ],
            [
              2.6778429664186363,
              41.64769427199476
            ],
            [
              2.6778946203262746,
              41.64759403325034
            ],
            [
              2.678031197093584,
              41.64740667870177
            ],
            [
              2.678037105165899,
              41.64739344835288
            ],
            [
              2.678060250191716,
              41.647360485557186
            ],
            [
              2.6780815357381305,
              41.64733028095975
            ],
            [
              2.678074101958655,
              41.64726765015217
            ],
            [
              2.6780149708435577,
              41.64714454697892
            ],
            [
              2.6778625918899284,
              41.64706972682288
            ],
            [
              2.6776036961904706,
              41.64696502899758
            ],
            [
              2.6775157980053645,
              41.64692271787862
            ],
            [
              2.677455020039482,
              41.646901831676104
            ],
            [
              2.6774507364490305,
              41.64690017494028
            ],
            [
              2.677427333709666,
              41.64689112457991
            ],
            [
              2.6773847887632596,
              41.646874250874866
            ],
            [
              2.6771537231218874,
              41.646878286772996
            ],
            [
              2.6771282872656474,
              41.64687407111415
            ],
            [
              2.6771052770614734,
              41.64686482002938
            ],
            [
              2.677085903559633,
              41.64684873277881
            ],
            [
              2.67707281294801,
              41.64680113885402
            ],
            [
              2.677077056653025,
              41.64679250295704
            ],
            [
              2.6770864864410346,
              41.64678009860215
            ],
            [
              2.677110202852845,
              41.64676791632444
            ],
            [
              2.677364960539924,
              41.646732422692494
            ],
            [
              2.6774099355901804,
              41.64673058354759
            ],
            [
              2.6774844696276734,
              41.64672753298898
            ],
            [
              2.677529422447704,
              41.64672677910335
            ],
            [
              2.6777862506755277,
              41.6467258582037
            ],
            [
              2.6778466318606293,
              41.64673044097627
            ],
            [
              2.677856691027652,
              41.64673171936813
            ],
            [
              2.6778906284219706,
              41.646736031647904
            ],
            [
              2.6781460512532287,
              41.64676921899999
            ],
            [
              2.6781813346975207,
              41.646773801576195
            ],
            [
              2.678267974519137,
              41.64678620293795
            ],
            [
              2.678295791781733,
              41.64679474846878
            ],
            [
              2.678332193696614,
              41.646815656988785
            ],
            [
              2.6783473474149835,
              41.646825765847986
            ],
            [
              2.6784323806095833,
              41.64688477398315
            ],
            [
              2.6784516299007155,
              41.64689813778099
            ],
            [
              2.678478941522597,
              41.64691154484368
            ],
            [
              2.678487749510394,
              41.64691401673834
            ],
            [
              2.6785019646219435,
              41.646918003455625
            ],
            [
              2.678658625367971,
              41.64690430110288
            ],
            [
              2.6786715146114277,
              41.64689623064889
            ],
            [
              2.678686633387073,
              41.64687447457106
            ],
            [
              2.678691184034888,
              41.64685259887875
            ],
            [
              2.678683621455684,
              41.646803939723966
            ],
            [
              2.6786806783581896,
              41.646798583918404
            ],
            [
              2.6786752895804598,
              41.6467887861275
            ],
            [
              2.678668490475826,
              41.64677957796874
            ],
            [
              2.6786622877538453,
              41.646771183926816
            ],
            [
              2.6786465080250257,
              41.64675654993968
            ],
            [
              2.678602268583693,
              41.64671814382255
            ],
            [
              2.6785342188621395,
              41.64666256011108
            ],
            [
              2.678518373462361,
              41.64664955262404
            ],
            [
              2.678322816251564,
              41.646479841173715
            ],
            [
              2.6783003613342125,
              41.64646155224836
            ],
            [
              2.6782936338385883,
              41.64645607144971
            ],
            [
              2.6782603864093097,
              41.6464289576736
            ],
            [
              2.67820919514495,
              41.64638729025097
            ],
            [
              2.6781945258211284,
              41.64637663238863
            ],
            [
              2.67813501097625,
              41.64633339959585
            ],
            [
              2.678117649316442,
              41.64631889531299
            ],
            [
              2.678074859858742,
              41.64628315197835
            ],
            [
              2.6780148239738546,
              41.646233173967275
            ],
            [
              2.677982840037871,
              41.64620919995889
            ],
            [
              2.677938023155377,
              41.64617477315111
            ],
            [
              2.6779359422007207,
              41.646175234794704
            ],
            [
              2.6778948096273156,
              41.646146818894415
            ],
            [
              2.677853044755929,
              41.64611805983406
            ],
            [
              2.677733702789354,
              41.64603421858617
            ],
            [
              2.677700835429059,
              41.64601044738622
            ],
            [
              2.677647711134481,
              41.64597174576889
            ],
            [
              2.677490784854461,
              41.64583201812322
            ],
            [
              2.6774698470622518,
              41.64580722558267
            ],
            [
              2.6774318847957304,
              41.64576226406282
            ],
            [
              2.6774118418197945,
              41.64573599684032
            ],
            [
              2.6774096969745154,
              41.64573265815402
            ],
            [
              2.6773934876399377,
              41.645708203128535
            ],
            [
              2.677353537881339,
              41.64565197429156
            ],
            [
              2.6773338141648537,
              41.64563417652844
            ],
            [
              2.677311435342895,
              41.64561880145317
            ],
            [
              2.6772789701522304,
              41.64560330708323
            ],
            [
              2.677175978832921,
              41.64557149355562
            ],
            [
              2.677121973879255,
              41.64556476661109
            ],
            [
              2.6770679421089656,
              41.64556389335062
            ],
            [
              2.6770319012239474,
              41.64556685634473
            ],
            [
              2.676887647394547,
              41.6455979752738
            ],
            [
              2.6768256718388193,
              41.6456245506543
            ],
            [
              2.6767698005597045,
              41.64565510994097
            ],
            [
              2.676752327830427,
              41.645667249360976
            ],
            [
              2.6766327150728486,
              41.645765061777574
            ],
            [
              2.6766077214934803,
              41.64578199887397
            ],
            [
              2.676596447080438,
              41.64578964039465
            ],
            [
              2.676548527537632,
              41.645814904989635
            ],
            [
              2.6764974886808783,
              41.645839351037736
            ],
            [
              2.6764721951979182,
              41.64585477404942
            ],
            [
              2.6764653316097835,
              41.645858537758514
            ],
            [
              2.676441971151113,
              41.645871621628004
            ],
            [
              2.6764883077782295,
              41.64721782146449
            ],
            [
              2.6770752603354464,
              41.647609392035754
            ],
            [
              2.677097669649592,
              41.647614938575494
            ],
            [
              2.6772563664546394,
              41.64765421072697
            ],
            [
              2.677286439297534,
              41.64766850943096
            ],
            [
              2.6773122687448225,
              41.647680790310176
            ],
            [
              2.677407855761281,
              41.64772623694923
            ],
            [
              2.677453801356975,
              41.64774808225535
            ],
            [
              2.6775329167884756,
              41.647798713953414
            ],
            [
              2.677534520857902,
              41.64779973626759
            ],
            [
              2.6776584038164697,
              41.647879018375804
            ],
            [
              2.6776874910350634,
              41.64789763406594
            ]
          ]
        ]
      }
    },
    {
      "type": "Feature",
      "id": "082845--zone--diba-605",
      "properties": {
        "name": "Tordera - nucli urbà",
        "officialName": "Tordera - nucli urbà",
        "municipality": "Tordera",
        "kind": "zone",
        "quality": "official",
        "sourceCategory": "Nucli/urbanització DIBA · LIMIT_PPU",
        "code": "605"
      },
      "geometry": {
        "bbox": [
          2.708179262815273,
          41.69050949499188,
          2.736816511059022,
          41.70270526890788
        ],
        "type": "Polygon",
        "coordinates": [
          [
            [
              2.7230243251053694,
              41.6924868747107
            ],
            [
              2.722711103133785,
              41.69244588722377
            ],
            [
              2.7225378002971476,
              41.692418907804466
            ],
            [
              2.722429745944897,
              41.69240208545609
            ],
            [
              2.7222977878111587,
              41.69238154024389
            ],
            [
              2.7219605967248355,
              41.69231734084004
            ],
            [
              2.7216502657197306,
              41.69223942367985
            ],
            [
              2.7203803490147163,
              41.691923571636096
            ],
            [
              2.7201095885097866,
              41.691856226389135
            ],
            [
              2.719903673874356,
              41.69180500822173
            ],
            [
              2.7192026747981126,
              41.691595688454996
            ],
            [
              2.718760272037307,
              41.69147174930136
            ],
            [
              2.718596004674281,
              41.691415415562574
            ],
            [
              2.718332755438073,
              41.69137856197932
            ],
            [
              2.718103561957612,
              41.69135881662815
            ],
            [
              2.7178225491153447,
              41.69130374009243
            ],
            [
              2.7175854229261467,
              41.691257262654176
            ],
            [
              2.717308247050419,
              41.691202935576825
            ],
            [
              2.717153780653483,
              41.69113194044161
            ],
            [
              2.7171114839025083,
              41.69116762350997
            ],
            [
              2.7170630780295024,
              41.69120845801875
            ],
            [
              2.7170537058244637,
              41.691211546011566
            ],
            [
              2.7170514085054336,
              41.691212302359745
            ],
            [
              2.717064043921274,
              41.69123539174753
            ],
            [
              2.717060096180056,
              41.691231329716025
            ],
            [
              2.7170232959114746,
              41.69120309900224
            ],
            [
              2.7170101528769983,
              41.6911930173734
            ],
            [
              2.716901553694017,
              41.69113078078523
            ],
            [
              2.7168214630343193,
              41.69108915062319
            ],
            [
              2.7167497687230613,
              41.691051324098304
            ],
            [
              2.7166968808988474,
              41.69102687445795
            ],
            [
              2.7166420519178827,
              41.69100746580762
            ],
            [
              2.7166263188121853,
              41.69100490501646
            ],
            [
              2.716623077902656,
              41.691004355696194
            ],
            [
              2.7166157501216834,
              41.69100352698513
            ],
            [
              2.7166016977905723,
              41.69100187194982
            ],
            [
              2.716593649024981,
              41.69100103875732
            ],
            [
              2.7165819964718847,
              41.691000471394965
            ],
            [
              2.71657394494683,
              41.69100054070982
            ],
            [
              2.716562886883261,
              41.69100114573997
            ],
            [
              2.716545451716584,
              41.691003624739025
            ],
            [
              2.716532823180526,
              41.69100584537684
            ],
            [
              2.71652656742123,
              41.691007451232316
            ],
            [
              2.7165019740459155,
              41.69102576513676
            ],
            [
              2.7164963037107674,
              41.69103115453317
            ],
            [
              2.7164779577276104,
              41.691048944315575
            ],
            [
              2.7164565273676393,
              41.69108636025124
            ],
            [
              2.7164396208948163,
              41.69113207661627
            ],
            [
              2.7164193839240203,
              41.6911730100752
            ],
            [
              2.7164157380832794,
              41.69118038603381
            ],
            [
              2.7163927749987833,
              41.69123761478492
            ],
            [
              2.7163828113538684,
              41.6912626291474
            ],
            [
              2.7163710163061277,
              41.69129421690399
            ],
            [
              2.7163556154600093,
              41.69132597410141
            ],
            [
              2.7162626262903644,
              41.6915134533689
            ],
            [
              2.716260762567853,
              41.69151644093962
            ],
            [
              2.716257301334535,
              41.69152199700549
            ],
            [
              2.7162111156030684,
              41.69158574449313
            ],
            [
              2.7162030256274026,
              41.69159509194205
            ],
            [
              2.7161291925948285,
              41.69166102200557
            ],
            [
              2.7160716305734485,
              41.69182526101563
            ],
            [
              2.715905354393485,
              41.691788555838734
            ],
            [
              2.7157653352884794,
              41.69176632138192
            ],
            [
              2.715687761372967,
              41.691754059934546
            ],
            [
              2.7154799826021945,
              41.69172805642834
            ],
            [
              2.715427498788499,
              41.69172153051441
            ],
            [
              2.715321918002318,
              41.69171046136878
            ],
            [
              2.7152624708473145,
              41.691702207675
            ],
            [
              2.715245540748301,
              41.691699101499616
            ],
            [
              2.7151266707116797,
              41.69167710511143
            ],
            [
              2.7151003775143345,
              41.69167226615052
            ],
            [
              2.715082970334611,
              41.69166834902663
            ],
            [
              2.7146111533393134,
              41.691577762691914
            ],
            [
              2.714537843605242,
              41.6915828615108
            ],
            [
              2.7142771532774006,
              41.69155169300469
            ],
            [
              2.71437433942509,
              41.69163457418842
            ],
            [
              2.7142049559526207,
              41.691682027848316
            ],
            [
              2.7140604665756114,
              41.69171913184464
            ],
            [
              2.713849175777618,
              41.691795140523176
            ],
            [
              2.713555615936306,
              41.69188703684972
            ],
            [
              2.713282657984351,
              41.69188374503452
            ],
            [
              2.7131795765017253,
              41.69189384783452
            ],
            [
              2.712606841382222,
              41.69190559629256
            ],
            [
              2.7125554456734258,
              41.69191436050651
            ],
            [
              2.7124735347685824,
              41.69193162945956
            ],
            [
              2.7124494751263084,
              41.69193742300396
            ],
            [
              2.712334897135412,
              41.69197685865387
            ],
            [
              2.712148710613142,
              41.69204097366051
            ],
            [
              2.711786907557496,
              41.69208606906291
            ],
            [
              2.7117586247190126,
              41.69215734548024
            ],
            [
              2.7117321889148918,
              41.69220545475752
            ],
            [
              2.7115523773372514,
              41.6922424039423
            ],
            [
              2.711458470577694,
              41.69226285941209
            ],
            [
              2.711414702990354,
              41.692272389858886
            ],
            [
              2.7113170604915937,
              41.69230027482803
            ],
            [
              2.711313717227244,
              41.69229439287502
            ],
            [
              2.7112830048303103,
              41.69231091588031
            ],
            [
              2.7112487044327778,
              41.692322268772244
            ],
            [
              2.71116761807617,
              41.692351122945155
            ],
            [
              2.7111029739961277,
              41.692376332672545
            ],
            [
              2.711060308170066,
              41.69239393434823
            ],
            [
              2.7110003791829165,
              41.69242055287904
            ],
            [
              2.7109788454281487,
              41.692430591225815
            ],
            [
              2.710939074395234,
              41.69244981151317
            ],
            [
              2.7108833090027007,
              41.69247835357088
            ],
            [
              2.7108329307997585,
              41.692505821093896
            ],
            [
              2.7107854355083574,
              41.69253327333176
            ],
            [
              2.7107423797680616,
              41.69255954147654
            ],
            [
              2.7107013099434245,
              41.69258591368261
            ],
            [
              2.7106601893784203,
              41.69261367915039
            ],
            [
              2.710625517079067,
              41.69263823808564
            ],
            [
              2.7104827376510725,
              41.6927524096537
            ],
            [
              2.7104587838283987,
              41.69277335395313
            ],
            [
              2.710367257160148,
              41.6928641233405
            ],
            [
              2.7103446825690636,
              41.69288405238433
            ],
            [
              2.710313853523097,
              41.69290101168074
            ],
            [
              2.7103055166469456,
              41.6929040945259
            ],
            [
              2.710276606735981,
              41.692911943426665
            ],
            [
              2.710259988011102,
              41.69291441452194
            ],
            [
              2.7102442903136392,
              41.69291757338008
            ],
            [
              2.7102298715375546,
              41.69292120022898
            ],
            [
              2.710201786768174,
              41.69293048062405
            ],
            [
              2.71018196349835,
              41.69293901443806
            ],
            [
              2.7101612867748357,
              41.69295000954831
            ],
            [
              2.7101327912763513,
              41.69296966691435
            ],
            [
              2.710121339930088,
              41.69297774985914
            ],
            [
              2.7100426010007026,
              41.69303162107454
            ],
            [
              2.710027419401864,
              41.69307478100085
            ],
            [
              2.7100248497300807,
              41.69310029083618
            ],
            [
              2.710027389795163,
              41.69312873277709
            ],
            [
              2.7100296882484556,
              41.693145684604076
            ],
            [
              2.7100349921936346,
              41.69318484480544
            ],
            [
              2.710037300558594,
              41.69320066085717
            ],
            [
              2.710040403637143,
              41.69322254702205
            ],
            [
              2.7100389133072715,
              41.69323302756936
            ],
            [
              2.7100124826084397,
              41.69341927891052
            ],
            [
              2.7099893779069864,
              41.69357695268373
            ],
            [
              2.70997024755611,
              41.69370752769988
            ],
            [
              2.70996356127005,
              41.69375297884947
            ],
            [
              2.7099607111376445,
              41.693772426169936
            ],
            [
              2.7099575864211833,
              41.69379708702836
            ],
            [
              2.709942808327524,
              41.69396008879987
            ],
            [
              2.7099417461743767,
              41.694009266881906
            ],
            [
              2.7099428762189133,
              41.694079255178224
            ],
            [
              2.7099457627862145,
              41.69413141377853
            ],
            [
              2.7099528876815806,
              41.694204479629185
            ],
            [
              2.709963491946009,
              41.694278274830204
            ],
            [
              2.7099758191086627,
              41.69434306724196
            ],
            [
              2.709991973206674,
              41.694412011690204
            ],
            [
              2.710093215926397,
              41.69469518123232
            ],
            [
              2.710104167490531,
              41.694718448165894
            ],
            [
              2.7101215530184004,
              41.69475379998665
            ],
            [
              2.710134896746116,
              41.69477959404779
            ],
            [
              2.7101387111407216,
              41.694786808475286
            ],
            [
              2.710143122350019,
              41.69479492692279
            ],
            [
              2.7101470525056675,
              41.69480232178464
            ],
            [
              2.7101508673106554,
              41.6948091777288
            ],
            [
              2.710153489681705,
              41.69481422743716
            ],
            [
              2.7101545029878125,
              41.694816851969605
            ],
            [
              2.7101555091766123,
              41.694819455767664
            ],
            [
              2.7101570467577525,
              41.6948249548982
            ],
            [
              2.7101578661303267,
              41.69482982171801
            ],
            [
              2.710158048632121,
              41.69483280263905
            ],
            [
              2.710158200789869,
              41.69483531511262
            ],
            [
              2.7101576909782104,
              41.69484179986439
            ],
            [
              2.710156495892031,
              41.69484700837835
            ],
            [
              2.7101560963874975,
              41.69484873133635
            ],
            [
              2.7100724752725895,
              41.69489797048091
            ],
            [
              2.710069350765239,
              41.69489796259854
            ],
            [
              2.710063824821296,
              41.69489749649957
            ],
            [
              2.710057939146169,
              41.69489685385368
            ],
            [
              2.7100512171044246,
              41.69489566506648
            ],
            [
              2.710047372798365,
              41.69489484382472
            ],
            [
              2.7100440119857176,
              41.69489393553273
            ],
            [
              2.7097977304659047,
              41.69482314832641
            ],
            [
              2.709483609352608,
              41.69473350111979
            ],
            [
              2.709256257215003,
              41.69466842789037
            ],
            [
              2.709226285302811,
              41.69465998803704
            ],
            [
              2.709202852796251,
              41.694653790385765
            ],
            [
              2.709179481108453,
              41.69464796487825
            ],
            [
              2.709148015047666,
              41.6946406813425
            ],
            [
              2.7091182415006343,
              41.694634364043914
            ],
            [
              2.7090898883631223,
              41.69462885917382
            ],
            [
              2.7090581262477302,
              41.69462327451033
            ],
            [
              2.7090305358732603,
              41.69461891456194
            ],
            [
              2.7090040568251905,
              41.694615151891746
            ],
            [
              2.7089758019182777,
              41.69461158647832
            ],
            [
              2.708948457826579,
              41.694608578204075
            ],
            [
              2.708921744883665,
              41.694606051602165
            ],
            [
              2.7089023695706325,
              41.694604637046055
            ],
            [
              2.708725045588057,
              41.694571026193934
            ],
            [
              2.708743562087749,
              41.694610700911674
            ],
            [
              2.7087493799716067,
              41.69462316531736
            ],
            [
              2.7087523234191164,
              41.69462947416815
            ],
            [
              2.708752993519441,
              41.6946309107029
            ],
            [
              2.7089539401354457,
              41.695182783385945
            ],
            [
              2.708988862779242,
              41.69523163464224
            ],
            [
              2.7090471170530295,
              41.69530565864782
            ],
            [
              2.7089756017818725,
              41.695320064625555
            ],
            [
              2.7089600068679314,
              41.69532320555252
            ],
            [
              2.7089067796598822,
              41.695333927044345
            ],
            [
              2.708718018157893,
              41.695379871543516
            ],
            [
              2.7087274757246456,
              41.69543293401885
            ],
            [
              2.7087346263228906,
              41.69547312395622
            ],
            [
              2.7088193961259703,
              41.69556926563449
            ],
            [
              2.708829018967017,
              41.69556838840098
            ],
            [
              2.7088441898101734,
              41.69558761202999
            ],
            [
              2.708851046661437,
              41.69558609998998
            ],
            [
              2.708909993134706,
              41.69557300792198
            ],
            [
              2.7089572672691595,
              41.69556249833328
            ],
            [
              2.708994321998851,
              41.69555430560407
            ],
            [
              2.7091501291425146,
              41.69554091550556
            ],
            [
              2.709181424269332,
              41.69560971822783
            ],
            [
              2.7093965807486446,
              41.69608241728255
            ],
            [
              2.7094130743252185,
              41.696129296976785
            ],
            [
              2.7093520914966724,
              41.69616778066159
            ],
            [
              2.7093414990331324,
              41.69617446598751
            ],
            [
              2.7093208998447986,
              41.69618746252047
            ],
            [
              2.709115345018782,
              41.696317145927466
            ],
            [
              2.7090982721633243,
              41.69632791577536
            ],
            [
              2.709076221817487,
              41.6963418273183
            ],
            [
              2.7090651219349824,
              41.69634882658362
            ],
            [
              2.708720141921863,
              41.69642018903875
            ],
            [
              2.708504310386773,
              41.696152939725835
            ],
            [
              2.708239178548739,
              41.69622837540514
            ],
            [
              2.7082372749045507,
              41.69622891550382
            ],
            [
              2.7082369343836317,
              41.69622900831351
            ],
            [
              2.7082275460620195,
              41.69623168481693
            ],
            [
              2.708153311244745,
              41.696250859857535
            ],
            [
              2.708198597335799,
              41.69630862049544
            ],
            [
              2.708205526845869,
              41.69631737590838
            ],
            [
              2.7082080391268764,
              41.69632017359723
            ],
            [
              2.7082217889498725,
              41.696335522432655
            ],
            [
              2.708243429700239,
              41.69635989662959
            ],
            [
              2.7082544313342147,
              41.69637226432926
            ],
            [
              2.7083482609153116,
              41.696485091631835
            ],
            [
              2.7084021718834617,
              41.69655043916478
            ],
            [
              2.7084178303565736,
              41.69656948394151
            ],
            [
              2.708458348080358,
              41.696618765672355
            ],
            [
              2.708506149463559,
              41.6966785141354
            ],
            [
              2.7085127221667458,
              41.69668672819645
            ],
            [
              2.7085282751734443,
              41.69670519082952
            ],
            [
              2.7085287400418876,
              41.69670577206777
            ],
            [
              2.7085411481772126,
              41.69672046804708
            ],
            [
              2.70854534752281,
              41.69672545423625
            ],
            [
              2.708550136201196,
              41.69673113727037
            ],
            [
              2.708554806913407,
              41.69673260376693
            ],
            [
              2.708556497825148,
              41.696733134972206
            ],
            [
              2.7085635805240895,
              41.69673486518902
            ],
            [
              2.7085712649426053,
              41.696736145673995
            ],
            [
              2.7085791941555524,
              41.6967369755219
            ],
            [
              2.7085805784577275,
              41.696737008755676
            ],
            [
              2.708587483152019,
              41.69673717308022
            ],
            [
              2.708633283876132,
              41.696734858182374
            ],
            [
              2.7086428988343,
              41.69673470151526
            ],
            [
              2.708652992480663,
              41.696734727104236
            ],
            [
              2.7086581625067994,
              41.69673446909606
            ],
            [
              2.7086682606026327,
              41.696733775025145
            ],
            [
              2.708678598649381,
              41.69673317073222
            ],
            [
              2.7086885769826243,
              41.696732384483205
            ],
            [
              2.708698554512167,
              41.69673150996142
            ],
            [
              2.708708415906087,
              41.696730272157
            ],
            [
              2.708718036130448,
              41.69672894817274
            ],
            [
              2.708728016088137,
              41.696727801639156
            ],
            [
              2.7087381158158585,
              41.696726745479566
            ],
            [
              2.708748697068096,
              41.696725242885
            ],
            [
              2.7087597622552244,
              41.696723558671046
            ],
            [
              2.7087707044511404,
              41.696721965116396
            ],
            [
              2.708781409102882,
              41.696720280887455
            ],
            [
              2.708791510449722,
              41.696718865342746
            ],
            [
              2.7088014892117944,
              41.696717450387226
            ],
            [
              2.708811471993141,
              41.696715943568314
            ],
            [
              2.708821093431305,
              41.69671461597564
            ],
            [
              2.70883059147228,
              41.696713469112844
            ],
            [
              2.7088398491594563,
              41.69671232164036
            ],
            [
              2.70884887091468,
              41.69671099252607
            ],
            [
              2.7088577680710326,
              41.69670984413874
            ],
            [
              2.708866549459936,
              41.696708517116285
            ],
            [
              2.7088744832086267,
              41.696707275315084
            ],
            [
              2.7088820636542623,
              41.69670576240445
            ],
            [
              2.7088890424122627,
              41.69670415969931
            ],
            [
              2.708895416697788,
              41.69670228524866
            ],
            [
              2.708900835176075,
              41.69670049754727
            ],
            [
              2.7089052898369426,
              41.696698707404366
            ],
            [
              2.708910348228055,
              41.69669628739052
            ],
            [
              2.7089224966373995,
              41.69669397540535
            ],
            [
              2.7090059781596203,
              41.69667828292215
            ],
            [
              2.7090797568914713,
              41.69664356257099
            ],
            [
              2.709249524144035,
              41.696576798992204
            ],
            [
              2.709424843995931,
              41.69649224930705
            ],
            [
              2.70942864805883,
              41.69649028276045
            ],
            [
              2.709436201527653,
              41.69648567669591
            ],
            [
              2.7094432536912834,
              41.69647950482464
            ],
            [
              2.7094498996002687,
              41.696471475555995
            ],
            [
              2.709454064692098,
              41.69646405790438
            ],
            [
              2.7094564632237956,
              41.69645769682665
            ],
            [
              2.7094582630129036,
              41.69644952380172
            ],
            [
              2.709480784530433,
              41.6964863244298
            ],
            [
              2.7095128375931234,
              41.696541503878905
            ],
            [
              2.709689959106353,
              41.69645200171774
            ],
            [
              2.709831369892559,
              41.69638057110407
            ],
            [
              2.709892213438353,
              41.69634658767861
            ],
            [
              2.7099605414556205,
              41.69630433654814
            ],
            [
              2.710015406065632,
              41.69626232161988
            ],
            [
              2.710056054647861,
              41.69622891314379
            ],
            [
              2.710101036756851,
              41.6961944383315
            ],
            [
              2.710109596739769,
              41.696188335073806
            ],
            [
              2.710148297715271,
              41.69616069072018
            ],
            [
              2.7101934986632648,
              41.696130451576806
            ],
            [
              2.710227483625838,
              41.69610900932443
            ],
            [
              2.7102986945445418,
              41.69606775604434
            ],
            [
              2.710470230198859,
              41.69604204151558
            ],
            [
              2.7104913094668937,
              41.696047345776776
            ],
            [
              2.7105159026331047,
              41.69605695528751
            ],
            [
              2.710521656522523,
              41.69606021144784
            ],
            [
              2.7105413172368684,
              41.69607125057085
            ],
            [
              2.71055963424755,
              41.696086607928606
            ],
            [
              2.7105700362058336,
              41.69609879465522
            ],
            [
              2.710581523804321,
              41.69610981138623
            ],
            [
              2.710586298925707,
              41.69611693994682
            ],
            [
              2.7106242854641205,
              41.69616792589974
            ],
            [
              2.7106389827019135,
              41.69618678781245
            ],
            [
              2.710648787810662,
              41.6961994215842
            ],
            [
              2.710678410566409,
              41.696239579703075
            ],
            [
              2.7107063577512647,
              41.69627874010959
            ],
            [
              2.710747201269373,
              41.69633585626069
            ],
            [
              2.710748753864273,
              41.69633802368151
            ],
            [
              2.7107584287929125,
              41.69635155872988
            ],
            [
              2.7107996284761686,
              41.69640993855799
            ],
            [
              2.710819332878249,
              41.69643781927829
            ],
            [
              2.710871035166373,
              41.696512530216935
            ],
            [
              2.710889174109889,
              41.69654112755694
            ],
            [
              2.7109045554723115,
              41.69656800660221
            ],
            [
              2.710923103755347,
              41.69661254939095
            ],
            [
              2.7109348305464684,
              41.696648283157536
            ],
            [
              2.7109376866419117,
              41.696656991230505
            ],
            [
              2.7109476052486294,
              41.69669637554153
            ],
            [
              2.7109553477153825,
              41.6967402615469
            ],
            [
              2.710956948730452,
              41.69678503191789
            ],
            [
              2.710957327398374,
              41.69683493237843
            ],
            [
              2.7109632524810587,
              41.69701873148848
            ],
            [
              2.7109672280008335,
              41.69703751865308
            ],
            [
              2.711026627300349,
              41.69718818258835
            ],
            [
              2.711026486353841,
              41.69718825789385
            ],
            [
              2.7110585444778463,
              41.69723865143034
            ],
            [
              2.711059646788203,
              41.697240202527524
            ],
            [
              2.7110978630246763,
              41.69728869842049
            ],
            [
              2.711142862833883,
              41.69733598638098
            ],
            [
              2.71117918878881,
              41.69736621193492
            ],
            [
              2.7111928489479022,
              41.697375753290274
            ],
            [
              2.711186842482315,
              41.69738674490931
            ],
            [
              2.7111814273433392,
              41.69739665175414
            ],
            [
              2.7111768976014967,
              41.69740448197813
            ],
            [
              2.7111710271064213,
              41.69741462906916
            ],
            [
              2.7110802419424376,
              41.69757154287078
            ],
            [
              2.711048114535246,
              41.697627068517086
            ],
            [
              2.71109557941941,
              41.6976440149678
            ],
            [
              2.711177701711222,
              41.697673336931004
            ],
            [
              2.711252809396057,
              41.697702071960855
            ],
            [
              2.711307006723475,
              41.697719051451976
            ],
            [
              2.7113545992803885,
              41.69773300864978
            ],
            [
              2.7114536830730507,
              41.69775340011206
            ],
            [
              2.711550582856553,
              41.69776608130825
            ],
            [
              2.711627189215881,
              41.697772003893725
            ],
            [
              2.711722665219259,
              41.69777789179762
            ],
            [
              2.7118454374539556,
              41.69778546034272
            ],
            [
              2.711955552236768,
              41.697792245838286
            ],
            [
              2.712050434783126,
              41.697798095053216
            ],
            [
              2.712152632886825,
              41.69780498302093
            ],
            [
              2.7122149529649464,
              41.69781022452083
            ],
            [
              2.712253911552656,
              41.69781512467321
            ],
            [
              2.7123503268028886,
              41.697834651202115
            ],
            [
              2.7124057019973566,
              41.697850079393184
            ],
            [
              2.7124191730951575,
              41.69785464368975
            ],
            [
              2.712463848768069,
              41.697869781169395
            ],
            [
              2.7125379620416257,
              41.69794118414852
            ],
            [
              2.7126027325688806,
              41.697958346198746
            ],
            [
              2.712606262925485,
              41.69795927825805
            ],
            [
              2.7126738135742485,
              41.69797718040082
            ],
            [
              2.7126985103756978,
              41.697983724574826
            ],
            [
              2.7127103912389554,
              41.69798997549994
            ],
            [
              2.7127498708355122,
              41.69799962894821
            ],
            [
              2.7128616301203405,
              41.6980269548425
            ],
            [
              2.7130718943374634,
              41.69808266848075
            ],
            [
              2.713069950720872,
              41.698138433072465
            ],
            [
              2.713082254393007,
              41.698142316139574
            ],
            [
              2.7131790692666913,
              41.698164844145836
            ],
            [
              2.7132801212769038,
              41.69817991032702
            ],
            [
              2.713460992343928,
              41.698204523057974
            ],
            [
              2.713617049942827,
              41.6982285602671
            ],
            [
              2.7136184307384745,
              41.69822857902006
            ],
            [
              2.713691407534936,
              41.69801033074979
            ],
            [
              2.7137392202309023,
              41.698020340583994
            ],
            [
              2.713815375870913,
              41.69803994061693
            ],
            [
              2.713833359655306,
              41.69804889525156
            ],
            [
              2.7138463795691954,
              41.698059570495545
            ],
            [
              2.7138517177457433,
              41.69806586175654
            ],
            [
              2.713856179113549,
              41.698072851588876
            ],
            [
              2.713858171583353,
              41.698076946687415
            ],
            [
              2.713859297927683,
              41.69808041453464
            ],
            [
              2.713860365691519,
              41.698082999537256
            ],
            [
              2.7138609466256662,
              41.6980872334339
            ],
            [
              2.7138618829038252,
              41.69809318227208
            ],
            [
              2.7138624634389172,
              41.698097506239044
            ],
            [
              2.7138637443257676,
              41.69810786312375
            ],
            [
              2.713866442955268,
              41.69812074823671
            ],
            [
              2.713870309314548,
              41.69813345881644
            ],
            [
              2.7138746835788146,
              41.69814518888343
            ],
            [
              2.7138837720207163,
              41.69816191613302
            ],
            [
              2.713897967687255,
              41.69818146001576
            ],
            [
              2.713915971935262,
              41.698200181118786
            ],
            [
              2.7139402996046527,
              41.698219288151876
            ],
            [
              2.7139634175813985,
              41.69823312570032
            ],
            [
              2.713983056401953,
              41.69824233572944
            ],
            [
              2.7139851168297686,
              41.69824330191801
            ],
            [
              2.714009988217767,
              41.698252267360935
            ],
            [
              2.714037306664595,
              41.69825929604961
            ],
            [
              2.7140670751377916,
              41.69826398897385
            ],
            [
              2.714093147839671,
              41.698265744478384
            ],
            [
              2.7141163005240667,
              41.698265514747604
            ],
            [
              2.7141371976930935,
              41.69826386438177
            ],
            [
              2.7141682497222757,
              41.69825878323352
            ],
            [
              2.714186670148988,
              41.698254103906
            ],
            [
              2.714191206265945,
              41.69825372247628
            ],
            [
              2.7142025283124958,
              41.69825403976178
            ],
            [
              2.7142101331672346,
              41.69825517015333
            ],
            [
              2.7142174800114627,
              41.69825702948029
            ],
            [
              2.7142257130706064,
              41.69826013759717
            ],
            [
              2.714294812846672,
              41.69831459987494
            ],
            [
              2.7143677092398515,
              41.6983788451829
            ],
            [
              2.714461195739456,
              41.6984617251127
            ],
            [
              2.7146287230149277,
              41.69861277014835
            ],
            [
              2.7146712532863817,
              41.69864965906184
            ],
            [
              2.714814320361832,
              41.69877498268221
            ],
            [
              2.7148522182290558,
              41.698810148677886
            ],
            [
              2.7148822656166,
              41.69884264528744
            ],
            [
              2.7149232427222953,
              41.69889547827488
            ],
            [
              2.714961818327326,
              41.69895546145457
            ],
            [
              2.7149827533990307,
              41.69899263355419
            ],
            [
              2.715000696361249,
              41.699032979547425
            ],
            [
              2.7150155306813137,
              41.69907240540683
            ],
            [
              2.7150277565446834,
              41.69910949735406
            ],
            [
              2.715038706537943,
              41.699157375774945
            ],
            [
              2.715046270051299,
              41.699213091906934
            ],
            [
              2.7150474605335226,
              41.69926684489507
            ],
            [
              2.7150451311081754,
              41.69933333694316
            ],
            [
              2.7150311023499962,
              41.69940761096211
            ],
            [
              2.7150074653661465,
              41.69948042001143
            ],
            [
              2.714988296860907,
              41.69952108469161
            ],
            [
              2.714974344281058,
              41.69955086458105
            ],
            [
              2.714973859189817,
              41.69955185145984
            ],
            [
              2.714951465607345,
              41.69958800547167
            ],
            [
              2.7149320972347577,
              41.699619212162176
            ],
            [
              2.714881334639179,
              41.69968385198341
            ],
            [
              2.7146350000255945,
              41.699947599756285
            ],
            [
              2.7145816827970917,
              41.70001961443804
            ],
            [
              2.714533040614633,
              41.700093533104216
            ],
            [
              2.7144894384538274,
              41.7001691738227
            ],
            [
              2.714480102671048,
              41.70018761523816
            ],
            [
              2.714450758132286,
              41.70024635886516
            ],
            [
              2.714430963821959,
              41.70029251623867
            ],
            [
              2.7144199139565406,
              41.70031834013381
            ],
            [
              2.7144171198419977,
              41.7003248183214
            ],
            [
              2.7143887719787165,
              41.70040437176987
            ],
            [
              2.71436557916335,
              41.7004849261046
            ],
            [
              2.7143476735665617,
              41.70056622135128
            ],
            [
              2.714342227219427,
              41.70060196700398
            ],
            [
              2.7143375258958384,
              41.70063230843123
            ],
            [
              2.7143351710468266,
              41.700648153317665
            ],
            [
              2.7143331468520713,
              41.700671297499866
            ],
            [
              2.7143279566002843,
              41.700730370441725
            ],
            [
              2.714327186260843,
              41.70076891992499
            ],
            [
              2.7143261508380405,
              41.70081278115164
            ],
            [
              2.7143204489399,
              41.70085194887415
            ],
            [
              2.714320649045616,
              41.70086104656826
            ],
            [
              2.7143207345420026,
              41.700868612766115
            ],
            [
              2.7143211176078754,
              41.700890682076185
            ],
            [
              2.7143183162833457,
              41.700953905132124
            ],
            [
              2.7143143392125673,
              41.701038652293555
            ],
            [
              2.7142983418483237,
              41.70139475424063
            ],
            [
              2.71429701400249,
              41.70142294323932
            ],
            [
              2.714160273165712,
              41.70141602801316
            ],
            [
              2.714160220513825,
              41.70142791728652
            ],
            [
              2.714161343235016,
              41.70149979693197
            ],
            [
              2.7134660691813552,
              41.70147095768314
            ],
            [
              2.7131600473620163,
              41.701459728000216
            ],
            [
              2.7131500302108007,
              41.70145936072686
            ],
            [
              2.71314606588804,
              41.70145921572486
            ],
            [
              2.713143906327994,
              41.70145781873373
            ],
            [
              2.7131315456251714,
              41.70145364460257
            ],
            [
              2.7131137673646655,
              41.70145152858473
            ],
            [
              2.7130766400264235,
              41.70144918411512
            ],
            [
              2.7129340073756603,
              41.70144261300488
            ],
            [
              2.71270654219152,
              41.70143168640011
            ],
            [
              2.712483287191373,
              41.701419959237185
            ],
            [
              2.712260514221374,
              41.70140796263375
            ],
            [
              2.712051069066398,
              41.7013988812731
            ],
            [
              2.7118417341051395,
              41.7013920515881
            ],
            [
              2.711770104772958,
              41.701391601747964
            ],
            [
              2.7116987057551243,
              41.70139340422199
            ],
            [
              2.711554685325318,
              41.70140159960231
            ],
            [
              2.7114594537294976,
              41.70141135844823
            ],
            [
              2.7113658801331306,
              41.7014266157252
            ],
            [
              2.711305365175053,
              41.70144024462289
            ],
            [
              2.71130528454599,
              41.70144026783887
            ],
            [
              2.7112875543458688,
              41.70144542401136
            ],
            [
              2.711263892818657,
              41.7014522144836
            ],
            [
              2.71124316472557,
              41.70145477897325
            ],
            [
              2.7110424827077386,
              41.70152831402134
            ],
            [
              2.7110200745154107,
              41.70154077757913
            ],
            [
              2.710999923672724,
              41.701611971455996
            ],
            [
              2.710989520744186,
              41.70165346903665
            ],
            [
              2.7109780199909594,
              41.70169883601764
            ],
            [
              2.7109569740641235,
              41.70183596067932
            ],
            [
              2.7109109633935264,
              41.70207273409393
            ],
            [
              2.710872775548554,
              41.702228190139834
            ],
            [
              2.710855662005842,
              41.7023188533142
            ],
            [
              2.71085483273523,
              41.70234326053043
            ],
            [
              2.7108544930947223,
              41.70236541809853
            ],
            [
              2.710854186952941,
              41.70238009803756
            ],
            [
              2.710866203950467,
              41.702472272036964
            ],
            [
              2.710888393008068,
              41.702642965993185
            ],
            [
              2.7110286483840857,
              41.7026098005463
            ],
            [
              2.7112233862639625,
              41.702561107558004
            ],
            [
              2.7112938981394445,
              41.70254350826189
            ],
            [
              2.711654340365533,
              41.702456802715595
            ],
            [
              2.712144687033874,
              41.70232358265248
            ],
            [
              2.7123770703482832,
              41.70225940237244
            ],
            [
              2.7125964525417534,
              41.70220410435885
            ],
            [
              2.7128629461804015,
              41.70214762661899
            ],
            [
              2.7130708407359405,
              41.702101354757175
            ],
            [
              2.713178769213466,
              41.702084691682686
            ],
            [
              2.713265785293731,
              41.7020714593863
            ],
            [
              2.7134270768204223,
              41.702053520494125
            ],
            [
              2.7136708765993145,
              41.70202247084295
            ],
            [
              2.713896795870552,
              41.70200414556062
            ],
            [
              2.71411900218755,
              41.70199075460786
            ],
            [
              2.7144141141507045,
              41.70197877749657
            ],
            [
              2.714598999853252,
              41.701974011762275
            ],
            [
              2.714756680732726,
              41.70198752752233
            ],
            [
              2.714917724216584,
              41.701991864141384
            ],
            [
              2.715069076280079,
              41.70200751917778
            ],
            [
              2.7150798465922468,
              41.70201943798584
            ],
            [
              2.7154217486534065,
              41.70204703989436
            ],
            [
              2.715551186968311,
              41.70204772062989
            ],
            [
              2.715772808541621,
              41.70204889495529
            ],
            [
              2.7157892753258985,
              41.70204893567992
            ],
            [
              2.716127656209937,
              41.702064542802255
            ],
            [
              2.716517852901096,
              41.702092703883935
            ],
            [
              2.7166225528688677,
              41.702100257872644
            ],
            [
              2.716659892053063,
              41.70210018150492
            ],
            [
              2.716721468613065,
              41.702100051381905
            ],
            [
              2.716797183155673,
              41.70210095946052
            ],
            [
              2.7169345212875395,
              41.70211074629306
            ],
            [
              2.7170623116467065,
              41.70211643553333
            ],
            [
              2.717175291667879,
              41.70212998112657
            ],
            [
              2.7171928932514477,
              41.70213601057722
            ],
            [
              2.7172357734616512,
              41.70215067340436
            ],
            [
              2.717273247506177,
              41.70216426547931
            ],
            [
              2.717304803479335,
              41.702175665962635
            ],
            [
              2.717339375302389,
              41.702182603619605
            ],
            [
              2.717401970243273,
              41.70218405008202
            ],
            [
              2.7175049251207173,
              41.70218643429092
            ],
            [
              2.7175540611304463,
              41.70219123426427
            ],
            [
              2.7176419150956415,
              41.70219977003043
            ],
            [
              2.717829820287228,
              41.702215632830494
            ],
            [
              2.717856870590181,
              41.7022193192072
            ],
            [
              2.7179045367120453,
              41.70222577723631
            ],
            [
              2.7182295310046523,
              41.702286316976966
            ],
            [
              2.718468606764273,
              41.70233085676439
            ],
            [
              2.718230237044787,
              41.70228647002773
            ],
            [
              2.7185158532262386,
              41.70234869311159
            ],
            [
              2.7185993308056653,
              41.70235793169136
            ],
            [
              2.718601937205673,
              41.70232110434272
            ],
            [
              2.7188576583137993,
              41.70238522593227
            ],
            [
              2.718996416669372,
              41.702399182271876
            ],
            [
              2.7191948813266102,
              41.70241919572305
            ],
            [
              2.7198571587174567,
              41.702364599489776
            ],
            [
              2.7212408345872734,
              41.70237976614194
            ],
            [
              2.7213609641478733,
              41.70236144064534
            ],
            [
              2.721464918129679,
              41.702340731265465
            ],
            [
              2.7214979553487586,
              41.702331590739846
            ],
            [
              2.721525868448542,
              41.70232339524557
            ],
            [
              2.721544513068122,
              41.7023173200822
            ],
            [
              2.7215728813730684,
              41.702308079051654
            ],
            [
              2.7215989664966247,
              41.702298743312525
            ],
            [
              2.7216514423972495,
              41.7022780288404
            ],
            [
              2.7217040507741928,
              41.70225445670461
            ],
            [
              2.721759999858428,
              41.70222598014749
            ],
            [
              2.721802527326382,
              41.70220171793245
            ],
            [
              2.721848241673218,
              41.702172826547475
            ],
            [
              2.7218914741720144,
              41.702141406242724
            ],
            [
              2.7219169219726425,
              41.702122914047855
            ],
            [
              2.7219440486481643,
              41.70209943235976
            ],
            [
              2.721971203218135,
              41.70207114453114
            ],
            [
              2.7219801680950217,
              41.70206192581057
            ],
            [
              2.72198726836006,
              41.70205672786236
            ],
            [
              2.721994577939016,
              41.702052881488704
            ],
            [
              2.722004290790649,
              41.702049427333684
            ],
            [
              2.7220150001957175,
              41.7020473230542
            ],
            [
              2.7220300180522163,
              41.7020469603642
            ],
            [
              2.7220384145513683,
              41.70204803901011
            ],
            [
              2.722046644725853,
              41.70205006300119
            ],
            [
              2.722057136200562,
              41.70205391009837
            ],
            [
              2.722068909860532,
              41.702060041800046
            ],
            [
              2.7221852219416536,
              41.70212061672224
            ],
            [
              2.722252412793157,
              41.70215561058017
            ],
            [
              2.722318721117089,
              41.702190142902914
            ],
            [
              2.722341497456218,
              41.702202004472184
            ],
            [
              2.7224615611395953,
              41.702264533716296
            ],
            [
              2.7226876847913872,
              41.702309035249755
            ],
            [
              2.722985170310421,
              41.702360639356506
            ],
            [
              2.7243517344818984,
              41.702159094261006
            ],
            [
              2.7230374636686068,
              41.70140430153862
            ],
            [
              2.724056970960009,
              41.700313636563514
            ],
            [
              2.724620692812908,
              41.69970745347381
            ],
            [
              2.7243659688119677,
              41.699523823380986
            ],
            [
              2.724370194420233,
              41.699519329050744
            ],
            [
              2.7244611075298115,
              41.699421814310085
            ],
            [
              2.7245158781470242,
              41.699363065113616
            ],
            [
              2.7246932770586514,
              41.699172784083345
            ],
            [
              2.7245058360768923,
              41.69896535017648
            ],
            [
              2.7244648073444804,
              41.6989199477565
            ],
            [
              2.7244423186208313,
              41.69889494408821
            ],
            [
              2.7243658785594973,
              41.698810363976406
            ],
            [
              2.72432712188503,
              41.698767395277606
            ],
            [
              2.724494295983483,
              41.698682680589684
            ],
            [
              2.724504732416129,
              41.69867736618182
            ],
            [
              2.724576082473297,
              41.69864118532469
            ],
            [
              2.7243001941015783,
              41.69833541808579
            ],
            [
              2.7242923449809666,
              41.69832671638213
            ],
            [
              2.7242772998157543,
              41.69831004321684
            ],
            [
              2.7241425886620028,
              41.69816103023416
            ],
            [
              2.7241152446041643,
              41.6981307817014
            ],
            [
              2.72403260850478,
              41.698039373489586
            ],
            [
              2.7239995232666243,
              41.698002720583005
            ],
            [
              2.7237554542798827,
              41.697732361592514
            ],
            [
              2.723629829794231,
              41.69759320202122
            ],
            [
              2.7234862975733027,
              41.6974341988468
            ],
            [
              2.7230912964099123,
              41.69699660363938
            ],
            [
              2.7230912569406875,
              41.69699655940933
            ],
            [
              2.722935805786748,
              41.69682436919436
            ],
            [
              2.722843494751259,
              41.696722119217476
            ],
            [
              2.7227872760894183,
              41.69665983350863
            ],
            [
              2.7229488056613698,
              41.69662046553987
            ],
            [
              2.723096040756933,
              41.69658453515267
            ],
            [
              2.723548042721925,
              41.69647430327484
            ],
            [
              2.7235521474694626,
              41.6964733025484
            ],
            [
              2.7235664502409116,
              41.696469834978956
            ],
            [
              2.7237936597509345,
              41.696414402838336
            ],
            [
              2.7239802834098747,
              41.69636888600844
            ],
            [
              2.7239901686930414,
              41.69636647692316
            ],
            [
              2.7240149412675096,
              41.69636048182057
            ],
            [
              2.7248064127841864,
              41.69616746359177
            ],
            [
              2.7252578745405893,
              41.69605741643642
            ],
            [
              2.7252857839607323,
              41.696050464795015
            ],
            [
              2.7253053029238754,
              41.69604570254219
            ],
            [
              2.7253572744160492,
              41.696033037523456
            ],
            [
              2.725516793071758,
              41.6959941475186
            ],
            [
              2.725548674110386,
              41.69598638745109
            ],
            [
              2.725772646973327,
              41.69593135438693
            ],
            [
              2.7260046699307097,
              41.69591486629343
            ],
            [
              2.7269633933153616,
              41.69698158581523
            ],
            [
              2.7285889881872736,
              41.69905822495095
            ],
            [
              2.7292937220350595,
              41.699434367538025
            ],
            [
              2.729598542577816,
              41.69959705854504
            ],
            [
              2.7309811520771556,
              41.698501383077286
            ],
            [
              2.731519013182599,
              41.69793969066994
            ],
            [
              2.732495448236427,
              41.69656169750053
            ],
            [
              2.736086427094507,
              41.69282318045301
            ],
            [
              2.736860095716631,
              41.6920137921056
            ],
            [
              2.736281907263461,
              41.69170267789512
            ],
            [
              2.73486802962199,
              41.6909418737414
            ],
            [
              2.73429393202092,
              41.69057283758491
            ],
            [
              2.7341162638202015,
              41.690619659247695
            ],
            [
              2.733781883159377,
              41.69072598190875
            ],
            [
              2.7335480335201,
              41.690785067268386
            ],
            [
              2.733280069924678,
              41.69084164646163
            ],
            [
              2.7331605913084926,
              41.690864612049594
            ],
            [
              2.733142853743757,
              41.690868023302876
            ],
            [
              2.7329082938302642,
              41.69092337765307
            ],
            [
              2.732631417440934,
              41.69106673735071
            ],
            [
              2.7325906936111086,
              41.69108971439827
            ],
            [
              2.7325942500602176,
              41.69109680228712
            ],
            [
              2.732531733252259,
              41.69113412201847
            ],
            [
              2.7324265730381483,
              41.691195940946585
            ],
            [
              2.732343355905939,
              41.69123645044603
            ],
            [
              2.732328795812051,
              41.69124353938377
            ],
            [
              2.732226363708775,
              41.691284913765244
            ],
            [
              2.7321009603692494,
              41.69133028772459
            ],
            [
              2.7320831421517084,
              41.69133658451419
            ],
            [
              2.7320743612651626,
              41.69133952919509
            ],
            [
              2.7320680412345886,
              41.69134165005462
            ],
            [
              2.7318438051296976,
              41.691416874431276
            ],
            [
              2.731717511829519,
              41.69146084798591
            ],
            [
              2.731631136108747,
              41.69147557205527
            ],
            [
              2.73154447964294,
              41.69151098841099
            ],
            [
              2.731102838084287,
              41.69170337890115
            ],
            [
              2.7308392546578055,
              41.69181819830963
            ],
            [
              2.7305142849192636,
              41.69194178214894
            ],
            [
              2.7301427282874724,
              41.69208308441989
            ],
            [
              2.7299311493700973,
              41.692163544501334
            ],
            [
              2.7296520273779494,
              41.69223393747259
            ],
            [
              2.729227811505622,
              41.692329000837596
            ],
            [
              2.729221317127006,
              41.69232622935153
            ],
            [
              2.728977471837483,
              41.69243960119618
            ],
            [
              2.7288115966899396,
              41.69251672084858
            ],
            [
              2.7287346021638847,
              41.69255080680488
            ],
            [
              2.728585028963119,
              41.692617018228546
            ],
            [
              2.7284616425800134,
              41.692661050902544
            ],
            [
              2.728411839025043,
              41.692678206211895
            ],
            [
              2.72828090120316,
              41.692723304404694
            ],
            [
              2.728075554881945,
              41.692782044268704
            ],
            [
              2.727949290005189,
              41.69282458880649
            ],
            [
              2.727780882319283,
              41.692894753763326
            ],
            [
              2.7277790202845673,
              41.692895462718226
            ],
            [
              2.727625969127407,
              41.692953609566075
            ],
            [
              2.7274610377181707,
              41.69299606282093
            ],
            [
              2.7272659554472103,
              41.69301198131717
            ],
            [
              2.7269348609210904,
              41.693007423825485
            ],
            [
              2.7266961356424537,
              41.69299047058002
            ],
            [
              2.7265667537724423,
              41.69297504344426
            ],
            [
              2.726535533165703,
              41.69296571342406
            ],
            [
              2.7251099483938246,
              41.69280833630587
            ],
            [
              2.7238218750039658,
              41.69257106616493
            ],
            [
              2.723821915411075,
              41.692570890622825
            ],
            [
              2.723311080610366,
              41.69247863756263
            ],
            [
              2.7232680603121575,
              41.69248269257842
            ],
            [
              2.7232505916486396,
              41.69248342062475
            ],
            [
              2.7232098184924647,
              41.692487483732094
            ],
            [
              2.7231810815213984,
              41.692492962916056
            ],
            [
              2.7231519519084895,
              41.69249976879932
            ],
            [
              2.723121519592408,
              41.692509669091976
            ],
            [
              2.723072502666218,
              41.69253055744146
            ],
            [
              2.723043655678396,
              41.692549910923155
            ],
            [
              2.723043298957261,
              41.69254874724186
            ],
            [
              2.7230404447149974,
              41.69255579655638
            ],
            [
              2.723009129798583,
              41.692549848432186
            ],
            [
              2.723024869127721,
              41.69253373746534
            ],
            [
              2.723032119666561,
              41.692512292727585
            ],
            [
              2.7230243251053694,
              41.6924868747107
            ]
          ]
        ]
      }
    },
    {
      "type": "Feature",
      "id": "082845--zone--diba-420",
      "properties": {
        "name": "Can Soler",
        "officialName": "Can Soler",
        "municipality": "Tordera",
        "kind": "zone",
        "quality": "official",
        "sourceCategory": "Nucli/urbanització DIBA · AMBIT_PPU",
        "code": "420"
      },
      "geometry": {
        "bbox": [
          2.644045860691989,
          41.65508959604871,
          2.6506797890849843,
          41.66105319867298
        ],
        "type": "Polygon",
        "coordinates": [
          [
            [
              2.644510383394269,
              41.65992908513562
            ],
            [
              2.644311182824707,
              41.660148889934284
            ],
            [
              2.6442855552318,
              41.660266262476064
            ],
            [
              2.644221082215535,
              41.66043630046376
            ],
            [
              2.6441818952320615,
              41.6605298547482
            ],
            [
              2.644018145734621,
              41.66060185552691
            ],
            [
              2.644015404753109,
              41.66062040273183
            ],
            [
              2.644021805510581,
              41.660701307042096
            ],
            [
              2.6440552678231484,
              41.66079760826583
            ],
            [
              2.644079916535135,
              41.660858122778315
            ],
            [
              2.6441100548456435,
              41.66094756733255
            ],
            [
              2.6441936843290725,
              41.66100745197834
            ],
            [
              2.644233777541223,
              41.66103342759172
            ],
            [
              2.6443202248290305,
              41.66099622345997
            ],
            [
              2.6443611389643933,
              41.660981937670456
            ],
            [
              2.6444236409952877,
              41.66095231907513
            ],
            [
              2.6444862877327475,
              41.6609175631973
            ],
            [
              2.644555677486614,
              41.6608803989008
            ],
            [
              2.64460917935886,
              41.660849038304775
            ],
            [
              2.6446696373940024,
              41.660797253788225
            ],
            [
              2.644866756009599,
              41.66061942803616
            ],
            [
              2.64493633043146,
              41.66057019445502
            ],
            [
              2.644965877086083,
              41.66054821722876
            ],
            [
              2.6450373608138764,
              41.660500788217426
            ],
            [
              2.6451420249643607,
              41.66044833021291
            ],
            [
              2.6452090212530073,
              41.66043151345861
            ],
            [
              2.6452623845943988,
              41.66042483180567
            ],
            [
              2.6453600445867793,
              41.660423420903555
            ],
            [
              2.645750863662235,
              41.660449303053944
            ],
            [
              2.645913254909084,
              41.66042683511823
            ],
            [
              2.6460437733537274,
              41.66041273375551
            ],
            [
              2.646186401548478,
              41.660402094052195
            ],
            [
              2.646286203503406,
              41.66040411348703
            ],
            [
              2.6462840646669408,
              41.66037771406091
            ],
            [
              2.646402075061893,
              41.66038834534992
            ],
            [
              2.6465551682199924,
              41.66039728206614
            ],
            [
              2.6466311562142093,
              41.66040517180996
            ],
            [
              2.6474846318256406,
              41.6604546235699
            ],
            [
              2.647602218936255,
              41.66052136707128
            ],
            [
              2.647954672039147,
              41.6607114159896
            ],
            [
              2.648047325508209,
              41.66076880526595
            ],
            [
              2.6481911126272473,
              41.66083220475502
            ],
            [
              2.6483000168974375,
              41.66083938349426
            ],
            [
              2.648430678738168,
              41.66073250679285
            ],
            [
              2.6485009688939094,
              41.66074974534118
            ],
            [
              2.648576360304661,
              41.660646122165815
            ],
            [
              2.6485901097523903,
              41.660635895115185
            ],
            [
              2.6486866957581916,
              41.66061069914348
            ],
            [
              2.6487183305812296,
              41.66062439757532
            ],
            [
              2.6487501303390326,
              41.660629628850884
            ],
            [
              2.649088814497918,
              41.66063489401786
            ],
            [
              2.6492148224438896,
              41.66063275663714
            ],
            [
              2.6492567663235835,
              41.66062856028922
            ],
            [
              2.649318150875336,
              41.66060496862874
            ],
            [
              2.6493375565930255,
              41.660592236734644
            ],
            [
              2.649360377360864,
              41.660570148686844
            ],
            [
              2.6493820002263977,
              41.66054724543322
            ],
            [
              2.649390150406995,
              41.660506378589076
            ],
            [
              2.6493937855040643,
              41.66047837644058
            ],
            [
              2.6493983819453475,
              41.66045028895382
            ],
            [
              2.6493907540810957,
              41.66039442115729
            ],
            [
              2.6493741571113647,
              41.660332220071595
            ],
            [
              2.649359673302675,
              41.66027858225259
            ],
            [
              2.649457789495157,
              41.66039210270724
            ],
            [
              2.6495603468639572,
              41.660506446362525
            ],
            [
              2.6497211655991504,
              41.660685728225516
            ],
            [
              2.6499309485477207,
              41.66091758259448
            ],
            [
              2.649992201983595,
              41.660917766432696
            ],
            [
              2.6501635764768334,
              41.66092252063538
            ],
            [
              2.6506190942388157,
              41.660934983191545
            ],
            [
              2.650628589411014,
              41.6608669177611
            ],
            [
              2.650620832108098,
              41.66083545821742
            ],
            [
              2.6505859438941584,
              41.660779149152084
            ],
            [
              2.6505656809274853,
              41.660750082625285
            ],
            [
              2.6505069693379597,
              41.6607014463823
            ],
            [
              2.6504086863989804,
              41.66061855163968
            ],
            [
              2.650354472218524,
              41.66055965990843
            ],
            [
              2.65030043619377,
              41.66049050140621
            ],
            [
              2.6502442388677268,
              41.6603988174449
            ],
            [
              2.6502081075051587,
              41.660350159682515
            ],
            [
              2.6501765875331866,
              41.66031520595984
            ],
            [
              2.650164182810552,
              41.660298955276986
            ],
            [
              2.650120016162043,
              41.66027071753233
            ],
            [
              2.65002178282413,
              41.6602006137045
            ],
            [
              2.6499527360589346,
              41.660152756351366
            ],
            [
              2.649918987414335,
              41.660108426498276
            ],
            [
              2.6498774297695213,
              41.660041830511105
            ],
            [
              2.6498629504850952,
              41.65998729204798
            ],
            [
              2.649874790358413,
              41.65990734252864
            ],
            [
              2.6498908938507335,
              41.65986136487558
            ],
            [
              2.6499114618441446,
              41.65983422673143
            ],
            [
              2.649992438782451,
              41.659762955408176
            ],
            [
              2.650033479337123,
              41.65972560959053
            ],
            [
              2.6501869983543758,
              41.659610603922665
            ],
            [
              2.650241661461957,
              41.65956393381826
            ],
            [
              2.6502793511920952,
              41.65952405660425
            ],
            [
              2.6502897846995452,
              41.65948238328702
            ],
            [
              2.6502933503946413,
              41.65944492515208
            ],
            [
              2.650291537408591,
              41.65937997694013
            ],
            [
              2.65025794879782,
              41.65928367891835
            ],
            [
              2.6502231007636707,
              41.659219711942974
            ],
            [
              2.650184827891282,
              41.6591676231156
            ],
            [
              2.6501430485940487,
              41.65911984885219
            ],
            [
              2.6500685979571066,
              41.65904981743873
            ],
            [
              2.6499803100441577,
              41.65900703470799
            ],
            [
              2.6499021983294724,
              41.658970138475745
            ],
            [
              2.649833144192452,
              41.658946958903314
            ],
            [
              2.649667063957997,
              41.658897096154305
            ],
            [
              2.6495265657556,
              41.658869375170646
            ],
            [
              2.6492770508364267,
              41.65883456873608
            ],
            [
              2.6491863896954806,
              41.65883087023506
            ],
            [
              2.6490728701456545,
              41.6588339473362
            ],
            [
              2.6489229688676894,
              41.65885735771418
            ],
            [
              2.648827475330923,
              41.65888093683961
            ],
            [
              2.6487585776840845,
              41.658895137816
            ],
            [
              2.648728156679375,
              41.65890135078045
            ],
            [
              2.648580059849886,
              41.6587253498619
            ],
            [
              2.6484966036390496,
              41.658632950273585
            ],
            [
              2.648384036485025,
              41.658505155210605
            ],
            [
              2.648369336582631,
              41.65849168863507
            ],
            [
              2.648126110516111,
              41.65860398536946
            ],
            [
              2.6480977897254365,
              41.658599486046924
            ],
            [
              2.6480207178114004,
              41.658592495571824
            ],
            [
              2.6479151348963748,
              41.65859388356778
            ],
            [
              2.647750671041852,
              41.658623194352856
            ],
            [
              2.647618960435158,
              41.6586363923875
            ],
            [
              2.647549769310111,
              41.658637892510455
            ],
            [
              2.6474906986232916,
              41.658634288634154
            ],
            [
              2.6474454091689688,
              41.6586137043204
            ],
            [
              2.6474161585760747,
              41.658581278804526
            ],
            [
              2.647408408012682,
              41.65854891923595
            ],
            [
              2.6474109199878884,
              41.65850632205646
            ],
            [
              2.6474179130579327,
              41.65845779568176
            ],
            [
              2.647435160570577,
              41.65842209006252
            ],
            [
              2.647516423740995,
              41.65827669311137
            ],
            [
              2.6475919736528573,
              41.65816622285904
            ],
            [
              2.647692443084954,
              41.65804448348705
            ],
            [
              2.647802513181237,
              41.65794637226933
            ],
            [
              2.6479334618149637,
              41.657852287158164
            ],
            [
              2.6482081981635317,
              41.657842047705486
            ],
            [
              2.648596336536371,
              41.65782792187093
            ],
            [
              2.6487688313577777,
              41.65782412294582
            ],
            [
              2.648872747245483,
              41.65781939731382
            ],
            [
              2.6490097525178014,
              41.65767083419583
            ],
            [
              2.6492027380937504,
              41.65745344942479
            ],
            [
              2.649011538033253,
              41.65734153690435
            ],
            [
              2.649122146072626,
              41.65725414370286
            ],
            [
              2.6492703311839176,
              41.65712552207105
            ],
            [
              2.6493531902192142,
              41.65703912573117
            ],
            [
              2.649408983402161,
              41.65700524875358
            ],
            [
              2.6494988597220472,
              41.65695364055354
            ],
            [
              2.649594471462467,
              41.65690790443936
            ],
            [
              2.649700143397941,
              41.656866522355294
            ],
            [
              2.6497558588906793,
              41.656847145642864
            ],
            [
              2.649863548634504,
              41.65681081448238
            ],
            [
              2.6500519258796027,
              41.656800307518296
            ],
            [
              2.650126861347844,
              41.656802247004386
            ],
            [
              2.6504983526254318,
              41.656823011054
            ],
            [
              2.6505664737525665,
              41.65681889381656
            ],
            [
              2.65061758567093,
              41.65680634995496
            ],
            [
              2.650668693685619,
              41.65679452483234
            ],
            [
              2.6507028612575882,
              41.65678354982763
            ],
            [
              2.6506745786440837,
              41.65675031742468
            ],
            [
              2.6503045888834427,
              41.65634035790573
            ],
            [
              2.6502391749060523,
              41.656265309137254
            ],
            [
              2.6498220605707323,
              41.65577657186617
            ],
            [
              2.649814052950474,
              41.65576889045862
            ],
            [
              2.649812050608636,
              41.65571727406314
            ],
            [
              2.649773728170762,
              41.65567455329601
            ],
            [
              2.6496850221703485,
              41.65557682518617
            ],
            [
              2.6496422061464675,
              41.65552139054135
            ],
            [
              2.649585648100019,
              41.65547528146461
            ],
            [
              2.6495619675761777,
              41.655456475215644
            ],
            [
              2.649515767237145,
              41.655383104995714
            ],
            [
              2.6495113699517345,
              41.65537453565762
            ],
            [
              2.649516078804375,
              41.65532519061428
            ],
            [
              2.649520791725935,
              41.655297912297954
            ],
            [
              2.649540395233403,
              41.65524861266805
            ],
            [
              2.6495541863832197,
              41.65520785214424
            ],
            [
              2.649553652356884,
              41.65510652052495
            ],
            [
              2.6494853141658656,
              41.65515143817473
            ],
            [
              2.649407739975304,
              41.65521587321572
            ],
            [
              2.6493415435017202,
              41.6552863777316
            ],
            [
              2.64928554210604,
              41.655359347058834
            ],
            [
              2.649237539128827,
              41.655440985867024
            ],
            [
              2.64919856708671,
              41.65549616927686
            ],
            [
              2.649144142496141,
              41.65556644298911
            ],
            [
              2.6490757862511316,
              41.65561388054773
            ],
            [
              2.649029115762826,
              41.6556265300626
            ],
            [
              2.6489609385457755,
              41.65564163318922
            ],
            [
              2.648879210609658,
              41.655652464205325
            ],
            [
              2.6487918323665647,
              41.6556640867445
            ],
            [
              2.6486364024505673,
              41.655690002788475
            ],
            [
              2.6485114543364814,
              41.655719435470296
            ],
            [
              2.64841376186206,
              41.65575066365524
            ],
            [
              2.6483023019136365,
              41.65579626023464
            ],
            [
              2.648234033727495,
              41.655827576492314
            ],
            [
              2.64816569025636,
              41.65587249333434
            ],
            [
              2.6480551367641714,
              41.65595006616691
            ],
            [
              2.6478942603681404,
              41.65611557865709
            ],
            [
              2.647770955615515,
              41.65624040169178
            ],
            [
              2.647624898814139,
              41.65639703938895
            ],
            [
              2.6475121696628796,
              41.65645461176562
            ],
            [
              2.6473882976979306,
              41.656507015751316
            ],
            [
              2.647044188668966,
              41.6565976545801
            ],
            [
              2.6469546254944016,
              41.65659143477816
            ],
            [
              2.64687970857374,
              41.65658616242305
            ],
            [
              2.6465940797731697,
              41.65656817091763
            ],
            [
              2.6462516576546413,
              41.65652541790888
            ],
            [
              2.6461900727309846,
              41.65658656550553
            ],
            [
              2.6461089719262185,
              41.65667999148933
            ],
            [
              2.646075827622214,
              41.65672330498288
            ],
            [
              2.646031700281796,
              41.65668822031159
            ],
            [
              2.6460005027240188,
              41.656660923427836
            ],
            [
              2.6459664964925973,
              41.65664208464094
            ],
            [
              2.6457593088062037,
              41.656555427654446
            ],
            [
              2.6456223129646137,
              41.65650393641278
            ],
            [
              2.6455408263852753,
              41.65647044772992
            ],
            [
              2.6453576028312167,
              41.65639494545895
            ],
            [
              2.6453146452016245,
              41.65636589983655
            ],
            [
              2.6452693939014646,
              41.656338558485146
            ],
            [
              2.645253652788909,
              41.65631806178625
            ],
            [
              2.6452372483897926,
              41.65630900576968
            ],
            [
              2.6451484814438313,
              41.65635475759231
            ],
            [
              2.6449709411489954,
              41.65644779583556
            ],
            [
              2.644882099099437,
              41.656507150774765
            ],
            [
              2.6448273685003456,
              41.65654445157096
            ],
            [
              2.644770192987398,
              41.656632815538345
            ],
            [
              2.6446653688077624,
              41.65671589808715
            ],
            [
              2.644635664395346,
              41.656744808497244
            ],
            [
              2.644589201251487,
              41.65693877062345
            ],
            [
              2.6445680828905695,
              41.65706642813317
            ],
            [
              2.64450297434303,
              41.65735319754816
            ],
            [
              2.644675067643131,
              41.65742182310337
            ],
            [
              2.645102910193935,
              41.65761391531483
            ],
            [
              2.645601079346502,
              41.6578384676123
            ],
            [
              2.6462204117434434,
              41.65811211961009
            ],
            [
              2.6459830004146356,
              41.658368454601046
            ],
            [
              2.644971823314773,
              41.65941990406738
            ],
            [
              2.644636772745838,
              41.65978961963988
            ],
            [
              2.644510383394269,
              41.65992908513562
            ]
          ]
        ]
      }
    },
    {
      "type": "Feature",
      "id": "082845--zone--diba-265",
      "properties": {
        "name": "Sant Daniel",
        "officialName": "Sant Daniel",
        "municipality": "Tordera",
        "kind": "zone",
        "quality": "official",
        "sourceCategory": "Nucli/urbanització DIBA · LIMIT_PPU",
        "code": "265"
      },
      "geometry": {
        "bbox": [
          2.7578819634888756,
          41.70389712442285,
          2.766757002328582,
          41.72141334879594
        ],
        "type": "Polygon",
        "coordinates": [
          [
            [
              2.7619517713211987,
              41.707507586367804
            ],
            [
              2.762015200211241,
              41.70758247682517
            ],
            [
              2.762097180258374,
              41.70771225900481
            ],
            [
              2.7621302250074167,
              41.707714938571584
            ],
            [
              2.7622054883684806,
              41.70770978013233
            ],
            [
              2.7622143843273346,
              41.7077094382549
            ],
            [
              2.762184884510382,
              41.707788549784404
            ],
            [
              2.7621109606991006,
              41.707919721470454
            ],
            [
              2.761945704148913,
              41.708111231781594
            ],
            [
              2.7618745251411516,
              41.708182061303894
            ],
            [
              2.7617415768170064,
              41.70828212593795
            ],
            [
              2.7616596583416535,
              41.70833158528918
            ],
            [
              2.761420685127963,
              41.70846628805282
            ],
            [
              2.7610544408521696,
              41.708692419112154
            ],
            [
              2.7608385293613154,
              41.70879852507165
            ],
            [
              2.7606702796661264,
              41.70885492143803
            ],
            [
              2.76058051868455,
              41.70887950403919
            ],
            [
              2.7604745898185836,
              41.70888811117695
            ],
            [
              2.760278515933317,
              41.70886284359411
            ],
            [
              2.760065338500457,
              41.708814391678345
            ],
            [
              2.759747567075811,
              41.70873897051271
            ],
            [
              2.759576415179229,
              41.708703035362085
            ],
            [
              2.7594431724448905,
              41.7086867247602
            ],
            [
              2.7593887153475594,
              41.708688412177814
            ],
            [
              2.7593680819593525,
              41.708709626671684
            ],
            [
              2.7593533776783827,
              41.70881732099805
            ],
            [
              2.759370589251514,
              41.70897300001309
            ],
            [
              2.759031506626612,
              41.709488129746894
            ],
            [
              2.7590517112893633,
              41.70951744523696
            ],
            [
              2.7590794499671443,
              41.70955713470101
            ],
            [
              2.7593808491828957,
              41.70983410266574
            ],
            [
              2.7583736486770127,
              41.71016156599794
            ],
            [
              2.758162556898924,
              41.71026209352095
            ],
            [
              2.757868204323593,
              41.710287325922835
            ],
            [
              2.757857951960012,
              41.710296671719725
            ],
            [
              2.757869008478002,
              41.71045774221685
            ],
            [
              2.7578772425516567,
              41.71060250388593
            ],
            [
              2.757888196199616,
              41.710758980528055
            ],
            [
              2.7579024234187512,
              41.710972389917806
            ],
            [
              2.7579187427440854,
              41.71097999027143
            ],
            [
              2.7579614407653255,
              41.71097323390205
            ],
            [
              2.7579656478969814,
              41.710973242762925
            ],
            [
              2.758260642041375,
              41.710938013570015
            ],
            [
              2.7585200498571427,
              41.71090424095697
            ],
            [
              2.7587409589215435,
              41.71087930308219
            ],
            [
              2.7589399948058784,
              41.71085323894931
            ],
            [
              2.7591510488637736,
              41.71082774008684
            ],
            [
              2.7593684752226406,
              41.710801802923484
            ],
            [
              2.7595679914330367,
              41.710775738708044
            ],
            [
              2.7597873514366236,
              41.71074692252089
            ],
            [
              2.7599980455491706,
              41.710721061065065
            ],
            [
              2.7602148631666474,
              41.710697013422745
            ],
            [
              2.7602515753982395,
              41.710780946248306
            ],
            [
              2.7602629876845337,
              41.71084789291088
            ],
            [
              2.760203208720917,
              41.711019984196895
            ],
            [
              2.760123943149964,
              41.711228244267616
            ],
            [
              2.76002580588274,
              41.7114685301902
            ],
            [
              2.7598890377341436,
              41.711817542124535
            ],
            [
              2.75983099293398,
              41.71204025677802
            ],
            [
              2.759796941520993,
              41.712243477016195
            ],
            [
              2.7597576092763245,
              41.71257386660364
            ],
            [
              2.759686958095244,
              41.71292121410778
            ],
            [
              2.7596603559109827,
              41.71306031832712
            ],
            [
              2.7596526012851306,
              41.71320648750329
            ],
            [
              2.759648368926307,
              41.71324547943679
            ],
            [
              2.7596719113974406,
              41.713930069876646
            ],
            [
              2.7596721340336865,
              41.713934844109836
            ],
            [
              2.7596818769806544,
              41.71483945014131
            ],
            [
              2.75968185416579,
              41.71484557492655
            ],
            [
              2.759681693455031,
              41.71488871863409
            ],
            [
              2.7596816706401097,
              41.714894843419266
            ],
            [
              2.759688309712139,
              41.7155345429205
            ],
            [
              2.759806982450851,
              41.71656466435599
            ],
            [
              2.7598143958133012,
              41.71693154010923
            ],
            [
              2.759813725162615,
              41.71711231128193
            ],
            [
              2.7598120533481922,
              41.71730334845429
            ],
            [
              2.759822438853685,
              41.71748513440554
            ],
            [
              2.759819956249595,
              41.717668243620544
            ],
            [
              2.759824251840296,
              41.71783866698176
            ],
            [
              2.75982304061407,
              41.71800286392789
            ],
            [
              2.7598235913956524,
              41.718016375732496
            ],
            [
              2.7598311763496866,
              41.71827264454036
            ],
            [
              2.759835048640885,
              41.718459910278604
            ],
            [
              2.759838672160045,
              41.71868203297266
            ],
            [
              2.759846093602113,
              41.71904683697239
            ],
            [
              2.759849667389398,
              41.71931462553799
            ],
            [
              2.759857118272073,
              41.719574676988046
            ],
            [
              2.7599083342314987,
              41.71983319769412
            ],
            [
              2.759943387541266,
              41.72000881929143
            ],
            [
              2.7599723766670925,
              41.72016677429253
            ],
            [
              2.760003221244472,
              41.720342747354465
            ],
            [
              2.7600285665640785,
              41.72047844718913
            ],
            [
              2.760033967148769,
              41.720480980454404
            ],
            [
              2.760037791042996,
              41.72051953882068
            ],
            [
              2.7600464128187294,
              41.72052874406453
            ],
            [
              2.7601458005867485,
              41.720506163595
            ],
            [
              2.7601502487839005,
              41.72050617287937
            ],
            [
              2.760312078975566,
              41.72047093069771
            ],
            [
              2.7606273480650776,
              41.720393764719
            ],
            [
              2.7606875711890004,
              41.72042838733873
            ],
            [
              2.760817874998416,
              41.72049819252605
            ],
            [
              2.760988211035599,
              41.72056826097737
            ],
            [
              2.761286066729982,
              41.72068146793326
            ],
            [
              2.7615511705671283,
              41.720775960565774
            ],
            [
              2.7617414672222838,
              41.720845799101916
            ],
            [
              2.7618333340997068,
              41.72087391154201
            ],
            [
              2.7618524579244754,
              41.72090421412408
            ],
            [
              2.761882523865687,
              41.720934360135594
            ],
            [
              2.762180111061513,
              41.72128463101933
            ],
            [
              2.762302997970041,
              41.721312356019865
            ],
            [
              2.76324935253739,
              41.72139176616879
            ],
            [
              2.763416651613178,
              41.721406520277775
            ],
            [
              2.7635137944147248,
              41.721372943618164
            ],
            [
              2.7638224649791185,
              41.721193344607435
            ],
            [
              2.763836092377962,
              41.721181842628695
            ],
            [
              2.7639175071898694,
              41.721109772994716
            ],
            [
              2.7640184167782955,
              41.721032248106724
            ],
            [
              2.764018427323247,
              41.721029365857056
            ],
            [
              2.7641587490654187,
              41.72092499054936
            ],
            [
              2.764181297943744,
              41.720774438143216
            ],
            [
              2.764178134932142,
              41.7207517337645
            ],
            [
              2.764154966072068,
              41.72064342089312
            ],
            [
              2.7641844096027888,
              41.720316612803195
            ],
            [
              2.7641839481157704,
              41.72027842175624
            ],
            [
              2.7642110995553293,
              41.72011878070089
            ],
            [
              2.7642273743781174,
              41.71997461043135
            ],
            [
              2.7642464979880383,
              41.71984008359704
            ],
            [
              2.764264309189053,
              41.719703121246404
            ],
            [
              2.764423555915231,
              41.71951790065049
            ],
            [
              2.7645371523161604,
              41.719389150889555
            ],
            [
              2.764499024317826,
              41.71926207263979
            ],
            [
              2.764426650794034,
              41.719031252445006
            ],
            [
              2.764414586324953,
              41.71900997095395
            ],
            [
              2.7643083157121873,
              41.718876719057505
            ],
            [
              2.7642032719732397,
              41.71873716370561
            ],
            [
              2.7641939170074883,
              41.7187311097516
            ],
            [
              2.7641803036635935,
              41.71870604207396
            ],
            [
              2.764094727871837,
              41.71860156419363
            ],
            [
              2.7640498821150157,
              41.71853662189076
            ],
            [
              2.76404567811233,
              41.71853562247761
            ],
            [
              2.7640045495331576,
              41.71847365923167
            ],
            [
              2.7639962779023537,
              41.718467247202035
            ],
            [
              2.7640413208838646,
              41.71841185595078
            ],
            [
              2.7641573039500997,
              41.71825473906839
            ],
            [
              2.764277542434318,
              41.718084389452024
            ],
            [
              2.7642699996953954,
              41.71807590820393
            ],
            [
              2.7641235019843857,
              41.71799670537619
            ],
            [
              2.7639374164922312,
              41.71789463397598
            ],
            [
              2.7639137832462635,
              41.717881074771306
            ],
            [
              2.7639399847553916,
              41.71784951366653
            ],
            [
              2.7640198492181125,
              41.71777284710858
            ],
            [
              2.7641613727134,
              41.71766631249764
            ],
            [
              2.7642859107153948,
              41.71756920032947
            ],
            [
              2.764383610797792,
              41.71748040960701
            ],
            [
              2.7644383308717293,
              41.71740837398863
            ],
            [
              2.7644859815800036,
              41.71729696371245
            ],
            [
              2.7645119677974783,
              41.717225770775535
            ],
            [
              2.7645194188831024,
              41.717160213426766
            ],
            [
              2.7645168391597377,
              41.71707653214373
            ],
            [
              2.7645057308641907,
              41.716990671677344
            ],
            [
              2.7644760050772508,
              41.71690044964287
            ],
            [
              2.764442587749844,
              41.716833548433094
            ],
            [
              2.764561710462774,
              41.716803618751456
            ],
            [
              2.7645852850341095,
              41.71680024344782
            ],
            [
              2.7646081343678035,
              41.71679794840704
            ],
            [
              2.7654536744665705,
              41.716615027132825
            ],
            [
              2.7655485216196976,
              41.716615760204334
            ],
            [
              2.765623977169966,
              41.71659357560268
            ],
            [
              2.765636376912777,
              41.71658873705508
            ],
            [
              2.766055303444543,
              41.716495734826914
            ],
            [
              2.7666034289332755,
              41.71637768177946
            ],
            [
              2.766609126562293,
              41.71636454297742
            ],
            [
              2.766568334392607,
              41.71630897635319
            ],
            [
              2.7664863757056204,
              41.71620135507032
            ],
            [
              2.7663211836075967,
              41.71600637662058
            ],
            [
              2.766587606369211,
              41.71583208834286
            ],
            [
              2.7666057855617465,
              41.71582464936786
            ],
            [
              2.766619054921382,
              41.715811976297196
            ],
            [
              2.766771594870454,
              41.715715008335934
            ],
            [
              2.7667776419731176,
              41.715704932649416
            ],
            [
              2.7667629075928484,
              41.71569058144587
            ],
            [
              2.7666380191898194,
              41.71558683624769
            ],
            [
              2.7664998283767326,
              41.715471805900805
            ],
            [
              2.7663581595134277,
              41.71535433639552
            ],
            [
              2.7663406568426736,
              41.715340970290484
            ],
            [
              2.76633084872251,
              41.7153273496157
            ],
            [
              2.7662167399754565,
              41.715234884756384
            ],
            [
              2.766208240191332,
              41.715225139788636
            ],
            [
              2.7660787930495125,
              41.71511931396666
            ],
            [
              2.766053503533625,
              41.71509854613845
            ],
            [
              2.7660038444227544,
              41.715068542336454
            ],
            [
              2.765890550884562,
              41.71501670086432
            ],
            [
              2.765785829574799,
              41.714988115989776
            ],
            [
              2.765685023098078,
              41.714973589189135
            ],
            [
              2.7655141658052234,
              41.71495036353255
            ],
            [
              2.76529935862995,
              41.71491371825074
            ],
            [
              2.765115302680187,
              41.71488379978437
            ],
            [
              2.7650104272771197,
              41.7148646704502
            ],
            [
              2.7650104385418106,
              41.71486124777234
            ],
            [
              2.76487383340034,
              41.714840433047414
            ],
            [
              2.7646288583613323,
              41.71463745267156
            ],
            [
              2.7646275403161003,
              41.71463627904792
            ],
            [
              2.764554990583299,
              41.714554166646685
            ],
            [
              2.7644387602699005,
              41.71441828140295
            ],
            [
              2.7643355678573487,
              41.71430034782328
            ],
            [
              2.764208480410316,
              41.71417515853484
            ],
            [
              2.764071430338818,
              41.714045716209824
            ],
            [
              2.7640653345669692,
              41.71403615615948
            ],
            [
              2.763934639245307,
              41.7139116806251
            ],
            [
              2.763796041630283,
              41.71377872111398
            ],
            [
              2.763641385228283,
              41.71363212857029
            ],
            [
              2.76358535724026,
              41.71356932383778
            ],
            [
              2.7635111911943895,
              41.71350251952496
            ],
            [
              2.763418390361466,
              41.71343639646959
            ],
            [
              2.7633807265164436,
              41.71341407136343
            ],
            [
              2.7634495700178485,
              41.71329252703927
            ],
            [
              2.7635081205274665,
              41.71319176701321
            ],
            [
              2.76352858764493,
              41.713150016139885
            ],
            [
              2.763564296849939,
              41.71308244621663
            ],
            [
              2.763586045588627,
              41.71305177581415
            ],
            [
              2.763573474280863,
              41.71303796907232
            ],
            [
              2.7635231551378365,
              41.71302480612761
            ],
            [
              2.763248621714512,
              41.71295272531073
            ],
            [
              2.7629717834558427,
              41.712886494606074
            ],
            [
              2.7630016500294774,
              41.712838818518314
            ],
            [
              2.7631150862687965,
              41.71265269438146
            ],
            [
              2.7632425671671994,
              41.71243930661441
            ],
            [
              2.7633348812202776,
              41.712276558119285
            ],
            [
              2.7633962569424337,
              41.71215878050903
            ],
            [
              2.7634838296797795,
              41.7121746331527
            ],
            [
              2.7635811315652523,
              41.712192576480625
            ],
            [
              2.763624501542828,
              41.71219933095933
            ],
            [
              2.7636875694999845,
              41.712210448442285
            ],
            [
              2.7638105760397607,
              41.71223411981196
            ],
            [
              2.7639990592652115,
              41.71226738120022
            ],
            [
              2.7641460970766736,
              41.71229389376442
            ],
            [
              2.7641829855928792,
              41.712298021766706
            ],
            [
              2.7643629371772525,
              41.712330545382144
            ],
            [
              2.7644551966798288,
              41.71234721753541
            ],
            [
              2.76447455779779,
              41.712345095511026
            ],
            [
              2.764889823732592,
              41.71206131751535
            ],
            [
              2.7649914506668587,
              41.71198064152142
            ],
            [
              2.765142038502445,
              41.71185674039688
            ],
            [
              2.7652624509672123,
              41.71173367814965
            ],
            [
              2.7653008639707477,
              41.71168214495138
            ],
            [
              2.765316619062733,
              41.71164686924537
            ],
            [
              2.765328170018535,
              41.71161041402723
            ],
            [
              2.7653330195138213,
              41.71156601886401
            ],
            [
              2.765328623384344,
              41.7115188126154
            ],
            [
              2.7653164147428404,
              41.711437993880445
            ],
            [
              2.765300063187806,
              41.711339512740146
            ],
            [
              2.765283349758407,
              41.71124139114131
            ],
            [
              2.765269428010596,
              41.71123532793989
            ],
            [
              2.7651822710330425,
              41.71123758180218
            ],
            [
              2.765120787075007,
              41.71102200599788
            ],
            [
              2.765073086004067,
              41.71085104354398
            ],
            [
              2.7650338331364304,
              41.71070351683599
            ],
            [
              2.7650347016246677,
              41.71066307666893
            ],
            [
              2.765044411685974,
              41.71063733617512
            ],
            [
              2.765094379768599,
              41.71058141407463
            ],
            [
              2.765106691088797,
              41.71056720799881
            ],
            [
              2.7651291462366547,
              41.71054050186424
            ],
            [
              2.765156304465028,
              41.710476606854044
            ],
            [
              2.7651653425125575,
              41.71043699401936
            ],
            [
              2.765198227454493,
              41.71038491002061
            ],
            [
              2.765235620403759,
              41.71034922726944
            ],
            [
              2.7653122541725423,
              41.71029822338461
            ],
            [
              2.7654015833314425,
              41.71026021471028
            ],
            [
              2.7654437069199376,
              41.71024579923966
            ],
            [
              2.7654538173510574,
              41.710242126958065
            ],
            [
              2.7654611523205737,
              41.710241421359086
            ],
            [
              2.7655533150208758,
              41.71018441333659
            ],
            [
              2.765582982967283,
              41.71015745251328
            ],
            [
              2.7656230449891224,
              41.710114570287516
            ],
            [
              2.765676395983655,
              41.71002055382947
            ],
            [
              2.765709089890078,
              41.709987474304306
            ],
            [
              2.765769115926994,
              41.70994201976189
            ],
            [
              2.765800589314767,
              41.70991434199178
            ],
            [
              2.765827379708217,
              41.709885303603045
            ],
            [
              2.765870545726886,
              41.70984819216778
            ],
            [
              2.7659209511406906,
              41.70980388886896
            ],
            [
              2.7659756527171893,
              41.709735005771265
            ],
            [
              2.7660056907910584,
              41.70970498227014
            ],
            [
              2.7660215139352387,
              41.70968384776534
            ],
            [
              2.7660252999468877,
              41.709667372451655
            ],
            [
              2.766012103686177,
              41.709593577303934
            ],
            [
              2.765998958959073,
              41.709539057487106
            ],
            [
              2.7659704162377974,
              41.70942127635601
            ],
            [
              2.7657287448971823,
              41.709405924005715
            ],
            [
              2.765685113275265,
              41.70940547476664
            ],
            [
              2.7655751503834387,
              41.70939948685153
            ],
            [
              2.765445707769613,
              41.709395439738934
            ],
            [
              2.765213287752296,
              41.70938163639633
            ],
            [
              2.7650330049371243,
              41.70937586455809
            ],
            [
              2.7648714947083457,
              41.709364636506905
            ],
            [
              2.7645345259858494,
              41.70934323199896
            ],
            [
              2.7641585527088117,
              41.7093055336538
            ],
            [
              2.7640109967501236,
              41.709291090467964
            ],
            [
              2.764060619884727,
              41.70923084467955
            ],
            [
              2.764151440077935,
              41.70908034114479
            ],
            [
              2.7643351427211966,
              41.70887256263886
            ],
            [
              2.764441092312264,
              41.70875901907046
            ],
            [
              2.7644845049049867,
              41.70872055668569
            ],
            [
              2.7646985314642056,
              41.708470055917516
            ],
            [
              2.76476720527453,
              41.70835994848657
            ],
            [
              2.764830947307634,
              41.70825109191669
            ],
            [
              2.7648345848924816,
              41.70824209224247
            ],
            [
              2.764851873746408,
              41.70821456583885
            ],
            [
              2.7649693472106947,
              41.70800565996565
            ],
            [
              2.7650842991442506,
              41.707795487813335
            ],
            [
              2.765106800867611,
              41.70775572234336
            ],
            [
              2.7651208228248816,
              41.70773404384658
            ],
            [
              2.765165820695878,
              41.70765568290012
            ],
            [
              2.765200449024298,
              41.70758621869743
            ],
            [
              2.7652548603159146,
              41.70749769890192
            ],
            [
              2.7652741297164742,
              41.70745396366188
            ],
            [
              2.7653505815116475,
              41.707319823639686
            ],
            [
              2.7654492853842587,
              41.707148258462716
            ],
            [
              2.7654927280728088,
              41.70706764242571
            ],
            [
              2.7654810237685648,
              41.7070469922366
            ],
            [
              2.765456322156817,
              41.70699767287888
            ],
            [
              2.7654330780630136,
              41.70691079679944
            ],
            [
              2.7655568354992637,
              41.70685718585739
            ],
            [
              2.765752710434341,
              41.70657124802312
            ],
            [
              2.765799125236698,
              41.7065660275209
            ],
            [
              2.765815996854338,
              41.70655354200509
            ],
            [
              2.765846120011034,
              41.706500011017035
            ],
            [
              2.7659035420400047,
              41.706375918903085
            ],
            [
              2.7659100601044377,
              41.706302073787384
            ],
            [
              2.7659029664508887,
              41.70626918334532
            ],
            [
              2.7658387827596385,
              41.70610296126603
            ],
            [
              2.7657880292651735,
              41.706011796742274
            ],
            [
              2.7657649745730426,
              41.705972388632354
            ],
            [
              2.765728376298422,
              41.705922054291854
            ],
            [
              2.765723949704273,
              41.70591637078125
            ],
            [
              2.7655879015274687,
              41.705713613254915
            ],
            [
              2.7655107799187264,
              41.70556898258024
            ],
            [
              2.765352389856855,
              41.70549525123934
            ],
            [
              2.76526166074602,
              41.70545732700942
            ],
            [
              2.76524331121345,
              41.705445940552885
            ],
            [
              2.7651200724211757,
              41.70539074619276
            ],
            [
              2.764959781471024,
              41.705311156694826
            ],
            [
              2.7648060608393026,
              41.70524274835068
            ],
            [
              2.764695436511925,
              41.70518938077386
            ],
            [
              2.7646846391711257,
              41.70518386432055
            ],
            [
              2.764536961968297,
              41.70510637169635
            ],
            [
              2.7644089927852926,
              41.705030000139764
            ],
            [
              2.764362952557129,
              41.704998741101406
            ],
            [
              2.7641848081922062,
              41.7048712860854
            ],
            [
              2.764123116803598,
              41.70481432453195
            ],
            [
              2.764065522053348,
              41.70475430893339
            ],
            [
              2.7639787826858635,
              41.704644424960414
            ],
            [
              2.763913193022992,
              41.7045686303975
            ],
            [
              2.7638595560006793,
              41.70451141503218
            ],
            [
              2.763778817518125,
              41.70443694123153
            ],
            [
              2.7636870153409996,
              41.70436415507646
            ],
            [
              2.763641933510576,
              41.704333978571675
            ],
            [
              2.76357751773302,
              41.70429916954338
            ],
            [
              2.763510195442019,
              41.70427002808525
            ],
            [
              2.7634523738158094,
              41.704239735217364
            ],
            [
              2.763396373270023,
              41.70420449305194
            ],
            [
              2.7633251743640095,
              41.70415093419679
            ],
            [
              2.7632609787021654,
              41.70408865281331
            ],
            [
              2.7631290919846445,
              41.703934450193124
            ],
            [
              2.7631291042158566,
              41.7039311175822
            ],
            [
              2.7631087514735153,
              41.70390936845993
            ],
            [
              2.7630948143174674,
              41.703907988661385
            ],
            [
              2.762973758850134,
              41.70404536881264
            ],
            [
              2.762889551513725,
              41.7041637297616
            ],
            [
              2.762761748198711,
              41.704370900971355
            ],
            [
              2.762615988302397,
              41.704689543130215
            ],
            [
              2.762611781578965,
              41.70468953444066
            ],
            [
              2.7625599768314872,
              41.70478796624842
            ],
            [
              2.7625176876780944,
              41.704848496806044
            ],
            [
              2.762550688560201,
              41.70492836810764
            ],
            [
              2.7622253408122455,
              41.70466207715423
            ],
            [
              2.761977295278035,
              41.70445701279986
            ],
            [
              2.761953445242904,
              41.70443849879606
            ],
            [
              2.761937948497085,
              41.704436304985634
            ],
            [
              2.7618999066073866,
              41.70458349354753
            ],
            [
              2.761770435250802,
              41.70488361369232
            ],
            [
              2.761761243819242,
              41.705094991812786
            ],
            [
              2.761740016361357,
              41.70540884692437
            ],
            [
              2.7617008169350408,
              41.70547830063083
            ],
            [
              2.7616494002203713,
              41.70556907676443
            ],
            [
              2.7616472881201606,
              41.70575074603131
            ],
            [
              2.7617013637385694,
              41.70585200815029
            ],
            [
              2.7617794335710246,
              41.70599835558918
            ],
            [
              2.761748182442551,
              41.706390101468706
            ],
            [
              2.7617471997439704,
              41.70652637716596
            ],
            [
              2.7617586715307896,
              41.706609987026106
            ],
            [
              2.7617483867242547,
              41.70672642776928
            ],
            [
              2.7617507399175274,
              41.70677272924536
            ],
            [
              2.761760171917603,
              41.70682282838659
            ],
            [
              2.7617552034656363,
              41.70686632247601
            ],
            [
              2.761751793564095,
              41.70691090155108
            ],
            [
              2.761744805909437,
              41.70694817654057
            ],
            [
              2.7617389907416467,
              41.70699311001205
            ],
            [
              2.7617367834548614,
              41.707037510535926
            ],
            [
              2.7617345068648897,
              41.70710100600929
            ],
            [
              2.7617338453565026,
              41.7071173975954
            ],
            [
              2.7617365963884746,
              41.707153611919615
            ],
            [
              2.761740979688141,
              41.707171274961574
            ],
            [
              2.76175058526812,
              41.7072066027842
            ],
            [
              2.7617730545809462,
              41.70724123670316
            ],
            [
              2.7618861470278446,
              41.70740846307602
            ],
            [
              2.7619418134290363,
              41.70746964576942
            ],
            [
              2.7619517713211987,
              41.707507586367804
            ]
          ]
        ]
      }
    },
    {
      "type": "Feature",
      "id": "082845--zone--diba-264",
      "properties": {
        "name": "Agora Parc",
        "officialName": "Agora Parc",
        "municipality": "Tordera",
        "kind": "zone",
        "quality": "official",
        "sourceCategory": "Nucli/urbanització DIBA · LIMIT_PPU",
        "code": "264"
      },
      "geometry": {
        "bbox": [
          2.653851900830783,
          41.69524531100277,
          2.678136902485716,
          41.70787496721535
        ],
        "type": "Polygon",
        "coordinates": [
          [
            [
              2.6668625453414645,
              41.70651188624587
            ],
            [
              2.6672271651195993,
              41.706452772440585
            ],
            [
              2.6675894982212576,
              41.7063941021193
            ],
            [
              2.668807794399188,
              41.707006854359285
            ],
            [
              2.6700310284635056,
              41.70762221987597
            ],
            [
              2.67027453651234,
              41.70753059502007
            ],
            [
              2.6703500561161606,
              41.70750018659806
            ],
            [
              2.6710529227281308,
              41.70715623300343
            ],
            [
              2.67212065619779,
              41.707697994231
            ],
            [
              2.6723965394697693,
              41.7078587464085
            ],
            [
              2.673036236150991,
              41.7075738673919
            ],
            [
              2.6732363341758867,
              41.707532732703
            ],
            [
              2.6737844927058556,
              41.707355225063985
            ],
            [
              2.673946907633695,
              41.70730218284469
            ],
            [
              2.674073081901678,
              41.70726119721824
            ],
            [
              2.674281606390552,
              41.70719342355391
            ],
            [
              2.6742849773296995,
              41.70719235225477
            ],
            [
              2.6744349878098803,
              41.7071436876699
            ],
            [
              2.6747976005412433,
              41.707076707975176
            ],
            [
              2.6747994052913775,
              41.7070763527978
            ],
            [
              2.675194143472203,
              41.70700270832142
            ],
            [
              2.675194744903067,
              41.70700261995017
            ],
            [
              2.675474699850579,
              41.706951708239046
            ],
            [
              2.6761329047902427,
              41.70692690042134
            ],
            [
              2.677239792817848,
              41.70676004310369
            ],
            [
              2.677796886096717,
              41.70661911116069
            ],
            [
              2.6778549459236145,
              41.706425259815376
            ],
            [
              2.6781085944022394,
              41.70605613668606
            ],
            [
              2.6781297300432167,
              41.7060116998423
            ],
            [
              2.678141049255342,
              41.70598317899393
            ],
            [
              2.6781455347962324,
              41.70595139644464
            ],
            [
              2.6781465933730293,
              41.70593194404335
            ],
            [
              2.6781389200491317,
              41.70590400049948
            ],
            [
              2.6781312337042777,
              41.70587866898157
            ],
            [
              2.67811062367929,
              41.70584159201658
            ],
            [
              2.6780881405440766,
              41.70581883111219
            ],
            [
              2.67805880011204,
              41.70579731289004
            ],
            [
              2.6780268335734214,
              41.70577191334294
            ],
            [
              2.6776627988803594,
              41.70554769835798
            ],
            [
              2.677596338444443,
              41.70549815293842
            ],
            [
              2.677491390495417,
              41.7054294043937
            ],
            [
              2.6773019492548165,
              41.705360060042565
            ],
            [
              2.6771877238077963,
              41.70532019800611
            ],
            [
              2.6770803225693767,
              41.7052854899879
            ],
            [
              2.6769851691906643,
              41.705253427458274
            ],
            [
              2.67687443526132,
              41.705212224757226
            ],
            [
              2.6767926455231503,
              41.705175786155735
            ],
            [
              2.676717488695712,
              41.70513468335594
            ],
            [
              2.676657821688615,
              41.70509686575086
            ],
            [
              2.676593025763404,
              41.70505119839157
            ],
            [
              2.6764972810070344,
              41.70496914430342
            ],
            [
              2.676289769695862,
              41.704788418563766
            ],
            [
              2.6762147175775954,
              41.704726598461356
            ],
            [
              2.6760971620734675,
              41.704656102662916
            ],
            [
              2.675984828460085,
              41.70459868178444
            ],
            [
              2.6758927638950105,
              41.70454996389209
            ],
            [
              2.6758103967632247,
              41.70450911037385
            ],
            [
              2.6758050248225826,
              41.7045017994557
            ],
            [
              2.675538557095968,
              41.70402285963242
            ],
            [
              2.67553047082489,
              41.70400536299556
            ],
            [
              2.6754924085553666,
              41.703901854724464
            ],
            [
              2.675469573640881,
              41.703805954518614
            ],
            [
              2.6754415649188914,
              41.703710940406744
            ],
            [
              2.675428523617406,
              41.70367496517763
            ],
            [
              2.6754143995641604,
              41.70363943724458
            ],
            [
              2.6753845636763236,
              41.70357342087334
            ],
            [
              2.6753540754122693,
              41.703517400551085
            ],
            [
              2.675330108173718,
              41.70347941287821
            ],
            [
              2.675287512648891,
              41.70341705334973
            ],
            [
              2.675263397653298,
              41.70338455958661
            ],
            [
              2.6752066975027504,
              41.703306757999314
            ],
            [
              2.6749299122413412,
              41.70277797904757
            ],
            [
              2.674917736154799,
              41.70273759271428
            ],
            [
              2.6748937967916304,
              41.702550537209
            ],
            [
              2.674866152070925,
              41.7024792126899
            ],
            [
              2.67484109807931,
              41.70244212254596
            ],
            [
              2.674808217284043,
              41.70240816274099
            ],
            [
              2.6746519520369345,
              41.702268831577705
            ],
            [
              2.674597112404078,
              41.70222760384769
            ],
            [
              2.6745048267155123,
              41.70217618296537
            ],
            [
              2.6744347801597916,
              41.702147522052826
            ],
            [
              2.67435918175022,
              41.702123710111294
            ],
            [
              2.674297722667745,
              41.70210840398491
            ],
            [
              2.674240545318375,
              41.70210202701109
            ],
            [
              2.674202909704475,
              41.7021053439287
            ],
            [
              2.6741310824975346,
              41.702120182170034
            ],
            [
              2.673975931558906,
              41.70216540912104
            ],
            [
              2.673910835583807,
              41.702180087078524
            ],
            [
              2.6737615498209903,
              41.702206235288706
            ],
            [
              2.6734901061567773,
              41.70221780505316
            ],
            [
              2.6732222058863693,
              41.7022176758977
            ],
            [
              2.673185822192627,
              41.702211087310005
            ],
            [
              2.6731084936651754,
              41.70219672710135
            ],
            [
              2.6729977437465733,
              41.70218416234173
            ],
            [
              2.6729013710548464,
              41.70218055634645
            ],
            [
              2.6728666202662876,
              41.70218379006535
            ],
            [
              2.6726242947452015,
              41.7021886862291
            ],
            [
              2.6723826896873923,
              41.702193943319806
            ],
            [
              2.6721456516767823,
              41.70219921383239
            ],
            [
              2.6719052462947714,
              41.702204653484124
            ],
            [
              2.6716768779920717,
              41.70218310656592
            ],
            [
              2.6714697810161256,
              41.70216197938879
            ],
            [
              2.671428832001022,
              41.70215483676668
            ],
            [
              2.6713938696677153,
              41.70215239585103
            ],
            [
              2.67137907343819,
              41.702154965606546
            ],
            [
              2.6712306264288768,
              41.70225244930933
            ],
            [
              2.670984270484926,
              41.702411802571724
            ],
            [
              2.6708389930385614,
              41.70235842469976
            ],
            [
              2.670622221984402,
              41.702277912274376
            ],
            [
              2.670404494585169,
              41.70219649508397
            ],
            [
              2.670189635921899,
              41.702118508418486
            ],
            [
              2.6699749230152983,
              41.702035387711284
            ],
            [
              2.6697560976045707,
              41.70195747981426
            ],
            [
              2.669541490763875,
              41.701877330949905
            ],
            [
              2.6693247229606105,
              41.70179681518141
            ],
            [
              2.6691127585061847,
              41.701717213545294
            ],
            [
              2.668934975817764,
              41.701651671028046
            ],
            [
              2.668888449668527,
              41.70163091068324
            ],
            [
              2.668663527093209,
              41.70154721857849
            ],
            [
              2.668434879369631,
              41.70146351438458
            ],
            [
              2.668207558905799,
              41.70137891285493
            ],
            [
              2.6679977373686454,
              41.701303819806064
            ],
            [
              2.6677847708969384,
              41.701186022631624
            ],
            [
              2.667386436084993,
              41.70107615630316
            ],
            [
              2.6669254528733313,
              41.700902787882185
            ],
            [
              2.666447821734672,
              41.700765216731014
            ],
            [
              2.6660256296681974,
              41.700621770846304
            ],
            [
              2.6657866314491336,
              41.70054217457087
            ],
            [
              2.6658609427846844,
              41.70037206509323
            ],
            [
              2.665931035008988,
              41.70020455626373
            ],
            [
              2.6660037830022962,
              41.70003471235229
            ],
            [
              2.6660758167028473,
              41.699863245032056
            ],
            [
              2.6661500149577413,
              41.699691693878044
            ],
            [
              2.666216413320777,
              41.69951750885201
            ],
            [
              2.6662790515647314,
              41.699373395753334
            ],
            [
              2.6663981890752737,
              41.69924989280739
            ],
            [
              2.666460423053604,
              41.6992073796807
            ],
            [
              2.666572385925355,
              41.69912348707007
            ],
            [
              2.6666219520537324,
              41.69909012346601
            ],
            [
              2.6667467029319982,
              41.69899672112888
            ],
            [
              2.6667755344108195,
              41.69897581723164
            ],
            [
              2.666908062564525,
              41.698865502973895
            ],
            [
              2.667064270519638,
              41.69873102800054
            ],
            [
              2.66722683806401,
              41.69859837265107
            ],
            [
              2.6673854394800864,
              41.69846561551804
            ],
            [
              2.667546449399949,
              41.69833178337425
            ],
            [
              2.6676825932675774,
              41.69821895667351
            ],
            [
              2.667710096558245,
              41.69819913045354
            ],
            [
              2.6677177160544874,
              41.69818978507431
            ],
            [
              2.667869185518614,
              41.69806466269806
            ],
            [
              2.6680339027525473,
              41.69793399396914
            ],
            [
              2.6682172956591597,
              41.697817519204904
            ],
            [
              2.6683824796539266,
              41.69771270176831
            ],
            [
              2.668399492319865,
              41.69769960045408
            ],
            [
              2.668409728740716,
              41.69769548671182
            ],
            [
              2.6685809579997506,
              41.69758348072868
            ],
            [
              2.668832242822657,
              41.6973510988836
            ],
            [
              2.6688932116626756,
              41.697296600398225
            ],
            [
              2.6691051493955973,
              41.69716705603325
            ],
            [
              2.669342671509017,
              41.69694616344899
            ],
            [
              2.670140344748196,
              41.69620635216516
            ],
            [
              2.6700861881534483,
              41.69617413223466
            ],
            [
              2.6699436172208815,
              41.69608788493471
            ],
            [
              2.6699205984008003,
              41.696077100340965
            ],
            [
              2.669780737170368,
              41.69597807139846
            ],
            [
              2.6697071935449306,
              41.69593021324833
            ],
            [
              2.669274022778782,
              41.69563515676034
            ],
            [
              2.6692633466493008,
              41.6956313430423
            ],
            [
              2.669239529524111,
              41.695611999241386
            ],
            [
              2.6690423873813054,
              41.695481549783246
            ],
            [
              2.668986095881301,
              41.69544427828991
            ],
            [
              2.6688071566553524,
              41.69532622062038
            ],
            [
              2.6687554306331447,
              41.695289233284626
            ],
            [
              2.667190036148152,
              41.6957073342479
            ],
            [
              2.6671368887770424,
              41.69573636432454
            ],
            [
              2.6669622051229607,
              41.69581935522955
            ],
            [
              2.6665648015213717,
              41.69595538418509
            ],
            [
              2.6647595031641176,
              41.69672097301618
            ],
            [
              2.664520121256751,
              41.69681124826007
            ],
            [
              2.664433874250419,
              41.69682648871902
            ],
            [
              2.6643323973078727,
              41.696835200400514
            ],
            [
              2.664138552706951,
              41.69683463496238
            ],
            [
              2.663987825506914,
              41.69681609094596
            ],
            [
              2.663865633188561,
              41.696787452141876
            ],
            [
              2.6637432708091637,
              41.69676818012207
            ],
            [
              2.663162810126328,
              41.696675871296016
            ],
            [
              2.6625146428272304,
              41.69659254890183
            ],
            [
              2.6612676813398486,
              41.69633902983337
            ],
            [
              2.6608834569256135,
              41.696434094634235
            ],
            [
              2.6605935519481068,
              41.69646395492815
            ],
            [
              2.660479400986861,
              41.69648343432937
            ],
            [
              2.6603374715411356,
              41.696483376126416
            ],
            [
              2.660297176174748,
              41.69649019251294
            ],
            [
              2.66025987239565,
              41.69649944965335
            ],
            [
              2.6601017861664134,
              41.69655509750995
            ],
            [
              2.6600001392030754,
              41.696619108620965
            ],
            [
              2.659857205452326,
              41.6966499412975
            ],
            [
              2.659706654251925,
              41.69662112406338
            ],
            [
              2.6593453547539045,
              41.696583846833796
            ],
            [
              2.6590828499644434,
              41.696613514316425
            ],
            [
              2.658855880393032,
              41.696650221274744
            ],
            [
              2.658731838729935,
              41.69665363689364
            ],
            [
              2.658445858182984,
              41.696782041381596
            ],
            [
              2.6581253417663264,
              41.696873052921184
            ],
            [
              2.65808312834771,
              41.69687887294161
            ],
            [
              2.6578832085695066,
              41.69689079878248
            ],
            [
              2.6577597052062,
              41.69690592421767
            ],
            [
              2.6577488597157184,
              41.696911476337746
            ],
            [
              2.6577368734200366,
              41.69692819389536
            ],
            [
              2.6575463280356675,
              41.69723495118901
            ],
            [
              2.6574595888899606,
              41.697433570913766
            ],
            [
              2.6573652519889692,
              41.69752363115955
            ],
            [
              2.6567234793263275,
              41.69786570257471
            ],
            [
              2.6565809869150714,
              41.697925715566974
            ],
            [
              2.6564024788244445,
              41.69804641879521
            ],
            [
              2.656337883708248,
              41.69823816836027
            ],
            [
              2.656193960103153,
              41.698589917311985
            ],
            [
              2.656110365160835,
              41.69867073220611
            ],
            [
              2.6560385579563475,
              41.69874942060951
            ],
            [
              2.6558413471109352,
              41.69892879340712
            ],
            [
              2.6554912092332255,
              41.69907276169509
            ],
            [
              2.6551919326502107,
              41.699121945556314
            ],
            [
              2.654868635587751,
              41.699145566347475
            ],
            [
              2.654701963096669,
              41.69916416168415
            ],
            [
              2.654117033797472,
              41.699501164168296
            ],
            [
              2.6540888047083926,
              41.69952098494231
            ],
            [
              2.654064818147318,
              41.699534064039675
            ],
            [
              2.6540036165317646,
              41.69960683748015
            ],
            [
              2.6539408542878475,
              41.69970167453502
            ],
            [
              2.653891774969292,
              41.69979961428337
            ],
            [
              2.6538344099845723,
              41.69994148470143
            ],
            [
              2.6538265429851955,
              41.6999741568526
            ],
            [
              2.6538299683208253,
              41.70005279933313
            ],
            [
              2.6538424270069894,
              41.70010516823047
            ],
            [
              2.653851966731831,
              41.700119158001236
            ],
            [
              2.653882224288669,
              41.700169598936114
            ],
            [
              2.653954169523489,
              41.70024529436143
            ],
            [
              2.6540488335697336,
              41.700320518606894
            ],
            [
              2.654097212210821,
              41.70035336007665
            ],
            [
              2.6541856733683167,
              41.70039749007343
            ],
            [
              2.6542501069164066,
              41.70041722939305
            ],
            [
              2.654202063955592,
              41.700636228969685
            ],
            [
              2.6544938679321572,
              41.70065980276706
            ],
            [
              2.654830664405988,
              41.70083311922251
            ],
            [
              2.6551681813906503,
              41.701006887204976
            ],
            [
              2.655431623291836,
              41.70121105722406
            ],
            [
              2.6554278913222444,
              41.70121221695999
            ],
            [
              2.655351089593257,
              41.701212707228905
            ],
            [
              2.6550445360601165,
              41.70127231711416
            ],
            [
              2.6548791901208055,
              41.70137918734179
            ],
            [
              2.654880581770336,
              41.70138864899552
            ],
            [
              2.6549077520027273,
              41.70140962620064
            ],
            [
              2.654964967558109,
              41.701453572591014
            ],
            [
              2.655338259542197,
              41.7014551412869
            ],
            [
              2.655897540747242,
              41.701513288289156
            ],
            [
              2.655942082589075,
              41.70152242876713
            ],
            [
              2.6561582076997414,
              41.70158468339581
            ],
            [
              2.6564390282845727,
              41.70173125662746
            ],
            [
              2.6567075652128023,
              41.70192787295385
            ],
            [
              2.6568186084128427,
              41.70208826018833
            ],
            [
              2.6569978373573737,
              41.70224164604941
            ],
            [
              2.657327498357069,
              41.70240349481542
            ],
            [
              2.657622481095797,
              41.702464179469736
            ],
            [
              2.65786950550984,
              41.70247995612979
            ],
            [
              2.6578723780634435,
              41.702482215560146
            ],
            [
              2.6578029625933195,
              41.702540105692094
            ],
            [
              2.6577730876969397,
              41.70255316712203
            ],
            [
              2.657610206624889,
              41.70260321278801
            ],
            [
              2.6569251733545363,
              41.70277582230288
            ],
            [
              2.656550130414385,
              41.702830818214956
            ],
            [
              2.6562089200062378,
              41.70287456605209
            ],
            [
              2.655830641170396,
              41.702882532786916
            ],
            [
              2.6553602357764907,
              41.702901752043395
            ],
            [
              2.6550801663588617,
              41.70290694836766
            ],
            [
              2.6548150305157625,
              41.70290651438243
            ],
            [
              2.6546608309393,
              41.702928299593886
            ],
            [
              2.65460576669331,
              41.70299893004482
            ],
            [
              2.654915508952357,
              41.7031542407165
            ],
            [
              2.655247860573,
              41.70326206080779
            ],
            [
              2.6552667118536233,
              41.70326554006207
            ],
            [
              2.6554074372108945,
              41.7032690236327
            ],
            [
              2.655649855116083,
              41.70327010965256
            ],
            [
              2.655885149905854,
              41.70334503127979
            ],
            [
              2.6558994143955332,
              41.70335218961309
            ],
            [
              2.6559910221343768,
              41.7034609095416
            ],
            [
              2.6561217292905943,
              41.7037207957199
            ],
            [
              2.656221216469521,
              41.70388502196262
            ],
            [
              2.656224237091624,
              41.7040402244849
            ],
            [
              2.6561677581181757,
              41.70424163473916
            ],
            [
              2.6560845035014435,
              41.70439252589456
            ],
            [
              2.656214844147159,
              41.70449577622177
            ],
            [
              2.6562881855951743,
              41.70467226481396
            ],
            [
              2.6563052267749723,
              41.70481282675025
            ],
            [
              2.6563880717394146,
              41.70494250670319
            ],
            [
              2.656400508829462,
              41.70495434320755
            ],
            [
              2.656658750932266,
              41.70503239426037
            ],
            [
              2.657418656234117,
              41.70518345597393
            ],
            [
              2.657700810898525,
              41.705172405547856
            ],
            [
              2.6579109140766204,
              41.70514889119979
            ],
            [
              2.6581593008965787,
              41.70506802406928
            ],
            [
              2.6584516722080083,
              41.7049884580569
            ],
            [
              2.658657693869513,
              41.704986547283575
            ],
            [
              2.65897032024633,
              41.70505439648516
            ],
            [
              2.658945686907029,
              41.70507594045426
            ],
            [
              2.6589325174648857,
              41.70508887161305
            ],
            [
              2.658924965863183,
              41.70510794428072
            ],
            [
              2.65892100500479,
              41.705129639667824
            ],
            [
              2.658924878987305,
              41.705147124965
            ],
            [
              2.6589420200157674,
              41.70517870073271
            ],
            [
              2.6589583208981162,
              41.70518730586624
            ],
            [
              2.659004268266387,
              41.705203745086415
            ],
            [
              2.6590299755448643,
              41.70520643342573
            ],
            [
              2.6590596817672036,
              41.70520318892859
            ],
            [
              2.6590788191635784,
              41.70519793060543
            ],
            [
              2.658897117812789,
              41.70553371882177
            ],
            [
              2.658863614011861,
              41.70559639984648
            ],
            [
              2.658865836254954,
              41.705608025618055
            ],
            [
              2.6590608220422456,
              41.70567057138762
            ],
            [
              2.6600123086182412,
              41.706031958894684
            ],
            [
              2.660550529685875,
              41.70624071081153
            ],
            [
              2.6607672223202647,
              41.70631340666256
            ],
            [
              2.660980849551596,
              41.70639771223508
            ],
            [
              2.661285997023315,
              41.706518224665025
            ],
            [
              2.661315127948981,
              41.706533082183896
            ],
            [
              2.6615214641870573,
              41.7066096182453
            ],
            [
              2.662535735844746,
              41.70664574191084
            ],
            [
              2.6627176983674388,
              41.70664861705084
            ],
            [
              2.6627518087133737,
              41.70665349092625
            ],
            [
              2.6639964471827606,
              41.70700030137166
            ],
            [
              2.664143704706813,
              41.707043424634364
            ],
            [
              2.664170987671805,
              41.70704377367899
            ],
            [
              2.666646691237147,
              41.706554855633314
            ],
            [
              2.6668625453414645,
              41.70651188624587
            ]
          ]
        ]
      }
    },
    {
      "type": "Feature",
      "id": "082845--zone--diba-268",
      "properties": {
        "name": "Tordera Parc",
        "officialName": "Tordera Parc",
        "municipality": "Tordera",
        "kind": "zone",
        "quality": "official",
        "sourceCategory": "Nucli/urbanització DIBA · LIMIT_PPU",
        "code": "268"
      },
      "geometry": {
        "bbox": [
          2.742833518115901,
          41.720558768516526,
          2.7527609658306624,
          41.72654188823889
        ],
        "type": "Polygon",
        "coordinates": [
          [
            [
              2.743500542312831,
              41.72530003139082
            ],
            [
              2.743777384629327,
              41.72538145971342
            ],
            [
              2.743877829109909,
              41.725423379251716
            ],
            [
              2.744043961271101,
              41.725504942922086
            ],
            [
              2.746184536919299,
              41.72645737716346
            ],
            [
              2.7469226767495014,
              41.726529178508855
            ],
            [
              2.7469859706445963,
              41.72652537998884
            ],
            [
              2.7484842753455108,
              41.72646788487534
            ],
            [
              2.748825387295851,
              41.72609166812143
            ],
            [
              2.749065913051846,
              41.72587818247622
            ],
            [
              2.749187547241568,
              41.72576477765889
            ],
            [
              2.749203921809513,
              41.72575886871871
            ],
            [
              2.7494716248563766,
              41.72549365165668
            ],
            [
              2.749623205561076,
              41.72534662513798
            ],
            [
              2.7497410043789,
              41.72522960853032
            ],
            [
              2.7498800014861566,
              41.725103090425954
            ],
            [
              2.749920568362128,
              41.72505913404514
            ],
            [
              2.750010860672515,
              41.72496637643439
            ],
            [
              2.7500792908359797,
              41.724899151343294
            ],
            [
              2.7501910646738765,
              41.724785183571335
            ],
            [
              2.750341931408778,
              41.7247599304036
            ],
            [
              2.7505384743753583,
              41.72473756840268
            ],
            [
              2.750801063471534,
              41.72470490018557
            ],
            [
              2.751061251888486,
              41.7246711462172
            ],
            [
              2.7514819081707844,
              41.72461666041585
            ],
            [
              2.7515504065179646,
              41.72459366031025
            ],
            [
              2.7517109912590176,
              41.72420781122691
            ],
            [
              2.7518750769994584,
              41.72386553855965
            ],
            [
              2.7519879955719913,
              41.72357202590129
            ],
            [
              2.7520735843769484,
              41.72345016358052
            ],
            [
              2.7521999222246873,
              41.72320517203367
            ],
            [
              2.752335328786736,
              41.72291453391594
            ],
            [
              2.752399652008331,
              41.72278848223992
            ],
            [
              2.7525329512260552,
              41.72254557692825
            ],
            [
              2.7527780919732954,
              41.722074311141526
            ],
            [
              2.752593124857876,
              41.72199573237214
            ],
            [
              2.7525418098358863,
              41.72199021762316
            ],
            [
              2.752486141863973,
              41.721991178584226
            ],
            [
              2.7524543097488947,
              41.72198399441084
            ],
            [
              2.7523779901301015,
              41.721946271291074
            ],
            [
              2.7522581344294412,
              41.72188107269876
            ],
            [
              2.75214921674603,
              41.72181688745277
            ],
            [
              2.751935488193885,
              41.72171464699355
            ],
            [
              2.7517225734552104,
              41.721619793712385
            ],
            [
              2.7513971421546355,
              41.72149011032552
            ],
            [
              2.7510883798813732,
              41.72137199120564
            ],
            [
              2.7509243880357723,
              41.72131101901291
            ],
            [
              2.7507543458845665,
              41.72122913699893
            ],
            [
              2.75057610667566,
              41.72112192699909
            ],
            [
              2.750305146935848,
              41.7209597521386
            ],
            [
              2.7500870759202805,
              41.72086272291003
            ],
            [
              2.7498913973023895,
              41.72078889114563
            ],
            [
              2.7497542589568993,
              41.72074860107325
            ],
            [
              2.7494886916454555,
              41.720685064638914
            ],
            [
              2.7492484667733144,
              41.72062797703076
            ],
            [
              2.749000181521832,
              41.72057240342186
            ],
            [
              2.7488718236886953,
              41.72077892684038
            ],
            [
              2.7488213336989262,
              41.72093265860787
            ],
            [
              2.748797224259811,
              41.720980163378265
            ],
            [
              2.7487395645872694,
              41.721122889872554
            ],
            [
              2.748708976745448,
              41.721228567201145
            ],
            [
              2.7487008230080896,
              41.721254219595096
            ],
            [
              2.7486471071114993,
              41.72134057023834
            ],
            [
              2.748626839409222,
              41.72138970555048
            ],
            [
              2.7484570446352223,
              41.72149201579594
            ],
            [
              2.7484361065018232,
              41.72158969695129
            ],
            [
              2.748430335775805,
              41.72158968431816
            ],
            [
              2.7483959669298765,
              41.72177128309257
            ],
            [
              2.7479672902585257,
              41.721759446919904
            ],
            [
              2.747037747857621,
              41.72184198648625
            ],
            [
              2.7460272800289394,
              41.721988831405646
            ],
            [
              2.7459571642134173,
              41.72214828304133
            ],
            [
              2.74595843693528,
              41.72222196388928
            ],
            [
              2.7458673395556286,
              41.72248864356978
            ],
            [
              2.745923466369662,
              41.72249372158313
            ],
            [
              2.7463350621567284,
              41.722478055139455
            ],
            [
              2.7459214181670717,
              41.7229535291935
            ],
            [
              2.7457582526591073,
              41.723294358801624
            ],
            [
              2.74568475937471,
              41.72345578432137
            ],
            [
              2.745603295336557,
              41.72350424230352
            ],
            [
              2.7454672629467547,
              41.7235789710528
            ],
            [
              2.7453105946846583,
              41.723673379437145
            ],
            [
              2.7452901325606294,
              41.72367927966529
            ],
            [
              2.745242609813091,
              41.72371795435462
            ],
            [
              2.745200503871599,
              41.723717227801075
            ],
            [
              2.744600156534229,
              41.723713233470185
            ],
            [
              2.744231259643822,
              41.72359741583631
            ],
            [
              2.7438417215664743,
              41.72358950461099
            ],
            [
              2.743838619393074,
              41.72371277686577
            ],
            [
              2.7433892369174377,
              41.72424123359708
            ],
            [
              2.7428180265570705,
              41.72444393479648
            ],
            [
              2.7428322330321304,
              41.724483704073954
            ],
            [
              2.7432042591757546,
              41.725253057011585
            ],
            [
              2.743482970205536,
              41.725323379074176
            ],
            [
              2.743500542312831,
              41.72530003139082
            ]
          ]
        ]
      }
    },
    {
      "type": "Feature",
      "id": "082845--zone--diba-266",
      "properties": {
        "name": "El Mas Móra",
        "officialName": "El Mas Móra",
        "municipality": "Tordera",
        "kind": "zone",
        "quality": "official",
        "sourceCategory": "Nucli/urbanització DIBA · LIMIT_PPU",
        "code": "266"
      },
      "geometry": {
        "bbox": [
          2.7382022009020024,
          41.70352399296809,
          2.757179859947719,
          41.71955268240534
        ],
        "type": "Polygon",
        "coordinates": [
          [
            [
              2.7406895841434973,
              41.71081739321764
            ],
            [
              2.740757835320548,
              41.710793678357064
            ],
            [
              2.7408167495153912,
              41.711090325368346
            ],
            [
              2.740868920890164,
              41.7113297619738
            ],
            [
              2.7408993752575883,
              41.711469170651625
            ],
            [
              2.7409358080646453,
              41.711646782945486
            ],
            [
              2.7409974100130223,
              41.711902813812365
            ],
            [
              2.7410981345523826,
              41.7123554679189
            ],
            [
              2.7411038903538,
              41.712358993658945
            ],
            [
              2.741220593807046,
              41.712603799541384
            ],
            [
              2.7415318224788776,
              41.713203021448315
            ],
            [
              2.7419407836110636,
              41.71383299515719
            ],
            [
              2.7419388487393066,
              41.71383587308659
            ],
            [
              2.742071822408562,
              41.714071977686835
            ],
            [
              2.7421153960522107,
              41.71414782524839
            ],
            [
              2.742264863222174,
              41.71443827857681
            ],
            [
              2.7425033176671416,
              41.71490240798758
            ],
            [
              2.7425205029461006,
              41.71493379122187
            ],
            [
              2.742530225933908,
              41.71496776979517
            ],
            [
              2.742531332788055,
              41.714991641105115
            ],
            [
              2.7425236926270298,
              41.715008377203766
            ],
            [
              2.742074882011216,
              41.71619865491403
            ],
            [
              2.7420705139974237,
              41.7162087330663
            ],
            [
              2.7420161265193905,
              41.7163419170149
            ],
            [
              2.741972224805096,
              41.716468278180095
            ],
            [
              2.7419211967720725,
              41.71660300082812
            ],
            [
              2.7419318738480576,
              41.716608519139115
            ],
            [
              2.741905877042579,
              41.716676194169665
            ],
            [
              2.7418853544581854,
              41.71672802898827
            ],
            [
              2.74185181414738,
              41.7168182057189
            ],
            [
              2.7417746922005413,
              41.717014928608855
            ],
            [
              2.7419558360781453,
              41.71708072617389
            ],
            [
              2.742167818016605,
              41.717161003110064
            ],
            [
              2.7423541395188007,
              41.71722492017133
            ],
            [
              2.7423744332374493,
              41.717230640143235
            ],
            [
              2.74260642136709,
              41.717328706009965
            ],
            [
              2.7426166206348728,
              41.71733350261837
            ],
            [
              2.7427866446342453,
              41.71738432217559
            ],
            [
              2.742801425403328,
              41.71738579639443
            ],
            [
              2.7428289046237833,
              41.71739873804953
            ],
            [
              2.7428930362153348,
              41.71741482322212
            ],
            [
              2.7432208130664755,
              41.7175193161191
            ],
            [
              2.743282182775879,
              41.71753467523541
            ],
            [
              2.743300177878439,
              41.71754408282029
            ],
            [
              2.743525528128639,
              41.71761907291885
            ],
            [
              2.743690711084963,
              41.7176787081924
            ],
            [
              2.743901423769216,
              41.71774663936468
            ],
            [
              2.7443438258873463,
              41.7178983114467
            ],
            [
              2.7443661715296415,
              41.717902054069135
            ],
            [
              2.744425948734285,
              41.717925064166685
            ],
            [
              2.744573260970601,
              41.717974569569186
            ],
            [
              2.744977151654379,
              41.718015636471776
            ],
            [
              2.7450067342356976,
              41.718013360272
            ],
            [
              2.7451146266107123,
              41.718029361157
            ],
            [
              2.745139961750361,
              41.71803716345517
            ],
            [
              2.7453173334858967,
              41.71805484942773
            ],
            [
              2.745593721895088,
              41.71808374214059
            ],
            [
              2.7457843209437196,
              41.718100646035886
            ],
            [
              2.745944623783114,
              41.71811820320815
            ],
            [
              2.745956880592858,
              41.71811958137006
            ],
            [
              2.7465838254376838,
              41.71820968198741
            ],
            [
              2.7467757363419003,
              41.718229739616596
            ],
            [
              2.7469798966627854,
              41.71825279623996
            ],
            [
              2.747158820120557,
              41.71827390548505
            ],
            [
              2.7473443608000996,
              41.71829340682162
            ],
            [
              2.7475396268567707,
              41.718316082610976
            ],
            [
              2.7477560489936264,
              41.718339705219066
            ],
            [
              2.748096724776639,
              41.718376749326914
            ],
            [
              2.748414680746457,
              41.718413202260216
            ],
            [
              2.7486266607518,
              41.718435462438215
            ],
            [
              2.7490277681384736,
              41.7184826329432
            ],
            [
              2.7492744826050086,
              41.71850694934231
            ],
            [
              2.749321118683681,
              41.71850921188833
            ],
            [
              2.7494026081065233,
              41.71851407331483
            ],
            [
              2.749657964344209,
              41.718542369959145
            ],
            [
              2.7499296498308885,
              41.71857601666183
            ],
            [
              2.7499468291131195,
              41.7185791164591
            ],
            [
              2.749985765390856,
              41.71858289318761
            ],
            [
              2.7501327464931986,
              41.71859492120192
            ],
            [
              2.7503371403782344,
              41.718620674498574
            ],
            [
              2.750351556422369,
              41.718623317876904
            ],
            [
              2.750385443942068,
              41.71862699433139
            ],
            [
              2.750414282311303,
              41.71863065980966
            ],
            [
              2.750448049624049,
              41.71863433508387
            ],
            [
              2.7504852983809442,
              41.71863927980228
            ],
            [
              2.7505153358060985,
              41.71864375849775
            ],
            [
              2.750681275389851,
              41.71866519435297
            ],
            [
              2.7509228807526487,
              41.71867454434131
            ],
            [
              2.751141539670032,
              41.71867960989356
            ],
            [
              2.751280133038133,
              41.718684592737205
            ],
            [
              2.7513729761629158,
              41.718363239246635
            ],
            [
              2.751389759018714,
              41.718312925860914
            ],
            [
              2.7515104496855125,
              41.71809638507201
            ],
            [
              2.7515714488766174,
              41.71795825704777
            ],
            [
              2.7515842605262666,
              41.71794045068228
            ],
            [
              2.751753081141816,
              41.71758710570333
            ],
            [
              2.751807788762172,
              41.71761604569935
            ],
            [
              2.7519402491052425,
              41.71768379400311
            ],
            [
              2.7519582563982965,
              41.71765879312849
            ],
            [
              2.752292978408025,
              41.71714718842578
            ],
            [
              2.7523805935183456,
              41.7171530517262
            ],
            [
              2.7524996169632763,
              41.71715060510335
            ],
            [
              2.7526009887973166,
              41.717142896237135
            ],
            [
              2.7526930041914297,
              41.71712985385599
            ],
            [
              2.7527779133955788,
              41.71712030798307
            ],
            [
              2.7528991766904607,
              41.717129395757716
            ],
            [
              2.753040600140375,
              41.717148253501925
            ],
            [
              2.7531483718495964,
              41.71716451680058
            ],
            [
              2.753276650477409,
              41.717193884327614
            ],
            [
              2.753371984179726,
              41.717225073403306
            ],
            [
              2.7534956001955684,
              41.717279200212126
            ],
            [
              2.7535778669015567,
              41.71733233841715
            ],
            [
              2.753626078669507,
              41.71736252461387
            ],
            [
              2.7536919759410017,
              41.717389146757895
            ],
            [
              2.7537637750102064,
              41.71741316945049
            ],
            [
              2.7538892557766155,
              41.717451357258376
            ],
            [
              2.7540611037896823,
              41.717499461914024
            ],
            [
              2.7542071178070935,
              41.71754399828901
            ],
            [
              2.754302415776055,
              41.71758482321403
            ],
            [
              2.754397791382704,
              41.717636547720424
            ],
            [
              2.7544090580954044,
              41.717645398759956
            ],
            [
              2.7544664457132226,
              41.71769731223001
            ],
            [
              2.754447344013698,
              41.71769393878706
            ],
            [
              2.75451203464853,
              41.71778540811715
            ],
            [
              2.754822845427843,
              41.718501956109066
            ],
            [
              2.7545291055059336,
              41.71898906533218
            ],
            [
              2.7543098580888494,
              41.71936005139446
            ],
            [
              2.75424294354224,
              41.71947393909289
            ],
            [
              2.754941747369339,
              41.71951595977681
            ],
            [
              2.755483457367793,
              41.71954908530874
            ],
            [
              2.7554493254413326,
              41.71938706502526
            ],
            [
              2.7553992971007704,
              41.71929634712415
            ],
            [
              2.755244231225589,
              41.71906912900485
            ],
            [
              2.7551623617724554,
              41.718910069351956
            ],
            [
              2.755043358116984,
              41.71874786897256
            ],
            [
              2.755086168300013,
              41.71877633258748
            ],
            [
              2.7551388863450095,
              41.71879166603068
            ],
            [
              2.7551903161931848,
              41.718797990505365
            ],
            [
              2.7552757057147867,
              41.71878907431096
            ],
            [
              2.7552483012235114,
              41.71872425489223
            ],
            [
              2.755676380175971,
              41.71850710121938
            ],
            [
              2.7561158920653077,
              41.71828627729496
            ],
            [
              2.756233901893531,
              41.718266260806516
            ],
            [
              2.7563962919556064,
              41.71814518853225
            ],
            [
              2.7564998603728204,
              41.71806542406973
            ],
            [
              2.7565062515909795,
              41.718060213493104
            ],
            [
              2.7565754415188417,
              41.71801091108836
            ],
            [
              2.756628132605542,
              41.71796958912104
            ],
            [
              2.756751348223742,
              41.71787563571604
            ],
            [
              2.7569181225024195,
              41.71773907885826
            ],
            [
              2.756927190995846,
              41.71772522710268
            ],
            [
              2.7569865203199186,
              41.71767680429958
            ],
            [
              2.757030373346998,
              41.71765185638172
            ],
            [
              2.757143453004755,
              41.71756760879021
            ],
            [
              2.757181533155954,
              41.717543279111084
            ],
            [
              2.757187450183915,
              41.717536266073466
            ],
            [
              2.757185318504075,
              41.717527704821585
            ],
            [
              2.7570436240108562,
              41.717420672067405
            ],
            [
              2.7570191827740995,
              41.717398643059404
            ],
            [
              2.7568849204779133,
              41.71729739036809
            ],
            [
              2.7568132164574237,
              41.71724787972347
            ],
            [
              2.756636291635611,
              41.71714302367798
            ],
            [
              2.756625731043582,
              41.7171381374769
            ],
            [
              2.756419199578896,
              41.71704231556397
            ],
            [
              2.7563697730248413,
              41.7170151894759
            ],
            [
              2.756234304683682,
              41.71694725974553
            ],
            [
              2.7563635279513745,
              41.71685376893689
            ],
            [
              2.7563338888926636,
              41.716807589722606
            ],
            [
              2.7562513779399263,
              41.71669140413913
            ],
            [
              2.756156424251236,
              41.716559518830124
            ],
            [
              2.756127275003712,
              41.71651072853939
            ],
            [
              2.756112898690891,
              41.71649763772803
            ],
            [
              2.756093912702444,
              41.71646373071979
            ],
            [
              2.755948494731044,
              41.716261303456164
            ],
            [
              2.7558053286535147,
              41.716067616778304
            ],
            [
              2.7555594420067844,
              41.715730499387575
            ],
            [
              2.7556771709617167,
              41.715656170915665
            ],
            [
              2.755697915044068,
              41.715638380047565
            ],
            [
              2.7558486649075533,
              41.71547864325752
            ],
            [
              2.755963101473945,
              41.715448531484036
            ],
            [
              2.7562471538840745,
              41.71535599906776
            ],
            [
              2.756260403896532,
              41.715348641344875
            ],
            [
              2.7562970131946916,
              41.71529972032979
            ],
            [
              2.756354439474003,
              41.71524543917664
            ],
            [
              2.7563879511837177,
              41.71522091992184
            ],
            [
              2.75647263693881,
              41.71517390217814
            ],
            [
              2.7565992460669424,
              41.71510346372656
            ],
            [
              2.756628353545983,
              41.7150992019631
            ],
            [
              2.7567632066753274,
              41.7150739964644
            ],
            [
              2.75682804645127,
              41.71506197319343
            ],
            [
              2.756860042024517,
              41.71505690684301
            ],
            [
              2.7566876709965604,
              41.71460582637555
            ],
            [
              2.75663617781929,
              41.714489346410005
            ],
            [
              2.7566339097924595,
              41.71448510826634
            ],
            [
              2.756589982142357,
              41.714402600194916
            ],
            [
              2.7565528772382857,
              41.714359737833874
            ],
            [
              2.7563366301887475,
              41.71397350598202
            ],
            [
              2.7563066595510626,
              41.71391966999302
            ],
            [
              2.756306419813014,
              41.71391948934246
            ],
            [
              2.756269936580967,
              41.71383978913106
            ],
            [
              2.7562031340870257,
              41.713862525484906
            ],
            [
              2.755990261302905,
              41.71395277706216
            ],
            [
              2.7559041799566018,
              41.71398772197157
            ],
            [
              2.7554113257610617,
              41.714175826916666
            ],
            [
              2.7549800851813306,
              41.714346226151974
            ],
            [
              2.7549181923649564,
              41.7143740162046
            ],
            [
              2.7548919352404724,
              41.714387470864914
            ],
            [
              2.7546470905044798,
              41.714475670182324
            ],
            [
              2.7544972258256877,
              41.71452867309353
            ],
            [
              2.754279441621783,
              41.714613506731645
            ],
            [
              2.7541647590772684,
              41.71455030177547
            ],
            [
              2.7540752373098303,
              41.71450939900755
            ],
            [
              2.7538575419461213,
              41.71441264785135
            ],
            [
              2.7536253018391066,
              41.71428407000941
            ],
            [
              2.7535159596456213,
              41.714207816446496
            ],
            [
              2.7534418961718172,
              41.71414848086661
            ],
            [
              2.75340672891164,
              41.714102469158554
            ],
            [
              2.753365794529488,
              41.71402455989974
            ],
            [
              2.7533499573316327,
              41.71398480456233
            ],
            [
              2.75334565983366,
              41.71388229444706
            ],
            [
              2.753342682894433,
              41.71374880271111
            ],
            [
              2.7533433799808535,
              41.7136922395657
            ],
            [
              2.7533554057807885,
              41.7136277744792
            ],
            [
              2.753368658601403,
              41.713557097119036
            ],
            [
              2.753368964871925,
              41.713476663393536
            ],
            [
              2.753335630021584,
              41.71336021999842
            ],
            [
              2.7528335987378862,
              41.71352730764515
            ],
            [
              2.7527911382275336,
              41.7135342418574
            ],
            [
              2.7527382326859553,
              41.71353773087908
            ],
            [
              2.7526198801821007,
              41.713555040928156
            ],
            [
              2.752379406782993,
              41.71356920640372
            ],
            [
              2.7507467278784663,
              41.713753754190215
            ],
            [
              2.7505685016400596,
              41.71374210949851
            ],
            [
              2.750159848109322,
              41.71375734720333
            ],
            [
              2.748996621412926,
              41.713807421078684
            ],
            [
              2.748406087932807,
              41.71332857462802
            ],
            [
              2.748344494527837,
              41.71337158471389
            ],
            [
              2.748013447407699,
              41.713091370496606
            ],
            [
              2.7475834763177716,
              41.71271753434365
            ],
            [
              2.7472335371104273,
              41.712413316540086
            ],
            [
              2.747081551201583,
              41.7122708508424
            ],
            [
              2.7470635838470656,
              41.712254598498795
            ],
            [
              2.746768766303237,
              41.71199580723637
            ],
            [
              2.7466512158563967,
              41.7119007032679
            ],
            [
              2.7463842003849894,
              41.71175690303223
            ],
            [
              2.7462105752082304,
              41.71167698783307
            ],
            [
              2.746068223250887,
              41.711622720773846
            ],
            [
              2.74591513606375,
              41.71157788817036
            ],
            [
              2.745940635483623,
              41.71151282313173
            ],
            [
              2.7455757459945604,
              41.711345836455386
            ],
            [
              2.7452443686500816,
              41.711185678246444
            ],
            [
              2.745099557066678,
              41.71111582312816
            ],
            [
              2.745021436594623,
              41.71108187315284
            ],
            [
              2.744885844714342,
              41.711020955261354
            ],
            [
              2.7447437925155214,
              41.710952637027944
            ],
            [
              2.7445768950949057,
              41.71087471495917
            ],
            [
              2.7444347071574744,
              41.71081017902783
            ],
            [
              2.744228816204594,
              41.710714066333075
            ],
            [
              2.7440038453939994,
              41.71060989533737
            ],
            [
              2.7438764328421676,
              41.7105480928592
            ],
            [
              2.743809187867712,
              41.71050038631342
            ],
            [
              2.743799722606648,
              41.71049261909488
            ],
            [
              2.743699419389248,
              41.710445198163406
            ],
            [
              2.7435775317568143,
              41.71038466957089
            ],
            [
              2.7435598827463306,
              41.71037940606313
            ],
            [
              2.7434478359793686,
              41.710323222706165
            ],
            [
              2.743406310056744,
              41.71030700726112
            ],
            [
              2.7432785513259565,
              41.71024187161337
            ],
            [
              2.7431727332057636,
              41.710191015197445
            ],
            [
              2.743061274126776,
              41.71013834554971
            ],
            [
              2.7429509008727386,
              41.71008441632566
            ],
            [
              2.74293448164207,
              41.71007222089578
            ],
            [
              2.742887440001788,
              41.71005266029234
            ],
            [
              2.7427425067313256,
              41.70998415298782
            ],
            [
              2.7426037004640187,
              41.70991655903398
            ],
            [
              2.7423278743158837,
              41.70978606012752
            ],
            [
              2.742092825163016,
              41.709678799459915
            ],
            [
              2.7418744676769826,
              41.7095755389334
            ],
            [
              2.7418624825273676,
              41.70956677511166
            ],
            [
              2.7418622588474992,
              41.709532547575414
            ],
            [
              2.741867599670641,
              41.709399074138354
            ],
            [
              2.7418751564010706,
              41.70931262281322
            ],
            [
              2.7418814778753346,
              41.70896343027024
            ],
            [
              2.7418818282998645,
              41.70890587559166
            ],
            [
              2.7418815148984086,
              41.70889407556685
            ],
            [
              2.74189958153951,
              41.70867398224511
            ],
            [
              2.7419065168398875,
              41.7086530112418
            ],
            [
              2.741928177792736,
              41.70855632256449
            ],
            [
              2.7419270305551793,
              41.708542629172264
            ],
            [
              2.7419555083741005,
              41.70854503497093
            ],
            [
              2.7419650754155223,
              41.7085272223635
            ],
            [
              2.741972485352015,
              41.70850778363106
            ],
            [
              2.7419701641812377,
              41.70845670807252
            ],
            [
              2.74197576470358,
              41.70837844880972
            ],
            [
              2.7419754052793595,
              41.708348094021694
            ],
            [
              2.741973658122237,
              41.70833412906897
            ],
            [
              2.741975591837248,
              41.70830143757921
            ],
            [
              2.741975735897091,
              41.70826540943804
            ],
            [
              2.7419889031854114,
              41.7081281696482
            ],
            [
              2.7419961246510405,
              41.708005238721015
            ],
            [
              2.7419942657468748,
              41.707929034340715
            ],
            [
              2.7419702077617325,
              41.70790321997199
            ],
            [
              2.74196856568868,
              41.707893038243085
            ],
            [
              2.741956216282103,
              41.70788526439369
            ],
            [
              2.7418967319240153,
              41.707821630637184
            ],
            [
              2.7418661132257633,
              41.70778328161855
            ],
            [
              2.741706939149099,
              41.70761052865096
            ],
            [
              2.741598050548493,
              41.707487067398915
            ],
            [
              2.741585223000582,
              41.70747866193583
            ],
            [
              2.7415020770029916,
              41.70738056757302
            ],
            [
              2.7415224734389567,
              41.707269825903566
            ],
            [
              2.741592092015201,
              41.70696274877381
            ],
            [
              2.7415886420902913,
              41.70689347627697
            ],
            [
              2.7415973398430062,
              41.706882597221345
            ],
            [
              2.7416527611222383,
              41.70666952242925
            ],
            [
              2.7416625734054714,
              41.706650449395774
            ],
            [
              2.7417022272923366,
              41.706562808292084
            ],
            [
              2.7417581940992037,
              41.70648358135308
            ],
            [
              2.7417600568589413,
              41.706468633721435
            ],
            [
              2.7418100357443014,
              41.706383898056735
            ],
            [
              2.7420198233530146,
              41.70613171859294
            ],
            [
              2.7420159021779034,
              41.706120090606206
            ],
            [
              2.7419361814326924,
              41.7060376766124
            ],
            [
              2.7418752541738822,
              41.705974309798755
            ],
            [
              2.7418194522612893,
              41.705922034125
            ],
            [
              2.742053769558248,
              41.70569675000122
            ],
            [
              2.7423626527428615,
              41.705399484643515
            ],
            [
              2.7426955583259427,
              41.70510560576183
            ],
            [
              2.74233151772703,
              41.70485727621761
            ],
            [
              2.7420047691811593,
              41.704481307345674
            ],
            [
              2.742281116045078,
              41.7040830902198
            ],
            [
              2.7419226315814362,
              41.704040764702604
            ],
            [
              2.7419221466028496,
              41.704011760677986
            ],
            [
              2.7418956725911827,
              41.7038688482524
            ],
            [
              2.741601823982199,
              41.703773614026
            ],
            [
              2.74159582709392,
              41.703770448048886
            ],
            [
              2.741486222960816,
              41.703737866877646
            ],
            [
              2.741334142648879,
              41.70368717575767
            ],
            [
              2.7413167233966393,
              41.703685064910786
            ],
            [
              2.741300413655422,
              41.70367602107389
            ],
            [
              2.7411568494201166,
              41.703629762379535
            ],
            [
              2.7408234786515018,
              41.70352993447506
            ],
            [
              2.7408135796874324,
              41.70354072069829
            ],
            [
              2.7407934711619846,
              41.70373000507811
            ],
            [
              2.7407833855077417,
              41.70387733976388
            ],
            [
              2.7407790185067453,
              41.70397739904896
            ],
            [
              2.7407741276762403,
              41.703998104399375
            ],
            [
              2.7407540770195316,
              41.70417261720671
            ],
            [
              2.7407274965959094,
              41.70435720415125
            ],
            [
              2.7399308938476676,
              41.70440855071232
            ],
            [
              2.7399231291200907,
              41.70442681759812
            ],
            [
              2.739951800128157,
              41.70458991138603
            ],
            [
              2.7399698202790472,
              41.704741542018894
            ],
            [
              2.739993129448909,
              41.70489336475382
            ],
            [
              2.740016489136331,
              41.705062211953894
            ],
            [
              2.7399702919973152,
              41.70507282590795
            ],
            [
              2.739953315442486,
              41.70508008326222
            ],
            [
              2.739840686614805,
              41.70511171445657
            ],
            [
              2.739822622854326,
              41.70512032039839
            ],
            [
              2.739257687326846,
              41.70536502808545
            ],
            [
              2.739206726606944,
              41.70539436573428
            ],
            [
              2.7391870906674347,
              41.7054948406357
            ],
            [
              2.7391464394653178,
              41.70579909985818
            ],
            [
              2.739145331142763,
              41.705805672539924
            ],
            [
              2.7391066378169278,
              41.706190730035516
            ],
            [
              2.7390835508256637,
              41.70655069306486
            ],
            [
              2.7390684569851556,
              41.7066275795873
            ],
            [
              2.7390606143259166,
              41.706813919959664
            ],
            [
              2.7390464971539976,
              41.70691647897978
            ],
            [
              2.739025309676695,
              41.707133232194224
            ],
            [
              2.739030886060051,
              41.70715125909301
            ],
            [
              2.739026959376419,
              41.70720114960773
            ],
            [
              2.738979349070937,
              41.707621044258595
            ],
            [
              2.7389651551797978,
              41.70783222980798
            ],
            [
              2.738959535320795,
              41.70788436824756
            ],
            [
              2.738942494491734,
              41.70805645553239
            ],
            [
              2.738937156841557,
              41.70812796081036
            ],
            [
              2.7389462836431386,
              41.70813032249278
            ],
            [
              2.7389618099521416,
              41.70815494718858
            ],
            [
              2.7390680570551864,
              41.708276424259395
            ],
            [
              2.739205420832312,
              41.70843147741868
            ],
            [
              2.739389319855568,
              41.70864212068211
            ],
            [
              2.739583749416187,
              41.7088650362835
            ],
            [
              2.73934022861752,
              41.70910191353747
            ],
            [
              2.7393218697827355,
              41.70912375918309
            ],
            [
              2.7393052283074275,
              41.709137051962706
            ],
            [
              2.7392698638812716,
              41.70911355323503
            ],
            [
              2.739115673866236,
              41.70901709829083
            ],
            [
              2.739094926619346,
              41.70900534194036
            ],
            [
              2.7390808592223213,
              41.7090063007845
            ],
            [
              2.738738535762526,
              41.70933122300765
            ],
            [
              2.7385832827807453,
              41.70946813926518
            ],
            [
              2.7384377814879417,
              41.70960111437501
            ],
            [
              2.7384320962587276,
              41.70960992840648
            ],
            [
              2.738250498604603,
              41.709781462528504
            ],
            [
              2.738200922263136,
              41.7098241333874
            ],
            [
              2.7381924591921605,
              41.7098361836392
            ],
            [
              2.7381765377785157,
              41.70984965803616
            ],
            [
              2.7382808965650645,
              41.70999247835568
            ],
            [
              2.7384611785119906,
              41.71020617632793
            ],
            [
              2.7384902672790927,
              41.7102362362118
            ],
            [
              2.7385214531776585,
              41.710282423591664
            ],
            [
              2.7386214053378723,
              41.710415504983196
            ],
            [
              2.7387183810276583,
              41.71054191515522
            ],
            [
              2.738828393858522,
              41.71068420739
            ],
            [
              2.738934602580267,
              41.71081613179492
            ],
            [
              2.739030396281954,
              41.710937585098904
            ],
            [
              2.7391050249981412,
              41.71103160775268
            ],
            [
              2.7391873473396373,
              41.71112555864747
            ],
            [
              2.739205811773262,
              41.71113721972563
            ],
            [
              2.7393293579690465,
              41.711262607909084
            ],
            [
              2.739349986980471,
              41.711274363944874
            ],
            [
              2.7400233364179454,
              41.71104512341812
            ],
            [
              2.7403323300341462,
              41.71093881483968
            ],
            [
              2.7406895841434973,
              41.71081739321764
            ]
          ]
        ]
      }
    },
    {
      "type": "Feature",
      "id": "082845--zone--diba-350",
      "properties": {
        "name": "Mas Reixac",
        "officialName": "Mas Reixac",
        "municipality": "Tordera",
        "kind": "zone",
        "quality": "official",
        "sourceCategory": "Nucli/urbanització DIBA · LIMIT_PPU",
        "code": "350"
      },
      "geometry": {
        "bbox": [
          2.71696136234771,
          41.68246547375221,
          2.7220790754409885,
          41.68817066773164
        ],
        "type": "Polygon",
        "coordinates": [
          [
            [
              2.721669450328211,
              41.68816967644505
            ],
            [
              2.7217234926546747,
              41.68800920899457
            ],
            [
              2.721706845527436,
              41.68791243193447
            ],
            [
              2.7211340480411024,
              41.687685867552304
            ],
            [
              2.721145985503151,
              41.68767625887003
            ],
            [
              2.721192753039569,
              41.68761485352108
            ],
            [
              2.7213013536000052,
              41.68745334766526
            ],
            [
              2.7218893796516084,
              41.68768670343368
            ],
            [
              2.7220808314809863,
              41.687762644646654
            ],
            [
              2.7218735947742503,
              41.6866062560802
            ],
            [
              2.7216961914521423,
              41.68594686361481
            ],
            [
              2.721685225101138,
              41.685926120615306
            ],
            [
              2.721642527319461,
              41.68590791283958
            ],
            [
              2.7215881005833014,
              41.685906790219796
            ],
            [
              2.7215611663148414,
              41.6858272819104
            ],
            [
              2.7215529859534957,
              41.68582951477978
            ],
            [
              2.7214482417529777,
              41.68584961712029
            ],
            [
              2.7211780642888415,
              41.685891927886516
            ],
            [
              2.721150414243552,
              41.68589510337743
            ],
            [
              2.7211245856049002,
              41.685893869778056
            ],
            [
              2.7211056179582793,
              41.68588986060599
            ],
            [
              2.7210958215112315,
              41.68587677646622
            ],
            [
              2.721089159298493,
              41.68583352598076
            ],
            [
              2.7209797106788214,
              41.684882195317044
            ],
            [
              2.720939016893321,
              41.684482718523256
            ],
            [
              2.721460511619707,
              41.68445038419666
            ],
            [
              2.7214350878809275,
              41.684159570810436
            ],
            [
              2.7214255292499963,
              41.684063261183894
            ],
            [
              2.721410028207459,
              41.684035661724245
            ],
            [
              2.721398557897346,
              41.683992849945604
            ],
            [
              2.721401164517871,
              41.68394538857038
            ],
            [
              2.7214104453457266,
              41.68391082360131
            ],
            [
              2.72136577456749,
              41.6834579257312
            ],
            [
              2.7213486889933587,
              41.68337961214526
            ],
            [
              2.7213203017709118,
              41.6832754206217
            ],
            [
              2.721276325595834,
              41.68316380541885
            ],
            [
              2.7212169942576123,
              41.68304629830174
            ],
            [
              2.7211767528612,
              41.68298837475421
            ],
            [
              2.721118057243731,
              41.68289095507881
            ],
            [
              2.721072798482239,
              41.682798251702955
            ],
            [
              2.7210390596000185,
              41.68268116688077
            ],
            [
              2.721004261064843,
              41.68247535899954
            ],
            [
              2.720690160126081,
              41.68273166298505
            ],
            [
              2.7205974279109695,
              41.68280943954311
            ],
            [
              2.720174348543303,
              41.68317590572444
            ],
            [
              2.7198781099759484,
              41.683439996194735
            ],
            [
              2.7187888463788292,
              41.68392670197635
            ],
            [
              2.7187390756905683,
              41.68396044707989
            ],
            [
              2.717715948239623,
              41.684651766803015
            ],
            [
              2.717667504057844,
              41.684684433837475
            ],
            [
              2.7177542460210544,
              41.6848795616373
            ],
            [
              2.7176473958922776,
              41.68496946166407
            ],
            [
              2.717605438606472,
              41.685002144606756
            ],
            [
              2.7175743523493594,
              41.68502179388028
            ],
            [
              2.7175480001808077,
              41.6850304660563
            ],
            [
              2.717493565593991,
              41.685031323952316
            ],
            [
              2.717409875464371,
              41.68523810342121
            ],
            [
              2.7171726495737545,
              41.68582397720357
            ],
            [
              2.717160624765121,
              41.68590834459922
            ],
            [
              2.717054386090878,
              41.68613263222258
            ],
            [
              2.7174336838432893,
              41.68619751434583
            ],
            [
              2.7175768113710137,
              41.68589045125674
            ],
            [
              2.7177905897872954,
              41.685886471011514
            ],
            [
              2.717946668980274,
              41.685887844043
            ],
            [
              2.7180237816433235,
              41.68589442833815
            ],
            [
              2.7181467085122986,
              41.68592102984434
            ],
            [
              2.718158107679036,
              41.685924660658735
            ],
            [
              2.718164928705119,
              41.68593107246163
            ],
            [
              2.7181659822076463,
              41.685937470120976
            ],
            [
              2.718165340543949,
              41.68594683598258
            ],
            [
              2.718163148240888,
              41.68595358596837
            ],
            [
              2.718149355629186,
              41.68597525937389
            ],
            [
              2.7180039820408575,
              41.68619188679019
            ],
            [
              2.717960562368861,
              41.686256631716226
            ],
            [
              2.717869089897105,
              41.686401693410794
            ],
            [
              2.717837571882775,
              41.686465296574305
            ],
            [
              2.7178194255485266,
              41.68652082612666
            ],
            [
              2.7178154881473375,
              41.68656972527387
            ],
            [
              2.7178200543897755,
              41.68662468008856
            ],
            [
              2.7178456520091263,
              41.686706617909365
            ],
            [
              2.7178958193525133,
              41.68683049927163
            ],
            [
              2.717911510691536,
              41.686869358592936
            ],
            [
              2.7171392199661364,
              41.686627064175845
            ],
            [
              2.716941677936065,
              41.68695687172924
            ],
            [
              2.7174900740949997,
              41.68712539011383
            ],
            [
              2.7182074337975974,
              41.68734584116225
            ],
            [
              2.71824135873528,
              41.68736429891696
            ],
            [
              2.718353387320849,
              41.68741077927313
            ],
            [
              2.71849295496938,
              41.68745192358994
            ],
            [
              2.7185990955910704,
              41.68747064727192
            ],
            [
              2.718783684085641,
              41.68749361605044
            ],
            [
              2.718938985470505,
              41.687508946910754
            ],
            [
              2.71899232148405,
              41.68751250004837
            ],
            [
              2.7190446992461244,
              41.687543251501154
            ],
            [
              2.719116979794155,
              41.68755621832375
            ],
            [
              2.7194591871606484,
              41.687614427881975
            ],
            [
              2.7195056550061585,
              41.68762237751789
            ],
            [
              2.719519463561908,
              41.68759701016378
            ],
            [
              2.719662830049343,
              41.687621409037426
            ],
            [
              2.7206836568363095,
              41.687914819954614
            ],
            [
              2.7207619052678824,
              41.687937256849004
            ],
            [
              2.721325603551591,
              41.68810039070577
            ],
            [
              2.721669450328211,
              41.68816967644505
            ]
          ]
        ]
      }
    },
    {
      "type": "Feature",
      "id": "082845--zone--diba-267",
      "properties": {
        "name": "Terra Brava",
        "officialName": "Terra Brava",
        "municipality": "Tordera",
        "kind": "zone",
        "quality": "official",
        "sourceCategory": "Nucli/urbanització DIBA · LIMIT_PPU",
        "code": "267"
      },
      "geometry": {
        "bbox": [
          2.7268270761990876,
          41.72895206386382,
          2.7427936225862495,
          41.7388933217562
        ],
        "type": "Polygon",
        "coordinates": [
          [
            [
              2.737050724288571,
              41.7388783417526
            ],
            [
              2.737110423857006,
              41.73886523796311
            ],
            [
              2.73716488294352,
              41.738839961713445
            ],
            [
              2.7372423315088956,
              41.73878015177067
            ],
            [
              2.7373649175177714,
              41.73868036259878
            ],
            [
              2.7375554326302125,
              41.73852524402231
            ],
            [
              2.7378391926873893,
              41.738299272131606
            ],
            [
              2.73796294075244,
              41.73823857564224
            ],
            [
              2.742805566634434,
              41.73589972160315
            ],
            [
              2.742013941891195,
              41.73578175936441
            ],
            [
              2.7416475147106554,
              41.73572707649662
            ],
            [
              2.7413668477676185,
              41.735697173028996
            ],
            [
              2.741063324364588,
              41.735669830324404
            ],
            [
              2.7407961961725635,
              41.73565238663242
            ],
            [
              2.740581341291993,
              41.735644156588265
            ],
            [
              2.740088882015305,
              41.73562215003464
            ],
            [
              2.739514490290077,
              41.73555104815964
            ],
            [
              2.739503482771493,
              41.73550724883035
            ],
            [
              2.739237634537171,
              41.734755636030116
            ],
            [
              2.7392241357629006,
              41.73470381471844
            ],
            [
              2.7409510751930584,
              41.734033440463215
            ],
            [
              2.740961832754047,
              41.73401932360575
            ],
            [
              2.7409970763604847,
              41.73389654653664
            ],
            [
              2.7410300789530675,
              41.73382303220858
            ],
            [
              2.741171674015824,
              41.73359682236889
            ],
            [
              2.7412011322129675,
              41.733567435579175
            ],
            [
              2.7412237512024054,
              41.733534340478585
            ],
            [
              2.741254826536696,
              41.73343127852962
            ],
            [
              2.7411522953308376,
              41.73330143667605
            ],
            [
              2.741069698801736,
              41.7331782139155
            ],
            [
              2.7410188788095167,
              41.73307713005456
            ],
            [
              2.7409475280582196,
              41.732938080090726
            ],
            [
              2.74072382877661,
              41.73255900898802
            ],
            [
              2.7405985870270184,
              41.7324258728285
            ],
            [
              2.7404579184091227,
              41.7322715341516
            ],
            [
              2.740223115661243,
              41.73208329785404
            ],
            [
              2.7399882377753046,
              41.731944148580546
            ],
            [
              2.739896134338084,
              41.73191322599678
            ],
            [
              2.739830541829467,
              41.731898216725966
            ],
            [
              2.7396150327418796,
              41.731846389133786
            ],
            [
              2.7394187512483383,
              41.73179775721911
            ],
            [
              2.7392649898283254,
              41.73176030016431
            ],
            [
              2.739147506514215,
              41.731731932342456
            ],
            [
              2.738891375866819,
              41.731734954353804
            ],
            [
              2.7387433227469398,
              41.731772898823515
            ],
            [
              2.7385861735820827,
              41.731859641677694
            ],
            [
              2.7384852264925086,
              41.731993977739315
            ],
            [
              2.7384723070927777,
              41.73212599300824
            ],
            [
              2.7384979685017186,
              41.732232695217334
            ],
            [
              2.738540938760515,
              41.73231133472008
            ],
            [
              2.738676462949002,
              41.73245782698226
            ],
            [
              2.7388606817121555,
              41.732546244031376
            ],
            [
              2.739060494056485,
              41.73264424369801
            ],
            [
              2.7391596948135577,
              41.73276408201384
            ],
            [
              2.7391892246237575,
              41.732836025520015
            ],
            [
              2.7391823522291285,
              41.73290032135427
            ],
            [
              2.7391218554327454,
              41.733022770344306
            ],
            [
              2.739039256243276,
              41.73316921890264
            ],
            [
              2.7389231612764102,
              41.733361887672366
            ],
            [
              2.738825883734732,
              41.73348047085154
            ],
            [
              2.738753008452451,
              41.7335415533098
            ],
            [
              2.738652247346092,
              41.73362914407622
            ],
            [
              2.738497684296507,
              41.73375930586559
            ],
            [
              2.7384014660168132,
              41.733853571982635
            ],
            [
              2.73835804513481,
              41.73394561550693
            ],
            [
              2.7383257254270084,
              41.73405750076056
            ],
            [
              2.7382998877359834,
              41.734231999037334
            ],
            [
              2.7382910057981857,
              41.734376363121655
            ],
            [
              2.7382928890574973,
              41.73453480185604
            ],
            [
              2.738322824851435,
              41.73462548120221
            ],
            [
              2.738370906447735,
              41.73474871739444
            ],
            [
              2.7384299768519047,
              41.734860629665455
            ],
            [
              2.7384716947274086,
              41.73492233210833
            ],
            [
              2.7385398228173883,
              41.735024717436175
            ],
            [
              2.738599823885735,
              41.73511483461398
            ],
            [
              2.7377944867169512,
              41.735298369831455
            ],
            [
              2.7377395428450417,
              41.73505874635629
            ],
            [
              2.7376967630459483,
              41.7349330900998
            ],
            [
              2.737686425452621,
              41.734813632699385
            ],
            [
              2.737683757598723,
              41.734789577721074
            ],
            [
              2.7376851884375966,
              41.734763010118535
            ],
            [
              2.737628409988231,
              41.73464966156493
            ],
            [
              2.737541966067709,
              41.734527239053044
            ],
            [
              2.737433607134471,
              41.734412511583336
            ],
            [
              2.737432170036553,
              41.73441106716758
            ],
            [
              2.7372942581079163,
              41.73431906083147
            ],
            [
              2.737291500499397,
              41.73431707297044
            ],
            [
              2.737091019302189,
              41.73420555811186
            ],
            [
              2.7369212427810483,
              41.73417274496939
            ],
            [
              2.7368953175223605,
              41.73416061613072
            ],
            [
              2.736828142913913,
              41.73409092768142
            ],
            [
              2.736788001386393,
              41.734055979258606
            ],
            [
              2.736653243302272,
              41.73395767351922
            ],
            [
              2.736607091941739,
              41.73392244104674
            ],
            [
              2.736587995221532,
              41.73391690295558
            ],
            [
              2.7364655439296484,
              41.73383799041759
            ],
            [
              2.7363250991277197,
              41.73374849908284
            ],
            [
              2.7361935628593055,
              41.73365659611735
            ],
            [
              2.736163122883789,
              41.73363148655838
            ],
            [
              2.7361054575634514,
              41.73358911095466
            ],
            [
              2.7360335405166625,
              41.73353238223356
            ],
            [
              2.7359773234813916,
              41.73351811196921
            ],
            [
              2.7357626047422796,
              41.7334782583922
            ],
            [
              2.7356251583776636,
              41.73345002121038
            ],
            [
              2.7355973813092165,
              41.733450047369885
            ],
            [
              2.735344673627387,
              41.7334081249374
            ],
            [
              2.7353160425173435,
              41.73335257540169
            ],
            [
              2.735293081065946,
              41.73332162823763
            ],
            [
              2.735173825342636,
              41.73310914673319
            ],
            [
              2.7350112260306965,
              41.73299834602117
            ],
            [
              2.7348912505543295,
              41.73296186173723
            ],
            [
              2.7348695288885665,
              41.7329514534822
            ],
            [
              2.734843698543686,
              41.73294598963445
            ],
            [
              2.7348002019676465,
              41.7329085999579
            ],
            [
              2.734703427847241,
              41.732844427224826
            ],
            [
              2.7346771969240775,
              41.73281914684533
            ],
            [
              2.734479216966632,
              41.73268646655012
            ],
            [
              2.734460495624941,
              41.732677506282556
            ],
            [
              2.7344175862916087,
              41.73264390078916
            ],
            [
              2.7342479951815863,
              41.73253767643916
            ],
            [
              2.733834213889198,
              41.732425393958174
            ],
            [
              2.7336486675091747,
              41.73236903097234
            ],
            [
              2.7334779590393206,
              41.73230117304332
            ],
            [
              2.7332770910040645,
              41.7322865667592
            ],
            [
              2.7332546140854923,
              41.73228444295645
            ],
            [
              2.732978973908239,
              41.73235216828597
            ],
            [
              2.732589631143332,
              41.73220444932114
            ],
            [
              2.7323688933237786,
              41.73199371112019
            ],
            [
              2.73230246377689,
              41.73192005862404
            ],
            [
              2.732296622003122,
              41.73190797552977
            ],
            [
              2.732250716768609,
              41.731872021304476
            ],
            [
              2.732249310514334,
              41.731863191091
            ],
            [
              2.7322400918681384,
              41.73185353203638
            ],
            [
              2.7320821085328837,
              41.73173345972466
            ],
            [
              2.73189419941793,
              41.731667812001994
            ],
            [
              2.731849883653049,
              41.73165482847365
            ],
            [
              2.7317867393631623,
              41.731629911637675
            ],
            [
              2.731661727402959,
              41.73159089023773
            ],
            [
              2.7314834201038423,
              41.73152967683203
            ],
            [
              2.7312869065990455,
              41.731451577338326
            ],
            [
              2.731263527419804,
              41.73143521985138
            ],
            [
              2.731106308943311,
              41.73130542123508
            ],
            [
              2.730976779246113,
              41.73119667372349
            ],
            [
              2.7308202577225047,
              41.73110182291029
            ],
            [
              2.730805131040339,
              41.731096113915164
            ],
            [
              2.730781287319554,
              41.73107588219682
            ],
            [
              2.7306624463633833,
              41.730999223671645
            ],
            [
              2.7305364714213702,
              41.73090336411469
            ],
            [
              2.730293912823283,
              41.730766428770366
            ],
            [
              2.7299630965143176,
              41.73060145456356
            ],
            [
              2.7298011803796225,
              41.73041706019911
            ],
            [
              2.729664307219688,
              41.73025371011691
            ],
            [
              2.7296200293753285,
              41.73020334733137
            ],
            [
              2.7295570205495414,
              41.73011772185942
            ],
            [
              2.729544964039842,
              41.73009679705595
            ],
            [
              2.729491037272894,
              41.72990968311802
            ],
            [
              2.7293883111555726,
              41.729775956300955
            ],
            [
              2.7294290545829454,
              41.72975155298261
            ],
            [
              2.7294132636092145,
              41.72973233071618
            ],
            [
              2.7293951691468252,
              41.72971733635127
            ],
            [
              2.7292972167493863,
              41.72962091090888
            ],
            [
              2.72916546798054,
              41.729498104151595
            ],
            [
              2.7289564648960702,
              41.72933269258851
            ],
            [
              2.7289155856996,
              41.729303323141174
            ],
            [
              2.72879205231373,
              41.72922899433337
            ],
            [
              2.7284319495937956,
              41.729139876260916
            ],
            [
              2.728162053785982,
              41.729073127915406
            ],
            [
              2.7278981610917405,
              41.72903737661357
            ],
            [
              2.7278713455436905,
              41.72903794450908
            ],
            [
              2.7278494920342538,
              41.729030867229646
            ],
            [
              2.727762983600611,
              41.72901562048532
            ],
            [
              2.7277695786927145,
              41.728991407058
            ],
            [
              2.727660473435152,
              41.72897457639754
            ],
            [
              2.727459132756621,
              41.72896076945911
            ],
            [
              2.727302733689383,
              41.728953193645054
            ],
            [
              2.727039478883374,
              41.72896581081839
            ],
            [
              2.7268489575133414,
              41.72900931355478
            ],
            [
              2.7268267583389454,
              41.72902709480646
            ],
            [
              2.7268531887369525,
              41.72965846490112
            ],
            [
              2.7270806505620633,
              41.72997920619581
            ],
            [
              2.72712238502151,
              41.73006181017049
            ],
            [
              2.7271779732632715,
              41.730166964723175
            ],
            [
              2.7272324989626875,
              41.73026752311392
            ],
            [
              2.7272985825569007,
              41.730393058518935
            ],
            [
              2.7273601308692257,
              41.7305109262041
            ],
            [
              2.7274037160843996,
              41.730582545823076
            ],
            [
              2.7274208787232292,
              41.73061852478491
            ],
            [
              2.7274920466434747,
              41.73076487848594
            ],
            [
              2.727497643887113,
              41.73077768181275
            ],
            [
              2.7275123759784403,
              41.730791317438424
            ],
            [
              2.727566973507667,
              41.73087512266273
            ],
            [
              2.7276264706223494,
              41.7309946066071
            ],
            [
              2.7276558059952043,
              41.73105241151591
            ],
            [
              2.7276963844160838,
              41.7311246543867
            ],
            [
              2.727736289078582,
              41.73121409916676
            ],
            [
              2.7278008091953754,
              41.73134017098367
            ],
            [
              2.7278528197595335,
              41.73143883161633
            ],
            [
              2.7278511086241752,
              41.73144540273111
            ],
            [
              2.7278633181483523,
              41.73145849191122
            ],
            [
              2.7280364746706907,
              41.73179981887704
            ],
            [
              2.7280513322897453,
              41.731812283808374
            ],
            [
              2.728126872572839,
              41.73180579732251
            ],
            [
              2.7281362746396285,
              41.73180032524964
            ],
            [
              2.728134630890375,
              41.73184823901582
            ],
            [
              2.728140484643894,
              41.73188581238029
            ],
            [
              2.728156762592283,
              41.73196096992012
            ],
            [
              2.728186240953131,
              41.73207092600248
            ],
            [
              2.728241719792923,
              41.732231383202624
            ],
            [
              2.7283839603986637,
              41.73249112243499
            ],
            [
              2.7285580337340436,
              41.73272995019261
            ],
            [
              2.7286993614355506,
              41.73386643739416
            ],
            [
              2.7297884779568315,
              41.73472079817193
            ],
            [
              2.7299910929006868,
              41.73483701444691
            ],
            [
              2.730139482691773,
              41.734922929332264
            ],
            [
              2.73029544362354,
              41.735010032715266
            ],
            [
              2.730499498856354,
              41.735127332318356
            ],
            [
              2.7308714114951775,
              41.73533455422685
            ],
            [
              2.730978632257348,
              41.73491129182385
            ],
            [
              2.7310207251295795,
              41.73485230306093
            ],
            [
              2.7312659395048535,
              41.73496168135047
            ],
            [
              2.7315040908160593,
              41.735063656811576
            ],
            [
              2.7317324177311613,
              41.73515714129235
            ],
            [
              2.7319476344451092,
              41.73525149634406
            ],
            [
              2.7319846003760624,
              41.735268876151025
            ],
            [
              2.7321550767718086,
              41.735335925089835
            ],
            [
              2.7321651402624925,
              41.73534495561983
            ],
            [
              2.7323532496188707,
              41.73542294392085
            ],
            [
              2.732545898635692,
              41.735508238208396
            ],
            [
              2.732731493402474,
              41.735583878196806
            ],
            [
              2.7328033929693953,
              41.735615659332574
            ],
            [
              2.7329360599463777,
              41.73563731451089
            ],
            [
              2.73304193076315,
              41.735654222706735
            ],
            [
              2.733206812202637,
              41.735679284126064
            ],
            [
              2.733481615236752,
              41.735730179500315
            ],
            [
              2.7335161309912235,
              41.73572926877365
            ],
            [
              2.7337320735599193,
              41.73576543647284
            ],
            [
              2.733822447452984,
              41.73577870520938
            ],
            [
              2.7338306051970047,
              41.73592959256543
            ],
            [
              2.7338324768973563,
              41.7359713897153
            ],
            [
              2.7338324326402943,
              41.73598210892916
            ],
            [
              2.733837680633713,
              41.73608020809856
            ],
            [
              2.733836780247011,
              41.73618207599461
            ],
            [
              2.733842037058596,
              41.73619037467696
            ],
            [
              2.7338422728632477,
              41.73622063898388
            ],
            [
              2.7338450133404266,
              41.73622677014028
            ],
            [
              2.733846397262216,
              41.73638700914758
            ],
            [
              2.734009957443601,
              41.73647052224487
            ],
            [
              2.734161025664626,
              41.736550673592454
            ],
            [
              2.73422365652436,
              41.73658513541359
            ],
            [
              2.73425355528131,
              41.73659583290847
            ],
            [
              2.734301276089533,
              41.73662971977928
            ],
            [
              2.7343140238482526,
              41.736629479042996
            ],
            [
              2.734329488394849,
              41.7366411330197
            ],
            [
              2.7343687367433915,
              41.73665914782832
            ],
            [
              2.7344247513905167,
              41.736694224739395
            ],
            [
              2.7344798518533198,
              41.736717410176965
            ],
            [
              2.734652517233417,
              41.73680959018314
            ],
            [
              2.7348435523781762,
              41.73690892790558
            ],
            [
              2.7349075099691587,
              41.736942310664645
            ],
            [
              2.7349249290959605,
              41.73694658417274
            ],
            [
              2.7350326700026657,
              41.73700681975611
            ],
            [
              2.7351286430533888,
              41.7370629740301
            ],
            [
              2.7351875510871437,
              41.73709616575203
            ],
            [
              2.7352061665072793,
              41.737101973176344
            ],
            [
              2.7353560418311114,
              41.73718049892418
            ],
            [
              2.7354135203686325,
              41.73721044469214
            ],
            [
              2.735431416549072,
              41.737215709098834
            ],
            [
              2.7356032520915186,
              41.737305634892486
            ],
            [
              2.7356118921844774,
              41.73731006733637
            ],
            [
              2.7356399878136193,
              41.73732103053274
            ],
            [
              2.7356871267206992,
              41.73735050202144
            ],
            [
              2.735846491007305,
              41.737432021286416
            ],
            [
              2.7359687608635914,
              41.73749769362883
            ],
            [
              2.735996140654151,
              41.73750730313182
            ],
            [
              2.736005599699386,
              41.73751732271152
            ],
            [
              2.736111680317083,
              41.73757205915135
            ],
            [
              2.7361790784583273,
              41.73764688162111
            ],
            [
              2.736282032468674,
              41.73776078717036
            ],
            [
              2.736758141570183,
              41.73828716935018
            ],
            [
              2.736803089441761,
              41.7385893693875
            ],
            [
              2.7368357155159524,
              41.73878687904474
            ],
            [
              2.7368401102768742,
              41.73880057985289
            ],
            [
              2.7368563819195124,
              41.73882097309058
            ],
            [
              2.7368833544754,
              41.73884184118321
            ],
            [
              2.7369246352547747,
              41.73886328245278
            ],
            [
              2.736965953550376,
              41.73887553658431
            ],
            [
              2.737003935576997,
              41.73888021622737
            ],
            [
              2.737050724288571,
              41.7388783417526
            ]
          ]
        ]
      }
    },
    {
      "type": "Feature",
      "id": "082845--zone--diba-421",
      "properties": {
        "name": "L'Esplai - Les Mimoses",
        "officialName": "L'Esplai - Les Mimoses",
        "municipality": "Tordera",
        "kind": "zone",
        "quality": "official",
        "sourceCategory": "Nucli/urbanització DIBA · LIMIT_PPU",
        "code": "421"
      },
      "geometry": {
        "bbox": [
          2.612675829935664,
          41.65889278383785,
          2.6205517732624513,
          41.66459927774293
        ],
        "type": "Polygon",
        "coordinates": [
          [
            [
              2.6152627219489992,
              41.664565481432994
            ],
            [
              2.6153527851577727,
              41.66454956905932
            ],
            [
              2.6154853164765672,
              41.66450209435177
            ],
            [
              2.6155484017486805,
              41.66447798511502
            ],
            [
              2.615593485282393,
              41.66447138052468
            ],
            [
              2.615643821758799,
              41.664470196884984
            ],
            [
              2.61567441909938,
              41.66447570350184
            ],
            [
              2.6157462249613515,
              41.664500262943626
            ],
            [
              2.615823571066856,
              41.66452213780641
            ],
            [
              2.6159189027851086,
              41.66452921178701
            ],
            [
              2.6159981473466782,
              41.664514613830775
            ],
            [
              2.616073868656451,
              41.66448649419435
            ],
            [
              2.6161299631726416,
              41.664446148377586
            ],
            [
              2.616204089477884,
              41.66438298542909
            ],
            [
              2.6162565324445675,
              41.66433046767437
            ],
            [
              2.616343406747956,
              41.664264645043644
            ],
            [
              2.616413810643646,
              41.66422164469749
            ],
            [
              2.616447498856011,
              41.664232565727225
            ],
            [
              2.6165197359055687,
              41.66418425720145
            ],
            [
              2.616539787358767,
              41.6641451428994
            ],
            [
              2.616516620259974,
              41.66410183117916
            ],
            [
              2.616491539897778,
              41.664077518204074
            ],
            [
              2.6164828118839027,
              41.66403020142591
            ],
            [
              2.616467075702332,
              41.66394917443603
            ],
            [
              2.616431585184819,
              41.66387744988185
            ],
            [
              2.616439136458831,
              41.66379920184862
            ],
            [
              2.6164433074281885,
              41.663703379446915
            ],
            [
              2.616438413707676,
              41.663616984326
            ],
            [
              2.616419179035889,
              41.663518291589355
            ],
            [
              2.6163944277096145,
              41.663438585572386
            ],
            [
              2.6162508426213957,
              41.6633855052797
            ],
            [
              2.6154893638867076,
              41.66311292893289
            ],
            [
              2.615407019723101,
              41.66308329094826
            ],
            [
              2.6154432219094237,
              41.66305512865017
            ],
            [
              2.6154775001087733,
              41.66302732109163
            ],
            [
              2.6154974869913397,
              41.66299910542838
            ],
            [
              2.6155282994175972,
              41.662968133749466
            ],
            [
              2.6155501367048792,
              41.66293172773786
            ],
            [
              2.615570164246805,
              41.66289666584433
            ],
            [
              2.6155936744914277,
              41.662861706567256
            ],
            [
              2.6156209477082406,
              41.662819914416794
            ],
            [
              2.615649991640542,
              41.66278353248531
            ],
            [
              2.6156735737157506,
              41.6627566789876
            ],
            [
              2.615706052649531,
              41.662728414984215
            ],
            [
              2.615742438578054,
              41.66266908928092
            ],
            [
              2.6157823802807956,
              41.66261797198063
            ],
            [
              2.615823931754781,
              41.662578928759935
            ],
            [
              2.615856545503847,
              41.662547963011185
            ],
            [
              2.6159070324848197,
              41.66252120028172
            ],
            [
              2.6159540768576597,
              41.6624875796736
            ],
            [
              2.616010041560089,
              41.66244858544309
            ],
            [
              2.6160552824136194,
              41.662415048839556
            ],
            [
              2.6161220490220676,
              41.662377441712394
            ],
            [
              2.616167211265225,
              41.662357326393426
            ],
            [
              2.616232103882801,
              41.662331871729535
            ],
            [
              2.616345713283287,
              41.66229451003497
            ],
            [
              2.6164520923404786,
              41.66226108815851
            ],
            [
              2.6165584978781924,
              41.662222981639744
            ],
            [
              2.616630781111359,
              41.6621867427944
            ],
            [
              2.6166974910653886,
              41.66215859267628
            ],
            [
              2.6167263733283135,
              41.662149321527075
            ],
            [
              2.616771511246799,
              41.66211299207168
            ],
            [
              2.616805895136292,
              41.662087436257764
            ],
            [
              2.6168331191850793,
              41.66205375010724
            ],
            [
              2.6168746931479734,
              41.66201074432029
            ],
            [
              2.6169109666968438,
              41.66197033203231
            ],
            [
              2.616945254365089,
              41.661940722626106
            ],
            [
              2.6169777951987276,
              41.661921915999464
            ],
            [
              2.6170462498293525,
              41.66190331819694
            ],
            [
              2.6170949507491614,
              41.66189402291243
            ],
            [
              2.6171886131141577,
              41.66187812107907
            ],
            [
              2.6172660604738214,
              41.661862166077405
            ],
            [
              2.617340096577257,
              41.661834039078286
            ],
            [
              2.617401424872157,
              41.66180181740316
            ],
            [
              2.6174664358563944,
              41.66175618635827
            ],
            [
              2.6175424720631844,
              41.66169428987423
            ],
            [
              2.6176540055909903,
              41.66160143576627
            ],
            [
              2.617331772548965,
              41.66116964111785
            ],
            [
              2.6177110784850766,
              41.66098769552026
            ],
            [
              2.617824965612752,
              41.6609231315994
            ],
            [
              2.6178574829161176,
              41.6609083778714
            ],
            [
              2.617969431843745,
              41.660866865737205
            ],
            [
              2.6180091476360734,
              41.66085348696837
            ],
            [
              2.6182512272239724,
              41.66072188392122
            ],
            [
              2.618385077886291,
              41.66063234578905
            ],
            [
              2.6185043675637867,
              41.66054762304753
            ],
            [
              2.618640134452923,
              41.66043854539789
            ],
            [
              2.6187714717118076,
              41.66030657465976
            ],
            [
              2.6188711331054817,
              41.66020962673672
            ],
            [
              2.618947286818883,
              41.66012746264016
            ],
            [
              2.6194686110703085,
              41.66030347596795
            ],
            [
              2.6202259759195288,
              41.6608856801637
            ],
            [
              2.620477059306662,
              41.66075410217438
            ],
            [
              2.6205756852949786,
              41.66052609491413
            ],
            [
              2.6204624050421543,
              41.66048789076456
            ],
            [
              2.6203995855559774,
              41.660447061840415
            ],
            [
              2.6203045609165136,
              41.66038865167208
            ],
            [
              2.6201824622912824,
              41.66031799317209
            ],
            [
              2.620078324523661,
              41.660256850547675
            ],
            [
              2.6199510290365975,
              41.66017131277763
            ],
            [
              2.619850599441211,
              41.6600926191081
            ],
            [
              2.6197807326978912,
              41.66002483416908
            ],
            [
              2.619725247179953,
              41.659962501074844
            ],
            [
              2.6196325449477644,
              41.659795201230715
            ],
            [
              2.6195666397716684,
              41.6596666317059
            ],
            [
              2.6195275290263123,
              41.65959759732425
            ],
            [
              2.6194899976656756,
              41.65954613215798
            ],
            [
              2.6194487426624518,
              41.65951492080572
            ],
            [
              2.619402036383453,
              41.65949179785013
            ],
            [
              2.6193264807379992,
              41.6594726334645
            ],
            [
              2.6193210839082997,
              41.659471264513584
            ],
            [
              2.6192995749610355,
              41.65945227819687
            ],
            [
              2.6192691786207556,
              41.65941299628257
            ],
            [
              2.6192422900041135,
              41.659389938904134
            ],
            [
              2.619184750451289,
              41.65937083410449
            ],
            [
              2.6190942739624212,
              41.65933576659236
            ],
            [
              2.6190132978927423,
              41.65931928619167
            ],
            [
              2.6189250756835105,
              41.659309536194804
            ],
            [
              2.618856647093012,
              41.65930390589919
            ],
            [
              2.6187719563978087,
              41.659306327188524
            ],
            [
              2.618707187356805,
              41.65931151755788
            ],
            [
              2.6186477029777553,
              41.659316724523634
            ],
            [
              2.6186080201483604,
              41.65932469931892
            ],
            [
              2.618485930293858,
              41.65894734363892
            ],
            [
              2.618475328137179,
              41.6589121804426
            ],
            [
              2.6183181376390046,
              41.659008937024666
            ],
            [
              2.618258517866035,
              41.65903711255113
            ],
            [
              2.6181429771123983,
              41.65907726197333
            ],
            [
              2.6180960082108724,
              41.65909872315697
            ],
            [
              2.6183280953573758,
              41.65945896971838
            ],
            [
              2.6182503088165436,
              41.65951275537479
            ],
            [
              2.6182067991884894,
              41.659558547476365
            ],
            [
              2.618143487868378,
              41.65960157252441
            ],
            [
              2.618091051128986,
              41.65963382415393
            ],
            [
              2.618022414698852,
              41.659663319770885
            ],
            [
              2.617957453269876,
              41.65968066877011
            ],
            [
              2.6178908422631366,
              41.65969260704025
            ],
            [
              2.6178367303187278,
              41.659703236653975
            ],
            [
              2.617766403945551,
              41.659713811421824
            ],
            [
              2.6176772961327406,
              41.659731890607695
            ],
            [
              2.6175870881312338,
              41.65975320774788
            ],
            [
              2.6175311584957934,
              41.65976653332378
            ],
            [
              2.617469888171342,
              41.659789297735976
            ],
            [
              2.6174102513163753,
              41.659820174914586
            ],
            [
              2.617341550395563,
              41.65986047852391
            ],
            [
              2.617276445799361,
              41.65990214604431
            ],
            [
              2.6172077281730437,
              41.65994524174278
            ],
            [
              2.6171353117356153,
              41.660004448830236
            ],
            [
              2.6170231889131075,
              41.660095948521366
            ],
            [
              2.6169417252363685,
              41.66016188072364
            ],
            [
              2.6168801740617313,
              41.66021166631991
            ],
            [
              2.6168349414636682,
              41.66024394138455
            ],
            [
              2.6167536284117294,
              41.66028420259436
            ],
            [
              2.6166797139440985,
              41.66031232963029
            ],
            [
              2.616612989960634,
              41.66032291570424
            ],
            [
              2.6165498543595014,
              41.6603362167648
            ],
            [
              2.6164354196778734,
              41.66035132819267
            ],
            [
              2.6163542666206934,
              41.66036456811802
            ],
            [
              2.6162496844440652,
              41.660379081743386
            ],
            [
              2.6161751360955727,
              41.66049367524763
            ],
            [
              2.616048117202774,
              41.660666279806755
            ],
            [
              2.615990103911881,
              41.66072688445149
            ],
            [
              2.6159212176953615,
              41.66079826224809
            ],
            [
              2.615855925368552,
              41.66087100218953
            ],
            [
              2.615804902626826,
              41.66096811007006
            ],
            [
              2.6157629602142123,
              41.661053087691634
            ],
            [
              2.6163708217295008,
              41.66152330847188
            ],
            [
              2.6163929171492804,
              41.661544639152886
            ],
            [
              2.616329986423574,
              41.66152281188373
            ],
            [
              2.6162679819900196,
              41.66150702338147
            ],
            [
              2.6162247824637026,
              41.661500123767574
            ],
            [
              2.6161717018288355,
              41.66149859544697
            ],
            [
              2.6161140249115484,
              41.66150245695751
            ],
            [
              2.616061696770226,
              41.66151579294049
            ],
            [
              2.6159624212930668,
              41.66154653694336
            ],
            [
              2.615896432317156,
              41.66157468904746
            ],
            [
              2.6157398988009213,
              41.66164000920011
            ],
            [
              2.6156387972231094,
              41.661674800046825
            ],
            [
              2.615544949846074,
              41.66170159868193
            ],
            [
              2.6154874008656352,
              41.661704108328486
            ],
            [
              2.6153720305066783,
              41.661714531829944
            ],
            [
              2.6152855188007673,
              41.66171964660542
            ],
            [
              2.6151269246934588,
              41.66172722302594
            ],
            [
              2.6149609468564283,
              41.66176449817352
            ],
            [
              2.6147552517908283,
              41.66181515163176
            ],
            [
              2.61448103610802,
              41.66189529859668
            ],
            [
              2.614291315009155,
              41.66194600389912
            ],
            [
              2.61408923831716,
              41.66199396525179
            ],
            [
              2.61393773829152,
              41.66202047891683
            ],
            [
              2.6138150797430777,
              41.66204438713717
            ],
            [
              2.613728518492216,
              41.662057698003686
            ],
            [
              2.61362398834069,
              41.6620627509727
            ],
            [
              2.613501588663646,
              41.6620433352154
            ],
            [
              2.6133973737730325,
              41.662015964108136
            ],
            [
              2.6132532890684144,
              41.662007373828345
            ],
            [
              2.613105470483167,
              41.66202038711952
            ],
            [
              2.6129791280653207,
              41.66205788288184
            ],
            [
              2.6129034095332835,
              41.66206573525857
            ],
            [
              2.612849359542899,
              41.66206555321508
            ],
            [
              2.6127737045390265,
              41.66206259711012
            ],
            [
              2.6126907145499203,
              41.66208123255873
            ],
            [
              2.6126580914315207,
              41.66211354845519
            ],
            [
              2.6126564247299595,
              41.66213110682983
            ],
            [
              2.612659404036618,
              41.66215507685625
            ],
            [
              2.612665650105478,
              41.66217509383347
            ],
            [
              2.6126794820882724,
              41.66219198296142
            ],
            [
              2.6127068856981004,
              41.66220927900622
            ],
            [
              2.6127338416751495,
              41.66222089901605
            ],
            [
              2.612766279841185,
              41.66221965722914
            ],
            [
              2.612769005708579,
              41.66222579129155
            ],
            [
              2.612925956707007,
              41.662453119710904
            ],
            [
              2.6138805298759054,
              41.66263043457829
            ],
            [
              2.6149039895603137,
              41.662253127673154
            ],
            [
              2.615601453930638,
              41.66217853747525
            ],
            [
              2.615521971046831,
              41.6622336666579
            ],
            [
              2.61544235311616,
              41.66231167265722
            ],
            [
              2.615342779863145,
              41.6624125810162
            ],
            [
              2.6152104221626065,
              41.662572826890326
            ],
            [
              2.6151361590098694,
              41.66265895795641
            ],
            [
              2.6150907839536135,
              41.662714920710386
            ],
            [
              2.615041953325994,
              41.66276600799828
            ],
            [
              2.6149912095280126,
              41.66281582875273
            ],
            [
              2.6149406006667353,
              41.662862946883365
            ],
            [
              2.6149134229245345,
              41.662888436206394
            ],
            [
              2.6148627104855517,
              41.66295311884512
            ],
            [
              2.614790176330447,
              41.663031148117405
            ],
            [
              2.614735971811617,
              41.663076903929934
            ],
            [
              2.6146529095943505,
              41.66312787720383
            ],
            [
              2.61456082165411,
              41.663161345332846
            ],
            [
              2.614515810697519,
              41.66317605622005
            ],
            [
              2.6144228020071374,
              41.66320276667059
            ],
            [
              2.6142966903530445,
              41.66322125951012
            ],
            [
              2.6141688016621614,
              41.66323560294613
            ],
            [
              2.6140067840610652,
              41.66325262385556
            ],
            [
              2.6138285591477906,
              41.66326823900848
            ],
            [
              2.6136880658978723,
              41.663281278555665
            ],
            [
              2.613633877584851,
              41.66330406470735
            ],
            [
              2.6136158353034205,
              41.66332832342502
            ],
            [
              2.6136156258416356,
              41.663363360624885
            ],
            [
              2.61363171314121,
              41.66338503191925
            ],
            [
              2.6136602447615442,
              41.66341449120942
            ],
            [
              2.6137105153658386,
              41.66344429377043
            ],
            [
              2.6137859469608067,
              41.663464813397106
            ],
            [
              2.6140178443638855,
              41.66351287823349
            ],
            [
              2.6141615891908843,
              41.66353894033045
            ],
            [
              2.614251513301993,
              41.663566263680174
            ],
            [
              2.6143323088347645,
              41.663593555428996
            ],
            [
              2.6144400426247234,
              41.66363580022384
            ],
            [
              2.6145046234610443,
              41.66366294738669
            ],
            [
              2.6145584814221903,
              41.663695553831246
            ],
            [
              2.6146050539542527,
              41.663721380442745
            ],
            [
              2.614651568755019,
              41.66377684044005
            ],
            [
              2.6146889985687047,
              41.663825153395614
            ],
            [
              2.6147154932726915,
              41.663914323147836
            ],
            [
              2.6147385790960036,
              41.66397105564592
            ],
            [
              2.614691452462628,
              41.66401818622909
            ],
            [
              2.6146426136736483,
              41.664070624383044
            ],
            [
              2.614635068438163,
              41.66412734427068
            ],
            [
              2.6146636716794256,
              41.6641652702906
            ],
            [
              2.614712069815465,
              41.6641869596782
            ],
            [
              2.614792913809833,
              41.66426694412058
            ],
            [
              2.614889532623854,
              41.66438066728283
            ],
            [
              2.615054441834529,
              41.66448381049033
            ],
            [
              2.6151044006911746,
              41.66454603721111
            ],
            [
              2.6151186065877323,
              41.664581212750626
            ],
            [
              2.6152627219489992,
              41.664565481432994
            ]
          ]
        ]
      }
    },
    {
      "type": "Feature",
      "id": "082845--zone--diba-418",
      "properties": {
        "name": "Cal Capità",
        "officialName": "Cal Capità",
        "municipality": "Tordera",
        "kind": "zone",
        "quality": "official",
        "sourceCategory": "Nucli/urbanització DIBA · LIMIT_PPU",
        "code": "418"
      },
      "geometry": {
        "bbox": [
          2.649074010990207,
          41.65065131683054,
          2.653400970518983,
          41.65248881263052
        ],
        "type": "Polygon",
        "coordinates": [
          [
            [
              2.6506330576922923,
              41.652474901727885
            ],
            [
              2.650657646396972,
              41.65247128981641
            ],
            [
              2.6507857169693887,
              41.652413613198895
            ],
            [
              2.650842339117602,
              41.652392586776365
            ],
            [
              2.650934542213093,
              41.65237996311001
            ],
            [
              2.651045101596241,
              41.65238029790485
            ],
            [
              2.651051347642767,
              41.65236096130561
            ],
            [
              2.65121071634143,
              41.65242227419699
            ],
            [
              2.651257287391581,
              41.65244269250055
            ],
            [
              2.651275694689913,
              41.65244643499187
            ],
            [
              2.651701281407088,
              41.65227076281158
            ],
            [
              2.651764085627496,
              41.652242380475826
            ],
            [
              2.651934278029682,
              41.65211846966775
            ],
            [
              2.652014724552794,
              41.65200719155055
            ],
            [
              2.652085262507831,
              41.65191095602523
            ],
            [
              2.652101644042038,
              41.651834507493604
            ],
            [
              2.652168117227456,
              41.65180890124824
            ],
            [
              2.6523144452797074,
              41.65191072624989
            ],
            [
              2.652378021553372,
              41.65196714055341
            ],
            [
              2.6524429404410585,
              41.65200235954532
            ],
            [
              2.6525017525137127,
              41.65203110908507
            ],
            [
              2.6526022909842024,
              41.652067357101686
            ],
            [
              2.652704249988968,
              41.65206766430694
            ],
            [
              2.6528074882356734,
              41.65205875912321
            ],
            [
              2.652924332120669,
              41.65203238313996
            ],
            [
              2.6529649981267744,
              41.65200854227976
            ],
            [
              2.652964041648205,
              41.65195784779504
            ],
            [
              2.6529992820521726,
              41.651800348973985
            ],
            [
              2.6531049893817173,
              41.65133002131034
            ],
            [
              2.6530535417793497,
              41.65107321136027
            ],
            [
              2.6534085629115616,
              41.651072436821345
            ],
            [
              2.6534026573820215,
              41.65102817926433
            ],
            [
              2.653377420892964,
              41.65092336026845
            ],
            [
              2.6533079887356403,
              41.650813472028574
            ],
            [
              2.653253035969312,
              41.65075247706097
            ],
            [
              2.6531672452315673,
              41.65071535176995
            ],
            [
              2.6530764910387727,
              41.65068742849984
            ],
            [
              2.653020044208132,
              41.65067619818208
            ],
            [
              2.6528604108753364,
              41.65066465715605
            ],
            [
              2.652748635780711,
              41.65066247666353
            ],
            [
              2.6525545281984284,
              41.65066557764452
            ],
            [
              2.6523970830012,
              41.65067616336607
            ],
            [
              2.6521634132970107,
              41.650726149002686
            ],
            [
              2.651950631957105,
              41.65077527597821
            ],
            [
              2.651885467670181,
              41.65078613948351
            ],
            [
              2.6516986551794304,
              41.65080308625927
            ],
            [
              2.651421860896314,
              41.65082713408388
            ],
            [
              2.651341975214199,
              41.6508342650898
            ],
            [
              2.6512743537108396,
              41.650845120795
            ],
            [
              2.651209163184938,
              41.65086059191911
            ],
            [
              2.651155064202154,
              41.65086964391214
            ],
            [
              2.65109977027773,
              41.650872242198616
            ],
            [
              2.6509007291866147,
              41.650879012056826
            ],
            [
              2.6506998848186876,
              41.650883010880925
            ],
            [
              2.6506028954027374,
              41.65087257850405
            ],
            [
              2.650459296480001,
              41.65084910150833
            ],
            [
              2.650406494491615,
              41.650845254283
            ],
            [
              2.6502886076488337,
              41.65083752329134
            ],
            [
              2.6501790154273897,
              41.650836268377326
            ],
            [
              2.6499885229666917,
              41.65085227973718
            ],
            [
              2.6498643537820814,
              41.650870335700915
            ],
            [
              2.649738942221992,
              41.65089115295413
            ],
            [
              2.6496035774853843,
              41.65093498104046
            ],
            [
              2.6494866842913547,
              41.65097057056778
            ],
            [
              2.6493495132181835,
              41.651042043138595
            ],
            [
              2.6493199158850236,
              41.65106315128306
            ],
            [
              2.6492975459647123,
              41.65111100942675
            ],
            [
              2.6491583060351127,
              41.651189848746114
            ],
            [
              2.6490819082918615,
              41.65123328422532
            ],
            [
              2.6490706976058345,
              41.651261821727296
            ],
            [
              2.649167297283869,
              41.65134414514492
            ],
            [
              2.6494963350219214,
              41.65160505700582
            ],
            [
              2.649711301982646,
              41.651772042789354
            ],
            [
              2.6497282058460323,
              41.65182647254352
            ],
            [
              2.649681176317548,
              41.651890845960914
            ],
            [
              2.6496966866035385,
              41.651946029877244
            ],
            [
              2.6497837404545472,
              41.65197670974483
            ],
            [
              2.65000583192576,
              41.652024390253295
            ],
            [
              2.6502328778194704,
              41.65206471211845
            ],
            [
              2.6502473926788532,
              41.65206911937046
            ],
            [
              2.6502650382671336,
              41.65221387455249
            ],
            [
              2.650284449668476,
              41.65225909568873
            ],
            [
              2.6503159909395184,
              41.65233292454576
            ],
            [
              2.650362347336592,
              41.652392973315514
            ],
            [
              2.650430816674644,
              41.65245309021877
            ],
            [
              2.6504700322966253,
              41.65247072036193
            ],
            [
              2.6505252628424882,
              41.652480105359366
            ],
            [
              2.6506330576922923,
              41.652474901727885
            ]
          ]
        ]
      }
    },
    {
      "type": "Feature",
      "id": "082845--zone--diba-419",
      "properties": {
        "name": "Can Camps",
        "officialName": "Can Camps",
        "municipality": "Tordera",
        "kind": "zone",
        "quality": "official",
        "sourceCategory": "Nucli/urbanització DIBA · LIMIT_PPU",
        "code": "419"
      },
      "geometry": {
        "bbox": [
          2.6214042320144397,
          41.68381816518665,
          2.6463159420475177,
          41.69762833672566
        ],
        "type": "Polygon",
        "coordinates": [
          [
            [
              2.639985743729521,
              41.697602915416915
            ],
            [
              2.6400970974537583,
              41.69759083346319
            ],
            [
              2.6404135148642998,
              41.69755047944524
            ],
            [
              2.6406228817358492,
              41.697526363855886
            ],
            [
              2.6406471986899764,
              41.69751905405372
            ],
            [
              2.6406567104074,
              41.697494314206985
            ],
            [
              2.640652373449148,
              41.69747439490416
            ],
            [
              2.6406215610841284,
              41.69746114815528
            ],
            [
              2.6405072437792176,
              41.69742278145808
            ],
            [
              2.640413525143272,
              41.69739717824316
            ],
            [
              2.6402843971821217,
              41.69736398911338
            ],
            [
              2.6402156280601368,
              41.697347200736566
            ],
            [
              2.6401494226563993,
              41.69732303540578
            ],
            [
              2.6400906110722206,
              41.697287813530025
            ],
            [
              2.640034254821482,
              41.6972433219776
            ],
            [
              2.6399902957499144,
              41.697195266383815
            ],
            [
              2.6399512173482464,
              41.69713425670662
            ],
            [
              2.6399433210472387,
              41.69710612974236
            ],
            [
              2.639938630423284,
              41.69706369149437
            ],
            [
              2.639929010431095,
              41.69687036757711
            ],
            [
              2.639978164001917,
              41.69687025135682
            ],
            [
              2.6400601223612066,
              41.69687104760448
            ],
            [
              2.640251932113749,
              41.69687011607643
            ],
            [
              2.640275353702903,
              41.69685091414552
            ],
            [
              2.640331923396997,
              41.696770567511415
            ],
            [
              2.640437551521678,
              41.696663982572446
            ],
            [
              2.640606333711333,
              41.69656822255438
            ],
            [
              2.6407373176924125,
              41.69652656882399
            ],
            [
              2.640809851719989,
              41.69651454495814
            ],
            [
              2.64091026156547,
              41.696525306103965
            ],
            [
              2.6410735440980857,
              41.69655391750457
            ],
            [
              2.6412113565025512,
              41.696559571963704
            ],
            [
              2.641279184112946,
              41.69655104588693
            ],
            [
              2.6413726096046184,
              41.69654251048196
            ],
            [
              2.641669343886489,
              41.69653992149376
            ],
            [
              2.6416833849347556,
              41.69654347805108
            ],
            [
              2.6418046063810863,
              41.696571957265405
            ],
            [
              2.6418887583308015,
              41.69656699448588
            ],
            [
              2.6420056859478285,
              41.69654628210832
            ],
            [
              2.64206164883811,
              41.696553481078084
            ],
            [
              2.6421970590303654,
              41.696559125972676
            ],
            [
              2.642297496425321,
              41.696564752831996
            ],
            [
              2.642483885934676,
              41.69665288116988
            ],
            [
              2.642595912745647,
              41.696670792609886
            ],
            [
              2.642782737868587,
              41.69668010947738
            ],
            [
              2.643094085906456,
              41.69668629914454
            ],
            [
              2.6432027298984915,
              41.69668573488204
            ],
            [
              2.6436686675589107,
              41.69664079110694
            ],
            [
              2.643670177813703,
              41.696846609486585
            ],
            [
              2.6436848537321964,
              41.69684404202246
            ],
            [
              2.6438766754543885,
              41.696797348289195
            ],
            [
              2.644134710074821,
              41.69701359710253
            ],
            [
              2.6441510828778196,
              41.697008423668095
            ],
            [
              2.644436204948763,
              41.69697597799979
            ],
            [
              2.644603590243605,
              41.69695839053061
            ],
            [
              2.6449691445409753,
              41.69691988635549
            ],
            [
              2.6454157348646294,
              41.6968528992454
            ],
            [
              2.6454636832349157,
              41.69683151924553
            ],
            [
              2.6454859707348857,
              41.696821590091005
            ],
            [
              2.645557434998029,
              41.69678542173538
            ],
            [
              2.645816295063118,
              41.69665444376681
            ],
            [
              2.6460351140338396,
              41.69654919234171
            ],
            [
              2.6462358968019237,
              41.696445777376255
            ],
            [
              2.646269547726066,
              41.69629158799709
            ],
            [
              2.6463242823320585,
              41.696106029521445
            ],
            [
              2.646325145157875,
              41.69594831649998
            ],
            [
              2.6462369588175036,
              41.69583419590272
            ],
            [
              2.6460555409719033,
              41.69569339725924
            ],
            [
              2.6459133304644133,
              41.695635133440085
            ],
            [
              2.645738275394645,
              41.69558379466365
            ],
            [
              2.6455002869165347,
              41.695525236853626
            ],
            [
              2.645346142568918,
              41.69551773661499
            ],
            [
              2.6451871526974413,
              41.695517246768695
            ],
            [
              2.645090200003484,
              41.695511723267686
            ],
            [
              2.6450587238893015,
              41.69550991560577
            ],
            [
              2.645056547057629,
              41.69549054356034
            ],
            [
              2.64506275184503,
              41.69545489360107
            ],
            [
              2.645179493719915,
              41.69478827541521
            ],
            [
              2.644929611935327,
              41.69477354350984
            ],
            [
              2.6447566358363543,
              41.6947817467709
            ],
            [
              2.644527605432392,
              41.69477752761191
            ],
            [
              2.6444013956820482,
              41.69478236130015
            ],
            [
              2.6442005056998594,
              41.6947748058487
            ],
            [
              2.644055365301918,
              41.69481290782055
            ],
            [
              2.6437375424428606,
              41.69482768729886
            ],
            [
              2.643559995697944,
              41.6948147979111
            ],
            [
              2.643314727823276,
              41.69479133989087
            ],
            [
              2.6426841322612096,
              41.6947332702226
            ],
            [
              2.642649802382394,
              41.69472604785102
            ],
            [
              2.6426164328869404,
              41.69471900949897
            ],
            [
              2.64250056423561,
              41.694548684622625
            ],
            [
              2.6423080838802884,
              41.694302732443184
            ],
            [
              2.6422129758970496,
              41.69418156072916
            ],
            [
              2.6420920058719446,
              41.69408661011204
            ],
            [
              2.6419501124951177,
              41.693972228854896
            ],
            [
              2.6419573446467495,
              41.69392496305979
            ],
            [
              2.6420302156122033,
              41.693851601818565
            ],
            [
              2.6421921114556506,
              41.693717088212416
            ],
            [
              2.6423493423710744,
              41.693600212930065
            ],
            [
              2.6424269039885533,
              41.693504077992195
            ],
            [
              2.6424600790008963,
              41.6934376176181
            ],
            [
              2.642505158088775,
              41.69330454240417
            ],
            [
              2.6425147046647885,
              41.69327304714545
            ],
            [
              2.6430680129563378,
              41.69291790081848
            ],
            [
              2.6431314478140417,
              41.69287720454083
            ],
            [
              2.6431127886081085,
              41.69286138412018
            ],
            [
              2.6430431358461455,
              41.69278758044524
            ],
            [
              2.6429104405027197,
              41.69268358621713
            ],
            [
              2.642716583083106,
              41.692643983738755
            ],
            [
              2.642553835732486,
              41.692607179836145
            ],
            [
              2.642404627576921,
              41.692534029022106
            ],
            [
              2.642242355603265,
              41.692411298126316
            ],
            [
              2.6421019825694887,
              41.69230529839102
            ],
            [
              2.6417742397298025,
              41.69187842099909
            ],
            [
              2.6416778238530556,
              41.69179885856922
            ],
            [
              2.641589923895132,
              41.69176552830293
            ],
            [
              2.6413484017386364,
              41.69167569520099
            ],
            [
              2.641243022011297,
              41.69160934491493
            ],
            [
              2.641129264663985,
              41.69149342914339
            ],
            [
              2.640918587673137,
              41.691367302632614
            ],
            [
              2.640778065350064,
              41.691310749056456
            ],
            [
              2.640633040791342,
              41.691264089976876
            ],
            [
              2.6405585548996844,
              41.69121765135038
            ],
            [
              2.640564069123897,
              41.69117668614171
            ],
            [
              2.64063202141639,
              41.69066889452253
            ],
            [
              2.640539549779206,
              41.6906586983871
            ],
            [
              2.640266765069768,
              41.69063803097389
            ],
            [
              2.6400247991081613,
              41.69060755070031
            ],
            [
              2.6394927067199507,
              41.69052004756204
            ],
            [
              2.6390551944432152,
              41.690409870849784
            ],
            [
              2.6392178894994824,
              41.689657652764154
            ],
            [
              2.6393032248683173,
              41.68933105077375
            ],
            [
              2.6402634028684973,
              41.68925479205341
            ],
            [
              2.640137999897617,
              41.68892203613538
            ],
            [
              2.6401288807943097,
              41.68889786845564
            ],
            [
              2.6402391141974833,
              41.688868490024134
            ],
            [
              2.640365948319299,
              41.68883582989387
            ],
            [
              2.6404850726310154,
              41.688785041161246
            ],
            [
              2.6405535628236056,
              41.68874238051908
            ],
            [
              2.6406067082073235,
              41.688693007471116
            ],
            [
              2.6406512660497214,
              41.68858911436891
            ],
            [
              2.6406736767881154,
              41.688513253373024
            ],
            [
              2.640689699156526,
              41.68839774189609
            ],
            [
              2.6407063084963798,
              41.688198105584895
            ],
            [
              2.640702826978095,
              41.68804614338655
            ],
            [
              2.6406985830313023,
              41.688009831353085
            ],
            [
              2.640698656199721,
              41.68799668116049
            ],
            [
              2.6409343439885844,
              41.68796598194013
            ],
            [
              2.641128296916497,
              41.68792037931635
            ],
            [
              2.6412849176980795,
              41.68786808553909
            ],
            [
              2.641454764122327,
              41.68779268446346
            ],
            [
              2.6415783512218023,
              41.6877600128569
            ],
            [
              2.6418162001066796,
              41.687729408636784
            ],
            [
              2.6420628676619513,
              41.68771198091117
            ],
            [
              2.6421002371663818,
              41.68771209729009
            ],
            [
              2.6421491545819697,
              41.68803587609256
            ],
            [
              2.642719265882063,
              41.6880244066339
            ],
            [
              2.6441525028445305,
              41.687990924184874
            ],
            [
              2.644153737799743,
              41.687766380045595
            ],
            [
              2.644174976232401,
              41.68709451231711
            ],
            [
              2.64402995439162,
              41.68709244284595
            ],
            [
              2.6439659865953664,
              41.68712196826078
            ],
            [
              2.643864665989003,
              41.68712660916543
            ],
            [
              2.6436159481408246,
              41.687124127725326
            ],
            [
              2.643279189047618,
              41.68711488827431
            ],
            [
              2.643105357130032,
              41.68710768511328
            ],
            [
              2.6430018188773854,
              41.687122225323414
            ],
            [
              2.6429092708715616,
              41.68714841969883
            ],
            [
              2.6427526257342917,
              41.68720566954981
            ],
            [
              2.642615834566859,
              41.68725811707129
            ],
            [
              2.6425408024183183,
              41.68728922856992
            ],
            [
              2.64247915217988,
              41.68729065899001
            ],
            [
              2.6424371122004424,
              41.687287735990736
            ],
            [
              2.6422398737878883,
              41.687275774083275
            ],
            [
              2.6421516074221794,
              41.68724478584155
            ],
            [
              2.642100783098427,
              41.687222470018
            ],
            [
              2.6419773739195955,
              41.68715804578299
            ],
            [
              2.6419062087531118,
              41.68712017422628
            ],
            [
              2.641845601853302,
              41.68710683584881
            ],
            [
              2.641728803801092,
              41.68708539510289
            ],
            [
              2.64167740515584,
              41.687080011624325
            ],
            [
              2.641644916609701,
              41.6870448725548
            ],
            [
              2.641647499796048,
              41.686990567557736
            ],
            [
              2.641661913619212,
              41.686926570836036
            ],
            [
              2.6417019954552665,
              41.68687067139159
            ],
            [
              2.64174086285721,
              41.68681729014605
            ],
            [
              2.6417866358784443,
              41.686775368577734
            ],
            [
              2.6418629722816336,
              41.68670381957398
            ],
            [
              2.6419228524813803,
              41.68665311491251
            ],
            [
              2.64195926129333,
              41.686609453642184
            ],
            [
              2.6419829930332437,
              41.68655521451592
            ],
            [
              2.6420044567084116,
              41.68647637792524
            ],
            [
              2.642043441107634,
              41.6863801229486
            ],
            [
              2.642116569247718,
              41.68625857324637
            ],
            [
              2.642160188708435,
              41.686192956938704
            ],
            [
              2.642181549821365,
              41.68615447288284
            ],
            [
              2.642196984236674,
              41.68610110858881
            ],
            [
              2.642204249718097,
              41.68604762788894
            ],
            [
              2.6422034787038404,
              41.68599160107039
            ],
            [
              2.6421836239335383,
              41.68597487604563
            ],
            [
              2.6421311352454615,
              41.68597120073275
            ],
            [
              2.642083178549243,
              41.68597366346507
            ],
            [
              2.6419872150287866,
              41.686009303965726
            ],
            [
              2.64175877964114,
              41.686098844599684
            ],
            [
              2.6416418368966204,
              41.68612568248863
            ],
            [
              2.6415693731926866,
              41.68612716877549
            ],
            [
              2.641418586632311,
              41.686124987960554
            ],
            [
              2.6412550823374374,
              41.68611916439439
            ],
            [
              2.6411311246815403,
              41.686110941187664
            ],
            [
              2.641049356887791,
              41.686100148382344
            ],
            [
              2.640965267101689,
              41.68609637293428
            ],
            [
              2.6408519352968827,
              41.68610043323314
            ],
            [
              2.64070811126303,
              41.6861210613099
            ],
            [
              2.64052920987117,
              41.686161665422155
            ],
            [
              2.6404483088938577,
              41.68618942546298
            ],
            [
              2.6403850658237693,
              41.6862181405133
            ],
            [
              2.6403406889895895,
              41.68622502811922
            ],
            [
              2.640252979342292,
              41.68622394296409
            ],
            [
              2.6401254788580077,
              41.6862261567669
            ],
            [
              2.640057730234299,
              41.68622243182236
            ],
            [
              2.6398328144709633,
              41.68613228809054
            ],
            [
              2.6397092206540407,
              41.68608019971491
            ],
            [
              2.639687167659188,
              41.68604860558599
            ],
            [
              2.639676953796129,
              41.686005609502104
            ],
            [
              2.6396797290513296,
              41.68591716807845
            ],
            [
              2.6396885341388265,
              41.685803255347786
            ],
            [
              2.639689031942081,
              41.68571381599519
            ],
            [
              2.6396808678557186,
              41.685691092403594
            ],
            [
              2.63965191364813,
              41.68564713684561
            ],
            [
              2.639570396032609,
              41.68559166744959
            ],
            [
              2.639429498137266,
              41.68551853876137
            ],
            [
              2.6393292551132066,
              41.685459498559595
            ],
            [
              2.6391988742393298,
              41.68539684997524
            ],
            [
              2.6391196661054415,
              41.68535805162108
            ],
            [
              2.6390636323614873,
              41.685343824519094
            ],
            [
              2.6390297487271273,
              41.685343718102345
            ],
            [
              2.638994629303727,
              41.68534973355106
            ],
            [
              2.638958369572645,
              41.685366282862084
            ],
            [
              2.6389042720050497,
              41.685414301114676
            ],
            [
              2.6388043329398116,
              41.68553756595752
            ],
            [
              2.6387442520180424,
              41.6856241167948
            ],
            [
              2.6387252343947605,
              41.68567314593584
            ],
            [
              2.6387086725655196,
              41.68571254515219
            ],
            [
              2.638704820215702,
              41.68577828517278
            ],
            [
              2.638696288027559,
              41.68584310976644
            ],
            [
              2.6386584366057813,
              41.68590784308235
            ],
            [
              2.638637384040778,
              41.68593398767047
            ],
            [
              2.638582335722517,
              41.68595831399635
            ],
            [
              2.6384875495321314,
              41.685976481422436
            ],
            [
              2.6384010838084375,
              41.685989359835276
            ],
            [
              2.638260570148988,
              41.686019542833506
            ],
            [
              2.6381716719291464,
              41.68603763845955
            ],
            [
              2.6380967774093205,
              41.68606550492543
            ],
            [
              2.638047685076098,
              41.68607760093871
            ],
            [
              2.637991552494263,
              41.686080936928406
            ],
            [
              2.637924934538382,
              41.68606847826245
            ],
            [
              2.637826947677078,
              41.68603574381429
            ],
            [
              2.637692849242206,
              41.685993258708706
            ],
            [
              2.637608829052437,
              41.6859771412416
            ],
            [
              2.637592492400323,
              41.685976279085494
            ],
            [
              2.6376001615995572,
              41.6860656550047
            ],
            [
              2.637612557036164,
              41.68614810942573
            ],
            [
              2.6376807855767312,
              41.68628063853101
            ],
            [
              2.6377591888253584,
              41.68646319019062
            ],
            [
              2.637774129530907,
              41.68649872541226
            ],
            [
              2.6377731595960685,
              41.68720848583873
            ],
            [
              2.63779267216293,
              41.68726466181054
            ],
            [
              2.637915011375838,
              41.68743348080041
            ],
            [
              2.638353708584821,
              41.68810183885845
            ],
            [
              2.638377713042936,
              41.68814974229107
            ],
            [
              2.6383029734637473,
              41.68812807101163
            ],
            [
              2.6381885895728807,
              41.688104562627146
            ],
            [
              2.6379619216422974,
              41.688090700198785
            ],
            [
              2.637466705066792,
              41.68807428006243
            ],
            [
              2.6374248803565834,
              41.68807576940621
            ],
            [
              2.6372661022104955,
              41.68812642982432
            ],
            [
              2.6370671583553826,
              41.688204255715995
            ],
            [
              2.637005720292318,
              41.6882318937373
            ],
            [
              2.6369491667119407,
              41.68826702307922
            ],
            [
              2.6369005871939457,
              41.688294432349174
            ],
            [
              2.636892760574437,
              41.688297289905606
            ],
            [
              2.6368830457073504,
              41.688272669727645
            ],
            [
              2.63687616657366,
              41.68825661528874
            ],
            [
              2.6368212760951226,
              41.68816673075913
            ],
            [
              2.636786085761557,
              41.688120953364646
            ],
            [
              2.6367420385041545,
              41.688090099812925
            ],
            [
              2.63670454046474,
              41.68807007641242
            ],
            [
              2.636644719649862,
              41.688066554658434
            ],
            [
              2.6366091883804827,
              41.6880813941657
            ],
            [
              2.63656248579372,
              41.68811691565178
            ],
            [
              2.6365236084457417,
              41.68815002903961
            ],
            [
              2.636468959477181,
              41.6882096635821
            ],
            [
              2.6364099533820036,
              41.68827504978206
            ],
            [
              2.6363385957832803,
              41.6883570591707
            ],
            [
              2.63628294466833,
              41.68840255014726
            ],
            [
              2.636222964338022,
              41.68844883713501
            ],
            [
              2.6361473572750773,
              41.688495886162094
            ],
            [
              2.636067526863658,
              41.68852472644879
            ],
            [
              2.636023140886412,
              41.68853287335324
            ],
            [
              2.6359722019210583,
              41.688531090733576
            ],
            [
              2.6359612794910223,
              41.688528894424095
            ],
            [
              2.635935844033484,
              41.68852196842967
            ],
            [
              2.635903221291453,
              41.68851105652013
            ],
            [
              2.6358742036704848,
              41.688521413766445
            ],
            [
              2.635639012425238,
              41.68859110507774
            ],
            [
              2.635475813131566,
              41.688636885145314
            ],
            [
              2.6354659441826622,
              41.688639646055165
            ],
            [
              2.6354661816347815,
              41.68859758348163
            ],
            [
              2.6354786764828657,
              41.68844873514652
            ],
            [
              2.635455956362292,
              41.68832247309678
            ],
            [
              2.635390993321726,
              41.6882504801392
            ],
            [
              2.635263065488394,
              41.68815721153569
            ],
            [
              2.635123253458813,
              41.68808318033243
            ],
            [
              2.634932065536468,
              41.68802123548157
            ],
            [
              2.6346892701607794,
              41.687990651264734
            ],
            [
              2.634448639936738,
              41.687981151023564
            ],
            [
              2.6343669217347485,
              41.68798260242988
            ],
            [
              2.6342313106303004,
              41.68799451159451
            ],
            [
              2.634105293317102,
              41.68798879715422
            ],
            [
              2.6339605692448123,
              41.68795510087206
            ],
            [
              2.633813780850088,
              41.687903833912614
            ],
            [
              2.6337346936628405,
              41.68784395464739
            ],
            [
              2.633695307005015,
              41.68777555501761
            ],
            [
              2.633663159526145,
              41.687680787535776
            ],
            [
              2.6335471887149575,
              41.687535043515545
            ],
            [
              2.6334587981801834,
              41.68746288468527
            ],
            [
              2.633297862266173,
              41.68740634780213
            ],
            [
              2.6331392516932612,
              41.68736377917999
            ],
            [
              2.63299451045726,
              41.687354581039955
            ],
            [
              2.6328403460351852,
              41.68735408953782
            ],
            [
              2.6326768304453045,
              41.68735005515813
            ],
            [
              2.632550634417531,
              41.68735487679392
            ],
            [
              2.63243121787477,
              41.687393045483375
            ],
            [
              2.6323304961734157,
              41.68744001168129
            ],
            [
              2.6322671048545043,
              41.687494122808864
            ],
            [
              2.6322061251544957,
              41.68754652936172
            ],
            [
              2.632102841490603,
              41.68762149935743
            ],
            [
              2.6320468176878062,
              41.68762654414559
            ],
            [
              2.6319418371122145,
              41.687598196696
            ],
            [
              2.6317740040495177,
              41.68752938588561
            ],
            [
              2.631603947763107,
              41.68744993928072
            ],
            [
              2.6315389997662733,
              41.687355156128696
            ],
            [
              2.6314725581765477,
              41.687142915068556
            ],
            [
              2.631424521042863,
              41.68694829690711
            ],
            [
              2.6314016001544744,
              41.68687994928758
            ],
            [
              2.6313529747208757,
              41.68680971778751
            ],
            [
              2.631306453595521,
              41.68677101890316
            ],
            [
              2.631215433556,
              41.686739111815875
            ],
            [
              2.63121642258903,
              41.68673425113457
            ],
            [
              2.6312876623954438,
              41.68637842659864
            ],
            [
              2.631323497124967,
              41.68624712739255
            ],
            [
              2.6313303201436766,
              41.68620958860685
            ],
            [
              2.6313475661867542,
              41.68611407817531
            ],
            [
              2.631249468624421,
              41.68610151466091
            ],
            [
              2.6311491184936364,
              41.68608362872027
            ],
            [
              2.631093574790953,
              41.68600463887289
            ],
            [
              2.631094153965286,
              41.68590303929208
            ],
            [
              2.6311275455804775,
              41.685778757863694
            ],
            [
              2.631193319409041,
              41.685707091069645
            ],
            [
              2.6313461642150675,
              41.68553770587439
            ],
            [
              2.6314540731404654,
              41.6854521229353
            ],
            [
              2.6315806938779835,
              41.68537200416242
            ],
            [
              2.6316581429562302,
              41.68531793934809
            ],
            [
              2.6317495503490522,
              41.68528139215937
            ],
            [
              2.6318548051898976,
              41.68526074182352
            ],
            [
              2.6319997600212885,
              41.685231392418466
            ],
            [
              2.632114526814484,
              41.68518618280525
            ],
            [
              2.6321733409476002,
              41.685112781806666
            ],
            [
              2.6321808770736377,
              41.68501300679739
            ],
            [
              2.6321483128932464,
              41.68497092929471
            ],
            [
              2.632041254996182,
              41.68490744742491
            ],
            [
              2.63199704631094,
              41.68486353116865
            ],
            [
              2.6319373658688168,
              41.684688151146325
            ],
            [
              2.6318384420370338,
              41.68441978174547
            ],
            [
              2.6317943254005645,
              41.684360013131894
            ],
            [
              2.6316410659566625,
              41.6842018979292
            ],
            [
              2.6314997724294487,
              41.683989417741216
            ],
            [
              2.63141158846272,
              41.6838823102445
            ],
            [
              2.6313394374735872,
              41.68385046375562
            ],
            [
              2.6312015929523094,
              41.683855336624724
            ],
            [
              2.631103278657254,
              41.68388132286131
            ],
            [
              2.6309581255642875,
              41.6839456191243
            ],
            [
              2.6307215672720585,
              41.684046461663016
            ],
            [
              2.6305716160957955,
              41.684109210804365
            ],
            [
              2.6303701612458674,
              41.68420665176005
            ],
            [
              2.6302530321642204,
              41.684265813110585
            ],
            [
              2.6301710576067165,
              41.68431283775526
            ],
            [
              2.6300444367070277,
              41.68439304416029
            ],
            [
              2.6299016138723497,
              41.684448699725785
            ],
            [
              2.629812790898448,
              41.68445363870553
            ],
            [
              2.6297007987058785,
              41.6844340035418
            ],
            [
              2.629628497325729,
              41.68440746971141
            ],
            [
              2.6295379229541047,
              41.684319539197645
            ],
            [
              2.6293407445162695,
              41.68406841481358
            ],
            [
              2.629294196580064,
              41.68403493915534
            ],
            [
              2.62922434901395,
              41.683999676055564
            ],
            [
              2.629147400655338,
              41.68398717807224
            ],
            [
              2.6290492364056,
              41.683986862177356
            ],
            [
              2.628979127203225,
              41.68399717512745
            ],
            [
              2.628819965359003,
              41.68405268653377
            ],
            [
              2.6286489261276835,
              41.684125723270355
            ],
            [
              2.628552872553873,
              41.68417621405492
            ],
            [
              2.6284452847766406,
              41.68420567992796
            ],
            [
              2.628407826662949,
              41.68422132222405
            ],
            [
              2.6282930099444086,
              41.68427526400834
            ],
            [
              2.6281548619797506,
              41.6843326438796
            ],
            [
              2.6279957778198133,
              41.68437419332103
            ],
            [
              2.6278975828959954,
              41.68437910048509
            ],
            [
              2.6277901865445865,
              41.68437524083818
            ],
            [
              2.6277364076460943,
              41.684387316371186
            ],
            [
              2.6277057462673987,
              41.68443279319178
            ],
            [
              2.6277099791268608,
              41.68451161939501
            ],
            [
              2.627742377289351,
              41.684560903331715
            ],
            [
              2.6278096299367464,
              41.68465047198951
            ],
            [
              2.6278955057938234,
              41.68476108754384
            ],
            [
              2.62791376753872,
              41.68482419665802
            ],
            [
              2.627906465913168,
              41.68490298550524
            ],
            [
              2.627882128407537,
              41.68506062174929
            ],
            [
              2.6278435312337556,
              41.68527423712593
            ],
            [
              2.627803103868112,
              41.685409033175226
            ],
            [
              2.6277585355241655,
              41.685428165013796
            ],
            [
              2.6276978978829764,
              41.68542094303051
            ],
            [
              2.627394499429587,
              41.68535862297522
            ],
            [
              2.6271493057763546,
              41.6853087397705
            ],
            [
              2.6269579910793843,
              41.68527128064879
            ],
            [
              2.6265472167208355,
              41.68520158511233
            ],
            [
              2.626439940482602,
              41.685176737955686
            ],
            [
              2.62637710284401,
              41.68513447034748
            ],
            [
              2.626295884879869,
              41.685029092954956
            ],
            [
              2.6261992290818825,
              41.68497527711235
            ],
            [
              2.6261013456956626,
              41.68494694650268
            ],
            [
              2.626085013119971,
              41.684945452224376
            ],
            [
              2.62596104760543,
              41.68493910503196
            ],
            [
              2.625841600110701,
              41.68494123912704
            ],
            [
              2.6256179406212974,
              41.684949698959436
            ],
            [
              2.6254463421616907,
              41.68495238332161
            ],
            [
              2.625304661469078,
              41.684955255041395
            ],
            [
              2.6251675126311635,
              41.68496399600839
            ],
            [
              2.624975693464276,
              41.685013992179044
            ],
            [
              2.62483587173297,
              41.68508982722599
            ],
            [
              2.624703701488847,
              41.68517244244269
            ],
            [
              2.6245957773333157,
              41.685259189018176
            ],
            [
              2.6244921693983905,
              41.685368378272855
            ],
            [
              2.6244810088607244,
              41.685386626301934
            ],
            [
              2.624442991543888,
              41.68545702888528
            ],
            [
              2.6244381122766804,
              41.68553177220238
            ],
            [
              2.6244621564688413,
              41.6855915681077
            ],
            [
              2.6245061802642837,
              41.68562494829534
            ],
            [
              2.624562499882028,
              41.68565170244916
            ],
            [
              2.624645238340401,
              41.68568097568985
            ],
            [
              2.624766706053911,
              41.68572451563348
            ],
            [
              2.624900187402796,
              41.68580961757184
            ],
            [
              2.6250248322606455,
              41.685864787721975
            ],
            [
              2.6251451323912174,
              41.68592327530663
            ],
            [
              2.6252168839807477,
              41.68596169958144
            ],
            [
              2.625263115233896,
              41.68600841634137
            ],
            [
              2.625297253502535,
              41.686047528560096
            ],
            [
              2.6253069374485394,
              41.686097369611566
            ],
            [
              2.625303256547582,
              41.686152121016306
            ],
            [
              2.6252643593259837,
              41.686187663366105
            ],
            [
              2.6251689165178704,
              41.68623545024847
            ],
            [
              2.6250767712761047,
              41.68627424157043
            ],
            [
              2.6249691202215546,
              41.68633441921135
            ],
            [
              2.624873695808898,
              41.68637896423777
            ],
            [
              2.624752650124359,
              41.68644909497678
            ],
            [
              2.624657018087482,
              41.68652930741213
            ],
            [
              2.6246036395727472,
              41.686596327224244
            ],
            [
              2.624541305579368,
              41.68665340900189
            ],
            [
              2.6244824903741417,
              41.6866839320859
            ],
            [
              2.6244161925059504,
              41.68667876151937
            ],
            [
              2.6243078840669334,
              41.68664517208038
            ],
            [
              2.624257043903003,
              41.686626721386546
            ],
            [
              2.624059028816014,
              41.68662526409198
            ],
            [
              2.624008038759024,
              41.68663257321267
            ],
            [
              2.623950324141752,
              41.686659766983745
            ],
            [
              2.623705108914779,
              41.686778580964074
            ],
            [
              2.623561846208461,
              41.686866833016715
            ],
            [
              2.6234762912368033,
              41.68692888214944
            ],
            [
              2.623422790453735,
              41.68697518459035
            ],
            [
              2.6234072229225585,
              41.68700746920382
            ],
            [
              2.6234036405272096,
              41.687044837085324
            ],
            [
              2.6234134439609367,
              41.68707396226231
            ],
            [
              2.623471748660258,
              41.68713134861652
            ],
            [
              2.6235200397740726,
              41.68719545659097
            ],
            [
              2.623529863912499,
              41.687221249184425
            ],
            [
              2.6235228829234605,
              41.68728508781904
            ],
            [
              2.623512581755129,
              41.68734152882323
            ],
            [
              2.6235033360154647,
              41.68742283298099
            ],
            [
              2.6235074396482956,
              41.68748175309838
            ],
            [
              2.6235227032743076,
              41.68752242528571
            ],
            [
              2.62352686941697,
              41.6875706271137
            ],
            [
              2.6235176731122483,
              41.68762283838055
            ],
            [
              2.623493062948526,
              41.68766013737606
            ],
            [
              2.6234430815169207,
              41.68770059671081
            ],
            [
              2.623384254863907,
              41.68773282964362
            ],
            [
              2.623326573149147,
              41.68775416856444
            ],
            [
              2.6232512616534134,
              41.68776968419706
            ],
            [
              2.623183756449306,
              41.68776532050482
            ],
            [
              2.6231029766922935,
              41.68775010377676
            ],
            [
              2.6230046620231096,
              41.6877332090902
            ],
            [
              2.6229383350799593,
              41.687712275087414
            ],
            [
              2.6228567346280762,
              41.68767300643976
            ],
            [
              2.6228103292759037,
              41.68765619184712
            ],
            [
              2.622761713363433,
              41.68764774571593
            ],
            [
              2.622714135215651,
              41.68764677889412
            ],
            [
              2.622663575887284,
              41.68766246636765
            ],
            [
              2.622658639901942,
              41.68766407144607
            ],
            [
              2.622594529553995,
              41.68761342097247
            ],
            [
              2.6225386246925937,
              41.68755667255975
            ],
            [
              2.6222668472735418,
              41.6873052028942
            ],
            [
              2.622238788777845,
              41.687315649021436
            ],
            [
              2.6218970442886054,
              41.68741964031002
            ],
            [
              2.621382255252739,
              41.68756683711857
            ],
            [
              2.621634942263791,
              41.68791804598092
            ],
            [
              2.6217693865056924,
              41.68810592611057
            ],
            [
              2.6217830861677625,
              41.688126237250515
            ],
            [
              2.621817991902206,
              41.68817796300271
            ],
            [
              2.62184550703688,
              41.688260378757725
            ],
            [
              2.621882713953193,
              41.6882885133666
            ],
            [
              2.621929176319859,
              41.68829542067092
            ],
            [
              2.6219551087314383,
              41.68829928897299
            ],
            [
              2.622128039533513,
              41.688296343999696
            ],
            [
              2.6222240384134814,
              41.68829819080781
            ],
            [
              2.6222377356050584,
              41.688298415072595
            ],
            [
              2.622258722508841,
              41.68830550961909
            ],
            [
              2.622321490590214,
              41.68835993886008
            ],
            [
              2.6223468972292387,
              41.688412624018326
            ],
            [
              2.622348853833155,
              41.68846865482774
            ],
            [
              2.6223274770447764,
              41.68852821181534
            ],
            [
              2.6222874464990196,
              41.68859284246141
            ],
            [
              2.6222732444076864,
              41.688617295191676
            ],
            [
              2.6222918561704867,
              41.68864014441134
            ],
            [
              2.6223408200841836,
              41.68865084276695
            ],
            [
              2.6225136316539155,
              41.68864789682261
            ],
            [
              2.6226188027587662,
              41.68864301807653
            ],
            [
              2.6226703952042207,
              41.688615174386015
            ],
            [
              2.6227689657828748,
              41.688547132915225
            ],
            [
              2.6228790703402947,
              41.688479130107446
            ],
            [
              2.622958588368758,
              41.688463627621104
            ],
            [
              2.6230076542685343,
              41.68845685308613
            ],
            [
              2.6230121986961668,
              41.68848136740035
            ],
            [
              2.6229934513167703,
              41.688502292528064
            ],
            [
              2.6229558358350857,
              41.68854423244936
            ],
            [
              2.62289464712306,
              41.6886105953186
            ],
            [
              2.6228521916389425,
              41.68867882015726
            ],
            [
              2.6228495210271596,
              41.68874537411864
            ],
            [
              2.6228607573689553,
              41.68881719785425
            ],
            [
              2.6228933678958106,
              41.68885063125989
            ],
            [
              2.6229631661909445,
              41.68889463493798
            ],
            [
              2.6230586287599196,
              41.68894754884132
            ],
            [
              2.623279535727248,
              41.689125172378766
            ],
            [
              2.6233422639595485,
              41.68918671656118
            ],
            [
              2.6234189808286508,
              41.68923956962608
            ],
            [
              2.6235193149183176,
              41.68926088406674
            ],
            [
              2.623622152959244,
              41.68926473278028
            ],
            [
              2.623753031773672,
              41.68924066101793
            ],
            [
              2.6239449756907707,
              41.68919219945813
            ],
            [
              2.6240968725660436,
              41.689169907430546
            ],
            [
              2.624375099539598,
              41.68914109177009
            ],
            [
              2.624597029918291,
              41.68912254073694
            ],
            [
              2.6246601351598744,
              41.68911923406623
            ],
            [
              2.6249433452834032,
              41.68901855637114
            ],
            [
              2.625146862731207,
              41.68896310410376
            ],
            [
              2.625366600147999,
              41.688928872016255
            ],
            [
              2.625625970370436,
              41.688919177052284
            ],
            [
              2.6257919551687015,
              41.68889170453421
            ],
            [
              2.625866866945474,
              41.68886213390801
            ],
            [
              2.626009783866482,
              41.68879252265783
            ],
            [
              2.6262462467196537,
              41.688691690512506
            ],
            [
              2.6264336728494437,
              41.68861348564917
            ],
            [
              2.626599727358639,
              41.6885737624845
            ],
            [
              2.626672214908128,
              41.68856868376374
            ],
            [
              2.626901049504259,
              41.68858176484896
            ],
            [
              2.626964073458715,
              41.688592417708215
            ],
            [
              2.627206494130407,
              41.68868786840007
            ],
            [
              2.6274424296660084,
              41.68869907994234
            ],
            [
              2.6275918993425935,
              41.68870136490252
            ],
            [
              2.6281319360303974,
              41.68861376006545
            ],
            [
              2.6286793326577045,
              41.6884788881044
            ],
            [
              2.6288480897988267,
              41.68838656874702
            ],
            [
              2.6292016538946417,
              41.688252780414174
            ],
            [
              2.6294259332350287,
              41.68822197792249
            ],
            [
              2.629718083774867,
              41.688194905566746
            ],
            [
              2.630187638825314,
              41.68820163888513
            ],
            [
              2.6302459658959205,
              41.68821416633049
            ],
            [
              2.630499635345038,
              41.68838134217809
            ],
            [
              2.6306625631813034,
              41.6884887805907
            ],
            [
              2.63066433055762,
              41.688494911122895
            ],
            [
              2.630696740242103,
              41.68860616332784
            ],
            [
              2.630766003547454,
              41.68874482464911
            ],
            [
              2.6308493375043693,
              41.688881730595334
            ],
            [
              2.6311098902100607,
              41.68908576727246
            ],
            [
              2.631356786372804,
              41.68926165638753
            ],
            [
              2.6315091369060357,
              41.689370230585716
            ],
            [
              2.6315890819765904,
              41.68942714086132
            ],
            [
              2.6317803120441634,
              41.68950314252414
            ],
            [
              2.6318313231807307,
              41.68955581754311
            ],
            [
              2.6328910670532135,
              41.690527920272245
            ],
            [
              2.6332578388281833,
              41.690862893799896
            ],
            [
              2.633353836358585,
              41.69095056928218
            ],
            [
              2.6336418305225737,
              41.69121359344474
            ],
            [
              2.633736998234359,
              41.69132783699635
            ],
            [
              2.633916689100969,
              41.69155862820223
            ],
            [
              2.6339167081743726,
              41.69155865528437
            ],
            [
              2.6340068244613333,
              41.691703519372375
            ],
            [
              2.634050717079226,
              41.69178496922
            ],
            [
              2.634086466224924,
              41.69185407316823
            ],
            [
              2.6341171978485955,
              41.691939176710356
            ],
            [
              2.63413032876842,
              41.69200830320779
            ],
            [
              2.6341488765173366,
              41.69217697033658
            ],
            [
              2.634152912359294,
              41.692334660208935
            ],
            [
              2.634139150788679,
              41.692444251190324
            ],
            [
              2.6341139682752996,
              41.692540255481646
            ],
            [
              2.634073994404699,
              41.69263744484622
            ],
            [
              2.63402076707552,
              41.692754301391794
            ],
            [
              2.6339379115866617,
              41.692903135228285
            ],
            [
              2.6338532022608283,
              41.69306793453615
            ],
            [
              2.6338167130437156,
              41.69317501031981
            ],
            [
              2.633796393820907,
              41.6932821168992
            ],
            [
              2.6337687876193665,
              41.69349763707293
            ],
            [
              2.633760179524838,
              41.69357520335072
            ],
            [
              2.6337440233906264,
              41.693731995690285
            ],
            [
              2.6337382942473093,
              41.693871473525704
            ],
            [
              2.633735424758483,
              41.69408749853816
            ],
            [
              2.6337355467996595,
              41.69435661567978
            ],
            [
              2.6337332919851457,
              41.69450644025046
            ],
            [
              2.633837298305871,
              41.69463918184025
            ],
            [
              2.634050689131277,
              41.69490079708134
            ],
            [
              2.634187814329104,
              41.69502742257775
            ],
            [
              2.6343136783174055,
              41.695083847465035
            ],
            [
              2.6345307933719364,
              41.695112548471705
            ],
            [
              2.6348064301620227,
              41.69512044934296
            ],
            [
              2.635210453660483,
              41.69514280645952
            ],
            [
              2.6352678444114157,
              41.695152175881006
            ],
            [
              2.635373860972719,
              41.69516953485982
            ],
            [
              2.635432167054998,
              41.69518728373057
            ],
            [
              2.6355063224216173,
              41.69529263120369
            ],
            [
              2.6357128999930524,
              41.695528011892506
            ],
            [
              2.6358098688732094,
              41.695743768761005
            ],
            [
              2.635904484177228,
              41.695950782073325
            ],
            [
              2.635985916351982,
              41.69600184021621
            ],
            [
              2.636184102112774,
              41.69608479200252
            ],
            [
              2.6363006537144513,
              41.69610965938882
            ],
            [
              2.636405797665705,
              41.696111792612044
            ],
            [
              2.636588280208617,
              41.69608084396196
            ],
            [
              2.637310610586703,
              41.695983232310105
            ],
            [
              2.637423001291056,
              41.695957286142864
            ],
            [
              2.637525965708121,
              41.69591905954435
            ],
            [
              2.6377623688947307,
              41.69583054250826
            ],
            [
              2.6379260912702285,
              41.69578016727874
            ],
            [
              2.6380220946088087,
              41.69574020694889
            ],
            [
              2.6384040339120047,
              41.69554343088358
            ],
            [
              2.638772008385755,
              41.695329134921764
            ],
            [
              2.6388212935667723,
              41.695283803835146
            ],
            [
              2.6388331159587195,
              41.69525402650039
            ],
            [
              2.6387913687954714,
              41.69519787187138
            ],
            [
              2.6387849856697705,
              41.695092737742044
            ],
            [
              2.638834339691387,
              41.69503506710066
            ],
            [
              2.6389254407271947,
              41.69503355103453
            ],
            [
              2.638996548250937,
              41.69503998933757
            ],
            [
              2.6390395454286373,
              41.695044537884755
            ],
            [
              2.639041450515722,
              41.695112187389356
            ],
            [
              2.6391106376610756,
              41.69533361969777
            ],
            [
              2.6391862145387472,
              41.69559470337141
            ],
            [
              2.6392068526722112,
              41.6958374201296
            ],
            [
              2.6392390994909496,
              41.695981094938624
            ],
            [
              2.6392860566547394,
              41.696245331239105
            ],
            [
              2.639351229241317,
              41.69651908215323
            ],
            [
              2.639358312890672,
              41.696563329363244
            ],
            [
              2.639365628850282,
              41.69660901844135
            ],
            [
              2.6393825874604415,
              41.69729631609875
            ],
            [
              2.6393908540572686,
              41.697602765262
            ],
            [
              2.6398303207782785,
              41.69760819388792
            ],
            [
              2.639985743729521,
              41.697602915416915
            ]
          ]
        ]
      }
    },
    {
      "type": "Feature",
      "id": "082845--zone--diba-423",
      "properties": {
        "name": "Manresa",
        "officialName": "Manresa",
        "municipality": "Tordera",
        "kind": "zone",
        "quality": "official",
        "sourceCategory": "Nucli/urbanització DIBA · LIMIT_PPU",
        "code": "423"
      },
      "geometry": {
        "bbox": [
          2.748365831216747,
          41.70499903682175,
          2.7520519006300446,
          41.70646738503721
        ],
        "type": "Polygon",
        "coordinates": [
          [
            [
              2.752052319161264,
              41.70635845293132
            ],
            [
              2.751894494093871,
              41.706072169566525
            ],
            [
              2.7517771697914934,
              41.70588128771099
            ],
            [
              2.751673415355414,
              41.70570405201843
            ],
            [
              2.7514118524925726,
              41.70523712750429
            ],
            [
              2.7512075279660477,
              41.7052366862452
            ],
            [
              2.750848863355594,
              41.70522569874065
            ],
            [
              2.750540250326278,
              41.7051875857423
            ],
            [
              2.7503541409917998,
              41.70517356643843
            ],
            [
              2.75015439590342,
              41.705162920980335
            ],
            [
              2.7499047719024583,
              41.7051351467806
            ],
            [
              2.749686904283517,
              41.7051142496958
            ],
            [
              2.7494644707010036,
              41.70510014982662
            ],
            [
              2.74926021276713,
              41.70508268449266
            ],
            [
              2.7490196688240376,
              41.70505492818121
            ],
            [
              2.7487972885964624,
              41.70502721107118
            ],
            [
              2.748565773765723,
              41.705013089611796
            ],
            [
              2.748408901014142,
              41.704999131120275
            ],
            [
              2.7483991050403613,
              41.70518293061634
            ],
            [
              2.748364170517053,
              41.705424955641845
            ],
            [
              2.7487655809774414,
              41.705520735615536
            ],
            [
              2.7494096694294266,
              41.70569574693407
            ],
            [
              2.749473052553687,
              41.705743541802434
            ],
            [
              2.7495136806706584,
              41.70580490400504
            ],
            [
              2.749531500899204,
              41.70589344861372
            ],
            [
              2.7495310529043104,
              41.706009187333436
            ],
            [
              2.7496626514962417,
              41.706029897721436
            ],
            [
              2.749862333213445,
              41.70605756375072
            ],
            [
              2.750021162129181,
              41.7060817367854
            ],
            [
              2.7502027474315462,
              41.70609234300346
            ],
            [
              2.750333887112513,
              41.70610283935229
            ],
            [
              2.750520117553495,
              41.70608622303291
            ],
            [
              2.7511514193077913,
              41.706046739087455
            ],
            [
              2.7517522200588713,
              41.70646673806784
            ],
            [
              2.752052319161264,
              41.70635845293132
            ]
          ]
        ]
      }
    },
    {
      "type": "Feature",
      "id": "082845--zone--diba-425",
      "properties": {
        "name": "Roca Rossa",
        "officialName": "Roca Rossa",
        "municipality": "Tordera",
        "kind": "zone",
        "quality": "official",
        "sourceCategory": "Nucli/urbanització DIBA · LIMIT_PPU",
        "code": "425"
      },
      "geometry": {
        "bbox": [
          2.6393203023376914,
          41.69648538131622,
          2.6453059862070356,
          41.70071123126791
        ],
        "type": "Polygon",
        "coordinates": [
          [
            [
              2.643089536242553,
              41.70064636235207
            ],
            [
              2.643451781892462,
              41.70051453902231
            ],
            [
              2.6441760875915303,
              41.70026151765111
            ],
            [
              2.644205972692774,
              41.70018171703048
            ],
            [
              2.644254984261363,
              41.70005495754475
            ],
            [
              2.6444554872050254,
              41.70011394326261
            ],
            [
              2.6446438213772057,
              41.700156858331184
            ],
            [
              2.64470779925987,
              41.70017146753232
            ],
            [
              2.6447650510791245,
              41.70007589793649
            ],
            [
              2.6451791637718314,
              41.699426589362
            ],
            [
              2.6453090167888487,
              41.69915362318939
            ],
            [
              2.6453146505081326,
              41.699134455409066
            ],
            [
              2.6453146663451976,
              41.69913157317922
            ],
            [
              2.645201017318159,
              41.69910176998509
            ],
            [
              2.6449873981335763,
              41.69904598760618
            ],
            [
              2.644790765607823,
              41.6990046687281
            ],
            [
              2.64437122228034,
              41.69891483392241
            ],
            [
              2.6440315908000525,
              41.69884866274952
            ],
            [
              2.643868513661789,
              41.698825100181814
            ],
            [
              2.643835883871951,
              41.69881428058757
            ],
            [
              2.643490669400478,
              41.698692696716265
            ],
            [
              2.643413156750584,
              41.69867011857308
            ],
            [
              2.6433009702865853,
              41.698636715188336
            ],
            [
              2.6433149303104053,
              41.698568034178706
            ],
            [
              2.6433638386408895,
              41.69832931619156
            ],
            [
              2.6434152810719658,
              41.6981104217055
            ],
            [
              2.643600488158739,
              41.698108833606184
            ],
            [
              2.6436467638611956,
              41.69810771610927
            ],
            [
              2.6436869268626837,
              41.69810360729144
            ],
            [
              2.6436773884254916,
              41.6980462924188
            ],
            [
              2.6436499856698905,
              41.69785021156276
            ],
            [
              2.643641625065298,
              41.69781902099323
            ],
            [
              2.6435737186556305,
              41.69762353688096
            ],
            [
              2.6435431516227346,
              41.697587503654354
            ],
            [
              2.643497551482264,
              41.697531427972876
            ],
            [
              2.643555587615018,
              41.69748981403756
            ],
            [
              2.6435785347051035,
              41.69746934896589
            ],
            [
              2.6436958511229314,
              41.69735640223293
            ],
            [
              2.643768351561313,
              41.69728520049583
            ],
            [
              2.643839279398405,
              41.697215614219935
            ],
            [
              2.643885671783285,
              41.69717144293554
            ],
            [
              2.643921768106718,
              41.6971419204428
            ],
            [
              2.643979625140925,
              41.69708886758827
            ],
            [
              2.644070210048225,
              41.697007092371635
            ],
            [
              2.6439595473057826,
              41.69691577853219
            ],
            [
              2.6438366800843887,
              41.696814788238676
            ],
            [
              2.643794689883287,
              41.69677971135624
            ],
            [
              2.6436917834464704,
              41.696807854867174
            ],
            [
              2.643609341963296,
              41.696829487451154
            ],
            [
              2.643594311986131,
              41.69683088198072
            ],
            [
              2.6435937382394634,
              41.69676044448803
            ],
            [
              2.6435931450913017,
              41.69662821805895
            ],
            [
              2.643538673130378,
              41.69663390374695
            ],
            [
              2.6435082482597263,
              41.69663750229506
            ],
            [
              2.643380326463869,
              41.69664701415214
            ],
            [
              2.643227883284356,
              41.69665744052865
            ],
            [
              2.643097782309733,
              41.69666982758593
            ],
            [
              2.6428829280883335,
              41.69666528798334
            ],
            [
              2.6426625664521226,
              41.69665721897697
            ],
            [
              2.642505179500812,
              41.696648894203676
            ],
            [
              2.6423964446997736,
              41.69662225510724
            ],
            [
              2.642389604161112,
              41.69662052246802
            ],
            [
              2.6422889000707324,
              41.69657625519508
            ],
            [
              2.642222719838408,
              41.696547766813275
            ],
            [
              2.6419431763624153,
              41.69652771283687
            ],
            [
              2.641882665088125,
              41.69653887326987
            ],
            [
              2.641838402482975,
              41.696545581649474
            ],
            [
              2.6417689329807055,
              41.69654680626676
            ],
            [
              2.6417418919674405,
              41.696546992187656
            ],
            [
              2.64165180974794,
              41.69653779518284
            ],
            [
              2.641584871578805,
              41.69651578920019
            ],
            [
              2.6414257626408957,
              41.696514663278165
            ],
            [
              2.641390550703799,
              41.69651464347962
            ],
            [
              2.64130074603112,
              41.696520398892595
            ],
            [
              2.641208289470892,
              41.69652758709621
            ],
            [
              2.6411771334586085,
              41.69653298416947
            ],
            [
              2.6411345923036795,
              41.696532671194845
            ],
            [
              2.641035088920817,
              41.69653200105591
            ],
            [
              2.640890172272707,
              41.696507229983204
            ],
            [
              2.6407884415355496,
              41.69649628364802
            ],
            [
              2.6407305520231557,
              41.69648979860542
            ],
            [
              2.6406043560508428,
              41.696513092767674
            ],
            [
              2.640576774166319,
              41.69652408617317
            ],
            [
              2.640470391481175,
              41.69657203160184
            ],
            [
              2.6403793126561,
              41.69663389669353
            ],
            [
              2.640314948336541,
              41.696689449366325
            ],
            [
              2.6402742133713883,
              41.69673183639559
            ],
            [
              2.6402407863094113,
              41.69677811844961
            ],
            [
              2.640216812249133,
              41.6968101988316
            ],
            [
              2.6401946764449655,
              41.696835890806305
            ],
            [
              2.6401790128828067,
              41.69684313753611
            ],
            [
              2.6401122970447473,
              41.69684617119793
            ],
            [
              2.639987691951634,
              41.69684262933398
            ],
            [
              2.639915948803682,
              41.69684204428352
            ],
            [
              2.6399254341075835,
              41.696994654680935
            ],
            [
              2.639933592660867,
              41.69708349138275
            ],
            [
              2.6399544034579336,
              41.697166332048084
            ],
            [
              2.639979159113236,
              41.69720964289425
            ],
            [
              2.640031402859767,
              41.69725907551049
            ],
            [
              2.6401248024309245,
              41.69732007603271
            ],
            [
              2.640246218002821,
              41.69735720433382
            ],
            [
              2.6404216557484843,
              41.69740485973749
            ],
            [
              2.640577383477935,
              41.697452453232096
            ],
            [
              2.640604668064282,
              41.69747334501528
            ],
            [
              2.6406077930062883,
              41.69749488181179
            ],
            [
              2.640605289869132,
              41.69751297830116
            ],
            [
              2.6405845621876347,
              41.69752318159905
            ],
            [
              2.6404970313893714,
              41.69753038463276
            ],
            [
              2.640030767986252,
              41.697589095412226
            ],
            [
              2.6399684783482984,
              41.69759565563126
            ],
            [
              2.639901867827608,
              41.6976012123949
            ],
            [
              2.6397845376487723,
              41.69760723975408
            ],
            [
              2.639465098134161,
              41.6976075909337
            ],
            [
              2.6393291657345745,
              41.69760923695
            ],
            [
              2.6393140218519755,
              41.69760945963593
            ],
            [
              2.639378915870762,
              41.69776080280323
            ],
            [
              2.6394378170765163,
              41.69790951506298
            ],
            [
              2.639471362675965,
              41.69799284611325
            ],
            [
              2.639503312574756,
              41.69806086003972
            ],
            [
              2.6395575870403003,
              41.698177132078804
            ],
            [
              2.6395599518485926,
              41.69822712902169
            ],
            [
              2.6395500812498627,
              41.69827321452692
            ],
            [
              2.639500412106661,
              41.698430233904254
            ],
            [
              2.639438367708283,
              41.69860811005049
            ],
            [
              2.6400061289021064,
              41.69869050097928
            ],
            [
              2.640065528696121,
              41.69874977374607
            ],
            [
              2.640077521553699,
              41.69879763911888
            ],
            [
              2.640225575224161,
              41.698821069963
            ],
            [
              2.6402757612089256,
              41.698830053140135
            ],
            [
              2.640667862734982,
              41.69892621305061
            ],
            [
              2.6406948746652237,
              41.69893143156488
            ],
            [
              2.640708294723347,
              41.698938679218244
            ],
            [
              2.6406780403852985,
              41.69904117573303
            ],
            [
              2.6406639504072227,
              41.69908949991556
            ],
            [
              2.6405996291673817,
              41.699201888687405
            ],
            [
              2.640553201476301,
              41.69925173300194
            ],
            [
              2.6404079831336347,
              41.69940971575307
            ],
            [
              2.640482948429744,
              41.69943670053933
            ],
            [
              2.6405493122118706,
              41.6994542017983
            ],
            [
              2.640711326974472,
              41.69949596013478
            ],
            [
              2.641128474974789,
              41.69960588668894
            ],
            [
              2.641131477003612,
              41.69960634641937
            ],
            [
              2.641129233118292,
              41.69962084087524
            ],
            [
              2.641119420995049,
              41.699699803574894
            ],
            [
              2.6411208887018898,
              41.69976006578831
            ],
            [
              2.6411456573356586,
              41.699801575882475
            ],
            [
              2.6411981617321523,
              41.69982605814086
            ],
            [
              2.6414838559801463,
              41.699931341367964
            ],
            [
              2.6416565701267274,
              41.69999474883363
            ],
            [
              2.641700702126931,
              41.70001199906003
            ],
            [
              2.6415736839062376,
              41.70020426705799
            ],
            [
              2.6416212943170225,
              41.70022278915958
            ],
            [
              2.642004103685438,
              41.7003707965227
            ],
            [
              2.64251882772745,
              41.700571723621344
            ],
            [
              2.6425822709342173,
              41.70059606002941
            ],
            [
              2.6426863647649665,
              41.70063727513876
            ],
            [
              2.6428540145703785,
              41.7006822905322
            ],
            [
              2.642933457848294,
              41.700703884261955
            ],
            [
              2.643089536242553,
              41.70064636235207
            ]
          ]
        ]
      }
    },
    {
      "type": "Feature",
      "id": "082845--zone--diba-771",
      "properties": {
        "name": "Can Camps",
        "officialName": "Can Camps",
        "municipality": "Tordera",
        "kind": "zone",
        "quality": "official",
        "sourceCategory": "Nucli/urbanització DIBA · AMBIT_PPU",
        "code": "771"
      },
      "geometry": {
        "bbox": [
          2.6248415482969656,
          41.68814207036194,
          2.6344510042957543,
          41.694620163335046
        ],
        "type": "Polygon",
        "coordinates": [
          [
            [
              2.629333116751439,
              41.69349401689673
            ],
            [
              2.629341850399386,
              41.69349556096448
            ],
            [
              2.62936790921826,
              41.693540860788744
            ],
            [
              2.629417818651293,
              41.693597046069925
            ],
            [
              2.6294837697790334,
              41.6936534739991
            ],
            [
              2.6295716020017186,
              41.693687073598575
            ],
            [
              2.629578919465708,
              41.69368934806524
            ],
            [
              2.629593680402282,
              41.69369308946395
            ],
            [
              2.6296312438859974,
              41.69370167722539
            ],
            [
              2.6296615963095666,
              41.69371060112213
            ],
            [
              2.629691946148185,
              41.6937199771603
            ],
            [
              2.62971651784722,
              41.69373086488476
            ],
            [
              2.629737951687574,
              41.69374471484669
            ],
            [
              2.6297765833310907,
              41.69377681280359
            ],
            [
              2.629792826987147,
              41.69379379943066
            ],
            [
              2.629793900589008,
              41.693795605215264
            ],
            [
              2.6297941364604043,
              41.69379596626016
            ],
            [
              2.6298028229844235,
              41.693811396429574
            ],
            [
              2.629802063227956,
              41.69381814932791
            ],
            [
              2.6298016779320124,
              41.69382247060729
            ],
            [
              2.6297886160350536,
              41.6938365706224
            ],
            [
              2.6297718391787326,
              41.693849485940476
            ],
            [
              2.629742281358582,
              41.69386983869794
            ],
            [
              2.629629019367409,
              41.69392207446676
            ],
            [
              2.629566871166412,
              41.693950705979
            ],
            [
              2.629515637027952,
              41.69397430883465
            ],
            [
              2.6294520364699228,
              41.69400031723061
            ],
            [
              2.6293859259204493,
              41.69402352168468
            ],
            [
              2.6293784091629986,
              41.694025604211255
            ],
            [
              2.6293389850357003,
              41.694036519803895
            ],
            [
              2.629290992585903,
              41.6940442912789
            ],
            [
              2.629258535438185,
              41.69404589883378
            ],
            [
              2.62919582559138,
              41.69404254402442
            ],
            [
              2.629133251627502,
              41.69403603712485
            ],
            [
              2.629091315654805,
              41.69403527038924
            ],
            [
              2.628999836541646,
              41.6940398398636
            ],
            [
              2.6289365509382177,
              41.694042992504855
            ],
            [
              2.6289081206847924,
              41.69404440759995
            ],
            [
              2.6288025784671363,
              41.694049470133066
            ],
            [
              2.628696918455872,
              41.69405453399009
            ],
            [
              2.628666849169351,
              41.69405885032995
            ],
            [
              2.6286376032726624,
              41.694066682102104
            ],
            [
              2.628578627698122,
              41.694082252187854
            ],
            [
              2.6284650785918506,
              41.69410062178357
            ],
            [
              2.628351176871766,
              41.69411781559734
            ],
            [
              2.6282965734677886,
              41.694125386936825
            ],
            [
              2.6282419828377503,
              41.69413115506485
            ],
            [
              2.628224214654702,
              41.694128125235466
            ],
            [
              2.628207674116968,
              41.694120595811434
            ],
            [
              2.6281777448349954,
              41.694100591432154
            ],
            [
              2.628125196460251,
              41.69406475408649
            ],
            [
              2.6280722807326766,
              41.69402990451036
            ],
            [
              2.6280416069849877,
              41.69401377255214
            ],
            [
              2.62800899767859,
              41.694000697644604
            ],
            [
              2.6279857132952396,
              41.69399521889974
            ],
            [
              2.6279228338806973,
              41.69398585869601
            ],
            [
              2.6279077879245483,
              41.69398361854893
            ],
            [
              2.627830105505785,
              41.69397219637243
            ],
            [
              2.627750399286008,
              41.69395662611125
            ],
            [
              2.6276705713709734,
              41.693941326515024
            ],
            [
              2.627468069421498,
              41.693911948354234
            ],
            [
              2.627347528041472,
              41.69393895903673
            ],
            [
              2.62721531950753,
              41.693968583446505
            ],
            [
              2.6271911437575537,
              41.6939797125929
            ],
            [
              2.6271698939548718,
              41.69399379925895
            ],
            [
              2.6271522034341683,
              41.6940104230667
            ],
            [
              2.6271386062273088,
              41.69402908765631
            ],
            [
              2.6271295093823284,
              41.6940492278015
            ],
            [
              2.627125184363802,
              41.69407024180737
            ],
            [
              2.627125762183069,
              41.69409150230275
            ],
            [
              2.6271312285127113,
              41.69411236973512
            ],
            [
              2.6271414139264286,
              41.694132217558774
            ],
            [
              2.627156013042594,
              41.694150446708534
            ],
            [
              2.627174593960429,
              41.69416651625476
            ],
            [
              2.627196594654607,
              41.69417994339182
            ],
            [
              2.6272213553120864,
              41.69419032245828
            ],
            [
              2.6273920800427546,
              41.69435888693644
            ],
            [
              2.627639034602442,
              41.694541997882595
            ],
            [
              2.627734520789057,
              41.694563745982784
            ],
            [
              2.627848827312804,
              41.69455988283845
            ],
            [
              2.62789594778328,
              41.69455191549037
            ],
            [
              2.627909454082762,
              41.6945496308781
            ],
            [
              2.627969247422424,
              41.69453802421817
            ],
            [
              2.6280076429124035,
              41.69452761016639
            ],
            [
              2.6280277834896406,
              41.69452124336729
            ],
            [
              2.6280710913304377,
              41.69450755038693
            ],
            [
              2.6280905323853627,
              41.69450140919326
            ],
            [
              2.628269654578013,
              41.694459555238645
            ],
            [
              2.62829653303058,
              41.69446157600505
            ],
            [
              2.628311036544525,
              41.69446266503748
            ],
            [
              2.6283399649815484,
              41.69445762002812
            ],
            [
              2.6283653289311744,
              41.694456981480485
            ],
            [
              2.628462080692501,
              41.69445450209776
            ],
            [
              2.628543574431766,
              41.69445215346078
            ],
            [
              2.628625066632813,
              41.694449444475964
            ],
            [
              2.628702326179623,
              41.694443623307166
            ],
            [
              2.628725934932598,
              41.69444184411132
            ],
            [
              2.628826702886486,
              41.694430999867826
            ],
            [
              2.6289563323134737,
              41.69441691698467
            ],
            [
              2.629085958241392,
              41.69440301498716
            ],
            [
              2.6293081511076886,
              41.69438373606533
            ],
            [
              2.6295929829544358,
              41.69437956991611
            ],
            [
              2.6298445982685434,
              41.694384923798296
            ],
            [
              2.629916576086569,
              41.69436525075539
            ],
            [
              2.6301674028991786,
              41.69419294031821
            ],
            [
              2.6302314644025797,
              41.69419134502657
            ],
            [
              2.6305618871914906,
              41.6942219519539
            ],
            [
              2.6307778044941137,
              41.69424894664835
            ],
            [
              2.6308703811211704,
              41.69424140693223
            ],
            [
              2.6310030450799555,
              41.69422147595256
            ],
            [
              2.631257874256165,
              41.69425865023173
            ],
            [
              2.6313682491308428,
              41.69426426358221
            ],
            [
              2.6315123827650257,
              41.69425625821156
            ],
            [
              2.631585040786198,
              41.69426468673863
            ],
            [
              2.631754448816403,
              41.694354941569166
            ],
            [
              2.6319664571752095,
              41.69447775643405
            ],
            [
              2.632305053596439,
              41.69461331755015
            ],
            [
              2.632348683865579,
              41.69460975340344
            ],
            [
              2.632418544248811,
              41.69458449750938
            ],
            [
              2.6325401869969856,
              41.6945249224671
            ],
            [
              2.6328016138868766,
              41.694402066781336
            ],
            [
              2.6328453126363134,
              41.6943771332558
            ],
            [
              2.632969571912009,
              41.69423639748796
            ],
            [
              2.633189836926575,
              41.69407980205344
            ],
            [
              2.6332319739355277,
              41.694041598597735
            ],
            [
              2.6332734240268216,
              41.69402424803766
            ],
            [
              2.6333196259026375,
              41.694073518530814
            ],
            [
              2.63335778576242,
              41.694094450344615
            ],
            [
              2.633392465456362,
              41.69411347324239
            ],
            [
              2.6334836282183134,
              41.694185549917
            ],
            [
              2.6335088235977953,
              41.694213732503975
            ],
            [
              2.633535843502543,
              41.69424398443607
            ],
            [
              2.633608744550263,
              41.69431995870748
            ],
            [
              2.6336276860219145,
              41.69423127817297
            ],
            [
              2.6336920347824435,
              41.69392996429358
            ],
            [
              2.63371388955834,
              41.69382763011194
            ],
            [
              2.6337142759476015,
              41.69382582361284
            ],
            [
              2.6337968385178976,
              41.69377469745491
            ],
            [
              2.6338231205071114,
              41.69365578622629
            ],
            [
              2.633825983455904,
              41.6936205351431
            ],
            [
              2.6338306009201222,
              41.69356367074023
            ],
            [
              2.633856150669717,
              41.69324900433681
            ],
            [
              2.6339240098023056,
              41.69302274435596
            ],
            [
              2.634076796616285,
              41.692715925684894
            ],
            [
              2.634113091381716,
              41.69264304025555
            ],
            [
              2.6341597047473018,
              41.69254943072999
            ],
            [
              2.6341802695526955,
              41.69234856513115
            ],
            [
              2.6341868095641696,
              41.69228465874108
            ],
            [
              2.6342999238995697,
              41.69198173152731
            ],
            [
              2.6343287858665247,
              41.6917358593288
            ],
            [
              2.634440009228841,
              41.69155226592189
            ],
            [
              2.634468874761563,
              41.691463771693215
            ],
            [
              2.633858352464903,
              41.69122587113532
            ],
            [
              2.6338121791042988,
              41.69120787729212
            ],
            [
              2.6337214647802942,
              41.69047593342601
            ],
            [
              2.6334693093857062,
              41.690299499423645
            ],
            [
              2.6334351919888612,
              41.690270897443725
            ],
            [
              2.6333048023487335,
              41.69016698862095
            ],
            [
              2.633132679819457,
              41.69001249477895
            ],
            [
              2.6330716657565123,
              41.689957729373866
            ],
            [
              2.6330583817148248,
              41.68994795925642
            ],
            [
              2.632978174063497,
              41.68988891447711
            ],
            [
              2.6328622551418985,
              41.68980357993385
            ],
            [
              2.632773437116141,
              41.68974068037277
            ],
            [
              2.632737303647122,
              41.68971509003216
            ],
            [
              2.632626209203462,
              41.689641506961934
            ],
            [
              2.632548030374719,
              41.68959117826424
            ],
            [
              2.632489826184823,
              41.68955760811266
            ],
            [
              2.631827686660173,
              41.68913331993193
            ],
            [
              2.6301910589612976,
              41.68815940822201
            ],
            [
              2.629695191988586,
              41.68821790268926
            ],
            [
              2.629065546303497,
              41.688334123295824
            ],
            [
              2.6289048444383836,
              41.688361565364055
            ],
            [
              2.6274527318076837,
              41.688943918262076
            ],
            [
              2.6268443593449646,
              41.68858733275399
            ],
            [
              2.626674481448268,
              41.68849526766037
            ],
            [
              2.626468376753499,
              41.688579892846
            ],
            [
              2.6255738749588606,
              41.68893384569459
            ],
            [
              2.6255247230639545,
              41.68895481088425
            ],
            [
              2.625353580545138,
              41.68895639861274
            ],
            [
              2.6250184480097256,
              41.68895950657091
            ],
            [
              2.6248363566552357,
              41.6890356738079
            ],
            [
              2.6253022964142376,
              41.689059859406264
            ],
            [
              2.6254985268365423,
              41.689065550208674
            ],
            [
              2.625501007570743,
              41.6890662833667
            ],
            [
              2.6255653213129935,
              41.68908270576123
            ],
            [
              2.625603812211591,
              41.68909679221674
            ],
            [
              2.6256328155856594,
              41.68910994704141
            ],
            [
              2.625665540853037,
              41.68912365350889
            ],
            [
              2.6256936146445935,
              41.689131131696485
            ],
            [
              2.6257349232511005,
              41.68913612917853
            ],
            [
              2.625774800723605,
              41.689139051245476
            ],
            [
              2.6258188805672176,
              41.68914234726613
            ],
            [
              2.6258657470948754,
              41.68914168920254
            ],
            [
              2.6259529739891154,
              41.689123239188405
            ],
            [
              2.6261852218769035,
              41.689085461413484
            ],
            [
              2.6263740888546385,
              41.68909093852123
            ],
            [
              2.6263773347869104,
              41.68909192364558
            ],
            [
              2.6264124358176972,
              41.68911041140527
            ],
            [
              2.6264444979073667,
              41.68913492585809
            ],
            [
              2.6264719796615803,
              41.68916167539755
            ],
            [
              2.6264824778269666,
              41.689174859032875
            ],
            [
              2.626580495716797,
              41.68940963505723
            ],
            [
              2.6266648101048493,
              41.68958320533456
            ],
            [
              2.626682559848247,
              41.68960956472357
            ],
            [
              2.6266952203281746,
              41.689623296691074
            ],
            [
              2.6267124433908475,
              41.689637042575946
            ],
            [
              2.6267342579460182,
              41.68964684113264
            ],
            [
              2.626765452673217,
              41.689654959693634
            ],
            [
              2.626796793930992,
              41.68965893363908
            ],
            [
              2.6268546987645416,
              41.68966146441423
            ],
            [
              2.6269126285930318,
              41.68965967001571
            ],
            [
              2.6270543087852647,
              41.689638063286466
            ],
            [
              2.6271364462365208,
              41.68962661872251
            ],
            [
              2.6271985973005636,
              41.68962213843686
            ],
            [
              2.6272614544655277,
              41.68961981941764
            ],
            [
              2.6274620269605142,
              41.68963803456185
            ],
            [
              2.627486850209526,
              41.68964685194372
            ],
            [
              2.6275110607124597,
              41.68965773717363
            ],
            [
              2.62756939132354,
              41.68969062210867
            ],
            [
              2.6276267502935786,
              41.68972530709395
            ],
            [
              2.6277020537809603,
              41.68977391936607
            ],
            [
              2.6277271058552594,
              41.689790374585755
            ],
            [
              2.627818070356437,
              41.689847163745455
            ],
            [
              2.6278627693283645,
              41.68986865359548
            ],
            [
              2.627891563973824,
              41.68987667310712
            ],
            [
              2.6279161826909463,
              41.68987909556976
            ],
            [
              2.6279511620768106,
              41.68987713537019
            ],
            [
              2.6279841318795905,
              41.68986940769246
            ],
            [
              2.628024599886017,
              41.689853144795315
            ],
            [
              2.628077757416065,
              41.68982476422021
            ],
            [
              2.6281253033910343,
              41.68978988032672
            ],
            [
              2.62817412319982,
              41.68974266076141
            ],
            [
              2.628195299682569,
              41.68971660858419
            ],
            [
              2.6282074350446702,
              41.68969638179202
            ],
            [
              2.628228777111624,
              41.68966285332226
            ],
            [
              2.628247599027774,
              41.68962832861392
            ],
            [
              2.6282951470856575,
              41.68955129216914
            ],
            [
              2.6283228747720453,
              41.6895148119793
            ],
            [
              2.6283521298933104,
              41.68948205937044
            ],
            [
              2.628343872537457,
              41.68947218606877
            ],
            [
              2.6283658762582527,
              41.689455413882136
            ],
            [
              2.6284059038547896,
              41.689432304003105
            ],
            [
              2.628442699312883,
              41.68940684270644
            ],
            [
              2.628522552753615,
              41.68933342248382
            ],
            [
              2.6286021619236015,
              41.68925982037186
            ],
            [
              2.6286022017687034,
              41.6892597871742
            ],
            [
              2.6286849296234367,
              41.68920154233875
            ],
            [
              2.6287568021695504,
              41.68913611341549
            ],
            [
              2.6287809848265757,
              41.689110250980534
            ],
            [
              2.6288048018019134,
              41.68908528807277
            ],
            [
              2.6288081305714748,
              41.689082321065264
            ],
            [
              2.628851422654885,
              41.689043735605786
            ],
            [
              2.6288992457510085,
              41.68900227617224
            ],
            [
              2.6289590299572887,
              41.68894950814647
            ],
            [
              2.6290182132597515,
              41.688896738149346
            ],
            [
              2.629064930026549,
              41.6888597777413
            ],
            [
              2.629090735398909,
              41.688843828325886
            ],
            [
              2.6291194171986474,
              41.688829599542814
            ],
            [
              2.629156843155669,
              41.6888199935078
            ],
            [
              2.629195915156654,
              41.688816696865366
            ],
            [
              2.629233400941267,
              41.688817177188525
            ],
            [
              2.6292641632935827,
              41.68882084865625
            ],
            [
              2.629270627251317,
              41.68882162070269
            ],
            [
              2.629348023946083,
              41.68884033676867
            ],
            [
              2.6294265052449513,
              41.6888591427482
            ],
            [
              2.629551919649499,
              41.688886390131145
            ],
            [
              2.62967770121171,
              41.688912283887085
            ],
            [
              2.629749232613036,
              41.6889272869572
            ],
            [
              2.6298190785233966,
              41.68894327353729
            ],
            [
              2.629821523149522,
              41.68894423436627
            ],
            [
              2.6298412587987943,
              41.68895199182736
            ],
            [
              2.629854901955133,
              41.68896104290355
            ],
            [
              2.6298729459776156,
              41.68897902611575
            ],
            [
              2.6298856886363535,
              41.688999062993
            ],
            [
              2.629894516444056,
              41.68903124689399
            ],
            [
              2.6298999863326875,
              41.689083234776945
            ],
            [
              2.629909177617521,
              41.68913586694377
            ],
            [
              2.6299180147469654,
              41.689166429587985
            ],
            [
              2.6299297667390835,
              41.68919159733645
            ],
            [
              2.6298845902648678,
              41.68921144769713
            ],
            [
              2.6298683061304864,
              41.68922247222847
            ],
            [
              2.629865406057274,
              41.68922507765976
            ],
            [
              2.6298546593349044,
              41.68923458971055
            ],
            [
              2.629879364756086,
              41.689368605367896
            ],
            [
              2.6299120110445275,
              41.689396272331244
            ],
            [
              2.6299485254322694,
              41.689420168743574
            ],
            [
              2.629988032908312,
              41.68944515473603
            ],
            [
              2.630028029824445,
              41.689469242477664
            ],
            [
              2.6300681869994373,
              41.68948675641382
            ],
            [
              2.6301101545524794,
              41.689502473834985
            ],
            [
              2.630120025246935,
              41.68950807201204
            ],
            [
              2.6301350666473557,
              41.68951660333908
            ],
            [
              2.6301648238881845,
              41.689544982403795
            ],
            [
              2.630187233698998,
              41.68957703074342
            ],
            [
              2.6302038991276455,
              41.68960455522673
            ],
            [
              2.630220563358517,
              41.68963208150508
            ],
            [
              2.6302418730304993,
              41.6896671878188
            ],
            [
              2.630263181534233,
              41.689702292323155
            ],
            [
              2.6302865548130354,
              41.6897333538582
            ],
            [
              2.6303131807719686,
              41.689762982908434
            ],
            [
              2.630330370087667,
              41.68978339432272
            ],
            [
              2.6303456254734408,
              41.68980514968342
            ],
            [
              2.6303575144146287,
              41.68982743464257
            ],
            [
              2.6303585645892364,
              41.68983311431599
            ],
            [
              2.6303166795360404,
              41.68983820012791
            ],
            [
              2.6302848511195416,
              41.689912959633446
            ],
            [
              2.6302509317040847,
              41.689932116770315
            ],
            [
              2.630210178670872,
              41.689955853654006
            ],
            [
              2.630157815807998,
              41.689992705379076
            ],
            [
              2.6301073641474697,
              41.690031544800576
            ],
            [
              2.630077542259383,
              41.69005594641668
            ],
            [
              2.630056396510539,
              41.690076956845395
            ],
            [
              2.6299619030251233,
              41.690146998349135
            ],
            [
              2.6299494300103614,
              41.69016352951211
            ],
            [
              2.629940566350036,
              41.69017971471251
            ],
            [
              2.6299389113070464,
              41.69019592222313
            ],
            [
              2.6299468442358735,
              41.69021612464569
            ],
            [
              2.629957184059142,
              41.69023633301597
            ],
            [
              2.629981566780569,
              41.69028018528725
            ],
            [
              2.629982982910701,
              41.69028302078854
            ],
            [
              2.6300037829568628,
              41.69032466377958
            ],
            [
              2.630016584161668,
              41.69035550758451
            ],
            [
              2.6300292646830354,
              41.69038644377284
            ],
            [
              2.6300440809930024,
              41.69042233985719
            ],
            [
              2.63005889680845,
              41.690458325108445
            ],
            [
              2.6300703771065845,
              41.690488807071645
            ],
            [
              2.630080174094361,
              41.69051946195664
            ],
            [
              2.6300862628442516,
              41.69054758380861
            ],
            [
              2.630374939619933,
              41.69056193413445
            ],
            [
              2.63053612394871,
              41.69063919228782
            ],
            [
              2.6306232795283337,
              41.69071693378005
            ],
            [
              2.6306158122548196,
              41.690740688609566
            ],
            [
              2.6305877288582726,
              41.690755461013055
            ],
            [
              2.6305374663008516,
              41.690781773205366
            ],
            [
              2.6304847695649136,
              41.690814306881855
            ],
            [
              2.630302415847421,
              41.69101394807614
            ],
            [
              2.630308058018279,
              41.69128778393214
            ],
            [
              2.630269353481945,
              41.691331164768116
            ],
            [
              2.630055515171864,
              41.69142586124989
            ],
            [
              2.6300260702997105,
              41.69144747455122
            ],
            [
              2.6299911591066154,
              41.69147933657422
            ],
            [
              2.6299522003214135,
              41.691525506892326
            ],
            [
              2.629917675229226,
              41.691573854986984
            ],
            [
              2.6299084742082055,
              41.6915874342321
            ],
            [
              2.6298825291281247,
              41.69162571205054
            ],
            [
              2.629850499546153,
              41.69167893111076
            ],
            [
              2.629838453326219,
              41.69170501299174
            ],
            [
              2.629829529354624,
              41.691731466113886
            ],
            [
              2.629816363765512,
              41.69178510620692
            ],
            [
              2.6298101657396207,
              41.69181796317031
            ],
            [
              2.629809012659223,
              41.69185119396672
            ],
            [
              2.629811873783803,
              41.69186693053344
            ],
            [
              2.6298129757605753,
              41.691873003988285
            ],
            [
              2.629827801411296,
              41.691907098695445
            ],
            [
              2.629850812362164,
              41.69193878873908
            ],
            [
              2.6298698099508244,
              41.6919578549693
            ],
            [
              2.6299294691785717,
              41.69201109818901
            ],
            [
              2.6300064761713338,
              41.69208258172337
            ],
            [
              2.6299808797091644,
              41.69207782641609
            ],
            [
              2.6300321088757275,
              41.692109534313396
            ],
            [
              2.6300619928087676,
              41.69214095911146
            ],
            [
              2.6301347376650237,
              41.69221748093824
            ],
            [
              2.630149053140288,
              41.692256348639816
            ],
            [
              2.630136998381332,
              41.69226315526386
            ],
            [
              2.6301356744699387,
              41.692263512189044
            ],
            [
              2.6301075074642024,
              41.69227197740911
            ],
            [
              2.630065038102646,
              41.692280398386835
            ],
            [
              2.629832583189817,
              41.69230991386082
            ],
            [
              2.6297944694123196,
              41.69231339394517
            ],
            [
              2.6297455493393325,
              41.69231530618954
            ],
            [
              2.6296967604433275,
              41.69231487968412
            ],
            [
              2.629644855446008,
              41.692313632474544
            ],
            [
              2.6296280471522997,
              41.69231219120976
            ],
            [
              2.6295935681825946,
              41.69230923293561
            ],
            [
              2.629499807757744,
              41.692293169131354
            ],
            [
              2.6294061694633064,
              41.692276562514515
            ],
            [
              2.6293229636991455,
              41.6922640462817
            ],
            [
              2.629268869896344,
              41.69225640939041
            ],
            [
              2.6292393945447947,
              41.692252246684575
            ],
            [
              2.6291851143809937,
              41.692245676497535
            ],
            [
              2.629130225625607,
              41.69224045629113
            ],
            [
              2.629093710943449,
              41.69223772458238
            ],
            [
              2.6290368738105796,
              41.69223718265156
            ],
            [
              2.628980142013491,
              41.692239431441536
            ],
            [
              2.628948770896538,
              41.69224041191716
            ],
            [
              2.6289177497583074,
              41.692243642594576
            ],
            [
              2.6288972914397593,
              41.69224897991263
            ],
            [
              2.628882343734528,
              41.692256680478536
            ],
            [
              2.6288712282874585,
              41.69226709015266
            ],
            [
              2.6288608284679857,
              41.69228491770671
            ],
            [
              2.628856543042763,
              41.69229226449388
            ],
            [
              2.6288430047553635,
              41.69232716843595
            ],
            [
              2.6288334247562997,
              41.69236271565906
            ],
            [
              2.628821383022095,
              41.692409244529344
            ],
            [
              2.6288179350749123,
              41.69248642359297
            ],
            [
              2.6288458700115793,
              41.692581087770606
            ],
            [
              2.628877246574963,
              41.69268351098634
            ],
            [
              2.6288707969925156,
              41.6927393352604
            ],
            [
              2.6288494056946754,
              41.69276061127421
            ],
            [
              2.6287984835418166,
              41.692787548361586
            ],
            [
              2.6287589249814287,
              41.6928012681439
            ],
            [
              2.6287025794558607,
              41.69281650272111
            ],
            [
              2.6286124847919625,
              41.6928345149987
            ],
            [
              2.628550769935586,
              41.692846204958315
            ],
            [
              2.628476066405641,
              41.69288055176207
            ],
            [
              2.628446010959862,
              41.69292431931434
            ],
            [
              2.6284414362541426,
              41.692967717984054
            ],
            [
              2.628433440933857,
              41.692999308057026
            ],
            [
              2.628498267943248,
              41.693031762250655
            ],
            [
              2.6287025585199215,
              41.693094302319686
            ],
            [
              2.6287893669615743,
              41.693212125770266
            ],
            [
              2.6288344250521494,
              41.693297029277254
            ],
            [
              2.6289223042248047,
              41.69333298038643
            ],
            [
              2.6290543834643065,
              41.69337276702392
            ],
            [
              2.629185254603071,
              41.69341390248209
            ],
            [
              2.6292432884353567,
              41.69343642559343
            ],
            [
              2.6293127668516663,
              41.693454035272396
            ],
            [
              2.629339731119105,
              41.69349253403935
            ],
            [
              2.629333116751439,
              41.69349401689673
            ]
          ]
        ]
      }
    },
    {
      "type": "Feature",
      "id": "082845--zone--diba-426",
      "properties": {
        "name": "Sant Llop",
        "officialName": "Sant Llop",
        "municipality": "Tordera",
        "kind": "zone",
        "quality": "official",
        "sourceCategory": "Nucli/urbanització DIBA · AMBIT_PPU",
        "code": "426"
      },
      "geometry": {
        "bbox": [
          2.6171971372515332,
          41.671554364066886,
          2.6285217907774845,
          41.685418540680466
        ],
        "type": "Polygon",
        "coordinates": [
          [
            [
              2.62058092032525,
              41.68476345085436
            ],
            [
              2.6218471923000974,
              41.685139394871605
            ],
            [
              2.6227616392088944,
              41.68533543476735
            ],
            [
              2.6234193382171345,
              41.68540193509133
            ],
            [
              2.623982330564452,
              41.68535373386008
            ],
            [
              2.6241451708476204,
              41.6852327250654
            ],
            [
              2.6243563626148187,
              41.684997485198565
            ],
            [
              2.624500293164189,
              41.68484781821338
            ],
            [
              2.6248064813770062,
              41.68467722944913
            ],
            [
              2.6250648986274236,
              41.68452078646935
            ],
            [
              2.62576199140299,
              41.68440448486617
            ],
            [
              2.6268303077100827,
              41.684347796285586
            ],
            [
              2.6275794910120887,
              41.6843029542117
            ],
            [
              2.627701278595092,
              41.68381441316972
            ],
            [
              2.6273782553438534,
              41.68359888283426
            ],
            [
              2.626874816991996,
              41.683246927467216
            ],
            [
              2.626657450007373,
              41.68290304938625
            ],
            [
              2.6263741137080143,
              41.68242311788288
            ],
            [
              2.6263268839126455,
              41.68234431934862
            ],
            [
              2.626509074000663,
              41.68217332454017
            ],
            [
              2.6267771797221138,
              41.681988310525924
            ],
            [
              2.6268645394577916,
              41.681724064214706
            ],
            [
              2.626962386642313,
              41.68129541559341
            ],
            [
              2.627002636491831,
              41.680930924303176
            ],
            [
              2.627109933717144,
              41.68051660681297
            ],
            [
              2.6278648887006986,
              41.68024737473941
            ],
            [
              2.627992403829439,
              41.6796329352348
            ],
            [
              2.6280698490615166,
              41.67943300287967
            ],
            [
              2.628559453677937,
              41.67886978026896
            ],
            [
              2.6282174630787813,
              41.67863989287352
            ],
            [
              2.6277228125857603,
              41.67842380712597
            ],
            [
              2.626675930180442,
              41.67805579110116
            ],
            [
              2.6258003777238326,
              41.6777455179895
            ],
            [
              2.624831536870246,
              41.678721831402754
            ],
            [
              2.624831370776116,
              41.67875042946429
            ],
            [
              2.6232137016684516,
              41.67814458310567
            ],
            [
              2.622152672460107,
              41.67857006716637
            ],
            [
              2.6219468495594676,
              41.67789019439628
            ],
            [
              2.621244229939943,
              41.67736597248379
            ],
            [
              2.621819871286521,
              41.67677446420565
            ],
            [
              2.6215782160036714,
              41.67570125091642
            ],
            [
              2.6222751725386786,
              41.67556055496327
            ],
            [
              2.624185957347705,
              41.6749448188359
            ],
            [
              2.6242651133758033,
              41.674451763763464
            ],
            [
              2.6244216725642797,
              41.67376593004922
            ],
            [
              2.624237406383987,
              41.67265716346564
            ],
            [
              2.623389253539165,
              41.67256859332922
            ],
            [
              2.6233282998979046,
              41.671574620923316
            ],
            [
              2.6227272457407715,
              41.67162984412465
            ],
            [
              2.622527268542548,
              41.67321636624269
            ],
            [
              2.6223000528066307,
              41.674566865498775
            ],
            [
              2.62225178982573,
              41.67466679801332
            ],
            [
              2.6221659668371053,
              41.67466651591102
            ],
            [
              2.6210707017310755,
              41.674434127440136
            ],
            [
              2.6203341020058644,
              41.67483206556951
            ],
            [
              2.620471428720628,
              41.6758048442483
            ],
            [
              2.61953182819307,
              41.6756078010494
            ],
            [
              2.6191509564470614,
              41.67494969100776
            ],
            [
              2.617683087064692,
              41.67483757665332
            ],
            [
              2.6173988439297493,
              41.67613782958554
            ],
            [
              2.617164391059526,
              41.67708077512796
            ],
            [
              2.617733466264263,
              41.677604578785775
            ],
            [
              2.6184507869505413,
              41.67724949011998
            ],
            [
              2.618782646181191,
              41.67711917968401
            ],
            [
              2.620598420292757,
              41.67691342716134
            ],
            [
              2.620347332643768,
              41.677448805523916
            ],
            [
              2.619892994915333,
              41.67849112096023
            ],
            [
              2.6189440966730198,
              41.679303015972685
            ],
            [
              2.618807631814933,
              41.67980302403464
            ],
            [
              2.6189562430346367,
              41.68013405394325
            ],
            [
              2.6192234879868423,
              41.68044070258754
            ],
            [
              2.618782904975435,
              41.68076096653642
            ],
            [
              2.618892367581632,
              41.68160496407589
            ],
            [
              2.6190881528084016,
              41.68234168780735
            ],
            [
              2.61935284128852,
              41.68276469806357
            ],
            [
              2.6193993478701025,
              41.682965034944864
            ],
            [
              2.619464084933804,
              41.68330842415908
            ],
            [
              2.6195873910709064,
              41.683423222173076
            ],
            [
              2.6201192751720823,
              41.683796752152155
            ],
            [
              2.620479794321926,
              41.68411966751779
            ],
            [
              2.6205823483738424,
              41.684520374456184
            ],
            [
              2.62058092032525,
              41.68476345085436
            ]
          ]
        ]
      }
    },
    {
      "type": "Feature",
      "id": "082845--zone--diba-287",
      "properties": {
        "name": "Parc dels Prínceps",
        "officialName": "Parc dels Prínceps",
        "municipality": "Tordera",
        "kind": "zone",
        "quality": "official",
        "sourceCategory": "Nucli/urbanització DIBA · LIMIT_PPU",
        "code": "287"
      },
      "geometry": {
        "bbox": [
          2.670352417013585,
          41.71824222560899,
          2.6884147690207856,
          41.732746917866805
        ],
        "type": "Polygon",
        "coordinates": [
          [
            [
              2.6753259276791646,
              41.72823638825741
            ],
            [
              2.6755690462215007,
              41.728290446365186
            ],
            [
              2.675572599056321,
              41.72850293697891
            ],
            [
              2.6755671108153587,
              41.728505926245084
            ],
            [
              2.6755671345541097,
              41.72850742148707
            ],
            [
              2.6755672631972978,
              41.72851626590043
            ],
            [
              2.6755757227254944,
              41.72909587902711
            ],
            [
              2.675576536428156,
              41.72914947343431
            ],
            [
              2.675591087344489,
              41.7291490641609
            ],
            [
              2.6756084009924472,
              41.7291492022088
            ],
            [
              2.676045042763152,
              41.72913809252459
            ],
            [
              2.6760681481356605,
              41.72913419364636
            ],
            [
              2.6761430506610564,
              41.72913539555109
            ],
            [
              2.676594851879033,
              41.729122614255736
            ],
            [
              2.6768937802979917,
              41.729119490262065
            ],
            [
              2.67703714761201,
              41.72911088531761
            ],
            [
              2.677398980348678,
              41.72910406374622
            ],
            [
              2.677534725102625,
              41.72920136001165
            ],
            [
              2.677707560049484,
              41.72931146012857
            ],
            [
              2.677716405825615,
              41.72932184307712
            ],
            [
              2.6778057371364303,
              41.72939550126543
            ],
            [
              2.6778482485699024,
              41.72943020763074
            ],
            [
              2.677855326373186,
              41.72943347002101
            ],
            [
              2.6778570849353582,
              41.72944248202808
            ],
            [
              2.6779426616983812,
              41.729593859755454
            ],
            [
              2.6780227567885873,
              41.72973567545541
            ],
            [
              2.678128233163733,
              41.729899269248264
            ],
            [
              2.6782298793778194,
              41.7300596988375
            ],
            [
              2.6783331880125525,
              41.73022418707122
            ],
            [
              2.678431747653701,
              41.730376862648946
            ],
            [
              2.6784579747810664,
              41.73042215156067
            ],
            [
              2.6785638170963413,
              41.73058538477602
            ],
            [
              2.678580566398067,
              41.73067469174324
            ],
            [
              2.678582416903461,
              41.730689648664125
            ],
            [
              2.678608364264118,
              41.730839598968075
            ],
            [
              2.678626019206472,
              41.73098871543396
            ],
            [
              2.6784067363236366,
              41.73100512711441
            ],
            [
              2.6783931442306783,
              41.73100607985199
            ],
            [
              2.6784007943694497,
              41.7310633862572
            ],
            [
              2.6784215784453687,
              41.73123620011131
            ],
            [
              2.6784275654785565,
              41.73128944867483
            ],
            [
              2.6784424114492196,
              41.7314233353411
            ],
            [
              2.6784519642868982,
              41.731509019345935
            ],
            [
              2.678518209562735,
              41.73151073590262
            ],
            [
              2.678572192482548,
              41.73151196776733
            ],
            [
              2.6786382061211413,
              41.73151215150362
            ],
            [
              2.678727907870021,
              41.731512042051406
            ],
            [
              2.678738409150669,
              41.731576381918366
            ],
            [
              2.678750057945142,
              41.731676122791136
            ],
            [
              2.6787502872090476,
              41.7316783752005
            ],
            [
              2.678756026296526,
              41.73173342446456
            ],
            [
              2.6787645754777074,
              41.73182757228223
            ],
            [
              2.6787642851828846,
              41.73183756932212
            ],
            [
              2.678762739797903,
              41.73188251029777
            ],
            [
              2.6787598510557125,
              41.73197986868341
            ],
            [
              2.6787591919552884,
              41.731991485965175
            ],
            [
              2.6787528812187458,
              41.73209991348189
            ],
            [
              2.678750191396519,
              41.73215710177563
            ],
            [
              2.6787485730156577,
              41.73219231490588
            ],
            [
              2.6787436576442314,
              41.73226201590685
            ],
            [
              2.6787363688223853,
              41.73232540532026
            ],
            [
              2.678732726048739,
              41.73235664967748
            ],
            [
              2.678724183794242,
              41.73240589448086
            ],
            [
              2.6788191387359617,
              41.73246209384847
            ],
            [
              2.6789408457166375,
              41.73253088681641
            ],
            [
              2.6790416841298708,
              41.73258863273925
            ],
            [
              2.679584166001602,
              41.73260158297998
            ],
            [
              2.679681854423332,
              41.73261581539847
            ],
            [
              2.679799111541421,
              41.7326365882579
            ],
            [
              2.679849847835742,
              41.73268644866556
            ],
            [
              2.679895698548382,
              41.73270314851463
            ],
            [
              2.680421062806187,
              41.73272496411987
            ],
            [
              2.680973842167142,
              41.732722713586355
            ],
            [
              2.6811160390454223,
              41.73270914732498
            ],
            [
              2.681357589024097,
              41.732689369544396
            ],
            [
              2.6815754566829426,
              41.73266835561315
            ],
            [
              2.681686092456626,
              41.73264191023873
            ],
            [
              2.681735530960375,
              41.73261394421363
            ],
            [
              2.6818097998867465,
              41.73254920890115
            ],
            [
              2.681943139325046,
              41.73242978308358
            ],
            [
              2.682112219908716,
              41.73227983194163
            ],
            [
              2.6822556573987715,
              41.73216043278947
            ],
            [
              2.6823930951069785,
              41.732038405721624
            ],
            [
              2.6824664961738076,
              41.73197871153966
            ],
            [
              2.682531348709842,
              41.731921514772544
            ],
            [
              2.6826200915839187,
              41.73187204086947
            ],
            [
              2.682686525437276,
              41.73183529443862
            ],
            [
              2.6828041575668053,
              41.731779504241565
            ],
            [
              2.6829048039630714,
              41.73173006297512
            ],
            [
              2.6829883134626646,
              41.731693273417505
            ],
            [
              2.683085486876438,
              41.73164066903386
            ],
            [
              2.6831605214176903,
              41.731591156902525
            ],
            [
              2.6831990253633893,
              41.73156135867625
            ],
            [
              2.683234947237615,
              41.73151867410351
            ],
            [
              2.6832554358370637,
              41.73148432355781
            ],
            [
              2.683279103311441,
              41.73141503432128
            ],
            [
              2.683308656215461,
              41.73129784276175
            ],
            [
              2.683330768159536,
              41.731202248566746
            ],
            [
              2.6833670543324297,
              41.731085076443925
            ],
            [
              2.6834117646631976,
              41.73099089465801
            ],
            [
              2.683484636300072,
              41.73084265790341
            ],
            [
              2.6835243500141766,
              41.730762244032555
            ],
            [
              2.683621693121437,
              41.73072369069091
            ],
            [
              2.6837966513845433,
              41.730624192827094
            ],
            [
              2.6838737681370675,
              41.730566308468454
            ],
            [
              2.6839081675393794,
              41.7305396520838
            ],
            [
              2.684026060314748,
              41.730429728810684
            ],
            [
              2.684073810344803,
              41.73037770913122
            ],
            [
              2.6841389074860618,
              41.730269712200716
            ],
            [
              2.6841734963227184,
              41.730204325827074
            ],
            [
              2.684312471952394,
              41.729987366054324
            ],
            [
              2.6844649129558076,
              41.72974594292981
            ],
            [
              2.684555834470644,
              41.72959406302233
            ],
            [
              2.6846417767309347,
              41.72955079382912
            ],
            [
              2.684680491052941,
              41.72952676110221
            ],
            [
              2.684950848171669,
              41.72939131384375
            ],
            [
              2.6850445322733174,
              41.72933815778727
            ],
            [
              2.6851535438332017,
              41.72927351459129
            ],
            [
              2.6852182228522805,
              41.72925081381149
            ],
            [
              2.685414846256701,
              41.72916983641021
            ],
            [
              2.685624138263501,
              41.72908006729489
            ],
            [
              2.6857892348267876,
              41.72900413792854
            ],
            [
              2.686014945156535,
              41.72890036104776
            ],
            [
              2.6861358027245954,
              41.72884718827173
            ],
            [
              2.6862582922401805,
              41.72880428789363
            ],
            [
              2.686476106393592,
              41.72871706246915
            ],
            [
              2.686566290362252,
              41.728666417596386
            ],
            [
              2.6865935937163963,
              41.72863974104179
            ],
            [
              2.6866806848389535,
              41.72855720258231
            ],
            [
              2.686816280702615,
              41.72841498925568
            ],
            [
              2.687132083058631,
              41.72807979357872
            ],
            [
              2.6871902433150145,
              41.72801248798638
            ],
            [
              2.687300271812493,
              41.72783615770702
            ],
            [
              2.6873694615934194,
              41.72772555887714
            ],
            [
              2.6872298989062284,
              41.72742091989982
            ],
            [
              2.68717037980722,
              41.72744624792184
            ],
            [
              2.6870798197977543,
              41.7274757256166
            ],
            [
              2.686985064199887,
              41.727502579757676
            ],
            [
              2.686972907027885,
              41.72750533883622
            ],
            [
              2.6867799533119188,
              41.72755011956904
            ],
            [
              2.686576866513147,
              41.727601447508405
            ],
            [
              2.686373431827949,
              41.72765007291516
            ],
            [
              2.6862725336664814,
              41.72767898043019
            ],
            [
              2.6862037009885134,
              41.727690862872365
            ],
            [
              2.6861836201260623,
              41.72769116831732
            ],
            [
              2.6861584771535965,
              41.72769398191594
            ],
            [
              2.6861187226005443,
              41.72768504639332
            ],
            [
              2.686102408015353,
              41.72767734671066
            ],
            [
              2.6860827615208795,
              41.7276625214291
            ],
            [
              2.6860695235114527,
              41.727640057633415
            ],
            [
              2.685971429886779,
              41.727512519553244
            ],
            [
              2.6858738395166255,
              41.72738048012268
            ],
            [
              2.6858531738080287,
              41.72735277188903
            ],
            [
              2.685837967445387,
              41.72731481050481
            ],
            [
              2.6858337412791427,
              41.72724445364621
            ],
            [
              2.685842404766756,
              41.72716881694793
            ],
            [
              2.685861324420512,
              41.72701169509869
            ],
            [
              2.6858744518504114,
              41.7268339311907
            ],
            [
              2.685681727794647,
              41.72683160367513
            ],
            [
              2.685485883857874,
              41.726828006305745
            ],
            [
              2.6853705190008266,
              41.72666736443191
            ],
            [
              2.6853535576384013,
              41.72664444090208
            ],
            [
              2.685343885189314,
              41.72663081372276
            ],
            [
              2.6853245460169446,
              41.72660238845657
            ],
            [
              2.6852438963128296,
              41.72649804570378
            ],
            [
              2.6850111488125084,
              41.72617225316181
            ],
            [
              2.684981969114409,
              41.72613983774468
            ],
            [
              2.6848842982576704,
              41.72600050058641
            ],
            [
              2.6848412668635273,
              41.72594886296057
            ],
            [
              2.68466823279341,
              41.725755636679644
            ],
            [
              2.684554871923336,
              41.725677955600254
            ],
            [
              2.6841959868837235,
              41.72545494704737
            ],
            [
              2.684058954411109,
              41.72557121300464
            ],
            [
              2.6839087627880462,
              41.725698611382775
            ],
            [
              2.6839272314838425,
              41.72570820969229
            ],
            [
              2.68378263569837,
              41.72582220273966
            ],
            [
              2.6836514195455408,
              41.72595370617824
            ],
            [
              2.683523937979077,
              41.726083598474126
            ],
            [
              2.683399916077707,
              41.72621890440685
            ],
            [
              2.683414891944048,
              41.72622975416607
            ],
            [
              2.6832737598738405,
              41.72629881076236
            ],
            [
              2.6832479120747754,
              41.726323058638684
            ],
            [
              2.683183880905553,
              41.72638566238448
            ],
            [
              2.683154103130222,
              41.72640197317166
            ],
            [
              2.683093034979461,
              41.726424322477385
            ],
            [
              2.6830829328489405,
              41.7264248359425
            ],
            [
              2.6830395464378554,
              41.72642120351559
            ],
            [
              2.683005586811733,
              41.726407689286866
            ],
            [
              2.6829827071156394,
              41.72639042264139
            ],
            [
              2.682969829244574,
              41.7263685899739
            ],
            [
              2.682963679166696,
              41.72634758650426
            ],
            [
              2.68296352726305,
              41.72632957192035
            ],
            [
              2.682979979475227,
              41.72628467196881
            ],
            [
              2.6830074209838917,
              41.72622998460998
            ],
            [
              2.6830402532444824,
              41.72615459492256
            ],
            [
              2.6830496327891002,
              41.72612985131627
            ],
            [
              2.6830639946069277,
              41.726094132809756
            ],
            [
              2.6830641229765226,
              41.72606801262362
            ],
            [
              2.6830688969785506,
              41.72605073219157
            ],
            [
              2.683169782397244,
              41.72590158198641
            ],
            [
              2.6831886967393546,
              41.72582021010291
            ],
            [
              2.683184116524455,
              41.72572463232116
            ],
            [
              2.683145337896411,
              41.725590319856245
            ],
            [
              2.6831398910863333,
              41.72554878218167
            ],
            [
              2.683122659522437,
              41.72550766236399
            ],
            [
              2.6830936415820967,
              41.725467050464296
            ],
            [
              2.6830598624334447,
              41.725441377184325
            ],
            [
              2.6829401471631598,
              41.725385023772034
            ],
            [
              2.682815602856078,
              41.72533297940501
            ],
            [
              2.682726955549143,
              41.72526689379918
            ],
            [
              2.6827084320707852,
              41.725244054731355
            ],
            [
              2.6826819010890177,
              41.7252114658979
            ],
            [
              2.6826482747166613,
              41.72513012913735
            ],
            [
              2.6826176432409072,
              41.72507862579619
            ],
            [
              2.6828908319245537,
              41.724758061271764
            ],
            [
              2.68291946105831,
              41.72472727119129
            ],
            [
              2.682938275961812,
              41.72470377948699
            ],
            [
              2.6829872751262718,
              41.72472568209579
            ],
            [
              2.683021705113987,
              41.72474727968797
            ],
            [
              2.683091812606756,
              41.72477810705062
            ],
            [
              2.683126791759891,
              41.724794147853636
            ],
            [
              2.683152959183044,
              41.72480995628604
            ],
            [
              2.6832572516751276,
              41.72486751985686
            ],
            [
              2.683289715815091,
              41.72488427064163
            ],
            [
              2.6833007808961185,
              41.72488911362307
            ],
            [
              2.6833197100395774,
              41.72489522575716
            ],
            [
              2.683351679603142,
              41.72490888663204
            ],
            [
              2.6834181941073996,
              41.72492984113645
            ],
            [
              2.683495198037817,
              41.724953396917435
            ],
            [
              2.6835486131820665,
              41.72497000537558
            ],
            [
              2.6835828919576326,
              41.72497445739701
            ],
            [
              2.68361227210752,
              41.72497238019587
            ],
            [
              2.6836621322811185,
              41.72496664124341
            ],
            [
              2.6837019818203753,
              41.72496094677191
            ],
            [
              2.6837350240555815,
              41.724959386718155
            ],
            [
              2.6837677538394256,
              41.724957796071685
            ],
            [
              2.683800488378693,
              41.72495057600106
            ],
            [
              2.683849578753889,
              41.72493508558053
            ],
            [
              2.6839272403432717,
              41.72490372398384
            ],
            [
              2.6839741081203896,
              41.72487683883849
            ],
            [
              2.684076486052342,
              41.72481023823965
            ],
            [
              2.684147508082042,
              41.72476295623059
            ],
            [
              2.684225172616361,
              41.72471962582482
            ],
            [
              2.684273963946866,
              41.724698608553695
            ],
            [
              2.6843710468326902,
              41.72465672209383
            ],
            [
              2.6844442182450683,
              41.724625155060934
            ],
            [
              2.6845350192558532,
              41.72458516071335
            ],
            [
              2.6846000486044277,
              41.72454595843966
            ],
            [
              2.6847584811516336,
              41.72445798953813
            ],
            [
              2.6848229545340923,
              41.72442326483572
            ],
            [
              2.6849230597902563,
              41.7243802774243
            ],
            [
              2.685025142508176,
              41.72433880403237
            ],
            [
              2.6851445636118205,
              41.72428570937753
            ],
            [
              2.685292743117615,
              41.72422527602619
            ],
            [
              2.6854412022364684,
              41.72417154812321
            ],
            [
              2.6855523827061254,
              41.72413856672622
            ],
            [
              2.6856983415324955,
              41.72410143260864
            ],
            [
              2.6859882477121406,
              41.724024600307075
            ],
            [
              2.686148284085702,
              41.72398416065411
            ],
            [
              2.686288120802605,
              41.723949368020826
            ],
            [
              2.686444470741283,
              41.723887135152296
            ],
            [
              2.686536960567729,
              41.723859863631944
            ],
            [
              2.6866332148153114,
              41.72382390235759
            ],
            [
              2.6867199320700594,
              41.723765244164994
            ],
            [
              2.6868507925356386,
              41.72367036711753
            ],
            [
              2.6869147449256117,
              41.723622452539416
            ],
            [
              2.6869735900093032,
              41.723594091008906
            ],
            [
              2.6870641271031808,
              41.723578627438606
            ],
            [
              2.687113927885837,
              41.72356774557891
            ],
            [
              2.687171581451524,
              41.723545068677936
            ],
            [
              2.6872956278586257,
              41.723486071216556
            ],
            [
              2.6874405553352503,
              41.72342059757789
            ],
            [
              2.687565469789247,
              41.72336894476239
            ],
            [
              2.6876271519153594,
              41.72335221155353
            ],
            [
              2.6876773650933976,
              41.723343257186094
            ],
            [
              2.6877079609955485,
              41.72333920968867
            ],
            [
              2.6877497043051832,
              41.72333418908476
            ],
            [
              2.6877726783878426,
              41.72333199973767
            ],
            [
              2.6878086569447177,
              41.72332570155588
            ],
            [
              2.6878568336834743,
              41.723307998397416
            ],
            [
              2.687916004133915,
              41.723279336429336
            ],
            [
              2.6879798829559904,
              41.72324663312506
            ],
            [
              2.688146844109211,
              41.7231541323027
            ],
            [
              2.6883109231841873,
              41.723061082993354
            ],
            [
              2.6884402782047507,
              41.72298811518445
            ],
            [
              2.6884619783891557,
              41.722975834306595
            ],
            [
              2.6883710472735576,
              41.72293424521385
            ],
            [
              2.6883150244487406,
              41.722908514043354
            ],
            [
              2.6879543186607906,
              41.72271442403789
            ],
            [
              2.6877953112137942,
              41.72262887605669
            ],
            [
              2.6877851365812546,
              41.72261966118249
            ],
            [
              2.6876333246539086,
              41.72248828644344
            ],
            [
              2.6874726507918423,
              41.72234986187042
            ],
            [
              2.687397374457917,
              41.72230309046701
            ],
            [
              2.6872790753515745,
              41.72222783051072
            ],
            [
              2.6872694923681046,
              41.72222059876009
            ],
            [
              2.6871708136215564,
              41.72216556796588
            ],
            [
              2.6870870184365674,
              41.72211535047271
            ],
            [
              2.6869225462890287,
              41.72201681618709
            ],
            [
              2.6868981981727322,
              41.72200495056147
            ],
            [
              2.686887061540851,
              41.72199582305668
            ],
            [
              2.686710223182235,
              41.72189392214651
            ],
            [
              2.6866485540590763,
              41.72186763344019
            ],
            [
              2.686272426835031,
              41.72170745370496
            ],
            [
              2.68606104913042,
              41.72161284420472
            ],
            [
              2.685988333524269,
              41.72158400297885
            ],
            [
              2.6858184337854536,
              41.72151436503424
            ],
            [
              2.685747821390327,
              41.72152272868895
            ],
            [
              2.6857031959480815,
              41.72152729123136
            ],
            [
              2.6857876187893,
              41.721720003618245
            ],
            [
              2.685918523006489,
              41.721996517951006
            ],
            [
              2.6859283809502306,
              41.72202131439048
            ],
            [
              2.685983453691558,
              41.7221430606044
            ],
            [
              2.6859911765937063,
              41.722161906524676
            ],
            [
              2.6859984378985025,
              41.72217678806378
            ],
            [
              2.686002598816779,
              41.722186437018934
            ],
            [
              2.6857701592835,
              41.72231901829761
            ],
            [
              2.6856473559752323,
              41.72232985121669
            ],
            [
              2.685448462995898,
              41.722337955565955
            ],
            [
              2.685395170725458,
              41.722344564993364
            ],
            [
              2.6852805267291875,
              41.722358663310956
            ],
            [
              2.6850119951874207,
              41.72237243076784
            ],
            [
              2.6848168673716177,
              41.72237243706364
            ],
            [
              2.6846091449610765,
              41.7223667339957
            ],
            [
              2.6843446758673224,
              41.72236105573098
            ],
            [
              2.683958100808123,
              41.722370803503466
            ],
            [
              2.6838798078931525,
              41.72237608337497
            ],
            [
              2.6836967899176765,
              41.72238305654002
            ],
            [
              2.683455977624804,
              41.72238302483818
            ],
            [
              2.683203974975913,
              41.72236017474872
            ],
            [
              2.6828538304872342,
              41.72234524973958
            ],
            [
              2.6826433473198965,
              41.7223384546482
            ],
            [
              2.682360711817739,
              41.72231092449121
            ],
            [
              2.682128101810893,
              41.72230523911388
            ],
            [
              2.6819215536973915,
              41.7223052989729
            ],
            [
              2.681745892956199,
              41.7223075156384
            ],
            [
              2.6814802101536412,
              41.722279669981965
            ],
            [
              2.6813310022516026,
              41.72225691962671
            ],
            [
              2.6811756234086563,
              41.72224216826561
            ],
            [
              2.680892582640178,
              41.722199320421986
            ],
            [
              2.6807322460372807,
              41.72211727174089
            ],
            [
              2.6806967144891938,
              41.7221304134372
            ],
            [
              2.6806604593497982,
              41.72214400436681
            ],
            [
              2.680633357264473,
              41.722154377270805
            ],
            [
              2.680592764232109,
              41.7221699367818
            ],
            [
              2.6805725269283918,
              41.72217789683829
            ],
            [
              2.680552409843553,
              41.72218585722538
            ],
            [
              2.6805149452655006,
              41.722200885880945
            ],
            [
              2.679604502433138,
              41.722122966203955
            ],
            [
              2.6787696301300015,
              41.722079658569626
            ],
            [
              2.678765410190852,
              41.72210621768452
            ],
            [
              2.6787601234887597,
              41.72210557240949
            ],
            [
              2.6787317628118488,
              41.72210306120972
            ],
            [
              2.6787035196687823,
              41.72210109075691
            ],
            [
              2.678672028244637,
              41.72209956156858
            ],
            [
              2.6786306744418833,
              41.722098815428595
            ],
            [
              2.678617328712046,
              41.722098959147246
            ],
            [
              2.6785992924680566,
              41.7220994491284
            ],
            [
              2.678575961444652,
              41.72210091507651
            ],
            [
              2.678543004894477,
              41.722103885298985
            ],
            [
              2.6785152161641257,
              41.722107230253364
            ],
            [
              2.67849440354796,
              41.72210996422287
            ],
            [
              2.678463362032921,
              41.72211465202794
            ],
            [
              2.6784324375981985,
              41.72211996974773
            ],
            [
              2.678366613245786,
              41.722132215311255
            ],
            [
              2.67831739366813,
              41.72214171602416
            ],
            [
              2.67828056701261,
              41.72214926895259
            ],
            [
              2.6782532465638247,
              41.72215513713937
            ],
            [
              2.6782326649328234,
              41.722159763196736
            ],
            [
              2.678207748501814,
              41.72216572817501
            ],
            [
              2.6782020907933997,
              41.72216715346566
            ],
            [
              2.6781715148493035,
              41.72217490400495
            ],
            [
              2.6781429831479047,
              41.722182571091594
            ],
            [
              2.678118181529712,
              41.72218961722258
            ],
            [
              2.678080735722519,
              41.722200771187936
            ],
            [
              2.6780105386424706,
              41.72222192221548
            ],
            [
              2.677978391194616,
              41.72223137964665
            ],
            [
              2.6779458848645827,
              41.72224047577945
            ],
            [
              2.6779009806154286,
              41.72225250949173
            ],
            [
              2.6778672742690146,
              41.72226115278493
            ],
            [
              2.6778418750700057,
              41.72226747661388
            ],
            [
              2.677803717725011,
              41.72227664693457
            ],
            [
              2.677784339915692,
              41.72228118621591
            ],
            [
              2.677764960901422,
              41.7222857254906
            ],
            [
              2.677750758717535,
              41.72228883814535
            ],
            [
              2.677732587339369,
              41.722292299950546
            ],
            [
              2.6777076825089523,
              41.72229592391049
            ],
            [
              2.6776931259493213,
              41.72229777457183
            ],
            [
              2.6776711132479663,
              41.72230005467166
            ],
            [
              2.6776434482145017,
              41.72230267919491
            ],
            [
              2.6776281758578233,
              41.72230317677684
            ],
            [
              2.6776121883112114,
              41.722302681570575
            ],
            [
              2.67759596662002,
              41.722300924712826
            ],
            [
              2.677579511235459,
              41.72229781613385
            ],
            [
              2.677563543498241,
              41.7222933587583
            ],
            [
              2.677545663441035,
              41.72228664334168
            ],
            [
              2.67752791486971,
              41.722277676519184
            ],
            [
              2.6775197635059893,
              41.722272879887576
            ],
            [
              2.677497231203969,
              41.72225885566625
            ],
            [
              2.677480933441397,
              41.72224827163226
            ],
            [
              2.677469192032066,
              41.72224013229836
            ],
            [
              2.677457334906033,
              41.72223109192962
            ],
            [
              2.677452523697646,
              41.722231528779666
            ],
            [
              2.677445337740073,
              41.72222601428544
            ],
            [
              2.6774333650498097,
              41.72221580266833
            ],
            [
              2.677414456169953,
              41.72219845597905
            ],
            [
              2.6773865755664934,
              41.722172077010875
            ],
            [
              2.6773584536326984,
              41.722145878400724
            ],
            [
              2.6773400220836154,
              41.72212925360628
            ],
            [
              2.677312012003305,
              41.72210449553211
            ],
            [
              2.6772976460000906,
              41.72209229562053
            ],
            [
              2.6772831593280273,
              41.72208018543915
            ],
            [
              2.6772776502229667,
              41.72207593663589
            ],
            [
              2.677272497733333,
              41.72207249947188
            ],
            [
              2.677267822983867,
              41.722069694145546
            ],
            [
              2.6772593096429187,
              41.72206516669136
            ],
            [
              2.677252592445661,
              41.722062085415395
            ],
            [
              2.67724203395375,
              41.72205782242849
            ],
            [
              2.6772311125388697,
              41.72205400877568
            ],
            [
              2.6772215095277327,
              41.722051009463044
            ],
            [
              2.6772131060485633,
              41.72204855394438
            ],
            [
              2.6771980965852866,
              41.72204481887606
            ],
            [
              2.6771868072917813,
              41.72204244531977
            ],
            [
              2.677178157953734,
              41.722041070859206
            ],
            [
              2.6771653030505895,
              41.722039233327926
            ],
            [
              2.6771522063485715,
              41.72203766532852
            ],
            [
              2.6771335789135353,
              41.72203617185918
            ],
            [
              2.677119515915721,
              41.72203550184993
            ],
            [
              2.677108937597131,
              41.722035201914046
            ],
            [
              2.6770930667374677,
              41.72203542753055
            ],
            [
              2.6770852499528477,
              41.722035855919486
            ],
            [
              2.6770774327171853,
              41.7220363743775
            ],
            [
              2.677055299860538,
              41.722038654021866
            ],
            [
              2.6770388188620826,
              41.722040679333865
            ],
            [
              2.6770264263608397,
              41.72204253689364
            ],
            [
              2.6770080150179334,
              41.722045907839096
            ],
            [
              2.6769989887789785,
              41.72204777395683
            ],
            [
              2.676989841413799,
              41.72204981987518
            ],
            [
              2.676961070539904,
              41.72205721488279
            ],
            [
              2.6769395225488575,
              41.72206273870084
            ],
            [
              2.676907738854474,
              41.72207156635912
            ],
            [
              2.6768918454248043,
              41.72207629542861
            ],
            [
              2.676876191984303,
              41.722081116142284
            ],
            [
              2.67683513074429,
              41.72209397088236
            ],
            [
              2.67677383805878,
              41.72211352401908
            ],
            [
              2.6767433704577317,
              41.72212361632603
            ],
            [
              2.6767130212605417,
              41.72213407014223
            ],
            [
              2.6766350969810775,
              41.722161682793065
            ],
            [
              2.6765936650349484,
              41.72217651796287
            ],
            [
              2.6764878394732774,
              41.721965725327216
            ],
            [
              2.6763912993580816,
              41.72177342236766
            ],
            [
              2.6763216913227272,
              41.721652981684585
            ],
            [
              2.6762104848676658,
              41.72146090836492
            ],
            [
              2.6761128665035505,
              41.721292110621526
            ],
            [
              2.6760266191698006,
              41.721109473930845
            ],
            [
              2.675953665923457,
              41.72096119167241
            ],
            [
              2.6759309357587133,
              41.72091492210127
            ],
            [
              2.675941414486427,
              41.72091107770246
            ],
            [
              2.6759568304315766,
              41.72090562684965
            ],
            [
              2.675974533295739,
              41.72089964201787
            ],
            [
              2.675989103316227,
              41.720894819271734
            ],
            [
              2.6760009040155737,
              41.72089106956652
            ],
            [
              2.676015714772328,
              41.72088642763758
            ],
            [
              2.676029199020264,
              41.72088259260509
            ],
            [
              2.6760502680696607,
              41.72087661725169
            ],
            [
              2.676071816191242,
              41.720871003528465
            ],
            [
              2.6760875846427927,
              41.72086717402727
            ],
            [
              2.6761011854854666,
              41.72086405988218
            ],
            [
              2.676114184315579,
              41.720861124180516
            ],
            [
              2.676130671824412,
              41.7208577479553
            ],
            [
              2.6761449926342875,
              41.72085490604685
            ],
            [
              2.676158589853899,
              41.72085251245197
            ],
            [
              2.676174833750278,
              41.72084976603019
            ],
            [
              2.6761871062724185,
              41.72084781905348
            ],
            [
              2.6762008219017073,
              41.72084578607087
            ],
            [
              2.6762146572992904,
              41.72084384349498
            ],
            [
              2.676230776900806,
              41.720841907353226
            ],
            [
              2.6762432862501493,
              41.72084068070427
            ],
            [
              2.6762579609340986,
              41.720839190842284
            ],
            [
              2.676273235819739,
              41.72083788281109
            ],
            [
              2.6762915162371126,
              41.72083658324438
            ],
            [
              2.676308833075401,
              41.72083564124418
            ],
            [
              2.676325067017638,
              41.720834876332994
            ],
            [
              2.6763432235962195,
              41.72083429697648
            ],
            [
              2.6763562093032656,
              41.72083397326665
            ],
            [
              2.6763708781082163,
              41.72083365429543
            ],
            [
              2.676384824681514,
              41.72083351343023
            ],
            [
              2.6764002139147474,
              41.72083337572522
            ],
            [
              2.676417647655674,
              41.72083333474682
            ],
            [
              2.676440249257974,
              41.720833398387846
            ],
            [
              2.676464894622263,
              41.720833467778576
            ],
            [
              2.6764771571938017,
              41.72083350230273
            ],
            [
              2.6764956717241732,
              41.720833464355316
            ],
            [
              2.6765141862545527,
              41.720833426404916
            ],
            [
              2.6765372700973162,
              41.72083322117167
            ],
            [
              2.6765510969051807,
              41.72083298897755
            ],
            [
              2.6765697334632947,
              41.720832591078064
            ],
            [
              2.6765839218335192,
              41.72083218065653
            ],
            [
              2.6766025601976255,
              41.720831422473196
            ],
            [
              2.67660881305932,
              41.72083116985752
            ],
            [
              2.676621199012861,
              41.720830574217196
            ],
            [
              2.676635268515721,
              41.72082989324211
            ],
            [
              2.6766509017980376,
              41.72082903652374
            ],
            [
              2.6766694217452316,
              41.72082791771271
            ],
            [
              2.676682049494634,
              41.72082705253345
            ],
            [
              2.676690347471805,
              41.720826535454684
            ],
            [
              2.67670682366044,
              41.7208254099868
            ],
            [
              2.6767193311876065,
              41.720824544465195
            ],
            [
              2.676731718944586,
              41.72082358853442
            ],
            [
              2.676747353578361,
              41.72082246159402
            ],
            [
              2.676759861555818,
              41.72082150599837
            ],
            [
              2.676775375967348,
              41.720820378715985
            ],
            [
              2.6767895679444047,
              41.72081924771197
            ],
            [
              2.676803639248401,
              41.72081820643773
            ],
            [
              2.6768224005350874,
              41.72081690813901
            ],
            [
              2.6768424851574144,
              41.720815433416874
            ],
            [
              2.676861727332114,
              41.720814135563366
            ],
            [
              2.6768788046165013,
              41.72081301266179
            ],
            [
              2.676908871660973,
              41.72081075535866
            ],
            [
              2.676937737844272,
              41.720808224458914
            ],
            [
              2.676957826070191,
              41.72080602915951
            ],
            [
              2.6769806829918066,
              41.720803121072116
            ],
            [
              2.6770004150614053,
              41.720800024055066
            ],
            [
              2.6770144940298035,
              41.72079745067043
            ],
            [
              2.677028333903131,
              41.720794607300085
            ],
            [
              2.677041934685749,
              41.72079149304339
            ],
            [
              2.6770491574292303,
              41.72078962185325
            ],
            [
              2.6770591493187617,
              41.72078694780663
            ],
            [
              2.6770762464337468,
              41.72078186181161
            ],
            [
              2.6770931049073003,
              41.72077641485985
            ],
            [
              2.6771056295539255,
              41.720772126649905
            ],
            [
              2.677119479787935,
              41.72076721166682
            ],
            [
              2.6771359807465016,
              41.72076113320788
            ],
            [
              2.6771470618318056,
              41.72075702107934
            ],
            [
              2.6771848447151094,
              41.72074227813553
            ],
            [
              2.6772404896466107,
              41.72073751296526
            ],
            [
              2.6772744596407376,
              41.72073778581183
            ],
            [
              2.6773146078689596,
              41.72073854256472
            ],
            [
              2.6773496251454705,
              41.72073950827305
            ],
            [
              2.6773684970684593,
              41.72073867766375
            ],
            [
              2.6773986483575163,
              41.720735911568305
            ],
            [
              2.6774491447772024,
              41.72072668864545
            ],
            [
              2.6775316259422786,
              41.72070891045406
            ],
            [
              2.677620251777354,
              41.72070144905006
            ],
            [
              2.6776479234146926,
              41.72069904972698
            ],
            [
              2.6776600491469624,
              41.72070072032939
            ],
            [
              2.6776722736775316,
              41.720707400050806
            ],
            [
              2.677715241676816,
              41.72073378974599
            ],
            [
              2.677739638956905,
              41.72074717154823
            ],
            [
              2.6777588254781217,
              41.720756043294415
            ],
            [
              2.677780824926585,
              41.72076834291721
            ],
            [
              2.6778032347785174,
              41.72077935206967
            ],
            [
              2.6778467335367764,
              41.72079481490061
            ],
            [
              2.6778917562678046,
              41.72080531727848
            ],
            [
              2.6779189687602813,
              41.72080651493587
            ],
            [
              2.6779598707044676,
              41.720804890299696
            ],
            [
              2.677980724969313,
              41.72080384807439
            ],
            [
              2.6779964320752465,
              41.720801443961655
            ],
            [
              2.6780241640189297,
              41.72079467627807
            ],
            [
              2.678056138510186,
              41.720783354779606
            ],
            [
              2.678094990394233,
              41.720766120468
            ],
            [
              2.6781209532347994,
              41.720754413720954
            ],
            [
              2.67816686923116,
              41.72072757059166
            ],
            [
              2.678198696852357,
              41.7207119396498
            ],
            [
              2.678218932169528,
              41.7207038620108
            ],
            [
              2.6782538418364985,
              41.72069434469002
            ],
            [
              2.6782888935719202,
              41.7206912921454
            ],
            [
              2.6783184430614453,
              41.720690097662505
            ],
            [
              2.6783691365405295,
              41.72069002428963
            ],
            [
              2.6783892496021653,
              41.72069006436932
            ],
            [
              2.6784046608504313,
              41.72068839705342
            ],
            [
              2.678419262084145,
              41.720688842333594
            ],
            [
              2.678428802003985,
              41.720689998519404
            ],
            [
              2.6784483187852306,
              41.72069799198274
            ],
            [
              2.6784599227872574,
              41.72070375926719
            ],
            [
              2.678477968733288,
              41.72070679200787
            ],
            [
              2.6785163525373457,
              41.72071300620467
            ],
            [
              2.6785340528160253,
              41.72071375377129
            ],
            [
              2.678557121726159,
              41.720709780424386
            ],
            [
              2.6785704603034466,
              41.72070715433824
            ],
            [
              2.6786006680684737,
              41.720698590220955
            ],
            [
              2.678620483985491,
              41.720689983522625
            ],
            [
              2.6786343332722757,
              41.72067968211385
            ],
            [
              2.6786823036938565,
              41.720642926815614
            ],
            [
              2.67871686954705,
              41.72061504113278
            ],
            [
              2.6787458178787213,
              41.72059815720883
            ],
            [
              2.6787671063384213,
              41.72058643904892
            ],
            [
              2.6788346648200627,
              41.720571100559496
            ],
            [
              2.678856394388778,
              41.72057074786255
            ],
            [
              2.678883425984689,
              41.72057131789245
            ],
            [
              2.678914039269041,
              41.720571835774884
            ],
            [
              2.678924634195728,
              41.720571651009394
            ],
            [
              2.6789423766877016,
              41.72057212301407
            ],
            [
              2.678992166996845,
              41.72057571453036
            ],
            [
              2.6790239870530512,
              41.720575802513494
            ],
            [
              2.6790629336514997,
              41.72057376580303
            ],
            [
              2.679109950760543,
              41.720575600346066
            ],
            [
              2.6791314557465498,
              41.72057544242383
            ],
            [
              2.6791775333506993,
              41.72057449112474
            ],
            [
              2.6792671538803368,
              41.72057169870176
            ],
            [
              2.6793072475288158,
              41.720571810599054
            ],
            [
              2.679331064483022,
              41.72057187616243
            ],
            [
              2.6793630376692237,
              41.72057453420206
            ],
            [
              2.679398855853798,
              41.7205764103361
            ],
            [
              2.679431935332483,
              41.720575633436376
            ],
            [
              2.679460933232249,
              41.720574861354876
            ],
            [
              2.6794937185031924,
              41.72057667765892
            ],
            [
              2.6795394242680017,
              41.72057507036211
            ],
            [
              2.6796008779619234,
              41.72057395010493
            ],
            [
              2.679699796495471,
              41.72057163902734
            ],
            [
              2.679749804902198,
              41.72057005444803
            ],
            [
              2.6798336361299486,
              41.72056810112269
            ],
            [
              2.679941049939406,
              41.72055893118778
            ],
            [
              2.6799621390799424,
              41.720558989022784
            ],
            [
              2.6799918990367946,
              41.72055776046867
            ],
            [
              2.680044784559041,
              41.720552013489815
            ],
            [
              2.6801025262972322,
              41.72053405738269
            ],
            [
              2.6801300966122223,
              41.7205261169178
            ],
            [
              2.6801569402319827,
              41.720519256175294
            ],
            [
              2.6804335615288624,
              41.72044832752201
            ],
            [
              2.6806448238694163,
              41.72039334017671
            ],
            [
              2.6807122280632667,
              41.72037722374237
            ],
            [
              2.680819110882941,
              41.720351850455124
            ],
            [
              2.6808347903478125,
              41.720341625920355
            ],
            [
              2.680972506378762,
              41.72023166965952
            ],
            [
              2.6811152933068025,
              41.72011749487044
            ],
            [
              2.6811353078450937,
              41.72010557097641
            ],
            [
              2.681245728379936,
              41.71999671046251
            ],
            [
              2.6813684835946088,
              41.71987293226885
            ],
            [
              2.6808915191505673,
              41.71971182564392
            ],
            [
              2.680435023062849,
              41.71956923849892
            ],
            [
              2.680045800553301,
              41.71943710405208
            ],
            [
              2.6800074212150213,
              41.71937025462767
            ],
            [
              2.679969042551608,
              41.71932727398835
            ],
            [
              2.679911993287576,
              41.719291898261396
            ],
            [
              2.679852452551566,
              41.71927407849579
            ],
            [
              2.679688103559924,
              41.71922705473659
            ],
            [
              2.6792836568764664,
              41.71911126817621
            ],
            [
              2.6781350574624425,
              41.71877669212902
            ],
            [
              2.6775242449718,
              41.71860366835564
            ],
            [
              2.677217166393339,
              41.71851525816252
            ],
            [
              2.6770459752269886,
              41.71846695040884
            ],
            [
              2.676816606508069,
              41.71839642222522
            ],
            [
              2.6767078323135074,
              41.71851310850494
            ],
            [
              2.676685299930642,
              41.718509950274345
            ],
            [
              2.6766531653431738,
              41.71852292915206
            ],
            [
              2.6765767376676877,
              41.718620007802556
            ],
            [
              2.6764953312385384,
              41.71873727259349
            ],
            [
              2.676426704439071,
              41.718851778408265
            ],
            [
              2.6763495366348513,
              41.718999182851945
            ],
            [
              2.676103584446428,
              41.7195215542748
            ],
            [
              2.6759738632223278,
              41.719776842272076
            ],
            [
              2.6759094711840676,
              41.719887956817246
            ],
            [
              2.675840901515801,
              41.71998992364644
            ],
            [
              2.6757962009501584,
              41.72005279854547
            ],
            [
              2.6757026965644974,
              41.72017062217825
            ],
            [
              2.6756502598731204,
              41.72023054607997
            ],
            [
              2.6755413513289805,
              41.72034135460899
            ],
            [
              2.675397738370598,
              41.72046973691877
            ],
            [
              2.6752436479137325,
              41.720594444266354
            ],
            [
              2.6748089245873534,
              41.720919668760594
            ],
            [
              2.674655391833434,
              41.72104920648775
            ],
            [
              2.674612872832638,
              41.72109321453472
            ],
            [
              2.674470667359528,
              41.72127384617535
            ],
            [
              2.674393767374948,
              41.72139435753029
            ],
            [
              2.674320133148592,
              41.721530909804535
            ],
            [
              2.6742730827742305,
              41.72166434437133
            ],
            [
              2.674251560995124,
              41.72172417059756
            ],
            [
              2.674217718485347,
              41.72186303151808
            ],
            [
              2.674201484132472,
              41.72197235406349
            ],
            [
              2.6741999029030517,
              41.72209450551285
            ],
            [
              2.674205100864676,
              41.722161977935635
            ],
            [
              2.6742086389886217,
              41.72222412156191
            ],
            [
              2.674212744048821,
              41.72226494971979
            ],
            [
              2.6742248085200844,
              41.722365906540496
            ],
            [
              2.674253743039655,
              41.722517587757984
            ],
            [
              2.674295907160761,
              41.7227009816862
            ],
            [
              2.6743819201758563,
              41.72304640043652
            ],
            [
              2.6744202988367616,
              41.72327508471706
            ],
            [
              2.6744304538529065,
              41.72333736686622
            ],
            [
              2.6744341841340717,
              41.72343556998601
            ],
            [
              2.674433550258952,
              41.72356137916723
            ],
            [
              2.6744330795313207,
              41.723567459417964
            ],
            [
              2.674423596358837,
              41.723661927688696
            ],
            [
              2.6743978177214576,
              41.723821344914505
            ],
            [
              2.6743705590114426,
              41.72393788511078
            ],
            [
              2.6743017547699486,
              41.724134240027716
            ],
            [
              2.674205143665346,
              41.72434054365007
            ],
            [
              2.673977574004523,
              41.72476135591376
            ],
            [
              2.673849720484923,
              41.724990895313276
            ],
            [
              2.6736355905235323,
              41.72535681619866
            ],
            [
              2.673593132189016,
              41.72540167607503
            ],
            [
              2.673560077978979,
              41.72534494023777
            ],
            [
              2.673560019958088,
              41.72524666559088
            ],
            [
              2.6735923888877218,
              41.725192210643776
            ],
            [
              2.673592428563426,
              41.725192210756475
            ],
            [
              2.6737617776261264,
              41.72490820203636
            ],
            [
              2.6739282398713633,
              41.72460798291694
            ],
            [
              2.674057864388833,
              41.72436419742814
            ],
            [
              2.6741120830833722,
              41.72425142307819
            ],
            [
              2.6741790521793263,
              41.724108129218266
            ],
            [
              2.6742611980884137,
              41.723816171358585
            ],
            [
              2.674284215011379,
              41.72368635442771
            ],
            [
              2.6742918833269016,
              41.72361990296967
            ],
            [
              2.6742925213032787,
              41.72361260903845
            ],
            [
              2.6742933877634876,
              41.723583878890594
            ],
            [
              2.674294276199026,
              41.72357460411034
            ],
            [
              2.674300976180499,
              41.72341420689913
            ],
            [
              2.674281289845623,
              41.72324094483161
            ],
            [
              2.6741060746865397,
              41.72236757124685
            ],
            [
              2.6740840557749492,
              41.72220402925372
            ],
            [
              2.674078393475615,
              41.722158760683286
            ],
            [
              2.6740793621132797,
              41.721990388526876
            ],
            [
              2.6740966142055043,
              41.72185100232346
            ],
            [
              2.6741132853980787,
              41.72177469921521
            ],
            [
              2.6741458408126553,
              41.72166956442004
            ],
            [
              2.674186818989838,
              41.72156039309923
            ],
            [
              2.6742237664712083,
              41.721481578636606
            ],
            [
              2.674280314246558,
              41.721379620159375
            ],
            [
              2.674352311777167,
              41.72126337965992
            ],
            [
              2.6744291390849635,
              41.72115558343248
            ],
            [
              2.6745103114443323,
              41.72105889799487
            ],
            [
              2.6745637089335235,
              41.7210042798181
            ],
            [
              2.674724501211776,
              41.7208632237784
            ],
            [
              2.67513621303561,
              41.72055394645379
            ],
            [
              2.6751792516988395,
              41.72052167321452
            ],
            [
              2.6753154966604913,
              41.72041146828817
            ],
            [
              2.675458004069478,
              41.720281322071266
            ],
            [
              2.675560106249652,
              41.72017518439616
            ],
            [
              2.675694346863679,
              41.72001477953494
            ],
            [
              2.6757716543207954,
              41.719903515107745
            ],
            [
              2.6758276285072458,
              41.719813974999624
            ],
            [
              2.6759092555351582,
              41.71966863261876
            ],
            [
              2.676272891326247,
              41.71890586423836
            ],
            [
              2.676385903746938,
              41.71870765359969
            ],
            [
              2.6764470370994524,
              41.71861690093237
            ],
            [
              2.6765137170408577,
              41.71852905061843
            ],
            [
              2.6765113411178008,
              41.71850803488338
            ],
            [
              2.6765165392208177,
              41.71849224296674
            ],
            [
              2.676512947031071,
              41.71848458312975
            ],
            [
              2.6766328713740624,
              41.718298671962025
            ],
            [
              2.676601975370397,
              41.71828114908406
            ],
            [
              2.67656246206603,
              41.71827347191802
            ],
            [
              2.676498671361044,
              41.71826446540344
            ],
            [
              2.676403363618253,
              41.71825942419997
            ],
            [
              2.676321475394024,
              41.718263337740225
            ],
            [
              2.6762440143808486,
              41.71827140605792
            ],
            [
              2.6761500194695773,
              41.71829221870382
            ],
            [
              2.6761117291022614,
              41.71830436043678
            ],
            [
              2.675750957515388,
              41.71847132804083
            ],
            [
              2.675457488020787,
              41.718641996466424
            ],
            [
              2.6751713806554642,
              41.718830518991965
            ],
            [
              2.6740585988075205,
              41.719527856914276
            ],
            [
              2.673950264707525,
              41.7196024894927
            ],
            [
              2.673814847784703,
              41.719707398995816
            ],
            [
              2.6736055220980233,
              41.719878121317656
            ],
            [
              2.6734643619269143,
              41.719977159479534
            ],
            [
              2.673295337742387,
              41.72004720548802
            ],
            [
              2.6732405619978516,
              41.720062001517064
            ],
            [
              2.672414979036033,
              41.72023196205146
            ],
            [
              2.672210862013738,
              41.72029929435946
            ],
            [
              2.67203050830152,
              41.72039794873233
            ],
            [
              2.671882960519157,
              41.72052326831393
            ],
            [
              2.6718349488050532,
              41.72057897517462
            ],
            [
              2.671023971865525,
              41.72151484111002
            ],
            [
              2.670862257910763,
              41.721658852640594
            ],
            [
              2.6706667691114543,
              41.721777547300896
            ],
            [
              2.6706504985361033,
              41.7217854269071
            ],
            [
              2.6703657858439818,
              41.7219072888895
            ],
            [
              2.670333628234125,
              41.72191854647092
            ],
            [
              2.670359556942256,
              41.72194987544847
            ],
            [
              2.670559560741154,
              41.72217211253736
            ],
            [
              2.6707975496141168,
              41.72237229976081
            ],
            [
              2.6710692144184276,
              41.72254673344641
            ],
            [
              2.671142112753818,
              41.722586032848156
            ],
            [
              2.671497677085246,
              41.722788086232285
            ],
            [
              2.6715859906735266,
              41.72284571290326
            ],
            [
              2.6716793312290132,
              41.722908038454484
            ],
            [
              2.671970251359448,
              41.72312692904548
            ],
            [
              2.6721793025329386,
              41.72332135720708
            ],
            [
              2.672825661088962,
              41.72398368619419
            ],
            [
              2.6728488654454114,
              41.724007350821324
            ],
            [
              2.673049764907284,
              41.72419815133179
            ],
            [
              2.6731069551787328,
              41.72425325725315
            ],
            [
              2.6732027772088496,
              41.72434855454276
            ],
            [
              2.6732829046394935,
              41.72445668635937
            ],
            [
              2.673247232521587,
              41.72452098648466
            ],
            [
              2.673236311592302,
              41.72454077101578
            ],
            [
              2.6728548899251496,
              41.725215940315806
            ],
            [
              2.673331565108817,
              41.72536699140454
            ],
            [
              2.673601643409569,
              41.725573659872545
            ],
            [
              2.673764113515099,
              41.725661669185
            ],
            [
              2.673442889842392,
              41.72596366765453
            ],
            [
              2.6733196572151,
              41.72605771250321
            ],
            [
              2.6732942930318084,
              41.72610420700583
            ],
            [
              2.673271114420298,
              41.72614647438834
            ],
            [
              2.673197367393728,
              41.726274076067426
            ],
            [
              2.673175302982477,
              41.726310221782605
            ],
            [
              2.673121954932525,
              41.72637438150223
            ],
            [
              2.673088217164567,
              41.72643634431642
            ],
            [
              2.6730476684306694,
              41.726513419637485
            ],
            [
              2.67302389195922,
              41.72657892353487
            ],
            [
              2.672835204603862,
              41.72651560892219
            ],
            [
              2.672856327819566,
              41.72647567671951
            ],
            [
              2.6729238250791214,
              41.72634778816392
            ],
            [
              2.6730256025219146,
              41.72616946648479
            ],
            [
              2.6730302105808668,
              41.72616173350648
            ],
            [
              2.6730424594166773,
              41.726140962000095
            ],
            [
              2.673054108002313,
              41.726120008642866
            ],
            [
              2.6730696423344336,
              41.72609149949025
            ],
            [
              2.673077654749401,
              41.7260763003176
            ],
            [
              2.673081905009408,
              41.72606775568178
            ],
            [
              2.6730854286923966,
              41.72606046997019
            ],
            [
              2.673087983221367,
              41.726054622634415
            ],
            [
              2.67309114621005,
              41.726047335896475
            ],
            [
              2.673092852272576,
              41.72604283720908
            ],
            [
              2.6730949245066413,
              41.726037258713546
            ],
            [
              2.67309638873704,
              41.72603302955056
            ],
            [
              2.6730987119334646,
              41.726025380140044
            ],
            [
              2.673100304612491,
              41.726019530067674
            ],
            [
              2.6731014113453653,
              41.72601466939189
            ],
            [
              2.673102272594044,
              41.726010798796736
            ],
            [
              2.6731032590957247,
              41.72600593777888
            ],
            [
              2.673104002852682,
              41.72600152642453
            ],
            [
              2.6731046240958327,
              41.72599756507578
            ],
            [
              2.6731052499045287,
              41.725992703031814
            ],
            [
              2.6731056329686123,
              41.725988290651394
            ],
            [
              2.673106016032633,
              41.72598387827095
            ],
            [
              2.6731061476774705,
              41.725981626874955
            ],
            [
              2.6731061558955482,
              41.72598000562357
            ],
            [
              2.673106293019103,
              41.72597667339335
            ],
            [
              2.673106309911806,
              41.72597334082108
            ],
            [
              2.673106329087306,
              41.72596955790119
            ],
            [
              2.673106223922946,
              41.72596658526498
            ],
            [
              2.6731061205848463,
              41.72596325235065
            ],
            [
              2.673105891537214,
              41.72596099992859
            ],
            [
              2.6731055532162458,
              41.72595658549596
            ],
            [
              2.6731053241686724,
              41.72595433307387
            ],
            [
              2.673104864414684,
              41.72594991829582
            ],
            [
              2.6731042856322866,
              41.72594550317915
            ],
            [
              2.6731038197757364,
              41.725942529516814
            ],
            [
              2.6731034695843627,
              41.72594045689174
            ],
            [
              2.6731026485143596,
              41.72593640136905
            ],
            [
              2.6731022946705494,
              41.72593504930016
            ],
            [
              2.6731017008217957,
              41.72593360647766
            ],
            [
              2.6731002744891352,
              41.725930359870496
            ],
            [
              2.673076188325337,
              41.72589075025744
            ],
            [
              2.673057905818442,
              41.725868450749275
            ],
            [
              2.6730354042936755,
              41.72584830093329
            ],
            [
              2.673004490465239,
              41.72582713639583
            ],
            [
              2.672980746017193,
              41.72581499933529
            ],
            [
              2.6729591497360428,
              41.72580602176306
            ],
            [
              2.6728712926840665,
              41.72577586817309
            ],
            [
              2.672835165915911,
              41.725763425619405
            ],
            [
              2.672799037954898,
              41.72575098395166
            ],
            [
              2.672593562903064,
              41.72567960392821
            ],
            [
              2.6725287320335327,
              41.7257793978069
            ],
            [
              2.672396347398049,
              41.725994650909335
            ],
            [
              2.6721857289666047,
              41.726344427533284
            ],
            [
              2.6725584142550165,
              41.72647050659745
            ],
            [
              2.6727086868839924,
              41.72652191388244
            ],
            [
              2.6728129896826824,
              41.7265574285986
            ],
            [
              2.673007918695138,
              41.72662283353818
            ],
            [
              2.6729687727299853,
              41.72673170781569
            ],
            [
              2.672938085020956,
              41.726856008259844
            ],
            [
              2.672933786017535,
              41.72689145509854
            ],
            [
              2.672938738801509,
              41.726891152146095
            ],
            [
              2.6730844897885,
              41.72688320832157
            ],
            [
              2.6736049134660655,
              41.726854840957536
            ],
            [
              2.673638322625518,
              41.72695302295601
            ],
            [
              2.6737177625250412,
              41.727150053253496
            ],
            [
              2.673772759840703,
              41.72728870857018
            ],
            [
              2.67379091417339,
              41.727331482489774
            ],
            [
              2.6738090936869665,
              41.72735311956338
            ],
            [
              2.673915419860254,
              41.727479648354155
            ],
            [
              2.673923457328125,
              41.72748921236149
            ],
            [
              2.6739274013564045,
              41.72749390723462
            ],
            [
              2.673988955811435,
              41.72757739647187
            ],
            [
              2.6740407289766788,
              41.727647619324166
            ],
            [
              2.6740531481745062,
              41.727664497790734
            ],
            [
              2.6740585292345904,
              41.727669867762835
            ],
            [
              2.674147512092781,
              41.727758620085204
            ],
            [
              2.6741936031045075,
              41.72780459230632
            ],
            [
              2.6742126892483977,
              41.72782746225207
            ],
            [
              2.6742296110300234,
              41.72784773922551
            ],
            [
              2.674231727594168,
              41.727850276215186
            ],
            [
              2.6742348364011366,
              41.72785370681789
            ],
            [
              2.6742631710393643,
              41.72788540288998
            ],
            [
              2.6742826579485524,
              41.727907255259225
            ],
            [
              2.674293111355817,
              41.72792795073143
            ],
            [
              2.674312897850982,
              41.72796714707515
            ],
            [
              2.6743367916664607,
              41.72801062441107
            ],
            [
              2.674345199396079,
              41.72801260817917
            ],
            [
              2.674458368268371,
              41.72803928355543
            ],
            [
              2.6746584489917145,
              41.72808644833299
            ],
            [
              2.6747568129549726,
              41.7281096353893
            ],
            [
              2.674906713159203,
              41.72814014411389
            ],
            [
              2.674966169503451,
              41.728152201650545
            ],
            [
              2.6750460473583315,
              41.72816845566071
            ],
            [
              2.675141182032266,
              41.72818782326144
            ],
            [
              2.675185142390455,
              41.72819677086601
            ],
            [
              2.675203872832483,
              41.728200596874714
            ],
            [
              2.6752541513472137,
              41.72821414060917
            ],
            [
              2.675266624467536,
              41.72821800837048
            ],
            [
              2.6752930149271017,
              41.728226187515524
            ],
            [
              2.675300102643024,
              41.72822838455427
            ],
            [
              2.6753259276791646,
              41.72823638825741
            ]
          ],
          [
            [
              2.67924578093149,
              41.72378792085063
            ],
            [
              2.6791958323847864,
              41.72367762565625
            ],
            [
              2.679143265468496,
              41.7235620080456
            ],
            [
              2.6791115276849204,
              41.72351319108603
            ],
            [
              2.679055687264292,
              41.723427287676785
            ],
            [
              2.6790564153443728,
              41.723425938647296
            ],
            [
              2.679059084522823,
              41.723421082275344
            ],
            [
              2.679062479091486,
              41.7234154172915
            ],
            [
              2.679066113215402,
              41.72340993311828
            ],
            [
              2.6790726480037317,
              41.72340139463653
            ],
            [
              2.679082559428823,
              41.72339079395448
            ],
            [
              2.67909137416901,
              41.7233828923349
            ],
            [
              2.679091494843247,
              41.72338280260103
            ],
            [
              2.679101391025433,
              41.723375264284215
            ],
            [
              2.6791015125959294,
              41.72337499441112
            ],
            [
              2.6791116465390425,
              41.72336799718254
            ],
            [
              2.679111887887387,
              41.72336781771477
            ],
            [
              2.679123103418921,
              41.72336091267562
            ],
            [
              2.679123343870973,
              41.72336091334705
            ],
            [
              2.6791316627685626,
              41.72335625289097
            ],
            [
              2.6791319036687047,
              41.72335616349277
            ],
            [
              2.679138653801647,
              41.72335266957703
            ],
            [
              2.6791410645952487,
              41.72335141531633
            ],
            [
              2.6791501030540514,
              41.72334711715154
            ],
            [
              2.6791503439541264,
              41.723347027753285
            ],
            [
              2.679158536797119,
              41.72334353786457
            ],
            [
              2.6791634763684744,
              41.72334148002606
            ],
            [
              2.679178653518387,
              41.72333575786423
            ],
            [
              2.679181785218452,
              41.723334595686204
            ],
            [
              2.6791879274962,
              41.72333245113352
            ],
            [
              2.67919792148486,
              41.72332941662473
            ],
            [
              2.67920105184025,
              41.72332852465505
            ],
            [
              2.679214654846631,
              41.723325049865636
            ],
            [
              2.679215979124208,
              41.72332469327895
            ],
            [
              2.6792162200241147,
              41.72332460388058
            ],
            [
              2.679217904979576,
              41.723324248300706
            ],
            [
              2.6792217562422262,
              41.72332344841375
            ],
            [
              2.679227413582045,
              41.72332211314307
            ],
            [
              2.6792310234966203,
              41.72332149272382
            ],
            [
              2.679232467999984,
              41.72332113647255
            ],
            [
              2.6792447422464343,
              41.72331891896259
            ],
            [
              2.6792451029243085,
              41.72331891996935
            ],
            [
              2.6792594219069183,
              41.723316528023524
            ],
            [
              2.6792596623588274,
              41.72331652869467
            ],
            [
              2.679281197589031,
              41.72331361556176
            ],
            [
              2.679322219267624,
              41.7233087761474
            ],
            [
              2.679330399109589,
              41.72330789826528
            ],
            [
              2.679348323969009,
              41.72330569651244
            ],
            [
              2.679350248479516,
              41.72330552174085
            ],
            [
              2.679363000936049,
              41.723303845977846
            ],
            [
              2.6793656476975807,
              41.723303493079506
            ],
            [
              2.6793793637517664,
              41.72330145971987
            ],
            [
              2.6793826120904747,
              41.72330101842876
            ],
            [
              2.6793880267344714,
              41.72330013282735
            ],
            [
              2.679391275520794,
              41.72329960146637
            ],
            [
              2.679394404081155,
              41.723299069769865
            ],
            [
              2.6794064369706816,
              41.72329703171096
            ],
            [
              2.679415342642608,
              41.72329525513911
            ],
            [
              2.679425330799392,
              41.72329339061482
            ],
            [
              2.6794365234485937,
              41.72329107999612
            ],
            [
              2.6794379675024778,
              41.7232908138119
            ],
            [
              2.6794385686320004,
              41.72329081548881
            ],
            [
              2.6794409762837983,
              41.723290191709104
            ],
            [
              2.6794498824014936,
              41.723288325064956
            ],
            [
              2.679462760449694,
              41.72328556879078
            ],
            [
              2.6794758798438196,
              41.723282633046615
            ],
            [
              2.6794862313557704,
              41.723280230006026
            ],
            [
              2.6795069348249423,
              41.72327533385242
            ],
            [
              2.679509221802058,
              41.72327479980559
            ],
            [
              2.6795097036007034,
              41.7232746210076
            ],
            [
              2.679540638795852,
              41.723267231399305
            ],
            [
              2.6795716942142933,
              41.72325984121723
            ],
            [
              2.6795793976181574,
              41.72325806128017
            ],
            [
              2.679590711824003,
              41.723255480772764
            ],
            [
              2.679591072948989,
              41.72325539170881
            ],
            [
              2.6796104512335974,
              41.72325103226673
            ],
            [
              2.6796240510699616,
              41.72324818791602
            ],
            [
              2.6796335587531743,
              41.723246232863886
            ],
            [
              2.6796337996522097,
              41.72324614346462
            ],
            [
              2.67965040692152,
              41.723242947211716
            ],
            [
              2.6796668926213223,
              41.72324002083013
            ],
            [
              2.679667253746116,
              41.723239931765946
            ],
            [
              2.679674714009316,
              41.7232386915699
            ],
            [
              2.6796865055326182,
              41.72323683295057
            ],
            [
              2.6796963712058233,
              41.723235419316325
            ],
            [
              2.679703950799161,
              41.723234359592766
            ],
            [
              2.6797082816118434,
              41.72323383123874
            ],
            [
              2.6797141767017223,
              41.723233037031925
            ],
            [
              2.6797200704541098,
              41.72323251213299
            ],
            [
              2.6797293327606173,
              41.72323154716858
            ],
            [
              2.6797320992957556,
              41.723231284666475
            ],
            [
              2.6797371514627844,
              41.72323075832183
            ],
            [
              2.679744247468263,
              41.72323023767305
            ],
            [
              2.6797511030220322,
              41.72322971635371
            ],
            [
              2.679754951589166,
              41.72322945686657
            ],
            [
              2.679765053686406,
              41.72322885452313
            ],
            [
              2.679765414363795,
              41.72322885552826
            ],
            [
              2.6797709460919155,
              41.723228600731154
            ],
            [
              2.6797780407553002,
              41.72322835028913
            ],
            [
              2.6797842933908873,
              41.723228187571166
            ],
            [
              2.6797951146065615,
              41.72322803758334
            ],
            [
              2.6798022079282955,
              41.72322805734871
            ],
            [
              2.6798112248627266,
              41.72322808247355
            ],
            [
              2.679824447911381,
              41.72322847960053
            ],
            [
              2.679831179214437,
              41.723228768568056
            ],
            [
              2.6798393527799798,
              41.72322915162437
            ],
            [
              2.6798447611523257,
              41.72322952697611
            ],
            [
              2.6798508904324128,
              41.723229994406914
            ],
            [
              2.6798558179017102,
              41.723230368418335
            ],
            [
              2.679861346052981,
              41.72323083417386
            ],
            [
              2.679875886226052,
              41.72323231491407
            ],
            [
              2.679883096197708,
              41.72323305556637
            ],
            [
              2.6798904255012483,
              41.72323397669237
            ],
            [
              2.6798969136713997,
              41.723234805403955
            ],
            [
              2.6799017191274404,
              41.723235539357006
            ],
            [
              2.679907606168849,
              41.7232363663935
            ],
            [
              2.679913973219627,
              41.72323737490851
            ],
            [
              2.679921180957313,
              41.72323856590652
            ],
            [
              2.67993211256666,
              41.723240397772436
            ],
            [
              2.6799441244211537,
              41.723242592929466
            ],
            [
              2.679957216521105,
              41.72324515137733
            ],
            [
              2.6799680256721117,
              41.72324743325309
            ],
            [
              2.6799764325418094,
              41.723249258083314
            ],
            [
              2.6799978102572637,
              41.72325409137285
            ],
            [
              2.6800373163013846,
              41.723263929034154
            ],
            [
              2.680071776002643,
              41.723273121235664
            ],
            [
              2.6800923060354074,
              41.7232789429271
            ],
            [
              2.680128203098514,
              41.723289220864324
            ],
            [
              2.6801426984127548,
              41.72329344770669
            ],
            [
              2.680193295712739,
              41.72330590932642
            ],
            [
              2.6802574230361533,
              41.72331675667204
            ],
            [
              2.6803066899439085,
              41.72332232862211
            ],
            [
              2.6803438824760124,
              41.72332570166034
            ],
            [
              2.680403746552305,
              41.72332757591428
            ],
            [
              2.6804552311210124,
              41.72332986367961
            ],
            [
              2.6805236727098722,
              41.723338682768336
            ],
            [
              2.680573217366426,
              41.72334231615054
            ],
            [
              2.6806545002215563,
              41.72334123693985
            ],
            [
              2.680703259722705,
              41.723337843456974
            ],
            [
              2.6807627696878127,
              41.7233289215463
            ],
            [
              2.680817824780523,
              41.72332397196622
            ],
            [
              2.680856833463537,
              41.72332696347895
            ],
            [
              2.6809051230720407,
              41.72334734010913
            ],
            [
              2.680992781836118,
              41.72338777851667
            ],
            [
              2.681006557867503,
              41.72340010782999
            ],
            [
              2.681008482563107,
              41.72341010473426
            ],
            [
              2.681006601840698,
              41.72344469483305
            ],
            [
              2.681005301321232,
              41.72347063433475
            ],
            [
              2.6810208752353315,
              41.723544373549515
            ],
            [
              2.6810541839813116,
              41.723564396885756
            ],
            [
              2.681073999348126,
              41.72357716628603
            ],
            [
              2.681142609769303,
              41.723523696967234
            ],
            [
              2.6812354222043444,
              41.723451446515526
            ],
            [
              2.6816267387679082,
              41.72370058471541
            ],
            [
              2.6813367061444136,
              41.72375796837209
            ],
            [
              2.6813340705005606,
              41.72375606957505
            ],
            [
              2.6811619796494797,
              41.72378927962087
            ],
            [
              2.6806720406635076,
              41.723887991512164
            ],
            [
              2.6802271542890557,
              41.724066088144944
            ],
            [
              2.6802033184553085,
              41.724072236702284
            ],
            [
              2.6800345462610697,
              41.72407746567452
            ],
            [
              2.6797570244649207,
              41.724161627614066
            ],
            [
              2.6795397173281463,
              41.72422721577795
            ],
            [
              2.679497703466898,
              41.72423925726903
            ],
            [
              2.6794650754227187,
              41.72424897497726
            ],
            [
              2.6793927125536845,
              41.72407637749052
            ],
            [
              2.67924578093149,
              41.72378792085063
            ]
          ],
          [
            [
              2.674274157880902,
              41.72567003081575
            ],
            [
              2.673915714163697,
              41.72539722549748
            ],
            [
              2.6739971833711387,
              41.725249454966395
            ],
            [
              2.674012460692491,
              41.725222430220434
            ],
            [
              2.6745280592583973,
              41.72537767147314
            ],
            [
              2.6745472827636774,
              41.725341756133275
            ],
            [
              2.6745937533758113,
              41.725256694241644
            ],
            [
              2.6746042625324136,
              41.725237443438495
            ],
            [
              2.674605010896982,
              41.72523614763693
            ],
            [
              2.6746149744043675,
              41.72521804729358
            ],
            [
              2.6746353509166583,
              41.72518163801177
            ],
            [
              2.6746533192207997,
              41.725149510180216
            ],
            [
              2.6746557351466462,
              41.725145124265744
            ],
            [
              2.6746693112368707,
              41.725121130902956
            ],
            [
              2.674684473315309,
              41.725094247151766
            ],
            [
              2.674704301842323,
              41.72505943776497
            ],
            [
              2.6747830687771517,
              41.72489896263129
            ],
            [
              2.674786587656522,
              41.72489186329889
            ],
            [
              2.6748115916712285,
              41.72484090262518
            ],
            [
              2.674826482344358,
              41.72481273907986
            ],
            [
              2.6748441713022495,
              41.724780414972074
            ],
            [
              2.6748572581373002,
              41.72475732991651
            ],
            [
              2.6748612692850005,
              41.72475012298879
            ],
            [
              2.674891831599488,
              41.72469626603283
            ],
            [
              2.6749182912922698,
              41.72464938966158
            ],
            [
              2.674951931617658,
              41.72458809433882
            ],
            [
              2.6749854716555648,
              41.72452426052546
            ],
            [
              2.675015629687242,
              41.72446374255252
            ],
            [
              2.6750385095428855,
              41.724415277986104
            ],
            [
              2.675059453448188,
              41.72436852739281
            ],
            [
              2.6750748034624725,
              41.72433267125995
            ],
            [
              2.6750893045786275,
              41.72429754319915
            ],
            [
              2.675103324332622,
              41.72426250024331
            ],
            [
              2.6751183267632617,
              41.724223316804725
            ],
            [
              2.675138937036807,
              41.72416759059254
            ],
            [
              2.675145406249969,
              41.724149752335016
            ],
            [
              2.675153467768709,
              41.72412704574535
            ],
            [
              2.6751633640399817,
              41.724098120445746
            ],
            [
              2.6751725363710857,
              41.72407018027527
            ],
            [
              2.675183672907538,
              41.72403466619384
            ],
            [
              2.6751926232926517,
              41.7240040016515
            ],
            [
              2.675199131467707,
              41.72398009182432
            ],
            [
              2.6752073175956808,
              41.72394791283071
            ],
            [
              2.6763482436574235,
              41.72379424020395
            ],
            [
              2.676356067430511,
              41.72379318138913
            ],
            [
              2.6774626930021594,
              41.72364406224555
            ],
            [
              2.6774908457699933,
              41.7237027017321
            ],
            [
              2.677545736989683,
              41.72371429027042
            ],
            [
              2.677593983781054,
              41.72372408034047
            ],
            [
              2.677640826464249,
              41.72373287927475
            ],
            [
              2.677667107529366,
              41.72373738178112
            ],
            [
              2.677689157534385,
              41.72374096720199
            ],
            [
              2.677715528653681,
              41.72374501329063
            ],
            [
              2.6777419259060404,
              41.72374888290762
            ],
            [
              2.677775203879301,
              41.72375322486935
            ],
            [
              2.6778284389249105,
              41.723759422391126
            ],
            [
              2.6778654715972894,
              41.723763051584434
            ],
            [
              2.6778992518378866,
              41.72376576913922
            ],
            [
              2.677929706604744,
              41.723767755896084
            ],
            [
              2.6779704346095183,
              41.72376931837857
            ],
            [
              2.6780061261779324,
              41.723769690408794
            ],
            [
              2.678036533503041,
              41.7237691397083
            ],
            [
              2.678060672518977,
              41.72376802650991
            ],
            [
              2.678083929241102,
              41.723766394728756
            ],
            [
              2.6780844907001486,
              41.72376639630161
            ],
            [
              2.6781144411027573,
              41.72376368800414
            ],
            [
              2.6781148847395464,
              41.72376368924683
            ],
            [
              2.6781534995619096,
              41.72375938303283
            ],
            [
              2.678153907130636,
              41.723759384174365
            ],
            [
              2.67818870461806,
              41.723755093377434
            ],
            [
              2.6782233535949582,
              41.723750686863426
            ],
            [
              2.6782662715722996,
              41.72374537756252
            ],
            [
              2.6782665661278084,
              41.72374537838722
            ],
            [
              2.6783014280969732,
              41.72374165518312
            ],
            [
              2.6783474524549016,
              41.72373785422798
            ],
            [
              2.678381122673858,
              41.723800005490645
            ],
            [
              2.67849841180526,
              41.72401702887326
            ],
            [
              2.6785507477574395,
              41.724129859330866
            ],
            [
              2.6786387536507403,
              41.724377544522916
            ],
            [
              2.6786717087538374,
              41.724489477653826
            ],
            [
              2.678454938756919,
              41.72455829790562
            ],
            [
              2.6782457384935476,
              41.7246265336668
            ],
            [
              2.6780292039067404,
              41.72469762716043
            ],
            [
              2.677811764780987,
              41.72476918787848
            ],
            [
              2.6777807355741237,
              41.7247805308651
            ],
            [
              2.6776245880749445,
              41.7248326321362
            ],
            [
              2.677471561128807,
              41.724892261967646
            ],
            [
              2.6772857402466337,
              41.724999853195534
            ],
            [
              2.677041092241881,
              41.72522506713715
            ],
            [
              2.6770171254269015,
              41.725244019133605
            ],
            [
              2.67692542541408,
              41.72528283318281
            ],
            [
              2.6754268829992305,
              41.72564574256153
            ],
            [
              2.675389698670796,
              41.72565461848876
            ],
            [
              2.6752429816419676,
              41.72567092468658
            ],
            [
              2.6749660744116195,
              41.72570163863914
            ],
            [
              2.67475353038809,
              41.72570167675214
            ],
            [
              2.6744003626864825,
              41.72576106278366
            ],
            [
              2.674343733171955,
              41.72572299960726
            ],
            [
              2.674274157880902,
              41.72567003081575
            ]
          ]
        ]
      }
    }
  ]
}
