{"type":"FeatureCollection","name":"ICGC Àrees de poblament - Barcelona","features":[{"type":"Feature","id":"080193_080193 AP01 BAR 3","properties":{"area_id":"080193_080193 AP01 BAR 3","nom":"Barcelona","codi_icgc":"080193 AP01 BAR 3","categoria":"Àrees de poblament","codi_municipi":"080193","municipi":"Barcelona","codi_comarca":"13","comarca":"Barcelonès","provincia":"Barcelona","font":"ICGC Àrees de poblament v3r1 202602"},"geometry":{"type":"MultiPolygon","coordinates":[[[[2.20777,41.425013],[2.208569,41.42522],[2.20857,41.42522],[2.20857,41.42522],[2.209281,41.424893],[2.209715,41.424703],[2.209852,41.424643],[2.209954,41.424598],[2.209953,41.424592],[2.20993,41.424346],[2.209942,41.424326],[2.209942,41.424326],[2.209942,41.424326],[2.210358,41.423649],[2.211152,41.422356],[2.211415,41.42226],[2.211418,41.422252],[2.211422,41.42225],[2.211558,41.421805],[2.211726,41.421529],[2.211732,41.421519],[2.21176,41.42147],[2.211885,41.421249],[2.211891,41.421239],[2.2119,41.421221],[2.211905,41.421211],[2.211914,41.421194],[2.211919,41.421186],[2.21192,41.421184],[2.211927,41.421175],[2.211934,41.421165],[2.211946,41.421152],[2.211967,41.421134],[2.212018,41.421101],[2.212073,41.421071],[2.212135,41.421046],[2.212241,41.421007],[2.212358,41.420966],[2.212508,41.420907],[2.212658,41.420854],[2.212768,41.420808],[2.212829,41.420777],[2.21288,41.420744],[2.212954,41.420692],[2.213037,41.420635],[2.213094,41.420601],[2.213178,41.420559],[2.213284,41.420502],[2.213481,41.420416],[2.213716,41.420312],[2.213866,41.420223],[2.214029,41.420122],[2.214153,41.42005],[2.214242,41.419986],[2.214278,41.419961],[2.214394,41.419893],[2.214567,41.419763],[2.214833,41.419561],[2.215059,41.419387],[2.215165,41.419319],[2.215436,41.419119],[2.215639,41.418962],[2.215784,41.418853],[2.215876,41.418781],[2.21604,41.418635],[2.216163,41.418528],[2.216263,41.41845],[2.21641,41.418366],[2.216496,41.41831],[2.216577,41.418249],[2.216669,41.418172],[2.21673,41.418117],[2.216785,41.418059],[2.216793,41.41805],[2.216931,41.417884],[2.216938,41.417874],[2.217127,41.417642],[2.217134,41.417633],[2.217533,41.417136],[2.21754,41.417127],[2.217767,41.416858],[2.217775,41.416849],[2.217926,41.416695],[2.217934,41.416686],[2.218058,41.416544],[2.218066,41.416536],[2.218088,41.416511],[2.218134,41.416487],[2.218145,41.41648],[2.218218,41.416435],[2.218235,41.416424],[2.218387,41.416352],[2.218482,41.416277],[2.218583,41.416202],[2.218643,41.416148],[2.218585,41.416105],[2.218476,41.416033],[2.218559,41.415971],[2.219247,41.415457],[2.219514,41.415253],[2.219756,41.414927],[2.219913,41.414706],[2.219993,41.41462],[2.220025,41.414576],[2.220166,41.414392],[2.220214,41.414306],[2.220307,41.41417],[2.22048,41.413968],[2.220739,41.413761],[2.221034,41.413595],[2.221094,41.413559],[2.221114,41.413518],[2.221119,41.413476],[2.221097,41.413438],[2.220495,41.412772],[2.220513,41.412759],[2.220848,41.412592],[2.221386,41.412318],[2.22161,41.412231],[2.222133,41.412157],[2.222783,41.41212],[2.223378,41.411981],[2.224323,41.411708],[2.224784,41.411544],[2.225522,41.41124],[2.226121,41.411079],[2.226247,41.411109],[2.226643,41.411335],[2.226917,41.411261],[2.226981,41.411185],[2.226904,41.410708],[2.226855,41.410541],[2.226719,41.410273],[2.226816,41.410126],[2.226406,41.409474],[2.226225,41.409263],[2.22609,41.40889],[2.226009,41.408804],[2.225809,41.408574],[2.225574,41.408053],[2.225355,41.407851],[2.225169,41.407578],[2.224873,41.407635],[2.224607,41.407386],[2.224141,41.407712],[2.223814,41.40796],[2.223724,41.407889],[2.22313,41.408302],[2.223059,41.408257],[2.222668,41.408535],[2.222621,41.408501],[2.222222,41.408806],[2.222036,41.408493],[2.221831,41.408227],[2.221643,41.408011],[2.221465,41.407859],[2.220183,41.406865],[2.219614,41.4064],[2.219379,41.406208],[2.216521,41.404133],[2.215644,41.403424],[2.214091,41.402222],[2.213618,41.401796],[2.214366,41.401259],[2.214246,41.40099],[2.214004,41.400549],[2.213873,41.400388],[2.213845,41.400328],[2.213718,41.400209],[2.21362,41.400142],[2.213459,41.400066],[2.213222,41.399943],[2.212923,41.399784],[2.212697,41.399632],[2.212386,41.399401],[2.212096,41.399111],[2.211435,41.398227],[2.211277,41.397997],[2.210987,41.397622],[2.211016,41.397606],[2.21104,41.397594],[2.211003,41.397556],[2.210819,41.397466],[2.210647,41.397351],[2.210393,41.39704],[2.210386,41.396867],[2.210326,41.396804],[2.210061,41.396449],[2.210042,41.396423],[2.209579,41.396066],[2.209133,41.396414],[2.207667,41.395323],[2.206675,41.394593],[2.20642,41.394365],[2.206166,41.394119],[2.205952,41.393864],[2.205757,41.393583],[2.205614,41.393368],[2.2053,41.392804],[2.205059,41.392471],[2.204848,41.392235],[2.204652,41.392066],[2.204789,41.391958],[2.204964,41.391824],[2.204902,41.391781],[2.204718,41.391652],[2.204587,41.391759],[2.204449,41.391662],[2.20426,41.391542],[2.204127,41.391661],[2.203955,41.391551],[2.203647,41.39139],[2.203296,41.391226],[2.202962,41.391094],[2.202579,41.390987],[2.20233,41.390909],[2.202045,41.390806],[2.201748,41.390664],[2.201437,41.390494],[2.201183,41.390307],[2.200985,41.390148],[2.200676,41.389806],[2.200744,41.389769],[2.200934,41.389694],[2.200875,41.389647],[2.200501,41.389347],[2.200492,41.38934],[2.200414,41.389389],[2.200215,41.389245],[2.200155,41.389197],[2.200148,41.389163],[2.200189,41.389121],[2.200185,41.389115],[2.199928,41.388927],[2.198379,41.387761],[2.198116,41.387567],[2.19774,41.387288],[2.197555,41.387143],[2.197676,41.387051],[2.197742,41.387003],[2.197832,41.386929],[2.197812,41.386908],[2.197884,41.38685],[2.198303,41.386542],[2.198354,41.386501],[2.199253,41.385804],[2.199143,41.385715],[2.199202,41.38567],[2.199262,41.38562],[2.199631,41.385343],[2.199797,41.385237],[2.199864,41.385193],[2.19993,41.385155],[2.199937,41.38515],[2.199876,41.385099],[2.199764,41.385014],[2.199748,41.385003],[2.199262,41.385303],[2.19908,41.385145],[2.198825,41.385263],[2.198361,41.385471],[2.198058,41.385602],[2.197971,41.385632],[2.197821,41.385515],[2.19772,41.385461],[2.19766,41.38544],[2.197592,41.385426],[2.197516,41.385429],[2.197433,41.385447],[2.19738,41.385472],[2.197089,41.385256],[2.197099,41.385241],[2.196871,41.385077],[2.196856,41.385081],[2.196657,41.384927],[2.196161,41.384557],[2.196069,41.384625],[2.195685,41.38433],[2.195398,41.383836],[2.19532,41.383702],[2.194896,41.382944],[2.194151,41.381783],[2.192892,41.379741],[2.192694,41.37932],[2.191961,41.378221],[2.191877,41.378095],[2.191372,41.377338],[2.191352,41.377343],[2.191032,41.376798],[2.190861,41.376463],[2.19081,41.376465],[2.190578,41.375909],[2.190716,41.375875],[2.190696,41.375826],[2.190587,41.37573],[2.190461,41.37567],[2.1904,41.375526],[2.190359,41.375542],[2.190321,41.375502],[2.189961,41.374533],[2.189939,41.374437],[2.189768,41.374407],[2.189718,41.37433],[2.189434,41.373648],[2.189138,41.371952],[2.188832,41.369982],[2.189205,41.369441],[2.19088,41.369274],[2.191106,41.369222],[2.191094,41.369168],[2.191101,41.368978],[2.190736,41.36843],[2.190737,41.368377],[2.190726,41.368311],[2.190687,41.368251],[2.190628,41.368218],[2.190577,41.368209],[2.189813,41.366992],[2.189657,41.366739],[2.187979,41.36735],[2.187894,41.367273],[2.187842,41.367183],[2.18753,41.366739],[2.186533,41.36512],[2.186351,41.364818],[2.186025,41.364941],[2.186158,41.365161],[2.185545,41.365426],[2.186527,41.366607],[2.186821,41.366478],[2.186991,41.366807],[2.187146,41.367591],[2.186918,41.367612],[2.186938,41.367773],[2.187025,41.368343],[2.187099,41.368749],[2.187262,41.369688],[2.187324,41.370057],[2.186183,41.370182],[2.185622,41.370238],[2.185604,41.370167],[2.185372,41.368997],[2.184747,41.369052],[2.184993,41.370348],[2.185199,41.370329],[2.185264,41.370562],[2.185282,41.370621],[2.187092,41.370455],[2.187174,41.370485],[2.187237,41.370887],[2.187442,41.372196],[2.187574,41.373014],[2.187737,41.373887],[2.187988,41.374365],[2.188007,41.374447],[2.186678,41.374842],[2.185875,41.374542],[2.185864,41.374482],[2.185815,41.374113],[2.185555,41.372672],[2.184977,41.372728],[2.185282,41.374704],[2.185338,41.374976],[2.185991,41.375231],[2.186936,41.375574],[2.186958,41.375706],[2.187101,41.37625],[2.187363,41.377491],[2.187385,41.377641],[2.186807,41.379106],[2.186572,41.379689],[2.186095,41.379588],[2.185943,41.380053],[2.186058,41.380182],[2.18601,41.380193],[2.18548,41.38045],[2.184668,41.380837],[2.184327,41.380799],[2.183481,41.380554],[2.183519,41.38045],[2.18395,41.379346],[2.18471,41.377387],[2.184922,41.376816],[2.184889,41.376757],[2.184347,41.376055],[2.183726,41.375246],[2.183015,41.374402],[2.181849,41.37492],[2.181646,41.375029],[2.181557,41.375307],[2.181543,41.37535],[2.181547,41.375425],[2.181637,41.375538],[2.181659,41.375565],[2.181702,41.375618],[2.181767,41.375699],[2.18178,41.375716],[2.181785,41.375722],[2.181802,41.375744],[2.182104,41.37612],[2.182258,41.376315],[2.182297,41.376361],[2.182404,41.37649],[2.182407,41.376494],[2.182408,41.376495],[2.182472,41.376559],[2.182799,41.376984],[2.182788,41.376989],[2.182797,41.377],[2.182936,41.377176],[2.18309,41.37737],[2.183095,41.377377],[2.183105,41.377372],[2.183249,41.377543],[2.183257,41.377549],[2.183257,41.377549],[2.183301,41.377618],[2.183348,41.377681],[2.182605,41.379582],[2.182313,41.379704],[2.182269,41.379635],[2.181702,41.378921],[2.180724,41.377714],[2.180176,41.377019],[2.179353,41.376033],[2.178363,41.374787],[2.17769,41.373896],[2.178721,41.37341],[2.17877,41.373469],[2.179677,41.373071],[2.179757,41.372985],[2.179708,41.372953],[2.179696,41.372928],[2.180515,41.372554],[2.181261,41.372243],[2.182764,41.371549],[2.181946,41.370525],[2.180896,41.371012],[2.180927,41.371054],[2.179798,41.371546],[2.179551,41.371681],[2.177467,41.37262],[2.176386,41.373035],[2.176287,41.372916],[2.176217,41.372844],[2.17614,41.372744],[2.175188,41.371548],[2.175161,41.371544],[2.175195,41.371529],[2.175023,41.371324],[2.174764,41.371044],[2.174705,41.371005],[2.1746,41.370907],[2.174293,41.370604],[2.174173,41.370475],[2.174077,41.37035],[2.173975,41.37019],[2.1739,41.370039],[2.173819,41.369854],[2.173736,41.369703],[2.173635,41.369521],[2.173563,41.369244],[2.173548,41.369184],[2.173545,41.369171],[2.173538,41.369124],[2.173505,41.368931],[2.173469,41.36887],[2.17309,41.368341],[2.172305,41.367341],[2.172222,41.367227],[2.172211,41.367234],[2.172179,41.367195],[2.172158,41.367169],[2.172115,41.367116],[2.172096,41.36709],[2.172055,41.367034],[2.171894,41.366792],[2.171679,41.366483],[2.171619,41.366399],[2.17147,41.366191],[2.171071,41.365663],[2.170704,41.365186],[2.170447,41.364844],[2.170352,41.364717],[2.170247,41.36465],[2.170146,41.364635],[2.17007,41.364653],[2.170008,41.364702],[2.169979,41.36479],[2.169982,41.364888],[2.170032,41.365043],[2.170373,41.366107],[2.170379,41.366128],[2.170385,41.366146],[2.170404,41.366146],[2.170433,41.366234],[2.170492,41.366411],[2.170701,41.367046],[2.170717,41.367099],[2.170792,41.36744],[2.170889,41.36789],[2.170908,41.367974],[2.171,41.368265],[2.171017,41.368319],[2.171066,41.368485],[2.171195,41.368916],[2.171173,41.369115],[2.171148,41.369302],[2.170787,41.369319],[2.170797,41.369135],[2.17082,41.369071],[2.170827,41.369024],[2.170789,41.369015],[2.170673,41.368999],[2.170596,41.368977],[2.170594,41.368941],[2.170108,41.368965],[2.169973,41.368985],[2.16987,41.368999],[2.169582,41.368893],[2.169157,41.368729],[2.169067,41.368681],[2.169023,41.368635],[2.168946,41.368294],[2.168782,41.367783],[2.169085,41.367739],[2.169165,41.367645],[2.169349,41.367627],[2.169533,41.367585],[2.16968,41.367484],[2.169703,41.367439],[2.169668,41.367376],[2.169574,41.367149],[2.169475,41.366907],[2.169448,41.366842],[2.169502,41.366771],[2.169502,41.366705],[2.169468,41.366625],[2.169381,41.3666],[2.169282,41.366614],[2.169286,41.366656],[2.168985,41.366684],[2.168787,41.366667],[2.1685,41.366555],[2.168113,41.366286],[2.167853,41.366507],[2.167795,41.366438],[2.167681,41.366098],[2.167642,41.365951],[2.167521,41.365532],[2.167442,41.365247],[2.167374,41.365015],[2.167277,41.364832],[2.167222,41.364556],[2.167209,41.364363],[2.167213,41.364291],[2.167546,41.364279],[2.167552,41.364194],[2.167584,41.36407],[2.167688,41.363967],[2.167816,41.363861],[2.167846,41.363724],[2.167847,41.363596],[2.167868,41.363517],[2.167866,41.363464],[2.167823,41.363402],[2.167812,41.363378],[2.167791,41.363343],[2.167767,41.36331],[2.167729,41.363265],[2.167694,41.363223],[2.167692,41.36322],[2.167666,41.363157],[2.167534,41.3631],[2.167018,41.362898],[2.16665,41.362763],[2.166265,41.362614],[2.165892,41.36247],[2.165653,41.362367],[2.165392,41.362228],[2.165199,41.362086],[2.16487,41.361847],[2.164742,41.361753],[2.164662,41.361729],[2.164625,41.361718],[2.164553,41.361696],[2.164424,41.361657],[2.164292,41.361599],[2.164072,41.361491],[2.163349,41.361001],[2.162475,41.360351],[2.162405,41.360277],[2.162171,41.360147],[2.162078,41.360074],[2.16198,41.360024],[2.161581,41.359807],[2.161405,41.359697],[2.161083,41.359478],[2.16097,41.359315],[2.160833,41.359244],[2.160788,41.359178],[2.160187,41.358831],[2.159962,41.358761],[2.159872,41.358719],[2.159825,41.358698],[2.159757,41.358694],[2.159706,41.358664],[2.159632,41.358571],[2.159517,41.358377],[2.159357,41.358267],[2.159161,41.358119],[2.158995,41.35803],[2.158799,41.357918],[2.158736,41.357908],[2.158673,41.357925],[2.158624,41.35797],[2.158573,41.35804],[2.158545,41.358004],[2.158508,41.357963],[2.15845,41.357952],[2.15845,41.357895],[2.158446,41.35781],[2.158506,41.357702],[2.158573,41.35763],[2.158541,41.35757],[2.158401,41.357437],[2.158305,41.357372],[2.158152,41.357307],[2.158188,41.357274],[2.158506,41.356964],[2.158836,41.356628],[2.159276,41.356185],[2.159846,41.355632],[2.159791,41.35559],[2.159798,41.355581],[2.159856,41.355542],[2.159604,41.355368],[2.159369,41.3552],[2.159047,41.35494],[2.158868,41.35481],[2.158633,41.354672],[2.158444,41.354561],[2.158212,41.354433],[2.158183,41.354471],[2.157925,41.354336],[2.157529,41.354164],[2.157621,41.353999],[2.157755,41.353767],[2.157667,41.353712],[2.157363,41.353514],[2.157078,41.353302],[2.156934,41.353192],[2.156645,41.353028],[2.15645,41.352955],[2.156274,41.352891],[2.156113,41.352871],[2.155865,41.352977],[2.155619,41.35313],[2.155351,41.353056],[2.155213,41.352981],[2.155178,41.352998],[2.154871,41.352776],[2.154577,41.35255],[2.154273,41.352407],[2.153882,41.352273],[2.153756,41.352248],[2.153403,41.352201],[2.15309,41.352198],[2.152906,41.352214],[2.152727,41.352249],[2.152469,41.352401],[2.152239,41.352549],[2.151184,41.353024],[2.151362,41.353244],[2.150859,41.353619],[2.150672,41.353768],[2.150443,41.353852],[2.150052,41.353967],[2.149468,41.354133],[2.148977,41.354365],[2.148576,41.354569],[2.148523,41.354565],[2.147368,41.3551],[2.14722,41.355192],[2.147029,41.355266],[2.146635,41.355412],[2.146488,41.355422],[2.146223,41.35537],[2.146015,41.355258],[2.145714,41.355105],[2.145337,41.354924],[2.145172,41.354851],[2.144869,41.354781],[2.144741,41.354748],[2.14406,41.354557],[2.143815,41.354487],[2.14365,41.354403],[2.143436,41.354452],[2.142904,41.355202],[2.142645,41.355542],[2.142514,41.355734],[2.141978,41.356474],[2.141628,41.356357],[2.141359,41.35624],[2.141171,41.356139],[2.140718,41.355964],[2.139255,41.355367],[2.138721,41.355152],[2.138382,41.355006],[2.138051,41.354879],[2.137121,41.354503],[2.136197,41.354133],[2.134481,41.353424],[2.134409,41.353394],[2.133723,41.353147],[2.133598,41.35332],[2.133587,41.353343],[2.133534,41.353497],[2.133532,41.353502],[2.133511,41.353548],[2.133505,41.353563],[2.133451,41.353681],[2.133377,41.353839],[2.133204,41.354078],[2.133064,41.354233],[2.132953,41.354365],[2.132836,41.354504],[2.13244,41.355028],[2.132373,41.355117],[2.132077,41.355583],[2.132062,41.355607],[2.132054,41.35562],[2.132077,41.355629],[2.132128,41.355648],[2.13233,41.355705],[2.132521,41.355777],[2.132711,41.355874],[2.132778,41.35595],[2.132788,41.355978],[2.13297,41.356497],[2.13298,41.356524],[2.133103,41.356876],[2.133119,41.356969],[2.133179,41.357329],[2.133194,41.357417],[2.133213,41.358023],[2.133214,41.35825],[2.133215,41.358269],[2.133215,41.358367],[2.133219,41.358764],[2.133245,41.35929],[2.133299,41.359754],[2.133313,41.359873],[2.133316,41.359899],[2.133669,41.360234],[2.134386,41.360745],[2.134669,41.360938],[2.134819,41.361058],[2.134956,41.361245],[2.135136,41.361442],[2.135607,41.362227],[2.135249,41.362473],[2.134645,41.362954],[2.134117,41.363368],[2.134072,41.363407],[2.133981,41.363497],[2.133531,41.363942],[2.133028,41.36444],[2.132877,41.365218],[2.13283,41.365459],[2.132796,41.365521],[2.132798,41.365569],[2.132744,41.365793],[2.132673,41.366006],[2.132431,41.366371],[2.13229,41.366579],[2.132161,41.366762],[2.132103,41.366944],[2.132028,41.367222],[2.131867,41.367727],[2.131789,41.367953],[2.131712,41.368092],[2.131546,41.368386],[2.131199,41.36887],[2.130751,41.369534],[2.129964,41.370198],[2.129593,41.370505],[2.129365,41.370751],[2.129094,41.370917],[2.12905,41.370893],[2.128913,41.370964],[2.128932,41.370995],[2.128658,41.371107],[2.128478,41.371163],[2.128071,41.371317],[2.127842,41.371451],[2.127584,41.371585],[2.127341,41.371733],[2.126901,41.372015],[2.126681,41.372159],[2.126307,41.372416],[2.12612,41.372547],[2.125388,41.373051],[2.125373,41.373039],[2.125279,41.373103],[2.124938,41.373297],[2.124462,41.373531],[2.124405,41.373571],[2.124344,41.373622],[2.124308,41.373658],[2.124116,41.373977],[2.123983,41.374189],[2.12388,41.374358],[2.123879,41.374379],[2.123799,41.374467],[2.123626,41.374632],[2.12345,41.374795],[2.123284,41.374894],[2.12307,41.375009],[2.122848,41.375117],[2.12251,41.375258],[2.122305,41.375339],[2.121967,41.37558],[2.121943,41.375597],[2.121864,41.375829],[2.121838,41.375917],[2.121841,41.376254],[2.121841,41.376519],[2.12186,41.376777],[2.121857,41.377167],[2.121858,41.377306],[2.121851,41.37746],[2.121813,41.377616],[2.121745,41.377766],[2.121646,41.378012],[2.121566,41.37812],[2.121497,41.37815],[2.121043,41.377831],[2.120913,41.377742],[2.12077,41.377651],[2.120484,41.377483],[2.120426,41.377448],[2.120187,41.377315],[2.120098,41.377217],[2.119797,41.377037],[2.119547,41.376922],[2.118972,41.376586],[2.118684,41.376408],[2.117959,41.375978],[2.117761,41.375876],[2.117471,41.375879],[2.116778,41.375891],[2.115355,41.375927],[2.11426,41.375942],[2.113456,41.37597],[2.112779,41.376003],[2.112273,41.375984],[2.110794,41.376021],[2.110323,41.37605],[2.11032,41.376051],[2.110847,41.376848],[2.110956,41.376995],[2.110904,41.37703],[2.110813,41.37714],[2.110873,41.377265],[2.110919,41.37734],[2.110808,41.377351],[2.110235,41.377365],[2.109574,41.377377],[2.108854,41.377393],[2.108764,41.377394],[2.108656,41.37751],[2.108415,41.377753],[2.108182,41.378007],[2.108062,41.378158],[2.107972,41.378363],[2.107893,41.37857],[2.107854,41.378797],[2.107835,41.379092],[2.107846,41.379416],[2.107831,41.379731],[2.107785,41.380311],[2.107784,41.380385],[2.107769,41.380417],[2.107738,41.380444],[2.107657,41.380492],[2.107563,41.380523],[2.107484,41.380546],[2.10651,41.380295],[2.105908,41.380141],[2.105403,41.380006],[2.10491,41.37988],[2.10452,41.379782],[2.104319,41.379768],[2.104183,41.379869],[2.103987,41.380004],[2.103775,41.380129],[2.103768,41.380133],[2.103613,41.380195],[2.103415,41.380245],[2.102831,41.380578],[2.102664,41.380654],[2.10249,41.380782],[2.102485,41.38088],[2.102477,41.38109],[2.10247,41.38128],[2.102478,41.38155],[2.102546,41.381629],[2.102551,41.381632],[2.102737,41.381747],[2.102954,41.38182],[2.103427,41.381936],[2.104004,41.382079],[2.104575,41.382219],[2.104878,41.382298],[2.106431,41.382692],[2.106812,41.382786],[2.107059,41.382852],[2.107108,41.382871],[2.1069,41.383332],[2.106309,41.38322],[2.105823,41.383116],[2.104967,41.383024],[2.104651,41.382983],[2.103883,41.382851],[2.103463,41.38275],[2.10312,41.382659],[2.102621,41.382555],[2.102505,41.382469],[2.102483,41.382476],[2.102872,41.382932],[2.103554,41.383792],[2.103601,41.383847],[2.103785,41.384094],[2.103867,41.384194],[2.104209,41.384754],[2.104297,41.384905],[2.104332,41.385023],[2.104209,41.38508],[2.104165,41.385089],[2.104101,41.385084],[2.104051,41.385052],[2.103973,41.38498],[2.103692,41.384713],[2.10332,41.384353],[2.102983,41.384029],[2.102752,41.3838],[2.102585,41.383672],[2.102378,41.383587],[2.10222,41.383554],[2.102106,41.383542],[2.101942,41.383545],[2.101705,41.383559],[2.10159,41.383559],[2.101481,41.383543],[2.101447,41.383538],[2.101364,41.383516],[2.101379,41.383671],[2.101696,41.385367],[2.101768,41.385747],[2.10189,41.385831],[2.102197,41.386041],[2.102354,41.385926],[2.102421,41.38584],[2.102476,41.385757],[2.10248,41.385705],[2.102478,41.38566],[2.102439,41.385602],[2.102432,41.385583],[2.102422,41.385565],[2.102377,41.385497],[2.102372,41.385489],[2.102529,41.385391],[2.102705,41.385535],[2.102784,41.385689],[2.102889,41.385876],[2.102933,41.385962],[2.102995,41.386096],[2.103027,41.386164],[2.103537,41.386025],[2.103744,41.385954],[2.103756,41.385985],[2.103914,41.386012],[2.10427,41.386124],[2.104349,41.385958],[2.104376,41.386002],[2.104396,41.386028],[2.10441,41.386048],[2.104582,41.386267],[2.104682,41.386347],[2.10481,41.386427],[2.104858,41.386465],[2.104933,41.386509],[2.104792,41.386591],[2.104823,41.386632],[2.104697,41.38674],[2.104653,41.386789],[2.10464,41.386823],[2.104667,41.386877],[2.104349,41.387044],[2.104503,41.387249],[2.10448,41.387346],[2.104462,41.387464],[2.10437,41.387508],[2.104349,41.387565],[2.104256,41.387549],[2.104207,41.387553],[2.10427,41.387606],[2.103869,41.387635],[2.103875,41.38776],[2.103342,41.387795],[2.103356,41.387827],[2.103185,41.387877],[2.103133,41.387798],[2.103112,41.387757],[2.10308,41.387742],[2.103033,41.387745],[2.103007,41.387747],[2.102767,41.38778],[2.102425,41.387783],[2.102427,41.387876],[2.102463,41.388057],[2.102469,41.388137],[2.102437,41.388201],[2.102407,41.388251],[2.102404,41.388287],[2.102444,41.388318],[2.10255,41.388374],[2.102665,41.388436],[2.102869,41.388642],[2.102924,41.388732],[2.102943,41.388771],[2.102949,41.388792],[2.102984,41.388849],[2.102988,41.38891],[2.102974,41.388972],[2.102981,41.389004],[2.103012,41.389032],[2.103052,41.38908],[2.103085,41.38923],[2.103126,41.389358],[2.10313,41.389519],[2.103128,41.389624],[2.103112,41.389725],[2.103062,41.38982],[2.102965,41.389901],[2.102907,41.389931],[2.102795,41.389957],[2.10264,41.389966],[2.102571,41.389994],[2.102532,41.39003],[2.10252,41.390088],[2.102549,41.39013],[2.102667,41.390224],[2.102785,41.390332],[2.102889,41.390476],[2.102969,41.390604],[2.102969,41.39062],[2.102962,41.390678],[2.10296,41.390704],[2.102964,41.390731],[2.10297,41.390821],[2.103015,41.390873],[2.103171,41.390955],[2.103291,41.391026],[2.103354,41.391082],[2.10344,41.391241],[2.103665,41.391639],[2.10369,41.39169],[2.10369,41.39172],[2.103648,41.391775],[2.103591,41.391893],[2.103577,41.391978],[2.103606,41.392091],[2.103517,41.392124],[2.103438,41.392171],[2.102808,41.392332],[2.102721,41.392503],[2.10275,41.392546],[2.102789,41.392605],[2.10277,41.392688],[2.102697,41.392636],[2.102637,41.392588],[2.102541,41.392561],[2.102407,41.392558],[2.102272,41.392589],[2.10216,41.392642],[2.102078,41.392717],[2.102052,41.392812],[2.102005,41.392923],[2.101931,41.393149],[2.101891,41.393257],[2.101033,41.393262],[2.101076,41.394099],[2.101032,41.394199],[2.101007,41.394317],[2.100825,41.394318],[2.100904,41.394422],[2.101159,41.394975],[2.101177,41.395058],[2.101805,41.394909],[2.101887,41.394883],[2.101922,41.394875],[2.101955,41.395174],[2.101919,41.395632],[2.101927,41.395673],[2.101959,41.395741],[2.102804,41.395273],[2.102839,41.395243],[2.102955,41.395827],[2.102979,41.395905],[2.103018,41.396032],[2.103031,41.396078],[2.103092,41.396249],[2.103116,41.396316],[2.102847,41.396475],[2.102832,41.396519],[2.102934,41.396672],[2.103102,41.39692],[2.103134,41.396967],[2.10316,41.397027],[2.103466,41.396869],[2.103579,41.396972],[2.103636,41.396952],[2.103633,41.396905],[2.103649,41.396829],[2.103688,41.396794],[2.103775,41.39677],[2.103852,41.396749],[2.103978,41.396703],[2.104079,41.39663],[2.104236,41.396555],[2.104306,41.39658],[2.104371,41.396645],[2.104502,41.39682],[2.104569,41.396938],[2.104658,41.397103],[2.104707,41.397241],[2.104845,41.397641],[2.104942,41.397954],[2.105021,41.398198],[2.105074,41.398414],[2.105101,41.398512],[2.105116,41.398619],[2.105145,41.398772],[2.10519,41.398928],[2.105276,41.399176],[2.105327,41.399374],[2.105354,41.399486],[2.105389,41.399665],[2.105481,41.399658],[2.10584,41.399537],[2.105988,41.399424],[2.106066,41.399484],[2.106198,41.399542],[2.106352,41.399589],[2.106397,41.399596],[2.106751,41.399849],[2.106833,41.399871],[2.106978,41.39971],[2.107209,41.399478],[2.107304,41.399344],[2.107352,41.399318],[2.107514,41.399293],[2.107687,41.399269],[2.107704,41.399299],[2.107783,41.399257],[2.107849,41.399216],[2.107929,41.399118],[2.108037,41.39901],[2.10807,41.398972],[2.108108,41.398942],[2.108129,41.398934],[2.108174,41.398935],[2.108215,41.398962],[2.108365,41.399054],[2.108498,41.399143],[2.108556,41.399155],[2.108594,41.399151],[2.108635,41.399131],[2.108768,41.399244],[2.108968,41.399408],[2.109015,41.399434],[2.109063,41.39947],[2.109078,41.399539],[2.109052,41.399603],[2.109029,41.399658],[2.108958,41.399738],[2.108811,41.399835],[2.108687,41.399901],[2.108562,41.399964],[2.108375,41.400036],[2.10825,41.400097],[2.108167,41.400152],[2.108107,41.400153],[2.108005,41.400181],[2.107834,41.400235],[2.107633,41.400307],[2.107592,41.400333],[2.107544,41.400385],[2.107546,41.400476],[2.107595,41.400567],[2.107661,41.400685],[2.107559,41.400737],[2.107438,41.400767],[2.107365,41.400788],[2.107297,41.400851],[2.107214,41.400929],[2.107117,41.401055],[2.106895,41.401358],[2.106698,41.401636],[2.106618,41.401734],[2.106577,41.401739],[2.106488,41.401766],[2.106404,41.401847],[2.106399,41.402002],[2.106414,41.402278],[2.106402,41.402502],[2.106371,41.402663],[2.106312,41.402822],[2.106251,41.40291],[2.106177,41.402997],[2.106149,41.402969],[2.106158,41.402947],[2.106184,41.402895],[2.106195,41.402847],[2.106161,41.40278],[2.106089,41.402706],[2.106036,41.402627],[2.105993,41.402529],[2.105931,41.402471],[2.10588,41.402464],[2.105842,41.402475],[2.105826,41.402506],[2.105844,41.402561],[2.105872,41.402616],[2.105887,41.402683],[2.105923,41.402805],[2.105922,41.402879],[2.105914,41.402983],[2.105894,41.403045],[2.105883,41.40315],[2.105902,41.403205],[2.105945,41.403251],[2.106062,41.403263],[2.106306,41.403232],[2.10655,41.40321],[2.106734,41.403183],[2.106884,41.403153],[2.107248,41.403072],[2.107264,41.403095],[2.107286,41.403124],[2.107329,41.403185],[2.107376,41.40326],[2.107423,41.403335],[2.107524,41.403467],[2.107681,41.403623],[2.107709,41.403666],[2.107749,41.403726],[2.107764,41.403822],[2.107766,41.40384],[2.107757,41.403919],[2.107838,41.403876],[2.107947,41.403799],[2.108041,41.403751],[2.108125,41.403704],[2.10815,41.403658],[2.108145,41.403628],[2.108111,41.403611],[2.108112,41.403608],[2.108064,41.403589],[2.108025,41.403543],[2.108001,41.403496],[2.107993,41.403487],[2.108303,41.403349],[2.108445,41.403483],[2.108578,41.403416],[2.108608,41.403401],[2.108622,41.403437],[2.108606,41.403541],[2.108582,41.403626],[2.108516,41.403718],[2.108452,41.403823],[2.10843,41.403889],[2.108447,41.403981],[2.108467,41.404008],[2.108501,41.404045],[2.108588,41.404147],[2.108778,41.404191],[2.108973,41.404171],[2.109203,41.404033],[2.109657,41.403801],[2.109862,41.403695],[2.109901,41.403649],[2.10993,41.403589],[2.109935,41.403551],[2.110236,41.403465],[2.11025,41.403459],[2.11019,41.403329],[2.110179,41.403294],[2.110169,41.40326],[2.11019,41.40322],[2.110279,41.403125],[2.110619,41.402791],[2.110862,41.402554],[2.110985,41.402452],[2.111067,41.402397],[2.111179,41.402371],[2.111275,41.402382],[2.111283,41.402181],[2.11124,41.402155],[2.111215,41.402146],[2.111367,41.402108],[2.111639,41.402046],[2.111935,41.401937],[2.112222,41.401818],[2.112466,41.401695],[2.112676,41.401575],[2.112805,41.401497],[2.112887,41.401448],[2.113034,41.40142],[2.113202,41.4014],[2.113387,41.401801],[2.113837,41.402423],[2.114164,41.403008],[2.114345,41.403354],[2.114424,41.403528],[2.114357,41.403577],[2.114233,41.403633],[2.114155,41.403651],[2.114094,41.403699],[2.114077,41.403731],[2.114064,41.403798],[2.114069,41.403825],[2.114059,41.403847],[2.113844,41.403909],[2.113382,41.404059],[2.1134,41.404099],[2.113169,41.404169],[2.113183,41.404194],[2.113186,41.40421],[2.113497,41.404716],[2.113524,41.404778],[2.112728,41.405141],[2.112752,41.405201],[2.112794,41.405264],[2.1129,41.405314],[2.113076,41.405375],[2.113268,41.405433],[2.113374,41.405457],[2.113322,41.405584],[2.113246,41.405725],[2.113154,41.405799],[2.113084,41.405849],[2.113333,41.406053],[2.11336,41.406075],[2.113426,41.406176],[2.113215,41.406324],[2.11307,41.406463],[2.113042,41.4065],[2.112939,41.406592],[2.112759,41.406817],[2.112531,41.407037],[2.112348,41.407201],[2.112252,41.407287],[2.112153,41.40735],[2.11203,41.407412],[2.111876,41.407441],[2.111828,41.40746],[2.111771,41.407494],[2.111664,41.407573],[2.111505,41.407649],[2.111433,41.407688],[2.11136,41.40774],[2.111281,41.407807],[2.111173,41.407824],[2.11086,41.407813],[2.11056,41.407806],[2.110316,41.407785],[2.110184,41.407759],[2.110042,41.407707],[2.10992,41.407679],[2.109878,41.40768],[2.10976,41.407683],[2.109636,41.407742],[2.109507,41.407798],[2.109426,41.407812],[2.10926,41.407815],[2.109284,41.408602],[2.109289,41.408634],[2.109418,41.408756],[2.109452,41.408788],[2.109457,41.408838],[2.10939,41.408913],[2.109309,41.408897],[2.10885,41.408841],[2.108773,41.408762],[2.108747,41.408623],[2.108726,41.40854],[2.108901,41.408465],[2.108874,41.408379],[2.108792,41.408331],[2.108733,41.408271],[2.108711,41.408225],[2.108487,41.408296],[2.108366,41.408199],[2.108203,41.408145],[2.107969,41.408103],[2.107748,41.408056],[2.107587,41.408023],[2.107464,41.408001],[2.107297,41.407964],[2.107186,41.407939],[2.107034,41.407976],[2.106878,41.407989],[2.10679,41.407989],[2.106686,41.40794],[2.106626,41.407901],[2.106514,41.40788],[2.106371,41.407905],[2.106244,41.407933],[2.106177,41.407932],[2.106073,41.40791],[2.106001,41.407869],[2.105941,41.407828],[2.105844,41.407768],[2.105753,41.407738],[2.105731,41.407724],[2.105757,41.407697],[2.105769,41.407686],[2.105853,41.407606],[2.105808,41.407547],[2.105729,41.407352],[2.105775,41.407281],[2.105874,41.407165],[2.105987,41.407004],[2.106098,41.406757],[2.10619,41.406781],[2.106356,41.406868],[2.106397,41.406897],[2.106459,41.407031],[2.106556,41.407111],[2.106675,41.407164],[2.106846,41.407196],[2.107096,41.40716],[2.107182,41.407118],[2.10746,41.406979],[2.107565,41.406947],[2.107601,41.406592],[2.107645,41.406597],[2.107693,41.406621],[2.107785,41.406343],[2.107729,41.406333],[2.10758,41.406315],[2.10751,41.406336],[2.107243,41.406382],[2.107218,41.406346],[2.107126,41.406372],[2.10699,41.406394],[2.106889,41.406389],[2.106712,41.406328],[2.106271,41.405948],[2.106202,41.405895],[2.106081,41.405949],[2.105966,41.406017],[2.105832,41.406083],[2.105632,41.406112],[2.105585,41.406124],[2.105568,41.406214],[2.105555,41.40637],[2.10554,41.406426],[2.105558,41.406431],[2.105644,41.406443],[2.105742,41.40643],[2.105834,41.406415],[2.105844,41.406542],[2.105807,41.406633],[2.105774,41.406701],[2.105772,41.406709],[2.105756,41.406758],[2.105739,41.406803],[2.105697,41.406801],[2.105651,41.406816],[2.105623,41.406821],[2.105609,41.406818],[2.105438,41.406731],[2.105415,41.406722],[2.105317,41.406669],[2.105166,41.406511],[2.105147,41.40652],[2.105043,41.406591],[2.104993,41.406636],[2.104966,41.406655],[2.105153,41.406773],[2.105209,41.406803],[2.105193,41.406839],[2.105191,41.406841],[2.10519,41.406845],[2.1052,41.406891],[2.105257,41.406911],[2.105377,41.406956],[2.105325,41.40702],[2.105201,41.40705],[2.105017,41.407115],[2.104914,41.407152],[2.104922,41.407162],[2.104935,41.407188],[2.104977,41.407279],[2.104969,41.40737],[2.104924,41.407432],[2.104838,41.407495],[2.104668,41.407613],[2.104565,41.407536],[2.104298,41.407625],[2.104261,41.407766],[2.104276,41.407787],[2.104307,41.407849],[2.104434,41.40785],[2.104626,41.407758],[2.104641,41.407786],[2.104669,41.407842],[2.104723,41.407923],[2.104738,41.407985],[2.105017,41.407983],[2.105056,41.408042],[2.105045,41.408161],[2.104964,41.408322],[2.104778,41.408447],[2.10472,41.408485],[2.104774,41.408615],[2.104793,41.408632],[2.104771,41.40865],[2.104819,41.408688],[2.104797,41.408721],[2.104746,41.408749],[2.104673,41.408775],[2.104511,41.408771],[2.1044,41.408778],[2.10428,41.408786],[2.104223,41.408795],[2.104185,41.408771],[2.104171,41.408732],[2.104174,41.408643],[2.104213,41.408571],[2.104253,41.408457],[2.104232,41.408321],[2.104155,41.408218],[2.104017,41.408129],[2.103869,41.408044],[2.103712,41.407943],[2.103606,41.407861],[2.103425,41.407905],[2.103476,41.408082],[2.103511,41.40807],[2.103737,41.408209],[2.103842,41.408313],[2.103853,41.408341],[2.103913,41.408435],[2.103916,41.408463],[2.103963,41.40846],[2.103959,41.40849],[2.104059,41.408501],[2.104132,41.408504],[2.104116,41.408561],[2.10409,41.40864],[2.10408,41.408732],[2.104112,41.408804],[2.104178,41.40885],[2.104257,41.408867],[2.104411,41.408902],[2.104535,41.408916],[2.104542,41.408946],[2.104565,41.409027],[2.104612,41.409063],[2.104653,41.409068],[2.10471,41.409054],[2.104736,41.409016],[2.104797,41.408964],[2.104857,41.40891],[2.104972,41.408844],[2.105032,41.408816],[2.105105,41.408798],[2.105144,41.409111],[2.105193,41.409353],[2.105211,41.409416],[2.105486,41.40946],[2.105595,41.409472],[2.105701,41.409475],[2.10577,41.40947],[2.1058,41.409458],[2.105819,41.409413],[2.105751,41.409372],[2.105686,41.409322],[2.105707,41.409257],[2.10571,41.409219],[2.105721,41.409187],[2.105879,41.40923],[2.105975,41.409269],[2.106071,41.409333],[2.106133,41.409415],[2.106493,41.409325],[2.106552,41.409312],[2.10652,41.409443],[2.106508,41.409553],[2.106515,41.409603],[2.106534,41.409679],[2.106584,41.409756],[2.106679,41.409818],[2.106777,41.40987],[2.106845,41.409905],[2.106923,41.409986],[2.106928,41.410059],[2.106933,41.410089],[2.106923,41.410124],[2.10692,41.410128],[2.106906,41.410156],[2.106844,41.410254],[2.10684,41.410259],[2.106836,41.410264],[2.106796,41.410311],[2.106745,41.41036],[2.106689,41.410405],[2.106628,41.410446],[2.106561,41.410482],[2.10647,41.410531],[2.10638,41.410583],[2.106253,41.410585],[2.106196,41.41059],[2.10612,41.410608],[2.106075,41.410631],[2.106063,41.410617],[2.106045,41.41055],[2.106372,41.410248],[2.106092,41.41004],[2.105956,41.410063],[2.105668,41.410036],[2.105577,41.410027],[2.105391,41.410296],[2.105377,41.410316],[2.104891,41.411202],[2.104882,41.411219],[2.104794,41.411274],[2.104794,41.411289],[2.1048,41.411304],[2.104813,41.411316],[2.104831,41.411324],[2.104852,41.411326],[2.104872,41.411323],[2.104885,41.411317],[2.104912,41.411323],[2.104937,41.411328],[2.10498,41.411332],[2.105,41.411333],[2.105005,41.4113],[2.105507,41.411241],[2.10556,41.411235],[2.105628,41.411227],[2.105804,41.411206],[2.105799,41.411195],[2.1058,41.411185],[2.105802,41.411169],[2.105804,41.411152],[2.105811,41.411124],[2.105822,41.411097],[2.105843,41.411063],[2.10587,41.411032],[2.105911,41.410986],[2.105957,41.410943],[2.106006,41.410906],[2.106058,41.410872],[2.106117,41.410837],[2.106174,41.410801],[2.106237,41.410757],[2.106299,41.410712],[2.106308,41.410705],[2.106362,41.410662],[2.106425,41.410611],[2.106465,41.410581],[2.106486,41.410567],[2.106507,41.410553],[2.106561,41.410524],[2.106617,41.410496],[2.106675,41.410461],[2.106729,41.410423],[2.10679,41.410372],[2.106846,41.410319],[2.106897,41.410266],[2.106946,41.410213],[2.107002,41.410145],[2.107181,41.410103],[2.107626,41.410014],[2.107655,41.410055],[2.107657,41.410074],[2.107669,41.410097],[2.107706,41.410087],[2.10774,41.410073],[2.107769,41.410053],[2.107794,41.41003],[2.107811,41.410003],[2.107822,41.409975],[2.107825,41.409945],[2.10782,41.409916],[2.107808,41.409888],[2.107795,41.40987],[2.10779,41.409863],[2.107848,41.409838],[2.108234,41.409668],[2.108306,41.409635],[2.108342,41.409612],[2.108392,41.409595],[2.10872,41.40944],[2.108988,41.409318],[2.109163,41.409239],[2.109168,41.409236],[2.10928,41.409243],[2.109292,41.409245],[2.109298,41.409246],[2.109304,41.409249],[2.109307,41.409253],[2.109309,41.409256],[2.109311,41.409262],[2.109311,41.409267],[2.109309,41.409271],[2.109266,41.409314],[2.109222,41.409361],[2.109167,41.409425],[2.109113,41.409489],[2.109059,41.409551],[2.109011,41.409607],[2.109005,41.409614],[2.108978,41.409645],[2.108816,41.409754],[2.108949,41.409826],[2.108954,41.409821],[2.109035,41.40974],[2.109082,41.409736],[2.109138,41.409726],[2.109172,41.409719],[2.10919,41.409713],[2.109333,41.409654],[2.10949,41.409594],[2.109594,41.409557],[2.10964,41.409613],[2.109674,41.409654],[2.109677,41.409658],[2.109693,41.409678],[2.109973,41.409771],[2.109985,41.409775],[2.109995,41.409778],[2.110004,41.409769],[2.110029,41.409778],[2.110019,41.409786],[2.110064,41.409803],[2.110245,41.409866],[2.110465,41.409947],[2.110481,41.409932],[2.110488,41.409934],[2.110514,41.409936],[2.110591,41.40994],[2.110619,41.409942],[2.110614,41.409946],[2.110286,41.410226],[2.110302,41.410238],[2.110079,41.410481],[2.110294,41.410575],[2.110336,41.410579],[2.110896,41.410094],[2.110922,41.410109],[2.11093,41.410102],[2.110977,41.410056],[2.111366,41.409835],[2.111405,41.409797],[2.111856,41.409653],[2.111991,41.409658],[2.111986,41.409672],[2.111886,41.409971],[2.111842,41.410099],[2.111767,41.41028],[2.111752,41.410315],[2.111703,41.410336],[2.111683,41.410345],[2.111634,41.410378],[2.111586,41.410411],[2.111564,41.410428],[2.111487,41.410494],[2.111444,41.410534],[2.111319,41.410665],[2.111363,41.410687],[2.111602,41.410809],[2.111801,41.410911],[2.111764,41.410949],[2.111737,41.410977],[2.111865,41.411023],[2.111727,41.411151],[2.111783,41.411182],[2.111737,41.411226],[2.111741,41.411229],[2.111864,41.411301],[2.111971,41.411202],[2.11209,41.411203],[2.112423,41.411208],[2.112428,41.411208],[2.112722,41.411242],[2.112717,41.411286],[2.112801,41.411297],[2.112782,41.411454],[2.112781,41.411466],[2.11283,41.411466],[2.112841,41.411466],[2.113008,41.411465],[2.113172,41.411361],[2.113305,41.411297],[2.113385,41.411259],[2.113391,41.411264],[2.113682,41.41157],[2.113795,41.411605],[2.113827,41.411634],[2.113894,41.411636],[2.114047,41.4115],[2.114105,41.41141],[2.113889,41.411229],[2.11413,41.411051],[2.114266,41.410871],[2.114283,41.410847],[2.114253,41.410799],[2.114234,41.410768],[2.114219,41.410736],[2.114204,41.41069],[2.114189,41.410643],[2.114186,41.410634],[2.114176,41.410593],[2.114174,41.410587],[2.114164,41.410539],[2.114162,41.410495],[2.114161,41.410458],[2.114163,41.410407],[2.114172,41.410345],[2.114173,41.410331],[2.114178,41.410301],[2.114252,41.410299],[2.114251,41.410253],[2.114391,41.410259],[2.11426,41.410015],[2.114239,41.409961],[2.114202,41.409958],[2.114196,41.40993],[2.114193,41.409911],[2.114179,41.409853],[2.114175,41.409839],[2.114166,41.409803],[2.114163,41.409793],[2.11416,41.409778],[2.114139,41.409707],[2.114128,41.409674],[2.11412,41.409652],[2.114114,41.409639],[2.114105,41.409615],[2.114097,41.409589],[2.114066,41.409494],[2.114046,41.409479],[2.11402,41.409463],[2.114006,41.409457],[2.113979,41.409319],[2.113975,41.409234],[2.113944,41.409097],[2.113929,41.409029],[2.113923,41.408994],[2.113917,41.408896],[2.113916,41.408854],[2.113913,41.408785],[2.113915,41.408752],[2.11392,41.408675],[2.11392,41.408619],[2.113933,41.408289],[2.113927,41.408284],[2.113893,41.408253],[2.113569,41.408266],[2.113232,41.408288],[2.113193,41.40832],[2.112779,41.408796],[2.112584,41.408645],[2.112556,41.408518],[2.112556,41.408511],[2.112539,41.408354],[2.11265,41.408237],[2.112857,41.408013],[2.113064,41.40779],[2.113257,41.407555],[2.113417,41.407678],[2.113487,41.407793],[2.113729,41.408024],[2.114043,41.408019],[2.114115,41.408017],[2.114457,41.407891],[2.114464,41.407901],[2.114525,41.407983],[2.114595,41.408077],[2.114567,41.408137],[2.114503,41.408271],[2.114524,41.4083],[2.114597,41.408397],[2.114776,41.408298],[2.114886,41.408391],[2.114947,41.408415],[2.115024,41.408444],[2.115039,41.408436],[2.115096,41.408408],[2.115157,41.408385],[2.115214,41.408369],[2.115272,41.408356],[2.115388,41.408332],[2.115534,41.408303],[2.11568,41.408276],[2.115695,41.408275],[2.11571,41.408277],[2.11572,41.408283],[2.115728,41.408292],[2.115731,41.408301],[2.115733,41.408319],[2.115744,41.408372],[2.115756,41.408425],[2.115773,41.408485],[2.115787,41.408547],[2.115799,41.408608],[2.115806,41.408648],[2.115812,41.408687],[2.115812,41.408715],[2.115802,41.408742],[2.115781,41.408773],[2.115757,41.408802],[2.115735,41.408828],[2.115714,41.408855],[2.115705,41.408876],[2.115703,41.408897],[2.115705,41.408919],[2.115712,41.408941],[2.115732,41.408983],[2.115751,41.409024],[2.115773,41.409072],[2.115777,41.409081],[2.115796,41.409121],[2.115828,41.409183],[2.114989,41.409373],[2.114926,41.409387],[2.114933,41.409409],[2.114954,41.409472],[2.114964,41.409513],[2.114968,41.409553],[2.114962,41.409584],[2.114947,41.409615],[2.114934,41.409641],[2.114973,41.409684],[2.114985,41.4097],[2.114999,41.409722],[2.115002,41.409726],[2.115016,41.409738],[2.115132,41.409775],[2.115145,41.409818],[2.11519,41.409943],[2.1153,41.410236],[2.115897,41.41011],[2.116027,41.410084],[2.116274,41.410033],[2.11634,41.409926],[2.116301,41.409847],[2.116198,41.409625],[2.116122,41.409468],[2.116089,41.409475],[2.116056,41.409482],[2.115939,41.409256],[2.116145,41.409179],[2.116264,41.40913],[2.116353,41.409098],[2.116448,41.409269],[2.116482,41.409331],[2.11667,41.409308],[2.117147,41.409265],[2.117297,41.409258],[2.117304,41.409246],[2.11739,41.409101],[2.117643,41.409179],[2.11772,41.409217],[2.117815,41.409094],[2.117995,41.409188],[2.118104,41.409223],[2.118134,41.409212],[2.118224,41.409264],[2.118201,41.409288],[2.118183,41.409301],[2.118078,41.409409],[2.118095,41.409423],[2.118202,41.40951],[2.118268,41.409559],[2.118346,41.409624],[2.118312,41.409676],[2.118167,41.409893],[2.118152,41.409965],[2.118147,41.409984],[2.118126,41.410083],[2.118093,41.410235],[2.118076,41.410469],[2.117954,41.410569],[2.117834,41.410675],[2.11792,41.410784],[2.118002,41.410877],[2.118025,41.410904],[2.117948,41.410994],[2.117869,41.411098],[2.118001,41.411216],[2.117995,41.41125],[2.117989,41.411284],[2.117849,41.411424],[2.117858,41.411528],[2.117865,41.411586],[2.118059,41.411676],[2.118064,41.411678],[2.118072,41.411681],[2.118087,41.411688],[2.118177,41.411727],[2.118184,41.411741],[2.118156,41.411752],[2.118116,41.411753],[2.118064,41.411763],[2.117974,41.411788],[2.117921,41.411815],[2.117931,41.411819],[2.117952,41.411818],[2.118025,41.411814],[2.118236,41.41183],[2.118243,41.41183],[2.118296,41.411833],[2.11833,41.41183],[2.118364,41.41182],[2.11839,41.411807],[2.118411,41.411789],[2.118426,41.411768],[2.11844,41.411735],[2.118448,41.411707],[2.118446,41.41164],[2.118456,41.411627],[2.118489,41.411594],[2.118538,41.411553],[2.118592,41.411511],[2.118629,41.411494],[2.118647,41.411486],[2.11866,41.411484],[2.118918,41.41147],[2.119,41.411461],[2.119045,41.411454],[2.119142,41.411421],[2.119168,41.411403],[2.119189,41.411384],[2.119196,41.411368],[2.119198,41.411357],[2.119201,41.411345],[2.119179,41.411273],[2.119172,41.411235],[2.119207,41.411221],[2.119221,41.411216],[2.119205,41.411148],[2.119224,41.411146],[2.119242,41.411144],[2.119313,41.411152],[2.119462,41.410951],[2.11945,41.410945],[2.1193,41.41086],[2.119288,41.410854],[2.119261,41.410841],[2.119134,41.410771],[2.119066,41.410733],[2.119009,41.410696],[2.118984,41.41068],[2.118968,41.410649],[2.11902,41.410564],[2.119097,41.410497],[2.119197,41.410461],[2.119198,41.410387],[2.119168,41.410384],[2.118978,41.410382],[2.118902,41.410372],[2.118664,41.410464],[2.118571,41.4104],[2.118549,41.410384],[2.118533,41.410402],[2.118516,41.410425],[2.118514,41.410429],[2.118494,41.410456],[2.118493,41.410448],[2.118486,41.410406],[2.118484,41.410396],[2.118459,41.41033],[2.118454,41.410316],[2.11845,41.410309],[2.118447,41.410299],[2.118438,41.410232],[2.11843,41.410177],[2.118428,41.410131],[2.11843,41.410086],[2.118435,41.410057],[2.118445,41.410029],[2.118462,41.41],[2.118492,41.409958],[2.118527,41.409919],[2.118608,41.409839],[2.118688,41.409758],[2.118761,41.409687],[2.118795,41.409651],[2.118825,41.409613],[2.118839,41.409592],[2.118853,41.409572],[2.118875,41.409538],[2.118927,41.409576],[2.119033,41.40967],[2.119095,41.409686],[2.119112,41.409624],[2.119129,41.409516],[2.119153,41.409501],[2.119174,41.409487],[2.119163,41.40948],[2.11917,41.409466],[2.119203,41.409411],[2.119237,41.409356],[2.119255,41.409326],[2.119275,41.409296],[2.119282,41.40929],[2.1193,41.409272],[2.119331,41.409251],[2.119394,41.409211],[2.119458,41.409171],[2.119439,41.409143],[2.11961,41.409062],[2.119668,41.409068],[2.119684,41.409069],[2.119757,41.409077],[2.119878,41.409086],[2.119957,41.409092],[2.119999,41.409095],[2.120103,41.409109],[2.12018,41.409119],[2.120207,41.409123],[2.120283,41.409129],[2.120359,41.409135],[2.120452,41.409144],[2.120545,41.409152],[2.120814,41.409377],[2.120913,41.40946],[2.120948,41.40949],[2.120978,41.409513],[2.121026,41.40955],[2.121146,41.409445],[2.12104,41.409353],[2.121045,41.409349],[2.121047,41.409335],[2.121146,41.409248],[2.121155,41.40924],[2.121162,41.409057],[2.121167,41.409033],[2.121176,41.408898],[2.121137,41.408883],[2.120997,41.408848],[2.120782,41.408796],[2.120749,41.408596],[2.120864,41.408464],[2.120895,41.408482],[2.121103,41.408605],[2.121216,41.408668],[2.121224,41.408673],[2.121358,41.408505],[2.121612,41.408289],[2.12175,41.408254],[2.121951,41.408204],[2.121915,41.408114],[2.121889,41.408049],[2.121883,41.40798],[2.121898,41.407964],[2.121933,41.407939],[2.121968,41.407902],[2.121972,41.407897],[2.122094,41.407774],[2.122115,41.407756],[2.122171,41.40771],[2.122178,41.407708],[2.122174,41.407697],[2.122226,41.407697],[2.122319,41.407698],[2.122583,41.407548],[2.122775,41.40775],[2.123158,41.408189],[2.123384,41.408401],[2.123717,41.408643],[2.124008,41.408916],[2.124393,41.409272],[2.124575,41.40946],[2.124579,41.40957],[2.124467,41.409788],[2.124241,41.409947],[2.123953,41.410184],[2.123901,41.410222],[2.123694,41.410364],[2.123675,41.410378],[2.123437,41.410552],[2.12322,41.410711],[2.123016,41.410859],[2.122991,41.410838],[2.123029,41.410812],[2.123098,41.410737],[2.123178,41.410487],[2.123262,41.41023],[2.123301,41.410137],[2.123205,41.410112],[2.123111,41.410035],[2.123057,41.410035],[2.122976,41.410046],[2.122902,41.410071],[2.122841,41.410109],[2.122819,41.410135],[2.122815,41.410179],[2.122807,41.410179],[2.122799,41.410178],[2.122787,41.41018],[2.122775,41.410187],[2.122767,41.410195],[2.122762,41.410204],[2.122759,41.410221],[2.122754,41.410253],[2.122749,41.410284],[2.122742,41.410335],[2.122733,41.410386],[2.122723,41.410428],[2.122704,41.410469],[2.122686,41.410494],[2.122659,41.410526],[2.122629,41.410555],[2.122595,41.410587],[2.12256,41.410618],[2.122525,41.410647],[2.122488,41.410675],[2.122441,41.410702],[2.122389,41.410723],[2.122352,41.410735],[2.122315,41.410746],[2.122239,41.41077],[2.122202,41.410783],[2.122164,41.410795],[2.122122,41.410809],[2.122083,41.410826],[2.122067,41.410838],[2.122054,41.410853],[2.122036,41.410885],[2.122024,41.410907],[2.122013,41.410928],[2.121997,41.410985],[2.121918,41.411214],[2.121893,41.411279],[2.121871,41.411368],[2.121854,41.411398],[2.121811,41.411446],[2.121735,41.411509],[2.121618,41.411595],[2.1215,41.411685],[2.121358,41.41179],[2.121178,41.411922],[2.121224,41.411959],[2.12123,41.411963],[2.121366,41.412059],[2.121358,41.412068],[2.12135,41.412072],[2.12134,41.412076],[2.121331,41.412077],[2.121323,41.412075],[2.121306,41.41207],[2.121282,41.412063],[2.121259,41.412055],[2.121232,41.412047],[2.121205,41.412041],[2.121186,41.41204],[2.121159,41.412041],[2.121132,41.412042],[2.121121,41.412065],[2.12111,41.412087],[2.121081,41.412142],[2.121053,41.412197],[2.121033,41.412256],[2.121015,41.412315],[2.120995,41.412366],[2.120975,41.412416],[2.120968,41.412431],[2.120962,41.412446],[2.120958,41.412467],[2.120958,41.412489],[2.120955,41.412514],[2.120954,41.41254],[2.120956,41.412556],[2.120963,41.412571],[2.120972,41.412586],[2.120983,41.412609],[2.120992,41.412631],[2.121016,41.412708],[2.121036,41.412786],[2.121055,41.41286],[2.121074,41.412935],[2.121083,41.41296],[2.121097,41.412985],[2.12111,41.413004],[2.121126,41.413021],[2.121156,41.413041],[2.121186,41.413061],[2.121209,41.41308],[2.121232,41.413101],[2.121259,41.413128],[2.121279,41.413149],[2.121296,41.413166],[2.121326,41.413193],[2.121372,41.413229],[2.121407,41.41325],[2.121448,41.413265],[2.121511,41.413282],[2.121575,41.413296],[2.121652,41.413311],[2.12173,41.413323],[2.121779,41.413325],[2.121829,41.413321],[2.121865,41.413316],[2.121933,41.413362],[2.121992,41.41338],[2.122095,41.413396],[2.122188,41.413224],[2.122253,41.413099],[2.122341,41.413031],[2.122461,41.412946],[2.122533,41.412896],[2.122596,41.412866],[2.122636,41.412867],[2.122739,41.412865],[2.122802,41.412865],[2.123088,41.412772],[2.123135,41.412761],[2.12317,41.41275],[2.123203,41.412737],[2.123267,41.412705],[2.123332,41.412668],[2.123394,41.412629],[2.123442,41.412597],[2.123488,41.412564],[2.12354,41.412524],[2.123647,41.412446],[2.123704,41.412405],[2.123812,41.412372],[2.123908,41.412385],[2.124113,41.412413],[2.124214,41.412439],[2.124227,41.412444],[2.124281,41.41247],[2.124331,41.412501],[2.124375,41.412536],[2.124414,41.412575],[2.124447,41.412617],[2.124555,41.412816],[2.123995,41.412723],[2.123332,41.41307],[2.123507,41.413225],[2.124017,41.413015],[2.124332,41.413132],[2.124588,41.413083],[2.124757,41.413051],[2.124759,41.413058],[2.124765,41.413069],[2.124798,41.413099],[2.124834,41.413126],[2.124878,41.413161],[2.124926,41.413192],[2.124962,41.413212],[2.124998,41.413231],[2.125052,41.413218],[2.125127,41.413259],[2.125123,41.413292],[2.125177,41.413316],[2.125234,41.413327],[2.125292,41.413333],[2.125351,41.413333],[2.125409,41.413329],[2.125444,41.413324],[2.125491,41.413314],[2.125536,41.413298],[2.125577,41.413278],[2.125614,41.413253],[2.125622,41.413246],[2.12563,41.413239],[2.125771,41.413136],[2.125872,41.413064],[2.126036,41.412948],[2.126147,41.412871],[2.12631,41.412751],[2.126449,41.412652],[2.126592,41.412612],[2.126596,41.41245],[2.126601,41.412359],[2.126604,41.412314],[2.126627,41.412085],[2.126656,41.412081],[2.126692,41.412076],[2.126757,41.412066],[2.127535,41.41111],[2.127754,41.411243],[2.12804,41.411427],[2.128268,41.4116],[2.128604,41.41186],[2.129095,41.412236],[2.129416,41.412479],[2.129641,41.412647],[2.129952,41.412871],[2.130097,41.412987],[2.12987,41.413167],[2.129678,41.413412],[2.129587,41.413505],[2.129423,41.413608],[2.129124,41.413843],[2.129075,41.413829],[2.129017,41.413813],[2.128973,41.413851],[2.128912,41.413903],[2.128827,41.413976],[2.1288,41.414043],[2.128786,41.414077],[2.128772,41.414113],[2.128756,41.414155],[2.128668,41.4142],[2.128632,41.414219],[2.128557,41.41449],[2.128602,41.414515],[2.128645,41.414538],[2.128557,41.414679],[2.128529,41.414729],[2.128505,41.414769],[2.128481,41.414807],[2.128459,41.414837],[2.128436,41.414867],[2.128417,41.414895],[2.1284,41.414926],[2.128395,41.414943],[2.128394,41.41497],[2.128395,41.414997],[2.128397,41.415024],[2.128402,41.415051],[2.128412,41.415071],[2.12842,41.415078],[2.128432,41.415082],[2.128499,41.415091],[2.128566,41.415099],[2.128625,41.415107],[2.128684,41.415114],[2.128716,41.415118],[2.128748,41.415119],[2.128759,41.415119],[2.128771,41.415118],[2.128779,41.415117],[2.12878,41.415209],[2.128783,41.415247],[2.128791,41.415293],[2.1288,41.415344],[2.128811,41.415394],[2.128828,41.415442],[2.128855,41.415492],[2.128881,41.415542],[2.128905,41.415592],[2.128929,41.415642],[2.128962,41.415706],[2.128995,41.415771],[2.129014,41.415809],[2.129027,41.415836],[2.12906,41.415901],[2.129089,41.415953],[2.129123,41.416004],[2.129162,41.416049],[2.129201,41.416094],[2.129256,41.416084],[2.129289,41.416077],[2.129399,41.416054],[2.129413,41.41605],[2.129616,41.415987],[2.129674,41.415969],[2.129677,41.415979],[2.129714,41.416079],[2.129738,41.416133],[2.129765,41.416177],[2.129786,41.416211],[2.129839,41.416273],[2.129875,41.416304],[2.129921,41.416347],[2.129973,41.416385],[2.130031,41.416419],[2.130084,41.41644],[2.13015,41.41646],[2.130218,41.416475],[2.130289,41.416484],[2.13036,41.416488],[2.130432,41.416485],[2.130486,41.41648],[2.130537,41.416475],[2.130584,41.416471],[2.130651,41.41646],[2.130776,41.416437],[2.130873,41.416596],[2.13107,41.416916],[2.131091,41.416904],[2.13111,41.41689],[2.131111,41.416894],[2.131111,41.416914],[2.131104,41.416938],[2.131087,41.416963],[2.131065,41.416989],[2.131043,41.417017],[2.131025,41.417044],[2.131009,41.417069],[2.130991,41.417087],[2.130966,41.417101],[2.130975,41.417117],[2.130979,41.417115],[2.130996,41.417105],[2.131032,41.417094],[2.131067,41.417083],[2.131142,41.417065],[2.131219,41.417052],[2.131298,41.417041],[2.131377,41.417033],[2.131466,41.41703],[2.131532,41.417028],[2.13156,41.417038],[2.131595,41.41705],[2.13165,41.417063],[2.131707,41.41707],[2.131776,41.417073],[2.131831,41.417071],[2.131845,41.417071],[2.131903,41.417063],[2.131951,41.417103],[2.131967,41.417117],[2.132009,41.417177],[2.132027,41.417202],[2.132036,41.417209],[2.132138,41.417361],[2.132493,41.417303],[2.132671,41.417233],[2.132701,41.417221],[2.132732,41.417179],[2.132801,41.417083],[2.132866,41.417104],[2.1329,41.417106],[2.132923,41.417104],[2.132934,41.417103],[2.132966,41.417093],[2.132995,41.417079],[2.13301,41.417069],[2.133044,41.417044],[2.133115,41.416979],[2.133174,41.416898],[2.133261,41.416761],[2.133275,41.416732],[2.133281,41.416702],[2.133281,41.416689],[2.133288,41.41668],[2.13328,41.416671],[2.133271,41.416641],[2.133254,41.416613],[2.133231,41.416588],[2.133202,41.416566],[2.13319,41.416559],[2.133121,41.416522],[2.133109,41.416503],[2.133104,41.416482],[2.133107,41.41646],[2.133117,41.41644],[2.133133,41.416423],[2.133155,41.41641],[2.133181,41.416401],[2.13321,41.416398],[2.133218,41.416399],[2.133241,41.416369],[2.133269,41.416332],[2.133437,41.416398],[2.13345,41.416403],[2.133466,41.416409],[2.133813,41.416554],[2.133902,41.416581],[2.134149,41.416654],[2.134072,41.416724],[2.134059,41.416736],[2.134042,41.41675],[2.134011,41.416774],[2.133977,41.416803],[2.133943,41.416831],[2.133873,41.416894],[2.133804,41.416957],[2.13374,41.417014],[2.133677,41.41707],[2.133611,41.417128],[2.133545,41.417185],[2.133492,41.417233],[2.133378,41.417332],[2.1333,41.417399],[2.13326,41.417417],[2.133255,41.41742],[2.133195,41.417455],[2.13313,41.417489],[2.133062,41.417519],[2.132984,41.417551],[2.132905,41.417581],[2.132822,41.417609],[2.132808,41.417614],[2.132738,41.417636],[2.132633,41.417667],[2.132527,41.417697],[2.132438,41.41772],[2.132347,41.417741],[2.132294,41.417751],[2.13224,41.417762],[2.132192,41.417768],[2.132118,41.417773],[2.131985,41.417782],[2.131851,41.417789],[2.131744,41.417794],[2.131561,41.417806],[2.131525,41.41781],[2.131413,41.417826],[2.131316,41.417843],[2.131221,41.417864],[2.131133,41.417885],[2.131066,41.417903],[2.131046,41.417909],[2.130952,41.417938],[2.130861,41.41797],[2.130772,41.418008],[2.130686,41.418049],[2.130612,41.418088],[2.130542,41.418131],[2.130519,41.41815],[2.1305,41.418171],[2.130487,41.418193],[2.130481,41.418216],[2.130481,41.418243],[2.130487,41.41827],[2.130502,41.418296],[2.130526,41.418318],[2.130558,41.418331],[2.130591,41.418337],[2.130624,41.418339],[2.130655,41.418335],[2.130706,41.418322],[2.130757,41.418309],[2.130835,41.418289],[2.130912,41.41827],[2.130988,41.418256],[2.131052,41.41825],[2.131066,41.418249],[2.131111,41.41825],[2.131253,41.41828],[2.131246,41.418315],[2.131228,41.418323],[2.131213,41.418335],[2.131205,41.418346],[2.131159,41.418335],[2.131142,41.41833],[2.131096,41.418329],[2.13105,41.418333],[2.131006,41.418343],[2.130965,41.418358],[2.13095,41.418367],[2.130928,41.418379],[2.130904,41.418397],[2.130896,41.418403],[2.13088,41.41842],[2.130944,41.418438],[2.131047,41.418467],[2.131101,41.41847],[2.131123,41.418471],[2.131371,41.418557],[2.131579,41.418678],[2.131693,41.418785],[2.131755,41.418828],[2.131633,41.418892],[2.131895,41.419112],[2.131976,41.419194],[2.131968,41.419218],[2.132087,41.419234],[2.132161,41.419195],[2.132264,41.419229],[2.132388,41.419244],[2.132582,41.419267],[2.132581,41.419282],[2.132567,41.419281],[2.132507,41.41928],[2.132454,41.419283],[2.132402,41.419292],[2.132345,41.419308],[2.132294,41.419332],[2.132252,41.419362],[2.132212,41.419392],[2.132166,41.419418],[2.132116,41.41944],[2.132079,41.419449],[2.13206,41.419455],[2.132003,41.41946],[2.131949,41.419457],[2.131895,41.419447],[2.131844,41.419432],[2.131795,41.419413],[2.131744,41.419389],[2.131696,41.419361],[2.131643,41.419326],[2.131592,41.419288],[2.131537,41.41924],[2.131484,41.419191],[2.131432,41.419137],[2.131379,41.419083],[2.131342,41.419054],[2.131324,41.419044],[2.1313,41.419029],[2.131257,41.419009],[2.131209,41.418995],[2.131163,41.418986],[2.131116,41.418984],[2.131069,41.418986],[2.131023,41.418996],[2.13097,41.419014],[2.130924,41.419039],[2.130878,41.41907],[2.130836,41.419103],[2.130779,41.419153],[2.130725,41.419205],[2.130686,41.419247],[2.13065,41.419291],[2.130622,41.419329],[2.130601,41.419369],[2.130588,41.419402],[2.130578,41.419435],[2.130567,41.419481],[2.130638,41.419506],[2.130736,41.419505],[2.130768,41.419509],[2.130772,41.41951],[2.130831,41.419517],[2.13085,41.419493],[2.130876,41.419466],[2.130903,41.419445],[2.130932,41.419428],[2.130966,41.419414],[2.131001,41.419408],[2.131037,41.419408],[2.131077,41.41941],[2.131104,41.419413],[2.131125,41.419418],[2.131164,41.419435],[2.131202,41.419457],[2.131277,41.419504],[2.131355,41.419551],[2.131427,41.41959],[2.131501,41.419628],[2.131582,41.419666],[2.131669,41.419698],[2.131764,41.419726],[2.131857,41.419752],[2.131951,41.419781],[2.132042,41.41981],[2.132076,41.419825],[2.132107,41.419843],[2.132133,41.419866],[2.132154,41.419893],[2.13216,41.419904],[2.132162,41.41991],[2.132168,41.41992],[2.132176,41.419947],[2.132177,41.419971],[2.132171,41.419995],[2.132159,41.42002],[2.132142,41.420046],[2.132109,41.420088],[2.132074,41.420129],[2.132024,41.420181],[2.131974,41.420235],[2.131936,41.42028],[2.131899,41.420324],[2.131858,41.420374],[2.131818,41.420426],[2.131786,41.420472],[2.131754,41.420517],[2.131701,41.420578],[2.131647,41.42064],[2.131591,41.420704],[2.131534,41.420767],[2.131472,41.420833],[2.131409,41.420899],[2.131366,41.420945],[2.131322,41.42099],[2.131286,41.421031],[2.131252,41.421074],[2.131233,41.421107],[2.13122,41.42114],[2.131208,41.42118],[2.131202,41.421221],[2.131203,41.42126],[2.131211,41.421299],[2.131227,41.421331],[2.131244,41.421349],[2.131253,41.421359],[2.131265,41.421367],[2.131294,41.421385],[2.131338,41.421402],[2.131384,41.421412],[2.131432,41.421417],[2.131487,41.421419],[2.13154,41.42142],[2.131597,41.421423],[2.131654,41.421426],[2.131726,41.421433],[2.131798,41.421443],[2.131876,41.421456],[2.131955,41.421469],[2.13199,41.421475],[2.132039,41.421483],[2.132125,41.421495],[2.132203,41.421502],[2.13228,41.421508],[2.132322,41.421515],[2.132365,41.421521],[2.132404,41.421528],[2.132444,41.421534],[2.132497,41.421541],[2.13255,41.421543],[2.132598,41.421538],[2.132646,41.421532],[2.132678,41.421529],[2.13271,41.421527],[2.132731,41.421529],[2.132745,41.421533],[2.132752,41.421538],[2.13276,41.421547],[2.132761,41.421555],[2.13276,41.42156],[2.132751,41.42157],[2.132745,41.421573],[2.132731,41.421577],[2.132717,41.421579],[2.13266,41.421585],[2.132603,41.421591],[2.132522,41.421598],[2.132439,41.421602],[2.132358,41.421605],[2.132277,41.421607],[2.132217,41.421606],[2.132156,41.421604],[2.132083,41.4216],[2.132008,41.421595],[2.131975,41.421595],[2.131931,41.421601],[2.131909,41.421619],[2.131904,41.421654],[2.131899,41.421689],[2.131652,41.421696],[2.131723,41.421886],[2.131759,41.422004],[2.13179,41.422104],[2.131728,41.422122],[2.131654,41.422145],[2.131581,41.422166],[2.131507,41.422188],[2.131486,41.422193],[2.131335,41.422231],[2.131315,41.422223],[2.13125,41.422004],[2.130764,41.422004],[2.130888,41.42234],[2.13087,41.42235],[2.130837,41.422364],[2.130756,41.422381],[2.130627,41.42242],[2.130634,41.422445],[2.130622,41.422478],[2.13053,41.422741],[2.130534,41.42275],[2.130536,41.422757],[2.130825,41.422713],[2.131028,41.422675],[2.131035,41.422675],[2.13105,41.422675],[2.131064,41.422673],[2.131079,41.422671],[2.131124,41.422662],[2.131187,41.422652],[2.13125,41.422641],[2.131325,41.422626],[2.131399,41.422611],[2.131722,41.422555],[2.131929,41.422558],[2.131975,41.422557],[2.132011,41.422559],[2.132254,41.422559],[2.132277,41.422561],[2.132354,41.422568],[2.132423,41.422574],[2.132492,41.42258],[2.132556,41.422585],[2.132621,41.422589],[2.132693,41.422593],[2.132764,41.422598],[2.132805,41.422599],[2.132845,41.422599],[2.132888,41.422597],[2.132903,41.422595],[2.133023,41.422564],[2.133127,41.422537],[2.133136,41.422533],[2.133172,41.422521],[2.133209,41.422509],[2.133253,41.422495],[2.133298,41.42248],[2.133327,41.422469],[2.133354,41.422456],[2.133381,41.42244],[2.133408,41.422424],[2.133436,41.422412],[2.133465,41.4224],[2.133513,41.422384],[2.133563,41.42237],[2.133599,41.422361],[2.133635,41.422354],[2.133685,41.422347],[2.133734,41.422342],[2.133779,41.42234],[2.133824,41.422338],[2.133864,41.422332],[2.133903,41.422323],[2.133947,41.42231],[2.133991,41.422298],[2.134037,41.422287],[2.134084,41.42228],[2.134133,41.422277],[2.134182,41.422274],[2.134257,41.422269],[2.134331,41.422264],[2.134381,41.422259],[2.134428,41.422252],[2.134431,41.422251],[2.134482,41.422243],[2.134533,41.422232],[2.134574,41.422219],[2.134613,41.422201],[2.134659,41.422177],[2.134704,41.422151],[2.134727,41.42214],[2.13475,41.42213],[2.134765,41.422131],[2.134772,41.422137],[2.134767,41.422146],[2.134905,41.422098],[2.135047,41.422046],[2.135125,41.421977],[2.135169,41.421932],[2.135232,41.421865],[2.135233,41.42183],[2.135236,41.421783],[2.135239,41.421737],[2.135243,41.421697],[2.135249,41.421658],[2.135257,41.421627],[2.135268,41.421596],[2.135284,41.421563],[2.135302,41.42153],[2.135329,41.42149],[2.135357,41.42145],[2.135373,41.421425],[2.135385,41.421399],[2.135387,41.421379],[2.135386,41.421359],[2.135383,41.421341],[2.135381,41.421322],[2.135382,41.421313],[2.135351,41.421287],[2.135286,41.421235],[2.135199,41.421125],[2.135289,41.421002],[2.13529,41.420935],[2.135171,41.420867],[2.134996,41.420863],[2.134987,41.420932],[2.134886,41.420969],[2.134835,41.420993],[2.134794,41.421027],[2.134772,41.421056],[2.134765,41.421089],[2.134761,41.42113],[2.134758,41.421172],[2.134752,41.421227],[2.134747,41.421283],[2.134735,41.421333],[2.134714,41.421382],[2.134685,41.421431],[2.134652,41.421479],[2.134622,41.421517],[2.134589,41.421553],[2.134552,41.421582],[2.134509,41.421607],[2.134472,41.42162],[2.134433,41.421627],[2.134384,41.421633],[2.134336,41.421633],[2.13426,41.421623],[2.134185,41.421609],[2.134114,41.421592],[2.134046,41.421572],[2.133981,41.421549],[2.133915,41.421526],[2.133863,41.421519],[2.13381,41.421522],[2.133776,41.421528],[2.133743,41.421539],[2.133689,41.421566],[2.133635,41.421594],[2.133571,41.421628],[2.133508,41.421662],[2.133458,41.421683],[2.133406,41.421701],[2.133347,41.421713],[2.133289,41.421719],[2.133244,41.421717],[2.1332,41.421709],[2.133164,41.421699],[2.133131,41.421686],[2.133101,41.421672],[2.133074,41.421656],[2.133026,41.421621],[2.132979,41.421585],[2.132946,41.421559],[2.132912,41.421535],[2.132885,41.421517],[2.132856,41.421501],[2.132841,41.421487],[2.132827,41.421472],[2.132814,41.42146],[2.132785,41.421442],[2.132942,41.42132],[2.133044,41.421273],[2.133258,41.421361],[2.133448,41.421288],[2.133481,41.421267],[2.133484,41.421259],[2.133485,41.42125],[2.133482,41.421236],[2.133477,41.421219],[2.133464,41.421189],[2.133454,41.421164],[2.133445,41.421131],[2.13344,41.421102],[2.133442,41.421083],[2.133453,41.420961],[2.133389,41.420927],[2.133382,41.420907],[2.133376,41.420887],[2.133377,41.420885],[2.13351,41.420923],[2.133635,41.420963],[2.133718,41.420995],[2.133802,41.421025],[2.133837,41.421033],[2.133873,41.421038],[2.133946,41.421044],[2.133993,41.421053],[2.134023,41.421061],[2.134053,41.42107],[2.134059,41.421071],[2.134085,41.421079],[2.134118,41.421087],[2.134129,41.421088],[2.13414,41.421087],[2.134161,41.421078],[2.134175,41.42107],[2.134192,41.421056],[2.13421,41.421038],[2.134225,41.42102],[2.134234,41.421001],[2.134244,41.420981],[2.134273,41.420906],[2.134302,41.42083],[2.134321,41.420785],[2.134341,41.420743],[2.134356,41.420723],[2.134377,41.420705],[2.134408,41.420686],[2.134442,41.420666],[2.134495,41.420639],[2.13455,41.420611],[2.134637,41.42056],[2.134639,41.420557],[2.134676,41.42051],[2.134713,41.420463],[2.134767,41.420392],[2.134822,41.420321],[2.134872,41.420254],[2.134921,41.420187],[2.134965,41.42013],[2.13501,41.420075],[2.135035,41.420051],[2.135065,41.420032],[2.135108,41.420012],[2.135155,41.419992],[2.135199,41.419973],[2.135246,41.419952],[2.135283,41.419928],[2.135309,41.4199],[2.135351,41.41985],[2.135392,41.4198],[2.135434,41.419747],[2.135475,41.419692],[2.135512,41.419639],[2.135549,41.419587],[2.135581,41.419551],[2.135612,41.419516],[2.135653,41.419472],[2.135692,41.419427],[2.135706,41.419413],[2.135718,41.419404],[2.135725,41.419401],[2.135736,41.4194],[2.135765,41.419403],[2.135786,41.419409],[2.135899,41.419508],[2.135992,41.419424],[2.136111,41.419316],[2.136247,41.419154],[2.136326,41.419066],[2.136335,41.419058],[2.136637,41.4191],[2.136694,41.419116],[2.136749,41.419137],[2.136799,41.419163],[2.136845,41.419193],[2.136886,41.419227],[2.13692,41.419265],[2.137102,41.41947],[2.137082,41.419485],[2.136986,41.419559],[2.136989,41.419563],[2.137091,41.419713],[2.137092,41.419716],[2.137094,41.41972],[2.13717,41.419858],[2.137308,41.420018],[2.137386,41.42017],[2.137424,41.420315],[2.137404,41.420318],[2.137428,41.420382],[2.137473,41.420524],[2.137521,41.420673],[2.137615,41.420868],[2.137618,41.420873],[2.137896,41.420798],[2.137889,41.420812],[2.137876,41.420831],[2.137851,41.420856],[2.137844,41.420861],[2.137829,41.42087],[2.137787,41.420892],[2.137747,41.420914],[2.137711,41.420941],[2.137678,41.420975],[2.137653,41.421012],[2.137633,41.421053],[2.137621,41.421095],[2.137617,41.421137],[2.137623,41.421179],[2.137626,41.421189],[2.137634,41.421211],[2.137637,41.421222],[2.137641,41.421233],[2.13765,41.421249],[2.137676,41.421284],[2.137708,41.421316],[2.137746,41.421345],[2.137767,41.421359],[2.137784,41.421368],[2.137794,41.421373],[2.13784,41.421393],[2.137885,41.42141],[2.137896,41.421414],[2.137961,41.421438],[2.138035,41.421465],[2.1381,41.421492],[2.138151,41.421514],[2.138165,41.421519],[2.138205,41.42154],[2.138214,41.421546],[2.138238,41.421562],[2.138269,41.421586],[2.138299,41.421616],[2.138327,41.42165],[2.138335,41.421661],[2.138351,41.421685],[2.13836,41.421702],[2.138318,41.421714],[2.138297,41.42172],[2.138269,41.421728],[2.138247,41.421734],[2.138034,41.421781],[2.137748,41.421817],[2.137734,41.421931],[2.137338,41.421971],[2.137331,41.421973],[2.137341,41.421981],[2.137284,41.421983],[2.137371,41.422301],[2.13736,41.422713],[2.137431,41.42273],[2.137523,41.42275],[2.137618,41.422769],[2.137642,41.422774],[2.137639,41.422863],[2.137574,41.423029],[2.137819,41.423094],[2.1379,41.423115],[2.137924,41.423091],[2.137967,41.42305],[2.137993,41.423028],[2.138011,41.423016],[2.138027,41.423008],[2.138042,41.423004],[2.138086,41.423021],[2.138255,41.42311],[2.13814,41.423251],[2.138032,41.423197],[2.13795,41.423287],[2.137928,41.423312],[2.137875,41.42337],[2.13785,41.423396],[2.13779,41.423448],[2.137726,41.423496],[2.137656,41.423539],[2.137581,41.423578],[2.137503,41.423612],[2.137497,41.423614],[2.13745,41.423651],[2.137244,41.42376],[2.137314,41.423825],[2.137164,41.423907],[2.136812,41.424023],[2.136875,41.424129],[2.136907,41.424184],[2.137006,41.424303],[2.137007,41.424309],[2.137029,41.424378],[2.136974,41.424428],[2.136916,41.424495],[2.136764,41.42467],[2.136627,41.424834],[2.136858,41.424925],[2.136875,41.424933],[2.13678,41.425045],[2.136813,41.42506],[2.136956,41.425124],[2.136937,41.425166],[2.136862,41.425184],[2.136794,41.425209],[2.136721,41.425239],[2.136648,41.425267],[2.136556,41.4253],[2.136463,41.425334],[2.136382,41.425365],[2.136302,41.425396],[2.136239,41.425417],[2.136174,41.42543],[2.136094,41.425436],[2.136012,41.425439],[2.135948,41.42544],[2.135881,41.425441],[2.135804,41.425449],[2.135728,41.42546],[2.135656,41.425472],[2.135586,41.425482],[2.135533,41.425485],[2.135479,41.425482],[2.135416,41.425476],[2.135355,41.425464],[2.135303,41.425447],[2.13525,41.425429],[2.135191,41.425408],[2.135125,41.425422],[2.135035,41.425389],[2.134938,41.425367],[2.134741,41.425384],[2.134711,41.425448],[2.134705,41.425461],[2.1346,41.425705],[2.134592,41.425728],[2.134588,41.425727],[2.134586,41.425744],[2.134466,41.425714],[2.133521,41.425554],[2.13345,41.425542],[2.133321,41.425544],[2.133238,41.425546],[2.133276,41.425271],[2.133278,41.425255],[2.132578,41.425232],[2.132569,41.425232],[2.132542,41.425466],[2.132531,41.425557],[2.132535,41.425557],[2.132554,41.425559],[2.13255,41.42564],[2.13253,41.425809],[2.132504,41.425864],[2.132338,41.425891],[2.132322,41.42591],[2.132392,41.425944],[2.132565,41.425974],[2.132619,41.425998],[2.132653,41.426051],[2.132918,41.426138],[2.133047,41.426194],[2.133255,41.426279],[2.133437,41.42636],[2.133469,41.426398],[2.133477,41.426403],[2.133639,41.42647],[2.133658,41.426479],[2.133705,41.426504],[2.133744,41.426525],[2.133791,41.426539],[2.133815,41.42655],[2.133839,41.426561],[2.133894,41.426582],[2.133899,41.426583],[2.133951,41.426602],[2.133995,41.42662],[2.134037,41.42664],[2.134069,41.42666],[2.134101,41.426681],[2.13413,41.426701],[2.134158,41.426723],[2.134172,41.426737],[2.134185,41.426752],[2.134193,41.426761],[2.134196,41.426765],[2.134207,41.426778],[2.134194,41.426841],[2.13418,41.426887],[2.134159,41.42693],[2.134148,41.426946],[2.134143,41.426955],[2.134131,41.426971],[2.134096,41.427009],[2.134072,41.42703],[2.133934,41.427107],[2.133632,41.427239],[2.133477,41.427307],[2.133282,41.42739],[2.133123,41.427452],[2.133083,41.427465],[2.133084,41.427461],[2.133094,41.427415],[2.133121,41.427277],[2.133165,41.42709],[2.133132,41.427103],[2.133129,41.427045],[2.132999,41.427006],[2.132902,41.426962],[2.132664,41.426962],[2.132666,41.427],[2.132667,41.42701],[2.132667,41.427022],[2.132671,41.427088],[2.132578,41.427093],[2.132534,41.427097],[2.132474,41.427091],[2.132281,41.427073],[2.132282,41.427061],[2.132137,41.427019],[2.131989,41.426986],[2.131927,41.426969],[2.131734,41.42694],[2.131628,41.426924],[2.131631,41.426915],[2.13125,41.426876],[2.130885,41.426844],[2.130884,41.427013],[2.13101,41.427055],[2.130981,41.427154],[2.130977,41.427169],[2.131183,41.427186],[2.131567,41.427214],[2.131549,41.427298],[2.131523,41.427415],[2.131429,41.42741],[2.131119,41.427393],[2.130954,41.427416],[2.130854,41.427473],[2.13066,41.42758],[2.130469,41.427669],[2.130075,41.427733],[2.129708,41.427745],[2.129481,41.427695],[2.129172,41.427602],[2.129032,41.42763],[2.128757,41.427767],[2.128706,41.427792],[2.128674,41.427817],[2.128648,41.427845],[2.128628,41.427876],[2.128621,41.427892],[2.128619,41.427898],[2.128615,41.427913],[2.128617,41.427923],[2.128621,41.427928],[2.128631,41.427938],[2.128643,41.427944],[2.128659,41.42795],[2.128674,41.427955],[2.128681,41.427958],[2.128688,41.427962],[2.128735,41.427993],[2.128781,41.428024],[2.128817,41.428047],[2.12882,41.428048],[2.128852,41.428069],[2.128884,41.428091],[2.128898,41.428101],[2.128942,41.428134],[2.128968,41.428155],[2.128992,41.428179],[2.129008,41.428206],[2.129018,41.428234],[2.129023,41.428259],[2.129023,41.428283],[2.129013,41.428319],[2.129002,41.428344],[2.128998,41.428354],[2.128979,41.428389],[2.128957,41.428424],[2.12893,41.42846],[2.128902,41.428496],[2.128867,41.428538],[2.12883,41.428578],[2.128797,41.428612],[2.128764,41.428646],[2.128744,41.428669],[2.128727,41.428693],[2.128707,41.42873],[2.128687,41.428766],[2.128666,41.428804],[2.128645,41.428842],[2.128619,41.428884],[2.128591,41.428926],[2.128565,41.428965],[2.128544,41.428994],[2.128537,41.429003],[2.12851,41.429038],[2.12849,41.429064],[2.128483,41.429073],[2.128476,41.429087],[2.128473,41.429092],[2.128466,41.429111],[2.128462,41.429128],[2.128462,41.429144],[2.128468,41.429167],[2.12848,41.42919],[2.128499,41.429216],[2.128521,41.42924],[2.128544,41.42926],[2.128571,41.429277],[2.128605,41.429294],[2.12864,41.429309],[2.128701,41.429334],[2.128762,41.429358],[2.128821,41.429382],[2.128881,41.429406],[2.12893,41.429427],[2.128977,41.42945],[2.129033,41.429478],[2.129089,41.429505],[2.129143,41.429533],[2.129197,41.42956],[2.129231,41.429572],[2.129267,41.429579],[2.129302,41.429581],[2.129337,41.429577],[2.12937,41.429566],[2.12938,41.429561],[2.129431,41.42952],[2.129445,41.42951],[2.129456,41.429502],[2.129482,41.42938],[2.129497,41.429342],[2.12952,41.429288],[2.129534,41.429266],[2.129564,41.429235],[2.129598,41.429207],[2.129697,41.42913],[2.129797,41.429053],[2.129922,41.428961],[2.130048,41.428871],[2.130119,41.428827],[2.130196,41.428787],[2.130262,41.428761],[2.130332,41.42874],[2.130482,41.428702],[2.130558,41.428686],[2.130636,41.428672],[2.130713,41.428661],[2.13083,41.428649],[2.130946,41.42864],[2.131061,41.428634],[2.131117,41.428634],[2.131172,41.42864],[2.131258,41.428653],[2.131344,41.428667],[2.13134,41.428675],[2.131455,41.428713],[2.131463,41.428716],[2.131625,41.428801],[2.131696,41.428854],[2.131776,41.428914],[2.131913,41.429026],[2.131894,41.42904],[2.131735,41.429147],[2.13175,41.429159],[2.131794,41.429192],[2.131935,41.429301],[2.131962,41.429301],[2.132072,41.4293],[2.132176,41.429342],[2.132167,41.429359],[2.132194,41.42936],[2.132377,41.429467],[2.132567,41.429883],[2.132697,41.430122],[2.132747,41.430203],[2.132784,41.430237],[2.132811,41.430261],[2.132801,41.43027],[2.132791,41.430279],[2.132785,41.430286],[2.132782,41.430289],[2.132777,41.4303],[2.132776,41.430306],[2.132777,41.430314],[2.132789,41.430328],[2.132811,41.430342],[2.132835,41.430348],[2.132853,41.43035],[2.132869,41.430346],[2.132886,41.430332],[2.132901,41.430317],[2.132908,41.430309],[2.132921,41.430294],[2.132943,41.430273],[2.132957,41.430262],[2.132971,41.430251],[2.133009,41.430234],[2.133048,41.430217],[2.13311,41.430193],[2.133174,41.430171],[2.133222,41.430156],[2.133271,41.430144],[2.133316,41.430138],[2.13336,41.430131],[2.13337,41.43013],[2.133426,41.430123],[2.133491,41.430115],[2.133534,41.430114],[2.133577,41.430117],[2.133632,41.430122],[2.133687,41.430127],[2.133738,41.43013],[2.133789,41.430132],[2.133834,41.430127],[2.133877,41.430113],[2.133912,41.430095],[2.13394,41.430073],[2.13397,41.430042],[2.133996,41.430009],[2.134025,41.429968],[2.134057,41.42993],[2.134079,41.429938],[2.134042,41.430002],[2.134061,41.43001],[2.133975,41.430096],[2.134065,41.430174],[2.134234,41.430083],[2.134316,41.430119],[2.134406,41.430027],[2.13451,41.430055],[2.134647,41.429878],[2.134749,41.429711],[2.134763,41.429688],[2.134755,41.429682],[2.134722,41.429658],[2.134604,41.429622],[2.134487,41.429564],[2.13438,41.429492],[2.134357,41.429474],[2.134393,41.429401],[2.134443,41.429308],[2.134474,41.429251],[2.134482,41.429249],[2.134483,41.429236],[2.134494,41.429215],[2.134533,41.429139],[2.134571,41.429063],[2.134599,41.429001],[2.134626,41.428938],[2.134655,41.428886],[2.134689,41.428836],[2.134712,41.428808],[2.13474,41.428782],[2.134744,41.428779],[2.134793,41.428744],[2.134851,41.42871],[2.134934,41.428667],[2.134953,41.428759],[2.134921,41.429221],[2.135516,41.429235],[2.135533,41.428949],[2.135535,41.428753],[2.135404,41.428652],[2.135098,41.428614],[2.135233,41.428583],[2.135268,41.428576],[2.13537,41.428562],[2.135413,41.428558],[2.135457,41.428555],[2.135502,41.428557],[2.135545,41.428565],[2.135585,41.428579],[2.135622,41.428598],[2.135653,41.42862],[2.135704,41.428675],[2.13573,41.428712],[2.135749,41.42875],[2.13576,41.42878],[2.135784,41.42885],[2.135806,41.428899],[2.135834,41.428946],[2.135844,41.428961],[2.13591,41.429049],[2.135993,41.429162],[2.136013,41.42918],[2.136039,41.429193],[2.136067,41.429202],[2.136073,41.429203],[2.136099,41.429205],[2.136111,41.429204],[2.136185,41.429242],[2.136085,41.429366],[2.136061,41.429396],[2.136108,41.429406],[2.136338,41.429455],[2.136564,41.429506],[2.13662,41.429517],[2.137031,41.429606],[2.137236,41.429659],[2.137251,41.42966],[2.137256,41.429664],[2.137311,41.429678],[2.13762,41.429759],[2.137755,41.429795],[2.137936,41.429845],[2.138236,41.429785],[2.13825,41.429783],[2.138268,41.429776],[2.138294,41.429769],[2.138379,41.429876],[2.138591,41.429931],[2.138708,41.429961],[2.13893,41.429901],[2.139255,41.429816],[2.139282,41.429814],[2.139308,41.429818],[2.139315,41.429821],[2.139337,41.429839],[2.139346,41.42985],[2.139358,41.429866],[2.139395,41.429908],[2.139438,41.429975],[2.13954,41.430056],[2.139681,41.430124],[2.139832,41.430209],[2.139958,41.430313],[2.140078,41.430415],[2.140177,41.430503],[2.140208,41.430559],[2.140216,41.430577],[2.140334,41.43084],[2.14043,41.431052],[2.140474,41.431166],[2.140504,41.431246],[2.140543,41.431348],[2.140539,41.431364],[2.140525,41.431409],[2.140524,41.431428],[2.140525,41.431436],[2.140545,41.431496],[2.140583,41.431575],[2.140663,41.431759],[2.140556,41.431763],[2.140446,41.431768],[2.140418,41.43177],[2.140391,41.431771],[2.140071,41.431786],[2.140088,41.432241],[2.140083,41.432251],[2.140059,41.432256],[2.140059,41.432281],[2.139956,41.432388],[2.139939,41.432379],[2.139852,41.43247],[2.139868,41.432478],[2.139738,41.432614],[2.139723,41.432638],[2.13942,41.432953],[2.139428,41.43296],[2.139518,41.433109],[2.139504,41.433172],[2.139485,41.433262],[2.139343,41.433292],[2.139342,41.433318],[2.139328,41.43332],[2.139005,41.433354],[2.138949,41.433417],[2.139015,41.433453],[2.139181,41.433468],[2.139249,41.433475],[2.139311,41.433481],[2.139341,41.433485],[2.139438,41.433494],[2.139458,41.433508],[2.139464,41.433528],[2.139452,41.433558],[2.139357,41.433623],[2.139357,41.433668],[2.139358,41.433674],[2.139367,41.433724],[2.139353,41.433726],[2.139321,41.433732],[2.139339,41.43387],[2.139411,41.434087],[2.139508,41.434267],[2.139559,41.434362],[2.139719,41.434636],[2.13974,41.434674],[2.13979,41.434759],[2.140025,41.434719],[2.14019,41.43469],[2.140458,41.434511],[2.140556,41.434602],[2.140663,41.434674],[2.140764,41.434694],[2.140776,41.434691],[2.14082,41.434681],[2.139964,41.435162],[2.13986,41.43522],[2.139836,41.435234],[2.139512,41.435426],[2.139701,41.43556],[2.139688,41.435573],[2.139714,41.435594],[2.139732,41.435581],[2.139939,41.435483],[2.140039,41.435477],[2.140098,41.435436],[2.14017,41.435384],[2.140157,41.435374],[2.140158,41.435325],[2.140221,41.435225],[2.140397,41.435122],[2.140557,41.435028],[2.14082,41.435076],[2.141022,41.4347],[2.141373,41.43481],[2.141585,41.434887],[2.141766,41.434953],[2.142284,41.43514],[2.142265,41.435176],[2.142193,41.435303],[2.142146,41.435392],[2.14167,41.435324],[2.141574,41.435666],[2.141322,41.435625],[2.141137,41.435691],[2.141041,41.435771],[2.141008,41.435856],[2.141013,41.435952],[2.141044,41.436009],[2.141037,41.436114],[2.140903,41.436142],[2.140801,41.436174],[2.140743,41.43626],[2.140723,41.43635],[2.140716,41.436407],[2.140753,41.436503],[2.14077,41.436622],[2.140715,41.436611],[2.140719,41.436674],[2.14075,41.436731],[2.140818,41.436851],[2.140791,41.43698],[2.14082,41.437175],[2.140792,41.437424],[2.140764,41.437423],[2.140636,41.437416],[2.140551,41.437415],[2.140466,41.437417],[2.140409,41.437422],[2.140333,41.437434],[2.14029,41.437445],[2.140252,41.437457],[2.140217,41.437474],[2.140197,41.437488],[2.140178,41.437509],[2.140173,41.437521],[2.140173,41.437527],[2.140172,41.437537],[2.140175,41.437548],[2.140178,41.437565],[2.140185,41.43759],[2.140191,41.437595],[2.140206,41.437612],[2.140224,41.437628],[2.14024,41.437639],[2.14027,41.43765],[2.140301,41.437659],[2.140318,41.437664],[2.140355,41.437676],[2.140363,41.437678],[2.140408,41.437694],[2.140435,41.437704],[2.140459,41.437716],[2.140508,41.43774],[2.14057,41.437783],[2.140576,41.437789],[2.140622,41.437828],[2.140671,41.437867],[2.140707,41.43789],[2.140798,41.43794],[2.140891,41.437988],[2.140966,41.438026],[2.141044,41.438063],[2.141076,41.438075],[2.14111,41.438085],[2.141121,41.438087],[2.141129,41.438097],[2.141137,41.438107],[2.141171,41.438107],[2.141244,41.438108],[2.141277,41.438118],[2.141308,41.438129],[2.141372,41.438159],[2.141431,41.438196],[2.141498,41.438239],[2.141562,41.438282],[2.14163,41.438332],[2.141694,41.438385],[2.141747,41.438435],[2.141802,41.438486],[2.141862,41.438527],[2.141876,41.438534],[2.141932,41.438558],[2.142004,41.438577],[2.142076,41.438594],[2.142132,41.438606],[2.142191,41.438609],[2.142245,41.438599],[2.142271,41.438593],[2.142282,41.438595],[2.142343,41.438608],[2.14239,41.438619],[2.142413,41.438625],[2.142426,41.438626],[2.142448,41.438636],[2.142633,41.438722],[2.142779,41.438855],[2.142794,41.438868],[2.142791,41.438902],[2.14279,41.438924],[2.142782,41.439032],[2.142781,41.439035],[2.14278,41.439044],[2.142771,41.439091],[2.14276,41.439138],[2.142749,41.439172],[2.142733,41.439203],[2.142697,41.439234],[2.142673,41.439249],[2.142651,41.439262],[2.142595,41.439293],[2.142537,41.439325],[2.142486,41.43936],[2.142441,41.439401],[2.142417,41.439431],[2.142402,41.439454],[2.142387,41.439479],[2.142368,41.439519],[2.142349,41.43956],[2.14233,41.439617],[2.142321,41.439676],[2.142328,41.439733],[2.142349,41.43979],[2.142355,41.439797],[2.142385,41.43984],[2.142431,41.439885],[2.142479,41.43992],[2.142627,41.440002],[2.142768,41.440079],[2.142772,41.440084],[2.142889,41.440202],[2.142895,41.440208],[2.14293,41.440337],[2.142967,41.44048],[2.143061,41.440681],[2.143089,41.440748],[2.143121,41.440825],[2.143163,41.440871],[2.14325,41.440931],[2.143445,41.441129],[2.14355,41.441243],[2.14356,41.441254],[2.143755,41.441387],[2.143764,41.441391],[2.143947,41.441487],[2.143971,41.4415],[2.144005,41.441514],[2.144118,41.441578],[2.144158,41.441578],[2.144196,41.441594],[2.144225,41.441601],[2.144462,41.441672],[2.144497,41.441682],[2.144795,41.441771],[2.144882,41.441786],[2.144982,41.441806],[2.14508,41.441818],[2.145154,41.441829],[2.145207,41.441794],[2.145248,41.441768],[2.145422,41.441667],[2.145431,41.441661],[2.145435,41.441655],[2.145449,41.441623],[2.145452,41.441617],[2.145466,41.441574],[2.145472,41.441556],[2.145494,41.441555],[2.145517,41.441554],[2.145586,41.441603],[2.145606,41.441617],[2.145614,41.441623],[2.145653,41.441654],[2.145864,41.441802],[2.145937,41.441855],[2.146012,41.44191],[2.146016,41.441912],[2.146056,41.44194],[2.146731,41.441601],[2.147413,41.441228],[2.147557,41.441131],[2.147741,41.441287],[2.147677,41.441322],[2.147696,41.441376],[2.147802,41.441445],[2.14824,41.441541],[2.148402,41.441554],[2.148484,41.441558],[2.148534,41.441527],[2.148574,41.441491],[2.148596,41.441448],[2.148605,41.441397],[2.148613,41.44135],[2.148622,41.441332],[2.14863,41.441313],[2.148639,41.441299],[2.148658,41.44128],[2.148671,41.441272],[2.148685,41.441267],[2.148744,41.44125],[2.148762,41.441246],[2.148839,41.441224],[2.148923,41.441356],[2.148934,41.441356],[2.149079,41.4414],[2.149373,41.441503],[2.14937,41.441532],[2.149468,41.441544],[2.149541,41.441553],[2.149547,41.441632],[2.149544,41.441635],[2.14955,41.441713],[2.149579,41.44186],[2.149589,41.441884],[2.149619,41.441939],[2.149647,41.441994],[2.149667,41.442064],[2.149679,41.442135],[2.149687,41.442189],[2.149695,41.442243],[2.149705,41.442297],[2.149713,41.442351],[2.149714,41.442396],[2.149714,41.442408],[2.149715,41.442441],[2.149717,41.442505],[2.14972,41.44257],[2.149732,41.442626],[2.149753,41.442681],[2.149762,41.442701],[2.149772,41.442721],[2.149791,41.442761],[2.149813,41.442804],[2.149821,41.442818],[2.149851,41.442876],[2.149862,41.442899],[2.149873,41.442922],[2.149885,41.442948],[2.149896,41.442974],[2.149909,41.443005],[2.149917,41.443025],[2.149924,41.443048],[2.14993,41.443072],[2.149938,41.443115],[2.149945,41.443151],[2.149953,41.443187],[2.149958,41.443205],[2.149959,41.443209],[2.150105,41.443437],[2.150132,41.443458],[2.150165,41.443483],[2.150258,41.443515],[2.150304,41.443542],[2.150293,41.443553],[2.150262,41.443571],[2.150217,41.443616],[2.150258,41.443661],[2.150292,41.443723],[2.150337,41.443785],[2.150405,41.443893],[2.150472,41.443892],[2.150454,41.443811],[2.15049,41.443798],[2.150477,41.443759],[2.150487,41.443719],[2.150435,41.443618],[2.150476,41.443595],[2.150505,41.44358],[2.150487,41.443571],[2.150543,41.44355],[2.150577,41.443545],[2.150623,41.443538],[2.150664,41.443532],[2.150737,41.443522],[2.150849,41.443508],[2.15109,41.44348],[2.151079,41.443452],[2.151067,41.443423],[2.15105,41.443395],[2.151025,41.44337],[2.15101,41.443357],[2.150987,41.443336],[2.150946,41.443305],[2.150902,41.443278],[2.150859,41.44325],[2.150856,41.443247],[2.150834,41.443231],[2.150811,41.44321],[2.150786,41.443186],[2.150763,41.443161],[2.150743,41.443135],[2.150729,41.443108],[2.150716,41.443077],[2.150703,41.443046],[2.150694,41.443021],[2.150688,41.442996],[2.150685,41.442973],[2.150682,41.442943],[2.15068,41.442898],[2.150678,41.442852],[2.150672,41.44274],[2.15066,41.442594],[2.150651,41.442524],[2.150647,41.442487],[2.150644,41.442453],[2.150643,41.442449],[2.15064,41.442431],[2.150639,41.44242],[2.150637,41.442414],[2.150634,41.442388],[2.150615,41.442266],[2.150599,41.442143],[2.150587,41.442037],[2.150575,41.441878],[2.150575,41.441841],[2.150428,41.441818],[2.150439,41.441798],[2.150457,41.441754],[2.150469,41.441739],[2.150513,41.441686],[2.150431,41.441649],[2.150411,41.441643],[2.150367,41.441617],[2.150442,41.441513],[2.150526,41.44144],[2.150535,41.441426],[2.15044,41.441372],[2.15036,41.441317],[2.150319,41.44129],[2.150324,41.441256],[2.150327,41.441252],[2.150337,41.441236],[2.150363,41.441191],[2.150386,41.441145],[2.150408,41.4411],[2.150433,41.441051],[2.150462,41.441005],[2.150471,41.440992],[2.150493,41.440959],[2.15053,41.440907],[2.150568,41.440855],[2.150573,41.440849],[2.150609,41.440808],[2.150638,41.440779],[2.150654,41.440763],[2.150704,41.440715],[2.150755,41.440669],[2.150806,41.440627],[2.15086,41.440586],[2.150911,41.440551],[2.15093,41.440542],[2.150948,41.440534],[2.150978,41.440521],[2.151008,41.440508],[2.151031,41.440504],[2.151054,41.440504],[2.151091,41.440505],[2.151096,41.440506],[2.151137,41.440509],[2.151191,41.440514],[2.151245,41.44052],[2.15131,41.440523],[2.151375,41.440524],[2.151449,41.440524],[2.151524,41.440524],[2.151618,41.440524],[2.151685,41.440523],[2.151712,41.440523],[2.151817,41.440527],[2.151923,41.440538],[2.152001,41.440551],[2.152142,41.440586],[2.152343,41.440631],[2.152383,41.440642],[2.152408,41.440649],[2.152423,41.440653],[2.152438,41.440657],[2.152453,41.440661],[2.152467,41.440665],[2.152504,41.440674],[2.152546,41.440686],[2.152656,41.440715],[2.152715,41.44073],[2.152882,41.440778],[2.153001,41.440809],[2.153121,41.440839],[2.153238,41.44087],[2.153358,41.440902],[2.153515,41.440944],[2.15367,41.440986],[2.153723,41.440998],[2.153776,41.441008],[2.153886,41.441022],[2.153925,41.441026],[2.15396,41.441029],[2.154034,41.441032],[2.154104,41.441033],[2.154174,41.441033],[2.154245,41.441029],[2.154316,41.441023],[2.154395,41.441014],[2.154473,41.441003],[2.154518,41.440994],[2.154552,41.440987],[2.154608,41.440976],[2.154632,41.440971],[2.155013,41.440885],[2.155162,41.440851],[2.155167,41.440842],[2.155285,41.440933],[2.155549,41.441192],[2.15561,41.441235],[2.155595,41.441249],[2.155581,41.441239],[2.155495,41.441302],[2.155419,41.441365],[2.155351,41.44142],[2.155295,41.441465],[2.155266,41.44149],[2.155235,41.441509],[2.155247,41.441552],[2.15526,41.441587],[2.155291,41.441672],[2.155345,41.441731],[2.15537,41.441759],[2.155429,41.441824],[2.155398,41.44185],[2.15557,41.441969],[2.155604,41.44194],[2.155708,41.442006],[2.155725,41.441987],[2.155761,41.441947],[2.15577,41.441954],[2.155807,41.441983],[2.155861,41.441992],[2.156017,41.442004],[2.156034,41.442005],[2.156144,41.442016],[2.156174,41.442018],[2.156191,41.442017],[2.156214,41.442017],[2.156214,41.442036],[2.156263,41.442039],[2.15632,41.442042],[2.156373,41.442045],[2.156388,41.442046],[2.156421,41.44194],[2.156412,41.441738],[2.156501,41.441715],[2.156483,41.441648],[2.156559,41.441615],[2.15668,41.441587],[2.156713,41.441623],[2.156961,41.441474],[2.157035,41.441429],[2.15706,41.441414],[2.157116,41.441381],[2.157203,41.441286],[2.157188,41.44127],[2.157144,41.441216],[2.157137,41.441207],[2.157178,41.441146],[2.157315,41.440948],[2.157373,41.440934],[2.157468,41.440945],[2.157583,41.440993],[2.157848,41.441104],[2.15785,41.441106],[2.157926,41.441137],[2.158489,41.441368],[2.158758,41.441431],[2.159078,41.441271],[2.15912,41.441249],[2.159185,41.441217],[2.159185,41.441213],[2.159226,41.441203],[2.15924,41.441199],[2.159263,41.44119],[2.159299,41.441173],[2.159338,41.441137],[2.159586,41.441884],[2.159656,41.442104],[2.159725,41.442251],[2.159854,41.442355],[2.159858,41.442358],[2.159975,41.442416],[2.160084,41.442467],[2.160167,41.442489],[2.160224,41.442498],[2.1604,41.442476],[2.16061,41.442454],[2.160683,41.442448],[2.160808,41.442428],[2.160901,41.442413],[2.161003,41.442406],[2.161154,41.442398],[2.161272,41.442395],[2.161356,41.442401],[2.161487,41.442415],[2.161584,41.442437],[2.161682,41.442483],[2.161692,41.442487],[2.161748,41.442514],[2.161779,41.442533],[2.16183,41.442568],[2.161833,41.44257],[2.161864,41.442593],[2.161895,41.442624],[2.16192,41.442652],[2.16194,41.442682],[2.161964,41.442717],[2.161985,41.442759],[2.161996,41.442783],[2.162011,41.442825],[2.162018,41.44285],[2.162027,41.442909],[2.162028,41.442942],[2.162027,41.442967],[2.162022,41.443006],[2.162013,41.443037],[2.162,41.443072],[2.161985,41.443105],[2.161926,41.443205],[2.161868,41.443305],[2.161829,41.443381],[2.161791,41.443457],[2.16177,41.443499],[2.161767,41.443504],[2.161759,41.443522],[2.161753,41.443536],[2.161747,41.443559],[2.161744,41.443575],[2.161743,41.443593],[2.161743,41.443604],[2.161743,41.443614],[2.161746,41.443635],[2.161748,41.443647],[2.161758,41.44368],[2.161774,41.443716],[2.161795,41.443751],[2.16182,41.443782],[2.161848,41.443811],[2.161882,41.443839],[2.161916,41.443866],[2.161937,41.443879],[2.161967,41.443893],[2.161998,41.443905],[2.162044,41.443921],[2.162055,41.443923],[2.162068,41.443927],[2.162091,41.443929],[2.162122,41.443932],[2.162157,41.443931],[2.162178,41.443929],[2.16221,41.443925],[2.162342,41.443904],[2.162473,41.443883],[2.162636,41.443857],[2.162797,41.443832],[2.162862,41.443825],[2.162928,41.443824],[2.163062,41.44383],[2.163169,41.443842],[2.163228,41.443853],[2.163273,41.443866],[2.163324,41.443887],[2.163371,41.443912],[2.163419,41.443944],[2.163457,41.443974],[2.163519,41.444034],[2.163568,41.4441],[2.163592,41.444154],[2.163599,41.444209],[2.16359,41.444272],[2.163577,41.444337],[2.163558,41.444417],[2.16354,41.444499],[2.163535,41.444569],[2.163541,41.444615],[2.163549,41.444642],[2.163568,41.444676],[2.163583,41.444698],[2.163605,41.444722],[2.163634,41.444745],[2.163673,41.444774],[2.163705,41.444793],[2.163743,41.444812],[2.163785,41.444831],[2.163819,41.444842],[2.163856,41.44485],[2.163903,41.444856],[2.163929,41.444856],[2.163959,41.444853],[2.163978,41.44485],[2.164073,41.444829],[2.164166,41.444808],[2.164283,41.444786],[2.1644,41.444767],[2.164447,41.444763],[2.164494,41.444765],[2.164547,41.444771],[2.16459,41.44478],[2.16463,41.444792],[2.164672,41.444806],[2.16471,41.444823],[2.164747,41.444843],[2.164795,41.444875],[2.164808,41.444885],[2.165373,41.445056],[2.165598,41.444687],[2.165603,41.444671],[2.165645,41.444604],[2.165777,41.444655],[2.16585,41.444684],[2.165894,41.444701],[2.165912,41.444708],[2.165968,41.444729],[2.166047,41.444759],[2.166163,41.444797],[2.166281,41.44483],[2.166318,41.444839],[2.166399,41.444861],[2.166517,41.444891],[2.166639,41.444922],[2.166761,41.444952],[2.166891,41.444984],[2.167021,41.445014],[2.167076,41.445024],[2.167133,41.445031],[2.167221,41.445037],[2.167309,41.445036],[2.167404,41.445031],[2.167496,41.445017],[2.167552,41.44512],[2.16762,41.445225],[2.167765,41.445267],[2.16828,41.445416],[2.168371,41.445429],[2.168429,41.445367],[2.168522,41.44527],[2.168601,41.445097],[2.168645,41.445064],[2.168699,41.445069],[2.168902,41.445092],[2.169192,41.44516],[2.169606,41.445259],[2.169691,41.44528],[2.169233,41.446142],[2.169398,41.446194],[2.169161,41.446623],[2.169698,41.446811],[2.169685,41.446833],[2.169499,41.447168],[2.169605,41.447204],[2.169613,41.447207],[2.169782,41.447264],[2.169825,41.447243],[2.169837,41.447237],[2.169851,41.447229],[2.169862,41.447206],[2.169871,41.44719],[2.169901,41.447131],[2.169938,41.447059],[2.169943,41.44706],[2.170014,41.447083],[2.170048,41.447093],[2.17013,41.447119],[2.170158,41.447128],[2.170186,41.447126],[2.170428,41.447203],[2.170459,41.447211],[2.170504,41.447212],[2.170509,41.447213],[2.170594,41.447216],[2.170657,41.44722],[2.170664,41.447217],[2.170696,41.447205],[2.170708,41.447201],[2.170714,41.447199],[2.170737,41.447376],[2.170745,41.447493],[2.17081,41.447662],[2.170877,41.447849],[2.170889,41.447894],[2.170921,41.447925],[2.17092,41.447929],[2.170927,41.447938],[2.170923,41.447978],[2.170926,41.448039],[2.170938,41.448112],[2.170952,41.448182],[2.170967,41.448242],[2.170985,41.448305],[2.170993,41.448324],[2.170996,41.448331],[2.170999,41.448335],[2.171006,41.448345],[2.17102,41.448364],[2.171034,41.44838],[2.17105,41.448395],[2.171067,41.448408],[2.171077,41.448415],[2.171092,41.448425],[2.171139,41.448452],[2.171215,41.448478],[2.171255,41.448477],[2.171281,41.448478],[2.171291,41.448479],[2.171319,41.448479],[2.171322,41.448479],[2.171358,41.448479],[2.171382,41.448471],[2.171456,41.448448],[2.171486,41.448434],[2.171513,41.448419],[2.171535,41.448404],[2.171565,41.448379],[2.171576,41.448368],[2.171589,41.448354],[2.17161,41.448327],[2.171619,41.448314],[2.171638,41.448287],[2.171676,41.44823],[2.171709,41.44817],[2.171749,41.448074],[2.171788,41.447982],[2.171813,41.44792],[2.171826,41.447888],[2.171851,41.447834],[2.171875,41.447785],[2.171888,41.447763],[2.171897,41.447748],[2.171907,41.447736],[2.171927,41.447719],[2.17195,41.447707],[2.171968,41.4477],[2.171987,41.447697],[2.171999,41.447696],[2.172061,41.447699],[2.17205,41.44774],[2.172008,41.447785],[2.172008,41.447804],[2.172009,41.447837],[2.172018,41.447837],[2.172101,41.447837],[2.172101,41.447849],[2.172134,41.447848],[2.172134,41.447874],[2.172178,41.447874],[2.172178,41.44789],[2.172207,41.44789],[2.172208,41.447915],[2.172288,41.447915],[2.172313,41.447915],[2.172389,41.447916],[2.172466,41.447917],[2.17255,41.447919],[2.172634,41.447922],[2.172641,41.447923],[2.172682,41.447925],[2.17273,41.447928],[2.172777,41.447933],[2.172785,41.447935],[2.172854,41.447956],[2.17288,41.447975],[2.172893,41.447987],[2.17291,41.448003],[2.172938,41.44803],[2.172942,41.448034],[2.172963,41.448054],[2.172967,41.448058],[2.172986,41.448078],[2.173009,41.448104],[2.173032,41.44813],[2.173041,41.448158],[2.172962,41.448198],[2.172898,41.44823],[2.17273,41.448317],[2.172722,41.448326],[2.172881,41.448525],[2.172932,41.448576],[2.172972,41.448615],[2.172981,41.448625],[2.173008,41.448654],[2.173061,41.448695],[2.173081,41.44871],[2.173146,41.448772],[2.173077,41.448821],[2.173172,41.448934],[2.173248,41.44899],[2.173288,41.449029],[2.17335,41.449038],[2.173492,41.44905],[2.173631,41.449047],[2.173835,41.449045],[2.173916,41.449044],[2.173958,41.449086],[2.174022,41.449146],[2.174091,41.449197],[2.17412,41.449227],[2.174169,41.449341],[2.174177,41.449397],[2.174219,41.449426],[2.174233,41.449409],[2.1743,41.449368],[2.174417,41.449474],[2.174455,41.449461],[2.174468,41.449484],[2.174439,41.449493],[2.174541,41.449574],[2.174733,41.449478],[2.174767,41.449487],[2.174793,41.449494],[2.174821,41.449502],[2.174846,41.449507],[2.17487,41.449509],[2.174905,41.449509],[2.174945,41.449506],[2.174983,41.449505],[2.175048,41.449497],[2.175089,41.449492],[2.174896,41.44954],[2.174919,41.44962],[2.174935,41.449678],[2.17497,41.449824],[2.175042,41.449824],[2.17519,41.449806],[2.175295,41.449788],[2.175321,41.449784],[2.175314,41.44976],[2.175279,41.449625],[2.175271,41.449603],[2.17534,41.44959],[2.175371,41.44968],[2.175404,41.449778],[2.175489,41.449762],[2.175514,41.449757],[2.175522,41.44976],[2.175563,41.449772],[2.175575,41.449779],[2.17574,41.449877],[2.175953,41.450031],[2.176002,41.450056],[2.176167,41.450146],[2.176172,41.450148],[2.176204,41.450161],[2.176247,41.450176],[2.17629,41.450191],[2.176432,41.450222],[2.176452,41.450224],[2.176486,41.450224],[2.176521,41.450221],[2.176545,41.450218],[2.176569,41.450212],[2.176651,41.45015],[2.176675,41.45013],[2.1767,41.450122],[2.176727,41.450129],[2.176749,41.450155],[2.176765,41.450178],[2.176778,41.450201],[2.176783,41.450209],[2.176803,41.450239],[2.176813,41.450255],[2.176818,41.450259],[2.176887,41.450287],[2.176891,41.450282],[2.176902,41.450274],[2.176915,41.450267],[2.176928,41.450265],[2.176933,41.450266],[2.17694,41.450267],[2.176953,41.450274],[2.176962,41.450283],[2.176965,41.450294],[2.176964,41.450312],[2.176963,41.450332],[2.176962,41.450389],[2.17696,41.450446],[2.17696,41.450485],[2.176961,41.450526],[2.176968,41.450561],[2.176984,41.450596],[2.177011,41.450633],[2.177044,41.450665],[2.177078,41.450692],[2.177115,41.450717],[2.177151,41.450737],[2.177191,41.450755],[2.177248,41.450773],[2.177306,41.450786],[2.177368,41.450795],[2.177431,41.450803],[2.177493,41.450808],[2.177554,41.450811],[2.177603,41.450811],[2.177652,41.45081],[2.177704,41.450807],[2.177755,41.4508],[2.177802,41.450792],[2.177849,41.45078],[2.177896,41.450764],[2.177942,41.450747],[2.177985,41.450727],[2.178024,41.450703],[2.17806,41.450676],[2.178093,41.450649],[2.178119,41.450626],[2.178145,41.450602],[2.178171,41.450569],[2.17819,41.450536],[2.178208,41.450501],[2.178223,41.450466],[2.178232,41.450429],[2.178238,41.450392],[2.17824,41.45036],[2.178239,41.450328],[2.178234,41.450298],[2.178226,41.450269],[2.178215,41.450239],[2.178201,41.450209],[2.17818,41.450176],[2.178155,41.450145],[2.178133,41.450123],[2.17811,41.450102],[2.178076,41.450077],[2.178038,41.450053],[2.178009,41.450041],[2.177967,41.450027],[2.177953,41.450023],[2.17793,41.450018],[2.177909,41.450014],[2.177895,41.450012],[2.177873,41.45001],[2.177847,41.450009],[2.177821,41.450008],[2.177794,41.450007],[2.17777,41.450007],[2.177746,41.450007],[2.177726,41.450006],[2.177708,41.45],[2.177694,41.449992],[2.177683,41.449982],[2.177655,41.449952],[2.17763,41.449922],[2.177615,41.449902],[2.177612,41.449896],[2.177609,41.449888],[2.177606,41.449881],[2.177604,41.449874],[2.177601,41.449848],[2.177598,41.449815],[2.177591,41.449754],[2.177591,41.449746],[2.177591,41.449737],[2.177592,41.449724],[2.177593,41.449714],[2.1776,41.449647],[2.177605,41.449585],[2.177609,41.449524],[2.17761,41.449463],[2.177607,41.449402],[2.177602,41.449355],[2.177593,41.449309],[2.177577,41.449251],[2.177557,41.449193],[2.177521,41.449123],[2.177472,41.449056],[2.177425,41.449012],[2.17737,41.448973],[2.177325,41.448948],[2.177278,41.448924],[2.177223,41.448901],[2.177166,41.448884],[2.177098,41.448875],[2.17703,41.448875],[2.176947,41.448878],[2.176863,41.448882],[2.17679,41.448884],[2.176718,41.448887],[2.176679,41.448886],[2.176641,41.448881],[2.176617,41.448872],[2.176597,41.448859],[2.17658,41.448843],[2.176568,41.448825],[2.176565,41.448809],[2.176566,41.448793],[2.176572,41.448774],[2.176582,41.448756],[2.176596,41.448737],[2.176615,41.448721],[2.176631,41.44871],[2.17665,41.448704],[2.176666,41.4487],[2.176679,41.448698],[2.176694,41.448697],[2.17681,41.448695],[2.176927,41.448693],[2.177073,41.448689],[2.17722,41.448684],[2.177272,41.448687],[2.177324,41.448696],[2.177387,41.448714],[2.177446,41.448738],[2.177528,41.448782],[2.177606,41.448829],[2.177675,41.448875],[2.177739,41.448925],[2.177788,41.44897],[2.17783,41.449018],[2.177866,41.449065],[2.177891,41.449115],[2.177913,41.449192],[2.177929,41.449247],[2.177935,41.449268],[2.177957,41.449344],[2.177981,41.44942],[2.178003,41.44948],[2.178021,41.449519],[2.178033,41.449539],[2.17805,41.449561],[2.178058,41.44957],[2.178079,41.449587],[2.178088,41.449593],[2.178094,41.449597],[2.178124,41.44961],[2.178141,41.449617],[2.17817,41.449625],[2.17819,41.449629],[2.178222,41.449633],[2.178239,41.449633],[2.178259,41.449633],[2.178275,41.44963],[2.178287,41.449628],[2.178299,41.449624],[2.178335,41.449609],[2.178361,41.449599],[2.178382,41.449591],[2.178412,41.44958],[2.17845,41.449571],[2.178466,41.449567],[2.178471,41.449566],[2.178521,41.449556],[2.178581,41.449545],[2.178607,41.44954],[2.178694,41.449523],[2.178769,41.449512],[2.178845,41.449503],[2.178909,41.449502],[2.178931,41.449503],[2.178973,41.449506],[2.179053,41.449515],[2.179132,41.449529],[2.17921,41.449547],[2.179287,41.44957],[2.179344,41.449589],[2.179397,41.449614],[2.179473,41.449661],[2.179543,41.449712],[2.179628,41.449779],[2.179713,41.449847],[2.179804,41.449917],[2.179895,41.449988],[2.179947,41.450029],[2.179999,41.45007],[2.180044,41.450106],[2.180061,41.45012],[2.180083,41.450134],[2.180105,41.450153],[2.18012,41.450159],[2.180174,41.450145],[2.180182,41.45014],[2.180292,41.450076],[2.180322,41.450096],[2.180869,41.450456],[2.18229,41.45131],[2.182207,41.451425],[2.182176,41.451474],[2.182655,41.451788],[2.182597,41.451834],[2.182503,41.451908],[2.182788,41.452109],[2.182974,41.452238],[2.183092,41.452321],[2.183106,41.452333],[2.183118,41.452342],[2.183257,41.452409],[2.183302,41.45237],[2.183316,41.452358],[2.183385,41.4523],[2.183399,41.452287],[2.183166,41.452161],[2.183206,41.452117],[2.183668,41.451613],[2.183802,41.451528],[2.183901,41.451527],[2.183896,41.451534],[2.184307,41.451758],[2.184321,41.451749],[2.184388,41.451712],[2.18441,41.45173],[2.184458,41.451768],[2.184498,41.451801],[2.18457,41.451893],[2.184581,41.451907],[2.184655,41.452001],[2.184703,41.452085],[2.185311,41.451783],[2.185353,41.45184],[2.185836,41.452313],[2.185851,41.452328],[2.186079,41.452497],[2.186093,41.452513],[2.186102,41.45253],[2.186107,41.452549],[2.186107,41.452568],[2.186102,41.452588],[2.186092,41.452606],[2.186078,41.452623],[2.186059,41.452637],[2.18595,41.452709],[2.185817,41.4528],[2.185795,41.452823],[2.185778,41.452848],[2.185766,41.452875],[2.185761,41.452903],[2.18576,41.452928],[2.185765,41.452953],[2.185774,41.452977],[2.185787,41.453],[2.185819,41.453039],[2.185802,41.453051],[2.185858,41.453083],[2.185945,41.453101],[2.185954,41.453103],[2.186023,41.453401],[2.185858,41.453422],[2.186084,41.453664],[2.186084,41.453665],[2.186272,41.453873],[2.186303,41.453917],[2.186493,41.453897],[2.18651,41.453843],[2.186602,41.453815],[2.186665,41.453795],[2.18667,41.453781],[2.186684,41.453736],[2.1867,41.453685],[2.186716,41.453635],[2.186719,41.453627],[2.186723,41.45362],[2.18673,41.453615],[2.186739,41.453613],[2.186746,41.453612],[2.186753,41.453615],[2.186759,41.453619],[2.186762,41.453623],[2.186764,41.453631],[2.186765,41.453638],[2.186766,41.453662],[2.186766,41.453701],[2.186768,41.45373],[2.186778,41.453772],[2.186793,41.453813],[2.186821,41.453866],[2.18686,41.453917],[2.186908,41.453962],[2.186959,41.454004],[2.187007,41.454037],[2.187057,41.45407],[2.187161,41.454131],[2.187264,41.45419],[2.187312,41.45422],[2.187378,41.454268],[2.18744,41.454319],[2.187488,41.454367],[2.187532,41.454418],[2.187573,41.454473],[2.187595,41.454508],[2.187609,41.454529],[2.18764,41.454589],[2.187667,41.454651],[2.187676,41.454675],[2.187764,41.454683],[2.187842,41.454689],[2.187904,41.454549],[2.188018,41.454274],[2.188057,41.453971],[2.188105,41.453685],[2.188263,41.453704],[2.188361,41.453715],[2.188503,41.453716],[2.188578,41.453733],[2.188826,41.45376],[2.188844,41.453762],[2.188915,41.453769],[2.188936,41.453772],[2.18913,41.453792],[2.188982,41.455514],[2.189513,41.455382],[2.190104,41.4553],[2.190758,41.455312],[2.19096,41.455311],[2.191238,41.455295],[2.191479,41.455273],[2.191611,41.455229],[2.191695,41.45518],[2.191708,41.455171],[2.191734,41.455161],[2.191763,41.455156],[2.191794,41.455157],[2.191822,41.455155],[2.191848,41.455147],[2.19187,41.455135],[2.19188,41.455127],[2.191906,41.455116],[2.191936,41.455111],[2.19196,41.455111],[2.191988,41.455109],[2.192015,41.455103],[2.192038,41.455091],[2.192049,41.455082],[2.192078,41.455068],[2.192111,41.45506],[2.192134,41.455057],[2.192159,41.455054],[2.192181,41.455045],[2.192199,41.455032],[2.192207,41.455023],[2.192229,41.455008],[2.192254,41.454998],[2.192283,41.454994],[2.192291,41.454993],[2.19232,41.454986],[2.192324,41.454983],[2.19236,41.45503],[2.19254,41.454965],[2.192571,41.454952],[2.192597,41.454934],[2.192601,41.454931],[2.19262,41.454922],[2.192623,41.454921],[2.192648,41.454916],[2.192674,41.454917],[2.192678,41.454917],[2.192705,41.454913],[2.192728,41.454904],[2.192748,41.45489],[2.192755,41.454882],[2.192778,41.454869],[2.192805,41.454862],[2.192834,41.454861],[2.192841,41.454861],[2.192869,41.454856],[2.192894,41.454845],[2.192914,41.45483],[2.192921,41.454823],[2.192943,41.454811],[2.192968,41.454804],[2.192996,41.454803],[2.192999,41.454803],[2.193025,41.454799],[2.193049,41.454789],[2.193067,41.454775],[2.193075,41.454765],[2.193097,41.454752],[2.193123,41.454744],[2.193152,41.454742],[2.193178,41.45474],[2.193202,41.454732],[2.193222,41.45472],[2.193234,41.454706],[2.193248,41.454692],[2.193268,41.454682],[2.193291,41.454678],[2.193307,41.454678],[2.193335,41.454673],[2.193361,41.454663],[2.193383,41.454648],[2.193395,41.454635],[2.19342,41.454619],[2.193449,41.454608],[2.193481,41.454603],[2.193488,41.454603],[2.193522,41.454586],[2.19355,41.454565],[2.193563,41.454552],[2.193567,41.454548],[2.193598,41.454534],[2.193633,41.454526],[2.193647,41.454525],[2.193672,41.454508],[2.193692,41.454489],[2.193698,41.454479],[2.193721,41.454463],[2.193748,41.454452],[2.193768,41.454448],[2.193795,41.454438],[2.193818,41.454423],[2.193834,41.454404],[2.193839,41.454396],[2.193861,41.45438],[2.193888,41.454368],[2.193909,41.454362],[2.193933,41.454352],[2.193953,41.454337],[2.193966,41.454319],[2.193969,41.454312],[2.193981,41.454295],[2.193999,41.454281],[2.194022,41.454272],[2.194037,41.454269],[2.19406,41.454257],[2.194077,41.454241],[2.194088,41.454222],[2.19409,41.454214],[2.194106,41.454196],[2.194127,41.454181],[2.194153,41.45417],[2.194162,41.454168],[2.194183,41.454154],[2.194198,41.454137],[2.194207,41.454117],[2.194208,41.45411],[2.194222,41.45409],[2.194241,41.454074],[2.194266,41.454062],[2.19427,41.454061],[2.194289,41.454049],[2.194303,41.454032],[2.19431,41.454014],[2.194311,41.454008],[2.194319,41.453989],[2.194334,41.453971],[2.194354,41.453957],[2.194372,41.45395],[2.19439,41.453936],[2.194401,41.453919],[2.194406,41.4539],[2.194406,41.453895],[2.194416,41.453873],[2.194433,41.453854],[2.194456,41.453838],[2.194474,41.453819],[2.194485,41.453798],[2.194488,41.45378],[2.194496,41.453758],[2.1945,41.453753],[2.194511,41.453738],[2.194532,41.453722],[2.194546,41.453715],[2.194559,41.453694],[2.194565,41.453672],[2.194564,41.453657],[2.194569,41.453635],[2.194582,41.453614],[2.194601,41.453597],[2.194605,41.453594],[2.194618,41.453574],[2.194625,41.453552],[2.194624,41.453534],[2.194623,41.453512],[2.194629,41.453491],[2.194985,41.454117],[2.195125,41.454018],[2.195503,41.453758],[2.196212,41.453258],[2.1968,41.452838],[2.197009,41.452687],[2.197578,41.452284],[2.198292,41.451732],[2.198319,41.45171],[2.198585,41.451503],[2.198836,41.451269],[2.199142,41.451007],[2.199202,41.450955],[2.199336,41.450839],[2.199356,41.45082],[2.199482,41.45071],[2.199534,41.450665],[2.199961,41.450249],[2.200321,41.449938],[2.200769,41.449456],[2.200806,41.449416],[2.20099,41.449218],[2.201187,41.449042],[2.201214,41.449015],[2.201791,41.448444],[2.201842,41.448393],[2.201903,41.448332],[2.201949,41.448286],[2.203141,41.447075],[2.203166,41.447049],[2.202868,41.446883],[2.202875,41.446876],[2.20259,41.446751],[2.201872,41.446389],[2.200366,41.445631],[2.199479,41.445183],[2.199353,41.445088],[2.199269,41.444979],[2.199236,41.444822],[2.199458,41.443576],[2.199552,41.442918],[2.199841,41.441155],[2.200061,41.440078],[2.200202,41.439185],[2.200227,41.439187],[2.200364,41.439165],[2.200504,41.439179],[2.20055,41.439184],[2.201767,41.439334],[2.202827,41.439473],[2.203534,41.439566],[2.203884,41.438993],[2.204061,41.439034],[2.20406,41.439038],[2.204061,41.439052],[2.20407,41.439064],[2.204084,41.439073],[2.204095,41.439077],[2.204603,41.439179],[2.20529,41.439329],[2.20622,41.439539],[2.206304,41.439552],[2.206866,41.439608],[2.207853,41.439707],[2.207877,41.439706],[2.207898,41.439699],[2.207915,41.439687],[2.207957,41.439689],[2.208002,41.439717],[2.208007,41.43972],[2.208056,41.43954],[2.208128,41.439219],[2.208129,41.439216],[2.208349,41.439226],[2.2084,41.439228],[2.20859,41.439237],[2.208602,41.439196],[2.209387,41.436392],[2.209446,41.436216],[2.209012,41.435913],[2.208779,41.435713],[2.208477,41.435403],[2.207764,41.434559],[2.20644,41.43299],[2.206425,41.432971],[2.206147,41.433101],[2.206046,41.433816],[2.205961,41.433985],[2.205854,41.434079],[2.205822,41.434084],[2.20574,41.434081],[2.204562,41.433982],[2.204116,41.433946],[2.203024,41.433861],[2.20275,41.433835],[2.202616,41.433836],[2.202543,41.433844],[2.20242,41.433878],[2.202334,41.433913],[2.202174,41.434003],[2.201818,41.434142],[2.201536,41.434292],[2.201432,41.434351],[2.201408,41.43438],[2.201374,41.434526],[2.201273,41.435023],[2.201201,41.435416],[2.201184,41.435532],[2.201183,41.435571],[2.201207,41.435592],[2.201242,41.435616],[2.20126,41.435644],[2.201255,41.435721],[2.201271,41.435764],[2.203379,41.435981],[2.203122,41.438213],[2.203113,41.438355],[2.200676,41.438072],[2.200557,41.438059],[2.200524,41.438053],[2.200422,41.438035],[2.200809,41.435785],[2.200569,41.435755],[2.200505,41.435747],[2.200277,41.435716],[2.199145,41.435583],[2.198935,41.435563],[2.198731,41.435545],[2.198716,41.435544],[2.198661,41.435543],[2.198508,41.435541],[2.198416,41.43554],[2.198333,41.435539],[2.197935,41.43554],[2.197538,41.435546],[2.197141,41.435558],[2.196744,41.435576],[2.196723,41.435577],[2.196622,41.435582],[2.19656,41.435586],[2.196385,41.435593],[2.196278,41.435598],[2.19609,41.435604],[2.19594,41.435611],[2.195937,41.435547],[2.195664,41.435522],[2.195571,41.435508],[2.195487,41.435509],[2.195166,41.435453],[2.195062,41.435428],[2.194977,41.435402],[2.194789,41.435303],[2.194761,41.435249],[2.194766,41.435213],[2.194705,41.435113],[2.194697,41.435052],[2.194701,41.434997],[2.195328,41.433566],[2.195425,41.433364],[2.195506,41.433245],[2.195577,41.433258],[2.195634,41.433157],[2.195888,41.433019],[2.197447,41.432271],[2.197385,41.432199],[2.198279,41.431773],[2.199588,41.431147],[2.199602,41.43114],[2.199642,41.430931],[2.199639,41.430932],[2.199682,41.430753],[2.19975,41.430463],[2.199751,41.43046],[2.199554,41.430426],[2.199294,41.43037],[2.198967,41.4303],[2.199059,41.430019],[2.199064,41.429945],[2.199064,41.429941],[2.199065,41.429936],[2.199065,41.429931],[2.199137,41.428954],[2.199134,41.428628],[2.199423,41.428638],[2.199419,41.428393],[2.199421,41.428284],[2.199424,41.428145],[2.199426,41.428078],[2.19946,41.427543],[2.199889,41.427324],[2.200969,41.426709],[2.201309,41.426515],[2.201501,41.426392],[2.201497,41.426338],[2.201741,41.426136],[2.203659,41.424677],[2.203734,41.424622],[2.20397,41.42481],[2.204627,41.425408],[2.205125,41.425911],[2.205621,41.426451],[2.206108,41.427062],[2.205991,41.427146],[2.205754,41.427262],[2.205532,41.427363],[2.204921,41.427652],[2.204707,41.427754],[2.204312,41.427944],[2.203474,41.428339],[2.203267,41.428454],[2.203085,41.428595],[2.203161,41.428693],[2.203291,41.428849],[2.203585,41.4292],[2.205051,41.428459],[2.205816,41.428082],[2.206948,41.427554],[2.207077,41.427494],[2.207159,41.427454],[2.207188,41.42744],[2.207148,41.427125],[2.2068,41.426709],[2.20674,41.426638],[2.206636,41.426524],[2.206575,41.426457],[2.20647,41.426345],[2.206468,41.426289],[2.206465,41.426251],[2.206459,41.426183],[2.206412,41.426093],[2.206352,41.426011],[2.206264,41.42593],[2.206151,41.425812],[2.20614,41.425766],[2.206099,41.425753],[2.206093,41.425673],[2.206036,41.425619],[2.206056,41.425588],[2.206101,41.425515],[2.206621,41.425386],[2.206963,41.425266],[2.207158,41.425181],[2.20733,41.425058],[2.207414,41.424996],[2.207456,41.425007],[2.207514,41.425053],[2.207545,41.42503],[2.20777,41.425013]]],[[[2.169953,41.460718],[2.170075,41.460735],[2.170042,41.460837],[2.170132,41.460855],[2.170232,41.460889],[2.171144,41.461048],[2.171157,41.46101],[2.171205,41.460873],[2.171275,41.46067],[2.171353,41.460426],[2.171606,41.460466],[2.172048,41.46056],[2.172345,41.460629],[2.172167,41.46069],[2.172128,41.460746],[2.172121,41.460789],[2.172016,41.46107],[2.172477,41.461221],[2.172963,41.46132],[2.172872,41.461562],[2.173548,41.461734],[2.173604,41.461748],[2.173715,41.461501],[2.173892,41.461531],[2.174145,41.461566],[2.174322,41.461611],[2.174441,41.461693],[2.174471,41.461864],[2.174648,41.462385],[2.17487,41.462344],[2.174985,41.462377],[2.175281,41.46246],[2.175534,41.462495],[2.175645,41.462801],[2.175688,41.462911],[2.175757,41.462954],[2.175896,41.462979],[2.176277,41.462924],[2.176398,41.462878],[2.17648,41.462916],[2.176574,41.462931],[2.176619,41.462932],[2.176816,41.462895],[2.176954,41.463117],[2.176967,41.463168],[2.17711,41.46314],[2.177241,41.463365],[2.177371,41.463566],[2.177688,41.463588],[2.178074,41.463619],[2.178371,41.463635],[2.178441,41.463636],[2.178536,41.463627],[2.178624,41.46359],[2.178767,41.463512],[2.178854,41.463439],[2.178912,41.463337],[2.178979,41.463262],[2.179192,41.463064],[2.179745,41.462552],[2.179781,41.462516],[2.18001,41.46214],[2.180384,41.46152],[2.181283,41.460619],[2.181732,41.460146],[2.181905,41.459976],[2.183263,41.460853],[2.183247,41.460873],[2.183263,41.460883],[2.182989,41.461206],[2.182311,41.462012],[2.182328,41.462132],[2.182274,41.462267],[2.182157,41.462442],[2.182088,41.462539],[2.181732,41.462901],[2.181716,41.462952],[2.181718,41.463007],[2.181732,41.463044],[2.181684,41.463076],[2.181572,41.463126],[2.181536,41.46316],[2.181176,41.463547],[2.181088,41.463666],[2.181119,41.463699],[2.181454,41.463811],[2.181469,41.46385],[2.181595,41.464292],[2.181681,41.464637],[2.181743,41.464802],[2.181538,41.464815],[2.181214,41.464916],[2.180875,41.465028],[2.180736,41.46512],[2.180596,41.465294],[2.180485,41.465458],[2.180441,41.465641],[2.180487,41.465778],[2.180525,41.465909],[2.180133,41.465917],[2.1801,41.466002],[2.18023,41.466298],[2.18031,41.466423],[2.180455,41.466534],[2.180547,41.466734],[2.180546,41.466801],[2.180458,41.466815],[2.180363,41.466766],[2.18025,41.466704],[2.179905,41.466434],[2.17984,41.466505],[2.179695,41.466461],[2.179518,41.46646],[2.17927,41.46652],[2.179168,41.466563],[2.179342,41.466821],[2.179495,41.46677],[2.179768,41.466695],[2.179907,41.466758],[2.180001,41.466878],[2.180206,41.467161],[2.180444,41.46742],[2.180581,41.467597],[2.18077,41.467632],[2.180859,41.467618],[2.181057,41.467486],[2.181205,41.467359],[2.181434,41.467241],[2.181644,41.467195],[2.181827,41.467249],[2.181953,41.467355],[2.181752,41.467682],[2.181979,41.467793],[2.18198,41.467909],[2.182117,41.467935],[2.1822,41.46795],[2.182376,41.467943],[2.182629,41.468002],[2.182707,41.467743],[2.182806,41.467452],[2.182835,41.467342],[2.182873,41.467238],[2.182922,41.467129],[2.182933,41.466997],[2.182946,41.466908],[2.182994,41.466807],[2.183075,41.466747],[2.183434,41.466584],[2.183504,41.466532],[2.183531,41.466494],[2.183606,41.466276],[2.183708,41.466045],[2.18393,41.465731],[2.184025,41.465583],[2.184054,41.465476],[2.184048,41.465449],[2.184244,41.465406],[2.184373,41.465347],[2.184587,41.465223],[2.184808,41.465077],[2.184825,41.465072],[2.18489,41.465081],[2.184947,41.465111],[2.184969,41.465131],[2.185,41.46518],[2.185,41.465188],[2.184947,41.465255],[2.184668,41.465431],[2.184502,41.465606],[2.18443,41.465699],[2.184254,41.465967],[2.184174,41.466084],[2.18415,41.466155],[2.184148,41.466317],[2.18415,41.466618],[2.184128,41.466709],[2.184065,41.466837],[2.18404,41.466909],[2.184032,41.467031],[2.184045,41.467098],[2.184097,41.467189],[2.184157,41.467232],[2.18421,41.46725],[2.184297,41.467248],[2.184443,41.46721],[2.184549,41.467162],[2.18459,41.46712],[2.184666,41.466977],[2.1848,41.466726],[2.184841,41.466643],[2.185182,41.466782],[2.185411,41.466578],[2.185774,41.467156],[2.186323,41.467003],[2.18595,41.466291],[2.186069,41.466163],[2.186226,41.46618],[2.186314,41.466168],[2.186462,41.466107],[2.18664,41.466001],[2.186714,41.465932],[2.186742,41.465887],[2.18676,41.465825],[2.186751,41.465711],[2.186722,41.465633],[2.186647,41.465494],[2.186611,41.465396],[2.186611,41.465332],[2.186684,41.465153],[2.186789,41.465023],[2.186851,41.46481],[2.186864,41.464668],[2.186861,41.464572],[2.186832,41.464386],[2.186784,41.464238],[2.186722,41.464122],[2.186692,41.464084],[2.186614,41.464028],[2.186561,41.464004],[2.186294,41.463946],[2.187188,41.46311],[2.187131,41.462562],[2.187121,41.462461],[2.18701,41.462409],[2.186934,41.462373],[2.186872,41.462344],[2.186864,41.46234],[2.186574,41.462492],[2.186167,41.462675],[2.185716,41.462827],[2.185627,41.462851],[2.185522,41.46288],[2.185497,41.462887],[2.185239,41.462958],[2.184949,41.463031],[2.184804,41.463051],[2.18437,41.463081],[2.18431,41.46307],[2.184281,41.463064],[2.184295,41.463025],[2.184302,41.463003],[2.184294,41.462897],[2.18429,41.462883],[2.184289,41.46288],[2.184356,41.462848],[2.184381,41.462835],[2.184407,41.462823],[2.184555,41.462752],[2.18463,41.462715],[2.184637,41.462712],[2.184658,41.462698],[2.184746,41.46264],[2.184822,41.462589],[2.18485,41.46256],[2.184959,41.462443],[2.184983,41.4624],[2.185003,41.462355],[2.185021,41.462308],[2.185033,41.462256],[2.185039,41.462203],[2.185039,41.462148],[2.185034,41.462093],[2.185025,41.462055],[2.185003,41.461994],[2.184973,41.461936],[2.184946,41.461891],[2.184913,41.461847],[2.184859,41.461793],[2.1848,41.461744],[2.184708,41.461676],[2.184614,41.461611],[2.184589,41.461595],[2.184571,41.461583],[2.184493,41.461531],[2.184471,41.461516],[2.184463,41.461512],[2.184442,41.461497],[2.184371,41.461451],[2.184314,41.461412],[2.184245,41.461366],[2.184176,41.46132],[2.184121,41.461283],[2.184067,41.461246],[2.183664,41.460974],[2.183648,41.460963],[2.18342,41.460814],[2.183364,41.460777],[2.183349,41.460767],[2.183334,41.460757],[2.183322,41.460749],[2.183301,41.460735],[2.183273,41.460716],[2.183245,41.460698],[2.18315,41.460635],[2.183122,41.460617],[2.183095,41.460599],[2.183064,41.460579],[2.183022,41.460551],[2.18298,41.460524],[2.182882,41.460459],[2.182864,41.460447],[2.182852,41.46044],[2.182841,41.460432],[2.182822,41.46042],[2.182811,41.460413],[2.182786,41.460396],[2.182782,41.460393],[2.182754,41.460375],[2.182722,41.460354],[2.182707,41.460344],[2.182683,41.460329],[2.182678,41.460325],[2.182655,41.46031],[2.182649,41.460306],[2.182627,41.460292],[2.182521,41.460222],[2.182473,41.46019],[2.182453,41.460177],[2.182446,41.460172],[2.182443,41.46017],[2.182405,41.460146],[2.182377,41.460127],[2.182369,41.460122],[2.182349,41.460108],[2.182286,41.460067],[2.182259,41.460049],[2.182232,41.460031],[2.182139,41.45997],[2.182125,41.45996],[2.182102,41.459945],[2.182079,41.45993],[2.182024,41.459894],[2.183587,41.458736],[2.185436,41.457407],[2.186157,41.456842],[2.186202,41.456752],[2.186244,41.456669],[2.18628,41.456596],[2.186288,41.456589],[2.186423,41.456466],[2.186463,41.456431],[2.186526,41.456354],[2.186443,41.456266],[2.186362,41.456172],[2.186202,41.455914],[2.186219,41.455907],[2.186312,41.455858],[2.186403,41.45581],[2.186509,41.455753],[2.186614,41.455695],[2.186712,41.455634],[2.186806,41.455571],[2.18688,41.455521],[2.186914,41.455496],[2.186885,41.455464],[2.186772,41.455413],[2.186705,41.455427],[2.18662,41.455383],[2.186511,41.455283],[2.18648,41.45526],[2.186457,41.455269],[2.186407,41.455288],[2.186386,41.455296],[2.186346,41.455311],[2.186302,41.455328],[2.186265,41.455341],[2.186043,41.455517],[2.186013,41.45554],[2.186004,41.455547],[2.185986,41.455562],[2.18595,41.45559],[2.185925,41.4556],[2.185797,41.455655],[2.185785,41.45566],[2.18577,41.45566],[2.185694,41.455675],[2.185362,41.455694],[2.185349,41.455695],[2.185337,41.455674],[2.185308,41.455627],[2.185087,41.455674],[2.184915,41.45571],[2.184943,41.455833],[2.18495,41.455998],[2.184918,41.455989],[2.184886,41.45598],[2.184856,41.455972],[2.184826,41.455963],[2.184808,41.455954],[2.184767,41.45593],[2.184725,41.455906],[2.184678,41.455876],[2.184609,41.455835],[2.184547,41.455798],[2.184493,41.455765],[2.184439,41.455734],[2.184378,41.4557],[2.184317,41.455667],[2.18425,41.455634],[2.184185,41.455601],[2.184151,41.45558],[2.184125,41.455554],[2.184091,41.455507],[2.18406,41.455458],[2.183919,41.455257],[2.183906,41.455242],[2.183804,41.455161],[2.183679,41.4551],[2.183674,41.455097],[2.183629,41.455075],[2.18339,41.454997],[2.183137,41.454953],[2.183108,41.454864],[2.183043,41.454663],[2.183035,41.454663],[2.182976,41.454515],[2.182967,41.454491],[2.182952,41.454461],[2.182849,41.454481],[2.182708,41.45454],[2.182699,41.454544],[2.182714,41.454472],[2.182737,41.454369],[2.182743,41.454338],[2.182759,41.454265],[2.182759,41.454233],[2.18266,41.454212],[2.182557,41.454163],[2.182456,41.454107],[2.182355,41.454065],[2.182133,41.454015],[2.182009,41.453973],[2.181934,41.453926],[2.181821,41.45383],[2.181741,41.453744],[2.181681,41.453711],[2.181572,41.453666],[2.181426,41.453633],[2.181234,41.45358],[2.181031,41.45355],[2.18092,41.453551],[2.180851,41.453579],[2.180743,41.453712],[2.180678,41.453835],[2.180621,41.453949],[2.180566,41.454022],[2.18054,41.454058],[2.180581,41.454142],[2.180808,41.454284],[2.180756,41.454334],[2.180738,41.454351],[2.180692,41.454393],[2.18066,41.454412],[2.180568,41.454466],[2.18051,41.454501],[2.180493,41.454512],[2.180435,41.454588],[2.180422,41.454632],[2.180417,41.454646],[2.180424,41.454751],[2.18043,41.45477],[2.180446,41.454843],[2.1805,41.455093],[2.180506,41.455093],[2.180513,41.455093],[2.18052,41.455165],[2.180513,41.455228],[2.180508,41.45528],[2.180483,41.455326],[2.180466,41.455357],[2.180449,41.455388],[2.180862,41.455575],[2.180915,41.455608],[2.180928,41.455616],[2.180934,41.45562],[2.180924,41.45566],[2.180857,41.455923],[2.180853,41.455938],[2.180801,41.456018],[2.180711,41.456077],[2.180681,41.456086],[2.180605,41.456083],[2.180394,41.456024],[2.180356,41.456014],[2.180327,41.456011],[2.180214,41.455999],[2.180157,41.456001],[2.180127,41.456002],[2.180032,41.456005],[2.17998,41.456007],[2.17996,41.456008],[2.179928,41.456009],[2.179895,41.456008],[2.179863,41.456003],[2.179839,41.455995],[2.179826,41.455985],[2.17975,41.455978],[2.179736,41.455979],[2.179389,41.456016],[2.179364,41.456004],[2.179285,41.455995],[2.179082,41.456018],[2.178998,41.456013],[2.178919,41.455975],[2.178873,41.455914],[2.178818,41.455755],[2.178806,41.455754],[2.178741,41.455752],[2.178721,41.455752],[2.178709,41.455751],[2.178505,41.455736],[2.178434,41.455731],[2.178433,41.455725],[2.17839,41.455756],[2.178397,41.455784],[2.17842,41.455875],[2.178438,41.455947],[2.178441,41.455959],[2.178443,41.455964],[2.178444,41.455972],[2.178465,41.456059],[2.178487,41.456154],[2.1785,41.456206],[2.178514,41.456258],[2.178527,41.456302],[2.178546,41.456346],[2.178576,41.456397],[2.178609,41.456447],[2.178647,41.456503],[2.178687,41.456558],[2.178717,41.456598],[2.17874,41.45662],[2.17876,41.456634],[2.178792,41.45665],[2.178819,41.456659],[2.178877,41.45668],[2.178912,41.456693],[2.178938,41.456704],[2.178884,41.456728],[2.178805,41.456801],[2.178775,41.456855],[2.178761,41.456886],[2.178727,41.456966],[2.178714,41.456998],[2.17868,41.457068],[2.178679,41.457153],[2.178676,41.457187],[2.178674,41.45721],[2.178628,41.457174],[2.17861,41.457158],[2.178589,41.457137],[2.178558,41.457101],[2.178533,41.457061],[2.178512,41.457023],[2.178488,41.456995],[2.178468,41.456969],[2.178451,41.45693],[2.178433,41.456889],[2.178418,41.456856],[2.178402,41.456822],[2.178382,41.456793],[2.178363,41.456765],[2.178336,41.456728],[2.178309,41.456691],[2.178278,41.456645],[2.178254,41.456598],[2.178238,41.456545],[2.178221,41.456492],[2.178205,41.456445],[2.178189,41.456398],[2.178177,41.456357],[2.178159,41.456308],[2.178141,41.456259],[2.178124,41.456221],[2.178088,41.456167],[2.178071,41.456147],[2.178045,41.456116],[2.178026,41.456097],[2.178007,41.456078],[2.177987,41.456061],[2.177878,41.456046],[2.177857,41.456022],[2.177836,41.455999],[2.177808,41.455982],[2.177761,41.455962],[2.177739,41.455951],[2.17772,41.455939],[2.177695,41.455919],[2.17767,41.455899],[2.177648,41.455877],[2.177624,41.455852],[2.177578,41.455805],[2.177571,41.455796],[2.177568,41.455787],[2.17757,41.455778],[2.177576,41.455768],[2.177586,41.455748],[2.177591,41.455723],[2.17759,41.455697],[2.177573,41.455654],[2.177548,41.455612],[2.177526,41.45558],[2.177501,41.455549],[2.17748,41.45553],[2.177449,41.455508],[2.177416,41.455488],[2.177351,41.455447],[2.1773,41.455411],[2.177253,41.455372],[2.177229,41.455346],[2.177212,41.455317],[2.177205,41.455297],[2.177189,41.45524],[2.177174,41.455183],[2.17716,41.45513],[2.177146,41.455077],[2.177139,41.455038],[2.177137,41.454998],[2.177132,41.454919],[2.177129,41.454899],[2.17712,41.454879],[2.177112,41.454875],[2.177099,41.454873],[2.177076,41.454876],[2.177052,41.454881],[2.177031,41.454885],[2.17701,41.45489],[2.176989,41.454896],[2.176979,41.454895],[2.17697,41.454889],[2.176967,41.454885],[2.176963,41.454879],[2.176958,41.454868],[2.176933,41.454813],[2.176905,41.454759],[2.176858,41.454694],[2.176805,41.454631],[2.176773,41.454593],[2.176739,41.454556],[2.176717,41.454541],[2.176705,41.454534],[2.176692,41.454528],[2.176679,41.454517],[2.176655,41.454486],[2.176631,41.454455],[2.17661,41.454428],[2.176591,41.454406],[2.176587,41.454401],[2.176568,41.454385],[2.176548,41.454372],[2.176525,41.454362],[2.176478,41.454346],[2.17643,41.45433],[2.176382,41.454314],[2.176337,41.454292],[2.176298,41.454265],[2.176248,41.454222],[2.176245,41.454219],[2.176202,41.454178],[2.176166,41.45414],[2.176152,41.454125],[2.176105,41.454071],[2.176103,41.454067],[2.176072,41.45402],[2.17604,41.453968],[2.175997,41.453914],[2.175948,41.453863],[2.175863,41.45379],[2.175777,41.453718],[2.175719,41.453665],[2.175661,41.453612],[2.175627,41.453583],[2.175589,41.453557],[2.175561,41.453543],[2.175538,41.453535],[2.175513,41.453525],[2.175465,41.453507],[2.175429,41.453494],[2.175394,41.453478],[2.175376,41.453464],[2.175361,41.453449],[2.175357,41.453444],[2.175335,41.453416],[2.175305,41.453379],[2.175274,41.453342],[2.175241,41.453315],[2.175201,41.453293],[2.175148,41.453274],[2.175095,41.453255],[2.17505,41.453236],[2.175006,41.453216],[2.17491,41.453166],[2.174813,41.453118],[2.174715,41.453074],[2.174616,41.45303],[2.174541,41.452996],[2.174465,41.452962],[2.174431,41.45295],[2.174396,41.452942],[2.174325,41.452924],[2.174275,41.452909],[2.174225,41.452892],[2.17422,41.45289],[2.174178,41.452877],[2.174135,41.452859],[2.174111,41.452842],[2.174098,41.452829],[2.174085,41.452816],[2.174112,41.452748],[2.174109,41.452695],[2.1741,41.45265],[2.174008,41.452607],[2.17398,41.452594],[2.173847,41.452482],[2.173801,41.452443],[2.173788,41.452432],[2.173791,41.452398],[2.173703,41.452381],[2.173713,41.452368],[2.17372,41.45234],[2.173627,41.452327],[2.173624,41.452308],[2.173618,41.452288],[2.173438,41.452272],[2.173383,41.452215],[2.173378,41.452184],[2.173369,41.452115],[2.173382,41.452088],[2.173408,41.452081],[2.173434,41.452019],[2.173444,41.45198],[2.173377,41.451971],[2.173295,41.451959],[2.173285,41.451975],[2.173238,41.451996],[2.173175,41.451966],[2.173156,41.451958],[2.173125,41.451958],[2.173087,41.451956],[2.173069,41.451956],[2.173016,41.451953],[2.173012,41.45197],[2.173008,41.451998],[2.173006,41.452026],[2.173008,41.45204],[2.172944,41.452048],[2.172976,41.452327],[2.173067,41.452359],[2.173072,41.452395],[2.173074,41.452436],[2.173076,41.452478],[2.17308,41.452527],[2.17308,41.452579],[2.173078,41.452594],[2.173074,41.452616],[2.173068,41.452633],[2.173058,41.45265],[2.173044,41.452664],[2.17303,41.452677],[2.173019,41.452687],[2.172994,41.452682],[2.172953,41.452695],[2.172884,41.452672],[2.172895,41.452629],[2.172881,41.452627],[2.172885,41.452615],[2.172846,41.452609],[2.172837,41.452641],[2.172812,41.452637],[2.17281,41.452646],[2.172712,41.452621],[2.172722,41.4526],[2.17266,41.452584],[2.172596,41.452574],[2.172575,41.452583],[2.172525,41.452564],[2.172495,41.452553],[2.172472,41.452585],[2.17241,41.452561],[2.172422,41.452544],[2.172358,41.452534],[2.172272,41.452507],[2.172157,41.452473],[2.172063,41.452493],[2.172002,41.452506],[2.171862,41.452536],[2.171416,41.452632],[2.171291,41.452658],[2.171269,41.452672],[2.171221,41.452712],[2.171187,41.452758],[2.171168,41.452798],[2.171154,41.45284],[2.171138,41.452907],[2.171128,41.452976],[2.171124,41.453032],[2.17112,41.453088],[2.17111,41.453124],[2.171084,41.453175],[2.17107,41.453191],[2.171012,41.453223],[2.170989,41.453249],[2.17096,41.453304],[2.170959,41.45339],[2.170996,41.453466],[2.171039,41.453531],[2.171227,41.453704],[2.171497,41.453916],[2.171597,41.453997],[2.171956,41.454172],[2.172042,41.454198],[2.172071,41.454222],[2.172093,41.45424],[2.172115,41.454258],[2.172164,41.454292],[2.172191,41.454306],[2.17222,41.454319],[2.172264,41.454331],[2.172309,41.454335],[2.172385,41.45434],[2.172461,41.454339],[2.172539,41.454333],[2.172617,41.454325],[2.172665,41.45432],[2.172714,41.454314],[2.172773,41.454484],[2.17286,41.454519],[2.172959,41.454509],[2.173191,41.454383],[2.173448,41.454319],[2.17347,41.4544],[2.173533,41.454391],[2.173557,41.454481],[2.173557,41.454486],[2.17356,41.454538],[2.173582,41.454535],[2.173693,41.454516],[2.17374,41.454508],[2.173821,41.454496],[2.173902,41.454483],[2.173967,41.454472],[2.174033,41.45446],[2.174096,41.454449],[2.174161,41.454436],[2.174205,41.454425],[2.174245,41.454417],[2.174272,41.454412],[2.174304,41.454409],[2.174334,41.454407],[2.174376,41.454405],[2.174407,41.454406],[2.174439,41.454408],[2.174464,41.454414],[2.174455,41.454435],[2.174447,41.454455],[2.174444,41.454469],[2.174446,41.45449],[2.174456,41.45451],[2.174502,41.454579],[2.174547,41.454646],[2.174594,41.454714],[2.174639,41.454783],[2.174656,41.454812],[2.174678,41.454855],[2.174691,41.454875],[2.174708,41.454892],[2.174739,41.454918],[2.17477,41.454945],[2.174679,41.454946],[2.174633,41.454949],[2.174587,41.454955],[2.174545,41.454963],[2.174538,41.454965],[2.174491,41.454979],[2.174444,41.454999],[2.174398,41.455019],[2.17437,41.45503],[2.17434,41.455037],[2.174284,41.455048],[2.174227,41.455057],[2.174155,41.455066],[2.174084,41.455075],[2.174026,41.455082],[2.173968,41.455089],[2.173935,41.455096],[2.173902,41.455106],[2.173851,41.455125],[2.173801,41.455147],[2.173785,41.455156],[2.173767,41.455166],[2.173739,41.455184],[2.173729,41.455195],[2.173719,41.455205],[2.173712,41.455218],[2.173709,41.455226],[2.173705,41.455239],[2.173702,41.455252],[2.173702,41.455255],[2.173688,41.455254],[2.173672,41.455254],[2.173662,41.455254],[2.173661,41.455258],[2.173634,41.455369],[2.17362,41.455408],[2.173606,41.455455],[2.173635,41.455614],[2.173716,41.45582],[2.173812,41.455979],[2.173853,41.455967],[2.173858,41.455971],[2.173901,41.456022],[2.173959,41.456004],[2.174028,41.4561],[2.1741,41.456225],[2.174109,41.456242],[2.174193,41.456353],[2.174252,41.456412],[2.174298,41.456374],[2.174304,41.456369],[2.174427,41.456452],[2.174487,41.456485],[2.174508,41.456506],[2.174608,41.456607],[2.174627,41.456594],[2.174672,41.456647],[2.174681,41.456658],[2.174705,41.456698],[2.174727,41.456734],[2.174745,41.456763],[2.174895,41.456971],[2.174932,41.457025],[2.175028,41.457173],[2.175123,41.457307],[2.17519,41.457378],[2.17523,41.457366],[2.175289,41.457348],[2.175363,41.457481],[2.175419,41.457582],[2.175608,41.457684],[2.175797,41.457792],[2.17582,41.457957],[2.175695,41.458082],[2.175673,41.4581],[2.175707,41.458178],[2.175725,41.458181],[2.175809,41.458193],[2.175893,41.458205],[2.175971,41.458217],[2.176049,41.458233],[2.176073,41.458241],[2.176092,41.458242],[2.176092,41.458247],[2.176125,41.45826],[2.176174,41.45828],[2.176222,41.458301],[2.176248,41.458315],[2.176273,41.45833],[2.176315,41.458356],[2.17633,41.458365],[2.176395,41.458405],[2.176456,41.458446],[2.176497,41.458476],[2.176516,41.458492],[2.176519,41.458496],[2.176533,41.45851],[2.176705,41.45864],[2.177099,41.45881],[2.177543,41.458264],[2.177546,41.458264],[2.177657,41.458266],[2.177643,41.458285],[2.177844,41.458333],[2.177873,41.458334],[2.177885,41.45831],[2.17806,41.458344],[2.178115,41.458322],[2.178172,41.458179],[2.178174,41.45814],[2.178274,41.458133],[2.178364,41.458131],[2.178424,41.458134],[2.178514,41.458151],[2.178528,41.458155],[2.178612,41.458122],[2.178624,41.458117],[2.178721,41.458163],[2.178776,41.458185],[2.178853,41.458216],[2.178887,41.45823],[2.178896,41.458234],[2.178904,41.458237],[2.179015,41.458282],[2.179027,41.458288],[2.179082,41.458311],[2.179149,41.45834],[2.179174,41.458355],[2.179191,41.458366],[2.179194,41.458363],[2.179381,41.458174],[2.179631,41.457949],[2.179747,41.457986],[2.179764,41.457991],[2.17984,41.458015],[2.179896,41.458033],[2.179931,41.458046],[2.17998,41.458071],[2.180025,41.458101],[2.180054,41.458122],[2.180091,41.458158],[2.180122,41.458197],[2.18015,41.458242],[2.180161,41.458265],[2.180168,41.458288],[2.180181,41.458348],[2.180183,41.458355],[2.180192,41.458407],[2.180202,41.458467],[2.180084,41.45858],[2.180022,41.458734],[2.180082,41.458997],[2.180054,41.45911],[2.179683,41.459077],[2.179633,41.459255],[2.178926,41.459227],[2.178885,41.459243],[2.178847,41.459262],[2.178638,41.459369],[2.17856,41.459409],[2.17847,41.459455],[2.178442,41.45947],[2.178447,41.459479],[2.178495,41.459556],[2.178546,41.459632],[2.178596,41.459697],[2.178651,41.459759],[2.178688,41.4598],[2.178733,41.459837],[2.178784,41.459868],[2.178823,41.459894],[2.178831,41.4599],[2.178834,41.459913],[2.178738,41.459958],[2.178475,41.460097],[2.178424,41.460124],[2.178389,41.460239],[2.17838,41.46027],[2.178354,41.460295],[2.178337,41.460322],[2.178289,41.460319],[2.17735,41.459735],[2.177312,41.459712],[2.176937,41.459443],[2.176884,41.459485],[2.176831,41.459457],[2.17681,41.459439],[2.176799,41.459424],[2.17681,41.45941],[2.176815,41.459357],[2.176296,41.458992],[2.176278,41.45898],[2.176256,41.458972],[2.176232,41.458971],[2.176209,41.458975],[2.176189,41.458984],[2.176173,41.458997],[2.176164,41.459014],[2.176163,41.459032],[2.176169,41.459051],[2.176229,41.459134],[2.176142,41.459086],[2.176087,41.45908],[2.176033,41.459073],[2.175994,41.459066],[2.175958,41.459058],[2.175931,41.459053],[2.175905,41.459048],[2.17589,41.459044],[2.175876,41.459041],[2.175885,41.459013],[2.175902,41.458958],[2.175905,41.458948],[2.175909,41.458935],[2.175757,41.458906],[2.175069,41.458781],[2.175067,41.458787],[2.175051,41.458823],[2.174979,41.458851],[2.174641,41.458797],[2.174386,41.458755],[2.174363,41.458773],[2.174262,41.458749],[2.174173,41.458816],[2.174128,41.458787],[2.173798,41.459075],[2.17371,41.459152],[2.173688,41.45917],[2.173597,41.4592],[2.173134,41.459633],[2.173051,41.459601],[2.173,41.459565],[2.173008,41.459557],[2.17294,41.459512],[2.172926,41.459524],[2.17289,41.459501],[2.172903,41.459489],[2.172834,41.459444],[2.17291,41.459393],[2.172942,41.459405],[2.172977,41.459391],[2.172971,41.459242],[2.172885,41.45916],[2.172779,41.459121],[2.172692,41.459088],[2.172566,41.459066],[2.172537,41.459435],[2.172454,41.459482],[2.172406,41.45952],[2.172165,41.45973],[2.172072,41.459795],[2.172001,41.459805],[2.171932,41.459824],[2.171875,41.459844],[2.171818,41.459863],[2.171782,41.459874],[2.171745,41.459883],[2.171711,41.459889],[2.171676,41.45989],[2.171639,41.459886],[2.171602,41.45988],[2.171451,41.459844],[2.1713,41.459808],[2.171165,41.459778],[2.17103,41.459747],[2.170814,41.459697],[2.170649,41.459658],[2.170662,41.459634],[2.170671,41.45962],[2.170681,41.45961],[2.170696,41.459604],[2.170713,41.459604],[2.17073,41.459606],[2.170816,41.459617],[2.170902,41.459629],[2.171122,41.459661],[2.171341,41.459693],[2.171364,41.459694],[2.171386,41.459693],[2.171425,41.459687],[2.171462,41.459677],[2.171505,41.45966],[2.171544,41.459639],[2.171586,41.459611],[2.171624,41.45958],[2.171662,41.459542],[2.171686,41.4595],[2.171694,41.459472],[2.171701,41.459445],[2.1717,41.459428],[2.171694,41.459408],[2.171836,41.459045],[2.171747,41.458963],[2.171493,41.458914],[2.171213,41.459022],[2.171163,41.459032],[2.171136,41.459037],[2.171076,41.459052],[2.171025,41.45907],[2.170974,41.459088],[2.170882,41.459071],[2.17087,41.459062],[2.17086,41.459054],[2.170849,41.459026],[2.170838,41.459016],[2.170806,41.459005],[2.170605,41.459062],[2.170594,41.459085],[2.170405,41.459046],[2.170228,41.45902],[2.170124,41.459009],[2.169893,41.459021],[2.169753,41.459037],[2.169477,41.459062],[2.169307,41.45907],[2.169117,41.459059],[2.168935,41.459052],[2.16883,41.459078],[2.168731,41.459154],[2.1687,41.459201],[2.168687,41.45924],[2.168685,41.45924],[2.168659,41.459241],[2.168631,41.459242],[2.168598,41.459243],[2.168599,41.459136],[2.168395,41.459141],[2.16774,41.459162],[2.167116,41.459176],[2.16697,41.45918],[2.166969,41.45918],[2.166972,41.459275],[2.166982,41.459465],[2.16704,41.459521],[2.167168,41.459594],[2.167219,41.459629],[2.1674,41.459734],[2.167522,41.4598],[2.167584,41.459896],[2.167591,41.459974],[2.167542,41.460116],[2.167417,41.46058],[2.168046,41.460662],[2.168197,41.460612],[2.168203,41.460472],[2.168228,41.460351],[2.168261,41.460238],[2.16835,41.460122],[2.168512,41.460114],[2.168667,41.460118],[2.168673,41.460241],[2.168759,41.460351],[2.168947,41.460463],[2.169426,41.460529],[2.169698,41.46057],[2.169681,41.460665],[2.169794,41.460694],[2.169953,41.460718]]]]}},{"type":"Feature","id":"080193_080193 AP06 BAR 2","properties":{"area_id":"080193_080193 AP06 BAR 2","nom":"Can Balasc","codi_icgc":"080193 AP06 BAR 2","categoria":"Àrees de poblament","codi_municipi":"080193","municipi":"Barcelona","codi_comarca":"13","comarca":"Barcelonès","provincia":"Barcelona","font":"ICGC Àrees de poblament v3r1 202602"},"geometry":{"type":"MultiPolygon","coordinates":[[[[2.081244,41.420945],[2.081105,41.421032],[2.081138,41.421062],[2.081075,41.421155],[2.081056,41.421198],[2.08098,41.4213],[2.080849,41.421336],[2.080816,41.421408],[2.080808,41.421412],[2.080804,41.421418],[2.080803,41.421425],[2.080802,41.42144],[2.080801,41.421455],[2.080802,41.421479],[2.080804,41.421502],[2.080805,41.421531],[2.080806,41.42156],[2.080805,41.421585],[2.080803,41.421608],[2.080793,41.421633],[2.080779,41.421657],[2.080764,41.421675],[2.080749,41.421694],[2.080735,41.421716],[2.08073,41.421741],[2.080738,41.421754],[2.080752,41.421764],[2.080766,41.421771],[2.080781,41.421775],[2.080781,41.421775],[2.080774,41.421786],[2.080755,41.421815],[2.080729,41.421843],[2.080638,41.421834],[2.080477,41.421866],[2.080428,41.422004],[2.080407,41.422084],[2.0804,41.422127],[2.08039,41.422191],[2.08039,41.422281],[2.08039,41.422325],[2.080495,41.422526],[2.080642,41.422485],[2.080673,41.422542],[2.080665,41.422545],[2.080695,41.422591],[2.080698,41.42259],[2.080713,41.422636],[2.080741,41.422721],[2.080852,41.422749],[2.080971,41.422757],[2.080979,41.422778],[2.080985,41.422822],[2.080984,41.422838],[2.080985,41.422866],[2.080978,41.422903],[2.080972,41.422942],[2.080972,41.42298],[2.080979,41.423019],[2.080985,41.423043],[2.080994,41.423066],[2.081007,41.423092],[2.081017,41.423118],[2.081028,41.42316],[2.081039,41.423203],[2.081053,41.423254],[2.081067,41.423306],[2.081083,41.423364],[2.081099,41.423422],[2.081103,41.423445],[2.081179,41.423449],[2.08151,41.423397],[2.081532,41.423404],[2.081579,41.423386],[2.081547,41.423353],[2.081519,41.423317],[2.081498,41.423288],[2.081483,41.423259],[2.081481,41.423239],[2.08148,41.423218],[2.08148,41.423194],[2.081484,41.423172],[2.081497,41.423143],[2.08151,41.423113],[2.08153,41.423069],[2.08155,41.423024],[2.081567,41.422976],[2.081579,41.422927],[2.081586,41.422901],[2.081589,41.422874],[2.081585,41.422856],[2.081585,41.422841],[2.081587,41.42283],[2.081723,41.42283],[2.081861,41.422818],[2.081757,41.422499],[2.081476,41.422556],[2.081411,41.422508],[2.081374,41.422468],[2.081334,41.42243],[2.081289,41.422395],[2.081246,41.422366],[2.081199,41.422341],[2.081143,41.422319],[2.081084,41.422303],[2.081036,41.422293],[2.08099,41.422283],[2.080959,41.42227],[2.080929,41.422254],[2.080898,41.42223],[2.080872,41.422204],[2.080845,41.422167],[2.080825,41.422128],[2.080813,41.422089],[2.080803,41.422049],[2.080794,41.422004],[2.080785,41.421958],[2.080782,41.421923],[2.080783,41.421887],[2.08079,41.421854],[2.080801,41.421821],[2.080812,41.421798],[2.080826,41.421776],[2.080861,41.421736],[2.080903,41.4217],[2.080946,41.421667],[2.080989,41.421633],[2.081039,41.421593],[2.081088,41.421552],[2.081121,41.421519],[2.08115,41.421484],[2.081176,41.421452],[2.081202,41.421419],[2.081228,41.421387],[2.081254,41.421356],[2.081295,41.421313],[2.081337,41.42127],[2.081376,41.421229],[2.081414,41.421188],[2.081449,41.421145],[2.081479,41.421099],[2.081506,41.421055],[2.081532,41.42101],[2.081558,41.42096],[2.081585,41.42091],[2.081618,41.420853],[2.081652,41.420795],[2.081677,41.42075],[2.081584,41.420733],[2.081304,41.420656],[2.081244,41.420945]]]]}},{"type":"Feature","id":"080193_080193 AP08 BAR 2","properties":{"area_id":"080193_080193 AP08 BAR 2","nom":"Mas Guimbau","codi_icgc":"080193 AP08 BAR 2","categoria":"Àrees de poblament","codi_municipi":"080193","municipi":"Barcelona","codi_comarca":"13","comarca":"Barcelonès","provincia":"Barcelona","font":"ICGC Àrees de poblament v3r1 202602"},"geometry":{"type":"MultiPolygon","coordinates":[[[[2.091782,41.423974],[2.091861,41.423875],[2.091873,41.423878],[2.091954,41.423894],[2.091988,41.423895],[2.092009,41.423895],[2.092056,41.423867],[2.092062,41.423867],[2.092127,41.423861],[2.092191,41.42385],[2.0922,41.423847],[2.092248,41.423821],[2.092169,41.423635],[2.09201,41.42348],[2.091902,41.423304],[2.091856,41.42318],[2.091765,41.422983],[2.091597,41.422987],[2.091611,41.423074],[2.091702,41.42329],[2.091708,41.423299],[2.091704,41.423306],[2.091675,41.423332],[2.091694,41.423456],[2.091653,41.423494],[2.091691,41.423786],[2.091638,41.423761],[2.091588,41.423838],[2.091565,41.423935],[2.09171,41.423997],[2.091687,41.423978],[2.091782,41.423974]]],[[[2.09044,41.424731],[2.090448,41.424715],[2.090447,41.424721],[2.090839,41.424787],[2.090845,41.42474],[2.090851,41.424689],[2.090853,41.42464],[2.090847,41.42459],[2.090839,41.424552],[2.09083,41.424516],[2.090823,41.424484],[2.090817,41.424454],[2.090817,41.424416],[2.09082,41.424375],[2.090821,41.424328],[2.090821,41.42428],[2.090816,41.424237],[2.090805,41.424194],[2.090792,41.424162],[2.090774,41.424133],[2.090749,41.4241],[2.090727,41.424059],[2.090747,41.424044],[2.090595,41.423845],[2.090644,41.423859],[2.090741,41.42369],[2.090775,41.423697],[2.090787,41.423665],[2.090753,41.423658],[2.0908,41.423518],[2.090844,41.423522],[2.090873,41.42332],[2.090668,41.423328],[2.090659,41.423296],[2.090651,41.423268],[2.090638,41.423215],[2.090622,41.423163],[2.090619,41.423154],[2.090482,41.423097],[2.090435,41.423083],[2.090402,41.423072],[2.090341,41.423052],[2.090285,41.423028],[2.090227,41.423003],[2.090189,41.42299],[2.090154,41.42298],[2.090097,41.422968],[2.09004,41.422958],[2.090091,41.422915],[2.090101,41.422904],[2.090108,41.422891],[2.090114,41.422863],[2.090112,41.422844],[2.090101,41.422825],[2.090089,41.422813],[2.09007,41.422804],[2.09005,41.422802],[2.090039,41.422806],[2.09001,41.422823],[2.089981,41.42284],[2.090017,41.422769],[2.089914,41.4226],[2.089806,41.422649],[2.089775,41.422675],[2.089704,41.422699],[2.08968,41.422681],[2.089641,41.422652],[2.089522,41.422569],[2.089471,41.422518],[2.089386,41.422478],[2.089352,41.422472],[2.089336,41.422473],[2.089328,41.422482],[2.089189,41.42249],[2.089142,41.422466],[2.089124,41.422458],[2.089067,41.422432],[2.08902,41.422413],[2.088984,41.422398],[2.088962,41.42239],[2.088929,41.422384],[2.088897,41.422382],[2.088853,41.422383],[2.088809,41.422387],[2.088756,41.422392],[2.088729,41.422396],[2.088702,41.422402],[2.088687,41.422408],[2.088672,41.422414],[2.088606,41.422438],[2.088537,41.422403],[2.088483,41.422376],[2.088296,41.422268],[2.088049,41.422139],[2.088056,41.422132],[2.087935,41.422149],[2.087922,41.422153],[2.087909,41.422158],[2.087883,41.422166],[2.087855,41.42217],[2.087822,41.422173],[2.087793,41.422174],[2.087778,41.422174],[2.087742,41.422175],[2.08771,41.422178],[2.087674,41.42218],[2.087637,41.422182],[2.087606,41.422186],[2.087578,41.42219],[2.087557,41.422191],[2.087535,41.42219],[2.087525,41.422188],[2.087523,41.422185],[2.087521,41.422181],[2.087528,41.422166],[2.087537,41.422148],[2.087546,41.422132],[2.087559,41.422116],[2.087574,41.422099],[2.087593,41.422078],[2.087614,41.422056],[2.087626,41.422035],[2.087632,41.422013],[2.087633,41.421996],[2.087632,41.421979],[2.087626,41.421958],[2.087611,41.421937],[2.087586,41.421918],[2.08756,41.421904],[2.087533,41.421891],[2.087501,41.421874],[2.087473,41.421856],[2.087609,41.421803],[2.087558,41.421695],[2.087487,41.421549],[2.08745,41.421443],[2.087433,41.421374],[2.087406,41.421373],[2.087313,41.421388],[2.087323,41.421376],[2.087338,41.421358],[2.087351,41.421341],[2.087362,41.421327],[2.087377,41.421315],[2.087398,41.4213],[2.087415,41.421283],[2.087427,41.421261],[2.087428,41.421241],[2.087425,41.421224],[2.08742,41.421198],[2.087416,41.421173],[2.087416,41.421139],[2.087416,41.421103],[2.087416,41.421062],[2.087416,41.421021],[2.087412,41.420987],[2.087405,41.420953],[2.087393,41.420919],[2.087375,41.420886],[2.087351,41.42085],[2.087329,41.420816],[2.087326,41.420808],[2.087286,41.420778],[2.087316,41.420739],[2.087316,41.420729],[2.08732,41.420702],[2.087328,41.420667],[2.087337,41.420632],[2.087346,41.420601],[2.087358,41.420572],[2.087375,41.420542],[2.087392,41.420511],[2.087407,41.420484],[2.087419,41.420453],[2.087421,41.420423],[2.087419,41.420396],[2.087417,41.420379],[2.087412,41.420356],[2.087398,41.420343],[2.087381,41.420337],[2.087355,41.420333],[2.087332,41.42033],[2.087306,41.420332],[2.087278,41.420339],[2.087254,41.420349],[2.087217,41.420366],[2.087183,41.420382],[2.087128,41.420406],[2.087073,41.420427],[2.087014,41.420444],[2.086952,41.42046],[2.086935,41.420462],[2.086924,41.420461],[2.086919,41.420464],[2.086916,41.420461],[2.086904,41.420438],[2.086873,41.420333],[2.086851,41.420252],[2.086826,41.420197],[2.086858,41.420191],[2.086833,41.420113],[2.086801,41.420119],[2.086743,41.419956],[2.086552,41.419915],[2.086359,41.419874],[2.0862,41.419835],[2.086046,41.419641],[2.085803,41.419699],[2.085781,41.419704],[2.085716,41.419719],[2.085729,41.419762],[2.085743,41.419809],[2.085757,41.419855],[2.085771,41.419901],[2.085789,41.419948],[2.085806,41.419987],[2.085824,41.420026],[2.085839,41.420065],[2.085855,41.420104],[2.085873,41.420136],[2.085895,41.420166],[2.08592,41.42019],[2.085949,41.42021],[2.085972,41.420223],[2.085995,41.420236],[2.086048,41.420261],[2.086075,41.420274],[2.08612,41.420297],[2.086154,41.420314],[2.086366,41.420412],[2.085805,41.421223],[2.085811,41.421227],[2.085849,41.421252],[2.085879,41.42128],[2.08591,41.421311],[2.085951,41.421344],[2.08599,41.421376],[2.08602,41.421405],[2.086044,41.421436],[2.086063,41.421464],[2.086082,41.421493],[2.086095,41.421509],[2.08609,41.42153],[2.086085,41.42155],[2.086085,41.421568],[2.086085,41.421586],[2.086076,41.421598],[2.08606,41.421609],[2.08604,41.421617],[2.086019,41.42162],[2.086001,41.421619],[2.085984,41.421613],[2.085963,41.421599],[2.085943,41.421584],[2.085921,41.421567],[2.085898,41.42155],[2.085882,41.421537],[2.085872,41.42153],[2.085577,41.421535],[2.085538,41.421536],[2.08554,41.421548],[2.085545,41.421598],[2.085548,41.421649],[2.08555,41.421702],[2.085551,41.421756],[2.085554,41.421808],[2.085556,41.421859],[2.085554,41.421902],[2.08555,41.421947],[2.085547,41.421992],[2.085543,41.422037],[2.085543,41.422085],[2.08554,41.422133],[2.085534,41.422163],[2.085528,41.422195],[2.085526,41.422233],[2.085525,41.42227],[2.085524,41.422312],[2.085522,41.422354],[2.08552,41.422393],[2.085518,41.422434],[2.085521,41.422456],[2.085529,41.422477],[2.085552,41.422515],[2.085568,41.422538],[2.085626,41.422646],[2.085626,41.42265],[2.085623,41.422655],[2.085618,41.422655],[2.085593,41.422649],[2.085575,41.422642],[2.085551,41.42263],[2.085501,41.422598],[2.085456,41.422566],[2.085432,41.422541],[2.085407,41.422508],[2.085384,41.422474],[2.085338,41.422403],[2.085303,41.422356],[2.08527,41.422317],[2.085233,41.42228],[2.085204,41.422255],[2.085174,41.422237],[2.085141,41.422225],[2.085077,41.422209],[2.085003,41.4222],[2.084929,41.422198],[2.084867,41.422204],[2.084806,41.422217],[2.084764,41.422233],[2.084725,41.422257],[2.084695,41.422284],[2.084679,41.422306],[2.084664,41.422336],[2.08466,41.422358],[2.084661,41.422379],[2.084671,41.42242],[2.084685,41.422446],[2.084721,41.422497],[2.084761,41.422546],[2.08486,41.422655],[2.084961,41.422761],[2.085023,41.422833],[2.08504,41.422859],[2.085052,41.422888],[2.085073,41.422953],[2.085095,41.422995],[2.085115,41.423018],[2.085153,41.423055],[2.085221,41.423114],[2.085275,41.423164],[2.085359,41.423239],[2.085451,41.423312],[2.085477,41.423328],[2.085519,41.423347],[2.085563,41.423359],[2.085657,41.423376],[2.085751,41.42339],[2.085858,41.423403],[2.085965,41.423415],[2.086014,41.423421],[2.086034,41.423426],[2.086053,41.423435],[2.086057,41.423439],[2.086062,41.423448],[2.086061,41.423455],[2.086055,41.423464],[2.086043,41.423482],[2.086017,41.423508],[2.085981,41.423538],[2.085963,41.423551],[2.085942,41.423562],[2.08587,41.423594],[2.085858,41.4236],[2.085826,41.423618],[2.085814,41.423625],[2.085549,41.423615],[2.085042,41.423622],[2.085041,41.42362],[2.085023,41.42358],[2.084999,41.423541],[2.084978,41.423522],[2.08494,41.423493],[2.084905,41.423472],[2.084836,41.423432],[2.08481,41.423416],[2.084784,41.423398],[2.08473,41.423366],[2.084703,41.423351],[2.084673,41.423344],[2.084614,41.423336],[2.084579,41.423329],[2.084564,41.423323],[2.084548,41.423313],[2.084496,41.423267],[2.084442,41.423219],[2.084403,41.423188],[2.084361,41.423158],[2.084343,41.42315],[2.08432,41.423147],[2.084302,41.423533],[2.084389,41.423709],[2.084419,41.42377],[2.084426,41.423782],[2.084438,41.423801],[2.0845,41.423887],[2.084499,41.423936],[2.084521,41.423976],[2.084564,41.424031],[2.084607,41.424093],[2.084648,41.424155],[2.084681,41.424206],[2.084714,41.424257],[2.084743,41.424295],[2.084778,41.42433],[2.084811,41.424355],[2.084849,41.424377],[2.084876,41.42439],[2.084905,41.424401],[2.084912,41.424407],[2.084916,41.424406],[2.084938,41.424415],[2.085002,41.424441],[2.085058,41.424464],[2.08525,41.423926],[2.085355,41.42395],[2.085389,41.423946],[2.08543,41.423933],[2.085473,41.423909],[2.085511,41.423882],[2.085546,41.423853],[2.085592,41.423807],[2.085615,41.423786],[2.085641,41.423767],[2.085708,41.423724],[2.085775,41.423682],[2.085882,41.423631],[2.085968,41.423592],[2.085992,41.423578],[2.086015,41.423563],[2.086053,41.42353],[2.086083,41.423501],[2.086107,41.423465],[2.08611,41.423443],[2.086098,41.423422],[2.086085,41.423408],[2.086055,41.423394],[2.086026,41.423387],[2.085972,41.42338],[2.085865,41.423368],[2.085759,41.423355],[2.085667,41.423341],[2.08562,41.423333],[2.085776,41.422766],[2.085946,41.422371],[2.08608,41.422291],[2.086278,41.422292],[2.086284,41.422193],[2.08593,41.422161],[2.085943,41.422114],[2.085958,41.421995],[2.08596,41.421842],[2.085974,41.421761],[2.086032,41.421681],[2.08621,41.42162],[2.086293,41.421658],[2.086314,41.421668],[2.086353,41.42168],[2.086401,41.421691],[2.086464,41.421707],[2.08653,41.421721],[2.086619,41.421733],[2.086708,41.421745],[2.086786,41.421755],[2.086864,41.421765],[2.086935,41.421777],[2.087006,41.421791],[2.087059,41.421802],[2.087112,41.421813],[2.087179,41.421828],[2.087245,41.421845],[2.087308,41.421864],[2.087372,41.421883],[2.087425,41.421897],[2.087441,41.421902],[2.087477,41.421912],[2.087506,41.421922],[2.087533,41.421935],[2.087555,41.421946],[2.087571,41.421959],[2.087579,41.42197],[2.087583,41.421984],[2.087584,41.421996],[2.087583,41.422009],[2.087579,41.422024],[2.087572,41.422038],[2.087554,41.422057],[2.087534,41.422078],[2.087518,41.422096],[2.087503,41.422115],[2.087492,41.422135],[2.087483,41.422153],[2.087475,41.422168],[2.087466,41.422186],[2.087467,41.422199],[2.087477,41.422209],[2.087493,41.422218],[2.087511,41.422224],[2.087528,41.422226],[2.087556,41.422228],[2.087584,41.422227],[2.087615,41.422222],[2.087643,41.422218],[2.087678,41.422216],[2.087717,41.422217],[2.087735,41.422221],[2.087755,41.422228],[2.087763,41.422233],[2.087765,41.42224],[2.087765,41.422246],[2.087759,41.422252],[2.087742,41.422264],[2.087688,41.422289],[2.087604,41.422324],[2.087561,41.422338],[2.087517,41.422351],[2.087496,41.422354],[2.087475,41.422356],[2.087439,41.422356],[2.087402,41.422357],[2.087368,41.422356],[2.087333,41.422356],[2.087302,41.422357],[2.087267,41.422361],[2.087238,41.422373],[2.087215,41.422392],[2.0872,41.422421],[2.087192,41.422449],[2.08719,41.422479],[2.087192,41.42251],[2.0872,41.422534],[2.087214,41.422557],[2.087233,41.422577],[2.087254,41.422595],[2.087272,41.422608],[2.087288,41.422618],[2.087298,41.422628],[2.087305,41.422639],[2.087313,41.422662],[2.087322,41.422688],[2.087342,41.422747],[2.087362,41.422806],[2.087376,41.422845],[2.08739,41.422886],[2.087431,41.422963],[2.087437,41.422978],[2.087401,41.423048],[2.087386,41.423087],[2.08731,41.423241],[2.087314,41.423265],[2.087321,41.423304],[2.087297,41.423319],[2.087287,41.423328],[2.08728,41.423338],[2.087272,41.42336],[2.087271,41.423377],[2.08728,41.423395],[2.087295,41.423408],[2.087313,41.423416],[2.087329,41.423421],[2.087345,41.423423],[2.08739,41.423418],[2.087435,41.423411],[2.087562,41.423386],[2.087716,41.423356],[2.087754,41.423351],[2.087827,41.423344],[2.087901,41.423341],[2.087979,41.42334],[2.088057,41.423341],[2.088125,41.42334],[2.088194,41.423336],[2.088249,41.423326],[2.088301,41.423312],[2.088355,41.423296],[2.08841,41.423277],[2.088468,41.423251],[2.088522,41.423225],[2.088563,41.423207],[2.088604,41.423193],[2.088627,41.423189],[2.088652,41.423187],[2.088668,41.423187],[2.088682,41.42319],[2.088704,41.423198],[2.088711,41.423202],[2.088716,41.423207],[2.088727,41.42322],[2.088771,41.423271],[2.088694,41.423213],[2.088678,41.423254],[2.088553,41.423391],[2.088726,41.423488],[2.088741,41.423724],[2.088796,41.423732],[2.08876,41.423739],[2.088734,41.423745],[2.088715,41.423751],[2.088703,41.423758],[2.088695,41.423763],[2.088688,41.423772],[2.088685,41.423784],[2.088685,41.423801],[2.088687,41.423814],[2.088696,41.42383],[2.088713,41.423841],[2.088727,41.423848],[2.088746,41.423854],[2.088759,41.423857],[2.088803,41.423861],[2.088841,41.423865],[2.088867,41.423871],[2.08889,41.423882],[2.088907,41.423894],[2.088922,41.423907],[2.088942,41.423936],[2.088959,41.423966],[2.088978,41.424013],[2.088997,41.424062],[2.089023,41.424111],[2.089054,41.424157],[2.089086,41.4242],[2.089119,41.424243],[2.089163,41.424296],[2.089213,41.424348],[2.089257,41.424384],[2.089306,41.424417],[2.08937,41.424456],[2.089437,41.424493],[2.08951,41.424529],[2.089582,41.424564],[2.089643,41.424595],[2.089706,41.424628],[2.089772,41.424658],[2.08984,41.424686],[2.089926,41.424716],[2.090016,41.424741],[2.090088,41.424756],[2.090229,41.424779],[2.0903,41.424788],[2.09033,41.424788],[2.090361,41.424783],[2.090399,41.42477],[2.090418,41.424759],[2.090419,41.424757],[2.09044,41.424731]]]]}},{"type":"Feature","id":"080193_080193 AP07 BAR 2","properties":{"area_id":"080193_080193 AP07 BAR 2","nom":"Mas Sauró","codi_icgc":"080193 AP07 BAR 2","categoria":"Àrees de poblament","codi_municipi":"080193","municipi":"Barcelona","codi_comarca":"13","comarca":"Barcelonès","provincia":"Barcelona","font":"ICGC Àrees de poblament v3r1 202602"},"geometry":{"type":"MultiPolygon","coordinates":[[[[2.095163,41.41592],[2.095183,41.415868],[2.095194,41.415775],[2.095237,41.415632],[2.095293,41.415504],[2.095315,41.415461],[2.095661,41.415458],[2.095796,41.415444],[2.096045,41.415437],[2.09616,41.415456],[2.096659,41.415448],[2.096672,41.415527],[2.097056,41.415477],[2.097058,41.415459],[2.096938,41.415291],[2.096924,41.415255],[2.096923,41.415252],[2.096934,41.415224],[2.097007,41.415092],[2.097041,41.414943],[2.096775,41.414963],[2.096712,41.41504],[2.096438,41.414907],[2.096478,41.414914],[2.096522,41.414892],[2.096843,41.414492],[2.096865,41.41443],[2.096863,41.414397],[2.096945,41.414344],[2.097073,41.414309],[2.097263,41.414288],[2.097275,41.414277],[2.097341,41.414212],[2.097349,41.414204],[2.097366,41.414171],[2.097362,41.414109],[2.097345,41.414067],[2.097344,41.414059],[2.097324,41.414012],[2.097254,41.413921],[2.097235,41.413895],[2.097071,41.413686],[2.096873,41.413684],[2.096798,41.413841],[2.096494,41.413913],[2.096106,41.414005],[2.095992,41.414033],[2.095994,41.414042],[2.09604,41.414219],[2.096026,41.414223],[2.095947,41.414243],[2.095779,41.414286],[2.095727,41.414302],[2.095598,41.414365],[2.094857,41.414868],[2.094818,41.414895],[2.0948,41.414906],[2.094686,41.414951],[2.094648,41.414954],[2.094558,41.414962],[2.093971,41.414941],[2.093886,41.414941],[2.09366,41.414968],[2.093007,41.415099],[2.092851,41.415138],[2.092851,41.415154],[2.092851,41.415196],[2.09276,41.415227],[2.09254,41.41533],[2.092514,41.415344],[2.092521,41.415359],[2.092638,41.415597],[2.09264,41.415602],[2.092677,41.415676],[2.092731,41.415785],[2.092745,41.415813],[2.092885,41.415857],[2.092981,41.415887],[2.093031,41.415959],[2.093696,41.415947],[2.093702,41.415931],[2.09461,41.41591],[2.094691,41.416001],[2.094762,41.416014],[2.094891,41.416008],[2.094985,41.415972],[2.095087,41.415954],[2.095163,41.41592]]],[[[2.098329,41.419032],[2.098397,41.419032],[2.098414,41.419034],[2.098506,41.418987],[2.098559,41.419019],[2.098566,41.419022],[2.098607,41.41904],[2.098673,41.419066],[2.098681,41.419074],[2.098693,41.419079],[2.098717,41.419094],[2.098751,41.419119],[2.098786,41.419144],[2.098832,41.419169],[2.098881,41.41919],[2.098944,41.419208],[2.099009,41.41922],[2.099093,41.419232],[2.099177,41.419238],[2.099231,41.419239],[2.099315,41.419234],[2.099371,41.419181],[2.099692,41.418914],[2.099765,41.418802],[2.099682,41.418771],[2.099763,41.418641],[2.099769,41.418551],[2.099698,41.41847],[2.0996,41.418434],[2.099415,41.418367],[2.09928,41.418326],[2.099224,41.418308],[2.098974,41.418491],[2.09886,41.418573],[2.098692,41.418699],[2.098631,41.418741],[2.098628,41.418743],[2.098603,41.418758],[2.098583,41.418771],[2.098548,41.418793],[2.098509,41.418817],[2.09848,41.418833],[2.098469,41.418839],[2.098456,41.418842],[2.098442,41.418843],[2.098429,41.418841],[2.098417,41.418835],[2.098392,41.418817],[2.098372,41.418797],[2.098337,41.418746],[2.098304,41.418695],[2.098226,41.418545],[2.098207,41.41851],[2.0982,41.418499],[2.098192,41.418488],[2.098179,41.418469],[2.098161,41.418444],[2.09813,41.41839],[2.098122,41.41837],[2.098117,41.418349],[2.098111,41.418307],[2.098104,41.418271],[2.098099,41.418234],[2.0981,41.41821],[2.098109,41.41815],[2.098118,41.418089],[2.098135,41.417973],[2.098152,41.417857],[2.09816,41.417774],[2.098168,41.41769],[2.098184,41.417594],[2.098199,41.417387],[2.09821,41.417349],[2.098226,41.417261],[2.098233,41.417221],[2.098228,41.4172],[2.098216,41.417147],[2.098209,41.417116],[2.098141,41.417021],[2.098052,41.416917],[2.097985,41.416777],[2.097969,41.416726],[2.097438,41.41684],[2.096924,41.416931],[2.09688,41.416871],[2.096737,41.416904],[2.096515,41.416993],[2.096463,41.417021],[2.096414,41.417175],[2.096413,41.417189],[2.096404,41.417243],[2.096393,41.417297],[2.096381,41.417344],[2.096367,41.41739],[2.096358,41.417408],[2.096345,41.417425],[2.096329,41.41744],[2.096309,41.417453],[2.096279,41.417469],[2.096247,41.417481],[2.096213,41.417488],[2.096178,41.417491],[2.096128,41.417491],[2.096077,41.417488],[2.096011,41.417483],[2.095944,41.417476],[2.095877,41.417468],[2.095811,41.417459],[2.095747,41.417447],[2.095684,41.417433],[2.095604,41.417411],[2.095525,41.417389],[2.095457,41.417369],[2.095389,41.417349],[2.09532,41.41733],[2.095251,41.41731],[2.095177,41.417289],[2.095102,41.417269],[2.095037,41.417257],[2.094973,41.417245],[2.094897,41.417229],[2.094822,41.417211],[2.094761,41.417194],[2.094702,41.417175],[2.094622,41.417146],[2.094545,41.417113],[2.094495,41.417088],[2.094444,41.417061],[2.094403,41.417042],[2.094358,41.417027],[2.094309,41.417017],[2.09426,41.417009],[2.094183,41.417003],[2.094107,41.416997],[2.094058,41.416989],[2.09401,41.416979],[2.09398,41.41697],[2.093948,41.416961],[2.093929,41.416958],[2.093921,41.416959],[2.093901,41.416995],[2.09389,41.417016],[2.093867,41.417057],[2.093846,41.41706],[2.093755,41.417162],[2.093945,41.417237],[2.093963,41.417412],[2.093969,41.417415],[2.094057,41.417463],[2.094072,41.417471],[2.09419,41.417565],[2.094269,41.417628],[2.094473,41.417719],[2.094701,41.417819],[2.094684,41.417825],[2.09466,41.417832],[2.094656,41.417833],[2.094589,41.417838],[2.094505,41.417846],[2.094483,41.417847],[2.09443,41.417851],[2.0944,41.41785],[2.09437,41.417844],[2.094336,41.417835],[2.094306,41.417821],[2.094256,41.417788],[2.094191,41.417733],[2.094158,41.417706],[2.094121,41.41768],[2.094106,41.417672],[2.09403,41.417641],[2.094006,41.417644],[2.093995,41.417648],[2.093985,41.417655],[2.093976,41.417666],[2.093971,41.417681],[2.093969,41.417697],[2.093968,41.417732],[2.09397,41.417749],[2.093979,41.417764],[2.094,41.417787],[2.094021,41.417811],[2.094092,41.417894],[2.094165,41.417977],[2.09421,41.418021],[2.094281,41.418083],[2.094353,41.418145],[2.09442,41.418203],[2.094488,41.41826],[2.094588,41.418341],[2.094641,41.418378],[2.094698,41.418413],[2.094849,41.418489],[2.095,41.418563],[2.095169,41.418652],[2.095339,41.418742],[2.095366,41.418754],[2.095408,41.418768],[2.095453,41.418778],[2.095559,41.41879],[2.095665,41.418801],[2.09584,41.418828],[2.096005,41.418858],[2.096048,41.418869],[2.096059,41.41888],[2.096229,41.418946],[2.096239,41.41894],[2.096306,41.418977],[2.096404,41.41903],[2.096523,41.419114],[2.096717,41.419228],[2.096886,41.419331],[2.097168,41.419531],[2.097244,41.419467],[2.097324,41.419403],[2.097336,41.419393],[2.097358,41.419377],[2.097411,41.419344],[2.097475,41.419303],[2.097498,41.419289],[2.097556,41.419256],[2.097617,41.419227],[2.097748,41.419174],[2.097863,41.419134],[2.097981,41.419098],[2.09806,41.419077],[2.09816,41.419055],[2.098261,41.419038],[2.098316,41.419033],[2.098329,41.419032]]],[[[2.094145,41.421081],[2.094193,41.421075],[2.094283,41.421079],[2.094309,41.421079],[2.094335,41.421079],[2.094371,41.421077],[2.094408,41.421072],[2.094448,41.421062],[2.094484,41.421047],[2.094524,41.421027],[2.094614,41.420948],[2.094621,41.420935],[2.094633,41.420911],[2.094643,41.420889],[2.094649,41.420867],[2.094651,41.420841],[2.094653,41.420817],[2.094658,41.420791],[2.094667,41.420768],[2.094683,41.420747],[2.094698,41.420732],[2.094566,41.420594],[2.094281,41.420364],[2.094226,41.420357],[2.094197,41.420379],[2.09416,41.420408],[2.094123,41.420437],[2.094089,41.420462],[2.094055,41.420487],[2.094025,41.420508],[2.093996,41.420527],[2.093968,41.420543],[2.09394,41.420559],[2.093919,41.420571],[2.0939,41.420585],[2.09388,41.420599],[2.093859,41.420614],[2.09384,41.420635],[2.093826,41.420657],[2.093814,41.420678],[2.093805,41.420702],[2.093802,41.420733],[2.093801,41.420762],[2.093801,41.420794],[2.0938,41.420826],[2.093802,41.420855],[2.093804,41.420884],[2.093801,41.420913],[2.093792,41.420942],[2.093782,41.420976],[2.09377,41.42101],[2.093759,41.421037],[2.093748,41.421064],[2.093738,41.421083],[2.093731,41.421105],[2.093731,41.421125],[2.093731,41.421135],[2.093759,41.421158],[2.093759,41.421147],[2.093773,41.421146],[2.0938,41.421144],[2.093848,41.42114],[2.093896,41.421133],[2.093966,41.421119],[2.094035,41.421104],[2.09409,41.421091],[2.094118,41.421085],[2.094145,41.421081]]]]}},{"type":"Feature","id":"080193_080193 SI03 BAR 2","properties":{"area_id":"080193_080193 SI03 BAR 2","nom":"Polígon industrial Torrent d'Estadella","codi_icgc":"080193 SI03 BAR 2","categoria":"Sector industrial","codi_municipi":"080193","municipi":"Barcelona","codi_comarca":"13","comarca":"Barcelonès","provincia":"Barcelona","font":"ICGC Àrees de poblament v3r1 202602"},"geometry":{"type":"MultiPolygon","coordinates":[[[[2.200899,41.435368],[2.201061,41.434515],[2.200971,41.434503],[2.200709,41.434408],[2.200694,41.434298],[2.200687,41.434113],[2.201199,41.434102],[2.201342,41.434097],[2.202423,41.433591],[2.202625,41.433495],[2.202864,41.433711],[2.202891,41.433757],[2.203997,41.433829],[2.20444,41.433851],[2.205883,41.43396],[2.205989,41.433184],[2.206026,41.432928],[2.206285,41.432824],[2.205538,41.431873],[2.204424,41.430528],[2.20392,41.429907],[2.203632,41.429591],[2.203095,41.428994],[2.202692,41.42853],[2.202614,41.428445],[2.2029,41.428309],[2.203315,41.428111],[2.203844,41.427839],[2.203845,41.427839],[2.203828,41.427819],[2.205537,41.427017],[2.205728,41.426927],[2.205728,41.426927],[2.205738,41.426922],[2.20571,41.426888],[2.205638,41.426803],[2.204975,41.426051],[2.204918,41.42608],[2.20459,41.425733],[2.204577,41.425709],[2.204618,41.425685],[2.20451,41.425585],[2.204469,41.425547],[2.203765,41.424891],[2.203685,41.424932],[2.201451,41.426615],[2.201406,41.42664],[2.201105,41.426811],[2.200969,41.426709],[2.199889,41.427324],[2.19946,41.427543],[2.199426,41.428078],[2.199424,41.428145],[2.199421,41.428284],[2.199419,41.428393],[2.199423,41.428638],[2.199134,41.428628],[2.199137,41.428954],[2.199065,41.429931],[2.199065,41.429936],[2.199064,41.429941],[2.199243,41.429988],[2.199397,41.430037],[2.199788,41.430081],[2.199998,41.430101],[2.200326,41.430115],[2.200675,41.43009],[2.200908,41.430065],[2.201051,41.430048],[2.201289,41.429987],[2.201583,41.430564],[2.200986,41.43084],[2.200457,41.43109],[2.200027,41.431294],[2.199816,41.431385],[2.19962,41.431482],[2.19954,41.431805],[2.199281,41.431799],[2.199188,41.431796],[2.199141,41.431795],[2.197286,41.432609],[2.196802,41.432822],[2.195759,41.43328],[2.195737,41.433318],[2.195586,41.433584],[2.195563,41.43362],[2.195546,41.43365],[2.195417,41.433881],[2.1953,41.434053],[2.195039,41.43442],[2.19511,41.434431],[2.195125,41.434433],[2.19515,41.434475],[2.195103,41.434497],[2.195106,41.434506],[2.195064,41.434514],[2.195045,41.434517],[2.195005,41.434581],[2.19489,41.434813],[2.194877,41.43485],[2.194841,41.434951],[2.194851,41.434987],[2.194872,41.435029],[2.194899,41.435032],[2.194936,41.435085],[2.194953,41.435134],[2.194975,41.435194],[2.194981,41.435229],[2.194981,41.435249],[2.194982,41.435269],[2.195093,41.435299],[2.195228,41.435336],[2.195254,41.435343],[2.195287,41.43535],[2.195305,41.435352],[2.19546,41.435375],[2.195487,41.435379],[2.195807,41.435398],[2.19582,41.435384],[2.196555,41.435371],[2.196838,41.435365],[2.197045,41.435362],[2.198812,41.435317],[2.199068,41.435369],[2.200573,41.435526],[2.200899,41.435368]]]]}},{"type":"Feature","id":"080193_080193 SI05 BAR 2","properties":{"area_id":"080193_080193 SI05 BAR 2","nom":"Polígon industrial de Montsolís","codi_icgc":"080193 SI05 BAR 2","categoria":"Sector industrial","codi_municipi":"080193","municipi":"Barcelona","codi_comarca":"13","comarca":"Barcelonès","provincia":"Barcelona","font":"ICGC Àrees de poblament v3r1 202602"},"geometry":{"type":"MultiPolygon","coordinates":[[[[2.207344,41.428111],[2.207352,41.427977],[2.204224,41.42947],[2.204146,41.429512],[2.204088,41.429542],[2.205148,41.430951],[2.205284,41.431148],[2.205848,41.431847],[2.206164,41.431887],[2.206291,41.431829],[2.206291,41.431825],[2.206366,41.431527],[2.206501,41.430984],[2.206618,41.430669],[2.206678,41.430519],[2.206718,41.430418],[2.206746,41.430354],[2.206808,41.430209],[2.206816,41.430187],[2.206894,41.429983],[2.20701,41.429679],[2.207158,41.429372],[2.207246,41.429105],[2.207258,41.429066],[2.207275,41.428888],[2.207276,41.428876],[2.207274,41.428655],[2.20729,41.428436],[2.207329,41.428238],[2.207344,41.428111]]],[[[2.206902,41.432787],[2.206854,41.43277],[2.206709,41.432835],[2.206668,41.432881],[2.206926,41.433166],[2.207798,41.434164],[2.207834,41.434203],[2.209084,41.435652],[2.209425,41.434691],[2.209704,41.434072],[2.2095,41.434047],[2.20953,41.434],[2.209733,41.43365],[2.209869,41.433382],[2.209787,41.433336],[2.208924,41.433249],[2.208755,41.433213],[2.208553,41.433203],[2.208314,41.433194],[2.208172,41.433178],[2.208044,41.433154],[2.208024,41.43315],[2.207993,41.433143],[2.207951,41.433135],[2.207917,41.433128],[2.207801,41.433084],[2.207572,41.433006],[2.207194,41.432875],[2.207091,41.432845],[2.207043,41.432831],[2.206976,41.432812],[2.206902,41.432787]]]]}},{"type":"Feature","id":"080193_080193 SI04 BAR 2","properties":{"area_id":"080193_080193 SI04 BAR 2","nom":"Polígon industrial del Bon Pastor","codi_icgc":"080193 SI04 BAR 2","categoria":"Sector industrial","codi_municipi":"080193","municipi":"Barcelona","codi_comarca":"13","comarca":"Barcelonès","provincia":"Barcelona","font":"ICGC Àrees de poblament v3r1 202602"},"geometry":{"type":"MultiPolygon","coordinates":[[[[2.201168,41.435913],[2.201168,41.435913],[2.201159,41.435962],[2.201149,41.436022],[2.20111,41.436229],[2.200928,41.437238],[2.200888,41.437439],[2.200873,41.437522],[2.200873,41.437522],[2.200802,41.437913],[2.200728,41.437947],[2.201043,41.437971],[2.201744,41.438054],[2.202201,41.438095],[2.202819,41.438146],[2.202893,41.438007],[2.202971,41.437522],[2.203007,41.437295],[2.20301,41.437235],[2.203057,41.436962],[2.203193,41.4361],[2.202319,41.436022],[2.202209,41.436014],[2.201966,41.435996],[2.201168,41.435913]]],[[[2.207777,41.439797],[2.206533,41.439689],[2.206535,41.439674],[2.206351,41.439659],[2.206349,41.43967],[2.205774,41.43954],[2.20547,41.439472],[2.205212,41.439415],[2.204573,41.439265],[2.204516,41.439252],[2.204254,41.439196],[2.204188,41.439181],[2.204144,41.439175],[2.204099,41.439175],[2.204054,41.43918],[2.204012,41.439192],[2.203972,41.439208],[2.203937,41.43923],[2.203907,41.439255],[2.203884,41.439284],[2.203867,41.439316],[2.203858,41.439344],[2.203756,41.439752],[2.203477,41.439715],[2.20244,41.439575],[2.200547,41.43932],[2.200458,41.439778],[2.200323,41.440505],[2.200259,41.440844],[2.200072,41.441884],[2.200017,41.442187],[2.199859,41.443062],[2.199552,41.444722],[2.199524,41.444878],[2.199537,41.445002],[2.199624,41.445098],[2.199625,41.445099],[2.200093,41.445331],[2.201507,41.446039],[2.202051,41.44627],[2.20258,41.446494],[2.20285,41.446608],[2.203111,41.446728],[2.203946,41.445755],[2.204764,41.444885],[2.204782,41.444855],[2.204814,41.444809],[2.20485,41.444761],[2.204902,41.444695],[2.204951,41.444632],[2.204983,41.444593],[2.205214,41.444322],[2.205364,41.444127],[2.205427,41.444042],[2.205489,41.443959],[2.205684,41.443717],[2.205698,41.443707],[2.206086,41.443271],[2.2062,41.443143],[2.206841,41.442356],[2.207148,41.441864],[2.20762,41.440788],[2.207981,41.439833],[2.207859,41.439804],[2.207777,41.439797]]]]}},{"type":"Feature","id":"080193_080193 SI07 BAR 2","properties":{"area_id":"080193_080193 SI07 BAR 2","nom":"Port Autònom de Barcelona","codi_icgc":"080193 SI07 BAR 2","categoria":"Sector industrial","codi_municipi":"080193","municipi":"Barcelona","codi_comarca":"13","comarca":"Barcelonès","provincia":"Barcelona","font":"ICGC Àrees de poblament v3r1 202602"},"geometry":{"type":"MultiPolygon","coordinates":[[[[2.176735,41.369827],[2.177077,41.369801],[2.177017,41.369387],[2.176667,41.369415],[2.176534,41.368539],[2.17642,41.367763],[2.176364,41.367402],[2.176647,41.367381],[2.176489,41.367119],[2.177545,41.366727],[2.178092,41.366525],[2.179195,41.366128],[2.179691,41.365947],[2.179714,41.365981],[2.179844,41.36619],[2.180699,41.365868],[2.180723,41.365813],[2.180358,41.365232],[2.179951,41.364597],[2.179304,41.363586],[2.179018,41.36369],[2.1793,41.364137],[2.179001,41.364244],[2.177652,41.36473],[2.177089,41.364936],[2.17659,41.365119],[2.175962,41.365346],[2.175615,41.364883],[2.174926,41.363977],[2.174528,41.363457],[2.174012,41.362779],[2.173844,41.362558],[2.173438,41.362032],[2.173463,41.362023],[2.173793,41.361878],[2.173665,41.361677],[2.173641,41.361639],[2.174532,41.361319],[2.176673,41.360547],[2.17609,41.359654],[2.175408,41.358634],[2.171734,41.359975],[2.170927,41.360269],[2.170228,41.359206],[2.169871,41.358635],[2.170164,41.358438],[2.170504,41.358206],[2.171929,41.357252],[2.173027,41.356514],[2.171618,41.354395],[2.170118,41.352129],[2.169359,41.350947],[2.168621,41.34983],[2.168122,41.349081],[2.167833,41.348631],[2.167142,41.347573],[2.166888,41.347181],[2.164687,41.348016],[2.163695,41.348381],[2.16376,41.348496],[2.163782,41.348548],[2.163375,41.3487],[2.162989,41.348492],[2.162998,41.348464],[2.163117,41.348331],[2.162908,41.348211],[2.161702,41.347531],[2.16099,41.347126],[2.159906,41.346502],[2.157971,41.345402],[2.15765,41.345215],[2.157665,41.345199],[2.157013,41.344834],[2.155539,41.343995],[2.154812,41.343571],[2.154118,41.343178],[2.153783,41.342989],[2.1537,41.342942],[2.153308,41.342722],[2.153127,41.342753],[2.153028,41.342951],[2.153216,41.344327],[2.153232,41.344434],[2.153232,41.34448],[2.15287,41.344511],[2.152914,41.344829],[2.153022,41.345588],[2.153023,41.34561],[2.15267,41.345637],[2.152758,41.346329],[2.152761,41.346357],[2.150903,41.346499],[2.150798,41.345812],[2.150648,41.344721],[2.150481,41.34357],[2.150341,41.342512],[2.150209,41.341576],[2.150079,41.340655],[2.149861,41.339133],[2.149687,41.337917],[2.149509,41.336699],[2.145975,41.336595],[2.145608,41.336584],[2.145316,41.336477],[2.14472,41.335545],[2.14424,41.334764],[2.144237,41.334707],[2.145625,41.33423],[2.14624,41.334014],[2.147217,41.333682],[2.146868,41.333156],[2.146157,41.331949],[2.145769,41.331332],[2.145964,41.331253],[2.14581,41.330978],[2.145849,41.330955],[2.146643,41.330684],[2.147937,41.330232],[2.148671,41.329987],[2.148853,41.329947],[2.148988,41.329939],[2.149042,41.33002],[2.149673,41.331019],[2.149813,41.331234],[2.150119,41.331801],[2.150125,41.33181],[2.15046,41.332307],[2.150814,41.332829],[2.151225,41.333495],[2.151597,41.334097],[2.151706,41.334272],[2.152772,41.335993],[2.153369,41.336992],[2.154327,41.338564],[2.154338,41.338581],[2.154405,41.338688],[2.154515,41.338864],[2.155239,41.340019],[2.156365,41.34182],[2.157906,41.342525],[2.158078,41.342514],[2.158168,41.342509],[2.158397,41.342421],[2.160865,41.34201],[2.163131,41.341621],[2.164637,41.341358],[2.16482,41.341294],[2.164901,41.341139],[2.164927,41.340943],[2.164891,41.340627],[2.164757,41.340359],[2.164716,41.340253],[2.164587,41.339929],[2.164031,41.338663],[2.163967,41.338517],[2.163033,41.336392],[2.161417,41.332776],[2.161284,41.332476],[2.160175,41.330072],[2.15974,41.329014],[2.15944,41.328417],[2.159388,41.328361],[2.159316,41.328294],[2.159268,41.328256],[2.159215,41.328223],[2.159158,41.328194],[2.159096,41.32817],[2.159032,41.328152],[2.158965,41.328139],[2.158896,41.328131],[2.158827,41.328129],[2.158561,41.328133],[2.156319,41.32815],[2.156115,41.328152],[2.154208,41.328171],[2.154179,41.328172],[2.154178,41.328172],[2.154173,41.328172],[2.154158,41.328172],[2.154139,41.328171],[2.154118,41.328168],[2.154099,41.328165],[2.154075,41.328162],[2.154052,41.328157],[2.154037,41.328154],[2.154022,41.328151],[2.15401,41.328149],[2.153988,41.328144],[2.153962,41.328137],[2.153933,41.328133],[2.153904,41.328134],[2.15388,41.328139],[2.153856,41.328145],[2.153834,41.328152],[2.153815,41.328159],[2.153734,41.32822],[2.153678,41.328274],[2.153555,41.328325],[2.153469,41.328062],[2.153357,41.327719],[2.153256,41.327411],[2.153184,41.32719],[2.152775,41.325916],[2.152518,41.324672],[2.152301,41.324111],[2.152027,41.323513],[2.15185,41.323189],[2.151714,41.323229],[2.151555,41.323199],[2.149509,41.323867],[2.146798,41.324799],[2.145606,41.325216],[2.144519,41.325596],[2.143678,41.32589],[2.142876,41.326186],[2.142351,41.326356],[2.140867,41.326889],[2.138753,41.327734],[2.137982,41.328002],[2.137122,41.328301],[2.13684,41.328398],[2.136588,41.328502],[2.13659,41.328881],[2.136605,41.329133],[2.136688,41.329316],[2.137018,41.329844],[2.13745,41.330562],[2.137574,41.330763],[2.138114,41.331615],[2.13849,41.332236],[2.138829,41.332796],[2.138984,41.333064],[2.139655,41.334097],[2.140211,41.334981],[2.140483,41.335425],[2.140551,41.335534],[2.140924,41.336143],[2.140924,41.336144],[2.140924,41.336144],[2.14142,41.336954],[2.141453,41.337008],[2.141925,41.337779],[2.142396,41.33855],[2.142619,41.338913],[2.142826,41.339252],[2.142945,41.339446],[2.143497,41.340341],[2.143739,41.340727],[2.143981,41.341112],[2.144186,41.341441],[2.144269,41.341575],[2.144305,41.341634],[2.144393,41.341775],[2.144771,41.342393],[2.144874,41.342561],[2.145294,41.343236],[2.145799,41.344076],[2.145965,41.344386],[2.146032,41.3445],[2.14615,41.344698],[2.14615,41.344698],[2.146374,41.34504],[2.146457,41.345167],[2.146948,41.345846],[2.147162,41.346141],[2.1474,41.346379],[2.147581,41.346559],[2.147798,41.34674],[2.147844,41.346772],[2.147883,41.346793],[2.147941,41.346818],[2.148003,41.346838],[2.148067,41.346853],[2.148134,41.346862],[2.148201,41.346865],[2.148268,41.346863],[2.148335,41.346855],[2.148615,41.346749],[2.148862,41.347027],[2.148716,41.34715],[2.148706,41.347162],[2.148703,41.347164],[2.148656,41.347201],[2.148615,41.347241],[2.148581,41.347285],[2.148553,41.347332],[2.148542,41.347357],[2.148533,41.34738],[2.148528,41.347396],[2.148519,41.34743],[2.148514,41.347481],[2.148512,41.347546],[2.148516,41.347749],[2.148517,41.347796],[2.148507,41.348052],[2.148499,41.348105],[2.148501,41.348159],[2.148511,41.348211],[2.14853,41.348263],[2.148557,41.348312],[2.148579,41.348341],[2.148604,41.348369],[2.148696,41.348512],[2.148717,41.348547],[2.148796,41.348665],[2.148882,41.34878],[2.148974,41.348892],[2.149073,41.349002],[2.149178,41.349108],[2.149192,41.34912],[2.149207,41.34914],[2.149237,41.349162],[2.149289,41.34921],[2.149405,41.349308],[2.149528,41.349403],[2.149655,41.349494],[2.149788,41.34958],[2.149926,41.349662],[2.150068,41.349739],[2.150215,41.349812],[2.150366,41.349879],[2.15052,41.349942],[2.150673,41.349999],[2.151549,41.350302],[2.15232,41.350566],[2.153996,41.351139],[2.154209,41.351257],[2.154356,41.351338],[2.154444,41.351455],[2.154586,41.351492],[2.155502,41.35177],[2.156318,41.352063],[2.157313,41.352432],[2.157669,41.35272],[2.158025,41.353092],[2.158312,41.353313],[2.158545,41.353582],[2.159341,41.354142],[2.160695,41.355342],[2.160982,41.35557],[2.161093,41.35551],[2.161536,41.356086],[2.161957,41.35673],[2.162135,41.356934],[2.162943,41.357533],[2.163824,41.358134],[2.164541,41.358575],[2.165689,41.359127],[2.166605,41.359629],[2.167649,41.360192],[2.167456,41.360302],[2.166996,41.360563],[2.167056,41.360607],[2.167163,41.360684],[2.167304,41.360786],[2.167445,41.360887],[2.167581,41.360986],[2.167717,41.361084],[2.167886,41.361207],[2.168055,41.361329],[2.168203,41.361435],[2.16835,41.361539],[2.16848,41.361633],[2.168607,41.361728],[2.168699,41.361799],[2.168789,41.361871],[2.168875,41.361944],[2.16896,41.362018],[2.169048,41.362101],[2.169133,41.362185],[2.169236,41.362296],[2.169335,41.362408],[2.169409,41.362496],[2.169481,41.362585],[2.169562,41.362691],[2.169642,41.362797],[2.16972,41.362905],[2.169799,41.363012],[2.169891,41.363135],[2.169983,41.363258],[2.170072,41.363377],[2.170161,41.363497],[2.170242,41.363609],[2.170324,41.363721],[2.170407,41.363832],[2.170489,41.363943],[2.170588,41.364075],[2.170686,41.364207],[2.170785,41.364341],[2.170832,41.364407],[2.170882,41.364477],[2.171275,41.365036],[2.171606,41.36562],[2.171772,41.365939],[2.172069,41.366399],[2.172388,41.366831],[2.172784,41.367422],[2.173463,41.368153],[2.173681,41.368515],[2.173924,41.369117],[2.174088,41.369453],[2.174116,41.369531],[2.174154,41.36963],[2.174186,41.369717],[2.17422,41.369803],[2.17427,41.369929],[2.174297,41.369989],[2.174528,41.370315],[2.174979,41.370805],[2.175125,41.370968],[2.175442,41.371338],[2.175861,41.371859],[2.176436,41.372572],[2.176546,41.372718],[2.176959,41.372562],[2.177577,41.372327],[2.17745,41.372165],[2.177372,41.372133],[2.177079,41.372155],[2.177028,41.371798],[2.176751,41.370011],[2.176735,41.369827]]]]}},{"type":"Feature","id":"080193_080193 AP03 BAR 2","properties":{"area_id":"080193_080193 AP03 BAR 2","nom":"Rectoret","codi_icgc":"080193 AP03 BAR 2","categoria":"Àrees de poblament","codi_municipi":"080193","municipi":"Barcelona","codi_comarca":"13","comarca":"Barcelonès","provincia":"Barcelona","font":"ICGC Àrees de poblament v3r1 202602"},"geometry":{"type":"MultiPolygon","coordinates":[[[[2.094324,41.432257],[2.094389,41.432319],[2.094648,41.432264],[2.09476,41.432186],[2.094923,41.432138],[2.095106,41.432117],[2.095252,41.432148],[2.095376,41.432197],[2.095439,41.432224],[2.095518,41.432156],[2.095587,41.432111],[2.095695,41.43219],[2.095812,41.432147],[2.095909,41.432111],[2.096009,41.432204],[2.096193,41.432428],[2.096357,41.432487],[2.096641,41.432689],[2.096679,41.432653],[2.096868,41.432523],[2.097193,41.432378],[2.097601,41.432192],[2.09803,41.432055],[2.098354,41.431939],[2.098682,41.431797],[2.098792,41.431654],[2.098829,41.431481],[2.098812,41.431357],[2.098747,41.431217],[2.098675,41.430975],[2.098675,41.43071],[2.098482,41.430598],[2.098438,41.430345],[2.098501,41.430138],[2.098807,41.43001],[2.09905,41.429931],[2.099391,41.429856],[2.09962,41.429888],[2.099773,41.430014],[2.099874,41.430047],[2.100021,41.430014],[2.100385,41.429949],[2.100435,41.429957],[2.100862,41.429842],[2.10102,41.42978],[2.101132,41.429705],[2.10121,41.429576],[2.101731,41.429087],[2.101842,41.428962],[2.101989,41.428734],[2.102082,41.428609],[2.102201,41.428571],[2.102226,41.428561],[2.102284,41.428536],[2.102343,41.428511],[2.102401,41.42849],[2.102459,41.42847],[2.102489,41.428456],[2.102517,41.428441],[2.102529,41.428433],[2.10254,41.428423],[2.102549,41.428407],[2.102554,41.428391],[2.10256,41.428359],[2.102564,41.428326],[2.10257,41.428266],[2.102573,41.428206],[2.102573,41.428174],[2.102573,41.428122],[2.102569,41.428079],[2.102561,41.428037],[2.102538,41.427956],[2.102513,41.427875],[2.10249,41.427787],[2.102469,41.427698],[2.102461,41.427634],[2.102461,41.427595],[2.102462,41.42757],[2.102471,41.427504],[2.102482,41.427437],[2.102488,41.427384],[2.10249,41.427357],[2.102488,41.42733],[2.102483,41.427301],[2.102476,41.427269],[2.102429,41.427225],[2.102504,41.427193],[2.102501,41.427185],[2.102541,41.42718],[2.102565,41.427156],[2.102575,41.427151],[2.102567,41.427141],[2.102549,41.427116],[2.102536,41.427094],[2.102487,41.42701],[2.102415,41.42689],[2.102398,41.426861],[2.102368,41.426811],[2.102364,41.426805],[2.102349,41.426775],[2.102319,41.426714],[2.102264,41.426605],[2.102245,41.426567],[2.10224,41.426556],[2.102212,41.426485],[2.102078,41.426136],[2.102081,41.42613],[2.102077,41.426123],[2.102072,41.425989],[2.102065,41.425917],[2.102037,41.425848],[2.101979,41.425769],[2.101833,41.42565],[2.10174,41.425565],[2.101633,41.425468],[2.101613,41.425452],[2.101518,41.425385],[2.101312,41.425382],[2.10119,41.425377],[2.101131,41.425375],[2.100874,41.425367],[2.100826,41.425366],[2.100695,41.425323],[2.100681,41.425428],[2.100647,41.425397],[2.100624,41.425356],[2.100613,41.425336],[2.100604,41.425317],[2.100599,41.425298],[2.100601,41.425278],[2.100604,41.425264],[2.100609,41.425248],[2.100615,41.425228],[2.100622,41.425206],[2.100626,41.425186],[2.100627,41.425171],[2.100628,41.425165],[2.100626,41.42515],[2.100615,41.425132],[2.100487,41.425155],[2.100382,41.425165],[2.100374,41.425148],[2.100366,41.425143],[2.100348,41.425145],[2.100331,41.425147],[2.100261,41.425136],[2.100192,41.425125],[2.100135,41.425119],[2.100107,41.425115],[2.10008,41.425108],[2.100008,41.425085],[2.09994,41.425055],[2.099901,41.425043],[2.099801,41.425026],[2.099656,41.424986],[2.099552,41.424958],[2.099483,41.424935],[2.099441,41.424924],[2.099352,41.424897],[2.099272,41.424866],[2.099266,41.424864],[2.099183,41.424826],[2.099104,41.424784],[2.099039,41.424742],[2.099017,41.424698],[2.098986,41.424703],[2.09899,41.424697],[2.098811,41.42455],[2.098805,41.424545],[2.098713,41.424474],[2.098667,41.424439],[2.098508,41.424321],[2.098463,41.424285],[2.098393,41.424228],[2.098311,41.424166],[2.098298,41.424159],[2.098246,41.424129],[2.098071,41.424131],[2.097863,41.424142],[2.097769,41.424158],[2.097701,41.42417],[2.097472,41.424192],[2.097342,41.424204],[2.097261,41.424212],[2.097232,41.424215],[2.097136,41.424126],[2.097126,41.424116],[2.096982,41.423988],[2.096941,41.423953],[2.096882,41.423902],[2.096837,41.423864],[2.096778,41.423823],[2.096651,41.423714],[2.096529,41.423605],[2.096369,41.423467],[2.096371,41.423452],[2.096339,41.423426],[2.096253,41.423348],[2.096242,41.423342],[2.096208,41.423323],[2.096145,41.423281],[2.096116,41.42326],[2.096094,41.423237],[2.096062,41.423197],[2.096022,41.423155],[2.095887,41.423029],[2.095593,41.422768],[2.095615,41.422765],[2.095611,41.422761],[2.095546,41.422725],[2.095534,41.422718],[2.095383,41.422583],[2.09501,41.422785],[2.094821,41.422712],[2.094638,41.422875],[2.094532,41.423003],[2.094316,41.423488],[2.094571,41.423618],[2.094358,41.423867],[2.094281,41.423988],[2.094298,41.424117],[2.0944,41.424275],[2.094532,41.424383],[2.094739,41.424492],[2.09505,41.424702],[2.094914,41.424879],[2.094687,41.424827],[2.094602,41.424762],[2.094508,41.424697],[2.094404,41.424682],[2.094177,41.42463],[2.093968,41.424614],[2.093816,41.424599],[2.093722,41.424555],[2.093599,41.424483],[2.093447,41.424532],[2.09336,41.424653],[2.093311,41.424724],[2.093205,41.424823],[2.09305,41.425036],[2.092952,41.425257],[2.092786,41.425422],[2.092755,41.425572],[2.092579,41.425928],[2.09249,41.426227],[2.092468,41.426399],[2.092396,41.426813],[2.09272,41.426808],[2.092725,41.427046],[2.092726,41.427205],[2.092735,41.427289],[2.092777,41.427385],[2.092794,41.427431],[2.092791,41.427465],[2.092774,41.427562],[2.092736,41.427615],[2.092664,41.427683],[2.092571,41.427761],[2.092454,41.427838],[2.092362,41.427895],[2.092293,41.427946],[2.092236,41.428002],[2.092105,41.428133],[2.092054,41.42818],[2.092067,41.428182],[2.092066,41.428253],[2.092054,41.428256],[2.092233,41.428385],[2.092102,41.428522],[2.092113,41.42853],[2.092238,41.428636],[2.092426,41.428747],[2.092457,41.428781],[2.092507,41.428857],[2.092595,41.428906],[2.092689,41.428964],[2.09279,41.429017],[2.092871,41.429122],[2.092594,41.429411],[2.092492,41.429506],[2.092516,41.429563],[2.092591,41.429659],[2.092641,41.429731],[2.092728,41.429841],[2.0926,41.429907],[2.092774,41.430132],[2.09281,41.430261],[2.092846,41.430428],[2.092861,41.430556],[2.092915,41.430665],[2.092931,41.430695],[2.092956,41.430714],[2.093003,41.430735],[2.093064,41.430757],[2.093443,41.430575],[2.093426,41.430685],[2.093448,41.430775],[2.093483,41.430858],[2.093564,41.430954],[2.093638,41.431065],[2.093692,41.431176],[2.093741,41.431331],[2.093768,41.431409],[2.093774,41.43149],[2.093799,41.431559],[2.093843,41.431617],[2.093938,41.431709],[2.094001,41.431795],[2.094134,41.43204],[2.094193,41.432138],[2.094324,41.432257]]]]}},{"type":"Feature","id":"080193_080193 AP05 BAR 2","properties":{"area_id":"080193_080193 AP05 BAR 2","nom":"Santa Creu d'Olorda","codi_icgc":"080193 AP05 BAR 2","categoria":"Àrees de poblament","codi_municipi":"080193","municipi":"Barcelona","codi_comarca":"13","comarca":"Barcelonès","provincia":"Barcelona","font":"ICGC Àrees de poblament v3r1 202602"},"geometry":{"type":"MultiPolygon","coordinates":[[[[2.059558,41.416475],[2.059559,41.41648],[2.060148,41.416293],[2.059999,41.415958],[2.059976,41.41589],[2.059968,41.415865],[2.059957,41.41582],[2.059943,41.415813],[2.059891,41.415792],[2.059844,41.415775],[2.059795,41.41576],[2.059746,41.415748],[2.059695,41.415738],[2.059645,41.415733],[2.059596,41.41573],[2.05955,41.415729],[2.059502,41.41573],[2.059456,41.415735],[2.059411,41.415746],[2.059385,41.415756],[2.059384,41.415757],[2.059377,41.415759],[2.059293,41.415806],[2.059224,41.415856],[2.059199,41.415856],[2.059123,41.415863],[2.058928,41.415915],[2.058753,41.41594],[2.058633,41.41597],[2.058518,41.416019],[2.058462,41.416054],[2.058423,41.41608],[2.05835,41.416126],[2.05835,41.416126],[2.058336,41.416135],[2.058159,41.416184],[2.057921,41.416161],[2.057832,41.416153],[2.057803,41.416151],[2.05759,41.416136],[2.057571,41.416523],[2.058013,41.416567],[2.058129,41.416573],[2.058206,41.416578],[2.058274,41.41646],[2.058305,41.416374],[2.058314,41.416332],[2.058376,41.416289],[2.058399,41.416286],[2.058451,41.416277],[2.058467,41.416281],[2.058481,41.416282],[2.058489,41.416282],[2.058565,41.416276],[2.058698,41.416267],[2.058747,41.416266],[2.058836,41.416254],[2.05893,41.416242],[2.058968,41.416239],[2.058991,41.416239],[2.059016,41.416239],[2.059041,41.416242],[2.059061,41.416246],[2.059065,41.416247],[2.059183,41.416139],[2.059196,41.416128],[2.05921,41.416126],[2.059224,41.416127],[2.059238,41.416128],[2.059255,41.416137],[2.059269,41.416146],[2.059297,41.416167],[2.059324,41.416192],[2.059355,41.416221],[2.059385,41.416251],[2.05941,41.416278],[2.059433,41.416306],[2.05946,41.416343],[2.059487,41.416379],[2.059513,41.416416],[2.05954,41.416452],[2.059558,41.416474],[2.059558,41.416475]]]]}},{"type":"Feature","id":"080193_080193 AP02 BAR 2","properties":{"area_id":"080193_080193 AP02 BAR 2","nom":"Vallvidrera","codi_icgc":"080193 AP02 BAR 2","categoria":"Àrees de poblament","codi_municipi":"080193","municipi":"Barcelona","codi_comarca":"13","comarca":"Barcelonès","provincia":"Barcelona","font":"ICGC Àrees de poblament v3r1 202602"},"geometry":{"type":"MultiPolygon","coordinates":[[[[2.104502,41.411444],[2.104252,41.411132],[2.104229,41.411103],[2.104207,41.41108],[2.104191,41.411062],[2.104148,41.411012],[2.103782,41.410933],[2.103787,41.410922],[2.103894,41.410648],[2.103828,41.410478],[2.103826,41.410476],[2.103876,41.410377],[2.103879,41.410372],[2.103715,41.410265],[2.103653,41.410208],[2.103518,41.410004],[2.103454,41.409909],[2.103411,41.409844],[2.103241,41.409737],[2.103187,41.409738],[2.103089,41.409738],[2.103013,41.40974],[2.102913,41.409692],[2.102887,41.409669],[2.1028,41.409591],[2.102826,41.409581],[2.103451,41.409329],[2.103558,41.409275],[2.103532,41.409266],[2.103486,41.409245],[2.103445,41.409218],[2.103413,41.409193],[2.103393,41.409175],[2.103372,41.409149],[2.103357,41.409121],[2.103332,41.409129],[2.10332,41.409134],[2.103179,41.409171],[2.103054,41.409201],[2.102991,41.409216],[2.102938,41.409228],[2.102868,41.409242],[2.102833,41.409244],[2.102833,41.409206],[2.102833,41.409168],[2.10283,41.409128],[2.102813,41.409067],[2.102796,41.409007],[2.102783,41.408956],[2.102771,41.408905],[2.102768,41.408879],[2.102766,41.40886],[2.102768,41.408792],[2.102763,41.408734],[2.102755,41.408657],[2.102736,41.408588],[2.10271,41.408567],[2.102665,41.408549],[2.10262,41.40853],[2.102586,41.408513],[2.102552,41.408495],[2.102528,41.408484],[2.102455,41.408441],[2.102418,41.40842],[2.102383,41.408397],[2.10234,41.408368],[2.102327,41.40836],[2.102303,41.408343],[2.102238,41.408357],[2.102201,41.408334],[2.102174,41.408317],[2.102163,41.408311],[2.102137,41.408295],[2.102067,41.408251],[2.101901,41.408138],[2.101825,41.408042],[2.101779,41.407934],[2.101693,41.407542],[2.101682,41.407543],[2.101616,41.40755],[2.101423,41.407571],[2.101429,41.407664],[2.101357,41.407681],[2.101223,41.407745],[2.10118,41.40796],[2.101167,41.407971],[2.101147,41.407989],[2.101209,41.408097],[2.10085,41.408137],[2.100786,41.408184],[2.100775,41.408266],[2.10077,41.408309],[2.100897,41.408595],[2.100848,41.408616],[2.100543,41.408721],[2.100489,41.408735],[2.100378,41.408755],[2.100151,41.408769],[2.10013,41.408769],[2.099905,41.408789],[2.099692,41.408844],[2.0997,41.408876],[2.099644,41.40889],[2.099472,41.408931],[2.099464,41.408932],[2.099456,41.408934],[2.099388,41.408946],[2.09932,41.408959],[2.099297,41.408962],[2.099027,41.409018],[2.098869,41.409054],[2.098698,41.409105],[2.098625,41.409126],[2.098481,41.409167],[2.098114,41.409314],[2.098073,41.409274],[2.098061,41.40928],[2.097863,41.409375],[2.097868,41.409385],[2.098081,41.40984],[2.09834,41.409688],[2.098425,41.409647],[2.098464,41.409633],[2.098769,41.409539],[2.099258,41.40942],[2.099641,41.409341],[2.099684,41.40934],[2.099772,41.409348],[2.099803,41.409358],[2.100024,41.40943],[2.100046,41.409437],[2.100089,41.409451],[2.100073,41.409453],[2.100184,41.409534],[2.100295,41.409614],[2.100352,41.409652],[2.100413,41.409688],[2.100435,41.409699],[2.100457,41.409707],[2.100505,41.409721],[2.100546,41.409729],[2.100567,41.40973],[2.100589,41.409731],[2.100617,41.409728],[2.100681,41.409713],[2.100744,41.409698],[2.100786,41.409687],[2.100809,41.409682],[2.100904,41.409658],[2.101023,41.409629],[2.101082,41.409661],[2.101147,41.409711],[2.101072,41.409765],[2.100912,41.40988],[2.100756,41.410014],[2.100693,41.410085],[2.10069,41.410089],[2.100572,41.410237],[2.100531,41.410278],[2.100375,41.410437],[2.100354,41.410458],[2.100313,41.410516],[2.100269,41.41055],[2.100258,41.410558],[2.100258,41.410566],[2.100256,41.410605],[2.100255,41.410655],[2.100036,41.410956],[2.100028,41.411079],[2.099869,41.411335],[2.099912,41.411505],[2.099925,41.411526],[2.099931,41.411535],[2.099689,41.411611],[2.099602,41.411638],[2.098701,41.41192],[2.098774,41.412002],[2.09894,41.412137],[2.098971,41.412153],[2.098986,41.41216],[2.098999,41.412168],[2.099028,41.412181],[2.099089,41.412224],[2.099361,41.412338],[2.099502,41.412375],[2.099535,41.412373],[2.099542,41.412375],[2.099624,41.412366],[2.099598,41.412421],[2.099595,41.412428],[2.099317,41.412759],[2.09899,41.412685],[2.098545,41.4125],[2.09868,41.412369],[2.098543,41.412311],[2.098357,41.41227],[2.098324,41.412263],[2.09831,41.412317],[2.098299,41.412354],[2.098304,41.412406],[2.09825,41.41246],[2.098172,41.412452],[2.098148,41.412475],[2.098111,41.412515],[2.098098,41.412543],[2.098102,41.412608],[2.098104,41.412635],[2.09814,41.412722],[2.098171,41.412711],[2.098193,41.412753],[2.098234,41.412758],[2.098241,41.412771],[2.098368,41.41296],[2.098387,41.412955],[2.098376,41.412962],[2.098372,41.412966],[2.098375,41.412972],[2.098383,41.412985],[2.098407,41.413019],[2.098434,41.413053],[2.09846,41.413073],[2.098473,41.413083],[2.098483,41.413094],[2.098488,41.413101],[2.098492,41.413109],[2.098493,41.413144],[2.098493,41.41318],[2.098493,41.413237],[2.098493,41.413295],[2.09849,41.413371],[2.098484,41.413448],[2.098483,41.413488],[2.098486,41.413528],[2.098493,41.41355],[2.098505,41.413571],[2.09853,41.41361],[2.09855,41.413638],[2.098588,41.413628],[2.098658,41.41361],[2.098771,41.41358],[2.099069,41.413489],[2.099149,41.41353],[2.099195,41.413555],[2.099251,41.413584],[2.099268,41.413606],[2.099272,41.41362],[2.099603,41.413596],[2.10005,41.413563],[2.100573,41.4137],[2.100617,41.413711],[2.100627,41.413686],[2.100642,41.413649],[2.100699,41.413668],[2.100866,41.413727],[2.100966,41.413727],[2.100991,41.413656],[2.101015,41.41359],[2.101034,41.413539],[2.101133,41.41356],[2.101164,41.413567],[2.101294,41.413525],[2.101439,41.413572],[2.10158,41.413617],[2.101778,41.413686],[2.101781,41.413698],[2.10182,41.41386],[2.101916,41.413846],[2.102015,41.413832],[2.102028,41.413932],[2.102156,41.413931],[2.102144,41.413946],[2.102128,41.41397],[2.102114,41.413993],[2.102093,41.414028],[2.102078,41.414065],[2.102068,41.414103],[2.102059,41.414141],[2.102045,41.414193],[2.102032,41.414244],[2.102015,41.414298],[2.101997,41.414352],[2.10199,41.414387],[2.101988,41.414422],[2.101993,41.414457],[2.102006,41.414491],[2.102016,41.414509],[2.102028,41.414525],[2.102039,41.414533],[2.102056,41.414538],[2.102083,41.41454],[2.102111,41.414542],[2.102205,41.414616],[2.102368,41.414735],[2.10286,41.414932],[2.102858,41.414944],[2.102853,41.414953],[2.102842,41.414968],[2.102828,41.414983],[2.102788,41.415014],[2.102765,41.415031],[2.102753,41.415041],[2.102719,41.415067],[2.102685,41.41509],[2.102664,41.415107],[2.102575,41.415179],[2.102463,41.415271],[2.102435,41.415298],[2.102407,41.415326],[2.102359,41.415375],[2.102311,41.415424],[2.102247,41.415487],[2.10218,41.415547],[2.102047,41.415673],[2.101976,41.415607],[2.101937,41.415558],[2.101771,41.415363],[2.101725,41.415307],[2.101714,41.415294],[2.101704,41.415282],[2.101681,41.415253],[2.101618,41.415182],[2.101473,41.415249],[2.101556,41.415345],[2.10171,41.415556],[2.101457,41.415637],[2.101137,41.41561],[2.101115,41.415608],[2.100394,41.415538],[2.100305,41.416051],[2.100245,41.416399],[2.100302,41.416405],[2.10078,41.416456],[2.100896,41.416468],[2.101073,41.416496],[2.101208,41.416498],[2.101238,41.416511],[2.101256,41.416486],[2.101279,41.416488],[2.101355,41.416495],[2.101323,41.416544],[2.101308,41.416563],[2.101362,41.416583],[2.10135,41.416599],[2.101474,41.416657],[2.101503,41.416623],[2.10163,41.416684],[2.101644,41.416682],[2.10188,41.416413],[2.101962,41.416287],[2.102072,41.416158],[2.102235,41.416254],[2.102456,41.416036],[2.102518,41.415954],[2.102552,41.415915],[2.102592,41.41588],[2.102638,41.415848],[2.102714,41.415806],[2.102754,41.415787],[2.102769,41.41578],[2.102795,41.415768],[2.102877,41.41573],[2.102959,41.415691],[2.10308,41.415628],[2.103138,41.415596],[2.103197,41.415564],[2.103253,41.415531],[2.103306,41.415496],[2.10334,41.415473],[2.103354,41.415459],[2.103361,41.415446],[2.103367,41.415421],[2.103373,41.415396],[2.103337,41.415256],[2.103288,41.415062],[2.103234,41.414915],[2.103239,41.414885],[2.103246,41.414881],[2.103257,41.414875],[2.103297,41.414874],[2.103387,41.414916],[2.103532,41.41498],[2.103588,41.41498],[2.103649,41.41497],[2.103678,41.414956],[2.103707,41.414931],[2.103721,41.414911],[2.103737,41.41485],[2.103749,41.414772],[2.103762,41.41469],[2.103779,41.414624],[2.103799,41.414558],[2.103814,41.414502],[2.103827,41.414447],[2.103961,41.414449],[2.104178,41.414449],[2.104329,41.41444],[2.104458,41.414431],[2.104458,41.4145],[2.104452,41.414598],[2.104453,41.414657],[2.104452,41.414695],[2.104497,41.414749],[2.104522,41.414769],[2.104556,41.414783],[2.104591,41.414794],[2.104626,41.414803],[2.104659,41.41481],[2.104709,41.414819],[2.104708,41.414862],[2.104706,41.414877],[2.104725,41.4149],[2.104741,41.414924],[2.104753,41.414963],[2.104757,41.415002],[2.104755,41.41504],[2.104751,41.41506],[2.104742,41.415079],[2.104696,41.415146],[2.104659,41.415193],[2.104649,41.415206],[2.104597,41.415267],[2.104546,41.415329],[2.104261,41.415641],[2.104224,41.415681],[2.104144,41.415784],[2.1039,41.416076],[2.103885,41.416106],[2.103869,41.416135],[2.103863,41.41616],[2.103867,41.416185],[2.103885,41.41622],[2.103913,41.416251],[2.103945,41.416281],[2.103978,41.41631],[2.104007,41.416334],[2.104037,41.416358],[2.104094,41.416426],[2.104108,41.416458],[2.104114,41.416482],[2.104115,41.416506],[2.104111,41.416522],[2.104102,41.416546],[2.104094,41.41657],[2.104054,41.416665],[2.104042,41.416687],[2.103982,41.416794],[2.103876,41.416953],[2.103856,41.417052],[2.103983,41.41707],[2.104094,41.41707],[2.104148,41.417042],[2.10426,41.416951],[2.104335,41.416891],[2.104385,41.416836],[2.104522,41.416687],[2.104601,41.4166],[2.104781,41.416447],[2.104775,41.416446],[2.104792,41.416436],[2.104836,41.41644],[2.104845,41.416441],[2.104864,41.416437],[2.104908,41.41643],[2.104946,41.416425],[2.104958,41.416421],[2.104973,41.416418],[2.105328,41.416363],[2.105369,41.41636],[2.10543,41.416363],[2.105547,41.416403],[2.105565,41.416409],[2.105583,41.416422],[2.105608,41.416434],[2.105663,41.41647],[2.105739,41.416531],[2.10581,41.416595],[2.105835,41.416622],[2.10586,41.416649],[2.105878,41.416666],[2.105884,41.41667],[2.105883,41.416677],[2.105897,41.416677],[2.105903,41.416679],[2.105909,41.416681],[2.105906,41.416893],[2.105905,41.417233],[2.105913,41.417244],[2.105925,41.417257],[2.10594,41.417267],[2.105972,41.417281],[2.105995,41.417288],[2.106028,41.417294],[2.106083,41.417299],[2.106105,41.417298],[2.106153,41.417294],[2.106202,41.41729],[2.106222,41.417287],[2.106242,41.417281],[2.106279,41.417264],[2.106317,41.417238],[2.106346,41.417208],[2.106378,41.417164],[2.106406,41.417119],[2.106439,41.417052],[2.106695,41.416603],[2.106721,41.416562],[2.106786,41.416464],[2.106817,41.416425],[2.106853,41.416388],[2.106885,41.416363],[2.106951,41.416332],[2.106959,41.41633],[2.106969,41.416326],[2.106981,41.416324],[2.107023,41.416317],[2.107037,41.416316],[2.107066,41.416316],[2.10713,41.416323],[2.107194,41.416335],[2.107236,41.416346],[2.107301,41.416365],[2.107316,41.41637],[2.107392,41.416398],[2.107442,41.416419],[2.107506,41.416452],[2.107565,41.416492],[2.107593,41.416517],[2.107617,41.416544],[2.107629,41.416564],[2.107646,41.416601],[2.107655,41.416638],[2.107655,41.416663],[2.107654,41.416668],[2.107652,41.416688],[2.107648,41.416721],[2.107639,41.416778],[2.107624,41.41687],[2.107609,41.416962],[2.107608,41.416984],[2.10761,41.417006],[2.10762,41.41705],[2.107629,41.417079],[2.107642,41.417107],[2.107654,41.417125],[2.107674,41.417146],[2.107709,41.417174],[2.107745,41.417202],[2.107748,41.417204],[2.107816,41.417237],[2.107884,41.417269],[2.107934,41.417291],[2.107987,41.417312],[2.108004,41.417315],[2.108021,41.417316],[2.108055,41.417314],[2.1081,41.417312],[2.108145,41.417305],[2.108188,41.417289],[2.108226,41.41727],[2.108291,41.417233],[2.108356,41.417196],[2.10841,41.417171],[2.108415,41.417169],[2.108428,41.417164],[2.108467,41.41715],[2.1085,41.417145],[2.108534,41.417148],[2.108556,41.417154],[2.108581,41.417165],[2.108601,41.417179],[2.108612,41.417191],[2.108627,41.417216],[2.108629,41.417225],[2.108634,41.417243],[2.108643,41.417293],[2.108651,41.417344],[2.108661,41.417403],[2.108671,41.417463],[2.108678,41.417533],[2.108682,41.417603],[2.108687,41.417625],[2.108699,41.417647],[2.108709,41.417655],[2.108721,41.417662],[2.10877,41.417685],[2.108819,41.417709],[2.108894,41.417746],[2.108968,41.417782],[2.109022,41.417806],[2.10908,41.417826],[2.109111,41.417833],[2.109142,41.417835],[2.109163,41.417833],[2.109238,41.417824],[2.109312,41.417813],[2.109378,41.417803],[2.109442,41.417792],[2.109487,41.417787],[2.109532,41.417781],[2.109536,41.417778],[2.109536,41.417774],[2.109531,41.417766],[2.109518,41.417754],[2.109615,41.417726],[2.109671,41.417767],[2.109717,41.417809],[2.109725,41.417821],[2.10976,41.417857],[2.109801,41.41789],[2.109833,41.417907],[2.109916,41.417942],[2.11,41.417975],[2.110061,41.418002],[2.110121,41.418028],[2.110167,41.418053],[2.110213,41.418078],[2.110228,41.41815],[2.110237,41.418153],[2.110262,41.418157],[2.110285,41.418157],[2.110299,41.418154],[2.1103,41.418157],[2.1103,41.418166],[2.110297,41.418176],[2.110292,41.418188],[2.110284,41.418199],[2.110274,41.418208],[2.110261,41.418216],[2.110235,41.418229],[2.110207,41.418242],[2.110171,41.418258],[2.110134,41.418274],[2.1101,41.418293],[2.109991,41.418335],[2.109855,41.418417],[2.109678,41.418485],[2.109725,41.418593],[2.10973,41.418612],[2.109737,41.418609],[2.109802,41.418581],[2.10985,41.418559],[2.109899,41.418536],[2.109936,41.418514],[2.109969,41.418487],[2.109988,41.418465],[2.110004,41.418443],[2.11002,41.418411],[2.110035,41.418379],[2.110044,41.418365],[2.110062,41.418346],[2.110085,41.418328],[2.110115,41.418308],[2.110148,41.41829],[2.110183,41.418274],[2.110219,41.418258],[2.110248,41.418245],[2.110276,41.418231],[2.110291,41.418221],[2.110305,41.418209],[2.110314,41.418195],[2.11032,41.418181],[2.110325,41.418168],[2.110324,41.418154],[2.110322,41.418149],[2.110338,41.418143],[2.110363,41.418128],[2.110374,41.418115],[2.110385,41.418116],[2.110463,41.418122],[2.110523,41.418126],[2.110526,41.418227],[2.110585,41.418626],[2.110275,41.418747],[2.110016,41.418913],[2.110042,41.418928],[2.11027,41.419064],[2.110277,41.419068],[2.110537,41.419079],[2.11054,41.419067],[2.110628,41.419068],[2.110698,41.41907],[2.110711,41.419075],[2.11073,41.419068],[2.110784,41.41905],[2.110864,41.419018],[2.110904,41.41902],[2.110932,41.419021],[2.110939,41.419021],[2.111052,41.419024],[2.11109,41.419027],[2.111124,41.419029],[2.111158,41.41903],[2.111198,41.41903],[2.111239,41.419029],[2.111272,41.419029],[2.111306,41.419029],[2.111338,41.419028],[2.111371,41.419025],[2.11138,41.419019],[2.111385,41.419009],[2.111381,41.419006],[2.111362,41.419005],[2.111342,41.419005],[2.11132,41.419005],[2.111299,41.419005],[2.111282,41.419005],[2.111265,41.419004],[2.111257,41.419002],[2.111249,41.418998],[2.111248,41.418994],[2.111249,41.418981],[2.111207,41.418953],[2.111184,41.418926],[2.11118,41.41892],[2.111175,41.418902],[2.111213,41.418884],[2.111235,41.418886],[2.111344,41.418896],[2.111482,41.418883],[2.111571,41.418846],[2.111571,41.418839],[2.111636,41.418803],[2.111735,41.418748],[2.111929,41.418602],[2.111965,41.418577],[2.112038,41.418426],[2.112051,41.418232],[2.112016,41.417914],[2.112009,41.417783],[2.112007,41.417751],[2.112005,41.417714],[2.11195,41.417619],[2.111873,41.417529],[2.111847,41.417505],[2.111829,41.417483],[2.111813,41.417463],[2.111705,41.417328],[2.111679,41.417263],[2.111671,41.417211],[2.111671,41.417206],[2.111673,41.417186],[2.111673,41.41718],[2.111675,41.417158],[2.111688,41.417113],[2.111713,41.417073],[2.11172,41.417056],[2.111725,41.417013],[2.111728,41.416988],[2.111725,41.416969],[2.111721,41.416937],[2.111678,41.416906],[2.111608,41.41687],[2.111426,41.416775],[2.111408,41.416766],[2.111273,41.416688],[2.111118,41.416598],[2.111072,41.41657],[2.110949,41.416497],[2.1108,41.416389],[2.110653,41.416278],[2.110517,41.416189],[2.110388,41.416117],[2.110377,41.416111],[2.110385,41.41611],[2.11039,41.416109],[2.110448,41.416098],[2.110461,41.416096],[2.11045,41.41606],[2.110446,41.416048],[2.110659,41.41611],[2.110727,41.416058],[2.110733,41.416053],[2.110739,41.416049],[2.110995,41.415853],[2.111114,41.415762],[2.111108,41.415758],[2.111155,41.415723],[2.111151,41.41572],[2.111199,41.415684],[2.111203,41.41568],[2.111216,41.415687],[2.111229,41.415677],[2.111648,41.415369],[2.111653,41.415365],[2.111699,41.415332],[2.112005,41.415109],[2.112019,41.415108],[2.112063,41.415102],[2.112074,41.4151],[2.112613,41.415],[2.112673,41.414989],[2.11272,41.414982],[2.113131,41.414899],[2.113143,41.414888],[2.113154,41.414878],[2.113182,41.414852],[2.113165,41.414828],[2.113145,41.414797],[2.113113,41.41475],[2.113082,41.414702],[2.113068,41.414677],[2.113057,41.41465],[2.113048,41.414613],[2.113042,41.414576],[2.113035,41.414522],[2.113033,41.414467],[2.113036,41.414418],[2.11304,41.41437],[2.11304,41.414363],[2.11304,41.414356],[2.11304,41.41434],[2.113041,41.414315],[2.113041,41.414291],[2.113041,41.414257],[2.113039,41.41424],[2.113034,41.414224],[2.113022,41.4142],[2.11301,41.414176],[2.113001,41.414156],[2.112991,41.414135],[2.11299,41.414126],[2.112994,41.414113],[2.113,41.414105],[2.113003,41.4141],[2.113028,41.414075],[2.113037,41.414066],[2.113053,41.41405],[2.113081,41.414023],[2.113108,41.413995],[2.113119,41.413982],[2.113128,41.413968],[2.113131,41.41395],[2.113127,41.413935],[2.113126,41.413932],[2.113115,41.413918],[2.1131,41.413907],[2.113055,41.413886],[2.113009,41.413864],[2.112988,41.413852],[2.112967,41.41384],[2.112941,41.413821],[2.112921,41.413799],[2.112911,41.413779],[2.112907,41.413759],[2.112908,41.413735],[2.112908,41.413711],[2.112901,41.413697],[2.112896,41.413691],[2.112888,41.413688],[2.112861,41.41368],[2.112835,41.41366],[2.112834,41.413636],[2.112834,41.413563],[2.112779,41.413141],[2.112723,41.412754],[2.112654,41.412711],[2.112597,41.41267],[2.112605,41.412592],[2.112503,41.412498],[2.112384,41.412383],[2.112375,41.412376],[2.112338,41.412355],[2.112297,41.412338],[2.112252,41.412327],[2.112206,41.412321],[2.112158,41.412321],[2.112111,41.412326],[2.112041,41.41234],[2.111973,41.412358],[2.111908,41.412382],[2.111847,41.412411],[2.11179,41.412444],[2.111672,41.412546],[2.111501,41.412684],[2.111461,41.41272],[2.111406,41.412776],[2.111357,41.412835],[2.111315,41.412897],[2.11128,41.412961],[2.111252,41.413028],[2.111191,41.413252],[2.111145,41.413425],[2.111141,41.413437],[2.111126,41.413464],[2.111104,41.41349],[2.111076,41.413511],[2.111043,41.413529],[2.111006,41.413541],[2.110967,41.413548],[2.110927,41.413549],[2.110887,41.413544],[2.110849,41.413534],[2.110815,41.413519],[2.110785,41.413499],[2.11076,41.413475],[2.110651,41.413362],[2.110846,41.413232],[2.110845,41.413159],[2.110845,41.413152],[2.110846,41.413064],[2.110821,41.413064],[2.110789,41.412949],[2.110786,41.41294],[2.110783,41.412927],[2.110775,41.412821],[2.110751,41.412726],[2.110749,41.412679],[2.110755,41.412632],[2.11076,41.412613],[2.110768,41.412585],[2.110788,41.41254],[2.110794,41.412531],[2.110842,41.412436],[2.110854,41.412413],[2.110933,41.412276],[2.110962,41.412225],[2.110997,41.412159],[2.111049,41.412063],[2.111092,41.411982],[2.111163,41.411861],[2.110934,41.411769],[2.110912,41.411761],[2.110872,41.41184],[2.110803,41.411979],[2.110609,41.412363],[2.110607,41.412368],[2.110527,41.412562],[2.110502,41.412624],[2.110242,41.41266],[2.110198,41.412667],[2.110041,41.412689],[2.109963,41.4127],[2.109959,41.412713],[2.109927,41.41283],[2.109906,41.412919],[2.109886,41.412989],[2.109863,41.413064],[2.109853,41.413104],[2.109843,41.413144],[2.109834,41.413165],[2.109818,41.413183],[2.109797,41.4132],[2.10979,41.413204],[2.109709,41.413355],[2.109681,41.413426],[2.109643,41.413517],[2.109618,41.413567],[2.109596,41.413609],[2.109658,41.413685],[2.109678,41.41369],[2.109692,41.413697],[2.109721,41.413716],[2.10975,41.413736],[2.109834,41.413794],[2.109918,41.413852],[2.109977,41.413898],[2.110035,41.413944],[2.110074,41.413974],[2.110119,41.414007],[2.110155,41.414033],[2.110185,41.414024],[2.110206,41.414015],[2.110295,41.413869],[2.110304,41.413855],[2.110394,41.41371],[2.110433,41.413647],[2.110601,41.413383],[2.110649,41.413429],[2.110757,41.413531],[2.110774,41.413549],[2.110807,41.413574],[2.110844,41.413595],[2.110885,41.413611],[2.11093,41.413622],[2.110958,41.413627],[2.111007,41.413641],[2.111052,41.41366],[2.111093,41.413684],[2.111129,41.413712],[2.111159,41.413744],[2.111172,41.413764],[2.111182,41.413779],[2.111198,41.413816],[2.111207,41.413854],[2.111226,41.413915],[2.111236,41.413939],[2.111257,41.413986],[2.111265,41.414011],[2.111282,41.414047],[2.111286,41.414054],[2.111333,41.414144],[2.11139,41.41424],[2.11144,41.41432],[2.111491,41.414398],[2.111549,41.414481],[2.111579,41.414524],[2.111467,41.414612],[2.111276,41.414767],[2.111247,41.414792],[2.111075,41.414924],[2.110997,41.414984],[2.11095,41.415023],[2.110906,41.415111],[2.11085,41.415165],[2.110835,41.415157],[2.110809,41.415179],[2.110706,41.415109],[2.110425,41.415357],[2.110117,41.415093],[2.109699,41.414784],[2.109594,41.414716],[2.109311,41.414565],[2.109345,41.414408],[2.109347,41.414399],[2.10919,41.414389],[2.109188,41.4144],[2.109171,41.41448],[2.109147,41.414477],[2.109076,41.414469],[2.109038,41.414456],[2.109053,41.414416],[2.108846,41.414386],[2.108782,41.414379],[2.108739,41.414374],[2.108589,41.414358],[2.108592,41.414339],[2.108477,41.414317],[2.108419,41.414306],[2.108429,41.414267],[2.108353,41.414252],[2.108277,41.414239],[2.108158,41.414226],[2.108037,41.414214],[2.107833,41.414187],[2.107657,41.414154],[2.107677,41.414261],[2.107645,41.414263],[2.107613,41.414269],[2.10756,41.414276],[2.107014,41.414364],[2.106807,41.414465],[2.1068,41.414468],[2.106722,41.414402],[2.106734,41.414365],[2.106737,41.414356],[2.106621,41.414223],[2.106536,41.414247],[2.106524,41.414251],[2.106446,41.414172],[2.106441,41.414165],[2.106433,41.414154],[2.106347,41.414041],[2.106211,41.413908],[2.106165,41.413867],[2.106117,41.413823],[2.106115,41.413821],[2.106381,41.413604],[2.106747,41.413282],[2.106804,41.413232],[2.106989,41.413069],[2.106979,41.412931],[2.106976,41.412869],[2.106967,41.412703],[2.106957,41.412528],[2.106964,41.412528],[2.106974,41.412526],[2.106969,41.412441],[2.106942,41.412456],[2.106754,41.412581],[2.106336,41.412645],[2.106228,41.412663],[2.106216,41.412665],[2.106104,41.412706],[2.105971,41.412779],[2.105961,41.412785],[2.105742,41.412905],[2.105711,41.412922],[2.105612,41.412957],[2.105522,41.412971],[2.105491,41.412973],[2.10548,41.412974],[2.105332,41.412979],[2.105302,41.412979],[2.105181,41.412943],[2.105083,41.412866],[2.105069,41.412854],[2.105045,41.412837],[2.104911,41.412716],[2.104816,41.412575],[2.104789,41.412502],[2.104776,41.412398],[2.104801,41.412267],[2.104824,41.412202],[2.104863,41.412001],[2.104796,41.411904],[2.104761,41.411853],[2.104764,41.411851],[2.104502,41.411444]]]]}},{"type":"Feature","id":"080193_080193 SI02 BAR 2","properties":{"area_id":"080193_080193 SI02 BAR 2","nom":"Zona Franca-Port","codi_icgc":"080193 SI02 BAR 2","categoria":"Sector industrial","codi_municipi":"080193","municipi":"Barcelona","codi_comarca":"13","comarca":"Barcelonès","provincia":"Barcelona","font":"ICGC Àrees de poblament v3r1 202602"},"geometry":{"type":"MultiPolygon","coordinates":[[[[2.145599,41.34426],[2.14523,41.343658],[2.144134,41.34183],[2.143544,41.340922],[2.142993,41.340029],[2.142871,41.339832],[2.142342,41.338973],[2.142291,41.338892],[2.141132,41.337014],[2.141009,41.336814],[2.140538,41.33605],[2.14048,41.335956],[2.139745,41.334756],[2.1395,41.334343],[2.138878,41.333305],[2.138404,41.332485],[2.136638,41.329641],[2.136613,41.3296],[2.135705,41.328109],[2.134,41.325344],[2.132562,41.323022],[2.132459,41.322996],[2.132359,41.322964],[2.132264,41.322925],[2.132173,41.32288],[2.132088,41.32283],[2.132009,41.322774],[2.131936,41.322713],[2.131871,41.322648],[2.131814,41.322579],[2.131764,41.322506],[2.131399,41.322521],[2.12908,41.322556],[2.12784,41.322584],[2.126559,41.322703],[2.125207,41.322903],[2.123985,41.323165],[2.1223,41.323589],[2.121628,41.32378],[2.120935,41.323986],[2.119531,41.324382],[2.118236,41.324794],[2.117302,41.325126],[2.116528,41.325459],[2.115381,41.326053],[2.114716,41.326447],[2.1141,41.326879],[2.113717,41.32711],[2.113272,41.327521],[2.112791,41.327958],[2.112213,41.328556],[2.111748,41.328993],[2.111079,41.329651],[2.110349,41.330345],[2.110325,41.330369],[2.109794,41.330798],[2.10939,41.331092],[2.109057,41.331346],[2.108776,41.331758],[2.108432,41.332121],[2.107845,41.332621],[2.107603,41.33285],[2.107597,41.332856],[2.107345,41.332973],[2.107295,41.33298],[2.107268,41.332992],[2.107222,41.33302],[2.107153,41.333067],[2.107025,41.333178],[2.10682,41.333351],[2.10661,41.33353],[2.106318,41.333782],[2.106308,41.333792],[2.106288,41.333818],[2.106275,41.333848],[2.106269,41.333878],[2.10627,41.333909],[2.106273,41.333917],[2.10628,41.333939],[2.106295,41.333975],[2.106315,41.334002],[2.106346,41.334031],[2.106364,41.334044],[2.106382,41.334056],[2.106395,41.334061],[2.106055,41.334114],[2.105644,41.334342],[2.105587,41.334374],[2.104802,41.334825],[2.104428,41.335039],[2.104363,41.335075],[2.103733,41.335418],[2.10333,41.335572],[2.103245,41.335582],[2.102668,41.335829],[2.102259,41.336036],[2.102222,41.336055],[2.101863,41.336238],[2.101687,41.336357],[2.103334,41.336475],[2.111702,41.339462],[2.111767,41.33936],[2.111861,41.339403],[2.112239,41.338803],[2.112242,41.338799],[2.112379,41.338604],[2.112468,41.338477],[2.113343,41.338833],[2.113458,41.33888],[2.113743,41.339035],[2.113944,41.339144],[2.114133,41.339217],[2.114271,41.339274],[2.114726,41.339465],[2.114777,41.339446],[2.114916,41.339395],[2.115236,41.339313],[2.115642,41.339174],[2.115787,41.339114],[2.115794,41.339109],[2.115863,41.339064],[2.115926,41.339015],[2.115983,41.338963],[2.116035,41.338906],[2.11608,41.338847],[2.116118,41.338785],[2.116149,41.338721],[2.116173,41.338655],[2.116189,41.338588],[2.116188,41.338583],[2.116171,41.338508],[2.11616,41.338456],[2.116163,41.338444],[2.116171,41.338398],[2.116171,41.338351],[2.116164,41.338305],[2.116149,41.338259],[2.116126,41.338216],[2.116097,41.338175],[2.116061,41.338136],[2.11602,41.338102],[2.115973,41.338071],[2.115927,41.338043],[2.115873,41.338016],[2.115814,41.337994],[2.115753,41.337977],[2.115722,41.337972],[2.11573,41.338003],[2.115734,41.338034],[2.115732,41.338066],[2.115725,41.338096],[2.115622,41.338068],[2.115605,41.338027],[2.1155,41.337969],[2.115478,41.337966],[2.115364,41.337953],[2.115232,41.337887],[2.11517,41.337747],[2.115128,41.337654],[2.115262,41.337518],[2.115487,41.337183],[2.116364,41.337544],[2.117497,41.337988],[2.118209,41.338255],[2.119314,41.338621],[2.119725,41.338767],[2.120127,41.338863],[2.120279,41.338868],[2.120506,41.338866],[2.1206,41.338879],[2.120754,41.33897],[2.1209,41.338922],[2.122091,41.338532],[2.122114,41.338475],[2.12225,41.338425],[2.122317,41.338425],[2.122486,41.338783],[2.122404,41.33881],[2.122326,41.338843],[2.122253,41.338882],[2.122185,41.338926],[2.122124,41.338975],[2.122069,41.339028],[2.122022,41.339085],[2.121983,41.339146],[2.121952,41.339209],[2.12193,41.339274],[2.121916,41.339341],[2.121912,41.339408],[2.121916,41.339475],[2.122143,41.339558],[2.122384,41.339645],[2.124777,41.340563],[2.125386,41.3408],[2.12649,41.341178],[2.128002,41.341675],[2.130994,41.342807],[2.131021,41.342826],[2.131085,41.342861],[2.131154,41.342891],[2.131224,41.342914],[2.131732,41.343086],[2.134831,41.344136],[2.135032,41.344135],[2.135072,41.344113],[2.135117,41.344096],[2.135165,41.344086],[2.135215,41.344081],[2.135265,41.344083],[2.135314,41.344092],[2.13536,41.344107],[2.135401,41.344126],[2.135439,41.34415],[2.135473,41.344176],[2.135497,41.344201],[2.135518,41.344228],[2.135539,41.344252],[2.135583,41.344347],[2.135599,41.344367],[2.135648,41.344416],[2.135703,41.344462],[2.135763,41.344503],[2.135828,41.34454],[2.135859,41.344578],[2.135867,41.344587],[2.135922,41.344653],[2.136196,41.344842],[2.137733,41.345392],[2.138754,41.345763],[2.138808,41.345782],[2.139329,41.345949],[2.139953,41.346174],[2.140943,41.346479],[2.14157,41.346706],[2.142259,41.346931],[2.142327,41.346953],[2.142682,41.3471],[2.142789,41.347145],[2.143041,41.347216],[2.143133,41.347241],[2.143223,41.347262],[2.143611,41.347353],[2.14366,41.347365],[2.144093,41.347476],[2.144348,41.347563],[2.144897,41.347695],[2.145023,41.347727],[2.145299,41.347799],[2.145379,41.347821],[2.145416,41.347828],[2.145486,41.347837],[2.145558,41.34784],[2.145629,41.347837],[2.1457,41.347829],[2.14578,41.347796],[2.145859,41.34776],[2.145953,41.34771],[2.146043,41.347657],[2.146128,41.347599],[2.146208,41.347538],[2.14626,41.347494],[2.146308,41.347449],[2.146415,41.34734],[2.14645,41.347291],[2.146508,41.347208],[2.146573,41.347103],[2.146648,41.346905],[2.146741,41.34659],[2.14673,41.346309],[2.14669,41.346156],[2.146678,41.346111],[2.146631,41.345931],[2.145929,41.344808],[2.145673,41.344395],[2.145599,41.34426]]]]}},{"type":"Feature","id":"080193_080193 SI06 BAR 2","properties":{"area_id":"080193_080193 SI06 BAR 2","nom":"Zona d'Activitats Logístiques","codi_icgc":"080193 SI06 BAR 2","categoria":"Sector industrial","codi_municipi":"080193","municipi":"Barcelona","codi_comarca":"13","comarca":"Barcelonès","provincia":"Barcelona","font":"ICGC Àrees de poblament v3r1 202602"},"geometry":{"type":"MultiPolygon","coordinates":[[[[2.136092,41.328354],[2.150727,41.323226],[2.150619,41.323042],[2.150626,41.322957],[2.150741,41.322886],[2.151071,41.322793],[2.151135,41.322746],[2.151161,41.32267],[2.151075,41.322502],[2.15097,41.322316],[2.150959,41.322144],[2.15091,41.322048],[2.150762,41.321785],[2.150613,41.321579],[2.150513,41.321464],[2.150425,41.321416],[2.148792,41.32149],[2.148593,41.321406],[2.148524,41.321353],[2.147484,41.32139],[2.145754,41.321468],[2.143954,41.321552],[2.142364,41.321631],[2.141084,41.321674],[2.138344,41.321812],[2.138175,41.321765],[2.137495,41.321768],[2.136195,41.321833],[2.135725,41.32186],[2.135594,41.321912],[2.134894,41.321982],[2.133464,41.322031],[2.133074,41.322081],[2.133062,41.322089],[2.133026,41.32231],[2.132907,41.322929],[2.136092,41.328354]]]]}},{"type":"Feature","id":"080193_080193 AP04 BAR 2","properties":{"area_id":"080193_080193 AP04 BAR 2","nom":"el Tibidabo","codi_icgc":"080193 AP04 BAR 2","categoria":"Àrees de poblament","codi_municipi":"080193","municipi":"Barcelona","codi_comarca":"13","comarca":"Barcelonès","provincia":"Barcelona","font":"ICGC Àrees de poblament v3r1 202602"},"geometry":{"type":"MultiPolygon","coordinates":[[[[2.122362,41.425924],[2.122326,41.425877],[2.122226,41.425891],[2.122014,41.425674],[2.121981,41.425603],[2.121991,41.425556],[2.122049,41.425521],[2.122134,41.425518],[2.122201,41.425486],[2.122249,41.425451],[2.122268,41.425417],[2.122267,41.425414],[2.122244,41.425322],[2.122212,41.425267],[2.12218,41.425175],[2.122098,41.424978],[2.122026,41.424897],[2.121913,41.424821],[2.121875,41.424764],[2.121848,41.424723],[2.121555,41.424579],[2.121287,41.424418],[2.121117,41.424279],[2.121023,41.424168],[2.120966,41.4241],[2.12087,41.423942],[2.120804,41.423763],[2.12088,41.42372],[2.120946,41.423683],[2.121178,41.423515],[2.121041,41.423197],[2.120938,41.423235],[2.120922,41.423226],[2.120838,41.423274],[2.12077,41.423298],[2.120764,41.423272],[2.120759,41.423233],[2.120759,41.4232],[2.120771,41.42316],[2.120791,41.423097],[2.120804,41.423054],[2.120811,41.423033],[2.120828,41.422968],[2.120841,41.422901],[2.120848,41.422832],[2.120848,41.422764],[2.120843,41.422696],[2.120833,41.422627],[2.120812,41.422555],[2.120786,41.422485],[2.120767,41.422442],[2.120765,41.422436],[2.120744,41.422389],[2.120732,41.422348],[2.120727,41.422309],[2.12073,41.422284],[2.120758,41.422194],[2.120792,41.422102],[2.120798,41.422088],[2.120802,41.422076],[2.120827,41.422032],[2.120866,41.421969],[2.120908,41.421907],[2.120942,41.421859],[2.120952,41.421846],[2.121013,41.421859],[2.12123,41.421893],[2.121342,41.421935],[2.121273,41.422148],[2.121468,41.422202],[2.12155,41.421983],[2.121718,41.422013],[2.121728,41.421996],[2.121744,41.421999],[2.121841,41.421698],[2.121361,41.421595],[2.121369,41.421568],[2.121353,41.421556],[2.121326,41.421556],[2.121319,41.42156],[2.121306,41.421581],[2.121293,41.421588],[2.121256,41.421556],[2.121256,41.421556],[2.121256,41.421556],[2.121297,41.421516],[2.121305,41.421508],[2.12134,41.421473],[2.121366,41.421443],[2.121375,41.421433],[2.121408,41.421393],[2.121445,41.421342],[2.12148,41.421289],[2.121508,41.421238],[2.12151,41.421233],[2.121532,41.421185],[2.121554,41.42113],[2.121631,41.420933],[2.121656,41.42084],[2.121714,41.420776],[2.121843,41.420713],[2.121926,41.420721],[2.122022,41.420666],[2.122092,41.420553],[2.121929,41.420473],[2.121867,41.420451],[2.121817,41.420429],[2.121742,41.420397],[2.121074,41.420652],[2.120975,41.42069],[2.120962,41.420694],[2.120358,41.420925],[2.120243,41.420969],[2.119786,41.421143],[2.119786,41.421133],[2.119786,41.421124],[2.119783,41.421115],[2.119778,41.421105],[2.119773,41.421098],[2.119764,41.421088],[2.119758,41.421084],[2.119654,41.421008],[2.119717,41.420973],[2.119843,41.420858],[2.119853,41.420852],[2.119752,41.420805],[2.119612,41.420693],[2.119635,41.420665],[2.119401,41.420534],[2.119372,41.420518],[2.119318,41.420483],[2.11927,41.420444],[2.119227,41.420402],[2.119191,41.420356],[2.119189,41.420353],[2.119234,41.420221],[2.119165,41.420041],[2.119141,41.420029],[2.119098,41.420021],[2.119058,41.420014],[2.118996,41.420003],[2.118942,41.419821],[2.118924,41.419779],[2.118899,41.419739],[2.118868,41.419701],[2.118831,41.419667],[2.118788,41.419637],[2.11874,41.419612],[2.118689,41.419591],[2.118687,41.419591],[2.118658,41.419582],[2.118553,41.419552],[2.118417,41.419519],[2.118314,41.419498],[2.118213,41.419475],[2.118187,41.419468],[2.118126,41.41945],[2.118066,41.419432],[2.11799,41.419407],[2.117913,41.419382],[2.117821,41.419352],[2.117729,41.419322],[2.117648,41.419295],[2.117569,41.419264],[2.117513,41.419241],[2.117458,41.419216],[2.117414,41.419194],[2.117369,41.419234],[2.117353,41.419248],[2.117225,41.419361],[2.117243,41.41937],[2.117208,41.41942],[2.117192,41.419442],[2.117492,41.419598],[2.117603,41.419667],[2.117644,41.419689],[2.117767,41.419463],[2.117794,41.419399],[2.117865,41.419422],[2.117886,41.419429],[2.117962,41.419455],[2.11804,41.41948],[2.118101,41.419498],[2.118163,41.419516],[2.118207,41.419531],[2.118224,41.419541],[2.118236,41.419554],[2.118241,41.41957],[2.118239,41.419587],[2.11823,41.419602],[2.118218,41.419612],[2.118135,41.419676],[2.118055,41.419742],[2.118004,41.419788],[2.118102,41.41991],[2.118133,41.419961],[2.118157,41.420013],[2.118173,41.420067],[2.118182,41.420122],[2.118183,41.420177],[2.11818,41.420211],[2.118161,41.420392],[2.118103,41.420518],[2.118031,41.420644],[2.117912,41.420791],[2.11794,41.420804],[2.118079,41.420885],[2.118036,41.420924],[2.117985,41.420982],[2.117947,41.42104],[2.117915,41.421099],[2.117891,41.421151],[2.117867,41.421203],[2.117839,41.421273],[2.117812,41.421343],[2.117786,41.4214],[2.117756,41.421457],[2.117727,41.421501],[2.117689,41.421541],[2.117664,41.421559],[2.117615,41.421592],[2.117528,41.421439],[2.117529,41.42139],[2.11752,41.421346],[2.117538,41.421344],[2.117534,41.42132],[2.117509,41.421322],[2.117507,41.42128],[2.117353,41.421285],[2.117325,41.421398],[2.117268,41.421462],[2.11706,41.421578],[2.116809,41.421687],[2.116752,41.421659],[2.11674,41.421623],[2.11663,41.421654],[2.11655,41.421671],[2.116474,41.421679],[2.116398,41.421682],[2.116321,41.421678],[2.116246,41.42167],[2.116172,41.421655],[2.1161,41.421635],[2.116032,41.42161],[2.116006,41.421599],[2.115841,41.421525],[2.11566,41.42146],[2.115532,41.421413],[2.115475,41.421501],[2.115396,41.4216],[2.115386,41.42162],[2.115384,41.421642],[2.115389,41.421664],[2.115402,41.421684],[2.115421,41.421701],[2.115432,41.421707],[2.115649,41.42178],[2.115731,41.421825],[2.115932,41.421969],[2.116048,41.421876],[2.116037,41.421897],[2.116037,41.421921],[2.116043,41.421945],[2.116057,41.421967],[2.116076,41.421986],[2.116289,41.422087],[2.116405,41.422139],[2.116402,41.42215],[2.116393,41.422192],[2.116392,41.422234],[2.11642,41.42226],[2.116448,41.422283],[2.116511,41.422322],[2.116574,41.422354],[2.116648,41.422386],[2.116721,41.422419],[2.116819,41.422462],[2.116917,41.422504],[2.116956,41.422522],[2.116993,41.422542],[2.117037,41.422568],[2.11708,41.422595],[2.117144,41.422636],[2.117203,41.422679],[2.117251,41.422715],[2.117295,41.422748],[2.117341,41.422788],[2.117385,41.422827],[2.117462,41.422896],[2.117538,41.422966],[2.117609,41.423032],[2.117677,41.4231],[2.117722,41.423152],[2.11776,41.423206],[2.117789,41.423258],[2.117814,41.423311],[2.11783,41.423358],[2.117842,41.423406],[2.117847,41.423438],[2.117844,41.423468],[2.117835,41.423486],[2.117818,41.423503],[2.117796,41.423519],[2.117864,41.423535],[2.11846,41.423679],[2.118488,41.423707],[2.118488,41.423754],[2.118433,41.423907],[2.118437,41.423997],[2.11845,41.4241],[2.118468,41.424172],[2.118548,41.42423],[2.118647,41.424299],[2.118755,41.424374],[2.11882,41.424447],[2.1189,41.424453],[2.119071,41.424436],[2.119194,41.424412],[2.119304,41.424389],[2.119305,41.424397],[2.119318,41.42449],[2.119327,41.424545],[2.119332,41.424582],[2.119342,41.424635],[2.119456,41.42505],[2.11947,41.425094],[2.119573,41.425424],[2.119575,41.425427],[2.119579,41.425438],[2.119591,41.425471],[2.119611,41.42551],[2.119636,41.425549],[2.119652,41.425565],[2.119663,41.425577],[2.119675,41.425589],[2.119829,41.425661],[2.119957,41.425693],[2.120109,41.425723],[2.120269,41.42574],[2.120502,41.425751],[2.120847,41.425795],[2.121026,41.425818],[2.121076,41.425821],[2.121129,41.425825],[2.12122,41.425823],[2.121262,41.425823],[2.121647,41.426166],[2.121699,41.426229],[2.122065,41.426072],[2.122189,41.426033],[2.122289,41.426002],[2.122328,41.425973],[2.122347,41.425963],[2.122362,41.425924]]]]}},{"type":"Feature","id":"080193_080193 SI01 BAR 2","properties":{"area_id":"080193_080193 SI01 BAR 2","nom":"la Marina del Prat Vermell","codi_icgc":"080193 SI01 BAR 2","categoria":"Sector industrial","codi_municipi":"080193","municipi":"Barcelona","codi_comarca":"13","comarca":"Barcelonès","provincia":"Barcelona","font":"ICGC Àrees de poblament v3r1 202602"},"geometry":{"type":"MultiPolygon","coordinates":[[[[2.144161,41.354449],[2.144591,41.354566],[2.14539,41.35478],[2.146308,41.355214],[2.146308,41.355213],[2.146534,41.354933],[2.146551,41.354941],[2.14674,41.3548],[2.146863,41.354726],[2.14685,41.35472],[2.147299,41.354503],[2.147301,41.354515],[2.147938,41.354185],[2.148608,41.353838],[2.149929,41.353154],[2.150139,41.353045],[2.150153,41.353038],[2.150515,41.35286],[2.15067,41.352775],[2.150851,41.352739],[2.151871,41.352252],[2.151903,41.352236],[2.148895,41.351144],[2.146127,41.350147],[2.145815,41.350034],[2.145531,41.349932],[2.144794,41.349666],[2.14444,41.349539],[2.144275,41.349479],[2.141496,41.348478],[2.141114,41.34834],[2.140695,41.348189],[2.140238,41.348185],[2.139717,41.348181],[2.138292,41.347751],[2.138108,41.347698],[2.136579,41.347157],[2.135093,41.346693],[2.134771,41.34723],[2.134508,41.347141],[2.136207,41.347736],[2.137547,41.348804],[2.137797,41.349006],[2.13602,41.350714],[2.135804,41.350978],[2.135536,41.351307],[2.135292,41.351605],[2.13527,41.351633],[2.135141,41.35164],[2.13499,41.351847],[2.134717,41.352217],[2.134633,41.352325],[2.134234,41.352838],[2.134146,41.352955],[2.13414,41.35301],[2.134162,41.353108],[2.134246,41.35314],[2.13477,41.353345],[2.135172,41.353502],[2.135685,41.353698],[2.136396,41.35399],[2.137343,41.354372],[2.137545,41.354455],[2.137643,41.354495],[2.138076,41.354674],[2.13843,41.354818],[2.13857,41.354878],[2.139012,41.355053],[2.139204,41.35515],[2.14005,41.355494],[2.140681,41.355751],[2.14172,41.356185],[2.143221,41.354097],[2.143585,41.354241],[2.144005,41.354405],[2.144161,41.354449]]]]}},{"type":"Feature","id":"080193_080193 AP09 BAR 3","properties":{"area_id":"080193_080193 AP09 BAR 3","nom":"les Planes","codi_icgc":"080193 AP09 BAR 3","categoria":"Àrees de poblament","codi_municipi":"080193","municipi":"Barcelona","codi_comarca":"13","comarca":"Barcelonès","provincia":"Barcelona","font":"ICGC Àrees de poblament v3r1 202602"},"geometry":{"type":"MultiPolygon","coordinates":[[[[2.086836,41.427793],[2.086865,41.427787],[2.086883,41.427797],[2.086892,41.427793],[2.086908,41.4278],[2.086939,41.427788],[2.086983,41.427769],[2.086992,41.427728],[2.086976,41.427737],[2.086941,41.427716],[2.086825,41.427542],[2.086434,41.427317],[2.086144,41.427538],[2.085865,41.427447],[2.08586,41.427445],[2.085813,41.427444],[2.085733,41.427439],[2.085392,41.427513],[2.085225,41.427583],[2.084711,41.427526],[2.084678,41.427769],[2.084759,41.4278],[2.084815,41.427813],[2.084894,41.427807],[2.084966,41.427772],[2.085071,41.427722],[2.085179,41.427669],[2.085183,41.427666],[2.085292,41.427858],[2.085878,41.427697],[2.085906,41.427694],[2.086028,41.427679],[2.086057,41.427726],[2.086197,41.427952],[2.086746,41.42781],[2.086836,41.427793]]],[[[2.089184,41.428629],[2.089461,41.428625],[2.089704,41.42863],[2.089927,41.428625],[2.090136,41.428626],[2.090279,41.428599],[2.090431,41.428557],[2.090551,41.428508],[2.090675,41.428427],[2.091043,41.428637],[2.091163,41.428531],[2.091275,41.428357],[2.091348,41.428221],[2.091433,41.427991],[2.091751,41.428008],[2.091801,41.427986],[2.091954,41.428117],[2.092035,41.428077],[2.092175,41.427883],[2.092502,41.427594],[2.092519,41.427544],[2.092333,41.427445],[2.092007,41.427256],[2.091881,41.427191],[2.092071,41.426662],[2.091763,41.426594],[2.091869,41.426345],[2.091888,41.4261],[2.091837,41.425832],[2.091752,41.425694],[2.091476,41.425561],[2.091216,41.425623],[2.091225,41.425639],[2.091242,41.425669],[2.091249,41.425688],[2.091251,41.425708],[2.091252,41.425741],[2.09125,41.425774],[2.091247,41.425813],[2.09124,41.42585],[2.09123,41.425884],[2.091219,41.42592],[2.091207,41.425967],[2.091196,41.426012],[2.091181,41.426046],[2.091159,41.426078],[2.091123,41.426116],[2.091084,41.426154],[2.09104,41.426192],[2.090993,41.426227],[2.090936,41.426261],[2.090874,41.426292],[2.09085,41.426303],[2.090809,41.426242],[2.090789,41.426253],[2.090774,41.426233],[2.09075,41.426246],[2.090709,41.426268],[2.090659,41.426296],[2.090609,41.426324],[2.090566,41.426345],[2.090521,41.426364],[2.090482,41.426381],[2.090443,41.426398],[2.09041,41.426411],[2.090377,41.426423],[2.09034,41.42643],[2.090303,41.426432],[2.090268,41.426432],[2.090233,41.426431],[2.090201,41.426429],[2.090171,41.426424],[2.090146,41.426414],[2.090122,41.426402],[2.090096,41.426386],[2.090074,41.42637],[2.09004,41.426336],[2.090014,41.426299],[2.08999,41.426252],[2.089964,41.426205],[2.089934,41.426159],[2.089902,41.426115],[2.089864,41.426068],[2.089855,41.426051],[2.089847,41.426042],[2.089887,41.426035],[2.090019,41.425997],[2.090179,41.425949],[2.090107,41.425783],[2.090093,41.425751],[2.090058,41.425666],[2.089988,41.425519],[2.08997,41.425484],[2.090003,41.425522],[2.090025,41.425549],[2.090055,41.425574],[2.09009,41.425593],[2.090128,41.425609],[2.090168,41.425622],[2.090215,41.42563],[2.090264,41.42563],[2.090304,41.42562],[2.090338,41.425602],[2.09038,41.425567],[2.090411,41.425531],[2.090445,41.42548],[2.090478,41.425431],[2.09051,41.425384],[2.090544,41.425338],[2.09058,41.425291],[2.090616,41.425244],[2.090655,41.42519],[2.090696,41.425137],[2.090462,41.425017],[2.090377,41.42505],[2.090202,41.425119],[2.090089,41.425173],[2.090009,41.42519],[2.089859,41.425267],[2.089769,41.42522],[2.089738,41.425207],[2.089705,41.425199],[2.089679,41.425194],[2.089651,41.425193],[2.089632,41.425196],[2.089612,41.425205],[2.089601,41.42521],[2.089596,41.425211],[2.08959,41.425207],[2.089553,41.425166],[2.08951,41.42512],[2.089486,41.425098],[2.08946,41.425078],[2.089404,41.425042],[2.089354,41.425012],[2.0893,41.424985],[2.089259,41.424971],[2.089216,41.424963],[2.089186,41.424962],[2.089154,41.424968],[2.089133,41.42498],[2.089118,41.424992],[2.089095,41.425017],[2.089067,41.425061],[2.089044,41.425106],[2.089022,41.425158],[2.089001,41.425209],[2.088981,41.425258],[2.088962,41.425306],[2.088951,41.425328],[2.088937,41.425349],[2.088903,41.42539],[2.088861,41.425438],[2.088817,41.425485],[2.08878,41.425523],[2.088741,41.425559],[2.088718,41.425577],[2.088692,41.425593],[2.088632,41.425622],[2.088618,41.425627],[2.088576,41.425594],[2.088535,41.425561],[2.088497,41.425525],[2.088461,41.425487],[2.088425,41.425448],[2.088387,41.425406],[2.088362,41.42538],[2.088338,41.425363],[2.088306,41.425351],[2.088283,41.425346],[2.088254,41.425346],[2.088238,41.42535],[2.088178,41.425373],[2.088118,41.425398],[2.088057,41.425421],[2.087993,41.425442],[2.08796,41.425449],[2.087926,41.425451],[2.087859,41.42545],[2.087756,41.42544],[2.087653,41.425432],[2.087602,41.425433],[2.087553,41.425432],[2.087457,41.425423],[2.087389,41.425417],[2.087374,41.425418],[2.087371,41.42542],[2.087311,41.425462],[2.087049,41.425645],[2.086997,41.425681],[2.087029,41.425694],[2.087082,41.425718],[2.087122,41.425744],[2.087162,41.425772],[2.087219,41.425808],[2.087274,41.425845],[2.087321,41.425879],[2.087368,41.425913],[2.087413,41.425946],[2.087457,41.425978],[2.0875,41.426016],[2.087539,41.426056],[2.087615,41.426137],[2.087649,41.42616],[2.087673,41.426173],[2.087689,41.42618],[2.087707,41.426187],[2.087761,41.426561],[2.087789,41.426602],[2.087813,41.4266],[2.087879,41.426595],[2.087912,41.426593],[2.087926,41.426646],[2.08795,41.426718],[2.088216,41.426663],[2.08824,41.426701],[2.088258,41.426757],[2.088317,41.426746],[2.088299,41.426693],[2.088339,41.426687],[2.088378,41.42668],[2.088412,41.426672],[2.088446,41.426664],[2.08848,41.426663],[2.088514,41.426665],[2.088537,41.426667],[2.088559,41.426671],[2.088582,41.426681],[2.088602,41.426698],[2.088617,41.426715],[2.088624,41.426733],[2.088622,41.426749],[2.08861,41.426766],[2.088602,41.426771],[2.088612,41.426774],[2.08863,41.426778],[2.088658,41.426785],[2.088687,41.426791],[2.088723,41.426799],[2.08876,41.426807],[2.088793,41.426812],[2.088827,41.426817],[2.088854,41.426823],[2.088865,41.426826],[2.088881,41.426831],[2.088911,41.426842],[2.088927,41.426845],[2.088924,41.426846],[2.08891,41.426853],[2.088895,41.42686],[2.088889,41.426863],[2.088853,41.42688],[2.088817,41.426897],[2.088769,41.426918],[2.088758,41.426924],[2.08873,41.426939],[2.088689,41.426963],[2.088646,41.426988],[2.088623,41.427008],[2.088613,41.427021],[2.088607,41.427035],[2.088604,41.427049],[2.088601,41.427061],[2.088602,41.427142],[2.0886,41.427161],[2.088623,41.427201],[2.088625,41.427208],[2.088629,41.427222],[2.088365,41.426977],[2.088272,41.427011],[2.087748,41.427245],[2.088304,41.42777],[2.088366,41.427828],[2.088335,41.427833],[2.088583,41.428354],[2.088774,41.428487],[2.088928,41.428574],[2.089023,41.428597],[2.089114,41.428606],[2.089119,41.428609],[2.089136,41.428614],[2.089184,41.428629]]]]}}]}