{"type":"FeatureCollection","name":"ICGC Àrees de poblament - Dosrius","features":[{"type":"Feature","id":"080752_080752 AP03 MAR 2","properties":{"area_id":"080752_080752 AP03 MAR 2","nom":"Can Brugueràs","codi_icgc":"080752 AP03 MAR 2","categoria":"Àrees de poblament","codi_municipi":"080752","municipi":"Dosrius","codi_comarca":"21","comarca":"Maresme","provincia":"Barcelona","font":"ICGC Àrees de poblament v3r1 202602"},"geometry":{"type":"MultiPolygon","coordinates":[[[[2.484588,41.607774],[2.484637,41.607747],[2.484678,41.607725],[2.484719,41.607703],[2.484726,41.607693],[2.484723,41.607681],[2.484709,41.607668],[2.48469,41.607658],[2.484676,41.607653],[2.484591,41.607634],[2.484505,41.607618],[2.484445,41.607609],[2.484385,41.607598],[2.484356,41.607587],[2.484329,41.607574],[2.484281,41.607542],[2.484224,41.607501],[2.484168,41.607459],[2.484099,41.607402],[2.484029,41.607344],[2.483991,41.607319],[2.48395,41.607298],[2.483919,41.607285],[2.483879,41.607272],[2.483838,41.607264],[2.483809,41.607262],[2.483742,41.607261],[2.483674,41.607261],[2.483632,41.60726],[2.483591,41.607258],[2.483559,41.607251],[2.483531,41.607237],[2.483527,41.607235],[2.483514,41.607225],[2.48348,41.607188],[2.483453,41.60715],[2.483419,41.607088],[2.483384,41.607026],[2.483364,41.606994],[2.483321,41.606856],[2.4833,41.606758],[2.483289,41.606696],[2.48326,41.606609],[2.483239,41.606561],[2.483223,41.606539],[2.483202,41.606536],[2.483191,41.606536],[2.483222,41.606478],[2.483235,41.606454],[2.483226,41.606428],[2.483216,41.606409],[2.4832,41.606393],[2.483171,41.606372],[2.483138,41.606357],[2.483081,41.606343],[2.483024,41.606329],[2.482974,41.606311],[2.482927,41.606288],[2.482888,41.606262],[2.482856,41.606233],[2.482823,41.606196],[2.482799,41.606168],[2.48279,41.606158],[2.482761,41.606127],[2.482726,41.606099],[2.482704,41.606088],[2.482681,41.606079],[2.482633,41.606066],[2.482563,41.606051],[2.482494,41.606036],[2.482433,41.606018],[2.482373,41.605996],[2.482322,41.605972],[2.4823,41.605959],[2.482276,41.605944],[2.482233,41.605913],[2.48219,41.605883],[2.48214,41.605849],[2.482091,41.605816],[2.482046,41.605785],[2.481999,41.605755],[2.481965,41.605737],[2.481927,41.605724],[2.4819,41.605719],[2.481831,41.605713],[2.481763,41.60571],[2.481709,41.60571],[2.481656,41.605709],[2.481619,41.605702],[2.481583,41.605689],[2.481559,41.605678],[2.481539,41.605664],[2.48153,41.605652],[2.481514,41.605619],[2.481499,41.605585],[2.481497,41.60558],[2.481486,41.605553],[2.481472,41.605521],[2.481456,41.605501],[2.481434,41.605483],[2.481416,41.605474],[2.481352,41.605447],[2.481287,41.605421],[2.481204,41.605389],[2.48112,41.605358],[2.48104,41.605329],[2.48096,41.6053],[2.480905,41.60528],[2.480849,41.605259],[2.48082,41.605251],[2.480789,41.605246],[2.480767,41.605245],[2.480745,41.605251],[2.480731,41.605258],[2.480708,41.605277],[2.480689,41.605297],[2.480661,41.605324],[2.480633,41.605352],[2.48061,41.605368],[2.480583,41.605381],[2.480566,41.605392],[2.480553,41.605405],[2.480547,41.605417],[2.480553,41.605435],[2.480566,41.605453],[2.48059,41.605477],[2.480612,41.605501],[2.480621,41.605513],[2.48063,41.605525],[2.480692,41.605551],[2.480801,41.605607],[2.480942,41.605687],[2.481082,41.605766],[2.481209,41.605834],[2.481284,41.605875],[2.481337,41.605903],[2.481516,41.606002],[2.481576,41.606036],[2.4816,41.606124],[2.481648,41.606298],[2.481544,41.606574],[2.481281,41.60698],[2.481304,41.607013],[2.481262,41.607052],[2.481284,41.607078],[2.481341,41.607103],[2.481461,41.607155],[2.481571,41.607209],[2.481681,41.607265],[2.481775,41.607308],[2.481872,41.607348],[2.481973,41.607383],[2.482075,41.607415],[2.482211,41.607453],[2.482351,41.607486],[2.482441,41.6075],[2.482531,41.607508],[2.482626,41.60751],[2.482718,41.607512],[2.482801,41.607516],[2.482927,41.607528],[2.483052,41.607547],[2.483172,41.60757],[2.483291,41.607597],[2.483414,41.60763],[2.483539,41.607663],[2.483696,41.607697],[2.483812,41.60772],[2.483806,41.607968],[2.483758,41.607972],[2.484058,41.608208],[2.484463,41.608429],[2.484842,41.608669],[2.48479,41.608812],[2.484432,41.609144],[2.484546,41.609727],[2.484477,41.609743],[2.484345,41.609769],[2.484213,41.609789],[2.48416,41.609793],[2.484136,41.609792],[2.484111,41.609788],[2.484048,41.609775],[2.483986,41.60976],[2.483864,41.609728],[2.48374,41.609695],[2.483669,41.609679],[2.483601,41.609665],[2.483502,41.60964],[2.483405,41.609609],[2.483332,41.609581],[2.483263,41.609548],[2.483194,41.609507],[2.483127,41.609464],[2.483003,41.609376],[2.482879,41.609287],[2.482807,41.609237],[2.482735,41.609187],[2.482673,41.609147],[2.482612,41.609106],[2.482577,41.609081],[2.482528,41.609039],[2.482486,41.608994],[2.482456,41.608949],[2.482429,41.608902],[2.482391,41.608821],[2.482353,41.608736],[2.482339,41.608712],[2.482312,41.608681],[2.482647,41.608392],[2.483017,41.608251],[2.482901,41.608006],[2.48279,41.608002],[2.482194,41.607933],[2.481609,41.607959],[2.480634,41.607535],[2.480243,41.607276],[2.479595,41.607254],[2.479454,41.607491],[2.47977,41.607683],[2.479715,41.607784],[2.479722,41.607785],[2.479745,41.607881],[2.479737,41.607894],[2.479726,41.607915],[2.479719,41.607936],[2.479719,41.60795],[2.479725,41.607986],[2.479731,41.608022],[2.479738,41.608064],[2.479745,41.608108],[2.479746,41.608132],[2.479743,41.608156],[2.479731,41.608197],[2.479718,41.608238],[2.479714,41.608268],[2.479716,41.608299],[2.479722,41.608319],[2.479733,41.60834],[2.479748,41.608359],[2.479786,41.608393],[2.479825,41.608421],[2.479867,41.608446],[2.479934,41.608477],[2.480002,41.608508],[2.480034,41.608527],[2.480062,41.608549],[2.480079,41.608568],[2.480093,41.608588],[2.480115,41.60863],[2.480132,41.608674],[2.480145,41.608718],[2.480149,41.608762],[2.480148,41.608807],[2.480152,41.608836],[2.48016,41.608864],[2.480176,41.60889],[2.48019,41.608907],[2.480218,41.60893],[2.480249,41.608948],[2.480273,41.608957],[2.480321,41.608969],[2.480369,41.608976],[2.4804,41.608976],[2.480501,41.608973],[2.480562,41.60897],[2.480601,41.608967],[2.480722,41.608957],[2.480842,41.608947],[2.48099,41.608936],[2.48114,41.608925],[2.481268,41.608916],[2.481396,41.608907],[2.481445,41.608901],[2.481494,41.608892],[2.481591,41.608871],[2.481671,41.608849],[2.481748,41.608822],[2.481791,41.608802],[2.481831,41.608779],[2.481908,41.608729],[2.482137,41.608683],[2.482337,41.609084],[2.482203,41.609353],[2.482085,41.609264],[2.482046,41.60924],[2.482,41.609198],[2.481941,41.609111],[2.48186,41.609013],[2.481793,41.60897],[2.481741,41.608957],[2.481667,41.608956],[2.481617,41.608967],[2.481554,41.608996],[2.481418,41.609087],[2.481346,41.609129],[2.481273,41.609157],[2.481206,41.609194],[2.481139,41.60924],[2.4811,41.609296],[2.481092,41.609364],[2.481088,41.609503],[2.481071,41.609594],[2.480959,41.609579],[2.480886,41.609528],[2.480767,41.60946],[2.480686,41.609387],[2.480617,41.609311],[2.480447,41.609365],[2.480252,41.609394],[2.480068,41.609408],[2.47991,41.609428],[2.479787,41.609447],[2.479735,41.609476],[2.479677,41.609509],[2.479593,41.60956],[2.47951,41.609612],[2.47943,41.609664],[2.479392,41.609692],[2.479358,41.609721],[2.479322,41.609755],[2.479277,41.609808],[2.479277,41.609808],[2.479277,41.609808],[2.479266,41.609831],[2.479268,41.609839],[2.479276,41.609847],[2.479277,41.609848],[2.479281,41.609853],[2.47929,41.609859],[2.479313,41.609868],[2.479352,41.609874],[2.479391,41.609876],[2.47947,41.609874],[2.479637,41.60986],[2.479803,41.609848],[2.480039,41.609835],[2.480274,41.609823],[2.480431,41.609813],[2.480655,41.609795],[2.480735,41.609786],[2.480912,41.609818],[2.480865,41.609824],[2.480852,41.609826],[2.480838,41.60983],[2.480832,41.609837],[2.480833,41.609843],[2.480843,41.609857],[2.480855,41.609869],[2.480884,41.609897],[2.480913,41.609924],[2.480952,41.609958],[2.480992,41.609991],[2.481022,41.610024],[2.481046,41.610059],[2.481077,41.610121],[2.4811,41.610185],[2.48112,41.610256],[2.481134,41.610327],[2.481144,41.610404],[2.481151,41.610481],[2.481152,41.61051],[2.481152,41.61054],[2.481153,41.610551],[2.481157,41.610563],[2.481164,41.61057],[2.481179,41.610578],[2.481195,41.61058],[2.48121,41.610578],[2.481224,41.610577],[2.481259,41.610616],[2.481215,41.610634],[2.481183,41.610651],[2.481118,41.610688],[2.481054,41.610727],[2.480969,41.610779],[2.480884,41.610832],[2.480815,41.610871],[2.48076,41.610899],[2.480743,41.610907],[2.480689,41.610931],[2.480631,41.61095],[2.480594,41.610959],[2.480486,41.610977],[2.480382,41.61099],[2.480252,41.611004],[2.480174,41.611012],[2.480159,41.611022],[2.480144,41.611031],[2.480135,41.61104],[2.480133,41.611057],[2.480134,41.611075],[2.480136,41.611123],[2.480137,41.611171],[2.480137,41.611232],[2.480137,41.611292],[2.480138,41.611332],[2.480142,41.611372],[2.480146,41.611386],[2.480157,41.611406],[2.480176,41.611425],[2.48019,41.611435],[2.480212,41.611446],[2.480225,41.611448],[2.480237,41.611448],[2.480276,41.611442],[2.480313,41.61143],[2.480416,41.611386],[2.480518,41.611343],[2.480602,41.611313],[2.48069,41.611289],[2.480718,41.611285],[2.480759,41.611282],[2.4808,41.611282],[2.48086,41.611284],[2.48089,41.611288],[2.480906,41.611293],[2.480919,41.611297],[2.480964,41.611317],[2.481006,41.611338],[2.481084,41.611377],[2.481161,41.611416],[2.48124,41.611462],[2.481319,41.611508],[2.481409,41.611553],[2.481505,41.611591],[2.481537,41.611601],[2.481586,41.611611],[2.481636,41.611617],[2.481706,41.611618],[2.481776,41.611613],[2.481827,41.611606],[2.481903,41.61159],[2.481977,41.611568],[2.482012,41.611554],[2.482058,41.611528],[2.4821,41.611498],[2.482132,41.611472],[2.482153,41.611451],[2.48218,41.611419],[2.482197,41.611384],[2.482207,41.611346],[2.482216,41.611289],[2.48222,41.611232],[2.482221,41.611159],[2.482221,41.611085],[2.482224,41.611042],[2.482227,41.611021],[2.482234,41.610999],[2.482247,41.610978],[2.48226,41.610964],[2.482284,41.610946],[2.48231,41.610931],[2.482338,41.61092],[2.482366,41.610909],[2.482403,41.610893],[2.482439,41.610876],[2.482458,41.610866],[2.482483,41.610847],[2.482504,41.610824],[2.482512,41.610805],[2.482512,41.610795],[2.48251,41.610786],[2.482504,41.610772],[2.482498,41.610757],[2.48247,41.61073],[2.482442,41.610703],[2.482412,41.610675],[2.48238,41.610648],[2.482333,41.610613],[2.482284,41.610577],[2.482221,41.610531],[2.482157,41.610486],[2.482101,41.610449],[2.482073,41.610431],[2.482141,41.610403],[2.482197,41.610411],[2.482253,41.610411],[2.482302,41.610407],[2.482351,41.610404],[2.482451,41.610399],[2.482551,41.610396],[2.482628,41.610397],[2.482706,41.610401],[2.482757,41.610409],[2.48293,41.610444],[2.483101,41.610479],[2.483186,41.610496],[2.483271,41.610514],[2.483325,41.610521],[2.483379,41.610523],[2.483415,41.61052],[2.483454,41.610514],[2.483492,41.610506],[2.483567,41.610481],[2.483625,41.61046],[2.483634,41.610456],[2.483679,41.610436],[2.483713,41.610418],[2.483799,41.610361],[2.483884,41.610306],[2.483971,41.610255],[2.484057,41.610203],[2.484098,41.61018],[2.484142,41.610156],[2.48416,41.610149],[2.484178,41.610144],[2.484201,41.610141],[2.484215,41.610139],[2.484227,41.610138],[2.484238,41.610138],[2.484262,41.610141],[2.484278,41.610145],[2.484303,41.610158],[2.484324,41.610172],[2.484363,41.610203],[2.484393,41.610221],[2.484429,41.610238],[2.484466,41.610253],[2.484493,41.61026],[2.484554,41.610268],[2.484615,41.610276],[2.484677,41.610282],[2.484738,41.61029],[2.484788,41.610304],[2.484835,41.610324],[2.484929,41.610367],[2.484966,41.610381],[2.485003,41.610391],[2.485014,41.610392],[2.485025,41.610388],[2.485046,41.610375],[2.485058,41.610363],[2.485065,41.610349],[2.485065,41.610335],[2.485057,41.610308],[2.485043,41.610273],[2.485028,41.610237],[2.485021,41.610213],[2.485021,41.610188],[2.485028,41.610162],[2.485048,41.610121],[2.485078,41.610083],[2.485105,41.610058],[2.485136,41.610038],[2.485161,41.610028],[2.485189,41.610023],[2.485218,41.610022],[2.485249,41.610019],[2.485281,41.61002],[2.485301,41.610026],[2.485321,41.610037],[2.485337,41.610049],[2.485365,41.610075],[2.485421,41.610134],[2.485478,41.610192],[2.485503,41.610215],[2.485529,41.610238],[2.485538,41.610243],[2.485549,41.610246],[2.485574,41.610247],[2.485591,41.610243],[2.48561,41.610234],[2.485638,41.610212],[2.485661,41.610187],[2.485672,41.610169],[2.485683,41.610144],[2.485703,41.610067],[2.4857,41.610002],[2.485697,41.609936],[2.485697,41.609914],[2.485697,41.609894],[2.485699,41.60986],[2.485698,41.609809],[2.485694,41.609783],[2.485687,41.609758],[2.485675,41.609727],[2.485663,41.609696],[2.485646,41.609675],[2.485603,41.609632],[2.48556,41.60959],[2.485521,41.609519],[2.485524,41.609476],[2.485484,41.609451],[2.485202,41.609323],[2.485229,41.609318],[2.485183,41.609315],[2.485112,41.609292],[2.485136,41.609257],[2.485168,41.609223],[2.485189,41.609208],[2.485213,41.609195],[2.485258,41.609179],[2.485335,41.609161],[2.485412,41.609149],[2.485586,41.609132],[2.485758,41.609116],[2.485871,41.609103],[2.48595,41.609091],[2.486028,41.609075],[2.486058,41.609067],[2.486086,41.609056],[2.486143,41.60903],[2.48618,41.609006],[2.486213,41.608981],[2.486232,41.608962],[2.486292,41.60889],[2.486346,41.608814],[2.486363,41.608789],[2.486367,41.608787],[2.486371,41.608776],[2.486376,41.608768],[2.485744,41.608644],[2.485212,41.608509],[2.485201,41.608318],[2.485152,41.608117],[2.484868,41.607936],[2.484522,41.607864],[2.484561,41.607811],[2.484588,41.607774]]]]}},{"type":"Feature","id":"080752_080752 AP02 MAR 2","properties":{"area_id":"080752_080752 AP02 MAR 2","nom":"Can Canyamars","codi_icgc":"080752 AP02 MAR 2","categoria":"Àrees de poblament","codi_municipi":"080752","municipi":"Dosrius","codi_comarca":"21","comarca":"Maresme","provincia":"Barcelona","font":"ICGC Àrees de poblament v3r1 202602"},"geometry":{"type":"MultiPolygon","coordinates":[[[[2.442769,41.599866],[2.442654,41.599868],[2.442533,41.59987],[2.442413,41.599867],[2.442395,41.599866],[2.442264,41.599862],[2.442169,41.599863],[2.44207,41.599865],[2.441955,41.599865],[2.441952,41.599865],[2.441728,41.59988],[2.441728,41.599879],[2.441698,41.599832],[2.441637,41.599756],[2.441593,41.599707],[2.441573,41.599683],[2.441522,41.599629],[2.441472,41.599575],[2.441438,41.599538],[2.441434,41.599534],[2.441388,41.599488],[2.441344,41.599452],[2.441293,41.599418],[2.441232,41.599381],[2.44117,41.599343],[2.441154,41.599334],[2.441093,41.599298],[2.441014,41.599251],[2.440994,41.599238],[2.440913,41.599187],[2.440842,41.599144],[2.440814,41.599126],[2.440668,41.599042],[2.440527,41.59896],[2.440508,41.598953],[2.440489,41.598948],[2.440469,41.598946],[2.440449,41.598947],[2.440433,41.59895],[2.44043,41.59895],[2.440412,41.598956],[2.440396,41.598964],[2.440382,41.598975],[2.44037,41.598986],[2.440366,41.598993],[2.440362,41.599],[2.440357,41.599014],[2.440355,41.599029],[2.440357,41.599044],[2.440362,41.599058],[2.440388,41.599097],[2.440418,41.599143],[2.440465,41.59921],[2.440515,41.59928],[2.44056,41.59935],[2.440571,41.599367],[2.440623,41.599453],[2.440683,41.599555],[2.440743,41.599658],[2.440745,41.599661],[2.440755,41.599682],[2.440782,41.599733],[2.440822,41.599811],[2.440828,41.599825],[2.440834,41.599842],[2.44084,41.599876],[2.440842,41.599929],[2.440838,41.599977],[2.440826,41.600026],[2.440809,41.600073],[2.440806,41.600077],[2.440785,41.600117],[2.440758,41.600159],[2.440713,41.600203],[2.440662,41.600232],[2.440611,41.600249],[2.440602,41.600251],[2.440566,41.600258],[2.440514,41.600258],[2.440464,41.600247],[2.440417,41.600229],[2.440385,41.600206],[2.440367,41.600187],[2.44035,41.600169],[2.440324,41.600139],[2.440292,41.600103],[2.44026,41.600065],[2.440223,41.600015],[2.440187,41.599973],[2.440175,41.599961],[2.440149,41.599935],[2.440116,41.599904],[2.440109,41.599897],[2.440062,41.599859],[2.440012,41.599817],[2.439954,41.599772],[2.439948,41.599766],[2.4399,41.599728],[2.439836,41.599685],[2.439763,41.599638],[2.439716,41.599604],[2.439673,41.599561],[2.439654,41.599524],[2.439643,41.599494],[2.439632,41.599506],[2.439615,41.599537],[2.439606,41.599551],[2.439581,41.599601],[2.439571,41.599634],[2.439565,41.599674],[2.43957,41.599816],[2.439573,41.599856],[2.439604,41.59992],[2.439628,41.59999],[2.439624,41.600082],[2.439611,41.600111],[2.439598,41.600143],[2.43956,41.600241],[2.439501,41.600339],[2.439454,41.600409],[2.439442,41.600425],[2.439238,41.600701],[2.439192,41.600766],[2.439191,41.600769],[2.439177,41.600822],[2.439177,41.600908],[2.4392,41.60106],[2.439207,41.601096],[2.439213,41.601128],[2.439222,41.601174],[2.439257,41.601216],[2.439316,41.601257],[2.439389,41.601302],[2.439407,41.601316],[2.439451,41.60135],[2.439552,41.601448],[2.439573,41.601471],[2.43974,41.601643],[2.439451,41.601858],[2.439343,41.601842],[2.439203,41.601865],[2.439157,41.601868],[2.439142,41.601874],[2.439115,41.60189],[2.439098,41.601903],[2.439069,41.601934],[2.439046,41.601966],[2.439036,41.601987],[2.439032,41.602016],[2.439037,41.602054],[2.439049,41.602092],[2.439061,41.602116],[2.439115,41.602211],[2.439169,41.602306],[2.439206,41.602378],[2.439218,41.602399],[2.439226,41.602409],[2.439248,41.602438],[2.43927,41.602466],[2.439191,41.602581],[2.439189,41.602612],[2.439191,41.602636],[2.439215,41.602667],[2.439263,41.602719],[2.439324,41.602772],[2.439413,41.602838],[2.439483,41.602921],[2.439495,41.602935],[2.439457,41.602956],[2.439416,41.603014],[2.439382,41.603046],[2.439298,41.603124],[2.43917,41.603194],[2.438845,41.603257],[2.438638,41.603245],[2.438445,41.603211],[2.438155,41.603149],[2.437929,41.60304],[2.437877,41.603039],[2.437864,41.603024],[2.437832,41.602998],[2.437796,41.602976],[2.437784,41.60297],[2.437661,41.602913],[2.43766,41.602913],[2.437725,41.602866],[2.438044,41.602634],[2.438021,41.602596],[2.437971,41.602523],[2.437917,41.602457],[2.437916,41.602455],[2.437861,41.602388],[2.437807,41.60232],[2.437754,41.602252],[2.43775,41.602245],[2.43772,41.6022],[2.437716,41.602192],[2.437683,41.602118],[2.437681,41.602113],[2.437671,41.602079],[2.43765,41.602012],[2.437634,41.60198],[2.437624,41.601979],[2.437307,41.602185],[2.437099,41.602077],[2.436519,41.601888],[2.436353,41.602249],[2.436327,41.602292],[2.43629,41.602351],[2.436254,41.60234],[2.436164,41.602313],[2.436115,41.602298],[2.436075,41.602286],[2.435988,41.602264],[2.435901,41.60224],[2.435864,41.602229],[2.435735,41.602189],[2.435569,41.602138],[2.435567,41.602139],[2.435571,41.602168],[2.435609,41.602516],[2.435641,41.602591],[2.435763,41.602617],[2.436004,41.602667],[2.436096,41.602687],[2.436238,41.602702],[2.436496,41.602729],[2.436646,41.602759],[2.436789,41.602788],[2.436796,41.60279],[2.436864,41.602815],[2.436908,41.60284],[2.436908,41.60284],[2.436908,41.602841],[2.437027,41.602922],[2.437092,41.602984],[2.437207,41.603129],[2.437298,41.603225],[2.437351,41.603268],[2.437352,41.603269],[2.437488,41.603372],[2.43754,41.603411],[2.437609,41.603464],[2.437629,41.603479],[2.437643,41.60349],[2.437744,41.603567],[2.437847,41.603646],[2.437859,41.603655],[2.437926,41.603706],[2.437993,41.603759],[2.438013,41.603777],[2.438059,41.603815],[2.438091,41.603843],[2.438128,41.603874],[2.438077,41.603683],[2.438186,41.603739],[2.438209,41.603829],[2.438395,41.603848],[2.438395,41.603848],[2.438536,41.603863],[2.438637,41.603873],[2.43864,41.603874],[2.438842,41.60405],[2.438863,41.603957],[2.438959,41.603989],[2.439007,41.604007],[2.439052,41.604026],[2.439138,41.604073],[2.43926,41.604151],[2.439322,41.604192],[2.43938,41.60423],[2.439764,41.604279],[2.439939,41.604402],[2.440023,41.604319],[2.440109,41.604249],[2.440335,41.604281],[2.440344,41.604267],[2.440341,41.60426],[2.44032,41.604212],[2.44031,41.604192],[2.440307,41.604187],[2.440283,41.60415],[2.440253,41.604116],[2.440212,41.604074],[2.440171,41.604033],[2.440136,41.603996],[2.440101,41.603958],[2.44009,41.603948],[2.440069,41.603935],[2.440122,41.603867],[2.440162,41.603866],[2.440291,41.603864],[2.440456,41.603868],[2.440456,41.603865],[2.440567,41.603866],[2.440509,41.603641],[2.440524,41.603643],[2.44066,41.603654],[2.440847,41.603666],[2.441044,41.603808],[2.441146,41.603891],[2.441188,41.603925],[2.441224,41.603951],[2.441258,41.60397],[2.441312,41.603995],[2.441368,41.604016],[2.44146,41.60405],[2.44146,41.60405],[2.44146,41.60405],[2.44146,41.60405],[2.44167,41.604127],[2.44171,41.604143],[2.441917,41.604223],[2.441931,41.604215],[2.441981,41.604227],[2.442089,41.604251],[2.442172,41.604271],[2.442204,41.604279],[2.442296,41.604303],[2.442414,41.604349],[2.442598,41.604434],[2.442682,41.60448],[2.442763,41.604528],[2.442831,41.604571],[2.442839,41.604577],[2.442894,41.604619],[2.442923,41.604644],[2.442961,41.604686],[2.442992,41.60473],[2.443032,41.6048],[2.443066,41.604871],[2.443123,41.605006],[2.443031,41.605005],[2.44268,41.605027],[2.442686,41.605128],[2.442691,41.605229],[2.44269,41.605243],[2.442688,41.605277],[2.44268,41.605312],[2.442659,41.605365],[2.442633,41.605416],[2.442619,41.605437],[2.442596,41.605465],[2.442593,41.60547],[2.442585,41.60548],[2.442576,41.605496],[2.44255,41.605549],[2.442527,41.605604],[2.442507,41.605657],[2.442493,41.605697],[2.442458,41.606064],[2.442668,41.606321],[2.44285,41.606541],[2.443014,41.606772],[2.443015,41.606774],[2.443061,41.606873],[2.443068,41.606962],[2.443071,41.606993],[2.443044,41.607249],[2.44302,41.607338],[2.443049,41.607345],[2.443042,41.607375],[2.443031,41.607421],[2.443016,41.607482],[2.44298,41.607671],[2.442959,41.607848],[2.442953,41.607899],[2.442985,41.607915],[2.443022,41.607927],[2.44306,41.607933],[2.443093,41.607934],[2.443393,41.607932],[2.443459,41.607943],[2.44349,41.607943],[2.443504,41.607943],[2.443556,41.607952],[2.443675,41.60797],[2.443726,41.607978],[2.443726,41.607988],[2.443759,41.607981],[2.443774,41.607992],[2.44377,41.608],[2.443761,41.608018],[2.44374,41.608062],[2.44372,41.608105],[2.443709,41.608123],[2.443699,41.608141],[2.44368,41.608182],[2.443664,41.608223],[2.443628,41.60832],[2.443607,41.608374],[2.443591,41.608416],[2.443578,41.60846],[2.44357,41.608505],[2.443568,41.608553],[2.443569,41.608559],[2.443574,41.608602],[2.443592,41.608707],[2.443604,41.608777],[2.443611,41.608813],[2.443627,41.608906],[2.443637,41.608961],[2.443639,41.608975],[2.443573,41.609022],[2.443009,41.609121],[2.443138,41.609308],[2.443246,41.609486],[2.443287,41.609564],[2.443729,41.609428],[2.443792,41.609528],[2.443893,41.60968],[2.44403,41.609882],[2.444168,41.610083],[2.444247,41.610194],[2.444328,41.610304],[2.444374,41.610361],[2.444424,41.610416],[2.444467,41.610458],[2.444434,41.610476],[2.444187,41.610635],[2.444194,41.610641],[2.444308,41.610743],[2.444375,41.610803],[2.44443,41.610853],[2.444436,41.610858],[2.444725,41.61066],[2.445147,41.610959],[2.4452,41.610981],[2.445057,41.611213],[2.445074,41.611216],[2.445122,41.611225],[2.445171,41.611237],[2.445216,41.611251],[2.445259,41.61127],[2.445304,41.611291],[2.445348,41.611313],[2.445449,41.611373],[2.44577,41.611563],[2.445862,41.611626],[2.446034,41.611741],[2.446064,41.611762],[2.446112,41.611811],[2.446144,41.611817],[2.446159,41.611848],[2.445954,41.611993],[2.446288,41.612221],[2.446332,41.61217],[2.446375,41.61212],[2.446444,41.612042],[2.44647,41.612014],[2.446515,41.611965],[2.446577,41.611897],[2.446636,41.611827],[2.446668,41.611777],[2.446669,41.611769],[2.44665,41.611717],[2.446617,41.611682],[2.446557,41.61162],[2.446302,41.611386],[2.446016,41.611135],[2.445716,41.610786],[2.445629,41.61068],[2.445574,41.610531],[2.445519,41.610382],[2.445474,41.610299],[2.44545,41.610256],[2.445417,41.610228],[2.44525,41.610131],[2.445392,41.609894],[2.445533,41.609971],[2.445728,41.610049],[2.445845,41.609889],[2.445872,41.60984],[2.445945,41.60977],[2.44595,41.609765],[2.445962,41.609754],[2.446084,41.609644],[2.44611,41.609594],[2.44611,41.609593],[2.44611,41.609593],[2.44611,41.609592],[2.446166,41.609598],[2.446222,41.609581],[2.446297,41.609545],[2.446356,41.6095],[2.446382,41.609473],[2.446419,41.609435],[2.446473,41.609369],[2.446526,41.6093],[2.446611,41.609061],[2.446621,41.608987],[2.44663,41.608929],[2.446632,41.608912],[2.446647,41.608836],[2.446666,41.60876],[2.446682,41.608701],[2.446703,41.608643],[2.446729,41.608588],[2.446743,41.608561],[2.446751,41.608547],[2.446751,41.608546],[2.446758,41.608535],[2.446789,41.608482],[2.446821,41.60843],[2.446865,41.608363],[2.446912,41.608298],[2.446936,41.608265],[2.446975,41.608217],[2.446997,41.608195],[2.447023,41.608175],[2.447082,41.608134],[2.447141,41.608093],[2.447313,41.607902],[2.447335,41.607877],[2.44742,41.60771],[2.447471,41.607609],[2.44753,41.607367],[2.44753,41.607366],[2.447486,41.607149],[2.447454,41.60711],[2.44737,41.607007],[2.447307,41.606937],[2.447295,41.606935],[2.447293,41.606932],[2.447294,41.606873],[2.447406,41.606895],[2.447456,41.606716],[2.447412,41.606651],[2.447497,41.606473],[2.447523,41.606445],[2.447692,41.606255],[2.447634,41.606225],[2.447653,41.606204],[2.447303,41.606053],[2.447267,41.606035],[2.447225,41.606053],[2.447113,41.606095],[2.446726,41.605949],[2.446555,41.605897],[2.446545,41.605888],[2.446535,41.605885],[2.446503,41.605881],[2.446471,41.605883],[2.446416,41.605889],[2.446098,41.605958],[2.445912,41.606045],[2.44575,41.60607],[2.445697,41.606055],[2.445644,41.606041],[2.445616,41.60603],[2.445591,41.606015],[2.445545,41.60598],[2.445496,41.605938],[2.445452,41.605894],[2.445414,41.605845],[2.445384,41.605793],[2.445368,41.605755],[2.445356,41.605717],[2.445352,41.605695],[2.445352,41.605691],[2.445353,41.605656],[2.445364,41.605579],[2.445372,41.605524],[2.445375,41.605501],[2.445243,41.605482],[2.445034,41.605454],[2.445087,41.605281],[2.445155,41.605074],[2.445151,41.60494],[2.445153,41.604939],[2.445148,41.604646],[2.445139,41.604583],[2.444924,41.604312],[2.44479,41.604164],[2.445091,41.603997],[2.445384,41.603865],[2.44554,41.603811],[2.445426,41.603441],[2.445712,41.603369],[2.44585,41.603334],[2.446044,41.603286],[2.446061,41.60329],[2.446074,41.603292],[2.446086,41.603291],[2.446109,41.603281],[2.446136,41.603264],[2.446179,41.603253],[2.446203,41.603199],[2.446225,41.603178],[2.446226,41.603147],[2.446227,41.603089],[2.446224,41.603047],[2.446213,41.603005],[2.446186,41.602919],[2.446167,41.602849],[2.446149,41.602777],[2.446147,41.602748],[2.446151,41.602719],[2.446168,41.602663],[2.446193,41.602599],[2.446223,41.602536],[2.446315,41.602369],[2.44634,41.602313],[2.446342,41.602306],[2.446321,41.602254],[2.446353,41.602267],[2.446356,41.602255],[2.446362,41.602215],[2.446357,41.60221],[2.446337,41.60219],[2.446312,41.602171],[2.446284,41.602156],[2.446277,41.602153],[2.44624,41.60214],[2.446213,41.602133],[2.446197,41.602131],[2.446185,41.602129],[2.446156,41.602126],[2.446126,41.602127],[2.446108,41.602131],[2.446055,41.602147],[2.446004,41.602164],[2.445925,41.602189],[2.445852,41.602215],[2.445848,41.602216],[2.445773,41.602245],[2.445751,41.602253],[2.445655,41.60229],[2.445552,41.602327],[2.445487,41.602351],[2.445412,41.602374],[2.445388,41.602318],[2.445037,41.601483],[2.445,41.601499],[2.444955,41.601514],[2.44491,41.601527],[2.44486,41.601539],[2.444809,41.601549],[2.444775,41.601553],[2.444738,41.601555],[2.444703,41.601557],[2.44463,41.601562],[2.444564,41.601566],[2.44454,41.601567],[2.444498,41.60157],[2.444475,41.601571],[2.444452,41.601567],[2.444437,41.60156],[2.444426,41.601551],[2.444419,41.60154],[2.444415,41.601518],[2.444417,41.601483],[2.444424,41.601448],[2.444435,41.601404],[2.444447,41.60136],[2.444459,41.60132],[2.444475,41.601281],[2.444496,41.601247],[2.444527,41.601217],[2.444563,41.601192],[2.444601,41.601169],[2.444642,41.601145],[2.444684,41.601123],[2.444714,41.601112],[2.444742,41.601099],[2.44477,41.601074],[2.444792,41.601045],[2.444814,41.601012],[2.444836,41.600979],[2.444843,41.600971],[2.444854,41.600958],[2.444889,41.600926],[2.444923,41.600894],[2.445142,41.600742],[2.445269,41.600644],[2.445294,41.600624],[2.445399,41.600509],[2.445474,41.600399],[2.445592,41.600317],[2.445785,41.60027],[2.445959,41.600266],[2.445988,41.600291],[2.446257,41.60023],[2.446338,41.600208],[2.446396,41.600186],[2.446422,41.60017],[2.446448,41.600143],[2.446511,41.600137],[2.446624,41.600127],[2.446624,41.600116],[2.446759,41.600043],[2.446886,41.599976],[2.446966,41.599943],[2.447008,41.599919],[2.447024,41.599907],[2.447038,41.59989],[2.447051,41.599853],[2.447047,41.599826],[2.447032,41.599806],[2.447019,41.599791],[2.447009,41.599774],[2.445763,41.599261],[2.445943,41.598801],[2.446138,41.598417],[2.446138,41.598417],[2.446116,41.5984],[2.446093,41.598384],[2.446094,41.59837],[2.446094,41.59835],[2.446105,41.598342],[2.446139,41.598317],[2.446225,41.598057],[2.446416,41.597689],[2.446395,41.597638],[2.446459,41.597508],[2.446433,41.597506],[2.446341,41.597498],[2.446213,41.597494],[2.445932,41.597488],[2.445595,41.59748],[2.445539,41.597477],[2.445458,41.597478],[2.445377,41.59748],[2.445267,41.597486],[2.445157,41.597493],[2.44507,41.5975],[2.444773,41.597556],[2.444722,41.597464],[2.444748,41.597435],[2.444764,41.59716],[2.44478,41.597098],[2.444795,41.597039],[2.444775,41.597008],[2.44481,41.596696],[2.444713,41.596654],[2.444722,41.596604],[2.444724,41.596593],[2.444723,41.596577],[2.444725,41.59651],[2.444729,41.596442],[2.444742,41.596335],[2.444758,41.596228],[2.444774,41.596144],[2.444784,41.596088],[2.444784,41.596087],[2.444789,41.59606],[2.444803,41.595987],[2.444814,41.595933],[2.444856,41.595825],[2.445241,41.595084],[2.445331,41.594951],[2.445154,41.59492],[2.444859,41.594847],[2.44472,41.594811],[2.444087,41.594666],[2.444,41.594649],[2.443995,41.594665],[2.443956,41.594783],[2.443957,41.594784],[2.444002,41.594855],[2.443967,41.594905],[2.443926,41.594973],[2.443925,41.594976],[2.443874,41.59506],[2.443864,41.595077],[2.443808,41.595138],[2.44347,41.59548],[2.44343,41.59552],[2.44334,41.595612],[2.443263,41.59569],[2.443049,41.595646],[2.443018,41.595586],[2.442954,41.595557],[2.442908,41.595536],[2.442767,41.595532],[2.44265,41.595526],[2.442532,41.595506],[2.442494,41.59549],[2.442455,41.595474],[2.442409,41.595443],[2.442361,41.595397],[2.442337,41.595353],[2.442127,41.595415],[2.441809,41.595532],[2.44162,41.595625],[2.441692,41.595669],[2.441801,41.595737],[2.441773,41.595803],[2.441737,41.595804],[2.441702,41.59581],[2.441684,41.595815],[2.441524,41.595893],[2.441444,41.595935],[2.441267,41.596027],[2.441245,41.596027],[2.441223,41.596027],[2.441211,41.596031],[2.440991,41.59614],[2.440964,41.596168],[2.440866,41.596275],[2.44082,41.596276],[2.440775,41.596282],[2.440587,41.596348],[2.440584,41.59635],[2.44057,41.596365],[2.440563,41.596382],[2.440564,41.5964],[2.440572,41.596417],[2.440572,41.596418],[2.440573,41.596418],[2.440587,41.596431],[2.441065,41.596586],[2.441128,41.596606],[2.441296,41.596658],[2.441608,41.596753],[2.441805,41.596814],[2.441934,41.596857],[2.442846,41.597153],[2.442909,41.59717],[2.443476,41.597323],[2.443539,41.597343],[2.443552,41.597367],[2.443571,41.597394],[2.443646,41.597502],[2.443654,41.597531],[2.443692,41.597616],[2.443745,41.597732],[2.443849,41.597783],[2.444177,41.598852],[2.444225,41.599009],[2.444225,41.599009],[2.443972,41.599082],[2.443764,41.599014],[2.443711,41.598996],[2.443609,41.59897],[2.443551,41.59895],[2.442513,41.598622],[2.442484,41.598628],[2.442448,41.59864],[2.442414,41.598655],[2.442332,41.598698],[2.442251,41.598741],[2.442195,41.598773],[2.44214,41.598807],[2.442119,41.598823],[2.442104,41.598841],[2.4421,41.598852],[2.442099,41.598869],[2.442106,41.598886],[2.442119,41.598905],[2.442135,41.598923],[2.442169,41.598956],[2.442208,41.598986],[2.442279,41.599028],[2.442351,41.599069],[2.442428,41.599112],[2.442504,41.599156],[2.442585,41.599188],[2.442671,41.599223],[2.442803,41.599275],[2.442937,41.599326],[2.442992,41.599346],[2.442775,41.599866],[2.442769,41.599866]]]]}},{"type":"Feature","id":"080752_080752 AP05 MAR 2","properties":{"area_id":"080752_080752 AP05 MAR 2","nom":"Can Figueres","codi_icgc":"080752 AP05 MAR 2","categoria":"Àrees de poblament","codi_municipi":"080752","municipi":"Dosrius","codi_comarca":"21","comarca":"Maresme","provincia":"Barcelona","font":"ICGC Àrees de poblament v3r1 202602"},"geometry":{"type":"MultiPolygon","coordinates":[[[[2.439307,41.599399],[2.43933,41.599377],[2.439441,41.599385],[2.439633,41.599385],[2.439749,41.599385],[2.43975,41.599395],[2.439754,41.59944],[2.439762,41.599475],[2.439765,41.599481],[2.43977,41.599492],[2.439779,41.599505],[2.439782,41.599509],[2.439813,41.59954],[2.43985,41.599567],[2.439921,41.599612],[2.439966,41.599643],[2.43999,41.599659],[2.440048,41.599705],[2.440106,41.599751],[2.440157,41.599793],[2.440208,41.599835],[2.440219,41.599845],[2.440251,41.599876],[2.440293,41.599918],[2.440333,41.599965],[2.44037,41.600015],[2.440401,41.600051],[2.440432,41.600087],[2.440456,41.600115],[2.440482,41.600142],[2.440493,41.600149],[2.440512,41.600157],[2.440532,41.600161],[2.44055,41.600161],[2.440569,41.600158],[2.440596,41.600149],[2.440621,41.600135],[2.440648,41.600108],[2.440668,41.600078],[2.440686,41.600042],[2.440701,41.600004],[2.44071,41.599966],[2.440713,41.599927],[2.440712,41.599884],[2.440708,41.599862],[2.4407,41.599841],[2.440662,41.599768],[2.440635,41.599717],[2.440624,41.599695],[2.440565,41.599594],[2.440519,41.599515],[2.440506,41.599493],[2.440454,41.599408],[2.440422,41.599358],[2.4404,41.599324],[2.440351,41.599255],[2.440311,41.599199],[2.440303,41.599187],[2.440272,41.599139],[2.440241,41.599092],[2.44023,41.599061],[2.440226,41.599029],[2.440228,41.599009],[2.440229,41.598997],[2.440241,41.598966],[2.440259,41.598937],[2.440284,41.598911],[2.440315,41.598889],[2.44035,41.598871],[2.44039,41.598858],[2.440404,41.598856],[2.440431,41.598851],[2.440474,41.598849],[2.440517,41.598853],[2.440517,41.598853],[2.440557,41.598863],[2.440596,41.598878],[2.440598,41.598879],[2.440746,41.598965],[2.440894,41.59905],[2.440924,41.599069],[2.440995,41.599113],[2.441096,41.599176],[2.441173,41.599222],[2.441234,41.599258],[2.44125,41.599268],[2.441313,41.599306],[2.441376,41.599344],[2.441435,41.599383],[2.441488,41.599427],[2.441498,41.599437],[2.441541,41.59948],[2.441592,41.599535],[2.441642,41.59959],[2.441691,41.599645],[2.441704,41.599661],[2.441727,41.599689],[2.441748,41.599717],[2.441768,41.599742],[2.441788,41.599767],[2.441798,41.599772],[2.441812,41.599775],[2.441849,41.599777],[2.441886,41.599779],[2.442049,41.599782],[2.442211,41.599783],[2.442264,41.599782],[2.442585,41.599256],[2.442574,41.599252],[2.442567,41.59925],[2.442505,41.599226],[2.442435,41.599201],[2.442294,41.599152],[2.442202,41.599115],[2.442173,41.599101],[2.442146,41.599085],[2.442098,41.599048],[2.44201,41.598968],[2.44198,41.598934],[2.441951,41.5989],[2.441933,41.598886],[2.442244,41.598631],[2.442281,41.598601],[2.442414,41.598461],[2.442595,41.598518],[2.444029,41.598967],[2.444106,41.598921],[2.44396,41.598514],[2.443941,41.598462],[2.443918,41.598391],[2.44372,41.597785],[2.44369,41.597782],[2.443678,41.597781],[2.443581,41.597772],[2.443312,41.597746],[2.443031,41.597702],[2.442836,41.597654],[2.442074,41.597444],[2.442006,41.597425],[2.441994,41.597447],[2.441853,41.597699],[2.441723,41.597715],[2.441692,41.597701],[2.441624,41.597674],[2.441484,41.597627],[2.441426,41.597609],[2.441368,41.597592],[2.441057,41.597499],[2.440746,41.597407],[2.440587,41.597359],[2.440428,41.597312],[2.440393,41.597233],[2.440088,41.596819],[2.439881,41.596654],[2.439568,41.596475],[2.439464,41.596571],[2.439303,41.59648],[2.439233,41.596492],[2.439166,41.596527],[2.439092,41.596603],[2.439038,41.596677],[2.439011,41.596879],[2.439219,41.596826],[2.439363,41.596953],[2.439394,41.596984],[2.439231,41.597076],[2.439209,41.597098],[2.439187,41.59712],[2.439173,41.597139],[2.439166,41.597156],[2.439163,41.597169],[2.439147,41.597186],[2.439178,41.597197],[2.439542,41.59733],[2.439806,41.597429],[2.439801,41.597531],[2.439737,41.597525],[2.439579,41.597555],[2.439611,41.597843],[2.439642,41.59829],[2.439645,41.59844],[2.439638,41.598507],[2.439625,41.598539],[2.439582,41.598578],[2.439531,41.598608],[2.439429,41.598645],[2.439252,41.598689],[2.439076,41.598741],[2.438985,41.598793],[2.438939,41.598831],[2.43888,41.598936],[2.438704,41.599367],[2.438519,41.59982],[2.438417,41.600081],[2.438421,41.600145],[2.438449,41.600224],[2.438578,41.600266],[2.438578,41.600275],[2.438586,41.60028],[2.438716,41.600302],[2.438765,41.6003],[2.438803,41.60028],[2.438835,41.600241],[2.438896,41.600163],[2.439006,41.600064],[2.4391,41.599968],[2.439159,41.599888],[2.439194,41.599812],[2.439209,41.599736],[2.43921,41.599731],[2.439263,41.59955],[2.439307,41.599399]]],[[[2.436353,41.602249],[2.436519,41.601888],[2.437099,41.602077],[2.437307,41.602185],[2.437624,41.601979],[2.437665,41.601952],[2.437709,41.601913],[2.438017,41.601703],[2.43813,41.60161],[2.438155,41.601578],[2.438167,41.601551],[2.43816,41.601506],[2.438135,41.60147],[2.438095,41.601446],[2.438022,41.601427],[2.437979,41.601422],[2.437959,41.60142],[2.437881,41.601408],[2.437796,41.601393],[2.437685,41.601376],[2.437667,41.601373],[2.437632,41.601351],[2.437619,41.601313],[2.437622,41.601278],[2.437639,41.601244],[2.437664,41.601196],[2.437677,41.601144],[2.437679,41.601137],[2.43768,41.601101],[2.437687,41.60095],[2.437687,41.600946],[2.437686,41.600903],[2.437684,41.600758],[2.437662,41.600757],[2.437657,41.600751],[2.43747,41.600745],[2.437264,41.600737],[2.436878,41.600717],[2.436773,41.600712],[2.436748,41.600743],[2.436729,41.600773],[2.436707,41.600819],[2.436681,41.600865],[2.436666,41.600886],[2.436637,41.600914],[2.436602,41.600939],[2.436553,41.600965],[2.436539,41.600971],[2.436499,41.600986],[2.436437,41.601],[2.436373,41.601008],[2.436283,41.601012],[2.436193,41.60101],[2.436124,41.601004],[2.436056,41.600995],[2.435984,41.600983],[2.435948,41.600977],[2.435911,41.600972],[2.435683,41.600931],[2.435679,41.600931],[2.435628,41.600912],[2.435542,41.600865],[2.43553,41.600841],[2.435067,41.600934],[2.434989,41.600985],[2.434875,41.601064],[2.434869,41.601157],[2.434883,41.60123],[2.434917,41.601254],[2.434885,41.601324],[2.434848,41.601371],[2.434834,41.601408],[2.43483,41.601446],[2.434831,41.601493],[2.434832,41.601541],[2.43479,41.601547],[2.43479,41.60155],[2.434784,41.601551],[2.434764,41.601556],[2.434762,41.601582],[2.434765,41.60162],[2.434771,41.601659],[2.434776,41.601682],[2.43478,41.601703],[2.43478,41.601705],[2.434779,41.60173],[2.434791,41.601735],[2.434795,41.601747],[2.43481,41.601772],[2.434822,41.601783],[2.434836,41.601792],[2.434873,41.601807],[2.434912,41.601818],[2.434961,41.601829],[2.435009,41.601842],[2.435077,41.601871],[2.435145,41.601901],[2.435359,41.601985],[2.435406,41.602004],[2.435453,41.602022],[2.435558,41.602064],[2.435573,41.60207],[2.435767,41.602129],[2.4358,41.602139],[2.435931,41.60218],[2.436017,41.602202],[2.436106,41.602226],[2.436147,41.602238],[2.436196,41.602253],[2.436286,41.602279],[2.436323,41.602291],[2.436327,41.602292],[2.436353,41.602249]]]]}},{"type":"Feature","id":"080752_080752 AP09 MAR 3","properties":{"area_id":"080752_080752 AP09 MAR 3","nom":"Can Massuet del Far","codi_icgc":"080752 AP09 MAR 3","categoria":"Àrees de poblament","codi_municipi":"080752","municipi":"Dosrius","codi_comarca":"21","comarca":"Maresme","provincia":"Barcelona","font":"ICGC Àrees de poblament v3r1 202602"},"geometry":{"type":"MultiPolygon","coordinates":[[[[2.426073,41.626148],[2.426099,41.626141],[2.426125,41.626141],[2.426259,41.626143],[2.426284,41.626101],[2.426321,41.626032],[2.426355,41.625961],[2.426417,41.625817],[2.426472,41.625679],[2.426528,41.625541],[2.426565,41.625448],[2.426598,41.625382],[2.426631,41.625315],[2.426649,41.625294],[2.426672,41.625275],[2.4267,41.625256],[2.42673,41.625239],[2.426773,41.625217],[2.426816,41.625195],[2.426865,41.625169],[2.426914,41.625144],[2.427088,41.62506],[2.427158,41.625027],[2.427263,41.624977],[2.427348,41.624934],[2.427427,41.624895],[2.427591,41.624812],[2.427837,41.624687],[2.428082,41.62456],[2.428254,41.624471],[2.428426,41.624381],[2.428594,41.624293],[2.428762,41.624205],[2.428836,41.624159],[2.428911,41.624113],[2.428922,41.624108],[2.428943,41.624099],[2.428964,41.624092],[2.428996,41.624083],[2.429036,41.624073],[2.429068,41.624067],[2.429101,41.624061],[2.429134,41.624056],[2.429188,41.624048],[2.429297,41.624037],[2.429378,41.624028],[2.4294,41.624025],[2.429504,41.624017],[2.429573,41.624017],[2.429688,41.624023],[2.429803,41.62403],[2.429871,41.624031],[2.429938,41.62403],[2.429983,41.624025],[2.430082,41.624004],[2.430138,41.623991],[2.430179,41.623982],[2.430281,41.623957],[2.430382,41.62393],[2.430524,41.623886],[2.430666,41.623841],[2.430869,41.623782],[2.431073,41.623723],[2.431207,41.623681],[2.431408,41.623615],[2.43161,41.623548],[2.431868,41.623467],[2.432127,41.623388],[2.432318,41.62333],[2.43251,41.623274],[2.432552,41.623262],[2.432568,41.623258],[2.432582,41.623253],[2.432603,41.623245],[2.432622,41.623236],[2.432637,41.623226],[2.432656,41.623213],[2.432672,41.6232],[2.432682,41.62319],[2.433009,41.623082],[2.433085,41.623057],[2.433406,41.622937],[2.433691,41.622742],[2.4336,41.622658],[2.433629,41.622645],[2.433637,41.62264],[2.433664,41.622624],[2.433686,41.622609],[2.433703,41.62259],[2.433719,41.622558],[2.433726,41.622525],[2.433727,41.622491],[2.433728,41.622456],[2.433967,41.622126],[2.434031,41.622037],[2.434084,41.621704],[2.434265,41.621615],[2.434337,41.62157],[2.434459,41.621665],[2.434468,41.621661],[2.434506,41.621645],[2.434554,41.621625],[2.434611,41.621603],[2.434671,41.621581],[2.434719,41.621564],[2.434768,41.621546],[2.434869,41.621505],[2.434958,41.621469],[2.434999,41.621452],[2.434992,41.621432],[2.434984,41.621337],[2.43498,41.621317],[2.434977,41.621301],[2.434973,41.621294],[2.434937,41.621231],[2.4349,41.621168],[2.434884,41.621147],[2.434864,41.621128],[2.434818,41.621091],[2.434774,41.621054],[2.434726,41.621021],[2.434682,41.620995],[2.434638,41.620969],[2.434615,41.620957],[2.434593,41.620944],[2.434576,41.620928],[2.434565,41.620909],[2.434564,41.620891],[2.434572,41.620873],[2.434583,41.62086],[2.434596,41.620849],[2.434607,41.620844],[2.434659,41.62083],[2.434711,41.620816],[2.434722,41.620812],[2.434732,41.620805],[2.434743,41.620792],[2.434751,41.620779],[2.434754,41.620765],[2.434757,41.620751],[2.43476,41.620745],[2.434764,41.620742],[2.434821,41.620719],[2.434838,41.620689],[2.434816,41.620696],[2.43476,41.620696],[2.434791,41.620684],[2.434804,41.620677],[2.434817,41.620668],[2.434828,41.62066],[2.434834,41.62065],[2.434836,41.620637],[2.434837,41.620624],[2.434857,41.620463],[2.434876,41.620301],[2.434882,41.620263],[2.434887,41.620234],[2.434893,41.620177],[2.434913,41.620071],[2.434909,41.62007],[2.434916,41.620033],[2.434907,41.620033],[2.434901,41.619972],[2.434886,41.619935],[2.434868,41.619906],[2.434894,41.619891],[2.434911,41.619876],[2.434924,41.61986],[2.434935,41.619841],[2.43494,41.619821],[2.43494,41.619803],[2.43494,41.619785],[2.43494,41.619765],[2.434938,41.619745],[2.434924,41.619714],[2.434906,41.619684],[2.434904,41.619681],[2.43489,41.619657],[2.43493,41.619654],[2.434969,41.619651],[2.434987,41.619649],[2.435004,41.619644],[2.435015,41.619636],[2.435022,41.619626],[2.435053,41.619558],[2.435065,41.619523],[2.435075,41.619488],[2.435096,41.619391],[2.435106,41.619342],[2.435116,41.619293],[2.435131,41.619215],[2.435145,41.619136],[2.435154,41.619072],[2.435163,41.619009],[2.435173,41.618947],[2.435183,41.618886],[2.435184,41.618883],[2.435191,41.618798],[2.435194,41.618714],[2.435193,41.618657],[2.435191,41.6186],[2.435186,41.618551],[2.435184,41.618503],[2.435187,41.618463],[2.435192,41.618424],[2.435195,41.618407],[2.435206,41.618344],[2.435213,41.618291],[2.435225,41.618173],[2.435236,41.618054],[2.435236,41.618045],[2.435243,41.617964],[2.435246,41.617873],[2.435244,41.617813],[2.435238,41.617723],[2.435235,41.617677],[2.435226,41.617541],[2.435205,41.617486],[2.435185,41.617431],[2.435172,41.617398],[2.435164,41.617376],[2.433739,41.615547],[2.433158,41.6155],[2.433086,41.615494],[2.433109,41.615584],[2.433127,41.615633],[2.433145,41.615683],[2.43316,41.615729],[2.433166,41.615746],[2.433176,41.615767],[2.433176,41.615785],[2.433154,41.615789],[2.433143,41.615783],[2.433122,41.61576],[2.433019,41.61566],[2.43291,41.615556],[2.432896,41.615544],[2.432775,41.615439],[2.432638,41.615325],[2.432532,41.615237],[2.432424,41.615149],[2.432319,41.615068],[2.432208,41.61499],[2.43215,41.614953],[2.432111,41.614929],[2.432009,41.614872],[2.431938,41.614837],[2.431907,41.614824],[2.431773,41.614764],[2.431611,41.614693],[2.431608,41.614692],[2.431489,41.61464],[2.431364,41.614588],[2.431321,41.614575],[2.431319,41.614575],[2.431277,41.614562],[2.431188,41.614546],[2.431126,41.614538],[2.431064,41.614534],[2.431014,41.614533],[2.430956,41.614536],[2.430905,41.614549],[2.430863,41.614567],[2.430827,41.614584],[2.430792,41.614608],[2.430771,41.614629],[2.430726,41.614683],[2.430688,41.614746],[2.430656,41.614817],[2.430629,41.614893],[2.430599,41.614971],[2.43057,41.615049],[2.430549,41.615099],[2.430527,41.61515],[2.4305,41.615206],[2.430471,41.615263],[2.43044,41.615326],[2.430376,41.615412],[2.430339,41.615451],[2.430292,41.61548],[2.430207,41.615531],[2.430137,41.615574],[2.430069,41.615608],[2.429921,41.615679],[2.4298,41.615734],[2.429676,41.615784],[2.42966,41.615788],[2.429645,41.61579],[2.42961,41.61579],[2.429576,41.615786],[2.429542,41.615776],[2.429521,41.615768],[2.42949,41.615748],[2.429464,41.615725],[2.429453,41.615711],[2.429445,41.615695],[2.429424,41.615631],[2.429405,41.615566],[2.429392,41.615507],[2.429383,41.61545],[2.429384,41.615413],[2.429394,41.615352],[2.429405,41.61529],[2.429421,41.615213],[2.429436,41.615136],[2.429453,41.615039],[2.429469,41.614943],[2.429479,41.614878],[2.429479,41.614832],[2.42947,41.614786],[2.429446,41.614734],[2.429414,41.614685],[2.429347,41.6146],[2.429277,41.614517],[2.429171,41.614396],[2.429061,41.614277],[2.428977,41.614196],[2.429154,41.614099],[2.42902,41.613951],[2.428985,41.613918],[2.428925,41.613862],[2.428866,41.613806],[2.428845,41.613784],[2.428827,41.61376],[2.428796,41.61371],[2.428775,41.613674],[2.428759,41.613638],[2.428754,41.613613],[2.428752,41.613566],[2.428752,41.613561],[2.428752,41.613519],[2.428752,41.613482],[2.428752,41.613445],[2.428748,41.613398],[2.428737,41.613351],[2.428723,41.613311],[2.4287,41.613271],[2.428665,41.613222],[2.428627,41.613174],[2.428572,41.613112],[2.428518,41.61305],[2.428481,41.613017],[2.428403,41.61296],[2.428323,41.61292],[2.428303,41.612918],[2.428231,41.61291],[2.428175,41.61289],[2.428123,41.61286],[2.428102,41.612823],[2.428103,41.612786],[2.428103,41.612768],[2.428104,41.612749],[2.42809,41.612691],[2.428042,41.612646],[2.427958,41.61262],[2.427884,41.612582],[2.427876,41.612578],[2.427793,41.612539],[2.427694,41.61246],[2.427664,41.612439],[2.427635,41.612418],[2.427591,41.612384],[2.427521,41.61234],[2.427435,41.612278],[2.42737,41.612213],[2.427284,41.612122],[2.427258,41.612091],[2.427255,41.612087],[2.427237,41.612005],[2.427196,41.611869],[2.42718,41.611759],[2.427166,41.611679],[2.427165,41.611674],[2.427145,41.611604],[2.427114,41.611575],[2.42711,41.611571],[2.427075,41.611537],[2.42706,41.611522],[2.427048,41.611509],[2.427023,41.611479],[2.427009,41.611458],[2.427003,41.611441],[2.427,41.611425],[2.426997,41.611391],[2.426999,41.611365],[2.426999,41.611361],[2.427003,41.61133],[2.427,41.611309],[2.426989,41.611288],[2.426975,41.611268],[2.426941,41.611231],[2.42689,41.611182],[2.426884,41.611177],[2.426839,41.611133],[2.426801,41.611095],[2.426767,41.611058],[2.426766,41.611056],[2.426755,41.611039],[2.426748,41.611021],[2.426738,41.610983],[2.426729,41.610959],[2.426718,41.610936],[2.426705,41.610908],[2.426677,41.610859],[2.426652,41.610828],[2.426589,41.610768],[2.426525,41.610708],[2.426474,41.610657],[2.426422,41.610607],[2.426401,41.610589],[2.426331,41.610518],[2.426278,41.610475],[2.426167,41.61039],[2.426147,41.610375],[2.426126,41.610362],[2.426083,41.610338],[2.426052,41.610326],[2.426034,41.61032],[2.426004,41.610314],[2.425973,41.610311],[2.425908,41.61031],[2.425828,41.610313],[2.425749,41.610317],[2.425711,41.610318],[2.425674,41.610317],[2.425659,41.610313],[2.425647,41.610306],[2.425629,41.610283],[2.425623,41.610263],[2.425664,41.610268],[2.425676,41.610269],[2.425684,41.610268],[2.425692,41.610266],[2.425704,41.610255],[2.425787,41.610187],[2.425797,41.610173],[2.4258,41.610155],[2.425798,41.610143],[2.42579,41.61013],[2.425782,41.610126],[2.425735,41.610109],[2.425688,41.610093],[2.425631,41.610075],[2.425575,41.610056],[2.425498,41.610031],[2.425389,41.609995],[2.425266,41.609953],[2.425193,41.609927],[2.425074,41.609888],[2.42504,41.609867],[2.424876,41.60976],[2.424823,41.609722],[2.424765,41.60968],[2.424694,41.609624],[2.424612,41.609556],[2.424532,41.609487],[2.424457,41.609416],[2.424418,41.60938],[2.424377,41.609346],[2.424303,41.60929],[2.424229,41.609235],[2.424165,41.609186],[2.4241,41.609137],[2.424059,41.609111],[2.424004,41.609083],[2.423982,41.609023],[2.423929,41.608922],[2.423899,41.608804],[2.423887,41.608757],[2.423821,41.60877],[2.423754,41.608782],[2.423692,41.608795],[2.423633,41.608809],[2.423593,41.608818],[2.423526,41.608832],[2.423459,41.608846],[2.423439,41.608855],[2.423424,41.608868],[2.423419,41.608879],[2.423416,41.608906],[2.423414,41.608917],[2.423409,41.608955],[2.423384,41.60895],[2.423358,41.60895],[2.423334,41.608956],[2.423313,41.608967],[2.423297,41.608982],[2.423288,41.609],[2.423286,41.609019],[2.423292,41.609038],[2.423304,41.609054],[2.423323,41.609068],[2.423346,41.609076],[2.423372,41.609079],[2.423397,41.609076],[2.423402,41.609078],[2.423396,41.609086],[2.423389,41.609086],[2.423372,41.609089],[2.42334,41.609097],[2.423296,41.60911],[2.42325,41.609123],[2.423163,41.609143],[2.423075,41.609165],[2.422927,41.609203],[2.422779,41.609241],[2.42275,41.609264],[2.422516,41.609271],[2.4225,41.609271],[2.42228,41.609274],[2.422275,41.609274],[2.422007,41.609239],[2.421959,41.609233],[2.42178,41.609228],[2.421773,41.609226],[2.421621,41.609188],[2.421546,41.609195],[2.421521,41.609214],[2.421546,41.609426],[2.421565,41.609572],[2.421375,41.609567],[2.42121,41.609563],[2.421124,41.609561],[2.420986,41.609642],[2.4209,41.609693],[2.420786,41.609761],[2.420757,41.609778],[2.420433,41.610123],[2.420352,41.610209],[2.420311,41.610308],[2.420271,41.610406],[2.420274,41.610408],[2.420407,41.610491],[2.420504,41.610555],[2.420599,41.610621],[2.420626,41.610643],[2.420652,41.610666],[2.420697,41.610718],[2.420725,41.610755],[2.420797,41.610857],[2.42087,41.610961],[2.420936,41.611048],[2.420982,41.611107],[2.420974,41.611134],[2.420798,41.611253],[2.421053,41.611492],[2.421149,41.611579],[2.421184,41.611613],[2.421364,41.6115],[2.421397,41.611497],[2.42152,41.611602],[2.421652,41.611718],[2.421731,41.611796],[2.421809,41.611878],[2.421841,41.611938],[2.421807,41.61196],[2.421808,41.612019],[2.421801,41.612057],[2.421765,41.612094],[2.421652,41.612171],[2.421541,41.612236],[2.421478,41.6123],[2.421453,41.612353],[2.421462,41.612392],[2.421551,41.612445],[2.421736,41.612516],[2.42195,41.61257],[2.421502,41.612557],[2.421119,41.612482],[2.421111,41.61248],[2.420908,41.612409],[2.420904,41.612375],[2.420908,41.612375],[2.420907,41.612331],[2.420899,41.612331],[2.420896,41.612305],[2.420578,41.61232],[2.420588,41.612259],[2.420591,41.612218],[2.42059,41.612176],[2.42058,41.612135],[2.420561,41.612097],[2.420524,41.612043],[2.420482,41.611992],[2.420378,41.611884],[2.420276,41.611777],[2.420233,41.611733],[2.420189,41.611686],[2.420164,41.61167],[2.420135,41.611659],[2.420098,41.611647],[2.420081,41.611644],[2.42009,41.61157],[2.420056,41.611418],[2.419965,41.611363],[2.419872,41.611365],[2.419704,41.611457],[2.419654,41.61155],[2.419606,41.611636],[2.419567,41.611703],[2.419526,41.611767],[2.419494,41.611813],[2.419494,41.611813],[2.419486,41.611824],[2.419445,41.611856],[2.419408,41.611912],[2.419344,41.612028],[2.41934,41.612038],[2.419278,41.612179],[2.419213,41.612353],[2.4191,41.612537],[2.419089,41.612558],[2.419024,41.612681],[2.418953,41.61279],[2.418905,41.612906],[2.418869,41.61302],[2.418855,41.613107],[2.41885,41.613141],[2.418851,41.613317],[2.418862,41.613432],[2.418891,41.613466],[2.418945,41.613487],[2.419042,41.613458],[2.41908,41.613562],[2.419093,41.613647],[2.419107,41.613741],[2.419117,41.613808],[2.419211,41.613863],[2.419331,41.613932],[2.419222,41.613936],[2.419129,41.61394],[2.41913,41.613954],[2.419126,41.613988],[2.419112,41.61402],[2.419093,41.614045],[2.419067,41.614067],[2.419031,41.614089],[2.418969,41.614122],[2.418907,41.614158],[2.418881,41.614175],[2.418857,41.614196],[2.418827,41.61423],[2.418815,41.61425],[2.418807,41.614271],[2.4188,41.614317],[2.418797,41.614363],[2.418796,41.614433],[2.418796,41.614501],[2.418791,41.614562],[2.418779,41.614623],[2.418755,41.614692],[2.418727,41.614748],[2.418722,41.614758],[2.418716,41.614767],[2.418711,41.614775],[2.4187,41.61479],[2.418685,41.614812],[2.418647,41.614852],[2.418263,41.614668],[2.418085,41.614746],[2.418079,41.614744],[2.418048,41.614755],[2.418056,41.614759],[2.417949,41.614806],[2.417906,41.614828],[2.41786,41.614851],[2.41783,41.614864],[2.417796,41.614873],[2.417773,41.614875],[2.417733,41.614875],[2.417695,41.614875],[2.417678,41.614875],[2.417663,41.614875],[2.417633,41.614874],[2.417612,41.614873],[2.417583,41.614871],[2.417554,41.614866],[2.417498,41.614851],[2.417452,41.614836],[2.41745,41.614835],[2.417406,41.61482],[2.417392,41.614838],[2.417378,41.614857],[2.417349,41.614889],[2.417328,41.614907],[2.417286,41.614932],[2.417112,41.615034],[2.417066,41.615046],[2.417008,41.615061],[2.416922,41.615075],[2.416835,41.615089],[2.416799,41.615094],[2.416764,41.615097],[2.416692,41.615097],[2.416644,41.615092],[2.416572,41.615082],[2.416498,41.615065],[2.416314,41.615201],[2.416166,41.61531],[2.416151,41.615321],[2.415966,41.615446],[2.415805,41.615556],[2.415773,41.615577],[2.415519,41.615732],[2.415456,41.615794],[2.415394,41.615856],[2.415385,41.61587],[2.41538,41.615892],[2.415382,41.615916],[2.415388,41.615942],[2.415398,41.615966],[2.415399,41.615968],[2.415426,41.616008],[2.415458,41.616046],[2.415468,41.616056],[2.415478,41.616062],[2.415409,41.616082],[2.415422,41.6161],[2.415365,41.616123],[2.415292,41.616153],[2.415244,41.616173],[2.415163,41.616208],[2.415083,41.616251],[2.415061,41.616269],[2.415051,41.616278],[2.414952,41.616413],[2.414948,41.616422],[2.414942,41.61645],[2.414937,41.616494],[2.414937,41.616536],[2.41495,41.616683],[2.414962,41.616796],[2.414965,41.616828],[2.41498,41.616963],[2.414997,41.617098],[2.415016,41.617229],[2.41504,41.61736],[2.415054,41.617413],[2.415082,41.617491],[2.415115,41.617568],[2.415153,41.617639],[2.415177,41.617674],[2.415205,41.617708],[2.415242,41.617746],[2.415304,41.617796],[2.415373,41.617841],[2.415472,41.617894],[2.415573,41.617942],[2.415673,41.617984],[2.415679,41.617986],[2.415725,41.618002],[2.415781,41.618019],[2.415833,41.618031],[2.415874,41.618038],[2.415881,41.618038],[2.415934,41.618043],[2.415994,41.618041],[2.416023,41.618038],[2.416113,41.618029],[2.416187,41.618021],[2.416216,41.618018],[2.416301,41.618009],[2.416416,41.617997],[2.416613,41.617976],[2.416712,41.617967],[2.416811,41.61796],[2.416902,41.617954],[2.41703,41.617949],[2.417063,41.61795],[2.417129,41.617958],[2.417193,41.617972],[2.417254,41.617991],[2.417292,41.618006],[2.417307,41.618013],[2.417313,41.618015],[2.417324,41.618021],[2.417367,41.618044],[2.417416,41.618078],[2.41746,41.618115],[2.417498,41.618156],[2.417529,41.6182],[2.417555,41.618258],[2.417581,41.618318],[2.417601,41.618357],[2.417616,41.618381],[2.417393,41.618923],[2.41748,41.618927],[2.417604,41.618932],[2.418368,41.619007],[2.418444,41.61903],[2.418477,41.619036],[2.418645,41.619085],[2.418686,41.619113],[2.418695,41.619131],[2.418709,41.619132],[2.418991,41.619065],[2.419147,41.619028],[2.419376,41.618963],[2.419394,41.618977],[2.419417,41.618969],[2.419397,41.618953],[2.419707,41.618808],[2.419741,41.61884],[2.419774,41.618872],[2.419728,41.618892],[2.419955,41.619167],[2.420011,41.619234],[2.420478,41.619655],[2.420673,41.619831],[2.420684,41.619841],[2.420701,41.619856],[2.420961,41.620088],[2.421091,41.620205],[2.421147,41.620257],[2.421306,41.620271],[2.421431,41.620144],[2.421438,41.62013],[2.421427,41.620108],[2.421442,41.620123],[2.421574,41.619858],[2.421671,41.619718],[2.421686,41.619696],[2.421789,41.619563],[2.421805,41.61954],[2.421846,41.619492],[2.421851,41.619494],[2.421872,41.619503],[2.421943,41.619537],[2.422119,41.61963],[2.422384,41.619769],[2.42247,41.619652],[2.422699,41.619758],[2.422983,41.619889],[2.423329,41.620049],[2.423338,41.620056],[2.423453,41.620154],[2.423577,41.62026],[2.423578,41.62026],[2.423739,41.620411],[2.423883,41.620544],[2.424093,41.62074],[2.424097,41.620748],[2.424119,41.620794],[2.424203,41.620967],[2.424202,41.620977],[2.42419,41.62119],[2.42419,41.621336],[2.424189,41.621372],[2.424109,41.621459],[2.424067,41.621517],[2.424029,41.621571],[2.423993,41.62168],[2.423982,41.621711],[2.423974,41.621978],[2.423968,41.622066],[2.423933,41.622189],[2.42393,41.622213],[2.423924,41.622289],[2.423922,41.622358],[2.42392,41.622425],[2.423916,41.622503],[2.423912,41.622581],[2.423912,41.62259],[2.423909,41.622642],[2.423905,41.622704],[2.423902,41.622723],[2.423898,41.622742],[2.423895,41.62275],[2.423884,41.622778],[2.423874,41.622803],[2.423855,41.622852],[2.423831,41.6229],[2.423802,41.622944],[2.423771,41.622989],[2.423748,41.62302],[2.423725,41.62305],[2.423678,41.623112],[2.423619,41.623197],[2.42356,41.623282],[2.423499,41.623361],[2.423475,41.623392],[2.423393,41.623498],[2.42339,41.623502],[2.42328,41.623649],[2.423169,41.623797],[2.423166,41.623801],[2.423111,41.623868],[2.423047,41.623936],[2.423001,41.62398],[2.422934,41.624037],[2.422839,41.624109],[2.422741,41.624176],[2.422719,41.62419],[2.422697,41.624204],[2.422585,41.624274],[2.422473,41.624343],[2.422335,41.624448],[2.422329,41.624451],[2.422143,41.624564],[2.422037,41.624618],[2.42193,41.624672],[2.42188,41.624698],[2.421804,41.624737],[2.421767,41.624757],[2.42173,41.624776],[2.421705,41.624793],[2.421689,41.624808],[2.421669,41.624834],[2.421662,41.624846],[2.421652,41.624862],[2.421638,41.62489],[2.421623,41.624933],[2.421621,41.624939],[2.421613,41.624977],[2.421608,41.625027],[2.421605,41.62505],[2.421605,41.625086],[2.421607,41.625121],[2.421617,41.625172],[2.421632,41.62522],[2.421633,41.625222],[2.421666,41.625293],[2.42168,41.625314],[2.421691,41.625325],[2.421711,41.625338],[2.421735,41.625349],[2.421781,41.625368],[2.421829,41.625383],[2.421867,41.625394],[2.421814,41.625505],[2.421973,41.625541],[2.422172,41.62555],[2.422461,41.625597],[2.422491,41.625605],[2.422577,41.625613],[2.422832,41.625711],[2.423008,41.625771],[2.423183,41.625815],[2.423355,41.625858],[2.423536,41.625903],[2.423656,41.625933],[2.424351,41.626057],[2.425154,41.626254],[2.425331,41.626283],[2.425466,41.626282],[2.425599,41.626257],[2.425844,41.62619],[2.425853,41.626189],[2.426033,41.626175],[2.42605,41.626159],[2.426073,41.626148]],[[2.42328,41.619668],[2.423215,41.61964],[2.423068,41.619567],[2.422922,41.619495],[2.422641,41.61937],[2.42236,41.619244],[2.422175,41.619157],[2.42199,41.619069],[2.42189,41.619023],[2.421789,41.618976],[2.421742,41.618959],[2.421692,41.618947],[2.421659,41.618943],[2.42161,41.618942],[2.421561,41.618947],[2.421493,41.618957],[2.421426,41.618974],[2.421377,41.618989],[2.421354,41.618999],[2.421333,41.619011],[2.421291,41.619043],[2.421233,41.619092],[2.421173,41.61914],[2.421058,41.619224],[2.420937,41.619305],[2.420898,41.619326],[2.420853,41.619341],[2.420827,41.619344],[2.420802,41.619343],[2.420768,41.619338],[2.420734,41.619328],[2.420701,41.619312],[2.420676,41.619291],[2.420614,41.619218],[2.420553,41.619145],[2.420439,41.619013],[2.420325,41.61888],[2.420261,41.618806],[2.420197,41.618733],[2.42013,41.618648],[2.420065,41.618562],[2.42004,41.618531],[2.42001,41.618496],[2.419953,41.61843],[2.419922,41.618397],[2.419872,41.618352],[2.419844,41.618331],[2.419813,41.618313],[2.419791,41.618302],[2.419755,41.61829],[2.419737,41.618285],[2.419717,41.618281],[2.419658,41.618265],[2.419628,41.618259],[2.419597,41.618256],[2.419503,41.618256],[2.419409,41.618257],[2.419299,41.618254],[2.41919,41.61825],[2.419142,41.618247],[2.419119,41.618243],[2.419098,41.618235],[2.419059,41.618215],[2.41902,41.618194],[2.419007,41.618179],[2.418974,41.618141],[2.418942,41.618083],[2.418908,41.61802],[2.418879,41.617957],[2.418852,41.617891],[2.418825,41.61784],[2.418793,41.617789],[2.418773,41.617764],[2.418737,41.617732],[2.418694,41.617702],[2.418659,41.617685],[2.418606,41.617665],[2.418549,41.617651],[2.418501,41.617644],[2.418429,41.617639],[2.418391,41.617639],[2.418355,41.617643],[2.418264,41.617657],[2.418176,41.61767],[2.418065,41.617684],[2.418008,41.617692],[2.417979,41.617698],[2.417961,41.617698],[2.41795,41.617692],[2.417946,41.617682],[2.41795,41.617669],[2.418052,41.617595],[2.418178,41.617505],[2.418254,41.617453],[2.418334,41.617405],[2.418499,41.617309],[2.41861,41.617245],[2.418721,41.617183],[2.41879,41.61715],[2.418863,41.617123],[2.418907,41.617114],[2.418953,41.61711],[2.419002,41.617112],[2.419052,41.617118],[2.419083,41.617126],[2.41916,41.61715],[2.419235,41.617176],[2.419286,41.617193],[2.419309,41.617203],[2.419332,41.617213],[2.419348,41.617224],[2.419361,41.617238],[2.419385,41.617265],[2.419644,41.617222],[2.41967,41.617203],[2.419692,41.617184],[2.419712,41.617162],[2.419741,41.617119],[2.419757,41.617087],[2.419772,41.617045],[2.419778,41.617002],[2.419779,41.616972],[2.419774,41.61693],[2.419764,41.616888],[2.419753,41.616859],[2.419725,41.61681],[2.419689,41.616765],[2.419614,41.616689],[2.41954,41.616613],[2.419483,41.616554],[2.419426,41.616495],[2.4194,41.616468],[2.419395,41.616458],[2.419389,41.616447],[2.419391,41.61644],[2.419398,41.616438],[2.41942,41.616446],[2.419442,41.616454],[2.4195,41.616482],[2.419558,41.616509],[2.419745,41.616596],[2.419932,41.616681],[2.42008,41.616748],[2.42023,41.616814],[2.420314,41.616848],[2.420402,41.616879],[2.420432,41.616887],[2.420462,41.616891],[2.420519,41.616896],[2.42062,41.616889],[2.420676,41.616885],[2.420686,41.616857],[2.420692,41.616853],[2.420692,41.616853],[2.4207,41.616847],[2.420709,41.61684],[2.420726,41.616827],[2.420754,41.616798],[2.420771,41.616774],[2.420786,41.616733],[2.420789,41.616691],[2.420784,41.616662],[2.420769,41.616628],[2.420765,41.616621],[2.42072,41.616548],[2.420711,41.616524],[2.420702,41.616501],[2.420695,41.616479],[2.420688,41.616457],[2.420674,41.61641],[2.420658,41.616363],[2.420639,41.616321],[2.420617,41.61628],[2.420584,41.616221],[2.420551,41.616161],[2.420534,41.616132],[2.420517,41.616103],[2.420493,41.616067],[2.420463,41.616032],[2.420398,41.615971],[2.420311,41.615892],[2.42022,41.615815],[2.420157,41.615766],[2.419968,41.615625],[2.419779,41.615484],[2.419674,41.615405],[2.419572,41.615326],[2.419551,41.615306],[2.419533,41.615284],[2.419499,41.615234],[2.419469,41.615187],[2.419444,41.61514],[2.419431,41.61511],[2.419421,41.615061],[2.41942,41.61501],[2.419424,41.614963],[2.419432,41.614916],[2.41944,41.614893],[2.419451,41.614873],[2.419459,41.614862],[2.419475,41.61485],[2.419493,41.61484],[2.419538,41.614822],[2.419595,41.614805],[2.419651,41.614791],[2.419688,41.614785],[2.419795,41.614776],[2.419905,41.614767],[2.419952,41.614764],[2.420004,41.614763],[2.420032,41.614766],[2.420058,41.614772],[2.420103,41.614794],[2.420126,41.614811],[2.420128,41.614814],[2.420163,41.614841],[2.420189,41.614856],[2.420244,41.614885],[2.4203,41.61491],[2.42034,41.614924],[2.420405,41.614943],[2.42047,41.614959],[2.420515,41.614967],[2.420686,41.614993],[2.420856,41.615015],[2.420997,41.615031],[2.421134,41.615047],[2.421174,41.615056],[2.421213,41.615069],[2.421278,41.615099],[2.421316,41.614986],[2.421372,41.61482],[2.42148,41.615015],[2.421533,41.615112],[2.42163,41.615288],[2.42166,41.615373],[2.421889,41.616024],[2.421924,41.616089],[2.421979,41.616191],[2.422359,41.616896],[2.422385,41.616944],[2.42241,41.616932],[2.422426,41.616925],[2.422449,41.616918],[2.422473,41.616916],[2.42249,41.616917],[2.422507,41.616923],[2.422519,41.616931],[2.422538,41.616947],[2.422574,41.616984],[2.422583,41.616995],[2.422593,41.617008],[2.422706,41.617174],[2.422822,41.617346],[2.422857,41.6174],[2.422892,41.617452],[2.422897,41.617464],[2.4229,41.617476],[2.422904,41.617505],[2.422904,41.61752],[2.422901,41.617531],[2.422897,41.617536],[2.422877,41.617553],[2.422852,41.617571],[2.422776,41.617634],[2.422702,41.617695],[2.422623,41.617758],[2.422617,41.617764],[2.422614,41.617768],[2.422612,41.617773],[2.422609,41.617779],[2.422608,41.61779],[2.422608,41.617802],[2.422611,41.617841],[2.422615,41.617895],[2.422628,41.617956],[2.422641,41.618018],[2.422657,41.618066],[2.422674,41.618101],[2.42274,41.618203],[2.422865,41.618389],[2.42299,41.618576],[2.423157,41.618827],[2.423324,41.619077],[2.423489,41.619321],[2.423653,41.619565],[2.423688,41.619616],[2.423721,41.619666],[2.423722,41.619668],[2.423725,41.61968],[2.423722,41.619693],[2.423718,41.619701],[2.423715,41.619708],[2.423711,41.619712],[2.423701,41.619719],[2.423697,41.619721],[2.423685,41.619723],[2.423669,41.619724],[2.423616,41.619726],[2.423563,41.619726],[2.423511,41.619724],[2.423459,41.619719],[2.423403,41.619708],[2.423385,41.619703],[2.423349,41.619693],[2.42328,41.619668]]]]}},{"type":"Feature","id":"080752_080752 AP07 MAR 2","properties":{"area_id":"080752_080752 AP07 MAR 2","nom":"Can Rimbles","codi_icgc":"080752 AP07 MAR 2","categoria":"Àrees de poblament","codi_municipi":"080752","municipi":"Dosrius","codi_comarca":"21","comarca":"Maresme","provincia":"Barcelona","font":"ICGC Àrees de poblament v3r1 202602"},"geometry":{"type":"MultiPolygon","coordinates":[[[[2.441919,41.591855],[2.44234,41.591648],[2.442454,41.591686],[2.442606,41.591687],[2.443406,41.591682],[2.443647,41.591759],[2.444651,41.591659],[2.445655,41.591464],[2.445759,41.591254],[2.445047,41.591299],[2.444655,41.591125],[2.442671,41.591506],[2.441209,41.591728],[2.44117,41.591804],[2.441245,41.591995],[2.441676,41.592016],[2.441919,41.591855]]],[[[2.448453,41.592459],[2.448112,41.592314],[2.44739,41.592101],[2.44716,41.592233],[2.447285,41.592444],[2.447552,41.592397],[2.44797,41.592542],[2.448119,41.592886],[2.448207,41.593011],[2.448411,41.592954],[2.448412,41.592831],[2.448438,41.592716],[2.448465,41.592631],[2.448465,41.592554],[2.448453,41.592459]]],[[[2.447523,41.592855],[2.447308,41.592778],[2.44695,41.593014],[2.446822,41.593185],[2.44715,41.593406],[2.44738,41.593264],[2.447533,41.59316],[2.447648,41.593084],[2.447649,41.593008],[2.447586,41.592893],[2.447523,41.592855]]]]}},{"type":"Feature","id":"080752_080752 AP08 MAR 3","properties":{"area_id":"080752_080752 AP08 MAR 3","nom":"Can Valls","codi_icgc":"080752 AP08 MAR 3","categoria":"Àrees de poblament","codi_municipi":"080752","municipi":"Dosrius","codi_comarca":"21","comarca":"Maresme","provincia":"Barcelona","font":"ICGC Àrees de poblament v3r1 202602"},"geometry":{"type":"MultiPolygon","coordinates":[[[[2.421521,41.605815],[2.421609,41.605728],[2.421699,41.60575],[2.421759,41.605769],[2.421817,41.605779],[2.421876,41.605786],[2.421921,41.605784],[2.421964,41.605777],[2.422006,41.605763],[2.422031,41.605752],[2.422044,41.605745],[2.422077,41.605723],[2.422104,41.605697],[2.422125,41.605667],[2.422139,41.605636],[2.422146,41.605603],[2.422145,41.60557],[2.422136,41.605538],[2.422135,41.605537],[2.422085,41.605484],[2.422035,41.605431],[2.422,41.605392],[2.421988,41.605375],[2.421926,41.605361],[2.421956,41.605095],[2.421957,41.605089],[2.422071,41.604694],[2.422082,41.604656],[2.422088,41.604626],[2.422119,41.604621],[2.422137,41.604594],[2.422197,41.604504],[2.422235,41.604456],[2.422292,41.604382],[2.42231,41.604359],[2.422242,41.604328],[2.422159,41.604289],[2.422162,41.604275],[2.421983,41.604193],[2.421803,41.604112],[2.421742,41.604193],[2.421713,41.604232],[2.421601,41.604366],[2.421577,41.604426],[2.421426,41.604363],[2.421426,41.604363],[2.421418,41.604348],[2.421408,41.604322],[2.4214,41.604293],[2.421376,41.604238],[2.421358,41.604193],[2.421354,41.604184],[2.421335,41.604126],[2.421314,41.604067],[2.421303,41.604046],[2.421288,41.604026],[2.421252,41.603991],[2.421213,41.603964],[2.421171,41.603941],[2.42114,41.603929],[2.421034,41.60389],[2.42093,41.603852],[2.420887,41.603834],[2.420846,41.603815],[2.420825,41.603798],[2.420807,41.603778],[2.420789,41.603748],[2.420778,41.603718],[2.420774,41.603681],[2.420777,41.603644],[2.420783,41.603619],[2.420804,41.603559],[2.420846,41.603469],[2.420889,41.603379],[2.420903,41.603359],[2.420934,41.603333],[2.420967,41.603309],[2.420994,41.603288],[2.421021,41.603266],[2.42104,41.603283],[2.421045,41.603284],[2.421065,41.603287],[2.421108,41.603285],[2.421575,41.603151],[2.421553,41.603089],[2.421476,41.602866],[2.421465,41.602834],[2.421157,41.602847],[2.420994,41.602853],[2.420994,41.602881],[2.420889,41.602885],[2.420842,41.602886],[2.420588,41.602894],[2.420587,41.602894],[2.420564,41.602863],[2.420527,41.602782],[2.420498,41.602728],[2.420452,41.602708],[2.420388,41.602695],[2.420284,41.602696],[2.42018,41.602719],[2.420095,41.602754],[2.420034,41.602797],[2.419987,41.602852],[2.419969,41.602902],[2.419971,41.602914],[2.41998,41.602972],[2.420006,41.603017],[2.420053,41.603082],[2.420058,41.603123],[2.420051,41.603157],[2.420016,41.603171],[2.419966,41.603176],[2.419896,41.603175],[2.419768,41.603163],[2.419583,41.60339],[2.419593,41.6034],[2.419442,41.603591],[2.41943,41.603606],[2.419435,41.603629],[2.419465,41.603775],[2.419445,41.603787],[2.419431,41.603803],[2.419423,41.603822],[2.419362,41.603983],[2.419341,41.60404],[2.419323,41.604093],[2.419288,41.604194],[2.419272,41.60424],[2.419268,41.60426],[2.419224,41.604449],[2.419251,41.604683],[2.419252,41.604691],[2.419434,41.605187],[2.419564,41.605581],[2.419844,41.605528],[2.420155,41.605462],[2.420166,41.60547],[2.420185,41.605447],[2.420341,41.605623],[2.42038,41.605613],[2.420427,41.605608],[2.420475,41.605609],[2.420506,41.605617],[2.420568,41.605633],[2.420622,41.605646],[2.420676,41.605656],[2.42078,41.605677],[2.420854,41.605697],[2.420924,41.605722],[2.420967,41.605742],[2.421018,41.605769],[2.421063,41.605798],[2.421043,41.605822],[2.42095,41.605896],[2.420874,41.605973],[2.420803,41.606071],[2.420845,41.606094],[2.420914,41.606132],[2.420959,41.606156],[2.421271,41.60621],[2.421564,41.606182],[2.42158,41.606161],[2.42159,41.60613],[2.42159,41.606122],[2.421589,41.606099],[2.42158,41.606079],[2.421558,41.606048],[2.421532,41.606021],[2.421512,41.606004],[2.421455,41.605963],[2.421431,41.605939],[2.421423,41.60593],[2.421418,41.605916],[2.421521,41.605815]]]]}},{"type":"Feature","id":"080752_080752 AP10 MAR 3","properties":{"area_id":"080752_080752 AP10 MAR 3","nom":"Canyamars","codi_icgc":"080752 AP10 MAR 3","categoria":"Àrees de poblament","codi_municipi":"080752","municipi":"Dosrius","codi_comarca":"21","comarca":"Maresme","provincia":"Barcelona","font":"ICGC Àrees de poblament v3r1 202602"},"geometry":{"type":"MultiPolygon","coordinates":[[[[2.446664,41.602292],[2.4469,41.60208],[2.446944,41.602106],[2.446943,41.602108],[2.446937,41.602139],[2.446912,41.602257],[2.44692,41.602269],[2.446918,41.602282],[2.44692,41.602307],[2.446928,41.602331],[2.446941,41.602354],[2.446958,41.602379],[2.446978,41.602403],[2.447013,41.602432],[2.447028,41.602441],[2.447037,41.602454],[2.447353,41.602593],[2.447581,41.602708],[2.44759,41.602708],[2.448543,41.602718],[2.44916,41.602924],[2.449213,41.602889],[2.449245,41.602875],[2.449259,41.602871],[2.449283,41.60287],[2.449307,41.602876],[2.449436,41.602929],[2.449438,41.60293],[2.449469,41.602911],[2.449645,41.602919],[2.449836,41.602831],[2.449785,41.602746],[2.449756,41.602696],[2.449713,41.602623],[2.449687,41.60258],[2.449753,41.602558],[2.449564,41.60235],[2.449567,41.60235],[2.449608,41.60235],[2.449653,41.602348],[2.449689,41.602343],[2.449709,41.602337],[2.449731,41.602325],[2.449746,41.602315],[2.449758,41.602307],[2.449777,41.602292],[2.449807,41.602258],[2.449823,41.602236],[2.449829,41.602223],[2.449834,41.602213],[2.449851,41.602169],[2.449866,41.602125],[2.449868,41.602122],[2.449882,41.602101],[2.449895,41.602082],[2.449891,41.602022],[2.449879,41.601829],[2.449877,41.601801],[2.449876,41.601801],[2.449854,41.601801],[2.449832,41.601801],[2.449793,41.601794],[2.449754,41.601787],[2.449691,41.601773],[2.449631,41.601753],[2.449513,41.601713],[2.449395,41.601674],[2.449245,41.601628],[2.449095,41.601582],[2.448924,41.601531],[2.448752,41.601479],[2.448701,41.601467],[2.448649,41.601459],[2.448598,41.601454],[2.448547,41.601453],[2.448514,41.601456],[2.44847,41.601463],[2.448425,41.601474],[2.448381,41.601486],[2.44837,41.601487],[2.448361,41.601488],[2.448344,41.601487],[2.448333,41.601482],[2.448325,41.601477],[2.448315,41.601469],[2.448308,41.601461],[2.448297,41.601441],[2.448286,41.601418],[2.448276,41.601395],[2.448269,41.601372],[2.448266,41.60135],[2.448266,41.601331],[2.448272,41.601312],[2.448278,41.601301],[2.448289,41.601283],[2.44847,41.601101],[2.448535,41.601036],[2.448554,41.601009],[2.448574,41.60098],[2.448549,41.600966],[2.448525,41.600953],[2.448552,41.600925],[2.448427,41.60088],[2.448294,41.600825],[2.448155,41.600751],[2.448089,41.600715],[2.448066,41.600735],[2.44805,41.600732],[2.447951,41.600714],[2.447889,41.600732],[2.447881,41.600725],[2.447822,41.600667],[2.447686,41.600576],[2.447642,41.600572],[2.447617,41.600581],[2.447586,41.600558],[2.447397,41.600414],[2.447347,41.600524],[2.447282,41.600672],[2.447069,41.600731],[2.446983,41.600818],[2.446805,41.600758],[2.44679,41.600753],[2.446777,41.600748],[2.446756,41.60074],[2.446752,41.600737],[2.446725,41.600725],[2.446707,41.600713],[2.446691,41.600699],[2.44668,41.600685],[2.446672,41.60067],[2.446661,41.600631],[2.446654,41.600591],[2.446643,41.600442],[2.446638,41.600385],[2.446525,41.600382],[2.446516,41.600382],[2.446304,41.600401],[2.446083,41.600421],[2.446039,41.600429],[2.445998,41.600444],[2.445972,41.600456],[2.445931,41.600479],[2.445892,41.600501],[2.445868,41.600514],[2.445845,41.600527],[2.445835,41.600536],[2.445825,41.600549],[2.445816,41.600563],[2.445798,41.600596],[2.44577,41.600646],[2.445741,41.600697],[2.445721,41.600735],[2.445702,41.600774],[2.445685,41.600814],[2.445671,41.600857],[2.445662,41.600893],[2.445657,41.60091],[2.445644,41.600963],[2.44563,41.601002],[2.44561,41.60104],[2.445582,41.60108],[2.445548,41.601117],[2.445503,41.601158],[2.445457,41.601197],[2.445396,41.601249],[2.445346,41.601289],[2.445334,41.601299],[2.445281,41.601339],[2.445227,41.601377],[2.445174,41.601411],[2.445169,41.601414],[2.445799,41.602153],[2.446128,41.602051],[2.446158,41.602064],[2.446159,41.602064],[2.446198,41.602067],[2.446234,41.602073],[2.446271,41.602082],[2.446319,41.602099],[2.446365,41.602123],[2.446401,41.60215],[2.446428,41.602178],[2.446437,41.602191],[2.446443,41.6022],[2.446444,41.602201],[2.446446,41.60222],[2.44645,41.602237],[2.446454,41.602247],[2.446459,41.602257],[2.446471,41.602269],[2.446477,41.602274],[2.446497,41.602288],[2.446504,41.602293],[2.446517,41.602299],[2.446527,41.602304],[2.446559,41.602311],[2.44658,41.602314],[2.446629,41.602311],[2.446643,41.602303],[2.446648,41.602306],[2.446664,41.602292]]]]}},{"type":"Feature","id":"080752_080752 AP01 MAR 3","properties":{"area_id":"080752_080752 AP01 MAR 3","nom":"Dosrius","codi_icgc":"080752 AP01 MAR 3","categoria":"Àrees de poblament","codi_municipi":"080752","municipi":"Dosrius","codi_comarca":"21","comarca":"Maresme","provincia":"Barcelona","font":"ICGC Àrees de poblament v3r1 202602"},"geometry":{"type":"MultiPolygon","coordinates":[[[[2.405268,41.598866],[2.405281,41.598831],[2.405292,41.598781],[2.405294,41.598731],[2.40529,41.598688],[2.405278,41.598625],[2.405269,41.598593],[2.405261,41.598571],[2.405242,41.598527],[2.405206,41.598445],[2.405146,41.59833],[2.405111,41.598274],[2.405076,41.598218],[2.405057,41.598185],[2.405042,41.598152],[2.40502,41.598077],[2.404998,41.598],[2.404986,41.597963],[2.404986,41.597962],[2.404986,41.597953],[2.404991,41.597941],[2.404997,41.597926],[2.405001,41.597916],[2.404913,41.597825],[2.404859,41.597822],[2.404776,41.597819],[2.404721,41.597844],[2.404666,41.597818],[2.404523,41.597807],[2.404488,41.597233],[2.40459,41.597241],[2.404659,41.597246],[2.404729,41.597249],[2.404762,41.597248],[2.404812,41.597244],[2.404861,41.597234],[2.404937,41.59721],[2.40501,41.597184],[2.405119,41.597138],[2.405174,41.597115],[2.405231,41.597094],[2.405336,41.597064],[2.405442,41.597037],[2.405528,41.597016],[2.405615,41.596997],[2.405686,41.596983],[2.405757,41.596971],[2.405795,41.596968],[2.405935,41.596862],[2.405932,41.596858],[2.405918,41.596821],[2.405916,41.596814],[2.40591,41.596783],[2.405902,41.596712],[2.4059,41.596641],[2.405902,41.596613],[2.405909,41.596591],[2.405908,41.596588],[2.40591,41.596586],[2.40591,41.596586],[2.405932,41.596551],[2.405955,41.596526],[2.405953,41.596525],[2.405978,41.596497],[2.405984,41.5965],[2.406055,41.596449],[2.406125,41.596399],[2.40618,41.596358],[2.406222,41.596327],[2.406235,41.596317],[2.406246,41.59631],[2.406284,41.596289],[2.406321,41.596268],[2.406338,41.596261],[2.406366,41.596255],[2.406396,41.596252],[2.406438,41.596254],[2.406479,41.59626],[2.406515,41.596268],[2.40655,41.596279],[2.40659,41.596295],[2.406592,41.596299],[2.406638,41.596327],[2.406647,41.596332],[2.406705,41.596384],[2.406712,41.59639],[2.406767,41.596442],[2.406794,41.596474],[2.406821,41.596505],[2.406867,41.596567],[2.406936,41.596669],[2.407014,41.596773],[2.407091,41.59687],[2.40715,41.596944],[2.407216,41.597026],[2.407233,41.597047],[2.407262,41.597081],[2.407311,41.597134],[2.407349,41.597171],[2.407374,41.597194],[2.40742,41.597234],[2.407456,41.597264],[2.407459,41.59726],[2.40746,41.597258],[2.407589,41.59735],[2.408144,41.597021],[2.408136,41.597007],[2.408125,41.59699],[2.408019,41.596814],[2.407906,41.596624],[2.407795,41.596434],[2.407744,41.596342],[2.407674,41.596201],[2.407612,41.596057],[2.407579,41.595972],[2.407535,41.595842],[2.407501,41.595711],[2.407474,41.595575],[2.407448,41.595438],[2.407422,41.595313],[2.407394,41.595189],[2.40739,41.595154],[2.407394,41.595121],[2.407399,41.595111],[2.407413,41.595096],[2.40742,41.595092],[2.407427,41.59509],[2.407455,41.595088],[2.407487,41.59509],[2.407607,41.595105],[2.407727,41.595121],[2.407751,41.595124],[2.407768,41.595126],[2.407776,41.595126],[2.407789,41.595126],[2.407818,41.595126],[2.407883,41.595117],[2.407904,41.595113],[2.407965,41.595099],[2.407996,41.595092],[2.408002,41.595091],[2.408026,41.59509],[2.408044,41.59509],[2.40845,41.595076],[2.408497,41.595096],[2.408499,41.595097],[2.40851,41.595149],[2.408513,41.595149],[2.408525,41.595149],[2.408525,41.595158],[2.408525,41.595177],[2.408525,41.595187],[2.408537,41.595225],[2.408537,41.595263],[2.408537,41.595273],[2.408537,41.595301],[2.408549,41.595359],[2.408548,41.595425],[2.408573,41.595492],[2.408598,41.595578],[2.408609,41.595615],[2.40861,41.595616],[2.40861,41.595617],[2.408611,41.595623],[2.408614,41.595635],[2.408624,41.595682],[2.408682,41.595958],[2.408714,41.596116],[2.408718,41.596124],[2.408716,41.596125],[2.408739,41.596235],[2.408792,41.596505],[2.408842,41.596774],[2.40888,41.596986],[2.408903,41.597106],[2.408925,41.597198],[2.408965,41.597328],[2.409011,41.597628],[2.409062,41.597729],[2.409152,41.597786],[2.409233,41.597801],[2.409395,41.597812],[2.409547,41.597803],[2.409719,41.59775],[2.409884,41.597897],[2.409918,41.597929],[2.410017,41.598035],[2.410059,41.59808],[2.409395,41.598376],[2.409368,41.598418],[2.409443,41.598548],[2.409573,41.598738],[2.409804,41.598805],[2.41005,41.598851],[2.410199,41.598868],[2.410361,41.59886],[2.410482,41.598826],[2.410731,41.598699],[2.410772,41.598738],[2.410881,41.598835],[2.41098,41.598861],[2.411156,41.598897],[2.411313,41.598902],[2.411542,41.598874],[2.411838,41.598837],[2.412272,41.598707],[2.412373,41.598618],[2.412418,41.598386],[2.412325,41.598199],[2.412226,41.598006],[2.412147,41.597862],[2.412105,41.597766],[2.412012,41.597447],[2.411961,41.597357],[2.411839,41.597149],[2.411552,41.596701],[2.411395,41.596704],[2.410524,41.597168],[2.410395,41.59726],[2.410357,41.597267],[2.410262,41.597263],[2.410144,41.597215],[2.410139,41.597158],[2.410132,41.597079],[2.41013,41.597051],[2.410118,41.596934],[2.41011,41.59686],[2.410209,41.596858],[2.410268,41.596851],[2.410319,41.596837],[2.410367,41.596816],[2.410409,41.596792],[2.410447,41.596761],[2.410478,41.596726],[2.410511,41.59668],[2.410523,41.596637],[2.410526,41.596617],[2.410605,41.596483],[2.410259,41.596216],[2.410195,41.596167],[2.410165,41.596144],[2.410046,41.596052],[2.410044,41.596017],[2.41,41.595972],[2.409995,41.595872],[2.409989,41.595735],[2.409985,41.595652],[2.409991,41.59564],[2.41,41.595628],[2.41001,41.59562],[2.410024,41.595616],[2.410172,41.595607],[2.41038,41.595595],[2.410489,41.595588],[2.410555,41.595583],[2.410598,41.59558],[2.410628,41.595576],[2.410657,41.595571],[2.410692,41.595565],[2.410712,41.595558],[2.410733,41.595546],[2.410751,41.595518],[2.410762,41.595493],[2.410798,41.595402],[2.410834,41.595312],[2.410834,41.595311],[2.410842,41.595294],[2.410849,41.595278],[2.410861,41.595259],[2.410888,41.595231],[2.41091,41.59521],[2.410942,41.595206],[2.41096,41.595163],[2.411033,41.594985],[2.411044,41.594934],[2.411066,41.59482],[2.411092,41.59469],[2.411117,41.59456],[2.411137,41.594485],[2.411167,41.594412],[2.411199,41.594355],[2.411235,41.594298],[2.411295,41.594208],[2.411358,41.594119],[2.411416,41.594038],[2.411477,41.593959],[2.411532,41.593894],[2.411542,41.593884],[2.411566,41.593738],[2.411516,41.593242],[2.411482,41.592848],[2.411203,41.592854],[2.410313,41.592887],[2.409843,41.592908],[2.409751,41.592912],[2.409749,41.592912],[2.409533,41.592922],[2.409493,41.592915],[2.409467,41.5929],[2.409462,41.592877],[2.409461,41.592849],[2.409442,41.592828],[2.409397,41.592814],[2.40931,41.592793],[2.409243,41.59277],[2.409204,41.592746],[2.409094,41.5927],[2.409066,41.59265],[2.408964,41.592567],[2.408143,41.592588],[2.408047,41.59263],[2.407995,41.592654],[2.408027,41.592882],[2.408035,41.592919],[2.408106,41.59312],[2.408111,41.593254],[2.408112,41.593303],[2.408113,41.593322],[2.408115,41.593389],[2.408123,41.593489],[2.408158,41.59392],[2.408158,41.593923],[2.408153,41.593923],[2.40812,41.59395],[2.408067,41.59395],[2.408059,41.59395],[2.408027,41.59395],[2.407999,41.59395],[2.407996,41.59395],[2.407975,41.593951],[2.407969,41.593949],[2.407873,41.593941],[2.407888,41.593929],[2.407895,41.593914],[2.407895,41.593901],[2.407894,41.593887],[2.407894,41.59386],[2.40789,41.593841],[2.407879,41.593812],[2.407867,41.593783],[2.40785,41.59372],[2.407832,41.593625],[2.407821,41.593577],[2.407806,41.593529],[2.407802,41.593523],[2.407795,41.593519],[2.407755,41.593513],[2.407725,41.593514],[2.407679,41.593519],[2.407634,41.593528],[2.407563,41.593544],[2.407492,41.59356],[2.407442,41.593574],[2.407393,41.593587],[2.407375,41.59359],[2.407342,41.593587],[2.407318,41.593581],[2.407281,41.593567],[2.407245,41.593549],[2.407206,41.593528],[2.407158,41.593494],[2.407116,41.593454],[2.407099,41.593435],[2.407079,41.593404],[2.407062,41.593372],[2.407051,41.593347],[2.407049,41.593335],[2.407051,41.593323],[2.407109,41.5932],[2.407157,41.593104],[2.407161,41.593102],[2.407159,41.593099],[2.407181,41.593054],[2.407182,41.593038],[2.407164,41.592968],[2.407147,41.592899],[2.407031,41.592674],[2.406734,41.592656],[2.406466,41.592747],[2.406227,41.592847],[2.406187,41.592863],[2.406101,41.592889],[2.406062,41.592908],[2.406048,41.592881],[2.405843,41.592951],[2.405588,41.593048],[2.405579,41.593099],[2.40562,41.59314],[2.405651,41.593214],[2.40574,41.593522],[2.405764,41.593694],[2.405721,41.593877],[2.405649,41.594132],[2.40561,41.594227],[2.405342,41.594289],[2.404917,41.59441],[2.404917,41.59441],[2.404802,41.594446],[2.404774,41.594455],[2.404678,41.594487],[2.404629,41.594506],[2.404536,41.594541],[2.404395,41.594596],[2.404275,41.594644],[2.404257,41.594651],[2.404121,41.594708],[2.4041,41.594719],[2.404049,41.594744],[2.404007,41.594768],[2.403856,41.594841],[2.403847,41.594846],[2.403705,41.594914],[2.403655,41.594936],[2.403648,41.59494],[2.403559,41.594976],[2.40347,41.595012],[2.403327,41.595071],[2.403183,41.59513],[2.403134,41.595152],[2.402905,41.595254],[2.402826,41.595289],[2.402712,41.595345],[2.402543,41.595457],[2.402507,41.595481],[2.40246,41.595439],[2.402411,41.595463],[2.402355,41.595503],[2.402056,41.595699],[2.401761,41.595885],[2.401751,41.595893],[2.401748,41.595895],[2.401686,41.595943],[2.401805,41.596054],[2.401297,41.596466],[2.401694,41.596805],[2.401875,41.596998],[2.401861,41.597105],[2.401897,41.597223],[2.402207,41.597676],[2.401946,41.597803],[2.401864,41.597911],[2.401842,41.597993],[2.401424,41.598098],[2.401596,41.598445],[2.401605,41.598464],[2.401647,41.598508],[2.40164,41.598511],[2.401398,41.598594],[2.401456,41.598621],[2.401514,41.598648],[2.401553,41.598667],[2.401605,41.598694],[2.401647,41.598716],[2.401657,41.598722],[2.401837,41.59886],[2.401872,41.598851],[2.401908,41.598841],[2.40195,41.598831],[2.401978,41.598861],[2.402002,41.59889],[2.40195,41.598905],[2.40199,41.598928],[2.402055,41.598953],[2.402088,41.598966],[2.402171,41.599032],[2.402277,41.599197],[2.402371,41.59931],[2.402473,41.599397],[2.402522,41.59944],[2.402522,41.59944],[2.402553,41.599422],[2.402602,41.599397],[2.402664,41.599382],[2.402683,41.599378],[2.402697,41.599369],[2.403049,41.599297],[2.403161,41.59927],[2.403335,41.599229],[2.403506,41.59919],[2.403592,41.599173],[2.403677,41.599161],[2.403756,41.599154],[2.403759,41.599153],[2.403763,41.599153],[2.403804,41.59915],[2.403932,41.599143],[2.404212,41.599131],[2.404492,41.59912],[2.404648,41.59911],[2.404803,41.599096],[2.40486,41.599089],[2.404944,41.599074],[2.405027,41.599053],[2.405072,41.599037],[2.40513,41.599006],[2.405184,41.598968],[2.40521,41.598945],[2.405242,41.598908],[2.405248,41.598898],[2.405268,41.598866]]]]}},{"type":"Feature","id":"080752_080752 AP04 MAR 2","properties":{"area_id":"080752_080752 AP04 MAR 2","nom":"Pedró","codi_icgc":"080752 AP04 MAR 2","categoria":"Àrees de poblament","codi_municipi":"080752","municipi":"Dosrius","codi_comarca":"21","comarca":"Maresme","provincia":"Barcelona","font":"ICGC Àrees de poblament v3r1 202602"},"geometry":{"type":"MultiPolygon","coordinates":[[[[2.457672,41.606566],[2.457356,41.606355],[2.457152,41.60644],[2.456834,41.606514],[2.456606,41.606513],[2.456298,41.606864],[2.456651,41.607114],[2.456994,41.607116],[2.457247,41.607288],[2.457746,41.606833],[2.457785,41.606738],[2.457633,41.606623],[2.457672,41.606566]]],[[[2.460837,41.60782],[2.461004,41.607525],[2.460599,41.607361],[2.460537,41.607161],[2.460259,41.607102],[2.460182,41.607092],[2.459927,41.607206],[2.459722,41.60751],[2.459987,41.607673],[2.46028,41.60756],[2.460837,41.60782]]]]}},{"type":"Feature","id":"080752_080752 SI04 MAR 2","properties":{"area_id":"080752_080752 SI04 MAR 2","nom":"Polígon Iindustrial Els Alocs","codi_icgc":"080752 SI04 MAR 2","categoria":"Sector industrial","codi_municipi":"080752","municipi":"Dosrius","codi_comarca":"21","comarca":"Maresme","provincia":"Barcelona","font":"ICGC Àrees de poblament v3r1 202602"},"geometry":{"type":"MultiPolygon","coordinates":[[[[2.394175,41.585317],[2.39452,41.585164],[2.394533,41.585159],[2.394532,41.585159],[2.394534,41.585158],[2.394454,41.585038],[2.394273,41.584703],[2.394204,41.58457],[2.394144,41.58428],[2.394112,41.5841],[2.394102,41.584042],[2.394058,41.583937],[2.394058,41.583889],[2.39405,41.583867],[2.394046,41.58359],[2.394063,41.583358],[2.39409,41.58301],[2.394127,41.58275],[2.3942,41.582482],[2.394288,41.582202],[2.394283,41.582154],[2.394228,41.582169],[2.394126,41.582121],[2.394024,41.582073],[2.394002,41.582089],[2.393927,41.582139],[2.393798,41.582219],[2.393734,41.582259],[2.39347,41.582423],[2.393339,41.582543],[2.393194,41.582703],[2.393071,41.582937],[2.393044,41.58302],[2.393027,41.583105],[2.393025,41.583121],[2.393023,41.583137],[2.393025,41.583208],[2.393028,41.58328],[2.393033,41.583358],[2.393033,41.583358],[2.393035,41.583397],[2.393038,41.583514],[2.393023,41.583682],[2.393022,41.583699],[2.393013,41.583882],[2.393054,41.584023],[2.393124,41.584172],[2.393634,41.584853],[2.393948,41.585303],[2.394036,41.585264],[2.394139,41.585323],[2.394146,41.585326],[2.394175,41.585317]]]]}},{"type":"Feature","id":"080752_080752 SI01 MAR 2","properties":{"area_id":"080752_080752 SI01 MAR 2","nom":"Polígon industrial Els Joncs","codi_icgc":"080752 SI01 MAR 2","categoria":"Sector industrial","codi_municipi":"080752","municipi":"Dosrius","codi_comarca":"21","comarca":"Maresme","provincia":"Barcelona","font":"ICGC Àrees de poblament v3r1 202602"},"geometry":{"type":"MultiPolygon","coordinates":[[[[2.402548,41.59262],[2.402511,41.592593],[2.402302,41.592436],[2.402235,41.592394],[2.402141,41.592334],[2.40205,41.592273],[2.401997,41.592235],[2.40197,41.592216],[2.401891,41.59216],[2.401797,41.592094],[2.401701,41.59203],[2.401584,41.591955],[2.401467,41.591879],[2.401407,41.59184],[2.401346,41.5918],[2.401274,41.59175],[2.401202,41.591699],[2.401166,41.591676],[2.401108,41.591647],[2.401048,41.591621],[2.400952,41.591583],[2.400902,41.591564],[2.400857,41.591546],[2.400727,41.591493],[2.400597,41.59144],[2.400468,41.59139],[2.40034,41.591338],[2.400223,41.591287],[2.400106,41.591235],[2.399964,41.591173],[2.39992,41.591154],[2.399918,41.591148],[2.399776,41.591111],[2.39962,41.59107],[2.399527,41.591048],[2.399485,41.591038],[2.399404,41.59103],[2.399316,41.591051],[2.399293,41.591062],[2.399272,41.591093],[2.39925,41.591125],[2.399219,41.591175],[2.399299,41.591228],[2.399316,41.591239],[2.399447,41.591335],[2.399485,41.591364],[2.399505,41.591376],[2.399524,41.591392],[2.399795,41.591628],[2.3999,41.59172],[2.399951,41.591788],[2.400047,41.591869],[2.400178,41.591978],[2.400435,41.592234],[2.400468,41.59226],[2.400673,41.592425],[2.400749,41.592486],[2.400758,41.59249],[2.40082,41.592513],[2.400881,41.592537],[2.400946,41.592562],[2.400979,41.592573],[2.401013,41.592582],[2.401349,41.592657],[2.401684,41.592733],[2.402458,41.592874],[2.402483,41.592872],[2.402506,41.592864],[2.402612,41.592804],[2.402615,41.592802],[2.402604,41.592749],[2.402548,41.59262]]]]}},{"type":"Feature","id":"080752_080752 SI03 MAR 2","properties":{"area_id":"080752_080752 SI03 MAR 2","nom":"Polígon industrial La Surera","codi_icgc":"080752 SI03 MAR 2","categoria":"Sector industrial","codi_municipi":"080752","municipi":"Dosrius","codi_comarca":"21","comarca":"Maresme","provincia":"Barcelona","font":"ICGC Àrees de poblament v3r1 202602"},"geometry":{"type":"MultiPolygon","coordinates":[[[[2.394711,41.581373],[2.39472,41.581425],[2.394723,41.581637],[2.394711,41.581657],[2.394713,41.581658],[2.394745,41.58168],[2.394979,41.58184],[2.395089,41.581766],[2.395191,41.581705],[2.395204,41.581662],[2.395454,41.581419],[2.39551,41.581364],[2.395593,41.581242],[2.395639,41.581175],[2.395641,41.581132],[2.395642,41.581097],[2.395636,41.581056],[2.395634,41.581034],[2.395636,41.581012],[2.395649,41.580965],[2.395668,41.580919],[2.395685,41.580864],[2.395724,41.58082],[2.39575,41.580785],[2.395755,41.580766],[2.395757,41.580758],[2.395765,41.580664],[2.395766,41.580659],[2.395764,41.5806],[2.395775,41.58057],[2.395784,41.58054],[2.39579,41.58049],[2.39581,41.580323],[2.395815,41.580278],[2.395847,41.580066],[2.395842,41.579877],[2.395842,41.579876],[2.395766,41.579164],[2.395739,41.57887],[2.395736,41.578842],[2.395727,41.57872],[2.395727,41.578718],[2.395722,41.578662],[2.395715,41.578644],[2.395759,41.578617],[2.395776,41.578577],[2.395793,41.578536],[2.3958,41.578507],[2.395799,41.578476],[2.395785,41.578415],[2.39577,41.57836],[2.39575,41.578305],[2.39573,41.57827],[2.395698,41.578226],[2.39566,41.578186],[2.395635,41.578163],[2.395636,41.578159],[2.395632,41.57816],[2.395444,41.578203],[2.395431,41.578298],[2.395417,41.578412],[2.395409,41.578468],[2.395398,41.578525],[2.395393,41.578556],[2.395386,41.578617],[2.395363,41.578678],[2.395304,41.578678],[2.395287,41.578674],[2.395172,41.579467],[2.394998,41.57946],[2.394992,41.57946],[2.394956,41.579887],[2.394865,41.580185],[2.394706,41.580561],[2.394604,41.580842],[2.394697,41.581308],[2.394711,41.581373]]]]}},{"type":"Feature","id":"080752_080752 SI02 MAR 2","properties":{"area_id":"080752_080752 SI02 MAR 2","nom":"Polígon industrial de Can Ribot","codi_icgc":"080752 SI02 MAR 2","categoria":"Sector industrial","codi_municipi":"080752","municipi":"Dosrius","codi_comarca":"21","comarca":"Maresme","provincia":"Barcelona","font":"ICGC Àrees de poblament v3r1 202602"},"geometry":{"type":"MultiPolygon","coordinates":[[[[2.401532,41.59437],[2.401537,41.594369],[2.401535,41.594379],[2.401563,41.594368],[2.401581,41.594361],[2.401582,41.594361],[2.401671,41.594347],[2.401828,41.594307],[2.401861,41.594292],[2.401888,41.594273],[2.401923,41.594242],[2.401959,41.594213],[2.402031,41.594167],[2.402104,41.594121],[2.402146,41.594092],[2.402188,41.594063],[2.402244,41.594028],[2.402303,41.593995],[2.402349,41.593972],[2.402372,41.593963],[2.402397,41.593957],[2.402444,41.593948],[2.402492,41.593938],[2.402539,41.59393],[2.402584,41.593921],[2.402629,41.593915],[2.402675,41.593911],[2.402707,41.593905],[2.402693,41.593891],[2.40268,41.593878],[2.402634,41.593831],[2.402558,41.593677],[2.40248,41.593482],[2.402441,41.593386],[2.402417,41.593288],[2.402416,41.593231],[2.402415,41.593203],[2.402413,41.593049],[2.402413,41.593019],[2.402401,41.593007],[2.402382,41.592992],[2.402199,41.59295],[2.401105,41.592701],[2.400601,41.592558],[2.40037,41.592406],[2.400333,41.592397],[2.400295,41.592394],[2.400257,41.592396],[2.400233,41.592401],[2.400129,41.592359],[2.400186,41.592309],[2.400195,41.592287],[2.400195,41.592265],[2.400188,41.592243],[2.400181,41.592231],[2.400171,41.59222],[2.39991,41.59193],[2.399534,41.591546],[2.399267,41.591346],[2.399195,41.591293],[2.399189,41.591296],[2.399044,41.591382],[2.398924,41.591461],[2.398771,41.591532],[2.398583,41.591622],[2.398399,41.591693],[2.398329,41.591719],[2.398283,41.591737],[2.398127,41.591788],[2.398047,41.59182],[2.397946,41.591859],[2.397698,41.592029],[2.397673,41.592048],[2.397579,41.592117],[2.397417,41.592238],[2.397252,41.59237],[2.397128,41.592475],[2.397126,41.592477],[2.397126,41.592477],[2.397146,41.592832],[2.397143,41.593123],[2.397927,41.593495],[2.397974,41.593459],[2.397972,41.593457],[2.397968,41.593455],[2.398078,41.593355],[2.398188,41.593255],[2.398267,41.593183],[2.398346,41.593111],[2.398366,41.593099],[2.39839,41.593093],[2.398425,41.593094],[2.398444,41.593099],[2.398453,41.593102],[2.398462,41.593105],[2.398541,41.593126],[2.398584,41.593145],[2.398612,41.593158],[2.39865,41.593181],[2.398686,41.593208],[2.398719,41.593236],[2.398751,41.593265],[2.398775,41.593289],[2.398788,41.593303],[2.398796,41.593314],[2.398811,41.593336],[2.398839,41.593386],[2.398903,41.593514],[2.39896,41.593639],[2.398999,41.593721],[2.399041,41.593804],[2.399063,41.59384],[2.399081,41.59387],[2.399131,41.593934],[2.399156,41.593958],[2.399197,41.593991],[2.399244,41.59402],[2.399306,41.594051],[2.399374,41.594076],[2.399487,41.594107],[2.399602,41.594132],[2.399604,41.594132],[2.399703,41.594147],[2.399803,41.594163],[2.399883,41.594179],[2.399962,41.594199],[2.400058,41.594226],[2.400155,41.594252],[2.400229,41.594266],[2.400304,41.594274],[2.400401,41.594285],[2.400498,41.594296],[2.400559,41.594305],[2.40062,41.594316],[2.400705,41.594331],[2.400707,41.594331],[2.400714,41.594342],[2.400749,41.594349],[2.400741,41.594337],[2.40079,41.594346],[2.400866,41.59436],[2.400889,41.594364],[2.40098,41.59438],[2.401095,41.594401],[2.40115,41.594407],[2.401193,41.594407],[2.401255,41.594403],[2.401315,41.594397],[2.401382,41.59439],[2.401482,41.594378],[2.401532,41.59437]]]]}},{"type":"Feature","id":"080752_080752 AP11 MAR 2","properties":{"area_id":"080752_080752 AP11 MAR 2","nom":"Sant Carles","codi_icgc":"080752 AP11 MAR 2","categoria":"Àrees de poblament","codi_municipi":"080752","municipi":"Dosrius","codi_comarca":"21","comarca":"Maresme","provincia":"Barcelona","font":"ICGC Àrees de poblament v3r1 202602"},"geometry":{"type":"MultiPolygon","coordinates":[[[[2.377735,41.594917],[2.37793,41.594894],[2.377935,41.594929],[2.378171,41.594913],[2.378176,41.594912],[2.378176,41.594912],[2.378185,41.594868],[2.378189,41.59485],[2.378215,41.594728],[2.37826,41.594595],[2.378245,41.594523],[2.378253,41.594519],[2.378204,41.594314],[2.37807,41.594317],[2.378024,41.594088],[2.377951,41.594084],[2.377702,41.594036],[2.377631,41.594075],[2.377593,41.594126],[2.377568,41.594267],[2.377517,41.594154],[2.377494,41.594075],[2.377482,41.594034],[2.377473,41.594003],[2.375143,41.595104],[2.375143,41.595121],[2.377367,41.594968],[2.377412,41.594965],[2.377739,41.594943],[2.377735,41.594917]]]]}},{"type":"Feature","id":"080752_080752 AP06 MAR 2","properties":{"area_id":"080752_080752 AP06 MAR 2","nom":"el Far","codi_icgc":"080752 AP06 MAR 2","categoria":"Àrees de poblament","codi_municipi":"080752","municipi":"Dosrius","codi_comarca":"21","comarca":"Maresme","provincia":"Barcelona","font":"ICGC Àrees de poblament v3r1 202602"},"geometry":{"type":"MultiPolygon","coordinates":[[[[2.435342,41.624218],[2.435458,41.62413],[2.435442,41.624125],[2.435562,41.624026],[2.43574,41.623951],[2.43597,41.623876],[2.435974,41.623847],[2.435996,41.62384],[2.435997,41.62384],[2.435965,41.623777],[2.435862,41.623605],[2.435621,41.623661],[2.435477,41.623693],[2.435357,41.623639],[2.435332,41.623628],[2.435204,41.623408],[2.435173,41.623385],[2.434556,41.62347],[2.434521,41.623525],[2.434509,41.623617],[2.434531,41.623628],[2.434577,41.623652],[2.434606,41.623668],[2.434607,41.623668],[2.434615,41.623685],[2.434665,41.623714],[2.434698,41.62373],[2.434838,41.623796],[2.43479,41.623876],[2.43474,41.623918],[2.434858,41.624106],[2.434866,41.624116],[2.434884,41.624117],[2.434988,41.62412],[2.435005,41.624171],[2.435012,41.62419],[2.43504,41.624183],[2.435138,41.624157],[2.435145,41.624179],[2.435155,41.624202],[2.435168,41.624221],[2.435178,41.624231],[2.435186,41.624239],[2.435206,41.624253],[2.435229,41.624262],[2.435241,41.624263],[2.435252,41.624262],[2.435271,41.624259],[2.435288,41.624253],[2.435315,41.624236],[2.435342,41.624218]]]]}},{"type":"Feature","id":"080752_080752 AP13 MAR 4","properties":{"area_id":"080752_080752 AP13 MAR 4","nom":"la Creu","codi_icgc":"080752 AP13 MAR 4","categoria":"Àrees de poblament","codi_municipi":"080752","municipi":"Dosrius","codi_comarca":"21","comarca":"Maresme","provincia":"Barcelona","font":"ICGC Àrees de poblament v3r1 202602"},"geometry":{"type":"MultiPolygon","coordinates":[[[[2.409913,41.587142],[2.409917,41.58701],[2.409988,41.58683],[2.410023,41.58674],[2.410035,41.586692],[2.410122,41.58654],[2.410185,41.586431],[2.410194,41.58641],[2.410205,41.586387],[2.410095,41.586329],[2.410002,41.586286],[2.409966,41.586262],[2.409939,41.586229],[2.409918,41.58618],[2.409916,41.586145],[2.409911,41.586062],[2.409831,41.58596],[2.409911,41.585865],[2.409892,41.585849],[2.409851,41.585827],[2.409699,41.585802],[2.409612,41.585786],[2.409552,41.585775],[2.409493,41.585763],[2.409471,41.585794],[2.409444,41.585832],[2.409258,41.586115],[2.40906,41.586273],[2.40888,41.586305],[2.408796,41.586251],[2.408781,41.586254],[2.408726,41.586265],[2.408659,41.586279],[2.408606,41.586314],[2.40852,41.586328],[2.408495,41.586299],[2.408431,41.586327],[2.408127,41.586231],[2.408037,41.586196],[2.407988,41.586177],[2.407988,41.586176],[2.407984,41.586182],[2.40794,41.586187],[2.40789,41.586219],[2.407889,41.586258],[2.407882,41.586286],[2.407834,41.586334],[2.407836,41.586356],[2.407838,41.586372],[2.407874,41.586401],[2.407897,41.586413],[2.407921,41.586407],[2.40795,41.586396],[2.407954,41.586386],[2.408402,41.586474],[2.408332,41.586544],[2.408331,41.586565],[2.408341,41.586576],[2.408362,41.586598],[2.408453,41.586634],[2.408506,41.58664],[2.40855,41.586641],[2.408594,41.586608],[2.408644,41.586537],[2.408684,41.586549],[2.408763,41.586565],[2.408874,41.586587],[2.408919,41.586598],[2.408963,41.586614],[2.409049,41.586651],[2.409106,41.586679],[2.40916,41.586711],[2.409193,41.586734],[2.409227,41.586766],[2.409258,41.5868],[2.409286,41.586833],[2.409314,41.586865],[2.409372,41.586927],[2.409382,41.586937],[2.4092,41.587016],[2.409187,41.586992],[2.409171,41.58697],[2.409131,41.58693],[2.409093,41.586902],[2.409065,41.586888],[2.409049,41.58688],[2.409016,41.586869],[2.408985,41.586863],[2.408955,41.586858],[2.408894,41.586856],[2.408812,41.586859],[2.40873,41.586866],[2.408674,41.586875],[2.408626,41.586887],[2.408581,41.586905],[2.408552,41.58692],[2.408538,41.586931],[2.408528,41.586944],[2.408514,41.586969],[2.408509,41.586974],[2.408313,41.586891],[2.408175,41.586869],[2.408173,41.586876],[2.408167,41.586895],[2.408132,41.587],[2.408132,41.587003],[2.408129,41.587023],[2.40811,41.587192],[2.408116,41.587217],[2.408121,41.587238],[2.408185,41.587251],[2.408259,41.587265],[2.408404,41.587293],[2.408435,41.587303],[2.408461,41.587319],[2.408468,41.587326],[2.408517,41.587327],[2.408523,41.587321],[2.408543,41.587299],[2.40855,41.587295],[2.408559,41.587294],[2.408574,41.587296],[2.408589,41.587304],[2.408595,41.587312],[2.408595,41.587321],[2.408592,41.587345],[2.408594,41.587384],[2.408599,41.587454],[2.408662,41.587539],[2.408771,41.587648],[2.408782,41.587658],[2.408806,41.587649],[2.408978,41.587586],[2.409038,41.587641],[2.409092,41.587677],[2.409155,41.587727],[2.409199,41.587718],[2.409273,41.587654],[2.409454,41.587733],[2.409527,41.587637],[2.40954,41.587644],[2.409646,41.587737],[2.409724,41.587739],[2.409816,41.587742],[2.409886,41.587743],[2.409936,41.58774],[2.409984,41.587723],[2.41001,41.587701],[2.410013,41.587665],[2.41,41.58761],[2.409965,41.587514],[2.409952,41.587424],[2.409948,41.587388],[2.410022,41.587353],[2.409913,41.587142]]]]}},{"type":"Feature","id":"080752_080752 AP12 MAR 2","properties":{"area_id":"080752_080752 AP12 MAR 2","nom":"les Costes d'en Guinard","codi_icgc":"080752 AP12 MAR 2","categoria":"Àrees de poblament","codi_municipi":"080752","municipi":"Dosrius","codi_comarca":"21","comarca":"Maresme","provincia":"Barcelona","font":"ICGC Àrees de poblament v3r1 202602"},"geometry":{"type":"MultiPolygon","coordinates":[[[[2.429038,41.610834],[2.429033,41.610806],[2.429021,41.610769],[2.42903,41.610768],[2.428991,41.610639],[2.428896,41.61044],[2.428684,41.610312],[2.428509,41.610272],[2.428408,41.610249],[2.428165,41.610109],[2.427601,41.609726],[2.427326,41.609349],[2.427112,41.609103],[2.427091,41.609085],[2.427089,41.609086],[2.427054,41.6091],[2.426739,41.609226],[2.427401,41.609878],[2.427431,41.610045],[2.427397,41.610297],[2.427406,41.610586],[2.42764,41.611004],[2.428467,41.610817],[2.428795,41.611084],[2.428988,41.610974],[2.429057,41.610934],[2.429038,41.610834]]],[[[2.431958,41.613782],[2.432261,41.613578],[2.432295,41.613765],[2.432338,41.61381],[2.432405,41.613843],[2.432451,41.613859],[2.432484,41.613869],[2.432579,41.613847],[2.43264,41.613822],[2.432702,41.613796],[2.432742,41.613777],[2.43278,41.613754],[2.432801,41.613736],[2.432842,41.613694],[2.432883,41.613651],[2.432917,41.613615],[2.432952,41.613579],[2.432997,41.613535],[2.433047,41.613493],[2.433085,41.613465],[2.433126,41.61344],[2.433154,41.613425],[2.433225,41.613391],[2.433297,41.613357],[2.433407,41.613303],[2.433513,41.613248],[2.433584,41.613206],[2.433649,41.613159],[2.433682,41.613132],[2.433715,41.613104],[2.433744,41.613078],[2.433746,41.613077],[2.433776,41.613048],[2.433837,41.612989],[2.433869,41.61295],[2.433896,41.612908],[2.433914,41.612876],[2.433927,41.612844],[2.433932,41.61281],[2.433928,41.612775],[2.433913,41.612722],[2.433892,41.61267],[2.43388,41.612648],[2.433881,41.612643],[2.433978,41.612465],[2.434187,41.612356],[2.434235,41.612353],[2.434286,41.612384],[2.434331,41.612372],[2.434402,41.612304],[2.43448,41.612276],[2.434518,41.612129],[2.434655,41.612049],[2.434681,41.612016],[2.434757,41.61197],[2.434881,41.611977],[2.435115,41.611982],[2.435277,41.611983],[2.43539,41.612008],[2.435604,41.611859],[2.435541,41.611722],[2.435241,41.611683],[2.434832,41.611758],[2.434789,41.611746],[2.434702,41.61173],[2.434652,41.611723],[2.434602,41.611719],[2.434551,41.611719],[2.434499,41.611723],[2.43447,41.611728],[2.434442,41.611736],[2.434423,41.611744],[2.434381,41.611768],[2.434342,41.611794],[2.434295,41.611827],[2.434247,41.61186],[2.43421,41.611885],[2.434173,41.611911],[2.434144,41.611932],[2.434117,41.611956],[2.434102,41.611974],[2.43409,41.611993],[2.434076,41.612031],[2.434072,41.612057],[2.434068,41.612124],[2.434067,41.612191],[2.434063,41.612235],[2.434057,41.612275],[2.434048,41.612314],[2.434037,41.61234],[2.43402,41.612362],[2.434006,41.612375],[2.433985,41.61239],[2.433964,41.612405],[2.433932,41.61243],[2.4339,41.612455],[2.433889,41.612466],[2.433886,41.612468],[2.433873,41.612479],[2.43387,41.61248],[2.433867,41.612481],[2.433858,41.61248],[2.433851,41.612479],[2.43383,41.612474],[2.433826,41.612473],[2.433803,41.612463],[2.433795,41.612456],[2.43378,41.612445],[2.433764,41.612423],[2.433746,41.612391],[2.433728,41.612358],[2.433707,41.61233],[2.433682,41.612303],[2.433648,41.612282],[2.433624,41.612272],[2.433612,41.612267],[2.433577,41.612256],[2.433576,41.612256],[2.433552,41.612282],[2.433535,41.612299],[2.43345,41.612385],[2.433415,41.612418],[2.433376,41.612447],[2.433337,41.612476],[2.43331,41.612505],[2.433286,41.612535],[2.433264,41.612565],[2.433248,41.612597],[2.433242,41.61263],[2.43324,41.612663],[2.433241,41.612699],[2.43324,41.612735],[2.433234,41.612754],[2.433223,41.612773],[2.433193,41.61281],[2.433166,41.612838],[2.433135,41.612864],[2.433096,41.612889],[2.433054,41.612912],[2.433003,41.612935],[2.43295,41.612955],[2.432919,41.612964],[2.432888,41.61297],[2.432867,41.612971],[2.432815,41.61297],[2.432763,41.612967],[2.432697,41.612964],[2.432631,41.61296],[2.4326,41.612961],[2.43257,41.612965],[2.432511,41.612981],[2.432469,41.612997],[2.432432,41.613016],[2.432409,41.613031],[2.432374,41.613058],[2.432341,41.613087],[2.432307,41.613121],[2.432273,41.613155],[2.432237,41.613191],[2.432201,41.613227],[2.432163,41.613255],[2.43212,41.61328],[2.432061,41.613311],[2.431999,41.61334],[2.431974,41.61335],[2.43195,41.613361],[2.431933,41.613358],[2.431906,41.61335],[2.431882,41.613339],[2.431867,41.613329],[2.431855,41.613317],[2.431843,41.6133],[2.431834,41.613283],[2.431826,41.613252],[2.431824,41.61322],[2.431829,41.61317],[2.431838,41.613119],[2.431848,41.613086],[2.431878,41.613003],[2.431911,41.612917],[2.431926,41.612857],[2.431931,41.612829],[2.432029,41.612822],[2.432127,41.612815],[2.432203,41.612809],[2.432279,41.6128],[2.432293,41.612797],[2.432311,41.612787],[2.432328,41.612774],[2.432345,41.612754],[2.43235,41.612743],[2.432352,41.612732],[2.432353,41.612706],[2.432353,41.612679],[2.432354,41.612639],[2.432356,41.612599],[2.43236,41.612587],[2.43237,41.61257],[2.432384,41.612554],[2.432405,41.612531],[2.43243,41.612511],[2.432455,41.612498],[2.432496,41.612481],[2.432515,41.612472],[2.432532,41.61246],[2.432571,41.612427],[2.432609,41.612394],[2.432647,41.61236],[2.432686,41.612326],[2.432719,41.612297],[2.432755,41.612268],[2.432776,41.612256],[2.432812,41.612244],[2.432851,41.612237],[2.432879,41.612236],[2.432908,41.612234],[2.432954,41.612225],[2.433001,41.612211],[2.43304,41.612191],[2.433073,41.612168],[2.433114,41.612132],[2.43315,41.612094],[2.433184,41.612052],[2.433209,41.612008],[2.433222,41.611968],[2.433232,41.611927],[2.43324,41.611877],[2.433245,41.611827],[2.433241,41.61179],[2.433236,41.611772],[2.43334,41.611758],[2.433404,41.611749],[2.433418,41.611747],[2.433574,41.611631],[2.43338,41.61148],[2.433233,41.611594],[2.433216,41.611581],[2.433189,41.611556],[2.433173,41.611537],[2.43316,41.611513],[2.433155,41.611494],[2.433153,41.611469],[2.433155,41.611446],[2.433159,41.611434],[2.433177,41.611399],[2.433197,41.611361],[2.433219,41.611318],[2.433242,41.611272],[2.433252,41.611243],[2.433256,41.611212],[2.433252,41.611158],[2.433239,41.611102],[2.433217,41.611046],[2.433187,41.610997],[2.433152,41.610954],[2.433149,41.61095],[2.433114,41.610921],[2.433072,41.610897],[2.433037,41.610886],[2.432961,41.610871],[2.432889,41.610862],[2.432838,41.610856],[2.43279,41.61085],[2.432655,41.610824],[2.432813,41.610415],[2.432843,41.610336],[2.432662,41.610291],[2.432559,41.610289],[2.43248,41.610346],[2.432579,41.610457],[2.432349,41.610551],[2.432287,41.610587],[2.43215,41.610665],[2.43214,41.61067],[2.43211,41.610689],[2.432067,41.610719],[2.432023,41.61075],[2.431978,41.610748],[2.43193,41.610736],[2.431903,41.610724],[2.431876,41.610708],[2.43185,41.610689],[2.431832,41.610669],[2.431826,41.610657],[2.431823,41.610641],[2.431821,41.61062],[2.431822,41.610602],[2.431825,41.610593],[2.431854,41.610542],[2.431885,41.610489],[2.431917,41.610433],[2.43195,41.610376],[2.43197,41.61033],[2.431952,41.61026],[2.431932,41.610224],[2.432342,41.609835],[2.431742,41.609502],[2.431645,41.609448],[2.431644,41.609447],[2.431534,41.60947],[2.430861,41.609543],[2.430672,41.609243],[2.43069,41.608958],[2.430691,41.608946],[2.430665,41.608936],[2.430311,41.608801],[2.430284,41.608807],[2.430234,41.609068],[2.430005,41.609117],[2.429375,41.609165],[2.429111,41.609199],[2.428563,41.609269],[2.428595,41.609375],[2.428614,41.609433],[2.42863,41.609481],[2.42933,41.609506],[2.429604,41.609521],[2.429934,41.609536],[2.429329,41.609949],[2.429771,41.610281],[2.430206,41.61007],[2.430415,41.610136],[2.430676,41.610255],[2.430931,41.610464],[2.431129,41.610686],[2.431289,41.610923],[2.431302,41.611041],[2.431277,41.61123],[2.431219,41.611323],[2.431085,41.611415],[2.431038,41.611276],[2.431001,41.611204],[2.430911,41.611121],[2.430721,41.611074],[2.430617,41.611042],[2.430401,41.611041],[2.430114,41.611105],[2.429872,41.611242],[2.429822,41.611283],[2.429913,41.61133],[2.429998,41.611374],[2.429946,41.611458],[2.429644,41.611951],[2.430151,41.612321],[2.4303,41.612566],[2.430427,41.612596],[2.431085,41.612026],[2.431132,41.612064],[2.431179,41.612102],[2.431232,41.61214],[2.431291,41.612174],[2.431333,41.612191],[2.431376,41.612208],[2.431434,41.612233],[2.431462,41.612248],[2.431489,41.612264],[2.431506,41.612278],[2.431524,41.612303],[2.431537,41.61233],[2.431543,41.612359],[2.431544,41.612388],[2.431539,41.612422],[2.43153,41.612457],[2.431498,41.61254],[2.43146,41.612622],[2.431406,41.61272],[2.431349,41.612817],[2.431294,41.612913],[2.431275,41.612952],[2.43127,41.612962],[2.431255,41.613013],[2.43124,41.613102],[2.431226,41.613192],[2.431216,41.613257],[2.431206,41.613322],[2.431204,41.613349],[2.431206,41.613364],[2.431208,41.613388],[2.431216,41.613428],[2.43123,41.61349],[2.431247,41.613551],[2.430377,41.613867],[2.430746,41.614245],[2.431482,41.614018],[2.431592,41.613964],[2.43165,41.613935],[2.431958,41.613782]]],[[[2.435682,41.616964],[2.435717,41.616933],[2.43578,41.616951],[2.435793,41.616953],[2.435808,41.616956],[2.435831,41.616957],[2.435853,41.616956],[2.435878,41.616953],[2.435905,41.616946],[2.435931,41.61693],[2.435949,41.616911],[2.435962,41.616889],[2.435966,41.616865],[2.435957,41.61684],[2.435945,41.616817],[2.435919,41.616775],[2.435893,41.616733],[2.435781,41.616542],[2.435888,41.616515],[2.435884,41.616497],[2.435949,41.616437],[2.435846,41.616345],[2.435834,41.616299],[2.435611,41.616185],[2.43556,41.616107],[2.43551,41.616029],[2.435482,41.615984],[2.435457,41.615939],[2.435455,41.615933],[2.435454,41.615928],[2.435455,41.615915],[2.435461,41.615905],[2.435465,41.615902],[2.435471,41.6159],[2.435491,41.615895],[2.435525,41.615887],[2.435559,41.615878],[2.435599,41.615861],[2.43562,41.615847],[2.435634,41.615838],[2.435641,41.61583],[2.435656,41.615813],[2.435658,41.61581],[2.435671,41.615789],[2.435691,41.615739],[2.435719,41.615646],[2.435736,41.615586],[2.435745,41.615554],[2.435766,41.615494],[2.435793,41.615427],[2.435841,41.615357],[2.435996,41.615406],[2.436094,41.615468],[2.436096,41.615469],[2.436156,41.615516],[2.436218,41.615605],[2.436235,41.61563],[2.436487,41.616082],[2.436499,41.616077],[2.436875,41.615908],[2.436964,41.61587],[2.43711,41.615885],[2.437332,41.616069],[2.437604,41.615952],[2.437604,41.615952],[2.43754,41.615882],[2.437309,41.615633],[2.437164,41.61548],[2.437126,41.615308],[2.437107,41.615232],[2.43707,41.61509],[2.436827,41.61484],[2.436606,41.614662],[2.436328,41.614542],[2.436292,41.614514],[2.436177,41.614472],[2.436011,41.614474],[2.435781,41.614582],[2.43573,41.614615],[2.435633,41.614753],[2.435339,41.614742],[2.435267,41.614652],[2.435063,41.614682],[2.435089,41.614733],[2.435121,41.614784],[2.435143,41.61481],[2.435181,41.614844],[2.4352,41.614861],[2.435214,41.614877],[2.435217,41.61488],[2.435254,41.614929],[2.435284,41.61498],[2.435315,41.615053],[2.43533,41.615089],[2.435346,41.615125],[2.435382,41.615205],[2.43542,41.615284],[2.435458,41.615358],[2.4355,41.615431],[2.435524,41.615462],[2.435551,41.615492],[2.435573,41.615517],[2.435585,41.615528],[2.4356,41.615537],[2.435641,41.615557],[2.435681,41.615577],[2.43566,41.615647],[2.435648,41.615687],[2.435634,41.615726],[2.435619,41.615762],[2.435618,41.615764],[2.435606,41.615786],[2.435597,41.615801],[2.435591,41.615808],[2.43558,41.615821],[2.435556,41.615832],[2.435532,41.615843],[2.435514,41.615847],[2.435495,41.615847],[2.435457,41.615849],[2.435419,41.615846],[2.435368,41.615832],[2.43532,41.615812],[2.435281,41.615794],[2.435242,41.615776],[2.4352,41.61572],[2.435199,41.615716],[2.435171,41.615611],[2.435152,41.615512],[2.435152,41.615484],[2.435152,41.615456],[2.435152,41.615429],[2.435152,41.615401],[2.435151,41.615386],[2.435149,41.615369],[2.435138,41.615336],[2.435127,41.615318],[2.435112,41.615302],[2.435075,41.615271],[2.435055,41.615258],[2.435035,41.615249],[2.435019,41.615246],[2.434982,41.615247],[2.434944,41.615252],[2.434876,41.615264],[2.434808,41.615275],[2.434763,41.615276],[2.434718,41.615271],[2.43469,41.615263],[2.434666,41.615249],[2.434639,41.615224],[2.43462,41.615196],[2.4346,41.615159],[2.434586,41.61512],[2.434571,41.61504],[2.434554,41.614959],[2.434526,41.61485],[2.434498,41.614741],[2.434487,41.614682],[2.434476,41.614622],[2.434465,41.61459],[2.434457,41.614558],[2.434456,41.614529],[2.434458,41.614499],[2.434458,41.614486],[2.434459,41.614474],[2.434458,41.614464],[2.434454,41.614455],[2.434446,41.614445],[2.434522,41.614478],[2.434575,41.614499],[2.434629,41.614517],[2.434651,41.614521],[2.434655,41.614521],[2.434684,41.614522],[2.434685,41.614522],[2.434715,41.614518],[2.434717,41.614517],[2.434765,41.614503],[2.434788,41.614494],[2.434817,41.614465],[2.434941,41.614342],[2.435057,41.614228],[2.435284,41.61413],[2.435389,41.614057],[2.435541,41.613861],[2.435585,41.613818],[2.435707,41.613696],[2.435817,41.613688],[2.435821,41.613689],[2.435865,41.613698],[2.435883,41.613659],[2.435884,41.613659],[2.435955,41.613681],[2.436022,41.613703],[2.436102,41.613728],[2.436182,41.613754],[2.436244,41.613776],[2.436307,41.613804],[2.4363,41.613737],[2.4363,41.613702],[2.43629,41.613658],[2.436262,41.613605],[2.436212,41.613545],[2.436139,41.6135],[2.436072,41.613457],[2.435998,41.613414],[2.435994,41.61341],[2.435941,41.61336],[2.435837,41.61321],[2.435762,41.613108],[2.435751,41.613088],[2.435742,41.613052],[2.435732,41.613054],[2.435725,41.613042],[2.435697,41.612959],[2.43568,41.61289],[2.435593,41.612865],[2.435485,41.612874],[2.435389,41.612879],[2.435307,41.612916],[2.435268,41.612964],[2.435242,41.613059],[2.435214,41.613283],[2.435067,41.613444],[2.434952,41.613568],[2.434906,41.613634],[2.434912,41.613715],[2.434797,41.61381],[2.434739,41.614049],[2.434742,41.614113],[2.434737,41.614233],[2.434723,41.614402],[2.43473,41.614469],[2.434707,41.614475],[2.434702,41.614477],[2.434679,41.61448],[2.434678,41.61448],[2.434659,41.61448],[2.434648,41.614478],[2.434647,41.614477],[2.434599,41.614461],[2.434554,41.614443],[2.434554,41.61437],[2.434546,41.61435],[2.434539,41.61433],[2.434513,41.614276],[2.434482,41.614223],[2.43447,41.614205],[2.434455,41.614189],[2.434443,41.614179],[2.434412,41.614156],[2.434378,41.614137],[2.434304,41.614103],[2.43425,41.614083],[2.434194,41.614068],[2.434145,41.614059],[2.434095,41.614057],[2.434062,41.614061],[2.433996,41.614079],[2.433933,41.614104],[2.433858,41.614138],[2.433787,41.614175],[2.433742,41.614202],[2.433663,41.614256],[2.433585,41.614309],[2.433549,41.614329],[2.433519,41.614352],[2.433505,41.614371],[2.43349,41.61441],[2.433482,41.61445],[2.433475,41.614499],[2.433467,41.614548],[2.433461,41.614593],[2.433455,41.614637],[2.433479,41.614679],[2.433483,41.614679],[2.43352,41.614675],[2.433633,41.614606],[2.433761,41.61461],[2.433611,41.614778],[2.43378,41.615036],[2.433892,41.61493],[2.434,41.614917],[2.434222,41.61497],[2.434398,41.615128],[2.434536,41.615305],[2.434309,41.615838],[2.434657,41.615927],[2.434943,41.61592],[2.435243,41.61591],[2.435412,41.615951],[2.435419,41.615964],[2.435441,41.615997],[2.435463,41.61603],[2.435465,41.616034],[2.43547,41.616042],[2.435516,41.61611],[2.435562,41.616178],[2.435613,41.616273],[2.435659,41.616369],[2.435691,41.616449],[2.435822,41.616699],[2.435749,41.616667],[2.435227,41.616483],[2.43519,41.616519],[2.435149,41.616557],[2.435085,41.616617],[2.435115,41.616704],[2.435557,41.61691],[2.435676,41.616962],[2.435677,41.616962],[2.435682,41.616964]]]]}}]}