{"type":"FeatureCollection","name":"ICGC Àrees de poblament - Corbera de Llobregat","features":[{"type":"Feature","id":"080728_080728 AP19 BLL 3","properties":{"area_id":"080728_080728 AP19 BLL 3","nom":"Ca n'Armengol","codi_icgc":"080728 AP19 BLL 3","categoria":"Àrees de poblament","codi_municipi":"080728","municipi":"Corbera de Llobregat","codi_comarca":"11","comarca":"Baix Llobregat","provincia":"Barcelona","font":"ICGC Àrees de poblament v3r1 202602"},"geometry":{"type":"MultiPolygon","coordinates":[[[[1.895982,41.420284],[1.895976,41.420265],[1.895983,41.420269],[1.896052,41.420227],[1.89617,41.420147],[1.89626,41.42018],[1.896474,41.420259],[1.896672,41.420157],[1.896776,41.420076],[1.89682,41.420002],[1.896819,41.419963],[1.896819,41.419955],[1.896817,41.419934],[1.896763,41.419907],[1.896769,41.419892],[1.896775,41.419859],[1.896772,41.419826],[1.896766,41.419811],[1.896755,41.419793],[1.896726,41.419755],[1.896695,41.419718],[1.896633,41.419639],[1.896574,41.419559],[1.896522,41.419487],[1.89647,41.419414],[1.89642,41.419343],[1.896371,41.419272],[1.89634,41.41922],[1.896315,41.419166],[1.896297,41.419088],[1.896288,41.419049],[1.896274,41.419011],[1.896238,41.418948],[1.8962,41.418886],[1.896144,41.4188],[1.896088,41.418714],[1.896062,41.418659],[1.896043,41.418603],[1.896097,41.418575],[1.896384,41.41845],[1.89656,41.418372],[1.896614,41.418351],[1.896594,41.418304],[1.89658,41.41827],[1.896561,41.418211],[1.896549,41.418152],[1.896543,41.418078],[1.896544,41.418004],[1.896549,41.41795],[1.896554,41.417893],[1.896558,41.417838],[1.896561,41.417783],[1.896562,41.417763],[1.896562,41.417758],[1.896564,41.417746],[1.896566,41.417742],[1.896568,41.417738],[1.896574,41.417735],[1.896579,41.417733],[1.896583,41.417732],[1.896585,41.417732],[1.896588,41.417734],[1.896596,41.417738],[1.896688,41.41779],[1.896781,41.417841],[1.896876,41.417894],[1.896963,41.417952],[1.897023,41.418002],[1.89708,41.418053],[1.897134,41.418102],[1.897188,41.418151],[1.897217,41.418172],[1.89722,41.418174],[1.897225,41.418177],[1.897232,41.418183],[1.897253,41.418197],[1.897283,41.418214],[1.897336,41.418231],[1.89739,41.418244],[1.897548,41.418284],[1.897706,41.418324],[1.897796,41.418346],[1.897886,41.418367],[1.89792,41.418373],[1.897954,41.418379],[1.897972,41.418382],[1.897982,41.418382],[1.898006,41.418381],[1.898026,41.418377],[1.898048,41.41837],[1.898062,41.418361],[1.898073,41.418352],[1.897953,41.418304],[1.89795,41.418303],[1.897908,41.418285],[1.897755,41.41822],[1.897663,41.418183],[1.897589,41.418146],[1.897528,41.418114],[1.897477,41.418078],[1.89743,41.418028],[1.897403,41.417978],[1.897399,41.417948],[1.897356,41.417952],[1.897331,41.417951],[1.897307,41.417943],[1.897294,41.417934],[1.897279,41.41792],[1.897264,41.417894],[1.897253,41.417868],[1.897235,41.417814],[1.897216,41.417754],[1.897196,41.417693],[1.897179,41.417648],[1.897154,41.417606],[1.897131,41.417579],[1.897107,41.417559],[1.89709,41.417548],[1.89708,41.417542],[1.897021,41.417514],[1.896922,41.417475],[1.896823,41.417436],[1.896746,41.417402],[1.896673,41.417365],[1.896636,41.41734],[1.896606,41.417312],[1.896589,41.417292],[1.896542,41.417221],[1.896497,41.417151],[1.896448,41.417085],[1.896396,41.41702],[1.896359,41.416977],[1.89634,41.416959],[1.896318,41.416945],[1.896301,41.416939],[1.896272,41.416937],[1.896243,41.416939],[1.896206,41.416945],[1.89618,41.416948],[1.896169,41.416949],[1.896142,41.416947],[1.896115,41.416937],[1.896102,41.416929],[1.896092,41.416923],[1.896071,41.416909],[1.89604,41.41689],[1.896008,41.416872],[1.895971,41.416854],[1.895932,41.416841],[1.895917,41.416839],[1.895905,41.416837],[1.895877,41.416835],[1.895814,41.416768],[1.895893,41.416674],[1.895847,41.416649],[1.895789,41.416651],[1.89575,41.416668],[1.895746,41.416669],[1.895718,41.416699],[1.895697,41.416719],[1.895606,41.416798],[1.895504,41.416903],[1.895467,41.416941],[1.895421,41.416991],[1.895347,41.41708],[1.895271,41.417167],[1.895205,41.417235],[1.895139,41.417301],[1.895115,41.4173],[1.895085,41.417298],[1.895034,41.41729],[1.894992,41.417284],[1.894903,41.417256],[1.894797,41.417219],[1.894697,41.417184],[1.894646,41.417166],[1.894638,41.417163],[1.894599,41.417152],[1.894574,41.417145],[1.894575,41.417144],[1.894579,41.417141],[1.894574,41.417135],[1.894553,41.417107],[1.894539,41.417078],[1.894525,41.417045],[1.894504,41.417013],[1.894481,41.416984],[1.894454,41.416949],[1.894426,41.416915],[1.894392,41.416877],[1.894359,41.41684],[1.894332,41.416807],[1.89431,41.416772],[1.894295,41.416734],[1.89429,41.416695],[1.89429,41.416687],[1.89429,41.416664],[1.894292,41.416632],[1.894296,41.416598],[1.8943,41.416561],[1.894303,41.416537],[1.894303,41.416519],[1.894299,41.416503],[1.894289,41.416484],[1.894279,41.416465],[1.894259,41.416426],[1.894231,41.416387],[1.894184,41.416341],[1.894139,41.416296],[1.894091,41.416248],[1.894042,41.416199],[1.894023,41.416184],[1.893985,41.416153],[1.893932,41.41611],[1.893887,41.416055],[1.893844,41.415994],[1.8938,41.415947],[1.893758,41.415901],[1.893733,41.415867],[1.893715,41.415829],[1.893704,41.415794],[1.893692,41.415755],[1.893681,41.415729],[1.893665,41.415705],[1.893653,41.415685],[1.893645,41.415666],[1.893643,41.415645],[1.893651,41.41561],[1.89366,41.415595],[1.893684,41.415577],[1.893715,41.415568],[1.89377,41.41557],[1.893825,41.415576],[1.893925,41.415591],[1.894026,41.415606],[1.89414,41.415623],[1.894255,41.415641],[1.89428,41.415643],[1.894303,41.415643],[1.89434,41.415641],[1.894374,41.415634],[1.894446,41.415614],[1.89451,41.415591],[1.894538,41.415576],[1.894549,41.415568],[1.894563,41.415569],[1.894567,41.415564],[1.894575,41.415554],[1.894635,41.415488],[1.894637,41.415485],[1.894645,41.415475],[1.894522,41.415416],[1.894475,41.415393],[1.894437,41.41537],[1.894357,41.415322],[1.894328,41.415307],[1.8943,41.41529],[1.894295,41.415279],[1.8943,41.415274],[1.89436,41.41524],[1.894421,41.415206],[1.894474,41.415186],[1.894542,41.41516],[1.89461,41.415134],[1.894674,41.41511],[1.894738,41.415083],[1.894772,41.41506],[1.894797,41.415044],[1.89485,41.415001],[1.894919,41.41495],[1.894986,41.41489],[1.89502,41.414849],[1.895032,41.414836],[1.895058,41.414842],[1.895081,41.414805],[1.895048,41.414797],[1.895041,41.414793],[1.895042,41.414779],[1.89503,41.414738],[1.895027,41.414726],[1.894995,41.414675],[1.894959,41.414627],[1.894922,41.414579],[1.895046,41.414531],[1.895265,41.414514],[1.89531,41.414438],[1.895393,41.414242],[1.895424,41.414242],[1.89546,41.414244],[1.895515,41.414249],[1.895581,41.414261],[1.895633,41.414276],[1.895681,41.414302],[1.895762,41.414354],[1.895843,41.414406],[1.895918,41.414453],[1.895921,41.414455],[1.895998,41.414505],[1.896077,41.414548],[1.896121,41.41456],[1.896164,41.414557],[1.896235,41.414535],[1.896307,41.414514],[1.896367,41.414496],[1.896375,41.414494],[1.896395,41.41449],[1.896425,41.414508],[1.896449,41.414516],[1.896476,41.414516],[1.896534,41.414512],[1.896612,41.414511],[1.896689,41.414511],[1.896744,41.414518],[1.896798,41.414528],[1.896849,41.414539],[1.896898,41.414555],[1.89692,41.41457],[1.896935,41.414588],[1.89695,41.414628],[1.896957,41.41467],[1.896964,41.414713],[1.896976,41.414765],[1.896983,41.414783],[1.897007,41.414786],[1.897015,41.414774],[1.897016,41.414776],[1.897149,41.414622],[1.897203,41.414567],[1.897317,41.414442],[1.897336,41.414422],[1.897384,41.414374],[1.897462,41.414294],[1.897612,41.414142],[1.897773,41.413978],[1.897748,41.413962],[1.897675,41.413916],[1.897596,41.413865],[1.897467,41.41387],[1.897407,41.413814],[1.897284,41.413757],[1.897195,41.413716],[1.897039,41.413629],[1.897124,41.413566],[1.897117,41.413558],[1.89707,41.413495],[1.89706,41.413483],[1.897022,41.413432],[1.897006,41.413402],[1.897298,41.413243],[1.897369,41.413204],[1.897747,41.413498],[1.897851,41.413565],[1.897966,41.413483],[1.898068,41.413408],[1.898131,41.413362],[1.89816,41.413331],[1.898179,41.413292],[1.898181,41.41324],[1.898174,41.413179],[1.898167,41.413129],[1.898167,41.413075],[1.898173,41.413024],[1.898187,41.412975],[1.898217,41.412936],[1.89831,41.41285],[1.898311,41.412849],[1.898323,41.412841],[1.898474,41.412743],[1.89855,41.412533],[1.898619,41.412343],[1.8987,41.412121],[1.898701,41.411961],[1.898701,41.411855],[1.898699,41.411809],[1.898697,41.411449],[1.89876,41.411412],[1.898749,41.411401],[1.898334,41.411184],[1.898006,41.411172],[1.897522,41.411078],[1.897389,41.411059],[1.896986,41.411012],[1.896668,41.410976],[1.896575,41.410966],[1.896548,41.410961],[1.89622,41.410911],[1.895736,41.41086],[1.895745,41.410839],[1.895971,41.410346],[1.896045,41.410186],[1.896127,41.410007],[1.896211,41.409824],[1.896213,41.409824],[1.896213,41.409824],[1.89622,41.409825],[1.896269,41.409834],[1.89632,41.409843],[1.896351,41.409841],[1.896363,41.409838],[1.89638,41.409827],[1.896388,41.409817],[1.896392,41.409813],[1.896395,41.409803],[1.896398,41.409792],[1.896405,41.409783],[1.896416,41.409778],[1.896402,41.409754],[1.896364,41.409735],[1.896314,41.409726],[1.896315,41.409725],[1.896316,41.409724],[1.896282,41.409717],[1.896327,41.409587],[1.89643,41.409426],[1.896437,41.409409],[1.896475,41.409315],[1.896527,41.409172],[1.896562,41.40907],[1.896586,41.409013],[1.896621,41.408934],[1.896514,41.408791],[1.8965,41.408784],[1.896525,41.408772],[1.896546,41.408755],[1.89656,41.408735],[1.896567,41.408714],[1.896566,41.408691],[1.896566,41.40869],[1.896558,41.408669],[1.896543,41.40865],[1.896522,41.408634],[1.896386,41.408532],[1.896385,41.408532],[1.896312,41.408477],[1.896239,41.408436],[1.89616,41.408404],[1.896111,41.408386],[1.896062,41.408368],[1.896034,41.408351],[1.896001,41.408316],[1.895968,41.40828],[1.895925,41.408235],[1.895917,41.408227],[1.895882,41.40819],[1.895865,41.408174],[1.895846,41.408156],[1.895826,41.408142],[1.895803,41.408127],[1.895781,41.408116],[1.89575,41.408103],[1.895693,41.408083],[1.895614,41.408057],[1.895535,41.408032],[1.895469,41.408012],[1.895402,41.407992],[1.895327,41.407974],[1.895252,41.407955],[1.895203,41.407942],[1.895155,41.407927],[1.895148,41.407925],[1.895126,41.407916],[1.895116,41.407911],[1.895103,41.407904],[1.895094,41.407898],[1.895086,41.407889],[1.89508,41.407881],[1.895074,41.40787],[1.895071,41.407861],[1.895065,41.407844],[1.895102,41.407878],[1.895168,41.407904],[1.89536,41.407947],[1.89555,41.407969],[1.895736,41.407972],[1.895786,41.407905],[1.895866,41.4078],[1.895853,41.407675],[1.895853,41.407671],[1.895816,41.407669],[1.894897,41.407626],[1.894671,41.40757],[1.894561,41.40764],[1.89454,41.407654],[1.894036,41.407599],[1.894034,41.407598],[1.894012,41.407589],[1.89371,41.407462],[1.893668,41.407423],[1.893664,41.407422],[1.893636,41.40741],[1.893576,41.407382],[1.893515,41.407354],[1.893458,41.407334],[1.893399,41.407316],[1.893365,41.407306],[1.89333,41.407299],[1.893316,41.407325],[1.893308,41.407316],[1.893297,41.407305],[1.893279,41.407293],[1.89326,41.407281],[1.893236,41.407268],[1.893203,41.407255],[1.89318,41.407247],[1.893148,41.40724],[1.893125,41.407238],[1.893017,41.407179],[1.892874,41.407143],[1.892862,41.407141],[1.892357,41.407029],[1.89208,41.406967],[1.89208,41.406967],[1.891867,41.407092],[1.891844,41.407105],[1.891662,41.407218],[1.89175,41.407282],[1.891578,41.407405],[1.891498,41.407462],[1.891164,41.407662],[1.891179,41.407743],[1.891338,41.407833],[1.891509,41.407959],[1.89148,41.40799],[1.89144,41.40804],[1.891418,41.408063],[1.891397,41.408086],[1.891376,41.408105],[1.891354,41.408123],[1.891332,41.408136],[1.89131,41.40815],[1.8913,41.408165],[1.891295,41.408181],[1.891292,41.408201],[1.891295,41.408221],[1.891307,41.40824],[1.891317,41.408247],[1.891329,41.408253],[1.891353,41.408258],[1.891377,41.408259],[1.891399,41.40826],[1.891421,41.408258],[1.891434,41.408253],[1.891449,41.408242],[1.891457,41.408228],[1.891458,41.408187],[1.891458,41.408145],[1.891461,41.408107],[1.891474,41.408088],[1.891477,41.408082],[1.891491,41.408062],[1.891529,41.408015],[1.891572,41.40797],[1.891615,41.407937],[1.891665,41.407911],[1.891736,41.407884],[1.891808,41.407858],[1.891899,41.407828],[1.891991,41.407797],[1.892069,41.407771],[1.892123,41.407765],[1.892317,41.407854],[1.892596,41.407925],[1.892617,41.407952],[1.892697,41.407916],[1.892757,41.407968],[1.892785,41.407953],[1.892842,41.408032],[1.892853,41.408047],[1.892874,41.408077],[1.892766,41.408128],[1.892642,41.408186],[1.892585,41.408211],[1.892528,41.408236],[1.892491,41.408256],[1.892448,41.408297],[1.892434,41.408321],[1.892426,41.408346],[1.892424,41.408393],[1.892423,41.40844],[1.892426,41.408501],[1.892428,41.408563],[1.892426,41.408581],[1.89242,41.408597],[1.892406,41.40862],[1.892386,41.408645],[1.892357,41.408672],[1.892347,41.408681],[1.892032,41.408762],[1.891918,41.408745],[1.891821,41.408745],[1.89182,41.408706],[1.891783,41.408706],[1.891288,41.408781],[1.891237,41.4087],[1.891145,41.408554],[1.891142,41.408555],[1.890807,41.408696],[1.890694,41.408761],[1.890594,41.408839],[1.890345,41.408967],[1.890326,41.408982],[1.890195,41.409096],[1.890114,41.409204],[1.889999,41.409365],[1.889927,41.409437],[1.890271,41.409621],[1.890464,41.409701],[1.890517,41.409723],[1.890459,41.409776],[1.890348,41.409882],[1.890241,41.409994],[1.890155,41.410106],[1.890086,41.410223],[1.890057,41.410285],[1.890032,41.410339],[1.889988,41.410402],[1.889617,41.410054],[1.889603,41.41004],[1.889301,41.410198],[1.889397,41.41039],[1.889423,41.410449],[1.88943,41.410466],[1.889475,41.410572],[1.889401,41.4106],[1.889386,41.410636],[1.889384,41.410641],[1.889417,41.410677],[1.88947,41.410691],[1.889517,41.410678],[1.88954,41.410666],[1.889692,41.410792],[1.889882,41.41096],[1.889955,41.411038],[1.890087,41.411233],[1.890136,41.41131],[1.890148,41.411322],[1.890166,41.411349],[1.890244,41.411428],[1.890357,41.411543],[1.890498,41.411687],[1.890566,41.411747],[1.890952,41.41208],[1.890953,41.412081],[1.891063,41.412195],[1.891148,41.412355],[1.891202,41.412508],[1.891258,41.412536],[1.891292,41.412553],[1.891358,41.412588],[1.891417,41.41262],[1.891462,41.412638],[1.891523,41.412663],[1.891624,41.412697],[1.891747,41.412722],[1.891932,41.41275],[1.891941,41.412752],[1.892211,41.412826],[1.892354,41.412882],[1.892377,41.412904],[1.892415,41.412937],[1.892476,41.412975],[1.892521,41.412993],[1.892538,41.413],[1.892575,41.413014],[1.892629,41.413036],[1.892661,41.413054],[1.892697,41.41309],[1.89273,41.413123],[1.892703,41.413232],[1.89269,41.413283],[1.89269,41.41329],[1.892689,41.413358],[1.892669,41.413357],[1.892658,41.413392],[1.892639,41.413451],[1.89262,41.41351],[1.892609,41.413569],[1.892602,41.413627],[1.892594,41.413685],[1.892579,41.413742],[1.892557,41.413794],[1.892534,41.413845],[1.892523,41.413894],[1.892511,41.413942],[1.892499,41.41399],[1.892485,41.414039],[1.892463,41.414092],[1.892429,41.41414],[1.892405,41.414167],[1.892381,41.414194],[1.892344,41.414206],[1.892306,41.414219],[1.892277,41.414232],[1.89225,41.414251],[1.892238,41.414265],[1.892233,41.414281],[1.892234,41.414295],[1.892241,41.414308],[1.89225,41.414319],[1.892262,41.414326],[1.892289,41.414333],[1.892313,41.414342],[1.892336,41.41435],[1.892334,41.414375],[1.892343,41.41439],[1.89236,41.414407],[1.89237,41.414406],[1.892367,41.414414],[1.892384,41.414431],[1.892451,41.41447],[1.892475,41.414488],[1.892499,41.414506],[1.892524,41.414526],[1.892548,41.414545],[1.892595,41.414573],[1.892644,41.414599],[1.89266,41.414615],[1.892676,41.414629],[1.892691,41.414628],[1.892706,41.414621],[1.89273,41.414597],[1.892754,41.414574],[1.892799,41.414546],[1.892846,41.414519],[1.892912,41.414481],[1.89298,41.414446],[1.893067,41.414411],[1.893155,41.414378],[1.893202,41.414361],[1.89325,41.414345],[1.893283,41.414337],[1.893309,41.414333],[1.893335,41.41433],[1.893378,41.41432],[1.89342,41.414303],[1.893448,41.414288],[1.893464,41.41427],[1.893462,41.414257],[1.893481,41.414267],[1.893485,41.414269],[1.893498,41.414275],[1.89351,41.41428],[1.893531,41.414288],[1.893539,41.414289],[1.893553,41.414291],[1.893567,41.414293],[1.893587,41.414294],[1.893601,41.414293],[1.893618,41.414291],[1.89365,41.414286],[1.893684,41.414279],[1.893712,41.414272],[1.893807,41.414244],[1.893903,41.414216],[1.894013,41.414187],[1.894124,41.414159],[1.894238,41.414137],[1.894354,41.414122],[1.894444,41.414117],[1.894534,41.414116],[1.894584,41.414119],[1.894611,41.414124],[1.894633,41.41413],[1.89464,41.414135],[1.894642,41.414143],[1.894635,41.414162],[1.894624,41.41417],[1.894536,41.414194],[1.894449,41.414219],[1.894297,41.41427],[1.894144,41.414322],[1.893973,41.414382],[1.893804,41.414446],[1.893669,41.414503],[1.893534,41.414561],[1.893438,41.414597],[1.893342,41.414635],[1.893239,41.414676],[1.893122,41.41472],[1.893043,41.41475],[1.892949,41.414783],[1.892824,41.414827],[1.892699,41.41487],[1.892611,41.414911],[1.892527,41.414956],[1.892464,41.41499],[1.892433,41.41501],[1.892411,41.415027],[1.8924,41.415039],[1.892381,41.415062],[1.892359,41.415095],[1.892323,41.415163],[1.8923,41.415206],[1.892263,41.415272],[1.892263,41.415272],[1.892255,41.415285],[1.892168,41.415274],[1.892023,41.415267],[1.891953,41.415267],[1.891748,41.415279],[1.891728,41.415287],[1.891678,41.415307],[1.891585,41.415439],[1.891456,41.415608],[1.891614,41.415648],[1.891772,41.415664],[1.89186,41.415673],[1.892171,41.41553],[1.892261,41.415617],[1.892365,41.415838],[1.892411,41.415815],[1.89249,41.415774],[1.892597,41.415712],[1.892599,41.415717],[1.892661,41.415774],[1.892677,41.415851],[1.892719,41.415891],[1.892778,41.415942],[1.892841,41.416003],[1.892983,41.415932],[1.892973,41.41595],[1.892967,41.415965],[1.892959,41.415988],[1.892956,41.416013],[1.892959,41.416045],[1.892983,41.416109],[1.893018,41.416173],[1.893057,41.416235],[1.893112,41.41631],[1.893168,41.416384],[1.893224,41.416459],[1.89328,41.416533],[1.893329,41.416605],[1.893375,41.416678],[1.893381,41.416687],[1.893384,41.416693],[1.893405,41.416727],[1.89344,41.416774],[1.893459,41.4168],[1.893512,41.416859],[1.893528,41.416877],[1.893511,41.41687],[1.893508,41.416868],[1.893466,41.416849],[1.893457,41.416847],[1.893359,41.416824],[1.893204,41.416703],[1.893203,41.416703],[1.893182,41.416687],[1.892999,41.416552],[1.892993,41.416538],[1.892811,41.416454],[1.892694,41.4164],[1.892659,41.416381],[1.892637,41.416404],[1.892604,41.416428],[1.892528,41.416501],[1.892467,41.416563],[1.892345,41.416643],[1.892277,41.416688],[1.892239,41.416726],[1.892186,41.416826],[1.892139,41.416935],[1.892198,41.416969],[1.892221,41.416982],[1.892176,41.417093],[1.892138,41.417129],[1.892131,41.417298],[1.892129,41.417528],[1.892198,41.417628],[1.892312,41.417768],[1.892409,41.417845],[1.892456,41.417844],[1.89244,41.417922],[1.892421,41.418015],[1.892537,41.417964],[1.892666,41.418059],[1.892635,41.418173],[1.892606,41.418285],[1.892539,41.418424],[1.892436,41.418622],[1.892407,41.418658],[1.892379,41.418658],[1.892346,41.41866],[1.8923,41.418664],[1.892243,41.418671],[1.89217,41.41868],[1.89209,41.418693],[1.892041,41.418698],[1.891993,41.418703],[1.891965,41.418704],[1.891936,41.418702],[1.89192,41.418699],[1.891905,41.418694],[1.891884,41.418684],[1.891873,41.418677],[1.891817,41.418714],[1.891807,41.418721],[1.891818,41.418724],[1.891763,41.418792],[1.89181,41.418825],[1.891842,41.418849],[1.891849,41.418855],[1.891964,41.418933],[1.891985,41.418914],[1.892029,41.418946],[1.89214,41.419018],[1.892321,41.419143],[1.892326,41.419115],[1.892389,41.418874],[1.892413,41.418776],[1.89242,41.418724],[1.892442,41.418728],[1.892476,41.418737],[1.89252,41.418752],[1.892559,41.418769],[1.892636,41.418809],[1.892754,41.418885],[1.892863,41.418967],[1.892954,41.419048],[1.893045,41.419129],[1.893133,41.419201],[1.893223,41.419272],[1.893324,41.419351],[1.893426,41.41943],[1.89352,41.419497],[1.89362,41.419559],[1.893733,41.419614],[1.893854,41.419655],[1.893968,41.419676],[1.894081,41.419696],[1.894176,41.419721],[1.894267,41.419753],[1.894425,41.419813],[1.894582,41.419874],[1.894798,41.419961],[1.895014,41.420049],[1.895219,41.420129],[1.895425,41.420207],[1.895578,41.420261],[1.895734,41.420309],[1.895844,41.420339],[1.895864,41.420344],[1.895916,41.420358],[1.895918,41.420358],[1.895936,41.420352],[1.895956,41.420339],[1.895972,41.420323],[1.89598,41.420304],[1.895982,41.420284]],[[1.895181,41.417304],[1.895167,41.417303],[1.895181,41.417303],[1.895181,41.417304]]]]}},{"type":"Feature","id":"080728_080728 AP09 BLL 3","properties":{"area_id":"080728_080728 AP09 BLL 3","nom":"Can Canonge","codi_icgc":"080728 AP09 BLL 3","categoria":"Àrees de poblament","codi_municipi":"080728","municipi":"Corbera de Llobregat","codi_comarca":"11","comarca":"Baix Llobregat","provincia":"Barcelona","font":"ICGC Àrees de poblament v3r1 202602"},"geometry":{"type":"MultiPolygon","coordinates":[[[[1.960182,41.438033],[1.960206,41.438049],[1.960297,41.438108],[1.960312,41.43808],[1.960447,41.43786],[1.960455,41.437723],[1.960479,41.437443],[1.960445,41.437428],[1.96034,41.437411],[1.960228,41.437412],[1.960129,41.437422],[1.959935,41.437448],[1.959895,41.437347],[1.960028,41.437078],[1.960051,41.437034],[1.960013,41.43701],[1.959991,41.436998],[1.959943,41.436971],[1.959923,41.436959],[1.959764,41.436876],[1.959706,41.436846],[1.959605,41.436793],[1.959511,41.436746],[1.959482,41.436732],[1.95946,41.436722],[1.959437,41.436711],[1.959424,41.436705],[1.959265,41.436635],[1.959255,41.436633],[1.959213,41.436622],[1.959196,41.436619],[1.959187,41.436617],[1.959136,41.43661],[1.959047,41.4366],[1.958992,41.436594],[1.958977,41.436592],[1.958918,41.436584],[1.95889,41.436579],[1.958874,41.436576],[1.958859,41.436573],[1.958853,41.436572],[1.958841,41.436568],[1.958826,41.436563],[1.958793,41.436551],[1.95877,41.436541],[1.958697,41.436511],[1.958679,41.436502],[1.958667,41.436495],[1.958655,41.436487],[1.958629,41.436468],[1.958602,41.43645],[1.958607,41.436442],[1.958655,41.436359],[1.958489,41.436171],[1.958443,41.436117],[1.958426,41.436098],[1.958317,41.435972],[1.958285,41.435945],[1.958175,41.435846],[1.958098,41.435706],[1.958075,41.435664],[1.958015,41.435612],[1.957809,41.435431],[1.957723,41.43547],[1.957672,41.435414],[1.957608,41.435391],[1.957333,41.435264],[1.95719,41.435169],[1.957106,41.435136],[1.957033,41.435101],[1.956825,41.434999],[1.956807,41.43505],[1.956794,41.435089],[1.956794,41.435089],[1.956792,41.434923],[1.956792,41.434881],[1.956796,41.434813],[1.956797,41.434778],[1.956797,41.434756],[1.956797,41.434754],[1.956797,41.434743],[1.956797,41.434741],[1.956797,41.434726],[1.956796,41.434698],[1.956797,41.434681],[1.956797,41.434679],[1.956799,41.434667],[1.956802,41.434659],[1.956805,41.434654],[1.956813,41.434647],[1.956822,41.434645],[1.956835,41.434643],[1.956866,41.434648],[1.956888,41.434655],[1.956902,41.434661],[1.956927,41.434674],[1.956955,41.434694],[1.956995,41.43473],[1.957019,41.434751],[1.957034,41.434765],[1.957041,41.434771],[1.957117,41.434834],[1.957158,41.434864],[1.9572,41.434892],[1.957253,41.434921],[1.957335,41.434962],[1.957417,41.435002],[1.957465,41.43503],[1.957533,41.435076],[1.957568,41.435098],[1.957605,41.43512],[1.957633,41.435134],[1.957654,41.435145],[1.957681,41.435157],[1.957748,41.435193],[1.957734,41.435196],[1.957718,41.435203],[1.957709,41.435213],[1.957709,41.435222],[1.957713,41.435231],[1.957729,41.435247],[1.957781,41.435283],[1.957833,41.43532],[1.957931,41.435389],[1.958063,41.435482],[1.958143,41.43555],[1.958258,41.435663],[1.958296,41.4357],[1.958447,41.43585],[1.958535,41.435938],[1.958594,41.435996],[1.958657,41.435947],[1.958759,41.435969],[1.959028,41.436025],[1.959115,41.436058],[1.9601,41.436267],[1.960731,41.436116],[1.960759,41.436109],[1.960812,41.435649],[1.960777,41.435648],[1.960768,41.435592],[1.960766,41.435578],[1.960743,41.435441],[1.960725,41.435387],[1.960726,41.435364],[1.960728,41.435318],[1.960729,41.435273],[1.960729,41.43526],[1.960723,41.435246],[1.960716,41.435241],[1.960709,41.435241],[1.960702,41.435243],[1.960687,41.435251],[1.960662,41.435258],[1.960661,41.435248],[1.960661,41.435244],[1.960664,41.435227],[1.960099,41.435346],[1.959852,41.435343],[1.959038,41.435129],[1.958853,41.435059],[1.958806,41.435041],[1.958623,41.434971],[1.958613,41.434968],[1.958581,41.434938],[1.958265,41.43465],[1.958052,41.434455],[1.958541,41.434297],[1.95857,41.434288],[1.958565,41.434279],[1.95857,41.434276],[1.95857,41.434276],[1.958565,41.434255],[1.958561,41.434222],[1.95856,41.434189],[1.958555,41.434166],[1.958536,41.434116],[1.958513,41.434067],[1.95848,41.434006],[1.958447,41.433945],[1.958429,41.433905],[1.958417,41.433865],[1.958412,41.433838],[1.958413,41.433813],[1.958417,41.433787],[1.958433,41.433734],[1.958451,41.433686],[1.958471,41.43364],[1.958475,41.433632],[1.958451,41.433614],[1.958448,41.433617],[1.958447,41.433618],[1.958301,41.433635],[1.958289,41.433634],[1.958246,41.433631],[1.958154,41.43363],[1.958063,41.433631],[1.958033,41.433628],[1.958002,41.433627],[1.957997,41.433605],[1.957996,41.433598],[1.957992,41.433591],[1.957991,41.433587],[1.95799,41.433585],[1.957982,41.433567],[1.95798,41.433565],[1.95797,41.433551],[1.957966,41.433548],[1.957963,41.433546],[1.957952,41.433535],[1.957927,41.433516],[1.957914,41.433509],[1.957999,41.433485],[1.958083,41.433461],[1.95813,41.433447],[1.958166,41.433434],[1.958218,41.433412],[1.958245,41.433397],[1.958245,41.433397],[1.958382,41.433336],[1.958424,41.433317],[1.95832,41.433289],[1.957646,41.433106],[1.957693,41.432986],[1.957191,41.432863],[1.956861,41.432793],[1.956756,41.432768],[1.956671,41.432753],[1.956662,41.432757],[1.956634,41.432768],[1.956634,41.432774],[1.956631,41.432793],[1.956617,41.432816],[1.956599,41.432837],[1.956568,41.43287],[1.956534,41.432904],[1.956499,41.432938],[1.956487,41.432954],[1.956474,41.43298],[1.956465,41.433006],[1.956463,41.433029],[1.956468,41.433053],[1.956478,41.433071],[1.956497,41.433096],[1.956503,41.433101],[1.956522,41.433118],[1.956557,41.43314],[1.956596,41.433156],[1.956665,41.433173],[1.9568,41.433201],[1.956921,41.433225],[1.956962,41.433234],[1.956981,41.433241],[1.957,41.433251],[1.95701,41.43326],[1.957013,41.43327],[1.957012,41.433284],[1.957007,41.433299],[1.956964,41.433315],[1.95684,41.433358],[1.956714,41.433403],[1.956651,41.433432],[1.956592,41.433462],[1.956554,41.433478],[1.956468,41.433501],[1.956389,41.43352],[1.95632,41.433535],[1.956241,41.433545],[1.956191,41.433552],[1.956075,41.433448],[1.955935,41.433315],[1.95603,41.433075],[1.95597,41.433024],[1.955889,41.432955],[1.955717,41.43302],[1.955633,41.433052],[1.955509,41.433098],[1.955541,41.433241],[1.955529,41.433266],[1.955476,41.433379],[1.955384,41.433502],[1.955265,41.433552],[1.95507,41.433552],[1.955025,41.433655],[1.95502,41.433667],[1.95493,41.43382],[1.954908,41.433877],[1.954874,41.433966],[1.954862,41.434101],[1.954861,41.434112],[1.954829,41.434114],[1.954831,41.434122],[1.954817,41.434285],[1.954864,41.434383],[1.955006,41.43451],[1.954866,41.434649],[1.955122,41.434868],[1.955197,41.434772],[1.955249,41.43472],[1.955377,41.434581],[1.955478,41.434614],[1.955587,41.434615],[1.955625,41.43461],[1.955684,41.434601],[1.955732,41.43459],[1.955777,41.434575],[1.955859,41.434535],[1.955939,41.434493],[1.956016,41.434455],[1.956057,41.434438],[1.956101,41.434422],[1.956154,41.434412],[1.956194,41.434407],[1.956254,41.434405],[1.956314,41.434407],[1.956428,41.434416],[1.956543,41.434426],[1.956598,41.43444],[1.956625,41.434447],[1.956651,41.434459],[1.956683,41.434481],[1.956687,41.434487],[1.956709,41.434514],[1.956728,41.434551],[1.956734,41.434576],[1.956738,41.434597],[1.956739,41.434626],[1.956741,41.434655],[1.956742,41.434674],[1.956742,41.434675],[1.956743,41.434699],[1.956743,41.43472],[1.956722,41.434952],[1.956628,41.434878],[1.956619,41.434886],[1.956602,41.434899],[1.956566,41.434922],[1.95653,41.434942],[1.956514,41.434949],[1.956454,41.434976],[1.956425,41.434987],[1.956362,41.435011],[1.956356,41.435013],[1.956258,41.435045],[1.956226,41.435053],[1.956194,41.435057],[1.956127,41.435062],[1.956083,41.435069],[1.956059,41.435076],[1.956021,41.435092],[1.955986,41.435112],[1.955966,41.435128],[1.955947,41.435152],[1.955939,41.435167],[1.955935,41.435179],[1.955935,41.435179],[1.955916,41.435232],[1.955913,41.435238],[1.955913,41.435238],[1.955813,41.435252],[1.955713,41.435252],[1.955594,41.43522],[1.955593,41.43522],[1.955398,41.435142],[1.955377,41.435135],[1.955334,41.435122],[1.955292,41.43511],[1.955233,41.435093],[1.955174,41.435076],[1.955114,41.43506],[1.955055,41.435043],[1.955043,41.435039],[1.955045,41.435064],[1.955032,41.435107],[1.955018,41.43515],[1.955015,41.435166],[1.955007,41.435184],[1.954995,41.435195],[1.954846,41.435197],[1.954602,41.435219],[1.954352,41.435256],[1.954318,41.435216],[1.954241,41.435214],[1.954198,41.435213],[1.954045,41.435301],[1.954073,41.435331],[1.954121,41.435385],[1.954023,41.435386],[1.953882,41.435542],[1.953926,41.435586],[1.953896,41.43561],[1.953902,41.43561],[1.95391,41.435611],[1.953902,41.435623],[1.954154,41.435709],[1.954164,41.435706],[1.95418,41.43569],[1.954194,41.435672],[1.954222,41.435637],[1.954267,41.435599],[1.954347,41.435529],[1.954539,41.435448],[1.954896,41.435391],[1.955053,41.435392],[1.955408,41.435449],[1.955678,41.435505],[1.95606,41.435666],[1.956106,41.435725],[1.956343,41.436027],[1.956351,41.436107],[1.956533,41.436421],[1.956502,41.436934],[1.957076,41.43728],[1.957085,41.437285],[1.957092,41.437286],[1.957124,41.437298],[1.957196,41.437317],[1.957268,41.437336],[1.957299,41.437348],[1.957343,41.437371],[1.957365,41.437381],[1.957385,41.437389],[1.95739,41.437391],[1.957431,41.437401],[1.957473,41.437404],[1.957523,41.437402],[1.957574,41.437396],[1.957654,41.43738],[1.957734,41.437365],[1.957815,41.437357],[1.957854,41.437353],[1.957896,41.437349],[1.957929,41.437344],[1.957976,41.437386],[1.957977,41.437388],[1.958013,41.437463],[1.958058,41.437488],[1.958128,41.437523],[1.958137,41.437527],[1.958254,41.437584],[1.958481,41.43768],[1.958591,41.437719],[1.958619,41.437728],[1.958719,41.437763],[1.958827,41.437808],[1.958927,41.437845],[1.958983,41.437865],[1.959027,41.437881],[1.95905,41.437887],[1.959087,41.437892],[1.959125,41.437895],[1.959185,41.437902],[1.959225,41.437904],[1.959329,41.4379],[1.959708,41.437882],[1.959744,41.437884],[1.959803,41.437889],[1.959862,41.437898],[1.95992,41.437913],[1.959977,41.437932],[1.960039,41.437956],[1.960099,41.437984],[1.960182,41.438033]]]]}},{"type":"Feature","id":"080728_080728 AP15 BLL 3","properties":{"area_id":"080728_080728 AP15 BLL 3","nom":"Can Coll","codi_icgc":"080728 AP15 BLL 3","categoria":"Àrees de poblament","codi_municipi":"080728","municipi":"Corbera de Llobregat","codi_comarca":"11","comarca":"Baix Llobregat","provincia":"Barcelona","font":"ICGC Àrees de poblament v3r1 202602"},"geometry":{"type":"MultiPolygon","coordinates":[[[[1.937427,41.434916],[1.937519,41.434876],[1.937326,41.434443],[1.937354,41.434431],[1.93754,41.434433],[1.937667,41.434428],[1.937766,41.434387],[1.938176,41.434486],[1.938351,41.434193],[1.938488,41.434081],[1.93858,41.434025],[1.938774,41.434222],[1.938992,41.43409],[1.939194,41.433967],[1.939435,41.433889],[1.939452,41.433884],[1.940317,41.433603],[1.940404,41.433574],[1.940447,41.433584],[1.940958,41.433475],[1.941286,41.433363],[1.941479,41.433326],[1.941735,41.433288],[1.941916,41.43324],[1.942131,41.433197],[1.94218,41.433175],[1.942254,41.433161],[1.942338,41.433119],[1.942424,41.433082],[1.942636,41.432992],[1.942626,41.43298],[1.942655,41.432967],[1.942732,41.432937],[1.942734,41.432936],[1.942753,41.432957],[1.943029,41.432824],[1.943119,41.432771],[1.943236,41.432703],[1.943261,41.432689],[1.943281,41.432674],[1.943337,41.432642],[1.943435,41.432571],[1.943547,41.432489],[1.943756,41.432349],[1.94382,41.432306],[1.94409,41.432126],[1.944095,41.432123],[1.944245,41.432016],[1.944353,41.431947],[1.944488,41.431859],[1.944631,41.431761],[1.944629,41.431752],[1.944635,41.431747],[1.944591,41.431535],[1.944528,41.431389],[1.944475,41.431267],[1.944473,41.431264],[1.944432,41.431236],[1.944433,41.431236],[1.944449,41.431203],[1.944434,41.431063],[1.944434,41.431061],[1.94405,41.430954],[1.944045,41.430922],[1.944015,41.43087],[1.943916,41.430807],[1.943587,41.430667],[1.94358,41.430664],[1.943398,41.430616],[1.94325,41.430635],[1.943099,41.43071],[1.942994,41.430732],[1.942987,41.430733],[1.942834,41.430708],[1.942705,41.430774],[1.942698,41.431006],[1.942518,41.430987],[1.942322,41.430848],[1.942116,41.430858],[1.942007,41.430726],[1.942129,41.430662],[1.942287,41.430675],[1.942301,41.430617],[1.942444,41.430534],[1.942473,41.430599],[1.942728,41.430491],[1.943019,41.430495],[1.94303,41.430495],[1.943556,41.430334],[1.943561,41.430333],[1.944113,41.430221],[1.944121,41.430219],[1.944444,41.430163],[1.944744,41.430136],[1.944806,41.430179],[1.944885,41.430114],[1.945129,41.429915],[1.945446,41.429641],[1.94546,41.429621],[1.945467,41.4296],[1.945466,41.429577],[1.945457,41.429556],[1.945452,41.429549],[1.945269,41.429395],[1.94511,41.429292],[1.945109,41.429291],[1.944822,41.429146],[1.94505,41.428997],[1.944885,41.428928],[1.944635,41.428822],[1.944552,41.428766],[1.944215,41.428606],[1.944007,41.428508],[1.943914,41.428476],[1.943623,41.428379],[1.943416,41.428345],[1.943349,41.428344],[1.943249,41.428344],[1.943148,41.428343],[1.943045,41.428337],[1.942943,41.428327],[1.942826,41.428316],[1.942709,41.428305],[1.942618,41.428301],[1.942528,41.428303],[1.942484,41.428307],[1.942419,41.428319],[1.942357,41.428337],[1.942234,41.428382],[1.942115,41.42843],[1.941975,41.428491],[1.941835,41.428553],[1.941733,41.428597],[1.941629,41.42864],[1.941585,41.428657],[1.941516,41.428678],[1.941446,41.428697],[1.941352,41.428719],[1.941304,41.428727],[1.941256,41.42873],[1.941157,41.428731],[1.941058,41.428731],[1.940984,41.428731],[1.94091,41.428733],[1.940893,41.428736],[1.940891,41.428736],[1.940866,41.428747],[1.940848,41.428763],[1.940808,41.428811],[1.940796,41.428827],[1.940744,41.42889],[1.940702,41.428937],[1.940656,41.42901],[1.940613,41.429079],[1.940473,41.42932],[1.94044,41.429384],[1.940359,41.429555],[1.940284,41.429697],[1.940246,41.429762],[1.940143,41.429818],[1.940149,41.42982],[1.940152,41.429821],[1.940175,41.429825],[1.940181,41.429826],[1.940201,41.429829],[1.940235,41.429831],[1.940269,41.42983],[1.9403,41.429827],[1.94033,41.429822],[1.940419,41.429799],[1.940506,41.429772],[1.940654,41.429724],[1.940802,41.429675],[1.940896,41.429644],[1.94099,41.429613],[1.94117,41.429539],[1.94136,41.429457],[1.941378,41.429469],[1.941356,41.429493],[1.94127,41.429572],[1.941224,41.429614],[1.941151,41.429679],[1.941078,41.429744],[1.94097,41.429841],[1.940863,41.429939],[1.940768,41.430026],[1.940677,41.430114],[1.940581,41.430213],[1.940488,41.430313],[1.940415,41.430392],[1.940344,41.430471],[1.940286,41.430543],[1.940232,41.430616],[1.940183,41.430687],[1.940116,41.430814],[1.940085,41.430879],[1.94003,41.431013],[1.940018,41.431047],[1.940009,41.431087],[1.939993,41.43115],[1.939985,41.431176],[1.939971,41.431201],[1.939955,41.431215],[1.939929,41.43123],[1.939901,41.43124],[1.939868,41.431249],[1.939843,41.431255],[1.939799,41.431265],[1.939775,41.43127],[1.939756,41.431274],[1.93974,41.431278],[1.939648,41.431298],[1.939582,41.431313],[1.939382,41.431355],[1.939382,41.431355],[1.93935,41.431362],[1.939273,41.431374],[1.939196,41.431379],[1.939144,41.431378],[1.939004,41.431374],[1.938862,41.431369],[1.938804,41.431368],[1.938742,41.431371],[1.938696,41.431381],[1.938574,41.431422],[1.938458,41.431463],[1.938242,41.431538],[1.93817,41.431571],[1.938129,41.431595],[1.938031,41.43167],[1.937938,41.431743],[1.937859,41.431803],[1.937835,41.431821],[1.937835,41.431821],[1.93782,41.431832],[1.937807,41.431842],[1.937797,41.431848],[1.937773,41.431855],[1.937752,41.431857],[1.937673,41.431855],[1.937614,41.431852],[1.937586,41.43185],[1.937556,41.431847],[1.937528,41.431841],[1.937497,41.431832],[1.937482,41.431827],[1.937474,41.43182],[1.937471,41.43181],[1.937469,41.431802],[1.937496,41.431775],[1.937586,41.431705],[1.937598,41.431697],[1.937703,41.431616],[1.937817,41.431531],[1.937872,41.43149],[1.937983,41.431409],[1.93816,41.431286],[1.938372,41.431133],[1.938455,41.4309],[1.938421,41.430901],[1.938335,41.430917],[1.938049,41.430992],[1.937833,41.43105],[1.937805,41.431058],[1.937746,41.431073],[1.93774,41.431074],[1.937491,41.431139],[1.937374,41.431187],[1.937339,41.431201],[1.937347,41.431202],[1.937326,41.431215],[1.937297,41.431236],[1.937191,41.431322],[1.937086,41.431408],[1.936978,41.431494],[1.936871,41.43158],[1.936792,41.431648],[1.936717,41.431719],[1.936688,41.431758],[1.936665,41.431799],[1.936631,41.431884],[1.936608,41.431954],[1.936589,41.432024],[1.936579,41.432083],[1.93657,41.432143],[1.936559,41.432182],[1.936521,41.432269],[1.936478,41.432355],[1.936435,41.432438],[1.936393,41.43252],[1.936377,41.432562],[1.936364,41.432603],[1.936352,41.432652],[1.936343,41.432688],[1.936325,41.432776],[1.936314,41.432865],[1.936311,41.43296],[1.936315,41.433055],[1.936321,41.433125],[1.936332,41.433194],[1.936344,41.433239],[1.936374,41.43333],[1.936404,41.43342],[1.93643,41.433504],[1.936455,41.433588],[1.936462,41.43362],[1.936465,41.433643],[1.936464,41.433649],[1.936457,41.433654],[1.936451,41.433652],[1.936446,41.433648],[1.936416,41.433608],[1.936385,41.433572],[1.936352,41.433537],[1.936282,41.433473],[1.936206,41.433411],[1.936132,41.43335],[1.936084,41.433312],[1.936048,41.433284],[1.936127,41.433274],[1.936119,41.433233],[1.936168,41.433243],[1.93613,41.432929],[1.936029,41.432813],[1.935974,41.43275],[1.935883,41.432739],[1.935895,41.432713],[1.935853,41.432702],[1.935813,41.432786],[1.935785,41.432875],[1.935734,41.432969],[1.935713,41.432966],[1.935678,41.433101],[1.935645,41.433167],[1.93553,41.433401],[1.935477,41.433507],[1.935501,41.43351],[1.935635,41.43356],[1.935679,41.433575],[1.935708,41.433635],[1.935734,41.433833],[1.935863,41.433843],[1.935845,41.434076],[1.935921,41.43424],[1.935906,41.434246],[1.936057,41.434499],[1.936073,41.434524],[1.93597,41.434555],[1.935845,41.434563],[1.935683,41.434577],[1.935771,41.434737],[1.935873,41.434842],[1.935817,41.434868],[1.93585,41.434875],[1.935918,41.434889],[1.936158,41.434939],[1.936279,41.434953],[1.936622,41.434993],[1.936981,41.434991],[1.937001,41.434987],[1.937427,41.434916]]]]}},{"type":"Feature","id":"080728_080728 AP14 BLL 3","properties":{"area_id":"080728_080728 AP14 BLL 3","nom":"Can Llopard","codi_icgc":"080728 AP14 BLL 3","categoria":"Àrees de poblament","codi_municipi":"080728","municipi":"Corbera de Llobregat","codi_comarca":"11","comarca":"Baix Llobregat","provincia":"Barcelona","font":"ICGC Àrees de poblament v3r1 202602"},"geometry":{"type":"MultiPolygon","coordinates":[[[[1.952438,41.440516],[1.952439,41.440518],[1.952682,41.440491],[1.952872,41.440207],[1.953119,41.439902],[1.953337,41.439648],[1.953453,41.439548],[1.953601,41.439463],[1.954066,41.439318],[1.954444,41.439194],[1.954711,41.439124],[1.954913,41.439155],[1.955347,41.439024],[1.955458,41.438983],[1.955499,41.438959],[1.955874,41.438743],[1.95589,41.438665],[1.955899,41.438618],[1.956449,41.438403],[1.956738,41.438335],[1.95675,41.438333],[1.95688,41.438303],[1.956928,41.438286],[1.956972,41.438272],[1.956952,41.437886],[1.956844,41.437902],[1.956842,41.43789],[1.956679,41.437142],[1.956367,41.436921],[1.956362,41.43685],[1.956356,41.436745],[1.956453,41.436567],[1.956437,41.436431],[1.956364,41.436327],[1.956237,41.435954],[1.955995,41.435788],[1.955612,41.435596],[1.955608,41.43558],[1.955602,41.435558],[1.955598,41.43554],[1.955378,41.435507],[1.955217,41.435478],[1.955156,41.435473],[1.955063,41.435472],[1.954969,41.435471],[1.954905,41.435475],[1.954842,41.435479],[1.954756,41.435493],[1.954712,41.435501],[1.954626,41.43552],[1.954597,41.435527],[1.954548,41.435537],[1.954413,41.435615],[1.954292,41.435739],[1.954239,41.435785],[1.954041,41.436008],[1.954003,41.436047],[1.953913,41.436114],[1.953845,41.436152],[1.953711,41.436215],[1.95358,41.436278],[1.953479,41.436338],[1.953382,41.436404],[1.953355,41.436427],[1.953289,41.43649],[1.953205,41.436579],[1.953138,41.436672],[1.953076,41.436768],[1.953025,41.436831],[1.952991,41.436859],[1.952954,41.436884],[1.952893,41.436911],[1.952794,41.436925],[1.952726,41.436933],[1.952569,41.436861],[1.952367,41.436792],[1.952203,41.436762],[1.952026,41.436713],[1.951888,41.436683],[1.951672,41.436681],[1.951374,41.436691],[1.951305,41.436798],[1.951235,41.436978],[1.951185,41.43709],[1.951681,41.437231],[1.951831,41.437273],[1.952226,41.437385],[1.952198,41.437399],[1.952172,41.437415],[1.952121,41.43745],[1.952086,41.437476],[1.952057,41.437504],[1.952043,41.437523],[1.952016,41.437562],[1.951982,41.437622],[1.951946,41.437692],[1.95191,41.437761],[1.951863,41.437848],[1.951814,41.437935],[1.951753,41.438037],[1.951691,41.438138],[1.951628,41.438239],[1.951565,41.43834],[1.9515,41.438437],[1.951433,41.438533],[1.951369,41.438624],[1.951304,41.438715],[1.951287,41.438745],[1.951274,41.438776],[1.951257,41.438839],[1.951247,41.438895],[1.951244,41.438951],[1.951245,41.438954],[1.951247,41.438985],[1.951253,41.439019],[1.951259,41.439042],[1.951282,41.439106],[1.951309,41.439169],[1.951343,41.439241],[1.951377,41.439313],[1.951406,41.439374],[1.951436,41.439434],[1.951474,41.439496],[1.951519,41.439555],[1.951568,41.439613],[1.951618,41.439669],[1.951664,41.439717],[1.951711,41.439764],[1.951772,41.439817],[1.951836,41.439868],[1.951932,41.439941],[1.952027,41.440014],[1.952137,41.440103],[1.952245,41.440195],[1.952288,41.440236],[1.952325,41.44028],[1.952351,41.440321],[1.952374,41.440362],[1.952411,41.440446],[1.952424,41.440481],[1.952438,41.440516]]]]}},{"type":"Feature","id":"080728_080728 AP22 BLL 3","properties":{"area_id":"080728_080728 AP22 BLL 3","nom":"Can Lluís","codi_icgc":"080728 AP22 BLL 3","categoria":"Àrees de poblament","codi_municipi":"080728","municipi":"Corbera de Llobregat","codi_comarca":"11","comarca":"Baix Llobregat","provincia":"Barcelona","font":"ICGC Àrees de poblament v3r1 202602"},"geometry":{"type":"MultiPolygon","coordinates":[[[[1.912752,41.416295],[1.912803,41.416285],[1.913103,41.41619],[1.913503,41.416122],[1.913774,41.416061],[1.914175,41.415986],[1.914488,41.415916],[1.914452,41.415767],[1.914403,41.415683],[1.914381,41.41565],[1.914341,41.415614],[1.91431,41.415585],[1.914277,41.415537],[1.914147,41.415534],[1.914004,41.415547],[1.913842,41.415617],[1.913726,41.415694],[1.913583,41.415757],[1.913421,41.41577],[1.913298,41.415762],[1.913194,41.415739],[1.913006,41.415644],[1.913026,41.415554],[1.912945,41.415488],[1.912944,41.415358],[1.912798,41.414999],[1.912756,41.414625],[1.912715,41.414611],[1.912664,41.414592],[1.912579,41.414573],[1.912452,41.414546],[1.912392,41.414542],[1.912339,41.414542],[1.912286,41.414546],[1.912241,41.414553],[1.912201,41.414563],[1.912161,41.414579],[1.91213,41.414597],[1.912111,41.414615],[1.912098,41.414634],[1.912093,41.414647],[1.912085,41.414685],[1.912083,41.414725],[1.912083,41.414799],[1.912086,41.414874],[1.91209,41.414932],[1.912094,41.414991],[1.912093,41.415021],[1.912087,41.415053],[1.912075,41.415078],[1.91205,41.415108],[1.912024,41.415133],[1.911972,41.41517],[1.911934,41.415195],[1.911908,41.415213],[1.911847,41.415252],[1.911842,41.415255],[1.911795,41.415281],[1.911702,41.415326],[1.911609,41.41537],[1.91154,41.4154],[1.911467,41.41543],[1.91141,41.415448],[1.91135,41.415461],[1.911297,41.415467],[1.911245,41.415468],[1.91124,41.415468],[1.911116,41.41546],[1.911109,41.415451],[1.911109,41.41545],[1.911013,41.415436],[1.910918,41.415422],[1.910906,41.41542],[1.910853,41.415415],[1.910801,41.415409],[1.910749,41.415407],[1.910698,41.415408],[1.910647,41.415411],[1.910597,41.415416],[1.910567,41.415418],[1.910538,41.415425],[1.910529,41.415433],[1.910525,41.415442],[1.910524,41.415456],[1.910526,41.415469],[1.910528,41.415477],[1.910534,41.415484],[1.910536,41.415485],[1.910495,41.415504],[1.910465,41.415555],[1.910459,41.415555],[1.910443,41.415555],[1.910428,41.415555],[1.910413,41.415559],[1.910402,41.415568],[1.910394,41.415579],[1.910386,41.41559],[1.910385,41.415623],[1.910387,41.415673],[1.91039,41.415723],[1.910397,41.415783],[1.910405,41.415847],[1.910405,41.415884],[1.910404,41.415888],[1.910415,41.415901],[1.910451,41.415941],[1.910499,41.415994],[1.910546,41.416046],[1.910593,41.416097],[1.910623,41.416123],[1.910634,41.416133],[1.910652,41.416148],[1.910673,41.416165],[1.910704,41.416189],[1.910718,41.416203],[1.910732,41.416218],[1.910758,41.416252],[1.910785,41.416287],[1.910789,41.416284],[1.910806,41.416304],[1.910828,41.416331],[1.910829,41.416331],[1.910598,41.416532],[1.911041,41.416491],[1.911182,41.416477],[1.911202,41.416476],[1.911212,41.416475],[1.911218,41.416501],[1.911383,41.416492],[1.911564,41.416462],[1.911693,41.416449],[1.911845,41.416411],[1.911983,41.416387],[1.912343,41.416371],[1.912752,41.416295]]]]}},{"type":"Feature","id":"080728_080728 AP16 BLL 3","properties":{"area_id":"080728_080728 AP16 BLL 3","nom":"Can Margarit","codi_icgc":"080728 AP16 BLL 3","categoria":"Àrees de poblament","codi_municipi":"080728","municipi":"Corbera de Llobregat","codi_comarca":"11","comarca":"Baix Llobregat","provincia":"Barcelona","font":"ICGC Àrees de poblament v3r1 202602"},"geometry":{"type":"MultiPolygon","coordinates":[[[[1.942806,41.423151],[1.942921,41.423017],[1.942991,41.42287],[1.943056,41.42276],[1.943346,41.422441],[1.943665,41.422101],[1.944007,41.42172],[1.944148,41.421578],[1.944646,41.421139],[1.944787,41.420993],[1.944854,41.421017],[1.944858,41.421013],[1.945388,41.420463],[1.945602,41.420242],[1.945743,41.420097],[1.945737,41.420093],[1.945645,41.420026],[1.945531,41.419989],[1.945358,41.419931],[1.945161,41.419849],[1.945179,41.419714],[1.945179,41.419714],[1.945173,41.419708],[1.945184,41.419489],[1.945192,41.419287],[1.945206,41.41899],[1.945213,41.418847],[1.945216,41.418787],[1.945209,41.418679],[1.945204,41.418615],[1.945202,41.418585],[1.945199,41.418556],[1.94519,41.41845],[1.945196,41.418414],[1.945199,41.418393],[1.945222,41.418122],[1.945219,41.418122],[1.945217,41.41809],[1.94521,41.417978],[1.945213,41.417906],[1.9452,41.417789],[1.945196,41.417735],[1.945194,41.417735],[1.945068,41.417515],[1.945059,41.417515],[1.945059,41.417515],[1.94506,41.41751],[1.945053,41.417511],[1.944924,41.417515],[1.944891,41.417525],[1.944814,41.41754],[1.944812,41.417538],[1.944801,41.417524],[1.944793,41.417515],[1.944782,41.417524],[1.944778,41.417526],[1.944743,41.417533],[1.944707,41.417541],[1.944681,41.417545],[1.944666,41.417549],[1.94465,41.417553],[1.944638,41.417557],[1.944579,41.417577],[1.944566,41.417582],[1.944576,41.417593],[1.94458,41.417598],[1.944482,41.417647],[1.944459,41.417658],[1.944435,41.417671],[1.944385,41.417696],[1.944282,41.417745],[1.944179,41.417796],[1.944195,41.417813],[1.944004,41.417884],[1.943976,41.417893],[1.943881,41.417925],[1.943868,41.417905],[1.943803,41.417924],[1.943784,41.417927],[1.943777,41.417929],[1.943713,41.417947],[1.94368,41.417957],[1.943577,41.417987],[1.943585,41.417996],[1.9436,41.418013],[1.943617,41.418032],[1.943426,41.418076],[1.943296,41.418231],[1.943285,41.418235],[1.943288,41.418239],[1.943105,41.418326],[1.943102,41.418323],[1.943033,41.418354],[1.943021,41.418359],[1.943015,41.418353],[1.942905,41.418394],[1.942809,41.418436],[1.942799,41.418441],[1.942795,41.418441],[1.942797,41.418445],[1.942722,41.418487],[1.942695,41.418457],[1.942495,41.418536],[1.942296,41.418581],[1.942302,41.418587],[1.942336,41.418622],[1.94237,41.418661],[1.942348,41.418674],[1.942271,41.418689],[1.942281,41.418698],[1.942279,41.41876],[1.942277,41.41879],[1.942012,41.418843],[1.941967,41.41929],[1.942247,41.41929],[1.942238,41.419448],[1.941019,41.419449],[1.940278,41.419447],[1.940238,41.419618],[1.94016,41.419737],[1.939978,41.420016],[1.939818,41.420091],[1.939658,41.42019],[1.939568,41.420265],[1.940811,41.420972],[1.941364,41.421276],[1.941682,41.421448],[1.941736,41.421502],[1.941687,41.421597],[1.941526,41.421751],[1.941325,41.421957],[1.941159,41.421938],[1.941035,41.421794],[1.940935,41.42167],[1.940926,41.421678],[1.940447,41.42213],[1.940407,41.422176],[1.940143,41.422487],[1.940063,41.422576],[1.939956,41.422724],[1.93986,41.422821],[1.93985,41.42283],[1.939681,41.422995],[1.93963,41.423044],[1.939464,41.423215],[1.939435,41.423244],[1.939388,41.423292],[1.939332,41.423348],[1.939285,41.423396],[1.939275,41.423406],[1.939205,41.423472],[1.939145,41.423548],[1.939019,41.423652],[1.939018,41.423652],[1.938862,41.423746],[1.938849,41.42375],[1.938798,41.423762],[1.938773,41.423768],[1.938758,41.423771],[1.938739,41.423776],[1.938614,41.423867],[1.938613,41.423871],[1.938533,41.424098],[1.938512,41.424086],[1.938349,41.424144],[1.938223,41.424191],[1.938096,41.424245],[1.938089,41.424247],[1.937807,41.424353],[1.937772,41.424366],[1.937796,41.424401],[1.937819,41.424436],[1.937831,41.424462],[1.937838,41.424504],[1.937838,41.424546],[1.937837,41.424573],[1.937835,41.42463],[1.937823,41.424714],[1.937821,41.424724],[1.937811,41.424765],[1.937787,41.424841],[1.937759,41.424916],[1.93775,41.424932],[1.937736,41.424961],[1.937694,41.425026],[1.937674,41.425059],[1.937657,41.425094],[1.937638,41.425155],[1.937634,41.425186],[1.937633,41.425217],[1.937636,41.425268],[1.937645,41.425319],[1.937651,41.425349],[1.937658,41.425378],[1.937705,41.425389],[1.937558,41.425442],[1.937368,41.425512],[1.937352,41.425524],[1.937288,41.425464],[1.937269,41.425414],[1.937303,41.425382],[1.937329,41.425362],[1.937348,41.42533],[1.937394,41.425164],[1.937407,41.42509],[1.937463,41.424984],[1.937466,41.42498],[1.937536,41.424838],[1.937551,41.424791],[1.93756,41.424733],[1.93756,41.424707],[1.937555,41.424691],[1.937533,41.42462],[1.937532,41.42462],[1.937453,41.424581],[1.93723,41.424341],[1.936995,41.4241],[1.936848,41.424142],[1.936395,41.424286],[1.936321,41.424414],[1.93616,41.42447],[1.936034,41.424566],[1.935955,41.424715],[1.935968,41.424749],[1.935889,41.424798],[1.936739,41.425202],[1.936906,41.425136],[1.937122,41.425051],[1.93717,41.425],[1.937209,41.425025],[1.937361,41.42484],[1.937376,41.424842],[1.937416,41.424766],[1.937449,41.424697],[1.93753,41.424732],[1.937515,41.424818],[1.937467,41.424925],[1.937405,41.425028],[1.937375,41.425097],[1.937333,41.425272],[1.937327,41.425296],[1.937295,41.425353],[1.937249,41.425374],[1.937241,41.425412],[1.937233,41.425456],[1.937299,41.425516],[1.937288,41.425533],[1.937281,41.425544],[1.937255,41.425555],[1.937255,41.425555],[1.93725,41.425561],[1.937241,41.425567],[1.937229,41.425571],[1.93722,41.425574],[1.937128,41.425607],[1.937079,41.425625],[1.93703,41.425643],[1.936823,41.42572],[1.936616,41.425799],[1.936614,41.4258],[1.936563,41.42582],[1.936513,41.425839],[1.936502,41.425844],[1.936425,41.425876],[1.936419,41.425878],[1.936417,41.425879],[1.936416,41.42588],[1.936387,41.425892],[1.936383,41.425893],[1.936311,41.425923],[1.93631,41.425923],[1.936302,41.425926],[1.936297,41.425928],[1.936283,41.425934],[1.936205,41.425973],[1.936156,41.425999],[1.936117,41.426018],[1.936019,41.425827],[1.935963,41.425718],[1.935915,41.425625],[1.935915,41.425624],[1.935833,41.425461],[1.935815,41.425438],[1.935587,41.425354],[1.935556,41.42534],[1.935146,41.425184],[1.935025,41.4253],[1.934997,41.425326],[1.934984,41.425337],[1.934918,41.425396],[1.934889,41.425385],[1.934855,41.425377],[1.934804,41.425374],[1.934753,41.425377],[1.934675,41.425384],[1.934636,41.42539],[1.934598,41.4254],[1.934544,41.42542],[1.934495,41.425444],[1.934415,41.425491],[1.934336,41.425539],[1.934332,41.425543],[1.934156,41.425742],[1.933877,41.425845],[1.933691,41.425879],[1.933411,41.425894],[1.933415,41.425944],[1.933261,41.425902],[1.933095,41.425906],[1.933095,41.425996],[1.932935,41.425997],[1.932924,41.426115],[1.932805,41.426117],[1.932801,41.426202],[1.932536,41.426334],[1.932544,41.426379],[1.931871,41.426554],[1.931856,41.426557],[1.931314,41.426716],[1.931519,41.427024],[1.931422,41.427038],[1.931293,41.427055],[1.93121,41.427065],[1.931199,41.427067],[1.931115,41.427083],[1.931033,41.427106],[1.93098,41.427125],[1.930869,41.427173],[1.930764,41.427224],[1.930695,41.42726],[1.930574,41.427327],[1.930456,41.427392],[1.930377,41.427428],[1.930156,41.427505],[1.929929,41.427579],[1.929768,41.427631],[1.929605,41.427684],[1.92956,41.427703],[1.929519,41.427725],[1.92945,41.427769],[1.929407,41.427794],[1.929386,41.427803],[1.929326,41.427821],[1.929265,41.427831],[1.929227,41.427834],[1.929176,41.427833],[1.929153,41.42783],[1.929126,41.427822],[1.929059,41.427795],[1.929007,41.427776],[1.92897,41.427768],[1.928927,41.427763],[1.928852,41.427766],[1.928776,41.427774],[1.928724,41.427784],[1.928657,41.427804],[1.928608,41.427826],[1.928566,41.427849],[1.928495,41.427892],[1.928451,41.427915],[1.928427,41.427924],[1.928325,41.427953],[1.92822,41.427977],[1.928151,41.427987],[1.92804,41.427996],[1.92793,41.427998],[1.927858,41.427995],[1.927788,41.427987],[1.92772,41.427973],[1.927679,41.42796],[1.927651,41.427946],[1.927627,41.42793],[1.927616,41.427919],[1.927612,41.427913],[1.92761,41.427902],[1.927611,41.427891],[1.927612,41.42789],[1.927618,41.42788],[1.927628,41.42787],[1.927633,41.427865],[1.927659,41.427845],[1.92767,41.427839],[1.927696,41.427831],[1.927727,41.427825],[1.927804,41.427814],[1.927859,41.427803],[1.927943,41.427779],[1.928026,41.427753],[1.928084,41.427728],[1.928135,41.427695],[1.928179,41.427662],[1.928254,41.427593],[1.928284,41.427563],[1.928311,41.427531],[1.928361,41.427474],[1.928395,41.427442],[1.928416,41.427427],[1.92854,41.427354],[1.928668,41.427281],[1.928777,41.427219],[1.928887,41.427156],[1.928941,41.427122],[1.928991,41.427084],[1.929047,41.427034],[1.929313,41.42703],[1.929662,41.427049],[1.92986,41.426692],[1.929609,41.426586],[1.929131,41.42668],[1.929099,41.42666],[1.929058,41.426639],[1.929027,41.426629],[1.928985,41.426619],[1.928931,41.426616],[1.928897,41.426619],[1.928816,41.426636],[1.928737,41.42666],[1.928684,41.426681],[1.928629,41.426708],[1.928581,41.426732],[1.928356,41.42668],[1.927884,41.426681],[1.927472,41.426687],[1.927079,41.426784],[1.926947,41.426816],[1.926727,41.426868],[1.926651,41.426886],[1.926642,41.426888],[1.926705,41.427391],[1.927299,41.427312],[1.927382,41.427487],[1.927432,41.427616],[1.927547,41.427791],[1.927607,41.427784],[1.927666,41.427778],[1.927609,41.4278],[1.927577,41.427817],[1.927558,41.427833],[1.927546,41.427844],[1.92753,41.427871],[1.92753,41.427872],[1.927522,41.427894],[1.927522,41.427896],[1.927523,41.427916],[1.927523,41.427917],[1.92753,41.427931],[1.927536,41.427938],[1.927553,41.427958],[1.927567,41.427972],[1.927581,41.427985],[1.927626,41.428017],[1.927577,41.427995],[1.927528,41.427972],[1.927507,41.428061],[1.9275,41.428192],[1.927494,41.428472],[1.927494,41.428473],[1.927512,41.428672],[1.927512,41.428709],[1.927523,41.428833],[1.927447,41.428844],[1.927409,41.428849],[1.927355,41.428855],[1.927315,41.428856],[1.927287,41.428855],[1.927242,41.428849],[1.927165,41.428832],[1.92701,41.428796],[1.926949,41.428787],[1.926802,41.428768],[1.926626,41.42875],[1.926592,41.428748],[1.926559,41.428748],[1.926541,41.428748],[1.926498,41.42875],[1.926476,41.428754],[1.926416,41.428765],[1.926362,41.428778],[1.926326,41.428789],[1.926286,41.428803],[1.92625,41.428819],[1.926174,41.428857],[1.926078,41.42892],[1.92602,41.428967],[1.925942,41.42904],[1.925867,41.429114],[1.925841,41.429137],[1.925812,41.429159],[1.925757,41.429191],[1.925699,41.429215],[1.925658,41.429226],[1.92563,41.429229],[1.925602,41.429231],[1.925556,41.429231],[1.92549,41.429222],[1.925378,41.429204],[1.925303,41.429198],[1.925244,41.429196],[1.925199,41.429197],[1.925154,41.429198],[1.925126,41.429201],[1.925095,41.429206],[1.925072,41.429213],[1.925048,41.429222],[1.925026,41.429234],[1.92501,41.429248],[1.924993,41.429269],[1.92497,41.429311],[1.924948,41.429353],[1.924924,41.429398],[1.924902,41.429441],[1.924889,41.429462],[1.924851,41.429499],[1.924821,41.429519],[1.924787,41.429538],[1.924751,41.429555],[1.924657,41.429588],[1.924555,41.429621],[1.924524,41.429633],[1.924537,41.429685],[1.924539,41.429695],[1.924542,41.429706],[1.924598,41.429728],[1.924756,41.429805],[1.924899,41.429885],[1.924994,41.429936],[1.925002,41.42994],[1.92499,41.42996],[1.925081,41.429993],[1.925087,41.429984],[1.925106,41.429993],[1.925153,41.430015],[1.925236,41.430057],[1.925241,41.43006],[1.925285,41.43008],[1.925313,41.430095],[1.925372,41.430024],[1.925386,41.430007],[1.925417,41.42997],[1.925431,41.429954],[1.925494,41.429878],[1.925496,41.429876],[1.925558,41.429802],[1.925614,41.429736],[1.925671,41.42967],[1.925697,41.429633],[1.925704,41.429613],[1.925701,41.429594],[1.925684,41.429575],[1.925663,41.429564],[1.925693,41.429528],[1.925677,41.429498],[1.92595,41.42946],[1.926283,41.429404],[1.926736,41.429283],[1.92715,41.429156],[1.927154,41.429517],[1.927144,41.429521],[1.926952,41.429592],[1.926671,41.429689],[1.926384,41.429788],[1.926327,41.429814],[1.926283,41.429835],[1.926243,41.42986],[1.926171,41.429913],[1.92614,41.429939],[1.926101,41.429975],[1.926075,41.430003],[1.926059,41.430024],[1.926044,41.430046],[1.926021,41.430091],[1.926005,41.430139],[1.925994,41.430178],[1.925991,41.430203],[1.925991,41.430223],[1.925995,41.430251],[1.926003,41.430272],[1.926014,41.430288],[1.926015,41.430289],[1.926031,41.430308],[1.926032,41.430308],[1.92605,41.430323],[1.926054,41.430324],[1.926077,41.430338],[1.926098,41.430345],[1.926089,41.430447],[1.92608,41.43055],[1.926075,41.43061],[1.926068,41.430706],[1.926063,41.430801],[1.926066,41.430837],[1.926079,41.430892],[1.926085,41.430919],[1.926089,41.430945],[1.926095,41.431008],[1.926099,41.431052],[1.926106,41.431068],[1.926106,41.431069],[1.926342,41.430954],[1.926364,41.430999],[1.926491,41.431256],[1.926697,41.431201],[1.92657,41.430902],[1.926658,41.430857],[1.926771,41.4308],[1.926806,41.430788],[1.926843,41.430779],[1.926918,41.430776],[1.927034,41.430789],[1.927149,41.430809],[1.92724,41.430827],[1.927329,41.430849],[1.927389,41.430865],[1.927449,41.430882],[1.927498,41.430894],[1.927548,41.430905],[1.927615,41.430914],[1.927682,41.430914],[1.927804,41.430904],[1.927944,41.430886],[1.928001,41.430877],[1.928053,41.430868],[1.928122,41.430989],[1.92835,41.430927],[1.928566,41.430877],[1.928654,41.430871],[1.928669,41.430876],[1.928837,41.430933],[1.928956,41.430855],[1.928991,41.430808],[1.929106,41.430654],[1.929253,41.430548],[1.929304,41.430514],[1.92953,41.430588],[1.929622,41.430582],[1.929784,41.430637],[1.930002,41.430543],[1.929965,41.430472],[1.93003,41.430445],[1.930312,41.430475],[1.930374,41.430483],[1.930775,41.430532],[1.930775,41.430529],[1.930835,41.430538],[1.931195,41.430462],[1.931164,41.430312],[1.931152,41.430293],[1.93114,41.430273],[1.931133,41.430265],[1.931241,41.430239],[1.931348,41.430213],[1.93142,41.430197],[1.931492,41.430184],[1.931639,41.430162],[1.931767,41.430149],[1.931895,41.43014],[1.93198,41.430133],[1.932112,41.430119],[1.932244,41.430103],[1.932331,41.430089],[1.932445,41.430065],[1.932509,41.430047],[1.932569,41.430026],[1.932606,41.43001],[1.932625,41.430001],[1.932736,41.429947],[1.932824,41.429903],[1.932911,41.429858],[1.932922,41.429852],[1.932968,41.429824],[1.932996,41.429806],[1.93302,41.429785],[1.933032,41.429771],[1.93304,41.42975],[1.933041,41.429729],[1.933042,41.429707],[1.933042,41.429664],[1.933039,41.429621],[1.933037,41.429578],[1.933041,41.429549],[1.933046,41.42954],[1.933056,41.429519],[1.933078,41.429489],[1.93313,41.429428],[1.933188,41.429352],[1.933197,41.42934],[1.933243,41.429281],[1.933267,41.429249],[1.933284,41.429226],[1.933306,41.4292],[1.933333,41.429175],[1.933358,41.429159],[1.933384,41.429147],[1.933403,41.429142],[1.933428,41.429142],[1.933491,41.429152],[1.933553,41.429162],[1.933625,41.429174],[1.933698,41.429186],[1.933724,41.429189],[1.93375,41.429189],[1.933804,41.429185],[1.933839,41.429179],[1.9339,41.429162],[1.933956,41.429139],[1.934053,41.429088],[1.934143,41.429032],[1.934209,41.428981],[1.934275,41.42893],[1.934332,41.428895],[1.934394,41.428865],[1.93444,41.428849],[1.934485,41.428836],[1.934522,41.428829],[1.934624,41.428837],[1.934738,41.428858],[1.934816,41.428945],[1.935071,41.429068],[1.935146,41.429119],[1.935169,41.429134],[1.935204,41.429124],[1.935217,41.429123],[1.935246,41.429116],[1.935274,41.429108],[1.935331,41.429089],[1.935371,41.429082],[1.935474,41.429073],[1.935578,41.429064],[1.935581,41.429064],[1.935706,41.42906],[1.935806,41.429056],[1.935905,41.429052],[1.93596,41.429049],[1.935976,41.429049],[1.936179,41.429053],[1.936179,41.429046],[1.936181,41.428989],[1.936187,41.42885],[1.936658,41.428593],[1.937094,41.428359],[1.937696,41.428],[1.938141,41.427734],[1.938253,41.427667],[1.938247,41.427663],[1.938403,41.427514],[1.938511,41.427345],[1.938518,41.42728],[1.938525,41.427209],[1.938211,41.427045],[1.937908,41.42694],[1.937773,41.426921],[1.937739,41.426894],[1.937593,41.426939],[1.937343,41.427016],[1.937335,41.427019],[1.936947,41.42716],[1.936802,41.427211],[1.936775,41.427199],[1.936737,41.427184],[1.936686,41.427167],[1.936624,41.427151],[1.936535,41.427136],[1.936451,41.427124],[1.936368,41.427113],[1.936351,41.427111],[1.936331,41.427108],[1.9363,41.427104],[1.936254,41.427098],[1.936215,41.427089],[1.936191,41.42708],[1.936151,41.427058],[1.936112,41.427032],[1.936082,41.427006],[1.936042,41.426963],[1.936007,41.426917],[1.935988,41.426881],[1.935977,41.426844],[1.935977,41.426838],[1.935975,41.426816],[1.935974,41.426809],[1.935974,41.426792],[1.935975,41.426751],[1.935983,41.426693],[1.935992,41.426648],[1.935998,41.426629],[1.936007,41.42661],[1.936072,41.426502],[1.936137,41.426393],[1.936207,41.426281],[1.936243,41.426224],[1.936275,41.426166],[1.936317,41.426072],[1.936335,41.426032],[1.936352,41.426001],[1.936362,41.425984],[1.93637,41.425975],[1.936372,41.425973],[1.936381,41.425964],[1.936392,41.425956],[1.936409,41.425946],[1.936409,41.425946],[1.936418,41.425941],[1.93643,41.425935],[1.936436,41.425933],[1.936445,41.425929],[1.936454,41.425925],[1.93651,41.425903],[1.936523,41.425996],[1.936557,41.426092],[1.936558,41.426174],[1.936562,41.426289],[1.936553,41.426399],[1.936532,41.426488],[1.936468,41.426591],[1.936381,41.426702],[1.936422,41.426781],[1.936818,41.426705],[1.937155,41.426594],[1.937212,41.426577],[1.937473,41.42649],[1.937592,41.426449],[1.937598,41.426447],[1.937612,41.426443],[1.937851,41.426362],[1.937955,41.426327],[1.937981,41.426319],[1.93853,41.426443],[1.938686,41.426779],[1.938724,41.426798],[1.939011,41.42681],[1.939029,41.42681],[1.939461,41.426837],[1.939558,41.426645],[1.939581,41.426651],[1.93963,41.426664],[1.939674,41.426679],[1.939715,41.426691],[1.939748,41.4267],[1.939765,41.426705],[1.939864,41.426724],[1.940058,41.426755],[1.940225,41.426789],[1.94039,41.426822],[1.940394,41.426823],[1.940447,41.42677],[1.940427,41.426762],[1.940411,41.426521],[1.940408,41.426472],[1.940398,41.426343],[1.940397,41.426327],[1.940392,41.426057],[1.940371,41.425979],[1.940298,41.425714],[1.94028,41.425644],[1.940232,41.425501],[1.940206,41.425425],[1.940199,41.425402],[1.940147,41.425231],[1.940088,41.425008],[1.940245,41.424937],[1.940217,41.424881],[1.940139,41.424808],[1.939912,41.424585],[1.939982,41.42455],[1.940073,41.424515],[1.940138,41.424499],[1.940229,41.424483],[1.94041,41.424462],[1.940593,41.424447],[1.940734,41.424439],[1.940871,41.424437],[1.940905,41.424441],[1.94094,41.424451],[1.940962,41.42446],[1.940992,41.424475],[1.94103,41.4245],[1.941051,41.424519],[1.94107,41.424538],[1.941103,41.424582],[1.941121,41.424613],[1.94114,41.424653],[1.941159,41.424696],[1.941179,41.424729],[1.941207,41.424757],[1.941226,41.42477],[1.941244,41.42478],[1.941261,41.424786],[1.941279,41.424789],[1.941297,41.42479],[1.94132,41.424786],[1.941337,41.42478],[1.94135,41.424773],[1.941364,41.424762],[1.941388,41.42474],[1.941401,41.424724],[1.941406,41.42471],[1.94141,41.424696],[1.941411,41.42467],[1.941408,41.424652],[1.941401,41.424631],[1.94137,41.424567],[1.941349,41.424517],[1.941324,41.424462],[1.941299,41.424425],[1.941255,41.424377],[1.941209,41.424333],[1.941115,41.424252],[1.941,41.424156],[1.940886,41.42406],[1.940814,41.423998],[1.940739,41.423933],[1.940702,41.423909],[1.940685,41.423903],[1.940732,41.423746],[1.94079,41.423644],[1.940819,41.423592],[1.940926,41.423401],[1.940931,41.423392],[1.941066,41.423087],[1.94116,41.422885],[1.941254,41.422684],[1.941259,41.422668],[1.941262,41.422665],[1.941338,41.422598],[1.941535,41.422651],[1.941657,41.422712],[1.94175,41.422758],[1.9418,41.422783],[1.94199,41.422866],[1.942389,41.422979],[1.942804,41.423152],[1.942806,41.423151]]]]}},{"type":"Feature","id":"080728_080728 AP27 BLL 3","properties":{"area_id":"080728_080728 AP27 BLL 3","nom":"Can Montmany de Mas Peçoles","codi_icgc":"080728 AP27 BLL 3","categoria":"Àrees de poblament","codi_municipi":"080728","municipi":"Corbera de Llobregat","codi_comarca":"11","comarca":"Baix Llobregat","provincia":"Barcelona","font":"ICGC Àrees de poblament v3r1 202602"},"geometry":{"type":"MultiPolygon","coordinates":[[[[1.961703,41.425395],[1.961959,41.42527],[1.96219,41.425167],[1.962128,41.425063],[1.962045,41.425044],[1.961911,41.425052],[1.961634,41.425058],[1.961424,41.425041],[1.961309,41.425049],[1.960965,41.425073],[1.960731,41.425074],[1.960529,41.425057],[1.960357,41.424972],[1.960247,41.424752],[1.96014,41.424537],[1.959938,41.424273],[1.959675,41.424019],[1.959535,41.423884],[1.959571,41.423859],[1.959458,41.423736],[1.959296,41.42361],[1.959137,41.423488],[1.9588,41.423319],[1.958752,41.423304],[1.958695,41.423295],[1.958628,41.423283],[1.958591,41.4233],[1.95858,41.423323],[1.958594,41.423483],[1.958606,41.42355],[1.958625,41.423584],[1.958763,41.423837],[1.959187,41.424329],[1.959192,41.424334],[1.959185,41.424341],[1.959076,41.424462],[1.958802,41.42461],[1.95875,41.424638],[1.95884,41.424754],[1.958953,41.424899],[1.958973,41.424926],[1.958877,41.424975],[1.958526,41.425093],[1.959017,41.425465],[1.95916,41.425434],[1.959327,41.425386],[1.959465,41.425344],[1.95965,41.425346],[1.959917,41.425469],[1.960073,41.425607],[1.960229,41.425781],[1.96044,41.42595],[1.960676,41.426018],[1.960907,41.425948],[1.96125,41.425776],[1.961462,41.425638],[1.961547,41.425519],[1.961703,41.425395]]],[[[1.956924,41.427334],[1.956893,41.426872],[1.956983,41.426852],[1.957416,41.42679],[1.957535,41.42677],[1.957595,41.426714],[1.9576,41.426669],[1.957502,41.426576],[1.957405,41.42645],[1.957336,41.426298],[1.957287,41.426166],[1.957213,41.4261],[1.9571,41.426064],[1.956909,41.426059],[1.956716,41.426063],[1.956267,41.426047],[1.955963,41.426018],[1.955868,41.426038],[1.955689,41.426063],[1.955602,41.426083],[1.955479,41.426109],[1.955407,41.426126],[1.955386,41.426166],[1.955389,41.426182],[1.955397,41.426193],[1.955405,41.426205],[1.955407,41.426218],[1.955404,41.426232],[1.955396,41.426262],[1.955388,41.426292],[1.955386,41.426313],[1.95539,41.426378],[1.954931,41.426426],[1.954938,41.426518],[1.954987,41.426667],[1.955407,41.426558],[1.955409,41.426569],[1.955415,41.426596],[1.955426,41.426623],[1.955458,41.426675],[1.955493,41.426718],[1.955535,41.426758],[1.955583,41.426797],[1.95563,41.426835],[1.955649,41.42685],[1.955751,41.426935],[1.955742,41.42696],[1.955513,41.427009],[1.955513,41.42701],[1.955493,41.427015],[1.955498,41.42735],[1.955518,41.427351],[1.955926,41.427306],[1.95589,41.427016],[1.956317,41.426949],[1.956629,41.426904],[1.956669,41.427311],[1.956675,41.427372],[1.956924,41.427334]]]]}},{"type":"Feature","id":"080728_080728 AP02 BLL 2","properties":{"area_id":"080728_080728 AP02 BLL 2","nom":"Can Moriscot","codi_icgc":"080728 AP02 BLL 2","categoria":"Àrees de poblament","codi_municipi":"080728","municipi":"Corbera de Llobregat","codi_comarca":"11","comarca":"Baix Llobregat","provincia":"Barcelona","font":"ICGC Àrees de poblament v3r1 202602"},"geometry":{"type":"MultiPolygon","coordinates":[[[[1.931222,41.431472],[1.931156,41.431531],[1.931085,41.431587],[1.931035,41.431623],[1.931008,41.431638],[1.930978,41.431647],[1.93095,41.431649],[1.930921,41.431647],[1.930903,41.431643],[1.930867,41.431631],[1.930831,41.431618],[1.930767,41.431593],[1.930705,41.431568],[1.930703,41.431568],[1.93064,41.431544],[1.930576,41.43152],[1.930497,41.43149],[1.930462,41.431478],[1.930372,41.431452],[1.930345,41.431446],[1.930304,41.431446],[1.930271,41.43145],[1.930237,41.431464],[1.930207,41.431482],[1.930181,41.431501],[1.930159,41.431523],[1.930139,41.431553],[1.930138,41.431555],[1.930135,41.431558],[1.930129,41.431578],[1.930122,41.431595],[1.930122,41.431596],[1.930122,41.431597],[1.93012,41.431614],[1.930121,41.431633],[1.930129,41.43167],[1.930143,41.431698],[1.930165,41.431722],[1.930174,41.431727],[1.930089,41.431786],[1.930227,41.431997],[1.930438,41.432058],[1.930585,41.432096],[1.930521,41.432183],[1.930435,41.432299],[1.930412,41.432329],[1.930366,41.432381],[1.930333,41.432415],[1.930321,41.432419],[1.93026,41.432434],[1.930199,41.43245],[1.930164,41.432461],[1.930132,41.432475],[1.930073,41.432505],[1.930002,41.432538],[1.929915,41.432479],[1.929787,41.432364],[1.929705,41.432289],[1.929657,41.432224],[1.929188,41.432456],[1.929339,41.432626],[1.929359,41.43265],[1.929364,41.43265],[1.929446,41.432651],[1.929528,41.432649],[1.929636,41.43264],[1.929744,41.432628],[1.929847,41.432615],[1.929897,41.432605],[1.929946,41.432589],[1.930018,41.432556],[1.930088,41.432523],[1.930147,41.432494],[1.930177,41.43248],[1.930209,41.43247],[1.93027,41.432454],[1.930376,41.432411],[1.930676,41.43247],[1.930865,41.431988],[1.930907,41.431951],[1.931184,41.431985],[1.931349,41.431937],[1.931579,41.431896],[1.931719,41.431897],[1.931833,41.431935],[1.931899,41.432008],[1.931914,41.432025],[1.931933,41.432244],[1.931923,41.432252],[1.931956,41.432327],[1.931877,41.432366],[1.931732,41.432441],[1.931703,41.432457],[1.931628,41.432498],[1.931525,41.432555],[1.931503,41.432565],[1.931457,41.432579],[1.931381,41.432598],[1.931341,41.432611],[1.931304,41.43263],[1.931191,41.432706],[1.93108,41.432782],[1.930955,41.432866],[1.930828,41.432947],[1.930806,41.43296],[1.930777,41.433006],[1.93076,41.433035],[1.930742,41.433043],[1.930744,41.433058],[1.930741,41.433068],[1.930732,41.433076],[1.930709,41.43309],[1.930646,41.43313],[1.930585,41.433172],[1.930527,41.433216],[1.930469,41.43326],[1.930433,41.433287],[1.930399,41.433314],[1.930373,41.433343],[1.930348,41.433375],[1.930322,41.433402],[1.930296,41.43343],[1.930293,41.433437],[1.930295,41.433445],[1.930323,41.433467],[1.930345,41.433484],[1.931045,41.433513],[1.931176,41.433526],[1.931208,41.433582],[1.931199,41.433638],[1.931192,41.433673],[1.931279,41.433749],[1.931502,41.433603],[1.93152,41.433499],[1.931472,41.433431],[1.93112,41.433415],[1.930967,41.433299],[1.931237,41.433274],[1.931394,41.433226],[1.93155,41.433185],[1.931789,41.433094],[1.931782,41.433033],[1.931735,41.432927],[1.931513,41.432956],[1.931286,41.433097],[1.931249,41.433111],[1.931185,41.433135],[1.931127,41.433152],[1.931066,41.433165],[1.930999,41.433177],[1.931024,41.433158],[1.931046,41.433135],[1.931081,41.433079],[1.931116,41.433023],[1.93117,41.432938],[1.931226,41.432853],[1.931253,41.43282],[1.931297,41.432772],[1.931343,41.432725],[1.931372,41.432696],[1.931386,41.432681],[1.9314,41.432666],[1.931431,41.432628],[1.93145,41.432606],[1.931468,41.432601],[1.931517,41.432586],[1.931542,41.432574],[1.931646,41.432517],[1.93175,41.432461],[1.931895,41.432385],[1.932042,41.432313],[1.932125,41.432279],[1.932172,41.432263],[1.93218,41.432253],[1.932248,41.432238],[1.932385,41.432198],[1.932514,41.432161],[1.932644,41.432125],[1.932729,41.432097],[1.932836,41.432059],[1.932944,41.432021],[1.932999,41.432008],[1.933055,41.432003],[1.933093,41.432003],[1.933142,41.432008],[1.933174,41.432016],[1.933205,41.432028],[1.933265,41.432057],[1.933306,41.432072],[1.933332,41.432078],[1.933376,41.432083],[1.933423,41.432085],[1.933454,41.432083],[1.933493,41.432075],[1.933512,41.432066],[1.933604,41.432014],[1.933695,41.431961],[1.933796,41.431907],[1.933899,41.431855],[1.933914,41.43185],[1.933896,41.43183],[1.933843,41.431769],[1.934181,41.431643],[1.934451,41.431676],[1.934745,41.431703],[1.93505,41.431626],[1.935148,41.431627],[1.935554,41.431422],[1.935799,41.431188],[1.935826,41.431162],[1.935834,41.431155],[1.935788,41.430975],[1.935778,41.430937],[1.935768,41.430897],[1.93575,41.430884],[1.935708,41.430854],[1.935629,41.43087],[1.935522,41.430902],[1.935419,41.430935],[1.935331,41.430962],[1.935324,41.430964],[1.9353,41.430971],[1.935291,41.430974],[1.935262,41.430982],[1.935245,41.430987],[1.935228,41.430991],[1.935213,41.430993],[1.93519,41.430993],[1.935169,41.430992],[1.935148,41.43099],[1.935105,41.430984],[1.935057,41.430974],[1.935011,41.430962],[1.934979,41.430951],[1.934925,41.430926],[1.93491,41.43092],[1.934889,41.430914],[1.934868,41.430911],[1.93485,41.43091],[1.934825,41.430909],[1.934797,41.430909],[1.934767,41.430911],[1.934731,41.430942],[1.934226,41.431366],[1.933693,41.431429],[1.933242,41.431455],[1.932449,41.431818],[1.931762,41.431768],[1.931778,41.431692],[1.931764,41.431602],[1.931782,41.431509],[1.931783,41.431485],[1.931776,41.431423],[1.931678,41.431354],[1.931629,41.431354],[1.931572,41.43136],[1.931391,41.431395],[1.931277,41.431417],[1.931222,41.431472]]]]}},{"type":"Feature","id":"080728_080728 AP10 BLL 3","properties":{"area_id":"080728_080728 AP10 BLL 3","nom":"Can Palet","codi_icgc":"080728 AP10 BLL 3","categoria":"Àrees de poblament","codi_municipi":"080728","municipi":"Corbera de Llobregat","codi_comarca":"11","comarca":"Baix Llobregat","provincia":"Barcelona","font":"ICGC Àrees de poblament v3r1 202602"},"geometry":{"type":"MultiPolygon","coordinates":[[[[1.963986,41.438486],[1.964061,41.438526],[1.964218,41.438605],[1.964152,41.43874],[1.964345,41.438826],[1.964382,41.43874],[1.964464,41.438785],[1.964546,41.438831],[1.964598,41.43886],[1.964629,41.438896],[1.96466,41.438931],[1.964696,41.438978],[1.964732,41.439025],[1.964813,41.439112],[1.964859,41.439147],[1.964875,41.439155],[1.964899,41.439164],[1.964923,41.439172],[1.964947,41.43918],[1.96497,41.439188],[1.964997,41.439196],[1.965001,41.439197],[1.965007,41.439219],[1.964997,41.439234],[1.964988,41.439244],[1.964981,41.439252],[1.964949,41.439279],[1.964852,41.439355],[1.96479,41.439405],[1.964767,41.439426],[1.964751,41.439441],[1.964742,41.439451],[1.964732,41.439462],[1.964723,41.439475],[1.964714,41.439489],[1.964705,41.439503],[1.964697,41.439517],[1.96469,41.43953],[1.964685,41.439543],[1.96468,41.439555],[1.964677,41.439568],[1.964675,41.439581],[1.964674,41.439596],[1.964673,41.439612],[1.964673,41.439634],[1.964674,41.439656],[1.964676,41.439675],[1.964679,41.439693],[1.964687,41.439737],[1.964697,41.439783],[1.964707,41.439819],[1.964715,41.439844],[1.964718,41.43985],[1.964724,41.439863],[1.964731,41.439877],[1.964746,41.439905],[1.964778,41.439956],[1.964789,41.439973],[1.964801,41.439991],[1.964836,41.440049],[1.964854,41.440071],[1.964938,41.440165],[1.965027,41.440255],[1.965104,41.440321],[1.965181,41.440386],[1.965213,41.44042],[1.965224,41.44044],[1.965298,41.440461],[1.96551,41.440143],[1.965747,41.440142],[1.966003,41.439984],[1.966029,41.439966],[1.96609,41.439925],[1.966122,41.439904],[1.966123,41.439899],[1.966119,41.439894],[1.966115,41.43989],[1.966157,41.439879],[1.966171,41.439888],[1.966325,41.439942],[1.966464,41.439807],[1.96646,41.43969],[1.966484,41.439575],[1.966492,41.439533],[1.966571,41.439316],[1.966586,41.439273],[1.966626,41.439119],[1.966664,41.438971],[1.966685,41.438837],[1.966702,41.438677],[1.966708,41.438612],[1.966725,41.438538],[1.966737,41.438508],[1.966752,41.438475],[1.966764,41.438448],[1.966784,41.438392],[1.967008,41.438385],[1.967021,41.438336],[1.966974,41.43827],[1.966965,41.438229],[1.966936,41.438088],[1.966854,41.438085],[1.966801,41.438081],[1.96676,41.438071],[1.966729,41.438061],[1.966699,41.438048],[1.966699,41.438048],[1.96671,41.437909],[1.966748,41.437822],[1.966779,41.437729],[1.966792,41.43763],[1.966799,41.437613],[1.966806,41.437597],[1.966808,41.437593],[1.966811,41.437578],[1.966811,41.437566],[1.966806,41.437556],[1.966799,41.437553],[1.966775,41.437553],[1.966751,41.437553],[1.966756,41.437523],[1.96678,41.43738],[1.966897,41.437153],[1.966905,41.437138],[1.966918,41.437114],[1.966947,41.437016],[1.966835,41.436579],[1.966746,41.436599],[1.96673,41.436547],[1.966815,41.436528],[1.96679,41.436473],[1.966764,41.436418],[1.966755,41.436397],[1.966744,41.436377],[1.96672,41.436336],[1.966704,41.436308],[1.966691,41.436283],[1.966675,41.43626],[1.966657,41.436246],[1.966637,41.436238],[1.966616,41.436237],[1.966603,41.43624],[1.966563,41.436254],[1.966523,41.436271],[1.966497,41.43628],[1.966449,41.43629],[1.966399,41.436297],[1.966354,41.436298],[1.966309,41.436294],[1.966279,41.436287],[1.966222,41.436264],[1.966169,41.436237],[1.966103,41.436198],[1.966037,41.436158],[1.965905,41.43608],[1.965781,41.436011],[1.965657,41.435941],[1.965541,41.435876],[1.965529,41.435869],[1.965426,41.43581],[1.965385,41.435785],[1.965347,41.435759],[1.965276,41.435702],[1.965232,41.435661],[1.965185,41.43561],[1.965145,41.435558],[1.965121,41.435521],[1.965095,41.435471],[1.965012,41.435283],[1.96493,41.435095],[1.964912,41.435062],[1.964869,41.434955],[1.964825,41.434848],[1.964816,41.434831],[1.964806,41.434816],[1.964799,41.434811],[1.964791,41.43481],[1.964783,41.434811],[1.964757,41.43482],[1.964702,41.43485],[1.96465,41.434879],[1.964644,41.434877],[1.964641,41.434878],[1.964237,41.435055],[1.963786,41.435366],[1.963769,41.435346],[1.963726,41.435294],[1.963719,41.435286],[1.963712,41.435279],[1.963691,41.435257],[1.963685,41.435251],[1.963658,41.435236],[1.963637,41.43523],[1.963618,41.435229],[1.963576,41.435231],[1.963585,41.435181],[1.963594,41.435131],[1.963604,41.435093],[1.963624,41.435038],[1.963631,41.435009],[1.963635,41.434977],[1.963638,41.434887],[1.963634,41.434798],[1.963633,41.434772],[1.963565,41.434784],[1.963484,41.4348],[1.963403,41.434817],[1.963257,41.434845],[1.963164,41.43486],[1.96308,41.43487],[1.962995,41.434873],[1.962943,41.434873],[1.962892,41.434873],[1.962844,41.434874],[1.962796,41.434876],[1.96272,41.434883],[1.962646,41.434891],[1.962571,41.434897],[1.962496,41.434902],[1.96245,41.434904],[1.962404,41.434907],[1.962372,41.434909],[1.962225,41.434902],[1.962116,41.434905],[1.961986,41.434907],[1.961857,41.434907],[1.961793,41.434906],[1.961731,41.434906],[1.961713,41.434906],[1.961514,41.434927],[1.96137,41.434944],[1.961221,41.434982],[1.961046,41.435036],[1.961042,41.435045],[1.96104,41.435052],[1.961015,41.435116],[1.961074,41.435231],[1.961109,41.435243],[1.961144,41.435256],[1.961244,41.435292],[1.961345,41.435329],[1.961447,41.435368],[1.9615,41.435385],[1.961553,41.435399],[1.961637,41.435416],[1.961721,41.435433],[1.961756,41.43544],[1.961769,41.435429],[1.961852,41.435459],[1.961952,41.435478],[1.962001,41.43549],[1.962071,41.435512],[1.962139,41.435538],[1.962264,41.435592],[1.962388,41.435645],[1.962521,41.435693],[1.962638,41.435733],[1.962916,41.435813],[1.962955,41.435822],[1.963013,41.435828],[1.963069,41.435828],[1.963125,41.435824],[1.963202,41.435815],[1.963263,41.435807],[1.963317,41.4358],[1.963359,41.435798],[1.963355,41.435825],[1.963355,41.43583],[1.963344,41.43586],[1.963331,41.435886],[1.963322,41.435905],[1.963316,41.435923],[1.963126,41.436001],[1.963083,41.436046],[1.962977,41.43603],[1.9629,41.436018],[1.962899,41.436048],[1.962898,41.436078],[1.962897,41.436178],[1.962895,41.436235],[1.962894,41.436278],[1.962887,41.436322],[1.962873,41.436365],[1.962843,41.436449],[1.962829,41.436508],[1.962817,41.436566],[1.962812,41.436606],[1.962811,41.436639],[1.962816,41.436672],[1.962829,41.43674],[1.962841,41.436786],[1.962894,41.436868],[1.962932,41.436927],[1.962942,41.436932],[1.962949,41.436946],[1.962945,41.436963],[1.962825,41.437169],[1.96282,41.437177],[1.962647,41.437254],[1.962552,41.43732],[1.962462,41.437453],[1.962767,41.437684],[1.962893,41.437771],[1.962894,41.437772],[1.963046,41.437877],[1.963275,41.438034],[1.963247,41.438058],[1.96342,41.438165],[1.963504,41.438217],[1.963624,41.438285],[1.963805,41.43839],[1.963816,41.438396],[1.963986,41.438486]]]]}},{"type":"Feature","id":"080728_080728 AP03 BLL 2","properties":{"area_id":"080728_080728 AP03 BLL 2","nom":"Can Planes Sud","codi_icgc":"080728 AP03 BLL 2","categoria":"Àrees de poblament","codi_municipi":"080728","municipi":"Corbera de Llobregat","codi_comarca":"11","comarca":"Baix Llobregat","provincia":"Barcelona","font":"ICGC Àrees de poblament v3r1 202602"},"geometry":{"type":"MultiPolygon","coordinates":[[[[1.919601,41.406815],[1.919534,41.406868],[1.919445,41.406908],[1.919376,41.406922],[1.919208,41.407046],[1.919409,41.407132],[1.919381,41.407153],[1.9193,41.40721],[1.918906,41.407488],[1.918588,41.40723],[1.918401,41.407197],[1.918117,41.407305],[1.917892,41.407429],[1.917977,41.407456],[1.918086,41.407491],[1.918169,41.407519],[1.91825,41.40755],[1.918302,41.407575],[1.918348,41.407607],[1.918375,41.407631],[1.918449,41.407704],[1.918451,41.407706],[1.918526,41.407781],[1.918637,41.407887],[1.918747,41.407994],[1.918833,41.408078],[1.918915,41.408165],[1.918965,41.408224],[1.919007,41.40828],[1.919047,41.408337],[1.919091,41.408405],[1.919121,41.408451],[1.919171,41.408526],[1.91922,41.408602],[1.919249,41.408653],[1.919271,41.408695],[1.919289,41.408729],[1.919329,41.408804],[1.919372,41.408897],[1.91939,41.408942],[1.919399,41.408965],[1.91943,41.409061],[1.919504,41.409289],[1.919514,41.409327],[1.919518,41.409344],[1.919598,41.409643],[1.919871,41.409615],[1.920003,41.409602],[1.920241,41.409564],[1.920309,41.409554],[1.920316,41.409492],[1.92034,41.409496],[1.920438,41.409492],[1.920462,41.409474],[1.92056,41.409401],[1.920647,41.409369],[1.920696,41.409351],[1.920763,41.409235],[1.920771,41.409223],[1.920812,41.40915],[1.920889,41.409109],[1.920901,41.40912],[1.920955,41.409079],[1.921007,41.409022],[1.92111,41.40904],[1.921233,41.409059],[1.921281,41.409066],[1.921329,41.409073],[1.921333,41.409072],[1.921336,41.40907],[1.921336,41.409061],[1.921313,41.409039],[1.92129,41.409016],[1.921234,41.408941],[1.921169,41.408854],[1.921123,41.40879],[1.921121,41.408786],[1.921084,41.408735],[1.920946,41.408567],[1.920841,41.40845],[1.920665,41.40829],[1.920517,41.408167],[1.920267,41.407989],[1.920087,41.407862],[1.919614,41.40748],[1.919435,41.407315],[1.919499,41.40724],[1.919843,41.406998],[1.91961,41.40681],[1.919601,41.406815]]]]}},{"type":"Feature","id":"080728_080728 AP18 BLL 3","properties":{"area_id":"080728_080728 AP18 BLL 3","nom":"Can Rigol","codi_icgc":"080728 AP18 BLL 3","categoria":"Àrees de poblament","codi_municipi":"080728","municipi":"Corbera de Llobregat","codi_comarca":"11","comarca":"Baix Llobregat","provincia":"Barcelona","font":"ICGC Àrees de poblament v3r1 202602"},"geometry":{"type":"MultiPolygon","coordinates":[[[[1.911288,41.405527],[1.911236,41.405597],[1.91122,41.405602],[1.911203,41.405601],[1.911185,41.405596],[1.91106,41.405543],[1.910974,41.405512],[1.9109,41.405499],[1.910799,41.405484],[1.910701,41.405466],[1.910656,41.405458],[1.910649,41.405457],[1.910584,41.405445],[1.910583,41.405446],[1.91055,41.405458],[1.91053,41.405467],[1.91052,41.405471],[1.910506,41.40548],[1.910493,41.40549],[1.910486,41.405495],[1.910469,41.40552],[1.91046,41.405543],[1.910458,41.405554],[1.910461,41.405565],[1.910472,41.405595],[1.910486,41.405624],[1.910517,41.405687],[1.910549,41.405749],[1.910586,41.405816],[1.910628,41.405939],[1.910044,41.405782],[1.909784,41.405784],[1.909401,41.405737],[1.909376,41.405734],[1.90936,41.405732],[1.909349,41.405689],[1.909338,41.405646],[1.909318,41.405575],[1.909296,41.405504],[1.909275,41.405446],[1.909248,41.405389],[1.909196,41.4053],[1.909144,41.40521],[1.909091,41.405112],[1.909038,41.405014],[1.908991,41.404926],[1.908944,41.404837],[1.90894,41.404827],[1.908916,41.404805],[1.908878,41.404756],[1.908869,41.404744],[1.908834,41.404697],[1.908821,41.404667],[1.908811,41.404634],[1.90874,41.404637],[1.908615,41.404581],[1.908574,41.404582],[1.908501,41.404588],[1.908429,41.4046],[1.908329,41.404624],[1.90823,41.404648],[1.908141,41.404668],[1.908071,41.404682],[1.908005,41.404688],[1.907645,41.404632],[1.907676,41.404682],[1.907707,41.404732],[1.90775,41.404803],[1.907677,41.404988],[1.907789,41.405075],[1.907965,41.405363],[1.907809,41.405379],[1.907702,41.405249],[1.907655,41.40521],[1.907625,41.405192],[1.907592,41.405175],[1.907541,41.405157],[1.907515,41.405151],[1.907487,41.405147],[1.907428,41.405143],[1.907369,41.405138],[1.907332,41.405136],[1.907255,41.405132],[1.907179,41.405127],[1.907099,41.405125],[1.90702,41.405124],[1.906945,41.405127],[1.906871,41.405129],[1.906699,41.405138],[1.906679,41.404845],[1.906299,41.404851],[1.905893,41.404875],[1.905539,41.404863],[1.905541,41.404741],[1.905542,41.404695],[1.905506,41.404703],[1.905422,41.404719],[1.905392,41.404725],[1.905348,41.404732],[1.905305,41.404736],[1.905225,41.404736],[1.905142,41.40473],[1.905024,41.404717],[1.904906,41.404702],[1.904823,41.404688],[1.904761,41.404677],[1.904725,41.404677],[1.904689,41.404677],[1.904673,41.404679],[1.904649,41.404682],[1.904627,41.404688],[1.904578,41.404704],[1.904546,41.404726],[1.904526,41.404744],[1.904509,41.40477],[1.9045,41.404801],[1.904491,41.404833],[1.904484,41.404851],[1.904478,41.404865],[1.904459,41.404896],[1.904385,41.404992],[1.90431,41.405088],[1.904234,41.405192],[1.904158,41.405296],[1.904116,41.405356],[1.904076,41.405416],[1.904062,41.405443],[1.904045,41.405484],[1.904035,41.405527],[1.904027,41.405585],[1.904025,41.405643],[1.904026,41.405701],[1.90403,41.405759],[1.90403,41.405762],[1.904035,41.405789],[1.904048,41.405815],[1.904068,41.405839],[1.904108,41.40588],[1.904125,41.405874],[1.904159,41.405885],[1.904195,41.40589],[1.904233,41.405889],[1.904267,41.405885],[1.904376,41.405864],[1.904471,41.405842],[1.904542,41.40582],[1.90461,41.405793],[1.904683,41.40576],[1.904752,41.405728],[1.904822,41.405698],[1.904892,41.40567],[1.904978,41.405639],[1.905096,41.405605],[1.905216,41.405573],[1.905338,41.405543],[1.905461,41.405515],[1.905493,41.405508],[1.905578,41.405494],[1.905664,41.405485],[1.905751,41.405482],[1.905837,41.405485],[1.905923,41.405494],[1.905945,41.405497],[1.90593,41.405608],[1.905921,41.405751],[1.905916,41.405781],[1.905906,41.405845],[1.905896,41.405888],[1.905951,41.405896],[1.905978,41.405902],[1.905991,41.405906],[1.906002,41.405913],[1.906015,41.405926],[1.906027,41.405939],[1.906048,41.405963],[1.906069,41.405987],[1.906091,41.406006],[1.906119,41.406021],[1.906138,41.406027],[1.906159,41.406032],[1.906192,41.406039],[1.906224,41.406047],[1.906236,41.406052],[1.906249,41.406063],[1.90626,41.406076],[1.906276,41.406101],[1.906289,41.406127],[1.906325,41.406182],[1.906331,41.406196],[1.906333,41.40621],[1.906334,41.406222],[1.906329,41.406236],[1.906155,41.406281],[1.906027,41.406328],[1.906004,41.406338],[1.90577,41.406448],[1.905723,41.406475],[1.905713,41.406506],[1.90571,41.406541],[1.905697,41.406567],[1.905658,41.406606],[1.905662,41.406579],[1.905665,41.406561],[1.905665,41.40655],[1.905665,41.406542],[1.905665,41.406527],[1.905662,41.406512],[1.905659,41.406498],[1.905652,41.406484],[1.905642,41.406475],[1.905629,41.406468],[1.905606,41.406458],[1.905582,41.406454],[1.905562,41.406455],[1.905542,41.406461],[1.905528,41.40647],[1.905516,41.40648],[1.905506,41.406484],[1.905494,41.406487],[1.905482,41.406489],[1.905465,41.406492],[1.905449,41.406494],[1.905399,41.406503],[1.90535,41.406512],[1.905282,41.406522],[1.905213,41.406533],[1.905134,41.406547],[1.905055,41.406562],[1.905004,41.406574],[1.904954,41.40659],[1.904895,41.406613],[1.904836,41.406636],[1.904766,41.406663],[1.904695,41.40669],[1.904635,41.406714],[1.904576,41.406738],[1.904533,41.406756],[1.904491,41.406775],[1.904452,41.406795],[1.904414,41.406817],[1.904371,41.406846],[1.904333,41.406879],[1.904301,41.40691],[1.904268,41.406941],[1.904236,41.406973],[1.904203,41.407002],[1.904174,41.407026],[1.904145,41.407048],[1.90414,41.407044],[1.904056,41.407101],[1.904101,41.40714],[1.904116,41.407129],[1.904143,41.407111],[1.90453,41.407225],[1.904365,41.407484],[1.9042,41.407758],[1.904187,41.407778],[1.904144,41.407828],[1.904101,41.407877],[1.904061,41.407915],[1.904018,41.407951],[1.903975,41.407987],[1.903933,41.408022],[1.903923,41.408033],[1.903919,41.408046],[1.903923,41.408052],[1.90395,41.408067],[1.903981,41.408078],[1.904042,41.408098],[1.904104,41.408117],[1.904132,41.408127],[1.904296,41.408179],[1.904295,41.408178],[1.904291,41.408166],[1.904293,41.408151],[1.904297,41.408145],[1.904448,41.408217],[1.904577,41.408279],[1.904596,41.408317],[1.90462,41.408363],[1.904643,41.408409],[1.904656,41.408423],[1.904686,41.408438],[1.904719,41.408452],[1.904763,41.408477],[1.904786,41.408486],[1.904812,41.408488],[1.904894,41.408482],[1.904977,41.408475],[1.904977,41.408469],[1.904982,41.408471],[1.904981,41.408495],[1.90498,41.408527],[1.904979,41.408538],[1.904981,41.408546],[1.904991,41.408584],[1.905024,41.408606],[1.905162,41.408729],[1.905173,41.408762],[1.905176,41.40877],[1.90518,41.408784],[1.905192,41.408824],[1.905202,41.408896],[1.905219,41.409053],[1.905221,41.409071],[1.905222,41.409077],[1.905232,41.409084],[1.90526,41.409104],[1.90532,41.409123],[1.905342,41.409122],[1.905367,41.409115],[1.905398,41.409098],[1.905422,41.409076],[1.905422,41.409076],[1.90548,41.409013],[1.905537,41.408949],[1.90558,41.408905],[1.905621,41.40886],[1.905644,41.408828],[1.905674,41.408779],[1.905704,41.408729],[1.905896,41.40873],[1.906098,41.408712],[1.906114,41.40871],[1.906247,41.408694],[1.90641,41.408639],[1.906433,41.40864],[1.906456,41.40864],[1.906507,41.40864],[1.906558,41.40864],[1.906585,41.408646],[1.906624,41.40866],[1.906643,41.408663],[1.906652,41.408662],[1.906715,41.408672],[1.90674,41.408675],[1.906765,41.408675],[1.906787,41.408672],[1.906788,41.408671],[1.906807,41.408668],[1.906834,41.408662],[1.906848,41.408668],[1.906862,41.408674],[1.906888,41.408681],[1.906928,41.408689],[1.906968,41.408694],[1.907008,41.408698],[1.907047,41.4087],[1.907087,41.408699],[1.907128,41.408695],[1.907166,41.408687],[1.907172,41.408685],[1.907263,41.408658],[1.907257,41.408664],[1.907246,41.408682],[1.907246,41.408688],[1.907244,41.408702],[1.907244,41.408704],[1.907248,41.408721],[1.907255,41.408732],[1.907388,41.408744],[1.907399,41.408727],[1.90753,41.408932],[1.907582,41.40913],[1.907562,41.409543],[1.907674,41.409572],[1.907767,41.409585],[1.907811,41.409592],[1.90784,41.409581],[1.907853,41.409559],[1.907878,41.409514],[1.907902,41.409469],[1.907922,41.409426],[1.90794,41.409381],[1.907952,41.409342],[1.90796,41.409302],[1.907959,41.409263],[1.90795,41.409226],[1.907933,41.409177],[1.907914,41.40913],[1.907892,41.409083],[1.90787,41.409037],[1.907848,41.408986],[1.907826,41.408935],[1.907809,41.408893],[1.907793,41.408853],[1.907789,41.408831],[1.907787,41.408824],[1.907786,41.408809],[1.907785,41.408793],[1.907785,41.408786],[1.907784,41.408766],[1.907786,41.408739],[1.907795,41.408708],[1.907814,41.408685],[1.907838,41.40866],[1.907861,41.408645],[1.908016,41.408664],[1.90822,41.408689],[1.908579,41.408747],[1.908788,41.408777],[1.908855,41.408795],[1.908881,41.408802],[1.908986,41.40881],[1.909139,41.408827],[1.909376,41.408803],[1.909427,41.408685],[1.909427,41.408684],[1.909489,41.408539],[1.909494,41.408528],[1.909587,41.408552],[1.909578,41.408583],[1.90962,41.40859],[1.90962,41.408595],[1.909623,41.408616],[1.909634,41.408636],[1.909652,41.408652],[1.909661,41.408657],[1.909674,41.408665],[1.909692,41.408672],[1.909725,41.40868],[1.90976,41.408682],[1.909835,41.408548],[1.90991,41.408415],[1.909963,41.408315],[1.910015,41.408215],[1.910098,41.408071],[1.910185,41.407928],[1.910248,41.407831],[1.910311,41.407734],[1.910332,41.407704],[1.910355,41.407675],[1.910372,41.407662],[1.910393,41.407653],[1.91041,41.407649],[1.910481,41.407641],[1.910553,41.407634],[1.910697,41.407623],[1.910841,41.407614],[1.910882,41.407611],[1.910992,41.407605],[1.911143,41.407597],[1.911188,41.407593],[1.911232,41.407586],[1.91132,41.407565],[1.911376,41.407547],[1.911427,41.407523],[1.91148,41.407492],[1.911528,41.407457],[1.911581,41.40741],[1.91163,41.407361],[1.911707,41.407276],[1.911784,41.40719],[1.911863,41.407102],[1.911941,41.407014],[1.911991,41.406959],[1.911994,41.406946],[1.912019,41.406927],[1.912118,41.40685],[1.912162,41.406816],[1.912234,41.406761],[1.912787,41.406439],[1.912779,41.406441],[1.912691,41.406468],[1.91279,41.406424],[1.912866,41.406388],[1.913002,41.406313],[1.913008,41.40631],[1.913051,41.406287],[1.913111,41.406247],[1.913153,41.406211],[1.913226,41.406126],[1.913256,41.406077],[1.913289,41.406005],[1.913309,41.405953],[1.913324,41.405911],[1.913334,41.405874],[1.913338,41.405833],[1.913337,41.405821],[1.913332,41.40581],[1.913325,41.405802],[1.913314,41.405793],[1.913302,41.405787],[1.913294,41.405788],[1.913279,41.405794],[1.913264,41.405801],[1.913283,41.405758],[1.913303,41.405709],[1.913313,41.405685],[1.91333,41.405641],[1.913323,41.405604],[1.91328,41.405579],[1.913214,41.405534],[1.913172,41.405518],[1.912993,41.405503],[1.912983,41.405502],[1.912904,41.40548],[1.912768,41.405503],[1.912766,41.405504],[1.912743,41.405479],[1.912548,41.405472],[1.912335,41.405423],[1.912302,41.405465],[1.912258,41.405516],[1.912252,41.405523],[1.912251,41.405525],[1.912245,41.405534],[1.912229,41.405556],[1.91217,41.405598],[1.912067,41.405553],[1.912013,41.405529],[1.911896,41.405479],[1.911844,41.405461],[1.911834,41.405458],[1.911731,41.405453],[1.911606,41.405454],[1.911533,41.405474],[1.911475,41.405476],[1.911339,41.405524],[1.911288,41.405527]]]]}},{"type":"Feature","id":"080728_080728 AP01 BLL 3","properties":{"area_id":"080728_080728 AP01 BLL 3","nom":"Corbera de Llobregat","codi_icgc":"080728 AP01 BLL 3","categoria":"Àrees de poblament","codi_municipi":"080728","municipi":"Corbera de Llobregat","codi_comarca":"11","comarca":"Baix Llobregat","provincia":"Barcelona","font":"ICGC Àrees de poblament v3r1 202602"},"geometry":{"type":"MultiPolygon","coordinates":[[[[1.923995,41.410293],[1.923838,41.410264],[1.923696,41.410195],[1.923611,41.410089],[1.923558,41.409946],[1.923462,41.409781],[1.923353,41.409685],[1.923176,41.409576],[1.923023,41.409506],[1.922842,41.409472],[1.922675,41.409473],[1.922561,41.409478],[1.922347,41.409514],[1.922187,41.409572],[1.922047,41.409678],[1.921958,41.409796],[1.921853,41.409938],[1.921732,41.410077],[1.921536,41.410206],[1.921316,41.410329],[1.9211,41.410476],[1.920987,41.410588],[1.920875,41.410721],[1.920781,41.410849],[1.920847,41.410913],[1.920878,41.410898],[1.920892,41.41089],[1.92096,41.410852],[1.921031,41.410818],[1.921105,41.410788],[1.921196,41.410758],[1.921333,41.410705],[1.92145,41.410661],[1.92158,41.410605],[1.921711,41.410549],[1.921765,41.410533],[1.92182,41.410521],[1.921839,41.41052],[1.921844,41.410519],[1.922055,41.410485],[1.922297,41.410436],[1.922454,41.410389],[1.922951,41.410269],[1.923165,41.41025],[1.923201,41.410254],[1.923237,41.410258],[1.923298,41.410264],[1.92336,41.410268],[1.923413,41.410269],[1.923466,41.410268],[1.923503,41.410269],[1.92352,41.410267],[1.923534,41.410263],[1.923551,41.410256],[1.92356,41.410252],[1.923564,41.410258],[1.92357,41.410268],[1.923573,41.410279],[1.923574,41.410291],[1.923575,41.410303],[1.923575,41.410319],[1.923576,41.410335],[1.923581,41.410352],[1.923592,41.410367],[1.923606,41.410384],[1.92362,41.410401],[1.923646,41.410431],[1.923673,41.41046],[1.923675,41.410463],[1.923714,41.410506],[1.923737,41.410534],[1.923842,41.410633],[1.923896,41.410688],[1.923949,41.410743],[1.923965,41.410763],[1.923989,41.410799],[1.924017,41.410838],[1.924048,41.410866],[1.924083,41.410891],[1.924125,41.410913],[1.92416,41.410931],[1.924191,41.410956],[1.924219,41.410985],[1.924245,41.411022],[1.924267,41.411061],[1.924276,41.411064],[1.924324,41.41119],[1.924331,41.411204],[1.924363,41.411255],[1.924383,41.411278],[1.924415,41.411306],[1.924448,41.411332],[1.924488,41.411361],[1.924521,41.411381],[1.924575,41.411409],[1.924473,41.411544],[1.924713,41.41167],[1.924991,41.4118],[1.925301,41.41195],[1.925363,41.41198],[1.925588,41.412087],[1.925816,41.412191],[1.925916,41.412233],[1.9259,41.412242],[1.925895,41.412307],[1.925894,41.412358],[1.925885,41.412416],[1.925888,41.412419],[1.925885,41.412421],[1.925812,41.412467],[1.925767,41.412476],[1.925666,41.412523],[1.925505,41.412542],[1.925047,41.412581],[1.924852,41.412597],[1.924802,41.412608],[1.924752,41.412599],[1.924762,41.412583],[1.924766,41.412563],[1.924762,41.412542],[1.924752,41.412526],[1.924738,41.412512],[1.924725,41.412504],[1.924697,41.412494],[1.924669,41.412491],[1.924653,41.412492],[1.924637,41.412495],[1.924613,41.412503],[1.924589,41.412511],[1.924575,41.412513],[1.924561,41.412511],[1.92454,41.412501],[1.924518,41.412492],[1.924488,41.412477],[1.924421,41.412444],[1.924388,41.41249],[1.923868,41.412434],[1.92381,41.412401],[1.923801,41.412376],[1.923808,41.412367],[1.923828,41.412352],[1.923854,41.412341],[1.923882,41.412335],[1.923898,41.412211],[1.923829,41.412202],[1.92379,41.412197],[1.923755,41.412193],[1.92369,41.41217],[1.923626,41.412123],[1.923559,41.412117],[1.923526,41.412157],[1.923432,41.412273],[1.923412,41.412297],[1.923398,41.412313],[1.923382,41.412333],[1.923379,41.412337],[1.923418,41.412599],[1.923239,41.412529],[1.9232,41.412514],[1.923012,41.412453],[1.922954,41.412433],[1.922872,41.412405],[1.922793,41.412477],[1.922769,41.412499],[1.922758,41.412509],[1.922703,41.412553],[1.922682,41.412571],[1.922668,41.412584],[1.922652,41.412598],[1.922553,41.412657],[1.922318,41.412853],[1.922259,41.412905],[1.922112,41.413036],[1.92199,41.413133],[1.921935,41.413166],[1.921929,41.41317],[1.921765,41.41324],[1.921564,41.413325],[1.921462,41.413365],[1.92134,41.413418],[1.921304,41.413434],[1.921178,41.413502],[1.921124,41.413525],[1.921111,41.413531],[1.921033,41.413564],[1.921005,41.413576],[1.920834,41.413648],[1.920803,41.413661],[1.920635,41.413739],[1.920555,41.413784],[1.920497,41.413815],[1.920486,41.413821],[1.920476,41.413827],[1.920462,41.413835],[1.920439,41.413848],[1.920429,41.413844],[1.920417,41.413841],[1.920396,41.413835],[1.92032,41.413815],[1.920244,41.413794],[1.920234,41.413792],[1.920218,41.413787],[1.920201,41.413783],[1.920069,41.413784],[1.919914,41.413817],[1.919843,41.413837],[1.919739,41.413913],[1.919497,41.414242],[1.919457,41.414296],[1.919423,41.414342],[1.919374,41.414408],[1.919256,41.414541],[1.919238,41.414562],[1.91918,41.414601],[1.919107,41.414628],[1.918828,41.414691],[1.918717,41.414783],[1.918546,41.414925],[1.918662,41.415239],[1.91873,41.415395],[1.918847,41.415491],[1.918949,41.415546],[1.919007,41.415575],[1.919311,41.415228],[1.919877,41.415441],[1.920143,41.415635],[1.920346,41.415826],[1.92059,41.415859],[1.920717,41.415955],[1.921133,41.416043],[1.92127,41.415901],[1.921435,41.416004],[1.921485,41.41635],[1.921548,41.416804],[1.921641,41.416941],[1.921877,41.417021],[1.922153,41.417071],[1.92216,41.417167],[1.921998,41.417368],[1.921744,41.417407],[1.921332,41.417445],[1.921119,41.417413],[1.920978,41.417328],[1.920971,41.417227],[1.921046,41.417007],[1.920865,41.416946],[1.920853,41.41692],[1.920857,41.416876],[1.920806,41.416759],[1.920713,41.416664],[1.920594,41.41658],[1.920576,41.41657],[1.92043,41.416519],[1.920367,41.416509],[1.920132,41.416493],[1.919971,41.41647],[1.919846,41.416442],[1.919732,41.416414],[1.919647,41.416406],[1.919637,41.416609],[1.919603,41.41674],[1.919539,41.416743],[1.919445,41.416747],[1.919334,41.416676],[1.919051,41.416518],[1.918973,41.416412],[1.918735,41.416103],[1.918625,41.416031],[1.91839,41.415856],[1.918174,41.415702],[1.918042,41.415804],[1.917972,41.415868],[1.917961,41.415863],[1.917807,41.415794],[1.917709,41.415744],[1.917506,41.415635],[1.91736,41.415566],[1.917225,41.415789],[1.917226,41.415822],[1.917231,41.415919],[1.917196,41.416018],[1.917117,41.416175],[1.917068,41.416282],[1.917052,41.41636],[1.917081,41.416505],[1.917122,41.416562],[1.917315,41.416711],[1.917311,41.416717],[1.917385,41.416763],[1.917462,41.416813],[1.917526,41.416862],[1.917591,41.416912],[1.917659,41.416959],[1.917737,41.417016],[1.917778,41.417045],[1.91784,41.417093],[1.917783,41.417148],[1.917761,41.417174],[1.917717,41.417224],[1.917918,41.417407],[1.918102,41.417485],[1.918109,41.417488],[1.918512,41.417699],[1.918515,41.417702],[1.918656,41.417838],[1.91878,41.417976],[1.918792,41.417982],[1.918853,41.41801],[1.918912,41.418031],[1.918963,41.418052],[1.919047,41.418073],[1.919078,41.418081],[1.919132,41.418094],[1.919179,41.41811],[1.919202,41.418117],[1.919225,41.418122],[1.919234,41.418119],[1.919243,41.418106],[1.919248,41.418089],[1.919254,41.418067],[1.919254,41.418056],[1.91925,41.418045],[1.919203,41.417986],[1.919191,41.41797],[1.919119,41.417897],[1.919305,41.417877],[1.919532,41.417856],[1.919536,41.417848],[1.91956,41.417792],[1.919599,41.417751],[1.919989,41.417949],[1.920002,41.417954],[1.920007,41.417955],[1.920163,41.417792],[1.920329,41.417811],[1.920573,41.417885],[1.920501,41.41807],[1.920571,41.41808],[1.920713,41.418132],[1.920926,41.418173],[1.92104,41.418195],[1.921151,41.418211],[1.921258,41.418203],[1.921386,41.418248],[1.921405,41.418242],[1.921447,41.418233],[1.921489,41.418224],[1.921531,41.418222],[1.921574,41.418225],[1.921623,41.41823],[1.921672,41.418235],[1.921721,41.418237],[1.921769,41.418231],[1.921805,41.418219],[1.921818,41.418213],[1.921897,41.418206],[1.921962,41.418195],[1.922007,41.418159],[1.922041,41.418131],[1.922165,41.418091],[1.922227,41.418073],[1.922304,41.418028],[1.922348,41.417991],[1.922395,41.417952],[1.922457,41.417886],[1.922506,41.417859],[1.922558,41.417867],[1.922755,41.417919],[1.922866,41.417961],[1.922898,41.417997],[1.922917,41.418018],[1.922935,41.418074],[1.922851,41.418148],[1.922981,41.418247],[1.923036,41.418181],[1.923122,41.418224],[1.923112,41.418234],[1.923261,41.418298],[1.923378,41.418335],[1.923394,41.418376],[1.9234,41.418379],[1.923412,41.418378],[1.923438,41.418371],[1.923463,41.418363],[1.92351,41.418347],[1.923552,41.418334],[1.923589,41.418326],[1.923714,41.418306],[1.923735,41.418297],[1.923834,41.418257],[1.923879,41.418229],[1.923986,41.418281],[1.92407,41.418222],[1.92422,41.418195],[1.92428,41.41824],[1.924342,41.418272],[1.924315,41.418327],[1.924251,41.418456],[1.924279,41.418466],[1.924289,41.418449],[1.924337,41.418466],[1.924385,41.418428],[1.924406,41.418436],[1.924502,41.418417],[1.924543,41.418355],[1.92455,41.418347],[1.924575,41.41832],[1.92458,41.418302],[1.924603,41.418305],[1.924608,41.418282],[1.924663,41.418289],[1.924656,41.418321],[1.924699,41.418389],[1.924718,41.418394],[1.924745,41.418402],[1.924941,41.41834],[1.925018,41.418366],[1.925293,41.41844],[1.925514,41.418495],[1.925686,41.418537],[1.925798,41.418584],[1.925962,41.418685],[1.926185,41.418723],[1.926243,41.418764],[1.926407,41.418797],[1.926691,41.418795],[1.926701,41.418827],[1.926898,41.418811],[1.927074,41.418866],[1.927262,41.41885],[1.927272,41.41894],[1.927472,41.418897],[1.92748,41.418929],[1.927484,41.418968],[1.927494,41.419059],[1.927656,41.419056],[1.927656,41.419002],[1.927762,41.419011],[1.92785,41.419018],[1.927854,41.41904],[1.927899,41.419041],[1.927915,41.419014],[1.92801,41.419019],[1.928034,41.419063],[1.92812,41.419206],[1.928198,41.419344],[1.928254,41.419365],[1.928406,41.419326],[1.928416,41.419324],[1.928618,41.419286],[1.928813,41.419292],[1.928827,41.419342],[1.929075,41.419365],[1.929192,41.419376],[1.929163,41.419496],[1.929119,41.419569],[1.928985,41.419793],[1.929415,41.419989],[1.929421,41.420003],[1.929424,41.420013],[1.929434,41.420032],[1.929449,41.420055],[1.92947,41.420079],[1.929491,41.420097],[1.929527,41.42012],[1.929569,41.420138],[1.92971,41.420251],[1.929755,41.420322],[1.929885,41.420389],[1.929746,41.420544],[1.929846,41.420577],[1.929854,41.420572],[1.930101,41.420696],[1.930109,41.420701],[1.930173,41.420739],[1.930178,41.420742],[1.930182,41.420745],[1.930334,41.420856],[1.93035,41.420869],[1.930415,41.420923],[1.930444,41.420947],[1.930553,41.421042],[1.930586,41.421072],[1.930723,41.421197],[1.930734,41.421206],[1.930873,41.421325],[1.930996,41.421353],[1.931009,41.421358],[1.931109,41.421399],[1.931114,41.421398],[1.931188,41.421393],[1.931315,41.421383],[1.931425,41.421366],[1.931443,41.421303],[1.931508,41.421083],[1.931529,41.420966],[1.931582,41.420809],[1.931635,41.420683],[1.93167,41.420616],[1.931811,41.420451],[1.931845,41.420379],[1.93189,41.420237],[1.932341,41.420345],[1.932345,41.420269],[1.932469,41.420259],[1.932766,41.42023],[1.932966,41.420214],[1.933218,41.420193],[1.93337,41.420181],[1.933395,41.420142],[1.933473,41.420018],[1.933522,41.41994],[1.933559,41.419868],[1.933586,41.419814],[1.933682,41.419608],[1.93373,41.419505],[1.933785,41.419411],[1.933858,41.41929],[1.933956,41.419178],[1.934001,41.419147],[1.934055,41.419084],[1.934165,41.418955],[1.93418,41.418937],[1.934245,41.418879],[1.934271,41.418854],[1.934217,41.418789],[1.934062,41.418636],[1.934253,41.418569],[1.933965,41.418218],[1.934085,41.41818],[1.934142,41.418156],[1.934387,41.418455],[1.934778,41.418154],[1.934935,41.418232],[1.935072,41.418367],[1.935241,41.418478],[1.935472,41.418709],[1.935368,41.418837],[1.935228,41.418878],[1.93507,41.418843],[1.934793,41.418745],[1.934624,41.418672],[1.934312,41.419035],[1.934309,41.419043],[1.934651,41.419279],[1.934986,41.419534],[1.934998,41.419543],[1.935152,41.419603],[1.935501,41.419757],[1.935586,41.419808],[1.935733,41.419871],[1.935883,41.419935],[1.936006,41.419989],[1.93601,41.419988],[1.936022,41.419994],[1.935934,41.42005],[1.935877,41.420133],[1.935939,41.420235],[1.936064,41.420332],[1.936269,41.420411],[1.936466,41.42046],[1.936469,41.420764],[1.937077,41.420812],[1.937259,41.420843],[1.937503,41.420929],[1.937835,41.420968],[1.938143,41.420958],[1.938516,41.420908],[1.938779,41.420827],[1.939153,41.4207],[1.939242,41.420581],[1.939477,41.420703],[1.939658,41.420782],[1.94005,41.421024],[1.940834,41.42149],[1.940952,41.421553],[1.941058,41.42168],[1.941138,41.421797],[1.9412,41.421881],[1.941244,41.421884],[1.94156,41.421558],[1.941536,41.421482],[1.941092,41.42123],[1.940401,41.420848],[1.93975,41.420485],[1.939232,41.420224],[1.939432,41.420118],[1.939551,41.420054],[1.939759,41.419919],[1.93988,41.419771],[1.939954,41.419647],[1.940044,41.419445],[1.940055,41.419278],[1.94131,41.419279],[1.94195,41.419285],[1.941978,41.418843],[1.941608,41.418897],[1.941387,41.418889],[1.941328,41.418885],[1.941114,41.418859],[1.940919,41.41887],[1.940847,41.418891],[1.94068,41.418945],[1.940559,41.418978],[1.940534,41.418981],[1.94051,41.418979],[1.940487,41.418974],[1.94048,41.418969],[1.940453,41.418957],[1.940444,41.418955],[1.940429,41.418953],[1.940424,41.418953],[1.940409,41.418953],[1.940398,41.418952],[1.940386,41.418953],[1.940345,41.418954],[1.940322,41.418952],[1.940302,41.418949],[1.940266,41.418936],[1.939984,41.418958],[1.939713,41.418961],[1.939715,41.41893],[1.93938,41.418931],[1.93936,41.418995],[1.939332,41.418998],[1.939064,41.419023],[1.93903,41.419016],[1.938997,41.41901],[1.938915,41.418997],[1.938905,41.418999],[1.938894,41.419003],[1.93889,41.419004],[1.938885,41.419007],[1.938875,41.418998],[1.938861,41.418987],[1.93886,41.418984],[1.938851,41.418976],[1.938843,41.418971],[1.938837,41.418969],[1.938832,41.418967],[1.938827,41.418967],[1.938823,41.418967],[1.938818,41.418969],[1.938813,41.418971],[1.938809,41.418974],[1.938805,41.418976],[1.938799,41.418979],[1.938794,41.418977],[1.93879,41.418976],[1.938786,41.418973],[1.93878,41.418967],[1.938775,41.418964],[1.93877,41.418961],[1.938765,41.418958],[1.93876,41.418954],[1.938756,41.418951],[1.938749,41.418945],[1.938745,41.418942],[1.938741,41.41894],[1.938737,41.418941],[1.938731,41.418943],[1.938724,41.418945],[1.938719,41.418947],[1.938711,41.418951],[1.938708,41.418954],[1.938539,41.418951],[1.938514,41.418939],[1.938488,41.418944],[1.938479,41.418945],[1.938451,41.41895],[1.938443,41.418951],[1.938432,41.418948],[1.938423,41.418946],[1.938416,41.418945],[1.938406,41.418945],[1.938397,41.418945],[1.938387,41.418948],[1.938383,41.418951],[1.938379,41.418954],[1.938375,41.418956],[1.938371,41.41896],[1.938365,41.41896],[1.938354,41.418959],[1.938344,41.418959],[1.938338,41.418959],[1.938341,41.418945],[1.93822,41.418936],[1.938159,41.418932],[1.93811,41.418935],[1.938068,41.418941],[1.938044,41.418945],[1.937982,41.418966],[1.937851,41.418927],[1.937853,41.418922],[1.937863,41.418904],[1.937865,41.418897],[1.937818,41.418883],[1.937678,41.418839],[1.937688,41.418823],[1.937515,41.418765],[1.937456,41.418745],[1.937389,41.418723],[1.937326,41.418666],[1.937233,41.418623],[1.937232,41.418623],[1.937228,41.418621],[1.937206,41.418609],[1.937184,41.41859],[1.93718,41.418584],[1.937176,41.418578],[1.937141,41.418551],[1.937131,41.418544],[1.937133,41.418542],[1.937147,41.418529],[1.937068,41.418486],[1.937053,41.418473],[1.936993,41.418422],[1.936963,41.418396],[1.936942,41.418378],[1.936956,41.418362],[1.936837,41.418265],[1.936828,41.418268],[1.93682,41.41826],[1.936816,41.418263],[1.936799,41.418251],[1.93679,41.418243],[1.936689,41.418168],[1.936713,41.418134],[1.936721,41.418118],[1.936721,41.418096],[1.936658,41.417994],[1.936639,41.417977],[1.93662,41.417959],[1.936479,41.417879],[1.936338,41.417807],[1.936347,41.417797],[1.936358,41.417787],[1.936359,41.417784],[1.93636,41.417777],[1.936357,41.417766],[1.936349,41.417753],[1.936338,41.417732],[1.936336,41.417729],[1.936323,41.417705],[1.936305,41.417687],[1.936169,41.417484],[1.936018,41.417295],[1.935919,41.41714],[1.935912,41.41713],[1.93588,41.417087],[1.9358,41.41698],[1.935804,41.416937],[1.935824,41.416911],[1.935853,41.416835],[1.935866,41.416744],[1.935789,41.41663],[1.935605,41.416424],[1.935672,41.416388],[1.935678,41.41636],[1.935694,41.416337],[1.935682,41.416275],[1.935691,41.416246],[1.935721,41.4162],[1.935648,41.416078],[1.935656,41.415971],[1.935734,41.4159],[1.935789,41.41585],[1.935758,41.415767],[1.935583,41.415613],[1.935383,41.41548],[1.935178,41.415438],[1.934881,41.415445],[1.934827,41.415299],[1.934756,41.415166],[1.934718,41.415093],[1.934659,41.414982],[1.934618,41.414872],[1.934601,41.414852],[1.934551,41.414863],[1.934493,41.414876],[1.934451,41.414886],[1.934391,41.414906],[1.934368,41.414916],[1.934364,41.414917],[1.93418,41.414979],[1.934107,41.415002],[1.934022,41.415027],[1.933891,41.415057],[1.933758,41.41508],[1.933661,41.415092],[1.933564,41.415099],[1.933483,41.4151],[1.93327,41.415112],[1.932872,41.415063],[1.932631,41.414953],[1.932324,41.414742],[1.932164,41.414652],[1.932171,41.414635],[1.932163,41.414626],[1.93212,41.414604],[1.931934,41.414463],[1.931748,41.414315],[1.931697,41.414285],[1.931608,41.414224],[1.931293,41.413965],[1.931218,41.413914],[1.931128,41.413855],[1.930628,41.413596],[1.93044,41.413511],[1.93008,41.413375],[1.929625,41.413207],[1.929607,41.413209],[1.929537,41.413166],[1.929451,41.413146],[1.92946,41.413126],[1.929385,41.413108],[1.92939,41.413097],[1.929274,41.41307],[1.929279,41.413059],[1.929232,41.413048],[1.929073,41.412991],[1.92896,41.412941],[1.928757,41.412819],[1.928653,41.412707],[1.928459,41.412497],[1.928321,41.412392],[1.928265,41.412349],[1.92815,41.412255],[1.928024,41.412178],[1.927937,41.412105],[1.927818,41.41205],[1.927689,41.411979],[1.927569,41.41193],[1.927368,41.411855],[1.927232,41.411822],[1.926991,41.411748],[1.926956,41.411719],[1.926919,41.411672],[1.92685,41.411529],[1.926838,41.411519],[1.926795,41.411476],[1.92678,41.411457],[1.926777,41.41146],[1.926676,41.411509],[1.926144,41.411767],[1.925996,41.411839],[1.925908,41.411794],[1.925596,41.411527],[1.925426,41.411373],[1.925276,41.411216],[1.925235,41.41113],[1.925227,41.411068],[1.925226,41.410904],[1.925189,41.410535],[1.925141,41.410341],[1.925032,41.410225],[1.924894,41.410182],[1.924717,41.410159],[1.924609,41.410153],[1.92454,41.410158],[1.924516,41.410158],[1.924501,41.410149],[1.924488,41.41013],[1.924487,41.410119],[1.924497,41.410103],[1.924719,41.409804],[1.924228,41.409585],[1.92395,41.409999],[1.924022,41.410288],[1.923995,41.410293]]]]}},{"type":"Feature","id":"080728_080728 AP12 BLL 3","properties":{"area_id":"080728_080728 AP12 BLL 3","nom":"Mas d'en Puig","codi_icgc":"080728 AP12 BLL 3","categoria":"Àrees de poblament","codi_municipi":"080728","municipi":"Corbera de Llobregat","codi_comarca":"11","comarca":"Baix Llobregat","provincia":"Barcelona","font":"ICGC Àrees de poblament v3r1 202602"},"geometry":{"type":"MultiPolygon","coordinates":[[[[1.974444,41.439566],[1.974437,41.439601],[1.974437,41.439601],[1.974431,41.439651],[1.974421,41.439742],[1.974483,41.439762],[1.974557,41.439786],[1.97462,41.439806],[1.974679,41.439825],[1.974803,41.439858],[1.974888,41.439874],[1.975003,41.439886],[1.97501,41.439887],[1.975133,41.439896],[1.975264,41.439912],[1.975288,41.439915],[1.975394,41.439928],[1.975483,41.43993],[1.975572,41.439916],[1.975592,41.439909],[1.975602,41.439908],[1.975646,41.439891],[1.975707,41.439869],[1.975698,41.439836],[1.9757,41.439833],[1.97573,41.439784],[1.975744,41.439736],[1.975743,41.439703],[1.975733,41.439639],[1.975732,41.439635],[1.97571,41.439568],[1.975673,41.439488],[1.975672,41.439485],[1.975633,41.439404],[1.975579,41.439296],[1.975526,41.439189],[1.975527,41.439156],[1.975897,41.438956],[1.975952,41.438726],[1.975978,41.438594],[1.975975,41.43859],[1.975928,41.438541],[1.975855,41.438543],[1.975812,41.438545],[1.975787,41.438531],[1.975753,41.438509],[1.97571,41.438482],[1.975665,41.43846],[1.975606,41.438428],[1.975547,41.438396],[1.975481,41.438357],[1.975419,41.438315],[1.975369,41.438278],[1.975319,41.438238],[1.975302,41.438224],[1.975283,41.438208],[1.97535,41.438241],[1.975425,41.438265],[1.975552,41.438293],[1.975616,41.438302],[1.975679,41.438305],[1.975778,41.4383],[1.975851,41.438285],[1.975875,41.43828],[1.97597,41.438249],[1.976062,41.438218],[1.976127,41.438198],[1.976193,41.438178],[1.976215,41.438085],[1.976256,41.437953],[1.976268,41.437904],[1.976267,41.437897],[1.976293,41.437901],[1.976315,41.437906],[1.976342,41.437915],[1.976369,41.437927],[1.97641,41.437966],[1.976458,41.43802],[1.976582,41.438033],[1.976663,41.438041],[1.976752,41.438054],[1.976989,41.43809],[1.977347,41.438056],[1.977346,41.437855],[1.977242,41.43784],[1.977137,41.437825],[1.977075,41.437811],[1.976987,41.437777],[1.976907,41.43773],[1.976846,41.43768],[1.976813,41.437651],[1.976804,41.437644],[1.976787,41.437629],[1.976743,41.437598],[1.976695,41.437571],[1.976612,41.437546],[1.976527,41.437525],[1.97652,41.437522],[1.976452,41.437486],[1.976414,41.437467],[1.976373,41.437458],[1.976364,41.437459],[1.976327,41.437461],[1.976278,41.437464],[1.976183,41.437478],[1.976054,41.4375],[1.976017,41.437506],[1.975917,41.437522],[1.975851,41.437532],[1.975776,41.437543],[1.975701,41.437544],[1.975685,41.437541],[1.975668,41.437539],[1.975666,41.437548],[1.975635,41.437651],[1.975406,41.437522],[1.975218,41.437416],[1.975125,41.437517],[1.97512,41.437522],[1.97512,41.437522],[1.975089,41.437555],[1.974974,41.437731],[1.974968,41.437742],[1.974959,41.43776],[1.974941,41.437792],[1.974894,41.437882],[1.97488,41.437908],[1.974871,41.437925],[1.974865,41.437936],[1.974737,41.438154],[1.974673,41.438279],[1.974678,41.438282],[1.974603,41.438342],[1.974532,41.438458],[1.974521,41.438734],[1.974518,41.438927],[1.974506,41.439111],[1.974477,41.439315],[1.974456,41.439512],[1.974444,41.439566]]]]}},{"type":"Feature","id":"080728_080728 AP07 BLL 3","properties":{"area_id":"080728_080728 AP07 BLL 3","nom":"Sant Cristòfol","codi_icgc":"080728 AP07 BLL 3","categoria":"Àrees de poblament","codi_municipi":"080728","municipi":"Corbera de Llobregat","codi_comarca":"11","comarca":"Baix Llobregat","provincia":"Barcelona","font":"ICGC Àrees de poblament v3r1 202602"},"geometry":{"type":"MultiPolygon","coordinates":[[[[1.901403,41.416234],[1.901427,41.416277],[1.901467,41.41645],[1.901479,41.416499],[1.901522,41.416626],[1.901566,41.416734],[1.901567,41.416734],[1.901591,41.416798],[1.901834,41.416779],[1.902221,41.41681],[1.902216,41.41679],[1.902313,41.416795],[1.902325,41.416794],[1.902331,41.416817],[1.902606,41.416784],[1.902608,41.41677],[1.902621,41.416688],[1.902629,41.41663],[1.903038,41.416669],[1.903189,41.41664],[1.903524,41.416688],[1.903552,41.416693],[1.903638,41.416707],[1.903943,41.416758],[1.903998,41.416769],[1.904451,41.416982],[1.904506,41.416951],[1.904512,41.416947],[1.904657,41.416857],[1.904734,41.416809],[1.904737,41.416808],[1.905133,41.416566],[1.905419,41.416388],[1.905636,41.416281],[1.905653,41.416264],[1.905662,41.416255],[1.905708,41.416208],[1.905706,41.416208],[1.905695,41.416205],[1.905684,41.416202],[1.90568,41.4162],[1.90566,41.416189],[1.905633,41.416174],[1.905581,41.416145],[1.905545,41.416125],[1.905473,41.416084],[1.905367,41.416023],[1.905255,41.415954],[1.905166,41.415899],[1.905143,41.415884],[1.905039,41.415819],[1.904934,41.415753],[1.904876,41.415721],[1.90478,41.415684],[1.904679,41.415657],[1.904615,41.415651],[1.904597,41.415649],[1.904532,41.415649],[1.90444,41.415661],[1.904392,41.415675],[1.904351,41.415692],[1.904179,41.415779],[1.904009,41.415865],[1.90386,41.415941],[1.903744,41.415999],[1.903712,41.416015],[1.903646,41.416044],[1.903595,41.416061],[1.90352,41.416076],[1.903515,41.416077],[1.903492,41.416077],[1.90346,41.416079],[1.903434,41.41608],[1.903407,41.416079],[1.903384,41.416077],[1.903375,41.416075],[1.903364,41.416071],[1.903355,41.416066],[1.903348,41.416059],[1.903341,41.416051],[1.903337,41.416044],[1.903334,41.416038],[1.903331,41.416028],[1.903328,41.416014],[1.903324,41.415997],[1.903411,41.416002],[1.903484,41.416007],[1.90351,41.415964],[1.903676,41.41575],[1.903733,41.415603],[1.903796,41.415443],[1.9037,41.415447],[1.903699,41.415342],[1.903697,41.41529],[1.903691,41.415147],[1.90369,41.415115],[1.90369,41.415088],[1.903691,41.415059],[1.903817,41.415056],[1.903931,41.41483],[1.903937,41.414816],[1.90394,41.414808],[1.90399,41.414776],[1.904014,41.414715],[1.904047,41.414603],[1.904142,41.414545],[1.904166,41.414499],[1.904254,41.414458],[1.904269,41.414451],[1.904326,41.4144],[1.904345,41.414338],[1.904343,41.414231],[1.904396,41.414199],[1.904517,41.414162],[1.904501,41.41413],[1.904284,41.414172],[1.90417,41.41417],[1.904078,41.414152],[1.903991,41.414121],[1.903897,41.414077],[1.90387,41.414072],[1.903847,41.414068],[1.903723,41.41405],[1.903528,41.413989],[1.903384,41.413952],[1.903334,41.413959],[1.903253,41.413972],[1.903091,41.41397],[1.903069,41.414012],[1.903128,41.414051],[1.90319,41.414055],[1.903224,41.41407],[1.903391,41.4141],[1.903355,41.414109],[1.903215,41.414293],[1.903154,41.414353],[1.903035,41.41447],[1.902904,41.414437],[1.902772,41.414411],[1.90261,41.414383],[1.902448,41.414359],[1.902339,41.414348],[1.902228,41.414341],[1.90217,41.414339],[1.902112,41.414346],[1.902026,41.414377],[1.901945,41.41441],[1.901836,41.414454],[1.90173,41.414501],[1.90166,41.414537],[1.901592,41.414575],[1.901503,41.414626],[1.901416,41.414678],[1.901358,41.414715],[1.9013,41.414753],[1.901275,41.41477],[1.901257,41.41479],[1.901246,41.414812],[1.901246,41.414813],[1.901242,41.414812],[1.901242,41.414859],[1.901266,41.414864],[1.901275,41.414867],[1.901281,41.41487],[1.90129,41.414874],[1.901294,41.414878],[1.901299,41.414884],[1.901301,41.414888],[1.901304,41.4149],[1.901305,41.414918],[1.901306,41.414922],[1.901305,41.414926],[1.901305,41.414926],[1.901302,41.414949],[1.901206,41.414935],[1.901034,41.41491],[1.900972,41.415048],[1.901002,41.415117],[1.901129,41.415327],[1.901054,41.415512],[1.901106,41.415645],[1.901152,41.415765],[1.901219,41.415911],[1.901274,41.416012],[1.901283,41.416029],[1.901347,41.416138],[1.901364,41.41616],[1.901403,41.416234]]]]}},{"type":"Feature","id":"080728_080728 AP17 BLL 3","properties":{"area_id":"080728_080728 AP17 BLL 3","nom":"Santa Maria de l'Avall","codi_icgc":"080728 AP17 BLL 3","categoria":"Àrees de poblament","codi_municipi":"080728","municipi":"Corbera de Llobregat","codi_comarca":"11","comarca":"Baix Llobregat","provincia":"Barcelona","font":"ICGC Àrees de poblament v3r1 202602"},"geometry":{"type":"MultiPolygon","coordinates":[[[[1.942907,41.423191],[1.943037,41.423241],[1.943046,41.423243],[1.943257,41.423365],[1.943319,41.423311],[1.943348,41.423285],[1.943383,41.42325],[1.943462,41.423172],[1.943614,41.423263],[1.9437,41.423329],[1.943871,41.423463],[1.943872,41.423463],[1.943887,41.423475],[1.943887,41.423475],[1.943985,41.423552],[1.944059,41.42361],[1.944124,41.423669],[1.944184,41.423723],[1.943997,41.423951],[1.944043,41.423993],[1.943956,41.424046],[1.943912,41.424073],[1.943895,41.424158],[1.944126,41.424322],[1.944518,41.424551],[1.944677,41.424745],[1.944812,41.42468],[1.944874,41.424656],[1.944963,41.424621],[1.945063,41.424581],[1.945084,41.424608],[1.945105,41.424635],[1.945128,41.424664],[1.945163,41.424708],[1.945198,41.424752],[1.945209,41.424763],[1.945235,41.424791],[1.94528,41.424826],[1.945319,41.424846],[1.945356,41.424859],[1.945361,41.424861],[1.945417,41.424875],[1.945474,41.424887],[1.945566,41.424902],[1.94562,41.424911],[1.945659,41.424918],[1.945759,41.424936],[1.945859,41.424954],[1.945944,41.424971],[1.946029,41.424992],[1.946103,41.425013],[1.946174,41.425035],[1.94627,41.425067],[1.946364,41.4251],[1.946483,41.425146],[1.946601,41.425195],[1.946632,41.425208],[1.946637,41.425212],[1.94664,41.42522],[1.946584,41.425305],[1.946439,41.425524],[1.946405,41.425595],[1.946399,41.425649],[1.946364,41.425711],[1.94629,41.425707],[1.946238,41.425707],[1.94622,41.425707],[1.946156,41.425712],[1.946134,41.42572],[1.946114,41.425728],[1.946075,41.425755],[1.946046,41.425785],[1.946023,41.425818],[1.946008,41.425838],[1.945974,41.425888],[1.945947,41.425922],[1.945915,41.425951],[1.945904,41.425958],[1.945896,41.42604],[1.945877,41.42605],[1.945864,41.42606],[1.94585,41.426076],[1.94584,41.426092],[1.945824,41.426125],[1.945808,41.426151],[1.945795,41.426176],[1.945792,41.426192],[1.945793,41.426202],[1.945798,41.426211],[1.945815,41.426229],[1.945859,41.426264],[1.945872,41.426275],[1.945884,41.426286],[1.945913,41.426308],[1.945926,41.426314],[1.94594,41.426317],[1.945968,41.426316],[1.946024,41.426304],[1.946091,41.426287],[1.946147,41.426273],[1.946157,41.426271],[1.946189,41.426267],[1.946221,41.426268],[1.946241,41.426272],[1.946279,41.426288],[1.946311,41.426309],[1.946328,41.426326],[1.946334,41.426333],[1.946356,41.426362],[1.946382,41.426398],[1.946407,41.426429],[1.946435,41.426459],[1.946453,41.426472],[1.946473,41.426482],[1.946519,41.426495],[1.946538,41.426498],[1.946558,41.426498],[1.946597,41.426496],[1.946623,41.426498],[1.946655,41.426504],[1.946685,41.426514],[1.946704,41.426525],[1.946738,41.426554],[1.946763,41.426585],[1.946775,41.426608],[1.946789,41.426638],[1.9468,41.426683],[1.946807,41.426727],[1.946817,41.426756],[1.946851,41.426818],[1.946858,41.426826],[1.946894,41.426877],[1.946898,41.426882],[1.946906,41.426891],[1.94692,41.426905],[1.947023,41.426994],[1.947052,41.427018],[1.947127,41.42708],[1.947187,41.427129],[1.947211,41.427147],[1.947236,41.427165],[1.947252,41.427174],[1.947269,41.427179],[1.94728,41.427179],[1.947297,41.427173],[1.947314,41.427164],[1.94733,41.427155],[1.947348,41.427146],[1.947384,41.427132],[1.947422,41.427121],[1.947438,41.42712],[1.947455,41.42712],[1.947489,41.427127],[1.947532,41.42714],[1.947574,41.427155],[1.947601,41.427167],[1.947672,41.4272],[1.947743,41.427232],[1.94806,41.427355],[1.948079,41.427362],[1.948055,41.427404],[1.948017,41.42747],[1.948245,41.427547],[1.948469,41.427608],[1.948944,41.427737],[1.949003,41.427689],[1.94927,41.427699],[1.949504,41.427747],[1.949465,41.427848],[1.949492,41.427864],[1.949608,41.427931],[1.949732,41.427955],[1.949736,41.427933],[1.949784,41.427698],[1.949795,41.427634],[1.949804,41.427584],[1.949809,41.427513],[1.949809,41.427512],[1.94982,41.427512],[1.949899,41.427519],[1.949959,41.42753],[1.950082,41.427551],[1.950207,41.427564],[1.950291,41.427569],[1.950394,41.427573],[1.950495,41.427577],[1.950643,41.427585],[1.950789,41.427594],[1.950885,41.427604],[1.951009,41.427621],[1.951136,41.427637],[1.951295,41.427652],[1.951456,41.427663],[1.951503,41.427664],[1.951553,41.427659],[1.951591,41.427651],[1.951644,41.427632],[1.951676,41.427607],[1.951698,41.427584],[1.951723,41.427544],[1.951745,41.427477],[1.95177,41.427407],[1.951791,41.427333],[1.951798,41.427279],[1.951798,41.427246],[1.951781,41.42712],[1.951761,41.426995],[1.951735,41.426855],[1.951707,41.426714],[1.9517,41.426685],[1.951689,41.426638],[1.952079,41.426469],[1.952086,41.426465],[1.952087,41.426465],[1.95216,41.426433],[1.952229,41.426471],[1.952292,41.426504],[1.952274,41.426797],[1.952652,41.427216],[1.952694,41.42722],[1.952694,41.427241],[1.952695,41.427258],[1.952696,41.427267],[1.952772,41.427342],[1.952776,41.427341],[1.952865,41.42737],[1.952955,41.427402],[1.952967,41.427396],[1.953002,41.427402],[1.953145,41.427476],[1.953323,41.427285],[1.953435,41.427061],[1.95351,41.426792],[1.9535,41.426791],[1.953401,41.426774],[1.9534,41.426772],[1.953475,41.426621],[1.953684,41.426479],[1.953685,41.426479],[1.953941,41.426357],[1.954153,41.426168],[1.954341,41.426072],[1.954381,41.426051],[1.954606,41.425945],[1.954786,41.42582],[1.954963,41.42568],[1.955115,41.425514],[1.955037,41.425503],[1.955025,41.425459],[1.955173,41.425267],[1.955241,41.425129],[1.955305,41.424998],[1.955221,41.424991],[1.955199,41.42499],[1.955198,41.424938],[1.955193,41.424863],[1.955185,41.424788],[1.955185,41.424787],[1.955167,41.424678],[1.955149,41.424569],[1.954935,41.424582],[1.954716,41.424595],[1.954709,41.424586],[1.954707,41.424571],[1.954703,41.424519],[1.954693,41.424462],[1.954681,41.424405],[1.954673,41.424367],[1.954661,41.424316],[1.954649,41.424265],[1.954595,41.424067],[1.954546,41.423888],[1.954407,41.423419],[1.954395,41.42338],[1.954382,41.423361],[1.954365,41.423347],[1.954334,41.423335],[1.95431,41.423328],[1.954274,41.423258],[1.954227,41.423261],[1.954224,41.423233],[1.954001,41.42305],[1.95374,41.422866],[1.95354,41.422734],[1.953595,41.422642],[1.953628,41.422595],[1.953703,41.42249],[1.953778,41.422385],[1.953828,41.422315],[1.953879,41.422245],[1.953936,41.42216],[1.953992,41.422075],[1.954038,41.422003],[1.954058,41.421967],[1.954075,41.421929],[1.954121,41.421807],[1.954167,41.421685],[1.954191,41.421679],[1.954211,41.421668],[1.954226,41.421653],[1.954234,41.421635],[1.954235,41.421616],[1.95423,41.4216],[1.954213,41.421586],[1.954191,41.421576],[1.954177,41.421573],[1.954166,41.421571],[1.954141,41.421572],[1.954125,41.421575],[1.954114,41.42158],[1.954105,41.421584],[1.954091,41.421599],[1.954083,41.421618],[1.953919,41.421564],[1.953803,41.421533],[1.953783,41.421523],[1.953705,41.421485],[1.953637,41.421486],[1.953509,41.421412],[1.95334,41.421289],[1.953163,41.421151],[1.95319,41.421119],[1.953243,41.421053],[1.953315,41.420953],[1.953388,41.420859],[1.953474,41.420749],[1.953559,41.420639],[1.953588,41.420607],[1.953612,41.420585],[1.953653,41.420554],[1.953701,41.420527],[1.953628,41.420441],[1.953388,41.420359],[1.953072,41.420308],[1.952716,41.42034],[1.952711,41.42034],[1.952706,41.420307],[1.952527,41.420318],[1.952369,41.420302],[1.952266,41.420312],[1.952164,41.420322],[1.952102,41.420341],[1.952,41.420354],[1.951899,41.420366],[1.95187,41.420376],[1.951833,41.420394],[1.951792,41.420437],[1.951692,41.420433],[1.951592,41.420429],[1.95144,41.420424],[1.951288,41.420419],[1.951221,41.420427],[1.951213,41.42043],[1.951132,41.420437],[1.951063,41.420463],[1.950994,41.42049],[1.950922,41.420513],[1.950851,41.420535],[1.95074,41.42057],[1.950709,41.42058],[1.950601,41.420614],[1.950493,41.420648],[1.950485,41.42065],[1.950472,41.420654],[1.950458,41.420659],[1.950415,41.420674],[1.95037,41.42069],[1.950335,41.420706],[1.950299,41.420723],[1.950276,41.420735],[1.950226,41.420764],[1.950214,41.42077],[1.950152,41.420805],[1.950106,41.42082],[1.95006,41.420835],[1.950031,41.420844],[1.949977,41.420862],[1.949952,41.42087],[1.949914,41.420881],[1.949821,41.420909],[1.949795,41.420917],[1.949717,41.420941],[1.949631,41.420966],[1.949573,41.420992],[1.94954,41.421013],[1.949658,41.421207],[1.949589,41.421302],[1.949205,41.421334],[1.94894,41.421341],[1.948669,41.421416],[1.948303,41.421546],[1.948174,41.421483],[1.947927,41.421114],[1.947608,41.420789],[1.94743,41.420785],[1.94724,41.420747],[1.947122,41.420719],[1.946582,41.42058],[1.946157,41.420463],[1.945857,41.420392],[1.94592,41.420155],[1.945737,41.420093],[1.945737,41.420093],[1.945743,41.420097],[1.945602,41.420242],[1.945388,41.420463],[1.944858,41.421013],[1.944854,41.421017],[1.94482,41.421137],[1.944325,41.421564],[1.943823,41.422084],[1.943096,41.42289],[1.942907,41.423191]]]]}},{"type":"Feature","id":"080728_080728 AP04 BLL 2","properties":{"area_id":"080728_080728 AP04 BLL 2","nom":"Socies","codi_icgc":"080728 AP04 BLL 2","categoria":"Àrees de poblament","codi_municipi":"080728","municipi":"Corbera de Llobregat","codi_comarca":"11","comarca":"Baix Llobregat","provincia":"Barcelona","font":"ICGC Àrees de poblament v3r1 202602"},"geometry":{"type":"MultiPolygon","coordinates":[[[[1.968907,41.431508],[1.969111,41.431393],[1.969269,41.431397],[1.969317,41.431394],[1.969478,41.431403],[1.969475,41.431236],[1.969698,41.431104],[1.969784,41.431047],[1.969824,41.431014],[1.969843,41.430986],[1.969697,41.430778],[1.970113,41.430634],[1.970496,41.430493],[1.970764,41.430394],[1.970942,41.430317],[1.970984,41.430296],[1.970984,41.430296],[1.970984,41.43029],[1.970985,41.430245],[1.970988,41.430041],[1.970984,41.430038],[1.970945,41.430019],[1.970927,41.430013],[1.970921,41.430012],[1.970909,41.43001],[1.970889,41.430008],[1.970868,41.430008],[1.970845,41.430005],[1.970821,41.43],[1.970808,41.429994],[1.970798,41.429986],[1.970776,41.429965],[1.970748,41.429931],[1.970717,41.4299],[1.97067,41.429863],[1.970644,41.429846],[1.970617,41.429831],[1.970579,41.429814],[1.97054,41.429798],[1.970489,41.429779],[1.970438,41.42976],[1.970415,41.429751],[1.970382,41.429738],[1.970367,41.42973],[1.970364,41.429728],[1.970353,41.429721],[1.970352,41.42972],[1.970311,41.429687],[1.97027,41.429652],[1.970232,41.429622],[1.970195,41.429593],[1.970152,41.429559],[1.970109,41.429524],[1.970061,41.429486],[1.970014,41.429448],[1.969991,41.42943],[1.969967,41.429412],[1.969957,41.429404],[1.969838,41.429295],[1.969548,41.429466],[1.969426,41.429303],[1.969293,41.429361],[1.969291,41.429362],[1.969244,41.429482],[1.969185,41.429526],[1.968727,41.429672],[1.968689,41.429712],[1.968591,41.429738],[1.968561,41.429746],[1.968515,41.42977],[1.968512,41.429771],[1.968474,41.429791],[1.968412,41.429823],[1.96837,41.429837],[1.968295,41.429861],[1.968149,41.429907],[1.968004,41.429955],[1.967884,41.429998],[1.967767,41.430043],[1.967655,41.430081],[1.967543,41.430117],[1.96742,41.430161],[1.967301,41.430209],[1.967181,41.430264],[1.967123,41.430294],[1.967068,41.430327],[1.966974,41.43039],[1.966882,41.430453],[1.966877,41.430456],[1.966796,41.430516],[1.966799,41.43054],[1.966801,41.430549],[1.966804,41.430576],[1.966806,41.430585],[1.966844,41.430589],[1.966972,41.430702],[1.966829,41.430798],[1.966764,41.430841],[1.966751,41.430894],[1.966781,41.430965],[1.966793,41.431037],[1.966797,41.431132],[1.966855,41.431313],[1.966859,41.431311],[1.966998,41.431242],[1.967052,41.43122],[1.967076,41.43121],[1.967072,41.431141],[1.967063,41.43096],[1.967112,41.430898],[1.967366,41.430805],[1.967461,41.430796],[1.967448,41.430454],[1.967591,41.430436],[1.967755,41.430417],[1.967901,41.430402],[1.968047,41.430388],[1.968208,41.430374],[1.968371,41.430362],[1.968527,41.430344],[1.968604,41.430335],[1.968679,41.430328],[1.968697,41.430327],[1.968832,41.430632],[1.968683,41.430704],[1.968342,41.430784],[1.968175,41.430857],[1.968393,41.431087],[1.968381,41.431094],[1.968362,41.431103],[1.968351,41.431107],[1.968332,41.431112],[1.968273,41.431127],[1.968161,41.431155],[1.968079,41.431176],[1.968089,41.431206],[1.968107,41.431257],[1.968115,41.431296],[1.968116,41.431349],[1.96809,41.431378],[1.968045,41.431402],[1.968094,41.431494],[1.968097,41.431497],[1.968231,41.431583],[1.968255,41.431594],[1.968339,41.431634],[1.96856,41.431662],[1.968907,41.431508]]]]}},{"type":"Feature","id":"080728_080728 SI01 BLL 2","properties":{"area_id":"080728_080728 SI01 BLL 2","nom":"Zona industrial Can Planes Sud","codi_icgc":"080728 SI01 BLL 2","categoria":"Sector industrial","codi_municipi":"080728","municipi":"Corbera de Llobregat","codi_comarca":"11","comarca":"Baix Llobregat","provincia":"Barcelona","font":"ICGC Àrees de poblament v3r1 202602"},"geometry":{"type":"MultiPolygon","coordinates":[[[[1.920077,41.406719],[1.920055,41.406717],[1.920033,41.406717],[1.919956,41.406725],[1.919878,41.406738],[1.919845,41.406743],[1.919796,41.406752],[1.919773,41.406757],[1.919752,41.406763],[1.919731,41.406769],[1.919711,41.406775],[1.919678,41.406784],[1.919967,41.406983],[1.919895,41.407039],[1.919555,41.407287],[1.919631,41.407351],[1.919683,41.407391],[1.919708,41.407413],[1.91984,41.40753],[1.920276,41.407884],[1.920777,41.408266],[1.920969,41.408438],[1.92097,41.408438],[1.921164,41.408669],[1.921166,41.408668],[1.921196,41.408642],[1.921204,41.408628],[1.921248,41.408583],[1.921245,41.408545],[1.921229,41.408503],[1.921199,41.408446],[1.921189,41.408425],[1.921156,41.408396],[1.921123,41.408376],[1.921086,41.408353],[1.921069,41.408316],[1.921046,41.40828],[1.921024,41.408244],[1.921003,41.40821],[1.920983,41.408175],[1.920927,41.408011],[1.920865,41.407903],[1.920806,41.407796],[1.920698,41.407626],[1.920679,41.407598],[1.920656,41.407572],[1.920633,41.407554],[1.920626,41.407553],[1.92046,41.407422],[1.920426,41.40739],[1.920401,41.407364],[1.920382,41.407336],[1.920367,41.407302],[1.920358,41.407267],[1.920347,41.407204],[1.920337,41.407142],[1.920329,41.407093],[1.920321,41.407044],[1.920315,41.407011],[1.920309,41.406988],[1.920307,41.406972],[1.920302,41.406947],[1.920296,41.406922],[1.920291,41.406892],[1.920286,41.406861],[1.920274,41.406837],[1.920256,41.406814],[1.920234,41.406786],[1.920205,41.406762],[1.920186,41.40675],[1.920154,41.406738],[1.92012,41.406729],[1.920077,41.406719]]],[[[1.924435,41.408599],[1.924424,41.40856],[1.924414,41.40854],[1.924401,41.40852],[1.924368,41.408484],[1.92433,41.40845],[1.924293,41.408416],[1.924264,41.408389],[1.924234,41.408362],[1.924219,41.40835],[1.924171,41.408334],[1.92398,41.408277],[1.923913,41.408244],[1.923839,41.408185],[1.923617,41.407994],[1.923567,41.407949],[1.923514,41.407925],[1.923479,41.407918],[1.92343,41.407917],[1.923365,41.407918],[1.923303,41.407934],[1.923244,41.407961],[1.923129,41.408016],[1.922997,41.408102],[1.922882,41.408173],[1.92277,41.408273],[1.922679,41.408379],[1.922658,41.408401],[1.922629,41.40845],[1.922565,41.408549],[1.922484,41.408663],[1.922438,41.408728],[1.922412,41.408778],[1.922392,41.408841],[1.922447,41.408851],[1.922491,41.40879],[1.922516,41.408762],[1.922534,41.408742],[1.922584,41.4087],[1.922745,41.408551],[1.92288,41.408607],[1.922849,41.408642],[1.923085,41.408728],[1.923419,41.408869],[1.923901,41.409102],[1.924132,41.4092],[1.924362,41.409298],[1.92442,41.40932],[1.924508,41.40935],[1.924551,41.409367],[1.924591,41.409386],[1.924661,41.409423],[1.92473,41.409459],[1.924794,41.409493],[1.924857,41.409526],[1.924921,41.409563],[1.924984,41.4096],[1.925021,41.409621],[1.925059,41.409641],[1.925102,41.409682],[1.925173,41.409777],[1.925232,41.409857],[1.925253,41.409887],[1.92531,41.409981],[1.925351,41.410057],[1.925373,41.410122],[1.92538,41.41017],[1.92536,41.410483],[1.925349,41.410622],[1.925348,41.410718],[1.925349,41.410752],[1.925359,41.41093],[1.92537,41.411109],[1.925373,41.411129],[1.925383,41.411158],[1.925395,41.411187],[1.925412,41.411221],[1.925433,41.411253],[1.925484,41.411312],[1.92554,41.411368],[1.925638,41.411459],[1.925738,41.41155],[1.925831,41.411629],[1.925925,41.411708],[1.925942,41.411722],[1.925962,41.411735],[1.925979,41.41174],[1.925996,41.411741],[1.92601,41.41174],[1.926024,41.411737],[1.926072,41.411716],[1.926137,41.411685],[1.926201,41.411652],[1.926425,41.411538],[1.926504,41.411498],[1.926663,41.411429],[1.92665,41.411424],[1.926602,41.411354],[1.926555,41.411284],[1.926499,41.411205],[1.926444,41.411126],[1.926378,41.411027],[1.926308,41.410929],[1.926257,41.410867],[1.926204,41.410806],[1.926159,41.410753],[1.926114,41.410701],[1.926091,41.410678],[1.926065,41.410657],[1.926009,41.410617],[1.925968,41.410564],[1.925853,41.410417],[1.925875,41.410391],[1.925896,41.410365],[1.925918,41.410339],[1.925939,41.410312],[1.92596,41.410279],[1.925978,41.410245],[1.925993,41.410209],[1.926006,41.410172],[1.926019,41.410134],[1.926029,41.410095],[1.926034,41.41006],[1.926034,41.410025],[1.92603,41.409989],[1.926028,41.409983],[1.926031,41.409981],[1.926026,41.409975],[1.92602,41.409953],[1.926006,41.409919],[1.925985,41.409887],[1.925957,41.409854],[1.925927,41.409824],[1.925885,41.409789],[1.925841,41.409757],[1.925792,41.409724],[1.925738,41.409695],[1.925669,41.409663],[1.925599,41.409632],[1.925552,41.409611],[1.925518,41.409596],[1.925438,41.409561],[1.925361,41.409521],[1.925285,41.409479],[1.925229,41.409452],[1.925184,41.40943],[1.925172,41.409425],[1.925046,41.409365],[1.924932,41.409303],[1.924879,41.409267],[1.924825,41.409226],[1.924779,41.40919],[1.924762,41.409177],[1.924666,41.409143],[1.924605,41.409122],[1.924561,41.409099],[1.924509,41.409056],[1.924482,41.409036],[1.92446,41.409014],[1.924442,41.408989],[1.924432,41.408967],[1.924426,41.408945],[1.924426,41.40893],[1.92443,41.408887],[1.924435,41.408844],[1.92444,41.408791],[1.924445,41.408738],[1.924445,41.408688],[1.92444,41.408638],[1.924435,41.408599]]]]}},{"type":"Feature","id":"080728_080728 AP24 BLL 3","properties":{"area_id":"080728_080728 AP24 BLL 3","nom":"el Bonrepòs","codi_icgc":"080728 AP24 BLL 3","categoria":"Àrees de poblament","codi_municipi":"080728","municipi":"Corbera de Llobregat","codi_comarca":"11","comarca":"Baix Llobregat","provincia":"Barcelona","font":"ICGC Àrees de poblament v3r1 202602"},"geometry":{"type":"MultiPolygon","coordinates":[[[[1.919284,41.421303],[1.919334,41.421302],[1.919532,41.421309],[1.919637,41.421311],[1.919742,41.421306],[1.919978,41.421279],[1.92008,41.421266],[1.92016,41.421256],[1.920169,41.421157],[1.920147,41.421152],[1.920121,41.421147],[1.920063,41.421135],[1.919972,41.421124],[1.919898,41.421119],[1.919725,41.421109],[1.91955,41.421092],[1.919386,41.421069],[1.919224,41.421041],[1.919205,41.421035],[1.919176,41.421028],[1.919135,41.421009],[1.919116,41.420996],[1.919087,41.420962],[1.919065,41.420921],[1.91903,41.420846],[1.918998,41.420769],[1.918957,41.420654],[1.918924,41.420539],[1.918918,41.420487],[1.918917,41.420435],[1.918931,41.420325],[1.918932,41.420321],[1.918932,41.420317],[1.918938,41.420297],[1.918991,41.420101],[1.918999,41.420076],[1.919019,41.420006],[1.91906,41.419863],[1.919098,41.419731],[1.91911,41.419688],[1.919101,41.419676],[1.919097,41.419646],[1.919094,41.419638],[1.919092,41.41963],[1.91908,41.419616],[1.919078,41.419614],[1.919067,41.419602],[1.919063,41.4196],[1.919056,41.419596],[1.919028,41.419581],[1.919025,41.419579],[1.918996,41.419566],[1.918976,41.419557],[1.919003,41.419467],[1.919003,41.41946],[1.919008,41.419334],[1.918999,41.419126],[1.918981,41.419122],[1.918849,41.419093],[1.91882,41.419091],[1.918597,41.419077],[1.918512,41.419071],[1.918537,41.418985],[1.918575,41.418859],[1.918585,41.418812],[1.9186,41.418738],[1.918523,41.418738],[1.918479,41.418734],[1.918408,41.41872],[1.918337,41.4187],[1.918247,41.418665],[1.91816,41.418625],[1.918111,41.418597],[1.918072,41.418563],[1.918063,41.418552],[1.918057,41.418543],[1.918053,41.418528],[1.918054,41.418516],[1.918067,41.418486],[1.918079,41.418461],[1.918114,41.418408],[1.918134,41.418417],[1.91814,41.41842],[1.91827,41.418409],[1.918481,41.418333],[1.918465,41.418286],[1.918421,41.418158],[1.9183,41.418092],[1.918238,41.418024],[1.918236,41.418022],[1.918195,41.417927],[1.918129,41.417868],[1.917969,41.417728],[1.917569,41.417524],[1.917526,41.417498],[1.917402,41.417423],[1.917353,41.417394],[1.9173,41.417448],[1.917199,41.417521],[1.917102,41.417605],[1.917086,41.417634],[1.917015,41.417685],[1.916908,41.417762],[1.916904,41.417765],[1.916849,41.417821],[1.916681,41.418058],[1.916611,41.418163],[1.91659,41.418198],[1.91657,41.418196],[1.916541,41.418193],[1.916488,41.418193],[1.916445,41.418202],[1.916405,41.418231],[1.916393,41.418245],[1.916345,41.418288],[1.916276,41.41835],[1.91624,41.418382],[1.916028,41.418568],[1.915929,41.418667],[1.915906,41.41869],[1.915907,41.418693],[1.915934,41.418784],[1.915934,41.418785],[1.915941,41.418838],[1.915947,41.418882],[1.915947,41.418884],[1.915948,41.418915],[1.915954,41.418972],[1.915962,41.419087],[1.91611,41.419327],[1.916144,41.41938],[1.916244,41.41944],[1.916288,41.419466],[1.916349,41.419502],[1.916364,41.419546],[1.916372,41.419569],[1.91643,41.419737],[1.916433,41.419745],[1.916659,41.419887],[1.917106,41.419968],[1.917315,41.42004],[1.917548,41.42012],[1.917858,41.420303],[1.918005,41.420354],[1.918156,41.420363],[1.918145,41.420415],[1.918122,41.420516],[1.918107,41.420505],[1.918077,41.420578],[1.918091,41.420593],[1.918091,41.420593],[1.918094,41.420597],[1.918108,41.420613],[1.918111,41.420617],[1.918123,41.420631],[1.918166,41.420682],[1.91825,41.420781],[1.918333,41.420881],[1.918414,41.420978],[1.918497,41.421074],[1.918576,41.42116],[1.918628,41.421211],[1.918673,41.421246],[1.918703,41.421267],[1.918731,41.421283],[1.918774,41.421303],[1.918823,41.42132],[1.918878,41.421332],[1.91891,41.421337],[1.918936,41.421337],[1.918965,41.421336],[1.91899,41.421335],[1.919078,41.421322],[1.91915,41.421312],[1.919208,41.421307],[1.919284,41.421303]]],[[[1.923489,41.421501],[1.923525,41.421499],[1.923581,41.421505],[1.923635,41.421506],[1.923707,41.421484],[1.923731,41.421476],[1.923742,41.421472],[1.923778,41.421465],[1.923833,41.421462],[1.923889,41.42146],[1.923939,41.421462],[1.92399,41.42146],[1.924015,41.421449],[1.924028,41.42143],[1.924023,41.42141],[1.924,41.421379],[1.923981,41.421349],[1.923968,41.421312],[1.923959,41.421275],[1.92396,41.421243],[1.923962,41.421242],[1.92396,41.421238],[1.923959,41.421209],[1.923946,41.421177],[1.923933,41.421145],[1.923919,41.421114],[1.923905,41.421082],[1.923907,41.421055],[1.923908,41.421041],[1.923903,41.42103],[1.923884,41.421012],[1.923864,41.420995],[1.923855,41.420988],[1.923802,41.420957],[1.923852,41.420883],[1.923891,41.420821],[1.923895,41.420814],[1.923893,41.420757],[1.923885,41.420713],[1.923833,41.420593],[1.923807,41.420473],[1.923812,41.420428],[1.923855,41.420401],[1.923956,41.420416],[1.923966,41.420417],[1.924003,41.420424],[1.924036,41.420432],[1.92404,41.420434],[1.924334,41.420526],[1.924334,41.420524],[1.924379,41.420521],[1.924405,41.420519],[1.924505,41.420511],[1.924511,41.420496],[1.924554,41.420312],[1.924569,41.420234],[1.924609,41.42004],[1.92461,41.420033],[1.924646,41.419836],[1.924662,41.419807],[1.924658,41.419758],[1.924632,41.419729],[1.924586,41.419676],[1.92458,41.419669],[1.924573,41.419596],[1.924606,41.419507],[1.924581,41.419456],[1.92453,41.419185],[1.924519,41.419139],[1.924494,41.41904],[1.924467,41.418934],[1.924345,41.418688],[1.924304,41.418704],[1.924196,41.418735],[1.924088,41.41876],[1.924059,41.418768],[1.923993,41.418785],[1.923967,41.418792],[1.923911,41.41881],[1.923884,41.418822],[1.923873,41.418827],[1.923822,41.418851],[1.923595,41.418955],[1.923575,41.418964],[1.923521,41.418998],[1.923328,41.419045],[1.923276,41.419077],[1.92317,41.419138],[1.923132,41.419158],[1.923091,41.419175],[1.923051,41.419187],[1.923004,41.4192],[1.922977,41.419203],[1.922945,41.419207],[1.922834,41.41921],[1.922723,41.419212],[1.922697,41.419213],[1.922648,41.419219],[1.922608,41.419223],[1.922574,41.419232],[1.922542,41.419247],[1.922527,41.41926],[1.922518,41.419268],[1.922514,41.419273],[1.922496,41.419298],[1.922485,41.419318],[1.922472,41.419348],[1.922468,41.419377],[1.922468,41.41942],[1.922465,41.419438],[1.922459,41.419459],[1.92245,41.419484],[1.922432,41.419533],[1.922428,41.419549],[1.922342,41.41953],[1.922245,41.41954],[1.92222,41.419554],[1.922147,41.419598],[1.922095,41.419651],[1.921955,41.419797],[1.921815,41.419879],[1.921763,41.419913],[1.921626,41.420002],[1.921531,41.420056],[1.921461,41.420122],[1.921418,41.42016],[1.921405,41.420181],[1.921411,41.420221],[1.921414,41.420237],[1.921493,41.420274],[1.921603,41.420344],[1.921673,41.420392],[1.921746,41.420433],[1.921757,41.42044],[1.921767,41.420447],[1.92201,41.420619],[1.92201,41.420619],[1.922272,41.420771],[1.92236,41.420823],[1.922361,41.420823],[1.922361,41.420823],[1.922419,41.420861],[1.92243,41.420868],[1.922552,41.420941],[1.922552,41.420942],[1.922757,41.421065],[1.922714,41.42109],[1.922661,41.421115],[1.922615,41.421136],[1.922575,41.421151],[1.922524,41.421167],[1.922501,41.421173],[1.922476,41.421177],[1.922428,41.421181],[1.922333,41.421182],[1.922237,41.421182],[1.922153,41.421182],[1.922069,41.421182],[1.922057,41.421183],[1.922038,41.421187],[1.922021,41.421194],[1.921997,41.421209],[1.921963,41.421238],[1.921956,41.421254],[1.921956,41.42128],[1.921961,41.421293],[1.92197,41.421304],[1.921988,41.421322],[1.922011,41.421336],[1.922032,41.421346],[1.922059,41.421358],[1.922111,41.421374],[1.922154,41.421386],[1.92225,41.421409],[1.922355,41.421428],[1.92239,41.42147],[1.922426,41.421511],[1.922451,41.421541],[1.922475,41.421571],[1.922502,41.421603],[1.92253,41.421634],[1.922565,41.42167],[1.922583,41.421688],[1.9226,41.421707],[1.922623,41.42174],[1.922633,41.421758],[1.922647,41.421774],[1.922669,41.421797],[1.922692,41.42182],[1.922705,41.421822],[1.92274,41.421828],[1.922788,41.421836],[1.922824,41.421834],[1.922849,41.421824],[1.922876,41.421805],[1.922916,41.421775],[1.922933,41.421754],[1.922943,41.421717],[1.922944,41.421713],[1.92295,41.4217],[1.922963,41.421686],[1.922978,41.421677],[1.923026,41.421648],[1.923094,41.421617],[1.923148,41.421599],[1.923187,41.421585],[1.923282,41.421555],[1.923363,41.421532],[1.923385,41.421525],[1.923489,41.421501]]],[[[1.914714,41.422823],[1.914828,41.422762],[1.914997,41.422953],[1.91511,41.422881],[1.915138,41.422917],[1.915231,41.422853],[1.915179,41.42276],[1.915319,41.422669],[1.915476,41.422535],[1.915499,41.422515],[1.91565,41.422424],[1.915685,41.422414],[1.915865,41.422363],[1.916075,41.422345],[1.916152,41.422339],[1.916259,41.422287],[1.916262,41.422285],[1.916383,41.422227],[1.9166,41.422191],[1.916737,41.422184],[1.916963,41.422166],[1.917114,41.422142],[1.917178,41.422138],[1.917193,41.422137],[1.917272,41.422131],[1.917359,41.422122],[1.917398,41.422109],[1.9174,41.422107],[1.917441,41.422061],[1.91752,41.422062],[1.917524,41.422037],[1.917534,41.42195],[1.917534,41.421949],[1.917542,41.421835],[1.917548,41.421722],[1.917562,41.421611],[1.917584,41.421502],[1.917615,41.421424],[1.917651,41.42134],[1.917663,41.421293],[1.917659,41.421222],[1.917637,41.421155],[1.917582,41.421054],[1.917574,41.42104],[1.917527,41.420967],[1.917521,41.420959],[1.917441,41.420848],[1.917359,41.420739],[1.9173,41.42066],[1.917269,41.420622],[1.917231,41.420577],[1.917211,41.42056],[1.917184,41.420541],[1.917169,41.420533],[1.917149,41.420524],[1.917103,41.420507],[1.917065,41.420499],[1.917015,41.420492],[1.916971,41.42049],[1.916923,41.420493],[1.916837,41.420501],[1.91676,41.420512],[1.916733,41.420515],[1.91672,41.420521],[1.916641,41.42056],[1.916608,41.420585],[1.916548,41.420629],[1.916431,41.420706],[1.916307,41.420777],[1.916197,41.420831],[1.916082,41.42088],[1.916031,41.420897],[1.916019,41.420901],[1.916007,41.420905],[1.916006,41.420905],[1.915931,41.420923],[1.915896,41.420928],[1.915839,41.420932],[1.915736,41.420938],[1.915673,41.420945],[1.915632,41.420952],[1.915581,41.420965],[1.915558,41.420973],[1.915533,41.420982],[1.915511,41.420992],[1.915485,41.421006],[1.915456,41.421025],[1.91543,41.421047],[1.915405,41.421068],[1.915378,41.4211],[1.915367,41.421113],[1.915343,41.421151],[1.915322,41.421185],[1.915303,41.421222],[1.915283,41.421262],[1.915261,41.421306],[1.915246,41.421341],[1.915236,41.421364],[1.91507,41.421486],[1.915006,41.421441],[1.9148,41.421506],[1.914783,41.421512],[1.914667,41.421557],[1.914664,41.421558],[1.914503,41.421609],[1.914491,41.421611],[1.914183,41.421667],[1.914249,41.42176],[1.913962,41.421796],[1.913916,41.421811],[1.913768,41.42186],[1.913662,41.421895],[1.913616,41.42191],[1.913588,41.421919],[1.913554,41.422042],[1.913509,41.422105],[1.913508,41.422115],[1.913484,41.42256],[1.913484,41.422565],[1.913481,41.422615],[1.913483,41.422614],[1.913515,41.42261],[1.913535,41.422613],[1.913558,41.422625],[1.913571,41.422644],[1.913574,41.422665],[1.913565,41.422697],[1.913557,41.422729],[1.913554,41.422786],[1.913563,41.422843],[1.913577,41.42287],[1.913654,41.422945],[1.914081,41.423238],[1.91417,41.423142],[1.914214,41.423077],[1.9145,41.422938],[1.914714,41.422823]]],[[[1.922748,41.427059],[1.922795,41.426998],[1.922807,41.426982],[1.922826,41.426961],[1.92284,41.426938],[1.922875,41.42686],[1.92291,41.426783],[1.922955,41.426682],[1.923,41.426581],[1.923034,41.4265],[1.923066,41.426419],[1.923082,41.426354],[1.923082,41.42632],[1.923074,41.426288],[1.923039,41.426215],[1.922998,41.426145],[1.92294,41.426055],[1.922882,41.425965],[1.922844,41.425898],[1.922811,41.425831],[1.92278,41.42576],[1.922749,41.425689],[1.922743,41.425678],[1.922709,41.425616],[1.922651,41.425549],[1.922567,41.425475],[1.922552,41.425463],[1.922478,41.425404],[1.922401,41.425348],[1.922323,41.425291],[1.922272,41.425239],[1.922226,41.425185],[1.922181,41.42514],[1.922154,41.425121],[1.922122,41.425105],[1.922091,41.425098],[1.922068,41.425094],[1.922042,41.425085],[1.922024,41.425076],[1.922012,41.425063],[1.921993,41.425025],[1.921979,41.424992],[1.921922,41.424905],[1.921859,41.424885],[1.921859,41.424885],[1.921907,41.424502],[1.921931,41.424459],[1.921952,41.424423],[1.92198,41.424374],[1.921991,41.424323],[1.922013,41.424277],[1.922097,41.424097],[1.922066,41.4241],[1.922093,41.424039],[1.922096,41.424042],[1.922113,41.424055],[1.92219,41.423885],[1.922212,41.423842],[1.922243,41.42378],[1.922283,41.423686],[1.922296,41.423654],[1.922378,41.423475],[1.922388,41.423455],[1.922377,41.423444],[1.922351,41.423428],[1.922324,41.423423],[1.922324,41.423418],[1.922314,41.4234],[1.922298,41.423384],[1.922308,41.423385],[1.922368,41.423391],[1.922424,41.423269],[1.922506,41.423072],[1.922549,41.422972],[1.922568,41.422898],[1.922593,41.422795],[1.922605,41.422747],[1.922636,41.422709],[1.922689,41.422644],[1.922757,41.422562],[1.922778,41.422515],[1.922795,41.422464],[1.922802,41.422432],[1.9228,41.42239],[1.922806,41.422391],[1.922837,41.422397],[1.922874,41.422404],[1.922898,41.422408],[1.922909,41.422408],[1.922921,41.422405],[1.922938,41.422393],[1.922954,41.42237],[1.922966,41.422345],[1.922983,41.422311],[1.922994,41.422286],[1.923003,41.422248],[1.923002,41.422229],[1.922998,41.422212],[1.922987,41.422194],[1.922962,41.422172],[1.92293,41.422152],[1.922902,41.422137],[1.922888,41.422132],[1.922873,41.42213],[1.922828,41.42213],[1.922831,41.422094],[1.922755,41.4221],[1.922607,41.422103],[1.922508,41.422099],[1.922444,41.422093],[1.922381,41.422086],[1.922339,41.422089],[1.922294,41.422098],[1.922249,41.422107],[1.922237,41.422109],[1.922203,41.422115],[1.922198,41.422116],[1.922187,41.422118],[1.922154,41.422128],[1.922135,41.422134],[1.92214,41.422128],[1.922137,41.422115],[1.922126,41.422106],[1.922082,41.422092],[1.922037,41.422082],[1.921936,41.422059],[1.921833,41.422042],[1.921705,41.422031],[1.921577,41.422022],[1.921509,41.422014],[1.921442,41.422008],[1.921432,41.422014],[1.921428,41.422023],[1.921426,41.422041],[1.921424,41.422059],[1.921357,41.421992],[1.92119,41.422041],[1.920994,41.422096],[1.920973,41.422103],[1.920773,41.422207],[1.920745,41.422223],[1.920492,41.422369],[1.920466,41.422387],[1.920516,41.422487],[1.920531,41.422521],[1.920566,41.422571],[1.920495,41.42261],[1.920454,41.422632],[1.92044,41.422638],[1.92043,41.42264],[1.920408,41.422641],[1.920383,41.42264],[1.920356,41.422636],[1.920329,41.42263],[1.920285,41.422617],[1.920221,41.4226],[1.920109,41.422571],[1.920102,41.422569],[1.919977,41.422554],[1.919854,41.42255],[1.919721,41.422555],[1.919591,41.422563],[1.919406,41.422576],[1.919267,41.422589],[1.91922,41.422593],[1.919061,41.422615],[1.918904,41.422646],[1.918744,41.422688],[1.918589,41.422737],[1.918446,41.422787],[1.918305,41.42284],[1.918254,41.422861],[1.918204,41.422881],[1.918155,41.422899],[1.918044,41.422943],[1.91799,41.422988],[1.917954,41.42303],[1.917938,41.423106],[1.917937,41.423161],[1.917949,41.423213],[1.917969,41.423293],[1.917977,41.423322],[1.917977,41.423345],[1.917968,41.423426],[1.917959,41.423491],[1.917945,41.423555],[1.917933,41.423598],[1.917913,41.423646],[1.917898,41.423684],[1.917857,41.423769],[1.917821,41.423838],[1.917779,41.423905],[1.917736,41.423964],[1.91769,41.424021],[1.917663,41.424054],[1.917634,41.424086],[1.917614,41.424105],[1.917589,41.424121],[1.917569,41.424129],[1.91753,41.424138],[1.91749,41.424145],[1.917439,41.424152],[1.917387,41.424159],[1.917354,41.424167],[1.917332,41.424175],[1.917311,41.424186],[1.917271,41.424208],[1.917246,41.424219],[1.91722,41.42423],[1.917171,41.424246],[1.917135,41.424256],[1.917122,41.424261],[1.917104,41.424268],[1.917087,41.424276],[1.916957,41.42441],[1.916978,41.424417],[1.917005,41.424424],[1.916974,41.424442],[1.917019,41.424531],[1.917151,41.424478],[1.917221,41.424533],[1.917195,41.424599],[1.917107,41.42475],[1.917074,41.424762],[1.917042,41.424774],[1.91701,41.424789],[1.916983,41.424808],[1.916934,41.424852],[1.916881,41.424897],[1.91683,41.424944],[1.916783,41.42499],[1.916736,41.425036],[1.916706,41.425071],[1.916677,41.425108],[1.916653,41.425131],[1.916635,41.425143],[1.916615,41.425152],[1.916569,41.425161],[1.916532,41.425162],[1.916531,41.425162],[1.916512,41.425206],[1.916522,41.425289],[1.91654,41.425368],[1.916591,41.425438],[1.916719,41.42539],[1.916965,41.425343],[1.91724,41.425368],[1.917577,41.425362],[1.917766,41.425368],[1.917878,41.425374],[1.917979,41.425365],[1.918017,41.425361],[1.918071,41.425357],[1.918156,41.425349],[1.9182,41.425309],[1.918238,41.425274],[1.918243,41.425269],[1.91848,41.425235],[1.918506,41.425231],[1.918716,41.425197],[1.918805,41.425202],[1.919021,41.425218],[1.919334,41.425237],[1.91945,41.425244],[1.919451,41.425245],[1.919471,41.425278],[1.919488,41.425308],[1.919493,41.42531],[1.919573,41.425354],[1.919644,41.425372],[1.91977,41.425364],[1.919828,41.425352],[1.919833,41.425351],[1.919837,41.425355],[1.919851,41.425367],[1.919852,41.425385],[1.919866,41.425405],[1.919895,41.42543],[1.919926,41.425454],[1.919994,41.4255],[1.920061,41.425548],[1.920082,41.425563],[1.920197,41.425661],[1.920204,41.425667],[1.920282,41.425735],[1.920317,41.425766],[1.920332,41.425778],[1.920476,41.425849],[1.920547,41.425948],[1.920556,41.425962],[1.920602,41.426036],[1.920819,41.426174],[1.920963,41.426275],[1.921094,41.426313],[1.921132,41.42635],[1.921134,41.426352],[1.921191,41.426405],[1.921248,41.426456],[1.921275,41.426474],[1.921307,41.42649],[1.921372,41.426513],[1.921399,41.426519],[1.921426,41.426519],[1.921438,41.426515],[1.921443,41.426513],[1.921479,41.426496],[1.921514,41.42648],[1.921534,41.426502],[1.921555,41.426526],[1.921589,41.426564],[1.921626,41.426603],[1.921658,41.426631],[1.921788,41.4267],[1.921846,41.42673],[1.92203,41.426829],[1.922261,41.426935],[1.922284,41.426947],[1.922328,41.42697],[1.922486,41.427028],[1.922633,41.427055],[1.922592,41.427029],[1.922561,41.427009],[1.922591,41.427019],[1.922635,41.427028],[1.922658,41.42703],[1.922705,41.427045],[1.922748,41.427059]]]]}},{"type":"Feature","id":"080728_080728 AP08 BLL 3","properties":{"area_id":"080728_080728 AP08 BLL 3","nom":"el Solei dels Herbatges","codi_icgc":"080728 AP08 BLL 3","categoria":"Àrees de poblament","codi_municipi":"080728","municipi":"Corbera de Llobregat","codi_comarca":"11","comarca":"Baix Llobregat","provincia":"Barcelona","font":"ICGC Àrees de poblament v3r1 202602"},"geometry":{"type":"MultiPolygon","coordinates":[[[[1.907747,41.421022],[1.907682,41.420923],[1.907791,41.420893],[1.907744,41.420838],[1.907716,41.42079],[1.907765,41.420755],[1.907798,41.420717],[1.907804,41.420702],[1.907805,41.420688],[1.907805,41.420669],[1.907796,41.420635],[1.907771,41.420575],[1.907742,41.420516],[1.907699,41.420438],[1.907653,41.42036],[1.907617,41.420304],[1.907597,41.420274],[1.907613,41.42026],[1.907622,41.420243],[1.907624,41.420225],[1.907618,41.420206],[1.907606,41.420191],[1.907587,41.420178],[1.907564,41.420171],[1.90754,41.420169],[1.907516,41.420173],[1.907515,41.420173],[1.907473,41.420125],[1.907411,41.420044],[1.907349,41.419963],[1.90731,41.419912],[1.90727,41.419861],[1.907259,41.419835],[1.90726,41.419793],[1.907272,41.419752],[1.907288,41.419706],[1.907304,41.41966],[1.907321,41.419625],[1.907328,41.419606],[1.907337,41.41957],[1.907342,41.419545],[1.907347,41.419541],[1.907337,41.419529],[1.907336,41.419527],[1.907337,41.419527],[1.907516,41.419389],[1.907575,41.419314],[1.907247,41.41918],[1.907141,41.419137],[1.906996,41.419078],[1.906833,41.419003],[1.906804,41.41899],[1.906662,41.418931],[1.90625,41.418813],[1.906213,41.418802],[1.906175,41.418825],[1.906154,41.418862],[1.906047,41.419052],[1.906009,41.419117],[1.905974,41.419137],[1.905944,41.419156],[1.90592,41.419175],[1.905902,41.419199],[1.905876,41.419251],[1.905838,41.419325],[1.9058,41.419399],[1.905753,41.419489],[1.905704,41.419578],[1.905684,41.419611],[1.905661,41.419642],[1.905611,41.419703],[1.905577,41.419743],[1.90553,41.419791],[1.905483,41.419838],[1.90547,41.419858],[1.905461,41.419879],[1.905442,41.419919],[1.90543,41.419946],[1.90542,41.419963],[1.905409,41.419971],[1.905399,41.419972],[1.905397,41.419971],[1.905394,41.419977],[1.905369,41.420031],[1.905342,41.42004],[1.905342,41.420041],[1.905365,41.420131],[1.905387,41.420222],[1.905405,41.420274],[1.905422,41.420327],[1.905427,41.42035],[1.905435,41.420378],[1.90539,41.420379],[1.905196,41.420402],[1.905193,41.420402],[1.905058,41.420496],[1.90524,41.420628],[1.905309,41.420678],[1.905283,41.420721],[1.905248,41.420778],[1.905218,41.420826],[1.90519,41.420953],[1.905211,41.420957],[1.905577,41.421017],[1.90581,41.42108],[1.905894,41.421026],[1.905934,41.421005],[1.905961,41.421016],[1.90599,41.421027],[1.90604,41.421045],[1.906093,41.421058],[1.906173,41.421068],[1.906253,41.421075],[1.906336,41.421078],[1.90642,41.421082],[1.9065,41.421098],[1.906577,41.421122],[1.906684,41.421162],[1.906791,41.421201],[1.906832,41.421214],[1.906875,41.421225],[1.906916,41.42123],[1.906952,41.421247],[1.907178,41.42128],[1.90718,41.42128],[1.907414,41.421212],[1.907554,41.421174],[1.907746,41.421116],[1.907746,41.421075],[1.907747,41.421022]]]]}},{"type":"Feature","id":"080728_080728 AP20 BLL 3","properties":{"area_id":"080728_080728 AP20 BLL 3","nom":"els Guixots","codi_icgc":"080728 AP20 BLL 3","categoria":"Àrees de poblament","codi_municipi":"080728","municipi":"Corbera de Llobregat","codi_comarca":"11","comarca":"Baix Llobregat","provincia":"Barcelona","font":"ICGC Àrees de poblament v3r1 202602"},"geometry":{"type":"MultiPolygon","coordinates":[[[[1.908166,41.415447],[1.908183,41.415354],[1.908159,41.415344],[1.90817,41.415279],[1.908174,41.415256],[1.908162,41.415192],[1.908168,41.415137],[1.90818,41.41509],[1.908189,41.415085],[1.908199,41.41508],[1.908216,41.415048],[1.908248,41.414964],[1.908245,41.414837],[1.908223,41.414746],[1.908201,41.414658],[1.908159,41.414494],[1.908124,41.414409],[1.908066,41.414342],[1.907998,41.414295],[1.907931,41.414284],[1.907857,41.414298],[1.907712,41.414341],[1.907652,41.414329],[1.907645,41.414325],[1.90742,41.414198],[1.907293,41.41415],[1.907237,41.414238],[1.907235,41.414243],[1.907147,41.414391],[1.907109,41.414448],[1.906897,41.414449],[1.906883,41.414398],[1.906886,41.414365],[1.906884,41.414301],[1.906833,41.414245],[1.906776,41.41423],[1.906707,41.414261],[1.906629,41.414288],[1.906554,41.414308],[1.90648,41.414371],[1.906382,41.414417],[1.90632,41.414444],[1.906311,41.414455],[1.906297,41.414472],[1.906283,41.414473],[1.906284,41.414531],[1.906285,41.414662],[1.906285,41.414679],[1.906476,41.41467],[1.90666,41.414666],[1.906668,41.414758],[1.90667,41.414847],[1.906673,41.414959],[1.906674,41.414986],[1.906678,41.415082],[1.90668,41.415118],[1.906682,41.415165],[1.906689,41.41522],[1.906694,41.415272],[1.9067,41.415318],[1.906705,41.415361],[1.906708,41.415385],[1.906714,41.415409],[1.906722,41.415425],[1.906738,41.415437],[1.906837,41.415479],[1.907013,41.415543],[1.907014,41.415544],[1.90715,41.415457],[1.907244,41.415426],[1.907267,41.415418],[1.907491,41.415424],[1.907568,41.415435],[1.907659,41.415482],[1.907843,41.415564],[1.908013,41.415657],[1.908016,41.415654],[1.908037,41.415635],[1.908042,41.41563],[1.908114,41.415563],[1.908147,41.415529],[1.908162,41.415462],[1.908166,41.415447]]],[[[1.910459,41.414945],[1.910372,41.41493],[1.910368,41.414943],[1.910286,41.414929],[1.910264,41.414926],[1.910114,41.414902],[1.91015,41.414826],[1.910208,41.414777],[1.910103,41.414726],[1.909909,41.414707],[1.909739,41.414698],[1.909565,41.414727],[1.909296,41.414763],[1.909319,41.414871],[1.909119,41.414871],[1.909001,41.414877],[1.908986,41.415014],[1.909136,41.415051],[1.909357,41.415087],[1.909519,41.415093],[1.909765,41.415117],[1.909733,41.415293],[1.909702,41.41548],[1.909773,41.415553],[1.910015,41.415618],[1.910274,41.415669],[1.910277,41.415678],[1.910286,41.41568],[1.910275,41.415573],[1.91028,41.41552],[1.910294,41.415482],[1.910319,41.415446],[1.910351,41.415416],[1.910462,41.415354],[1.910487,41.415344],[1.91052,41.415331],[1.910457,41.415237],[1.910409,41.415165],[1.910485,41.415038],[1.910531,41.414954],[1.910459,41.414945]]]]}},{"type":"Feature","id":"080728_080728 AP05 BLL 3","properties":{"area_id":"080728_080728 AP05 BLL 3","nom":"l'Amunt","codi_icgc":"080728 AP05 BLL 3","categoria":"Àrees de poblament","codi_municipi":"080728","municipi":"Corbera de Llobregat","codi_comarca":"11","comarca":"Baix Llobregat","provincia":"Barcelona","font":"ICGC Àrees de poblament v3r1 202602"},"geometry":{"type":"MultiPolygon","coordinates":[[[[1.905769,41.410133],[1.905709,41.410223],[1.905667,41.41026],[1.905607,41.410294],[1.90554,41.410321],[1.905431,41.410372],[1.90528,41.410437],[1.904826,41.410553],[1.904561,41.410633],[1.904527,41.410644],[1.904265,41.410724],[1.904127,41.410767],[1.90443,41.411433],[1.904298,41.411675],[1.904259,41.411787],[1.90429,41.411811],[1.90429,41.411812],[1.904291,41.411811],[1.904301,41.411813],[1.904353,41.411821],[1.904378,41.411821],[1.904448,41.411816],[1.904518,41.411812],[1.904588,41.411811],[1.904657,41.411811],[1.904722,41.411811],[1.904787,41.411812],[1.904827,41.411814],[1.904867,41.41182],[1.904899,41.411831],[1.904926,41.411846],[1.904971,41.41188],[1.905006,41.411911],[1.905043,41.411943],[1.905079,41.411976],[1.905093,41.411984],[1.905109,41.411988],[1.905123,41.411985],[1.905188,41.41202],[1.905189,41.412014],[1.905196,41.411997],[1.905208,41.41198],[1.905236,41.411955],[1.905268,41.411929],[1.905304,41.411901],[1.905342,41.411877],[1.905425,41.411835],[1.905434,41.411831],[1.90551,41.411792],[1.90556,41.411766],[1.905581,41.411753],[1.905854,41.411612],[1.905934,41.411571],[1.905986,41.411566],[1.906137,41.411553],[1.906216,41.411553],[1.906298,41.411552],[1.906326,41.41155],[1.906362,41.411542],[1.906397,41.411533],[1.906438,41.41152],[1.906481,41.411503],[1.906526,41.411475],[1.906566,41.411449],[1.906621,41.411415],[1.906662,41.411386],[1.906692,41.411361],[1.906737,41.411326],[1.906853,41.411453],[1.906959,41.411582],[1.907039,41.4117],[1.907047,41.411711],[1.907144,41.411859],[1.907206,41.411962],[1.907248,41.412036],[1.90732,41.412148],[1.907446,41.412291],[1.907609,41.412197],[1.907753,41.412159],[1.907767,41.412155],[1.908027,41.412101],[1.908068,41.412046],[1.908047,41.412008],[1.90802,41.411959],[1.90798,41.411895],[1.907939,41.41183],[1.907881,41.411743],[1.907823,41.411657],[1.907782,41.411596],[1.907738,41.411537],[1.907706,41.411499],[1.907675,41.411463],[1.907644,41.411411],[1.907616,41.411356],[1.907592,41.41132],[1.907561,41.41128],[1.90753,41.411241],[1.907507,41.411207],[1.907486,41.411172],[1.907462,41.411127],[1.907437,41.411082],[1.907402,41.41103],[1.907367,41.410979],[1.907348,41.410947],[1.907327,41.410914],[1.90729,41.410874],[1.907249,41.410837],[1.907223,41.410814],[1.907199,41.410791],[1.907191,41.410779],[1.907186,41.410766],[1.907182,41.410736],[1.907179,41.4107],[1.907181,41.410665],[1.907187,41.410634],[1.907154,41.410629],[1.906987,41.410606],[1.906912,41.410596],[1.906885,41.410592],[1.906665,41.41052],[1.906612,41.410503],[1.906627,41.410426],[1.906567,41.410355],[1.906546,41.410365],[1.906534,41.410351],[1.906489,41.410372],[1.906398,41.410303],[1.906318,41.410233],[1.906211,41.41013],[1.906177,41.41008],[1.906115,41.410072],[1.906102,41.410078],[1.906076,41.410088],[1.90599,41.410159],[1.905955,41.410208],[1.905965,41.410247],[1.905921,41.410172],[1.905894,41.410117],[1.905871,41.410119],[1.905786,41.410124],[1.905769,41.410133]]]]}},{"type":"Feature","id":"080728_080728 AP13 BLL 3","properties":{"area_id":"080728_080728 AP13 BLL 3","nom":"la Creu de Sussalba","codi_icgc":"080728 AP13 BLL 3","categoria":"Àrees de poblament","codi_municipi":"080728","municipi":"Corbera de Llobregat","codi_comarca":"11","comarca":"Baix Llobregat","provincia":"Barcelona","font":"ICGC Àrees de poblament v3r1 202602"},"geometry":{"type":"MultiPolygon","coordinates":[[[[1.967012,41.442723],[1.966995,41.442681],[1.966915,41.442488],[1.966854,41.442343],[1.966823,41.442268],[1.966805,41.442226],[1.966723,41.442022],[1.966679,41.441939],[1.966627,41.441798],[1.966569,41.441618],[1.966516,41.441613],[1.965967,41.441566],[1.965996,41.441537],[1.965497,41.441297],[1.965321,41.441201],[1.965307,41.441193],[1.965167,41.441111],[1.965032,41.441055],[1.964997,41.441042],[1.964868,41.440991],[1.964623,41.44088],[1.964591,41.440853],[1.964559,41.440825],[1.964524,41.44079],[1.96449,41.440755],[1.96443,41.440692],[1.964396,41.440653],[1.964367,41.440613],[1.964335,41.440554],[1.964304,41.440495],[1.964265,41.440429],[1.964222,41.440364],[1.964181,41.440313],[1.964138,41.440263],[1.964102,41.440212],[1.964068,41.44016],[1.964048,41.440127],[1.964032,41.440093],[1.964026,41.440071],[1.964026,41.440048],[1.964032,41.440021],[1.964042,41.439994],[1.964054,41.439967],[1.964069,41.439942],[1.964096,41.439906],[1.964123,41.439871],[1.964146,41.439839],[1.964168,41.439806],[1.964185,41.439775],[1.964198,41.439743],[1.964215,41.439694],[1.964227,41.439644],[1.964238,41.439585],[1.964245,41.439525],[1.964249,41.439473],[1.96425,41.43942],[1.964245,41.439365],[1.964237,41.439309],[1.964232,41.439284],[1.964225,41.439259],[1.964215,41.439227],[1.964202,41.439194],[1.964184,41.439163],[1.964163,41.439132],[1.964131,41.439089],[1.9641,41.439047],[1.964068,41.439003],[1.964039,41.438958],[1.96427,41.438908],[1.964241,41.438883],[1.964055,41.438696],[1.963996,41.438636],[1.963952,41.438593],[1.963929,41.438578],[1.963885,41.43855],[1.963851,41.438529],[1.963158,41.438099],[1.963007,41.438005],[1.962689,41.437807],[1.962535,41.437712],[1.962361,41.437802],[1.962218,41.437928],[1.962142,41.437817],[1.962019,41.43773],[1.961964,41.43771],[1.961799,41.437651],[1.961733,41.43763],[1.961706,41.437622],[1.961664,41.4376],[1.961532,41.437533],[1.961527,41.437523],[1.96143,41.437335],[1.961375,41.437258],[1.961221,41.437039],[1.96139,41.436832],[1.961411,41.436841],[1.961439,41.43685],[1.961471,41.43686],[1.961504,41.436867],[1.961528,41.436867],[1.96157,41.436862],[1.961599,41.436849],[1.961617,41.436839],[1.961629,41.436828],[1.961894,41.436792],[1.961888,41.436763],[1.961883,41.436733],[1.961867,41.436677],[1.961844,41.436621],[1.961804,41.436559],[1.961803,41.436558],[1.961795,41.436549],[1.961787,41.436539],[1.961761,41.43651],[1.961704,41.436457],[1.961675,41.436438],[1.961641,41.436423],[1.961605,41.436414],[1.961532,41.436408],[1.961502,41.436411],[1.961484,41.436419],[1.961412,41.43639],[1.961337,41.436359],[1.961295,41.436356],[1.961086,41.436675],[1.961009,41.436666],[1.960932,41.436658],[1.960888,41.436654],[1.960844,41.436653],[1.960754,41.436655],[1.96073,41.436657],[1.960706,41.436662],[1.960657,41.436673],[1.960614,41.436677],[1.960614,41.436677],[1.960359,41.436673],[1.960182,41.43667],[1.960147,41.436882],[1.960111,41.437064],[1.960111,41.437064],[1.960096,41.437066],[1.960079,41.437095],[1.959944,41.437339],[1.959936,41.437353],[1.960259,41.437335],[1.960478,41.437401],[1.960479,41.437443],[1.960455,41.437723],[1.960447,41.43786],[1.960312,41.43808],[1.960297,41.438108],[1.960241,41.438146],[1.960116,41.438062],[1.959937,41.437983],[1.959726,41.437943],[1.959037,41.437968],[1.959021,41.437983],[1.958996,41.43808],[1.958922,41.438076],[1.958776,41.438069],[1.958142,41.438039],[1.958124,41.438039],[1.957652,41.438017],[1.95729,41.437866],[1.957209,41.43787],[1.956952,41.437884],[1.956952,41.437886],[1.956972,41.438272],[1.956973,41.438306],[1.956692,41.438376],[1.956639,41.438395],[1.956549,41.438426],[1.956528,41.438433],[1.956475,41.438451],[1.95629,41.438514],[1.956271,41.438651],[1.956008,41.438762],[1.955625,41.438955],[1.955411,41.439227],[1.956052,41.439415],[1.956489,41.439529],[1.956749,41.439618],[1.957047,41.439667],[1.957294,41.439815],[1.957632,41.439994],[1.958008,41.440218],[1.9583,41.440307],[1.958627,41.440375],[1.95896,41.440384],[1.9593,41.440405],[1.959815,41.440447],[1.960262,41.440469],[1.960538,41.440513],[1.960616,41.440573],[1.960886,41.440817],[1.961097,41.440998],[1.961324,41.441158],[1.961655,41.441396],[1.962107,41.441623],[1.962268,41.441716],[1.962472,41.441852],[1.962628,41.441985],[1.962785,41.442075],[1.962989,41.442161],[1.96334,41.442298],[1.963697,41.442474],[1.963941,41.442571],[1.964118,41.442645],[1.964366,41.442742],[1.964484,41.442782],[1.964535,41.442779],[1.964623,41.442756],[1.964758,41.442701],[1.964894,41.442666],[1.965004,41.442667],[1.965127,41.44268],[1.965363,41.442757],[1.965438,41.442796],[1.965781,41.442853],[1.966005,41.442897],[1.966274,41.442918],[1.96644,41.442907],[1.966664,41.442901],[1.966815,41.442833],[1.967015,41.442731],[1.967012,41.442723]]]]}},{"type":"Feature","id":"080728_080728 AP25 BLL 3","properties":{"area_id":"080728_080728 AP25 BLL 3","nom":"la Creu de l'Aragall","codi_icgc":"080728 AP25 BLL 3","categoria":"Àrees de poblament","codi_municipi":"080728","municipi":"Corbera de Llobregat","codi_comarca":"11","comarca":"Baix Llobregat","provincia":"Barcelona","font":"ICGC Àrees de poblament v3r1 202602"},"geometry":{"type":"MultiPolygon","coordinates":[[[[1.917124,41.431938],[1.917144,41.431902],[1.917161,41.431878],[1.917198,41.431802],[1.917296,41.431804],[1.917396,41.431792],[1.917504,41.431778],[1.91765,41.431748],[1.917726,41.431737],[1.917947,41.431691],[1.918085,41.431637],[1.918189,41.4316],[1.918262,41.431587],[1.918489,41.431649],[1.918828,41.431652],[1.91905,41.431635],[1.919445,41.431626],[1.919481,41.431631],[1.919526,41.431402],[1.919532,41.431382],[1.919535,41.431372],[1.919561,41.431284],[1.919564,41.431272],[1.919578,41.431277],[1.919594,41.431289],[1.919607,41.431302],[1.919617,41.431307],[1.919624,41.431305],[1.91963,41.431302],[1.919636,41.431296],[1.919639,41.431289],[1.919643,41.431275],[1.919648,41.431263],[1.919666,41.431231],[1.919668,41.431227],[1.919682,41.431199],[1.919757,41.430973],[1.91974,41.430865],[1.919576,41.430818],[1.919209,41.43087],[1.919165,41.430867],[1.919122,41.430867],[1.919027,41.430874],[1.918966,41.430879],[1.918931,41.430881],[1.918782,41.430887],[1.918737,41.430887],[1.918633,41.430887],[1.918583,41.430884],[1.918533,41.430874],[1.9185,41.430864],[1.918463,41.430848],[1.918456,41.430845],[1.91842,41.430821],[1.9184,41.430802],[1.918327,41.430721],[1.918256,41.43064],[1.918173,41.430536],[1.91817,41.430532],[1.918136,41.430499],[1.918114,41.430482],[1.918055,41.43044],[1.917995,41.430399],[1.917961,41.430364],[1.917893,41.430277],[1.917762,41.430243],[1.91751,41.430053],[1.917479,41.43001],[1.917448,41.429967],[1.917437,41.429955],[1.917425,41.429945],[1.917395,41.429928],[1.917332,41.429897],[1.917244,41.429854],[1.917221,41.429836],[1.917212,41.429824],[1.917195,41.429794],[1.917178,41.429764],[1.917161,41.429684],[1.917125,41.429516],[1.917164,41.429322],[1.917165,41.429319],[1.917214,41.429096],[1.916862,41.429186],[1.916616,41.42925],[1.916542,41.429268],[1.916522,41.429249],[1.916479,41.429202],[1.91639,41.42913],[1.916336,41.429096],[1.916247,41.429051],[1.916204,41.429027],[1.916165,41.429],[1.916096,41.428929],[1.916051,41.42886],[1.916033,41.428824],[1.916025,41.428784],[1.916021,41.428745],[1.916407,41.428553],[1.916419,41.428538],[1.91643,41.428524],[1.916435,41.428516],[1.916434,41.4285],[1.916428,41.428488],[1.916414,41.428471],[1.916397,41.428453],[1.916371,41.428433],[1.916357,41.428426],[1.916341,41.428422],[1.916309,41.428419],[1.916276,41.42842],[1.916254,41.428421],[1.916233,41.428424],[1.916081,41.428479],[1.915929,41.428533],[1.915893,41.428477],[1.915861,41.42842],[1.915841,41.428374],[1.915807,41.428286],[1.915774,41.428204],[1.915701,41.428037],[1.915688,41.427993],[1.915681,41.427943],[1.915708,41.42792],[1.915815,41.427815],[1.915865,41.427743],[1.915877,41.42769],[1.915881,41.427666],[1.915885,41.427642],[1.915887,41.427614],[1.915884,41.427586],[1.91587,41.427562],[1.915845,41.427541],[1.915818,41.427526],[1.91579,41.42752],[1.91575,41.427522],[1.915715,41.427533],[1.915649,41.427501],[1.915589,41.427467],[1.915574,41.427457],[1.915561,41.427444],[1.915556,41.427434],[1.915559,41.427416],[1.915568,41.4274],[1.9156,41.427352],[1.915643,41.427283],[1.915666,41.427243],[1.915715,41.427154],[1.915762,41.427065],[1.915768,41.427047],[1.915767,41.427029],[1.915758,41.42702],[1.915744,41.427015],[1.91573,41.427012],[1.915701,41.427005],[1.91567,41.426998],[1.915604,41.426989],[1.915544,41.426982],[1.915402,41.426959],[1.915371,41.426884],[1.915363,41.426863],[1.915354,41.426833],[1.91534,41.426777],[1.91523,41.426551],[1.915246,41.426546],[1.915244,41.426537],[1.915243,41.426525],[1.915248,41.42651],[1.915267,41.426482],[1.915245,41.426462],[1.915227,41.426446],[1.915214,41.426434],[1.915293,41.426348],[1.915513,41.426108],[1.915328,41.426067],[1.915278,41.426056],[1.915349,41.42595],[1.915454,41.425792],[1.915552,41.425615],[1.915629,41.425403],[1.91582,41.425238],[1.915923,41.425308],[1.916031,41.425383],[1.916096,41.425396],[1.916104,41.425383],[1.916277,41.425063],[1.916324,41.425017],[1.916348,41.425044],[1.916477,41.424569],[1.916338,41.42452],[1.916327,41.424453],[1.916319,41.424304],[1.916315,41.424245],[1.916429,41.424223],[1.91642,41.424152],[1.916439,41.42412],[1.916459,41.424099],[1.916787,41.424161],[1.916803,41.424087],[1.916848,41.424069],[1.916971,41.424021],[1.916979,41.424018],[1.917099,41.423971],[1.917171,41.423946],[1.91721,41.423932],[1.917315,41.423836],[1.917195,41.423671],[1.917398,41.423592],[1.917534,41.423716],[1.917696,41.423622],[1.917722,41.423591],[1.917769,41.423535],[1.917792,41.42337],[1.917803,41.423295],[1.917806,41.423273],[1.917807,41.423265],[1.917798,41.423263],[1.917783,41.423258],[1.917788,41.423251],[1.91782,41.423204],[1.917831,41.423152],[1.91777,41.4231],[1.91771,41.423049],[1.917652,41.422996],[1.917597,41.422942],[1.917567,41.422902],[1.917519,41.422809],[1.917512,41.422791],[1.917462,41.422704],[1.917437,41.42259],[1.917407,41.42245],[1.917406,41.422497],[1.917406,41.422504],[1.917348,41.422504],[1.917309,41.422504],[1.917052,41.422416],[1.916979,41.422415],[1.916786,41.422413],[1.916682,41.422528],[1.916681,41.422596],[1.916485,41.422645],[1.916472,41.422613],[1.916268,41.422646],[1.916256,41.422606],[1.916213,41.42252],[1.916086,41.422565],[1.916068,41.422526],[1.915966,41.422557],[1.915955,41.42256],[1.91572,41.422586],[1.915722,41.422625],[1.915725,41.4227],[1.915705,41.422768],[1.915628,41.422824],[1.915625,41.422826],[1.915623,41.422829],[1.915435,41.42304],[1.915354,41.423083],[1.915245,41.423141],[1.915044,41.423242],[1.914998,41.423206],[1.914742,41.42334],[1.914675,41.423463],[1.914505,41.423604],[1.914182,41.423814],[1.914031,41.423974],[1.914099,41.424101],[1.914067,41.424128],[1.914017,41.424174],[1.913956,41.424233],[1.913881,41.424306],[1.913808,41.424366],[1.9138,41.424372],[1.913768,41.424394],[1.913749,41.424406],[1.913724,41.424419],[1.913699,41.424429],[1.913686,41.424433],[1.91368,41.424434],[1.913669,41.424437],[1.913655,41.42444],[1.913637,41.424445],[1.913627,41.424446],[1.913623,41.424447],[1.913546,41.424461],[1.913524,41.424464],[1.91341,41.424481],[1.913274,41.424499],[1.913264,41.4245],[1.913176,41.424512],[1.91317,41.424512],[1.913156,41.424512],[1.913128,41.424509],[1.913109,41.424503],[1.913082,41.424491],[1.913049,41.424466],[1.913037,41.424454],[1.91302,41.424425],[1.913013,41.424406],[1.913011,41.424382],[1.913013,41.424346],[1.91303,41.424288],[1.913049,41.424242],[1.913077,41.424197],[1.913149,41.424112],[1.913221,41.424027],[1.913255,41.423987],[1.913278,41.423959],[1.913305,41.423924],[1.913331,41.423882],[1.913343,41.423861],[1.913361,41.423814],[1.913363,41.423809],[1.913362,41.423789],[1.91337,41.423789],[1.913387,41.423741],[1.913413,41.423685],[1.913442,41.423632],[1.913476,41.423575],[1.913502,41.423532],[1.913693,41.423413],[1.914041,41.423282],[1.914081,41.423238],[1.913654,41.422945],[1.913577,41.42287],[1.913563,41.422843],[1.913554,41.422786],[1.913557,41.422729],[1.913565,41.422697],[1.913574,41.422665],[1.913571,41.422644],[1.913558,41.422625],[1.913535,41.422613],[1.913515,41.42261],[1.913483,41.422614],[1.913481,41.422615],[1.913484,41.422565],[1.913484,41.42256],[1.913508,41.422115],[1.913509,41.422105],[1.913554,41.422042],[1.913588,41.421919],[1.913616,41.42191],[1.913479,41.421803],[1.91331,41.421801],[1.913032,41.421799],[1.912997,41.421775],[1.913027,41.421555],[1.9129,41.421436],[1.912816,41.421335],[1.912794,41.421332],[1.912771,41.421298],[1.912765,41.421273],[1.912705,41.421183],[1.912657,41.421157],[1.912596,41.42113],[1.912441,41.421129],[1.912346,41.421137],[1.912286,41.421152],[1.912138,41.421188],[1.911875,41.421196],[1.911834,41.421332],[1.911699,41.421354],[1.911504,41.421436],[1.911555,41.421528],[1.911539,41.42155],[1.911533,41.42156],[1.911524,41.421572],[1.911521,41.42158],[1.911522,41.421589],[1.911531,41.421606],[1.911549,41.421627],[1.911571,41.421644],[1.911588,41.421654],[1.911641,41.421678],[1.911694,41.421702],[1.911586,41.421796],[1.911475,41.421984],[1.911398,41.422124],[1.911302,41.422128],[1.911268,41.422266],[1.911186,41.422643],[1.911178,41.422758],[1.91115,41.422779],[1.911117,41.42281],[1.911091,41.422841],[1.911072,41.422869],[1.911043,41.422876],[1.911044,41.4229],[1.911047,41.422939],[1.910862,41.422994],[1.910495,41.423289],[1.910416,41.423358],[1.910351,41.423491],[1.910262,41.423655],[1.910267,41.423722],[1.910295,41.423709],[1.910323,41.423696],[1.910344,41.423689],[1.910379,41.423688],[1.910345,41.423704],[1.910338,41.423708],[1.910332,41.423712],[1.910327,41.423715],[1.910319,41.423724],[1.910315,41.42373],[1.910311,41.423736],[1.910308,41.423741],[1.910306,41.423746],[1.910305,41.423756],[1.910305,41.423762],[1.910306,41.423767],[1.910307,41.423772],[1.910311,41.42378],[1.910314,41.423785],[1.910317,41.423788],[1.910329,41.423797],[1.910364,41.423819],[1.910325,41.423812],[1.910288,41.423799],[1.91025,41.423786],[1.9101,41.424091],[1.910193,41.424114],[1.910187,41.424192],[1.91018,41.424373],[1.910148,41.424462],[1.910123,41.424499],[1.910136,41.424504],[1.910132,41.424517],[1.910251,41.42456],[1.910535,41.424664],[1.91078,41.424707],[1.910805,41.424791],[1.910821,41.424937],[1.910833,41.4251],[1.910853,41.425591],[1.910933,41.425885],[1.91093,41.426057],[1.91091,41.426157],[1.910962,41.426436],[1.911246,41.426443],[1.911287,41.426435],[1.911363,41.426419],[1.911359,41.426395],[1.911347,41.426314],[1.911334,41.426219],[1.911334,41.426173],[1.911338,41.426151],[1.911344,41.426129],[1.911375,41.426071],[1.911408,41.426012],[1.911456,41.42592],[1.911497,41.425825],[1.91153,41.425725],[1.911575,41.425574],[1.911616,41.425424],[1.911646,41.425301],[1.911676,41.425179],[1.911685,41.425147],[1.911695,41.425115],[1.911699,41.425106],[1.911708,41.425102],[1.911723,41.425101],[1.911733,41.4251],[1.911738,41.425102],[1.911745,41.425107],[1.911749,41.425113],[1.911753,41.425141],[1.911757,41.425173],[1.911767,41.425261],[1.911776,41.425351],[1.911787,41.425432],[1.911801,41.425513],[1.911812,41.425556],[1.911837,41.42562],[1.911855,41.425651],[1.911876,41.425681],[1.911947,41.42577],[1.912018,41.425859],[1.912088,41.425947],[1.91216,41.426036],[1.912187,41.426067],[1.912236,41.426108],[1.912265,41.426127],[1.912281,41.426135],[1.912298,41.426144],[1.912308,41.426148],[1.912327,41.426155],[1.912366,41.426122],[1.912361,41.42612],[1.912355,41.426116],[1.912347,41.426112],[1.912338,41.426106],[1.912335,41.426103],[1.912326,41.426095],[1.912316,41.426084],[1.912338,41.42606],[1.912386,41.426082],[1.912602,41.42582],[1.912605,41.425809],[1.912287,41.425603],[1.912269,41.425446],[1.912278,41.425244],[1.912272,41.425027],[1.912245,41.4249],[1.912244,41.424897],[1.912221,41.424739],[1.912219,41.424725],[1.912251,41.424613],[1.912292,41.424463],[1.912295,41.424345],[1.912438,41.424195],[1.912521,41.424098],[1.912529,41.424088],[1.912548,41.423899],[1.912552,41.423853],[1.913085,41.423784],[1.913277,41.423729],[1.913277,41.423737],[1.913275,41.423764],[1.913256,41.423836],[1.91324,41.423872],[1.913217,41.423906],[1.913201,41.423923],[1.913156,41.423971],[1.913095,41.424034],[1.913028,41.424115],[1.912983,41.424178],[1.912968,41.424201],[1.912954,41.424229],[1.912945,41.424248],[1.912936,41.424287],[1.91293,41.424322],[1.912928,41.424366],[1.91293,41.424397],[1.912933,41.42442],[1.912942,41.424451],[1.912857,41.424512],[1.912835,41.424669],[1.913085,41.42471],[1.913067,41.424762],[1.913032,41.424919],[1.913264,41.424887],[1.913276,41.424886],[1.913329,41.424885],[1.913558,41.424881],[1.913784,41.424886],[1.913759,41.424798],[1.913827,41.424778],[1.913924,41.424705],[1.913957,41.424733],[1.91397,41.424737],[1.914214,41.424771],[1.914218,41.424775],[1.914371,41.425037],[1.9145,41.425017],[1.914525,41.425111],[1.914614,41.425325],[1.914611,41.4254],[1.91461,41.42546],[1.914609,41.425491],[1.914558,41.425684],[1.915023,41.425887],[1.914984,41.425975],[1.91494,41.426078],[1.914932,41.42609],[1.914922,41.426102],[1.914891,41.426124],[1.914868,41.426137],[1.914838,41.42615],[1.914794,41.426163],[1.914749,41.426172],[1.914714,41.426176],[1.914681,41.426175],[1.914636,41.426166],[1.914591,41.426154],[1.914547,41.426138],[1.914504,41.426121],[1.914443,41.426092],[1.91438,41.426064],[1.914317,41.426038],[1.91431,41.426034],[1.914286,41.426022],[1.914237,41.425994],[1.914207,41.42597],[1.91425,41.425943],[1.914297,41.425879],[1.91434,41.425828],[1.914285,41.425771],[1.914072,41.425623],[1.913672,41.425438],[1.913588,41.425414],[1.913562,41.425407],[1.913504,41.425391],[1.913397,41.425414],[1.913284,41.425536],[1.913255,41.425533],[1.913201,41.425569],[1.913136,41.42562],[1.912988,41.425677],[1.912868,41.425708],[1.912973,41.425907],[1.912916,41.42595],[1.912984,41.426001],[1.91303,41.426043],[1.913115,41.426125],[1.913242,41.426233],[1.913247,41.426237],[1.913541,41.426515],[1.91357,41.426545],[1.9136,41.426531],[1.91366,41.426509],[1.913723,41.426488],[1.913783,41.42647],[1.913814,41.426463],[1.913846,41.426458],[1.913964,41.426448],[1.914082,41.426439],[1.914211,41.426429],[1.914341,41.42642],[1.914412,41.426413],[1.914482,41.426402],[1.914542,41.426387],[1.91463,41.426357],[1.914713,41.426321],[1.914756,41.426301],[1.914799,41.426281],[1.915015,41.426461],[1.915121,41.426532],[1.915182,41.426515],[1.915184,41.426539],[1.915185,41.426562],[1.915193,41.426596],[1.915218,41.426645],[1.915244,41.426693],[1.915273,41.426756],[1.915301,41.426819],[1.915286,41.426813],[1.915254,41.426812],[1.915222,41.426817],[1.915094,41.426848],[1.91503,41.426864],[1.914965,41.426876],[1.914874,41.426891],[1.914829,41.426897],[1.914783,41.4269],[1.914737,41.426901],[1.91469,41.426902],[1.914133,41.426748],[1.914128,41.426746],[1.913745,41.426639],[1.913749,41.426632],[1.913748,41.426623],[1.913739,41.426617],[1.913728,41.426616],[1.913718,41.426621],[1.913713,41.426629],[1.913717,41.426637],[1.913628,41.426688],[1.913553,41.426771],[1.913518,41.42686],[1.913502,41.426913],[1.913482,41.426985],[1.913469,41.427045],[1.913462,41.427096],[1.913459,41.427142],[1.913463,41.427173],[1.913497,41.427366],[1.913496,41.427391],[1.913488,41.427419],[1.913465,41.427484],[1.91344,41.42755],[1.913427,41.42759],[1.913421,41.42761],[1.913415,41.427631],[1.913414,41.42764],[1.913413,41.427648],[1.913414,41.427655],[1.913412,41.427667],[1.913407,41.427676],[1.913401,41.427684],[1.913392,41.427694],[1.91338,41.427703],[1.913331,41.427737],[1.913279,41.427773],[1.913227,41.427808],[1.913207,41.427818],[1.913172,41.427831],[1.913135,41.427842],[1.913077,41.427855],[1.913019,41.427864],[1.912986,41.427866],[1.912937,41.427864],[1.912911,41.427861],[1.912889,41.427856],[1.912828,41.427837],[1.912766,41.427815],[1.912697,41.427788],[1.912594,41.427745],[1.912486,41.427703],[1.912414,41.427679],[1.912404,41.427676],[1.912357,41.42772],[1.912361,41.427723],[1.912364,41.427728],[1.912362,41.427735],[1.91235,41.42774],[1.91233,41.427747],[1.912286,41.427759],[1.912202,41.427777],[1.912117,41.427789],[1.912037,41.427789],[1.911957,41.427773],[1.911905,41.427756],[1.911795,41.427702],[1.911697,41.427643],[1.911571,41.427563],[1.911446,41.427483],[1.911358,41.427427],[1.91133,41.427407],[1.911237,41.427391],[1.911225,41.427389],[1.911205,41.427403],[1.911191,41.42742],[1.911186,41.427439],[1.911196,41.4275],[1.911218,41.427561],[1.911237,41.427601],[1.911262,41.427637],[1.911286,41.427657],[1.911335,41.427681],[1.911384,41.427703],[1.911449,41.427745],[1.911505,41.427792],[1.911575,41.427871],[1.911645,41.427951],[1.91172,41.428032],[1.911802,41.428109],[1.911836,41.428133],[1.911984,41.428232],[1.912036,41.428267],[1.912058,41.428283],[1.912102,41.428324],[1.912165,41.428382],[1.912205,41.428425],[1.912225,41.428451],[1.912227,41.428461],[1.912242,41.428485],[1.912265,41.428505],[1.912284,41.428514],[1.912338,41.428526],[1.912391,41.428538],[1.912422,41.428545],[1.912452,41.428553],[1.91247,41.428553],[1.912488,41.428546],[1.9125,41.428535],[1.912507,41.428523],[1.912511,41.428502],[1.912513,41.428481],[1.912521,41.428469],[1.912553,41.428444],[1.912585,41.428419],[1.912645,41.428371],[1.912705,41.428324],[1.912727,41.42831],[1.912753,41.428298],[1.912808,41.428282],[1.912872,41.428266],[1.912936,41.42825],[1.913175,41.428231],[1.913271,41.428221],[1.913585,41.42809],[1.913829,41.427965],[1.913848,41.427955],[1.914016,41.427952],[1.91408,41.427951],[1.914204,41.427911],[1.914246,41.427921],[1.914446,41.427965],[1.914512,41.427994],[1.914578,41.428022],[1.91461,41.428037],[1.914618,41.428041],[1.914609,41.428118],[1.915017,41.428213],[1.915021,41.428216],[1.91505,41.428254],[1.915064,41.428276],[1.915075,41.428294],[1.915111,41.428348],[1.915125,41.428375],[1.915131,41.428403],[1.915129,41.428428],[1.915119,41.428466],[1.915103,41.428504],[1.915089,41.428538],[1.915074,41.428573],[1.915051,41.428631],[1.914939,41.428766],[1.91483,41.429052],[1.914781,41.429045],[1.914749,41.429042],[1.914699,41.42904],[1.914648,41.429044],[1.914614,41.429049],[1.914493,41.429072],[1.914375,41.429096],[1.914326,41.429104],[1.914278,41.429108],[1.914249,41.429106],[1.914192,41.429097],[1.914134,41.429088],[1.914056,41.429077],[1.913977,41.429065],[1.913947,41.429062],[1.913914,41.429061],[1.913852,41.429066],[1.91381,41.429074],[1.913779,41.429084],[1.913749,41.429095],[1.913696,41.429123],[1.91364,41.42916],[1.913591,41.4292],[1.913561,41.429231],[1.913499,41.429317],[1.913447,41.429405],[1.913418,41.429466],[1.913385,41.429542],[1.913354,41.429617],[1.913326,41.429662],[1.913247,41.429761],[1.913182,41.429842],[1.913167,41.42986],[1.913148,41.429885],[1.913128,41.42991],[1.913121,41.42992],[1.913074,41.429981],[1.913065,41.429996],[1.913059,41.430013],[1.913056,41.430031],[1.913058,41.430046],[1.913065,41.430069],[1.913077,41.430087],[1.913089,41.430101],[1.913102,41.430114],[1.913121,41.430128],[1.913138,41.430139],[1.913159,41.430151],[1.913179,41.43016],[1.913156,41.430222],[1.913269,41.430325],[1.913391,41.430394],[1.913555,41.430538],[1.913734,41.430597],[1.914099,41.430852],[1.914327,41.430997],[1.914553,41.430992],[1.914558,41.431005],[1.91456,41.431008],[1.914628,41.431012],[1.91461,41.430977],[1.914573,41.43089],[1.91454,41.430802],[1.914516,41.430731],[1.914494,41.430659],[1.914486,41.430609],[1.914485,41.430559],[1.914493,41.430512],[1.91451,41.430465],[1.914525,41.43044],[1.914551,41.430404],[1.914585,41.430372],[1.914606,41.430355],[1.91464,41.430333],[1.914678,41.430313],[1.914746,41.430284],[1.914781,41.430273],[1.914817,41.430265],[1.914839,41.430262],[1.914874,41.430263],[1.914906,41.430271],[1.914965,41.430294],[1.915023,41.430319],[1.915141,41.43037],[1.915257,41.430423],[1.915349,41.430471],[1.91544,41.43052],[1.915556,41.430586],[1.915672,41.430654],[1.915742,41.430697],[1.915809,41.430742],[1.915871,41.430788],[1.915927,41.430838],[1.915966,41.430879],[1.916,41.430921],[1.916008,41.430933],[1.91604,41.431],[1.91609,41.431117],[1.915633,41.431156],[1.915731,41.431536],[1.915201,41.431663],[1.915325,41.431927],[1.915839,41.431894],[1.916209,41.4322],[1.916266,41.432249],[1.916298,41.432238],[1.916536,41.432185],[1.916791,41.432125],[1.916855,41.432123],[1.916927,41.432121],[1.916985,41.432081],[1.91705,41.431992],[1.917124,41.431938]]],[[[1.914272,41.432602],[1.914358,41.432577],[1.914403,41.432578],[1.914469,41.432562],[1.91463,41.432524],[1.914747,41.432496],[1.914874,41.43247],[1.914872,41.432465],[1.914847,41.432403],[1.914802,41.43229],[1.914845,41.432272],[1.915312,41.432202],[1.915307,41.4322],[1.915303,41.432195],[1.915105,41.431963],[1.915071,41.431923],[1.914904,41.431727],[1.914897,41.431727],[1.914614,41.431694],[1.914613,41.431711],[1.914545,41.431712],[1.914499,41.431707],[1.914445,41.431699],[1.91439,41.43169],[1.914398,41.431669],[1.914401,41.431659],[1.914444,41.431561],[1.914438,41.431558],[1.914475,41.431452],[1.914265,41.4314],[1.914036,41.431298],[1.913772,41.431196],[1.913768,41.431195],[1.913559,41.431126],[1.913536,41.43112],[1.913383,41.431085],[1.913316,41.431075],[1.913173,41.431054],[1.913168,41.431054],[1.913004,41.431],[1.91297,41.430981],[1.912925,41.430957],[1.912827,41.430917],[1.912669,41.430876],[1.912565,41.430882],[1.912602,41.430857],[1.91269,41.430786],[1.912611,41.430726],[1.912523,41.43067],[1.912459,41.430619],[1.912518,41.430583],[1.912343,41.430404],[1.91235,41.4304],[1.912389,41.430377],[1.912228,41.430216],[1.912179,41.430245],[1.912156,41.430258],[1.911995,41.430181],[1.912041,41.430129],[1.911906,41.43003],[1.911826,41.429955],[1.911778,41.429896],[1.911765,41.429881],[1.911603,41.429685],[1.911636,41.42965],[1.911599,41.429592],[1.911545,41.429518],[1.911536,41.429506],[1.911466,41.429345],[1.911462,41.429336],[1.911467,41.42933],[1.911463,41.429322],[1.911543,41.429291],[1.911493,41.429201],[1.911459,41.429109],[1.911458,41.429105],[1.911383,41.428878],[1.911251,41.428768],[1.911186,41.428668],[1.911077,41.428498],[1.910867,41.428566],[1.910844,41.428562],[1.910831,41.428559],[1.910807,41.428553],[1.910776,41.428549],[1.910748,41.428549],[1.910716,41.428554],[1.910682,41.428561],[1.910622,41.42858],[1.910487,41.428627],[1.910458,41.428634],[1.910448,41.428628],[1.910445,41.428612],[1.910375,41.428619],[1.910353,41.428644],[1.910307,41.428688],[1.91029,41.428699],[1.910263,41.428711],[1.910248,41.428717],[1.910204,41.428731],[1.910161,41.428745],[1.910144,41.428748],[1.910136,41.428749],[1.910117,41.428747],[1.910112,41.428747],[1.91009,41.42874],[1.910086,41.428738],[1.910072,41.428728],[1.910059,41.428713],[1.910051,41.428697],[1.910049,41.428686],[1.910051,41.428636],[1.910057,41.428587],[1.910076,41.428459],[1.910097,41.42833],[1.910117,41.428236],[1.910138,41.428141],[1.910145,41.428095],[1.910145,41.428049],[1.910139,41.428018],[1.91011,41.42792],[1.910081,41.427821],[1.910041,41.427689],[1.91,41.427556],[1.909957,41.42743],[1.909915,41.427304],[1.90991,41.427282],[1.910117,41.427227],[1.910132,41.427222],[1.91013,41.427195],[1.910113,41.427114],[1.910091,41.427034],[1.910073,41.426985],[1.910071,41.42698],[1.910052,41.426938],[1.910027,41.426899],[1.909967,41.426818],[1.909907,41.426737],[1.90987,41.426688],[1.909857,41.42667],[1.909833,41.426638],[1.909806,41.42661],[1.909775,41.426585],[1.909722,41.426549],[1.909695,41.426545],[1.909638,41.426538],[1.909563,41.426531],[1.909537,41.426533],[1.909487,41.426536],[1.909432,41.426548],[1.909408,41.426558],[1.909389,41.426573],[1.909362,41.426602],[1.909336,41.426631],[1.909499,41.426694],[1.909439,41.42688],[1.909424,41.42703],[1.909366,41.42707],[1.909319,41.427104],[1.909274,41.42714],[1.909231,41.427178],[1.909182,41.427223],[1.909134,41.427268],[1.909083,41.427319],[1.909033,41.42737],[1.909005,41.427397],[1.908974,41.427423],[1.908962,41.427431],[1.908948,41.427436],[1.908917,41.427443],[1.908894,41.427446],[1.908872,41.427445],[1.90886,41.427442],[1.90885,41.42744],[1.908835,41.427432],[1.908829,41.42743],[1.908809,41.427414],[1.908802,41.427404],[1.908799,41.427389],[1.908801,41.427374],[1.908807,41.427352],[1.908809,41.427346],[1.908811,41.427337],[1.908811,41.427334],[1.908815,41.427319],[1.908835,41.427228],[1.908837,41.427201],[1.908835,41.427124],[1.909044,41.427127],[1.90905,41.427095],[1.909054,41.42703],[1.909056,41.426964],[1.909056,41.426921],[1.909052,41.426807],[1.909051,41.426693],[1.909055,41.426654],[1.909062,41.426614],[1.909082,41.426536],[1.909104,41.426471],[1.909127,41.426407],[1.909138,41.426364],[1.909159,41.426259],[1.90918,41.426155],[1.909073,41.426066],[1.909182,41.425998],[1.909121,41.425958],[1.909065,41.425842],[1.908985,41.425738],[1.908982,41.425733],[1.908909,41.425602],[1.908938,41.425491],[1.908827,41.425415],[1.908813,41.425406],[1.908716,41.425374],[1.908624,41.425428],[1.908559,41.425466],[1.90829,41.425434],[1.908267,41.425431],[1.908239,41.425431],[1.908104,41.425385],[1.908094,41.425379],[1.908005,41.425349],[1.90778,41.425196],[1.907562,41.425099],[1.907556,41.425099],[1.907504,41.425101],[1.907276,41.425137],[1.907216,41.425165],[1.907208,41.42517],[1.907151,41.425222],[1.907083,41.425285],[1.90705,41.425299],[1.906727,41.425442],[1.90681,41.425508],[1.906693,41.42557],[1.906578,41.425673],[1.906597,41.425732],[1.906627,41.425825],[1.906603,41.425886],[1.906573,41.425963],[1.906548,41.426027],[1.906619,41.426153],[1.906477,41.42637],[1.906314,41.42661],[1.906229,41.426534],[1.906072,41.426609],[1.905873,41.426697],[1.905642,41.426814],[1.905665,41.426853],[1.905522,41.426937],[1.90543,41.427098],[1.905399,41.427145],[1.905337,41.427239],[1.905293,41.427296],[1.90522,41.427314],[1.905132,41.427336],[1.905088,41.427407],[1.905088,41.427483],[1.90515,41.427712],[1.905126,41.42772],[1.905097,41.427724],[1.905069,41.427722],[1.905043,41.427715],[1.905025,41.427641],[1.905005,41.427523],[1.905,41.427394],[1.904986,41.42729],[1.904969,41.427241],[1.904868,41.427127],[1.904833,41.427102],[1.904631,41.426969],[1.904626,41.426966],[1.904667,41.426926],[1.904574,41.426805],[1.904388,41.426708],[1.90413,41.426945],[1.903889,41.426892],[1.903863,41.426886],[1.903844,41.426882],[1.90393,41.426689],[1.903954,41.426575],[1.90378,41.426529],[1.903591,41.426478],[1.903587,41.426477],[1.903631,41.426392],[1.903636,41.426391],[1.903657,41.426356],[1.903688,41.426311],[1.903705,41.426288],[1.903722,41.426263],[1.904021,41.426351],[1.904051,41.426365],[1.904066,41.426364],[1.904211,41.426272],[1.904219,41.426267],[1.904216,41.426256],[1.904271,41.426093],[1.904279,41.426074],[1.904359,41.425897],[1.904358,41.425889],[1.904317,41.42571],[1.904308,41.425671],[1.904291,41.425595],[1.904288,41.425429],[1.904285,41.42525],[1.904286,41.425241],[1.904307,41.42506],[1.904564,41.424829],[1.904521,41.424786],[1.904346,41.424605],[1.904253,41.424672],[1.904146,41.424749],[1.903874,41.424908],[1.903856,41.424891],[1.903834,41.424872],[1.903812,41.424852],[1.903799,41.424847],[1.903786,41.424848],[1.90377,41.424852],[1.903742,41.424842],[1.90371,41.424877],[1.903725,41.424886],[1.903717,41.424896],[1.903711,41.424914],[1.903712,41.424923],[1.903717,41.424931],[1.903739,41.424948],[1.903762,41.424964],[1.903787,41.424983],[1.903799,41.424993],[1.903808,41.425005],[1.903821,41.425034],[1.903828,41.425063],[1.903836,41.425094],[1.903844,41.425125],[1.903862,41.425205],[1.903871,41.425304],[1.903874,41.425404],[1.903873,41.425479],[1.903868,41.425542],[1.903861,41.425595],[1.903852,41.42564],[1.903358,41.42571],[1.903003,41.425794],[1.902992,41.425779],[1.902972,41.425762],[1.902947,41.42575],[1.902918,41.425742],[1.902914,41.425742],[1.90287,41.425791],[1.902842,41.425821],[1.902879,41.425838],[1.902892,41.425844],[1.902882,41.425868],[1.902882,41.425896],[1.902875,41.425934],[1.902863,41.425971],[1.902842,41.426022],[1.902806,41.426099],[1.902755,41.426189],[1.902704,41.426281],[1.90266,41.42636],[1.90263,41.426411],[1.902602,41.426462],[1.90259,41.426491],[1.902585,41.426512],[1.902574,41.426536],[1.902573,41.426539],[1.90257,41.426545],[1.902564,41.426557],[1.90256,41.426564],[1.90255,41.426581],[1.902304,41.426643],[1.902176,41.426676],[1.901999,41.42672],[1.90197,41.426728],[1.901831,41.426769],[1.901787,41.426786],[1.901333,41.426967],[1.901341,41.42699],[1.901263,41.426974],[1.901233,41.426968],[1.901225,41.427022],[1.901223,41.427077],[1.901224,41.427112],[1.901239,41.427203],[1.901248,41.427239],[1.901247,41.427301],[1.901079,41.427279],[1.901075,41.427291],[1.900925,41.427263],[1.900701,41.427243],[1.900629,41.427349],[1.900547,41.427471],[1.900522,41.427509],[1.900429,41.427581],[1.900392,41.427616],[1.900395,41.427637],[1.900267,41.427699],[1.900232,41.427716],[1.899991,41.427817],[1.899864,41.427863],[1.89984,41.427885],[1.899817,41.427907],[1.89981,41.427917],[1.899808,41.427928],[1.899812,41.427947],[1.899832,41.427976],[1.899847,41.427991],[1.899801,41.428014],[1.899788,41.427993],[1.899782,41.427982],[1.899775,41.427971],[1.899771,41.427969],[1.899762,41.427986],[1.899742,41.428027],[1.899733,41.428047],[1.899666,41.428196],[1.899891,41.428276],[1.899698,41.428445],[1.899667,41.428543],[1.899475,41.428548],[1.899355,41.428551],[1.899332,41.428656],[1.899331,41.428662],[1.899302,41.428803],[1.899055,41.428958],[1.899043,41.428966],[1.89903,41.428977],[1.899018,41.428986],[1.898968,41.429045],[1.898923,41.429122],[1.898789,41.429236],[1.898808,41.429246],[1.899232,41.429466],[1.899295,41.429502],[1.899374,41.42955],[1.899418,41.429581],[1.899495,41.429637],[1.899594,41.429718],[1.899641,41.429756],[1.899686,41.429793],[1.899748,41.429845],[1.899855,41.429934],[1.899908,41.429979],[1.899925,41.429994],[1.899942,41.430008],[1.899952,41.430016],[1.899944,41.430041],[1.900009,41.430054],[1.900141,41.43014],[1.900324,41.430377],[1.900504,41.430611],[1.900507,41.430614],[1.900601,41.430732],[1.90063,41.430769],[1.900653,41.430797],[1.90068,41.430831],[1.900902,41.43108],[1.900952,41.431137],[1.900991,41.431181],[1.901249,41.431473],[1.901553,41.431551],[1.901742,41.431618],[1.901914,41.431678],[1.902109,41.431727],[1.902209,41.431752],[1.902616,41.431704],[1.902885,41.43158],[1.903048,41.431505],[1.903318,41.431353],[1.903711,41.431183],[1.904098,41.431071],[1.904326,41.431002],[1.904427,41.430984],[1.904624,41.430973],[1.904679,41.430958],[1.904701,41.430952],[1.904714,41.430937],[1.904741,41.430906],[1.904791,41.430849],[1.904802,41.430836],[1.904841,41.430792],[1.904912,41.430718],[1.905013,41.430635],[1.904993,41.430608],[1.905004,41.430599],[1.905033,41.43058],[1.905144,41.430516],[1.905257,41.430454],[1.90538,41.430389],[1.905503,41.430325],[1.905556,41.430297],[1.90561,41.430271],[1.90565,41.430259],[1.9057,41.430246],[1.905751,41.430234],[1.905827,41.430206],[1.90592,41.430163],[1.906014,41.43012],[1.906042,41.430108],[1.906071,41.430098],[1.906132,41.430083],[1.906175,41.430077],[1.90624,41.430073],[1.906306,41.430076],[1.906365,41.43008],[1.906425,41.430087],[1.906464,41.430094],[1.906507,41.430106],[1.906548,41.43012],[1.906628,41.430152],[1.906686,41.430179],[1.906728,41.430199],[1.906745,41.430207],[1.906772,41.430215],[1.906798,41.430222],[1.906852,41.43023],[1.906879,41.430232],[1.906907,41.430229],[1.906925,41.430224],[1.906951,41.430209],[1.906968,41.430191],[1.906976,41.430177],[1.906995,41.430136],[1.907008,41.430095],[1.907019,41.430044],[1.907029,41.429992],[1.907052,41.429997],[1.907068,41.430001],[1.907081,41.430008],[1.907189,41.430092],[1.907257,41.430141],[1.907319,41.430181],[1.907373,41.430211],[1.90743,41.430243],[1.907492,41.430274],[1.90761,41.430328],[1.907709,41.430376],[1.907842,41.430439],[1.907963,41.430507],[1.90807,41.43056],[1.908177,41.430614],[1.908183,41.430622],[1.908182,41.430628],[1.90818,41.430638],[1.908127,41.43083],[1.908221,41.430983],[1.908217,41.431229],[1.908491,41.43128],[1.908563,41.431131],[1.90876,41.431201],[1.90893,41.431225],[1.909125,41.43126],[1.909142,41.431224],[1.909305,41.431258],[1.909382,41.431043],[1.909425,41.431089],[1.909504,41.431173],[1.909607,41.431283],[1.90971,41.431392],[1.909823,41.431493],[1.90994,41.431592],[1.909977,41.431628],[1.910014,41.431664],[1.910032,41.431685],[1.910049,41.43172],[1.910063,41.431757],[1.910107,41.431873],[1.910152,41.43199],[1.910189,41.432087],[1.910227,41.432184],[1.910229,41.432198],[1.910224,41.432221],[1.910213,41.432242],[1.9102,41.432258],[1.910177,41.432275],[1.910293,41.432317],[1.910399,41.432356],[1.910723,41.432396],[1.910839,41.432399],[1.911031,41.432388],[1.911223,41.432397],[1.911541,41.432445],[1.911727,41.432464],[1.911878,41.43252],[1.912147,41.43258],[1.912567,41.432664],[1.912766,41.432732],[1.912852,41.432772],[1.913154,41.432912],[1.913316,41.432992],[1.91338,41.433018],[1.913435,41.433028],[1.913545,41.433026],[1.913627,41.433021],[1.913744,41.432883],[1.913846,41.432794],[1.913854,41.432791],[1.913922,41.432747],[1.914005,41.432705],[1.914089,41.432669],[1.914176,41.432635],[1.914272,41.432602]]]]}},{"type":"Feature","id":"080728_080728 AP21 BLL 2","properties":{"area_id":"080728_080728 AP21 BLL 2","nom":"la Servera","codi_icgc":"080728 AP21 BLL 2","categoria":"Àrees de poblament","codi_municipi":"080728","municipi":"Corbera de Llobregat","codi_comarca":"11","comarca":"Baix Llobregat","provincia":"Barcelona","font":"ICGC Àrees de poblament v3r1 202602"},"geometry":{"type":"MultiPolygon","coordinates":[[[[1.917114,41.415878],[1.917304,41.415505],[1.917386,41.415525],[1.917391,41.415519],[1.917441,41.415545],[1.917561,41.415605],[1.917705,41.415677],[1.917727,41.415692],[1.917979,41.415802],[1.918112,41.415638],[1.918154,41.415586],[1.918173,41.415562],[1.918193,41.415499],[1.918224,41.415402],[1.918231,41.415387],[1.918248,41.415355],[1.918141,41.415133],[1.918166,41.415056],[1.918254,41.415009],[1.918347,41.414982],[1.918344,41.414837],[1.918345,41.414748],[1.918299,41.414664],[1.918213,41.414598],[1.918222,41.414591],[1.91834,41.414505],[1.918352,41.414496],[1.918371,41.414482],[1.918403,41.41446],[1.918416,41.41445],[1.918436,41.414433],[1.918464,41.414408],[1.918492,41.414383],[1.918529,41.41435],[1.918548,41.414331],[1.918566,41.414311],[1.918574,41.414301],[1.918579,41.414283],[1.918576,41.414267],[1.918555,41.414219],[1.918534,41.414171],[1.918489,41.414067],[1.918443,41.413962],[1.918429,41.413935],[1.918403,41.413897],[1.918375,41.41386],[1.918367,41.413851],[1.918353,41.413842],[1.918336,41.413836],[1.918316,41.413834],[1.918283,41.413837],[1.918266,41.413838],[1.918251,41.413835],[1.91823,41.413827],[1.918222,41.413822],[1.918215,41.413815],[1.918208,41.413799],[1.918204,41.413774],[1.918203,41.413748],[1.918206,41.413729],[1.918205,41.413709],[1.918196,41.413689],[1.918183,41.413669],[1.918163,41.41364],[1.918144,41.413611],[1.918123,41.41358],[1.918094,41.413528],[1.918083,41.413508],[1.918066,41.413475],[1.91805,41.413438],[1.918032,41.413381],[1.917991,41.413255],[1.917947,41.413137],[1.917804,41.413165],[1.917563,41.413212],[1.917449,41.413204],[1.917374,41.413142],[1.917388,41.413071],[1.917426,41.412894],[1.917496,41.412734],[1.917596,41.412461],[1.917618,41.412399],[1.917624,41.412354],[1.917635,41.412268],[1.917663,41.412197],[1.917679,41.412176],[1.917706,41.412139],[1.917782,41.412078],[1.917813,41.412041],[1.917867,41.411941],[1.917785,41.411889],[1.917662,41.411813],[1.917599,41.411773],[1.91713,41.412287],[1.917041,41.412423],[1.916946,41.412566],[1.91685,41.412711],[1.916753,41.412824],[1.916587,41.412722],[1.916285,41.412805],[1.91613,41.412656],[1.916103,41.412631],[1.916075,41.412655],[1.916028,41.412693],[1.915965,41.412743],[1.915901,41.412791],[1.915849,41.412823],[1.915792,41.412853],[1.915747,41.412874],[1.915724,41.412882],[1.915701,41.412888],[1.915637,41.412898],[1.915636,41.412902],[1.915607,41.412912],[1.915564,41.412938],[1.915487,41.412945],[1.915398,41.412954],[1.915408,41.412999],[1.915421,41.413024],[1.915448,41.413077],[1.915336,41.413096],[1.915224,41.413164],[1.915168,41.413198],[1.91509,41.413233],[1.915015,41.413266],[1.914993,41.413272],[1.914782,41.413329],[1.914826,41.413412],[1.91482,41.413416],[1.914874,41.41349],[1.914911,41.413501],[1.914928,41.413581],[1.914799,41.413612],[1.914948,41.413901],[1.914788,41.413893],[1.914789,41.413902],[1.914794,41.413974],[1.914726,41.414113],[1.914731,41.414231],[1.914745,41.414293],[1.914745,41.414296],[1.914761,41.414369],[1.915163,41.414338],[1.915499,41.414318],[1.915508,41.414444],[1.915525,41.414637],[1.915519,41.414646],[1.915325,41.41466],[1.915282,41.414669],[1.915254,41.414679],[1.915252,41.41468],[1.915179,41.414714],[1.915106,41.414749],[1.914989,41.414806],[1.914873,41.414864],[1.914746,41.414938],[1.914621,41.415013],[1.914551,41.415056],[1.91448,41.4151],[1.914451,41.415125],[1.914431,41.415156],[1.914421,41.415178],[1.914415,41.415212],[1.914414,41.415245],[1.914418,41.415276],[1.914426,41.415309],[1.914444,41.41534],[1.914471,41.415365],[1.914512,41.415393],[1.91455,41.41542],[1.914602,41.415457],[1.914653,41.415494],[1.914687,41.415518],[1.914725,41.415548],[1.914757,41.41558],[1.914762,41.415593],[1.914763,41.41561],[1.914766,41.41565],[1.914777,41.415687],[1.914789,41.415717],[1.914792,41.415724],[1.9148,41.415735],[1.914805,41.41574],[1.914814,41.415751],[1.914814,41.415752],[1.914815,41.415754],[1.914813,41.415756],[1.91481,41.415758],[1.914885,41.415793],[1.914983,41.415751],[1.915291,41.415622],[1.91538,41.415591],[1.915445,41.415864],[1.915555,41.415857],[1.91562,41.415849],[1.915743,41.415834],[1.915825,41.415825],[1.915931,41.415818],[1.916036,41.415816],[1.916087,41.415819],[1.916137,41.415825],[1.916169,41.415832],[1.916237,41.415852],[1.916305,41.415872],[1.916304,41.415876],[1.916327,41.415887],[1.916514,41.415976],[1.916516,41.415976],[1.916703,41.416024],[1.916827,41.41606],[1.916922,41.416089],[1.91697,41.4161],[1.916963,41.416116],[1.917033,41.416132],[1.917054,41.416081],[1.917119,41.415955],[1.917114,41.415878]]]]}},{"type":"Feature","id":"080728_080728 AP11 BLL 3","properties":{"area_id":"080728_080728 AP11 BLL 3","nom":"la Soleia","codi_icgc":"080728 AP11 BLL 3","categoria":"Àrees de poblament","codi_municipi":"080728","municipi":"Corbera de Llobregat","codi_comarca":"11","comarca":"Baix Llobregat","provincia":"Barcelona","font":"ICGC Àrees de poblament v3r1 202602"},"geometry":{"type":"MultiPolygon","coordinates":[[[[1.972636,41.44264],[1.972765,41.442626],[1.972946,41.442641],[1.973084,41.442635],[1.973179,41.442615],[1.973261,41.442595],[1.973307,41.442581],[1.973341,41.442571],[1.973383,41.442558],[1.973412,41.442543],[1.973558,41.442466],[1.973542,41.442464],[1.973558,41.442456],[1.973498,41.442384],[1.973643,41.442324],[1.973741,41.442256],[1.973797,41.442209],[1.973762,41.442158],[1.973583,41.441891],[1.973458,41.441968],[1.973241,41.441985],[1.97309,41.441975],[1.972734,41.441935],[1.972739,41.441831],[1.972727,41.441705],[1.972757,41.441697],[1.972777,41.441631],[1.972839,41.441421],[1.972857,41.441365],[1.972897,41.441375],[1.972937,41.441385],[1.972969,41.441395],[1.973015,41.441415],[1.973061,41.441434],[1.973108,41.441453],[1.973155,41.441471],[1.973185,41.441481],[1.973216,41.441491],[1.973276,41.441443],[1.973259,41.441412],[1.973245,41.441387],[1.973207,41.441297],[1.973185,41.441238],[1.973164,41.441166],[1.973157,41.441094],[1.973157,41.441026],[1.973159,41.440972],[1.97315,41.440927],[1.973131,41.44089],[1.973099,41.440832],[1.973103,41.440792],[1.973112,41.440763],[1.973127,41.440719],[1.973183,41.440702],[1.973242,41.440707],[1.973277,41.440689],[1.973289,41.440658],[1.973272,41.440626],[1.973247,41.440613],[1.973237,41.440608],[1.973277,41.440563],[1.973285,41.440564],[1.973372,41.440572],[1.973376,41.440573],[1.973407,41.440576],[1.973459,41.44058],[1.973458,41.440425],[1.973415,41.440411],[1.973341,41.440387],[1.973323,41.440344],[1.973305,41.4403],[1.973299,41.440286],[1.973293,41.440271],[1.973278,41.440238],[1.973267,41.440217],[1.973247,41.44019],[1.973215,41.440152],[1.973182,41.440114],[1.973044,41.439978],[1.972951,41.4399],[1.972945,41.439897],[1.972784,41.439809],[1.972775,41.439805],[1.972697,41.439767],[1.972481,41.43978],[1.97226,41.43971],[1.972276,41.439646],[1.972407,41.439623],[1.972367,41.439483],[1.972181,41.43948],[1.971948,41.439497],[1.971848,41.439552],[1.971806,41.439575],[1.971793,41.439582],[1.971802,41.439654],[1.971821,41.43981],[1.971825,41.439838],[1.971829,41.439875],[1.97182,41.439949],[1.971826,41.439951],[1.971802,41.440154],[1.971789,41.440275],[1.971785,41.440296],[1.971778,41.440342],[1.97179,41.440354],[1.9718,41.440368],[1.971805,41.440379],[1.971803,41.440572],[1.971797,41.440709],[1.971791,41.440746],[1.971782,41.440749],[1.971769,41.440758],[1.971755,41.440772],[1.971747,41.440786],[1.971739,41.440817],[1.971735,41.440876],[1.97173,41.440934],[1.971714,41.441003],[1.971697,41.441072],[1.971674,41.441149],[1.971653,41.441226],[1.971631,41.441336],[1.971616,41.441447],[1.971613,41.441479],[1.971593,41.441817],[1.97159,41.441842],[1.971571,41.44208],[1.971555,41.44226],[1.971521,41.442676],[1.971571,41.442674],[1.971641,41.442674],[1.971715,41.442674],[1.971826,41.442673],[1.971938,41.44267],[1.971959,41.44267],[1.972037,41.442668],[1.972133,41.442666],[1.972162,41.442665],[1.972224,41.442665],[1.972312,41.442664],[1.9724,41.442662],[1.972525,41.442651],[1.972636,41.44264]]]]}},{"type":"Feature","id":"080728_080728 AP23 BLL 2","properties":{"area_id":"080728_080728 AP23 BLL 2","nom":"les Cases Cremades","codi_icgc":"080728 AP23 BLL 2","categoria":"Àrees de poblament","codi_municipi":"080728","municipi":"Corbera de Llobregat","codi_comarca":"11","comarca":"Baix Llobregat","provincia":"Barcelona","font":"ICGC Àrees de poblament v3r1 202602"},"geometry":{"type":"MultiPolygon","coordinates":[[[[1.908218,41.424697],[1.908326,41.424374],[1.908456,41.424407],[1.90853,41.424381],[1.908542,41.424369],[1.908588,41.42432],[1.909042,41.424139],[1.909275,41.423921],[1.909312,41.423836],[1.909059,41.423665],[1.909035,41.423649],[1.90876,41.423463],[1.908539,41.423367],[1.908525,41.423351],[1.908439,41.423252],[1.908521,41.422994],[1.908346,41.422985],[1.908345,41.423022],[1.908325,41.423065],[1.908325,41.423108],[1.908285,41.42319],[1.908036,41.423434],[1.908055,41.423485],[1.907982,41.423629],[1.908046,41.423638],[1.908161,41.423641],[1.908183,41.423596],[1.908209,41.423557],[1.908224,41.423534],[1.908278,41.423488],[1.908374,41.423436],[1.908572,41.423529],[1.908647,41.423564],[1.908804,41.42369],[1.908842,41.423774],[1.908585,41.423968],[1.908594,41.423972],[1.908554,41.424035],[1.908537,41.424101],[1.90853,41.424166],[1.90853,41.424223],[1.90853,41.424279],[1.908528,41.424314],[1.908524,41.424334],[1.908523,41.424344],[1.908511,41.424362],[1.90849,41.424376],[1.908454,41.424383],[1.908418,41.424379],[1.908339,41.424352],[1.908256,41.424324],[1.908168,41.424296],[1.908146,41.424238],[1.908031,41.423993],[1.907951,41.424031],[1.907351,41.424086],[1.907005,41.424299],[1.906847,41.424518],[1.907002,41.424566],[1.907294,41.424516],[1.907324,41.424612],[1.907498,41.424613],[1.907552,41.424685],[1.907736,41.424621],[1.907971,41.424719],[1.908218,41.424697]]]]}},{"type":"Feature","id":"080728_080728 AP26 BLL 3","properties":{"area_id":"080728_080728 AP26 BLL 3","nom":"les Cases Pairals","codi_icgc":"080728 AP26 BLL 3","categoria":"Àrees de poblament","codi_municipi":"080728","municipi":"Corbera de Llobregat","codi_comarca":"11","comarca":"Baix Llobregat","provincia":"Barcelona","font":"ICGC Àrees de poblament v3r1 202602"},"geometry":{"type":"MultiPolygon","coordinates":[[[[1.955207,41.427575],[1.955261,41.427633],[1.955286,41.427661],[1.955273,41.427667],[1.955318,41.427724],[1.955139,41.42779],[1.955132,41.42803],[1.955126,41.428264],[1.95512,41.428479],[1.955263,41.428594],[1.955324,41.428643],[1.955712,41.42849],[1.955765,41.428488],[1.95594,41.428428],[1.955943,41.428428],[1.95622,41.428396],[1.956226,41.428394],[1.956474,41.428306],[1.956464,41.428264],[1.956704,41.428233],[1.956715,41.428231],[1.956965,41.428222],[1.956993,41.428221],[1.957221,41.428175],[1.957225,41.428174],[1.957446,41.428097],[1.957676,41.428029],[1.957713,41.428128],[1.957945,41.428049],[1.957949,41.428048],[1.958071,41.428012],[1.958198,41.427974],[1.958215,41.427968],[1.958231,41.42796],[1.958262,41.427944],[1.958282,41.427936],[1.958285,41.427935],[1.958311,41.42793],[1.958338,41.42793],[1.958355,41.427932],[1.958464,41.427958],[1.958573,41.427984],[1.958612,41.427991],[1.958684,41.428003],[1.958796,41.428019],[1.95887,41.428033],[1.958912,41.428045],[1.958928,41.428054],[1.958937,41.428068],[1.958946,41.428101],[1.958957,41.428121],[1.95897,41.428136],[1.958986,41.428149],[1.959,41.428153],[1.959013,41.428154],[1.959026,41.428154],[1.959052,41.428154],[1.959106,41.428153],[1.959162,41.428155],[1.959219,41.428155],[1.959255,41.42815],[1.959295,41.428135],[1.959332,41.428115],[1.959405,41.428071],[1.959467,41.428038],[1.959529,41.428003],[1.959537,41.427995],[1.959548,41.427976],[1.959558,41.427995],[1.959574,41.428011],[1.959596,41.428022],[1.959621,41.428029],[1.959647,41.42803],[1.959665,41.428027],[1.959681,41.428025],[1.95969,41.428024],[1.959712,41.428015],[1.95973,41.428002],[1.959742,41.427985],[1.959746,41.427966],[1.959745,41.427958],[1.959746,41.427958],[1.95977,41.427974],[1.959784,41.42798],[1.959806,41.427985],[1.959841,41.427985],[1.959859,41.427982],[1.959874,41.427976],[1.960007,41.427899],[1.960072,41.42786],[1.960138,41.427823],[1.960272,41.427748],[1.960389,41.427683],[1.960406,41.427674],[1.960567,41.42767],[1.960608,41.427671],[1.961039,41.427673],[1.961214,41.427674],[1.961287,41.427706],[1.96131,41.427717],[1.961454,41.427753],[1.961484,41.427761],[1.96178,41.427794],[1.961772,41.427832],[1.961767,41.427849],[1.961754,41.427908],[1.961727,41.428023],[1.961543,41.428011],[1.961307,41.428004],[1.961273,41.428003],[1.960987,41.428144],[1.961263,41.428345],[1.961201,41.428371],[1.961119,41.428404],[1.961096,41.428413],[1.960991,41.428459],[1.960889,41.428496],[1.960818,41.428522],[1.960784,41.428535],[1.960733,41.428556],[1.960683,41.428581],[1.960644,41.428604],[1.960612,41.428641],[1.960594,41.428676],[1.960587,41.428701],[1.960584,41.428732],[1.960587,41.42877],[1.960595,41.42884],[1.960603,41.428909],[1.960612,41.428989],[1.96062,41.429068],[1.960619,41.42909],[1.960613,41.429111],[1.960605,41.429127],[1.960589,41.429162],[1.960562,41.429205],[1.960528,41.429245],[1.960503,41.429268],[1.96046,41.4293],[1.960412,41.429326],[1.960398,41.429332],[1.960379,41.42934],[1.96034,41.429353],[1.960301,41.429362],[1.96028,41.429365],[1.96025,41.429365],[1.960235,41.429363],[1.960138,41.429345],[1.960045,41.429323],[1.960017,41.429317],[1.959938,41.429194],[1.959859,41.429071],[1.959843,41.42905],[1.959822,41.42903],[1.959803,41.429019],[1.95978,41.429008],[1.959756,41.429],[1.959707,41.428989],[1.959673,41.428984],[1.959589,41.428975],[1.959504,41.428966],[1.959227,41.428956],[1.959223,41.428956],[1.958951,41.428979],[1.958948,41.42898],[1.958684,41.429032],[1.958702,41.429059],[1.958501,41.429137],[1.958285,41.42922],[1.958284,41.42922],[1.958093,41.429348],[1.957994,41.429414],[1.957986,41.429462],[1.957923,41.429521],[1.957734,41.429756],[1.957699,41.429799],[1.957657,41.429894],[1.957622,41.429975],[1.957616,41.42999],[1.957613,41.429999],[1.957612,41.430015],[1.957623,41.430061],[1.957629,41.430094],[1.957633,41.430127],[1.957629,41.430145],[1.957615,41.430172],[1.957599,41.4302],[1.957565,41.430251],[1.957548,41.430276],[1.957534,41.430303],[1.957522,41.430334],[1.957511,41.430382],[1.957503,41.43043],[1.957495,41.430499],[1.957495,41.430568],[1.957498,41.430601],[1.95751,41.430651],[1.957528,41.4307],[1.957529,41.430702],[1.957562,41.430771],[1.957605,41.430839],[1.957657,41.430901],[1.957708,41.430963],[1.957733,41.431004],[1.957757,41.431045],[1.957779,41.431079],[1.957793,41.431094],[1.957804,41.431099],[1.957811,41.431103],[1.957985,41.431156],[1.958159,41.431209],[1.958164,41.431211],[1.958181,41.431218],[1.958451,41.431283],[1.958541,41.431314],[1.958731,41.431363],[1.958838,41.431383],[1.959187,41.431432],[1.95921,41.431435],[1.959212,41.431432],[1.959214,41.431447],[1.959216,41.431461],[1.959222,41.431466],[1.959231,41.431468],[1.959255,41.43147],[1.959278,41.431472],[1.959347,41.431483],[1.959416,41.431495],[1.95957,41.431521],[1.959725,41.431547],[1.959829,41.43156],[1.959961,41.431572],[1.960094,41.431581],[1.96033,41.431599],[1.960567,41.431616],[1.960606,41.431619],[1.960644,41.431618],[1.960675,41.431612],[1.960705,41.431604],[1.960763,41.431585],[1.960913,41.431538],[1.961063,41.431491],[1.961161,41.43146],[1.96126,41.431429],[1.961403,41.431381],[1.961545,41.431329],[1.961657,41.431285],[1.961769,41.431241],[1.961912,41.431186],[1.962055,41.43113],[1.962199,41.431072],[1.96234,41.43101],[1.962392,41.430986],[1.962417,41.430975],[1.962432,41.430945],[1.962437,41.430936],[1.962481,41.430918],[1.962488,41.430899],[1.962505,41.430889],[1.962523,41.430881],[1.962585,41.430854],[1.962649,41.430829],[1.962679,41.430819],[1.96271,41.430812],[1.962732,41.430809],[1.962746,41.430809],[1.962769,41.430799],[1.962772,41.430808],[1.962812,41.430806],[1.962892,41.430803],[1.962938,41.430798],[1.962986,41.430793],[1.963062,41.430782],[1.963138,41.430766],[1.963251,41.430734],[1.963361,41.430695],[1.96343,41.430666],[1.963458,41.430654],[1.963551,41.430608],[1.963631,41.430561],[1.963705,41.43051],[1.96378,41.430449],[1.96385,41.430384],[1.963893,41.430338],[1.963933,41.430291],[1.96397,41.43024],[1.964002,41.430187],[1.96402,41.430149],[1.964045,41.430076],[1.96406,41.430002],[1.964071,41.429901],[1.964079,41.429799],[1.964081,41.429704],[1.964083,41.429612],[1.964088,41.429588],[1.964096,41.429563],[1.96412,41.429511],[1.964163,41.429434],[1.964215,41.429362],[1.964259,41.42931],[1.964308,41.429263],[1.964358,41.429226],[1.964411,41.429187],[1.964438,41.429167],[1.964468,41.429148],[1.964485,41.429148],[1.964501,41.42915],[1.964571,41.429269],[1.964621,41.429315],[1.9646,41.4294],[1.964536,41.429513],[1.964768,41.429758],[1.964871,41.429689],[1.964872,41.429688],[1.964948,41.429632],[1.964958,41.429631],[1.964969,41.42963],[1.96505,41.42962],[1.965129,41.429611],[1.965189,41.429607],[1.965247,41.429609],[1.965273,41.429613],[1.965285,41.429615],[1.965286,41.429621],[1.965288,41.429627],[1.965286,41.429631],[1.965286,41.429632],[1.965276,41.429641],[1.965263,41.429649],[1.965244,41.429657],[1.965225,41.429664],[1.965147,41.429678],[1.965067,41.429691],[1.96504,41.429699],[1.965015,41.429712],[1.965,41.429724],[1.964986,41.429743],[1.964982,41.429768],[1.964984,41.429791],[1.964993,41.429835],[1.965002,41.429875],[1.96501,41.429914],[1.965013,41.42994],[1.965013,41.42997],[1.965013,41.429983],[1.965029,41.429987],[1.965029,41.429987],[1.965042,41.429987],[1.965348,41.42999],[1.965402,41.429976],[1.965384,41.429712],[1.965398,41.42972],[1.965425,41.429739],[1.965446,41.429749],[1.96547,41.429758],[1.965496,41.429763],[1.965513,41.429762],[1.965548,41.429751],[1.965561,41.429745],[1.965568,41.429741],[1.965581,41.429735],[1.965607,41.429717],[1.96561,41.429715],[1.965633,41.4297],[1.96568,41.429661],[1.965825,41.429602],[1.965862,41.429584],[1.965963,41.429535],[1.965978,41.429528],[1.966065,41.429487],[1.966154,41.429446],[1.966245,41.429406],[1.966325,41.429376],[1.966409,41.429351],[1.966498,41.429333],[1.966577,41.429319],[1.966587,41.429317],[1.966686,41.429295],[1.966734,41.429281],[1.96678,41.429262],[1.966866,41.429214],[1.966896,41.429196],[1.96695,41.429163],[1.967057,41.429095],[1.967162,41.429025],[1.967219,41.428984],[1.967232,41.428975],[1.967244,41.428966],[1.967253,41.428959],[1.967436,41.428842],[1.967501,41.428793],[1.96757,41.42874],[1.967782,41.428564],[1.967806,41.42856],[1.967872,41.428497],[1.967894,41.428477],[1.967907,41.428474],[1.967922,41.428475],[1.967935,41.428478],[1.967978,41.42853],[1.9681,41.42868],[1.96853,41.42836],[1.968718,41.428283],[1.968744,41.428273],[1.968836,41.428215],[1.968984,41.428122],[1.968913,41.428013],[1.968893,41.42801],[1.968872,41.428007],[1.968848,41.428004],[1.968837,41.428001],[1.968828,41.427995],[1.968807,41.427975],[1.968787,41.427954],[1.96878,41.427947],[1.968748,41.427916],[1.968701,41.427884],[1.968661,41.427839],[1.968489,41.427536],[1.96836,41.427269],[1.968259,41.42704],[1.96801,41.42655],[1.967973,41.426494],[1.967788,41.426315],[1.96763,41.426206],[1.96751,41.426142],[1.9674,41.426092],[1.967202,41.42587],[1.967046,41.425713],[1.966956,41.425665],[1.966857,41.42564],[1.966475,41.425559],[1.966372,41.425529],[1.966333,41.425507],[1.966196,41.425405],[1.965914,41.425191],[1.965609,41.42497],[1.965347,41.42475],[1.965215,41.424624],[1.965153,41.424522],[1.965112,41.424331],[1.965078,41.423968],[1.965008,41.423577],[1.964952,41.423407],[1.965005,41.423383],[1.965087,41.423328],[1.965078,41.423285],[1.965072,41.423255],[1.96507,41.423249],[1.965063,41.423226],[1.965055,41.423203],[1.965041,41.423172],[1.965034,41.423157],[1.965028,41.423146],[1.965022,41.423135],[1.965019,41.423129],[1.965016,41.423124],[1.965005,41.423108],[1.964993,41.423092],[1.964987,41.423084],[1.964933,41.423025],[1.964879,41.422966],[1.964851,41.422939],[1.964823,41.422912],[1.964737,41.422845],[1.964651,41.422778],[1.964509,41.422693],[1.964368,41.422609],[1.964316,41.42258],[1.964301,41.422572],[1.964194,41.422514],[1.964073,41.422449],[1.964058,41.422441],[1.963844,41.422295],[1.963797,41.422267],[1.963603,41.422155],[1.96341,41.422042],[1.963258,41.42196],[1.963259,41.421959],[1.963132,41.421888],[1.963006,41.421817],[1.96288,41.421745],[1.962782,41.421688],[1.962683,41.421632],[1.962635,41.421605],[1.962587,41.421579],[1.962544,41.421567],[1.962455,41.421543],[1.96241,41.42153],[1.962182,41.421487],[1.961954,41.421443],[1.961903,41.421432],[1.961815,41.421412],[1.961727,41.421391],[1.961702,41.421385],[1.961678,41.421378],[1.961659,41.421374],[1.961546,41.421347],[1.961415,41.421316],[1.961298,41.421286],[1.961182,41.421256],[1.961081,41.421228],[1.960986,41.421205],[1.960892,41.421181],[1.960762,41.421152],[1.960632,41.421122],[1.960598,41.421116],[1.96053,41.421104],[1.960428,41.421087],[1.960331,41.421069],[1.960241,41.421053],[1.960192,41.421044],[1.960053,41.421019],[1.959949,41.421003],[1.959877,41.421001],[1.959805,41.420998],[1.959704,41.421008],[1.959603,41.421018],[1.959537,41.421019],[1.959474,41.420994],[1.959412,41.420969],[1.959347,41.420945],[1.959323,41.420936],[1.959282,41.42092],[1.959237,41.420904],[1.959188,41.420887],[1.95914,41.420869],[1.959103,41.420855],[1.959051,41.420835],[1.959017,41.420823],[1.958958,41.420801],[1.958921,41.4208],[1.958884,41.4208],[1.958876,41.420799],[1.958867,41.420798],[1.95883,41.420788],[1.958793,41.420778],[1.95874,41.420763],[1.958688,41.420749],[1.958686,41.420748],[1.958685,41.420748],[1.958682,41.420747],[1.958678,41.420747],[1.958675,41.420747],[1.95867,41.420746],[1.958631,41.420729],[1.958592,41.420712],[1.95858,41.420706],[1.958582,41.420704],[1.958569,41.420697],[1.958556,41.420691],[1.958531,41.420678],[1.958494,41.420657],[1.958482,41.42065],[1.958481,41.420651],[1.95847,41.420645],[1.958419,41.420615],[1.958368,41.420584],[1.9583,41.420558],[1.958299,41.420554],[1.9583,41.420547],[1.958301,41.420538],[1.958262,41.420516],[1.958201,41.420481],[1.958173,41.420462],[1.958171,41.42046],[1.958169,41.42046],[1.958167,41.420459],[1.958166,41.420459],[1.958164,41.420459],[1.958162,41.42046],[1.958154,41.420465],[1.958147,41.420469],[1.958138,41.420474],[1.95813,41.420477],[1.958121,41.42048],[1.958111,41.420483],[1.958101,41.420485],[1.958093,41.420487],[1.957812,41.420349],[1.957679,41.420285],[1.957595,41.420279],[1.957564,41.420283],[1.95752,41.420296],[1.957506,41.420296],[1.957494,41.420295],[1.957472,41.420291],[1.957452,41.420285],[1.95741,41.420264],[1.957217,41.420166],[1.957001,41.420187],[1.956882,41.420101],[1.956763,41.420016],[1.956657,41.419939],[1.956608,41.419903],[1.956467,41.419801],[1.956385,41.419755],[1.956118,41.419614],[1.956044,41.419594],[1.956006,41.419585],[1.955969,41.419576],[1.955904,41.419555],[1.955902,41.419559],[1.955824,41.419563],[1.955695,41.419603],[1.95565,41.419646],[1.955605,41.419689],[1.955591,41.419684],[1.955484,41.419697],[1.955356,41.41971],[1.955242,41.419722],[1.955187,41.419727],[1.955055,41.41974],[1.955017,41.419743],[1.954989,41.419744],[1.954942,41.419745],[1.954906,41.419751],[1.954745,41.419752],[1.954731,41.419724],[1.954521,41.419717],[1.954369,41.419707],[1.954289,41.419711],[1.954152,41.419728],[1.954015,41.419745],[1.953941,41.419751],[1.953868,41.419758],[1.953828,41.419763],[1.953789,41.419768],[1.953731,41.419779],[1.953674,41.41979],[1.953642,41.419797],[1.953568,41.419812],[1.953567,41.419812],[1.953502,41.419824],[1.953437,41.419835],[1.953411,41.419841],[1.953364,41.419851],[1.95331,41.419863],[1.953256,41.419876],[1.953318,41.420122],[1.953371,41.420126],[1.953703,41.420098],[1.953705,41.420105],[1.953716,41.420124],[1.953734,41.42014],[1.953757,41.420151],[1.953774,41.420156],[1.953795,41.420161],[1.953828,41.420165],[1.953849,41.420164],[1.953857,41.420162],[1.953874,41.420156],[1.953924,41.420129],[1.953973,41.420101],[1.954001,41.420086],[1.954029,41.420072],[1.954125,41.420056],[1.954222,41.420041],[1.954314,41.420028],[1.954408,41.420018],[1.954471,41.420014],[1.954554,41.420012],[1.954629,41.420015],[1.954703,41.420021],[1.954852,41.420036],[1.954948,41.420047],[1.955043,41.420056],[1.955119,41.420062],[1.955195,41.420068],[1.955247,41.420073],[1.955293,41.420077],[1.955363,41.420083],[1.955432,41.420089],[1.955439,41.420089],[1.955484,41.420093],[1.955483,41.420105],[1.955477,41.420169],[1.955458,41.420312],[1.955774,41.420338],[1.955783,41.420272],[1.9558,41.420199],[1.955798,41.420139],[1.955828,41.420146],[1.955886,41.420158],[1.955971,41.420175],[1.956072,41.420195],[1.956173,41.420214],[1.956277,41.420238],[1.956329,41.420253],[1.956379,41.42027],[1.956433,41.420293],[1.956508,41.420333],[1.956577,41.420379],[1.956703,41.420479],[1.956827,41.42058],[1.956896,41.420634],[1.95694,41.420671],[1.956697,41.420985],[1.956905,41.421067],[1.95727,41.421197],[1.957598,41.421493],[1.957513,41.421638],[1.957519,41.421695],[1.957546,41.42175],[1.957583,41.4218],[1.957662,41.421835],[1.957791,41.421876],[1.957857,41.421893],[1.957917,41.421932],[1.958086,41.422065],[1.958173,41.42213],[1.958324,41.4222],[1.958479,41.422243],[1.958522,41.422256],[1.958659,41.422291],[1.958741,41.42231],[1.958824,41.422329],[1.958828,41.422331],[1.958846,41.422339],[1.958866,41.42235],[1.958901,41.422379],[1.95892,41.4224],[1.958942,41.422432],[1.958964,41.422475],[1.959001,41.422561],[1.959035,41.422648],[1.959062,41.422705],[1.959085,41.422747],[1.959131,41.422814],[1.959157,41.422844],[1.959182,41.422874],[1.959239,41.42298],[1.95906,41.423299],[1.959115,41.42331],[1.959223,41.42333],[1.959529,41.423382],[1.959717,41.42345],[1.959809,41.423535],[1.959881,41.423642],[1.959929,41.423773],[1.959925,41.423896],[1.959878,41.423978],[1.959872,41.424041],[1.960009,41.42416],[1.960117,41.424222],[1.960249,41.424204],[1.960425,41.424147],[1.96053,41.42407],[1.960582,41.423996],[1.960981,41.423918],[1.961018,41.423916],[1.961106,41.4239],[1.961217,41.423913],[1.961366,41.423931],[1.961516,41.423972],[1.961675,41.423976],[1.96177,41.424024],[1.961794,41.424021],[1.961914,41.42402],[1.962012,41.424023],[1.962098,41.424028],[1.962155,41.424033],[1.96217,41.424034],[1.96204,41.424367],[1.963253,41.424487],[1.963239,41.42449],[1.963215,41.424497],[1.963162,41.424518],[1.963113,41.424543],[1.963073,41.424573],[1.963039,41.424606],[1.963021,41.42463],[1.962969,41.424706],[1.962917,41.424783],[1.962848,41.424886],[1.96278,41.42499],[1.96273,41.425072],[1.962679,41.425153],[1.962621,41.425235],[1.962563,41.425317],[1.96254,41.425352],[1.962527,41.425374],[1.962519,41.425387],[1.962507,41.425413],[1.962497,41.425437],[1.962492,41.425453],[1.962498,41.425476],[1.962498,41.425478],[1.961626,41.426007],[1.961714,41.426025],[1.961787,41.42604],[1.962046,41.426151],[1.962031,41.426276],[1.96196,41.426506],[1.961769,41.426637],[1.961749,41.426655],[1.961678,41.42672],[1.96164,41.426755],[1.96155,41.426762],[1.960489,41.426825],[1.960586,41.427064],[1.960589,41.42715],[1.960088,41.427184],[1.959974,41.427185],[1.959807,41.42719],[1.959675,41.427197],[1.959544,41.427211],[1.95944,41.427227],[1.959406,41.427232],[1.959271,41.427254],[1.959145,41.427272],[1.959019,41.427286],[1.958998,41.427287],[1.958967,41.427285],[1.958957,41.427283],[1.958948,41.427279],[1.958923,41.427263],[1.958895,41.427241],[1.958875,41.427225],[1.958834,41.427207],[1.958789,41.427186],[1.958743,41.427165],[1.958671,41.427134],[1.958605,41.427106],[1.958575,41.42709],[1.958558,41.42708],[1.958505,41.427124],[1.958225,41.427356],[1.95818,41.427325],[1.95812,41.427269],[1.958048,41.427192],[1.957968,41.42709],[1.957932,41.427035],[1.957904,41.427],[1.957762,41.427073],[1.957324,41.427292],[1.956885,41.427362],[1.956187,41.427467],[1.955807,41.427499],[1.955508,41.427519],[1.955207,41.427575]]]]}},{"type":"Feature","id":"080728_080728 AP06 BLL 3","properties":{"area_id":"080728_080728 AP06 BLL 3","nom":"les Parretes","codi_icgc":"080728 AP06 BLL 3","categoria":"Àrees de poblament","codi_municipi":"080728","municipi":"Corbera de Llobregat","codi_comarca":"11","comarca":"Baix Llobregat","provincia":"Barcelona","font":"ICGC Àrees de poblament v3r1 202602"},"geometry":{"type":"MultiPolygon","coordinates":[[[[1.912295,41.417683],[1.912378,41.417681],[1.912427,41.417677],[1.912439,41.417677],[1.912473,41.417677],[1.912514,41.417674],[1.912555,41.41767],[1.912597,41.417667],[1.912657,41.417656],[1.91267,41.417655],[1.912717,41.417648],[1.912762,41.417648],[1.912809,41.417648],[1.912854,41.417648],[1.912898,41.417648],[1.912901,41.417648],[1.91291,41.417658],[1.912933,41.417696],[1.912943,41.417726],[1.912948,41.417773],[1.912939,41.417818],[1.912904,41.417911],[1.912869,41.418003],[1.912831,41.418112],[1.91283,41.418118],[1.912552,41.418097],[1.912526,41.418135],[1.91258,41.418208],[1.912562,41.418205],[1.912714,41.418447],[1.912745,41.418518],[1.912771,41.418555],[1.912785,41.418574],[1.9128,41.418607],[1.912912,41.418738],[1.912912,41.418738],[1.91301,41.418881],[1.91304,41.418936],[1.913105,41.41906],[1.913132,41.419156],[1.913139,41.419182],[1.913136,41.419269],[1.913136,41.419301],[1.913153,41.419324],[1.913274,41.419723],[1.913344,41.419711],[1.913502,41.419684],[1.913625,41.4199],[1.913466,41.419973],[1.913471,41.419996],[1.91363,41.420153],[1.913944,41.420062],[1.914089,41.420067],[1.914172,41.420298],[1.914503,41.420179],[1.914593,41.42014],[1.914595,41.42014],[1.914618,41.42014],[1.914613,41.420106],[1.914593,41.420036],[1.91457,41.419968],[1.91455,41.419918],[1.914533,41.419871],[1.914522,41.419844],[1.914508,41.419808],[1.91449,41.41977],[1.914473,41.419732],[1.91447,41.41972],[1.914463,41.419694],[1.914453,41.419656],[1.914444,41.419612],[1.914443,41.41956],[1.914442,41.419533],[1.914441,41.419515],[1.914446,41.419497],[1.914457,41.419473],[1.914473,41.419449],[1.914491,41.419426],[1.9145,41.419417],[1.914545,41.419393],[1.914605,41.419422],[1.914628,41.419412],[1.91489,41.419296],[1.914977,41.41925],[1.915013,41.419208],[1.915019,41.419164],[1.91499,41.418938],[1.914916,41.418935],[1.914776,41.418929],[1.914737,41.418856],[1.914735,41.418852],[1.914697,41.418773],[1.914672,41.418724],[1.914642,41.418677],[1.914618,41.418647],[1.914543,41.418568],[1.914534,41.418559],[1.914533,41.418558],[1.914532,41.418556],[1.914526,41.41855],[1.914446,41.418466],[1.914327,41.418341],[1.914208,41.418216],[1.914181,41.418185],[1.914156,41.418153],[1.914149,41.418139],[1.914147,41.418125],[1.91415,41.418096],[1.914157,41.418071],[1.914168,41.418048],[1.91418,41.418034],[1.91422,41.418],[1.91426,41.417967],[1.914307,41.417926],[1.914342,41.417892],[1.914352,41.417883],[1.914365,41.417868],[1.914375,41.417851],[1.914387,41.417816],[1.914388,41.417787],[1.914387,41.417783],[1.914382,41.417757],[1.914374,41.417737],[1.914355,41.417701],[1.91433,41.417666],[1.914295,41.41763],[1.91426,41.417593],[1.914322,41.417522],[1.914322,41.417522],[1.914335,41.417528],[1.914354,41.417536],[1.914372,41.417544],[1.914452,41.417584],[1.914534,41.417625],[1.914579,41.417645],[1.914584,41.417647],[1.914609,41.41763],[1.9147,41.417629],[1.914855,41.417661],[1.914979,41.417679],[1.915062,41.417673],[1.915122,41.417655],[1.915151,41.417631],[1.915038,41.417546],[1.915039,41.417501],[1.915022,41.417152],[1.915051,41.417134],[1.915075,41.41712],[1.915112,41.417094],[1.915138,41.417072],[1.915171,41.417037],[1.915199,41.416999],[1.915233,41.41694],[1.915274,41.416853],[1.915278,41.416842],[1.915286,41.416818],[1.915339,41.41666],[1.915325,41.416615],[1.915286,41.416584],[1.915275,41.416582],[1.915249,41.416579],[1.915216,41.416586],[1.915164,41.416616],[1.915122,41.416645],[1.915087,41.416674],[1.915068,41.41662],[1.915006,41.416523],[1.914949,41.416521],[1.914937,41.416518],[1.91491,41.416515],[1.914902,41.416514],[1.914839,41.416509],[1.914775,41.416504],[1.914734,41.416498],[1.9147,41.41649],[1.914693,41.416488],[1.914675,41.416489],[1.914683,41.416485],[1.914667,41.416479],[1.914649,41.41647],[1.914631,41.416454],[1.914595,41.416404],[1.91459,41.416396],[1.914466,41.416005],[1.914421,41.416021],[1.914182,41.416067],[1.913813,41.416144],[1.913498,41.416209],[1.913386,41.416227],[1.913153,41.416254],[1.912915,41.416314],[1.912652,41.416398],[1.912541,41.416421],[1.912363,41.416446],[1.912252,41.416448],[1.912093,41.416462],[1.911896,41.416482],[1.911739,41.41651],[1.911544,41.41654],[1.911515,41.416586],[1.911565,41.416715],[1.911613,41.416955],[1.911584,41.417005],[1.911386,41.417164],[1.91126,41.417299],[1.91123,41.417388],[1.911262,41.417499],[1.91136,41.417571],[1.911507,41.417626],[1.911753,41.417661],[1.912118,41.417693],[1.912295,41.417683]]]]}}]}