{"type":"FeatureCollection","name":"ICGC Àrees de poblament - Sabadell","features":[{"type":"Feature","id":"081878_081878 AP07 VOC 1","properties":{"area_id":"081878_081878 AP07 VOC 1","nom":"Berardo","codi_icgc":"081878 AP07 VOC 1","categoria":"Àrees de poblament","codi_municipi":"081878","municipi":"Sabadell","codi_comarca":"40","comarca":"Vallès Occidental","provincia":"Barcelona","font":"ICGC Àrees de poblament v3r1 202602"},"geometry":{"type":"MultiPolygon","coordinates":[[[[2.074169,41.554006],[2.074255,41.554148],[2.07483,41.554901],[2.075258,41.555257],[2.075989,41.555763],[2.076913,41.556466],[2.077282,41.556795],[2.07765,41.556762],[2.077648,41.556752],[2.07763,41.556664],[2.07751,41.556321],[2.077479,41.556258],[2.077475,41.556246],[2.077434,41.556145],[2.077388,41.556021],[2.077333,41.555896],[2.077305,41.555846],[2.0773,41.555835],[2.077294,41.555824],[2.077269,41.55578],[2.077201,41.555668],[2.077141,41.555575],[2.077127,41.555553],[2.07706,41.555451],[2.077052,41.555438],[2.077,41.55536],[2.076946,41.55528],[2.076921,41.555247],[2.076874,41.555183],[2.076801,41.555089],[2.07674,41.555012],[2.076674,41.554934],[2.076597,41.55485],[2.07652,41.554768],[2.076441,41.554685],[2.07636,41.554601],[2.076283,41.554526],[2.076204,41.554455],[2.076099,41.554361],[2.075988,41.554268],[2.075841,41.554155],[2.075833,41.554148],[2.075736,41.554074],[2.075699,41.55404],[2.075662,41.554006],[2.075632,41.553986],[2.075598,41.553968],[2.075566,41.553959],[2.075436,41.553963],[2.075376,41.553953],[2.07532,41.553932],[2.075296,41.553886],[2.075264,41.553827],[2.075251,41.553812],[2.075233,41.553802],[2.07519,41.553786],[2.075099,41.553762],[2.075026,41.553747],[2.075008,41.553744],[2.074956,41.553737],[2.074904,41.553733],[2.074799,41.553725],[2.074731,41.553715],[2.074686,41.553703],[2.074643,41.553688],[2.074557,41.553653],[2.074499,41.553633],[2.074464,41.553625],[2.074445,41.553622],[2.074361,41.553607],[2.074256,41.553593],[2.074223,41.553589],[2.074184,41.553586],[2.074111,41.553579],[2.074064,41.553572],[2.07401,41.553562],[2.073998,41.553559],[2.073932,41.553546],[2.074169,41.554006]]]]}},{"type":"Feature","id":"081878_081878 AP03 VOC 2","properties":{"area_id":"081878_081878 AP03 VOC 2","nom":"Can Deu","codi_icgc":"081878 AP03 VOC 2","categoria":"Àrees de poblament","codi_municipi":"081878","municipi":"Sabadell","codi_comarca":"40","comarca":"Vallès Occidental","provincia":"Barcelona","font":"ICGC Àrees de poblament v3r1 202602"},"geometry":{"type":"MultiPolygon","coordinates":[[[[2.084403,41.578047],[2.084141,41.578578],[2.083615,41.578994],[2.083194,41.579162],[2.083089,41.579371],[2.083088,41.579466],[2.083252,41.579515],[2.083786,41.579481],[2.083977,41.579445],[2.084373,41.579267],[2.084579,41.579078],[2.084761,41.578774],[2.085058,41.578424],[2.085175,41.578234],[2.085214,41.57811],[2.08514,41.577986],[2.085103,41.577928],[2.08499,41.577842],[2.084863,41.577812],[2.084622,41.577848],[2.084442,41.577942],[2.084403,41.578047]]]]}},{"type":"Feature","id":"081878_081878 AP14 VOC 4","properties":{"area_id":"081878_081878 AP14 VOC 4","nom":"Can Mimó","codi_icgc":"081878 AP14 VOC 4","categoria":"Àrees de poblament","codi_municipi":"081878","municipi":"Sabadell","codi_comarca":"40","comarca":"Vallès Occidental","provincia":"Barcelona","font":"ICGC Àrees de poblament v3r1 202602"},"geometry":{"type":"MultiPolygon","coordinates":[[[[2.138824,41.551035],[2.138817,41.551033],[2.138822,41.551038],[2.138824,41.551035]]],[[[2.135956,41.555822],[2.136001,41.555777],[2.136007,41.55577],[2.13606,41.555716],[2.136107,41.555665],[2.136155,41.555615],[2.1362,41.555569],[2.136246,41.555523],[2.136305,41.555467],[2.136365,41.555411],[2.136415,41.555364],[2.136464,41.555317],[2.136508,41.555275],[2.136552,41.555233],[2.136579,41.555205],[2.136606,41.555178],[2.136631,41.555152],[2.136655,41.555127],[2.136689,41.555093],[2.136722,41.555059],[2.136752,41.555028],[2.136781,41.554998],[2.136809,41.554975],[2.136839,41.554952],[2.136878,41.554924],[2.136917,41.554899],[2.136958,41.55488],[2.137002,41.55486],[2.137043,41.55484],[2.137083,41.55482],[2.137123,41.5548],[2.137163,41.554776],[2.137197,41.554748],[2.137227,41.554721],[2.137261,41.554693],[2.137282,41.554676],[2.137328,41.55467],[2.137354,41.554664],[2.137381,41.554652],[2.137395,41.554614],[2.1374,41.554576],[2.137409,41.554535],[2.137422,41.554502],[2.13743,41.554454],[2.137429,41.55442],[2.137427,41.55439],[2.137426,41.554354],[2.137424,41.554315],[2.137417,41.554279],[2.137404,41.554244],[2.137384,41.554198],[2.137363,41.554153],[2.137346,41.554118],[2.137332,41.554084],[2.137327,41.554083],[2.1372,41.553883],[2.137155,41.553794],[2.137345,41.553843],[2.137498,41.554026],[2.137533,41.554036],[2.137589,41.553946],[2.137704,41.553691],[2.137757,41.553542],[2.138635,41.553841],[2.138914,41.553402],[2.139092,41.553129],[2.139209,41.552946],[2.139255,41.552857],[2.139171,41.552828],[2.139021,41.552779],[2.138938,41.552759],[2.13885,41.552744],[2.138776,41.552735],[2.138702,41.552734],[2.138621,41.552742],[2.138573,41.552748],[2.138541,41.552752],[2.138546,41.552257],[2.138572,41.552244],[2.138592,41.552219],[2.138602,41.552182],[2.138634,41.552151],[2.138716,41.552045],[2.138825,41.551938],[2.138886,41.551873],[2.138925,41.551832],[2.139013,41.551637],[2.139022,41.5516],[2.139018,41.551556],[2.138995,41.551513],[2.138952,41.551462],[2.138907,41.551415],[2.138835,41.551336],[2.138781,41.551294],[2.138739,41.551269],[2.138708,41.551256],[2.138688,41.551258],[2.13867,41.551275],[2.138654,41.551303],[2.138652,41.551273],[2.138639,41.551244],[2.138614,41.551213],[2.138571,41.551188],[2.138518,41.551166],[2.138468,41.551152],[2.138312,41.551108],[2.138289,41.551101],[2.138256,41.551092],[2.138173,41.551069],[2.138102,41.551049],[2.138043,41.551037],[2.137986,41.551026],[2.137934,41.551013],[2.137883,41.550999],[2.137831,41.550983],[2.137779,41.550966],[2.137723,41.550946],[2.137666,41.550927],[2.137593,41.550904],[2.137519,41.550883],[2.137451,41.550864],[2.137382,41.550847],[2.137329,41.550832],[2.137273,41.550816],[2.137215,41.550807],[2.13715,41.550798],[2.13711,41.550795],[2.137069,41.550794],[2.137028,41.550795],[2.136983,41.550801],[2.136924,41.55082],[2.136894,41.55084],[2.13687,41.550858],[2.13683,41.550892],[2.13679,41.550926],[2.136754,41.550962],[2.136719,41.550997],[2.136683,41.551028],[2.136645,41.551061],[2.136602,41.551101],[2.136561,41.551143],[2.136524,41.551188],[2.136491,41.551234],[2.13646,41.55128],[2.13643,41.551327],[2.136398,41.551381],[2.136366,41.551435],[2.136336,41.551489],[2.136306,41.551545],[2.136279,41.551609],[2.136252,41.55167],[2.136239,41.551694],[2.136225,41.551717],[2.136208,41.551742],[2.136192,41.551767],[2.136172,41.5518],[2.136153,41.551831],[2.136112,41.5519],[2.13607,41.551968],[2.136044,41.552004],[2.136014,41.55204],[2.13599,41.552071],[2.135967,41.552103],[2.135952,41.55213],[2.135942,41.552159],[2.135937,41.552197],[2.135935,41.552233],[2.135934,41.552281],[2.135934,41.552328],[2.135939,41.552404],[2.135947,41.552478],[2.135958,41.552542],[2.135972,41.552606],[2.135976,41.552636],[2.135972,41.552702],[2.135938,41.552752],[2.135951,41.552784],[2.135986,41.552788],[2.136069,41.552797],[2.136109,41.552803],[2.136123,41.552805],[2.136126,41.552805],[2.136151,41.552808],[2.136157,41.552809],[2.136183,41.552811],[2.136185,41.552811],[2.136208,41.552813],[2.136206,41.55282],[2.136201,41.552836],[2.136179,41.552869],[2.136156,41.552907],[2.136134,41.552944],[2.136103,41.552995],[2.136072,41.553048],[2.136043,41.553106],[2.136018,41.553165],[2.136007,41.553198],[2.135999,41.553233],[2.136011,41.553275],[2.136028,41.553306],[2.136046,41.553334],[2.136062,41.553356],[2.136079,41.553378],[2.136104,41.553405],[2.136133,41.55343],[2.136198,41.553477],[2.136265,41.553523],[2.136269,41.553527],[2.13629,41.55355],[2.136311,41.553574],[2.136342,41.553604],[2.136374,41.553633],[2.136396,41.553664],[2.136409,41.553696],[2.136418,41.553741],[2.136427,41.553786],[2.136427,41.553816],[2.136426,41.553859],[2.136421,41.553903],[2.136409,41.553993],[2.13638,41.554099],[2.136372,41.554116],[2.136369,41.554124],[2.136347,41.554182],[2.136326,41.55424],[2.136302,41.554308],[2.136278,41.554375],[2.136256,41.554437],[2.136233,41.554499],[2.136207,41.554562],[2.136176,41.554625],[2.136146,41.554676],[2.136114,41.554727],[2.136078,41.554779],[2.136039,41.55483],[2.13601,41.554865],[2.135979,41.554901],[2.135957,41.554925],[2.135933,41.554948],[2.13591,41.554968],[2.135886,41.554989],[2.135851,41.555019],[2.135817,41.555049],[2.135788,41.555076],[2.135761,41.555105],[2.135722,41.55515],[2.135685,41.555195],[2.135648,41.555244],[2.135611,41.555293],[2.135573,41.555342],[2.135534,41.555392],[2.135502,41.555442],[2.135431,41.555572],[2.135431,41.555572],[2.13542,41.555574],[2.135242,41.555775],[2.135373,41.555842],[2.135399,41.555855],[2.1354,41.555853],[2.13542,41.555824],[2.135433,41.555815],[2.135446,41.555811],[2.135469,41.555811],[2.13549,41.555815],[2.135522,41.555826],[2.135559,41.555841],[2.135567,41.555849],[2.135619,41.555895],[2.135673,41.555942],[2.13569,41.555956],[2.135704,41.555977],[2.135717,41.555999],[2.135738,41.556026],[2.135743,41.556032],[2.135752,41.556038],[2.135765,41.55604],[2.135782,41.556032],[2.135792,41.556023],[2.1358,41.556006],[2.135814,41.555985],[2.135828,41.555965],[2.135853,41.555938],[2.135879,41.555911],[2.135918,41.555866],[2.135956,41.555822]]]]}},{"type":"Feature","id":"081878_081878 AP02 VOC 2","properties":{"area_id":"081878_081878 AP02 VOC 2","nom":"Can Roqueta","codi_icgc":"081878 AP02 VOC 2","categoria":"Àrees de poblament","codi_municipi":"081878","municipi":"Sabadell","codi_comarca":"40","comarca":"Vallès Occidental","provincia":"Barcelona","font":"ICGC Àrees de poblament v3r1 202602"},"geometry":{"type":"MultiPolygon","coordinates":[[[[2.130363,41.537422],[2.128981,41.537374],[2.129114,41.538187],[2.129116,41.538198],[2.129126,41.538321],[2.129544,41.538325],[2.130422,41.53836],[2.13042,41.538339],[2.130363,41.537422]]],[[[2.13117,41.541884],[2.131174,41.541803],[2.131174,41.541803],[2.131242,41.541018],[2.131259,41.54079],[2.131267,41.540686],[2.131268,41.540673],[2.131282,41.540495],[2.131307,41.540155],[2.131321,41.539886],[2.131359,41.539416],[2.131099,41.539402],[2.130369,41.539367],[2.129948,41.539347],[2.12986,41.539916],[2.129852,41.53997],[2.129826,41.540033],[2.129881,41.540039],[2.129868,41.540038],[2.129809,41.540164],[2.129758,41.540291],[2.12972,41.540402],[2.129698,41.540476],[2.129678,41.54055],[2.129649,41.540681],[2.129628,41.540813],[2.129621,41.540881],[2.129613,41.540956],[2.129608,41.541079],[2.12961,41.541212],[2.129619,41.541344],[2.129622,41.541366],[2.129631,41.541441],[2.129636,41.541477],[2.129661,41.541608],[2.129681,41.541693],[2.129707,41.541789],[2.129718,41.541846],[2.129578,41.541831],[2.129588,41.541941],[2.129635,41.541943],[2.129891,41.541954],[2.131,41.542002],[2.131013,41.541995],[2.131146,41.541907],[2.131168,41.541887],[2.13117,41.541884]]]]}},{"type":"Feature","id":"081878_081878 AP06 VOC 3","properties":{"area_id":"081878_081878 AP06 VOC 3","nom":"Castellarnau","codi_icgc":"081878 AP06 VOC 3","categoria":"Àrees de poblament","codi_municipi":"081878","municipi":"Sabadell","codi_comarca":"40","comarca":"Vallès Occidental","provincia":"Barcelona","font":"ICGC Àrees de poblament v3r1 202602"},"geometry":{"type":"MultiPolygon","coordinates":[[[[2.076964,41.556777],[2.076495,41.556308],[2.075346,41.555448],[2.074763,41.554965],[2.074651,41.55488],[2.074163,41.554345],[2.074134,41.554366],[2.074053,41.554426],[2.073891,41.554547],[2.073836,41.554595],[2.07377,41.554665],[2.073713,41.554736],[2.07364,41.554838],[2.073583,41.554929],[2.073572,41.554945],[2.07352,41.555048],[2.073497,41.555102],[2.073478,41.555157],[2.073455,41.555241],[2.073437,41.555325],[2.073434,41.55534],[2.073432,41.555353],[2.07343,41.555367],[2.073428,41.555379],[2.073414,41.555464],[2.073362,41.555777],[2.073386,41.55578],[2.073349,41.556008],[2.073308,41.556236],[2.073275,41.5564],[2.07326,41.556471],[2.07324,41.556542],[2.073211,41.556611],[2.073175,41.556679],[2.073131,41.556744],[2.073082,41.556806],[2.073041,41.55685],[2.072778,41.55709],[2.072753,41.557102],[2.072725,41.55711],[2.072696,41.557111],[2.072671,41.55711],[2.072639,41.557104],[2.072608,41.557095],[2.07259,41.557087],[2.072542,41.557055],[2.07253,41.557047],[2.072472,41.557007],[2.072437,41.55698],[2.072407,41.55695],[2.072391,41.556929],[2.072374,41.556898],[2.072347,41.556827],[2.07233,41.556753],[2.072322,41.556704],[2.072315,41.556637],[2.072309,41.556552],[2.072304,41.556466],[2.072297,41.556408],[2.072281,41.556337],[2.072256,41.556266],[2.072233,41.556219],[2.07218,41.556139],[2.072118,41.556065],[2.072071,41.556018],[2.071992,41.555947],[2.071911,41.555879],[2.071853,41.555836],[2.071797,41.555795],[2.071779,41.555783],[2.071742,41.555756],[2.071711,41.555729],[2.071557,41.555571],[2.071404,41.555412],[2.071403,41.555411],[2.071296,41.55544],[2.071196,41.555467],[2.071125,41.555487],[2.071009,41.555525],[2.07089,41.555563],[2.070781,41.555604],[2.070676,41.555648],[2.070566,41.555696],[2.070456,41.55575],[2.070403,41.555781],[2.070332,41.55583],[2.070267,41.555882],[2.070159,41.555977],[2.070108,41.556028],[2.070058,41.556081],[2.06999,41.55617],[2.069929,41.55626],[2.069821,41.556442],[2.069811,41.556461],[2.069792,41.556508],[2.069771,41.556576],[2.06977,41.556579],[2.069729,41.556906],[2.069726,41.556996],[2.06972,41.55711],[2.069713,41.557177],[2.069692,41.55728],[2.069664,41.557382],[2.06963,41.557478],[2.06961,41.557523],[2.069587,41.557568],[2.069559,41.557615],[2.06951,41.557685],[2.069457,41.557753],[2.069388,41.557832],[2.069315,41.557909],[2.069267,41.557953],[2.069188,41.558018],[2.069104,41.558078],[2.069031,41.558124],[2.068995,41.558144],[2.068957,41.558162],[2.068816,41.558225],[2.068674,41.558289],[2.068586,41.558325],[2.068577,41.558328],[2.068733,41.558535],[2.068782,41.558601],[2.068857,41.558712],[2.068925,41.558826],[2.069006,41.55897],[2.069086,41.559115],[2.06915,41.559234],[2.06921,41.559353],[2.069234,41.559409],[2.069263,41.559497],[2.069288,41.559588],[2.069316,41.559701],[2.069341,41.559814],[2.069382,41.560032],[2.069401,41.560141],[2.06942,41.560251],[2.069433,41.560324],[2.069445,41.560397],[2.069447,41.56043],[2.069445,41.560479],[2.069412,41.560579],[2.06939,41.560651],[2.069368,41.560722],[2.069344,41.560799],[2.06932,41.560876],[2.069296,41.560946],[2.06927,41.561016],[2.069242,41.56109],[2.069213,41.561164],[2.069182,41.56124],[2.069149,41.561317],[2.069123,41.56137],[2.069093,41.561423],[2.069054,41.561488],[2.069015,41.561553],[2.068988,41.561606],[2.068958,41.561659],[2.068898,41.561736],[2.068836,41.561811],[2.068774,41.561892],[2.068712,41.561973],[2.068654,41.562051],[2.068595,41.562129],[2.068555,41.562173],[2.068514,41.562217],[2.068464,41.562274],[2.068415,41.562331],[2.068363,41.562393],[2.06831,41.562454],[2.068247,41.562517],[2.068237,41.562526],[2.06818,41.562577],[2.068136,41.562616],[2.068091,41.562656],[2.068021,41.562712],[2.06795,41.562767],[2.067884,41.562817],[2.06783,41.562859],[2.067654,41.563098],[2.067725,41.563082],[2.067883,41.563047],[2.06793,41.56304],[2.067975,41.563031],[2.068034,41.563021],[2.068093,41.563011],[2.068302,41.562979],[2.068502,41.562946],[2.068668,41.562912],[2.068802,41.562889],[2.068892,41.562869],[2.068904,41.562901],[2.069108,41.563323],[2.069127,41.563371],[2.069582,41.563263],[2.069976,41.563127],[2.070365,41.562983],[2.07037,41.562981],[2.070843,41.562773],[2.070844,41.562773],[2.071048,41.562665],[2.07132,41.562527],[2.071511,41.56243],[2.071515,41.562434],[2.071587,41.562399],[2.071582,41.562394],[2.071584,41.562393],[2.0716,41.562385],[2.071604,41.56239],[2.071712,41.562334],[2.071709,41.562331],[2.071948,41.562212],[2.072295,41.562034],[2.072307,41.562028],[2.072591,41.561871],[2.072668,41.561832],[2.072721,41.56185],[2.072901,41.561742],[2.072999,41.561618],[2.073061,41.561539],[2.073314,41.561267],[2.073337,41.561272],[2.073386,41.561281],[2.073728,41.561307],[2.073798,41.561314],[2.074034,41.561341],[2.074165,41.561264],[2.074231,41.561274],[2.074223,41.561292],[2.074212,41.561318],[2.074202,41.561338],[2.074198,41.561349],[2.074186,41.561378],[2.074167,41.561423],[2.074135,41.561508],[2.074101,41.5616],[2.074067,41.561691],[2.074042,41.56176],[2.074017,41.561829],[2.073995,41.561894],[2.073975,41.56196],[2.07396,41.56202],[2.07395,41.56208],[2.073943,41.562157],[2.07394,41.562233],[2.073939,41.562338],[2.073941,41.562443],[2.073944,41.562527],[2.073945,41.562554],[2.073951,41.562666],[2.07396,41.562765],[2.073972,41.562865],[2.073987,41.562938],[2.07401,41.56301],[2.074039,41.563078],[2.074071,41.563145],[2.074107,41.563217],[2.074148,41.563287],[2.074187,41.563337],[2.074201,41.563355],[2.074264,41.563418],[2.07436,41.563502],[2.074591,41.563645],[2.07468,41.563934],[2.07521,41.563891],[2.075228,41.563986],[2.075739,41.563925],[2.075662,41.563556],[2.075916,41.563521],[2.076379,41.563458],[2.076786,41.563426],[2.076804,41.563348],[2.076809,41.563324],[2.076855,41.563304],[2.076856,41.563301],[2.076852,41.563211],[2.076892,41.563015],[2.076928,41.56284],[2.076939,41.562786],[2.076939,41.562694],[2.076939,41.56266],[2.076969,41.562588],[2.076991,41.562533],[2.076991,41.562527],[2.076978,41.562433],[2.076972,41.562396],[2.077073,41.561961],[2.077183,41.561481],[2.077304,41.56101],[2.077336,41.561007],[2.077369,41.561004],[2.07742,41.560747],[2.077436,41.560654],[2.077414,41.560629],[2.077384,41.560589],[2.07736,41.560545],[2.077344,41.5605],[2.077343,41.560499],[2.077329,41.560475],[2.077308,41.560455],[2.077281,41.560439],[2.07725,41.560428],[2.077247,41.560427],[2.077223,41.560352],[2.077285,41.560276],[2.077354,41.56025],[2.077389,41.56021],[2.077431,41.560141],[2.077485,41.560073],[2.077586,41.56],[2.077608,41.559885],[2.077621,41.559819],[2.077378,41.559858],[2.077201,41.559921],[2.07689,41.560023],[2.076678,41.560102],[2.076604,41.560129],[2.076525,41.560211],[2.076527,41.560216],[2.07653,41.560261],[2.076526,41.560306],[2.076515,41.56035],[2.076496,41.560392],[2.07647,41.560433],[2.076437,41.560481],[2.076354,41.560612],[2.076278,41.560746],[2.076245,41.560804],[2.076229,41.560823],[2.076208,41.560841],[2.076175,41.560861],[2.076129,41.560859],[2.076082,41.560862],[2.076037,41.560871],[2.075994,41.560886],[2.075955,41.560905],[2.075921,41.560926],[2.075911,41.560933],[2.075826,41.56123],[2.075601,41.561218],[2.075536,41.561214],[2.075491,41.561214],[2.075448,41.561222],[2.075414,41.561241],[2.075387,41.56127],[2.075355,41.561314],[2.075302,41.561428],[2.075274,41.561503],[2.075252,41.561559],[2.075245,41.561559],[2.075012,41.561548],[2.074903,41.561543],[2.074769,41.561537],[2.074486,41.561524],[2.074309,41.561511],[2.074282,41.561503],[2.074265,41.561497],[2.074257,41.56149],[2.074251,41.561481],[2.074247,41.561472],[2.074249,41.561461],[2.074276,41.561394],[2.074307,41.56132],[2.074316,41.561299],[2.074328,41.561272],[2.074339,41.561246],[2.07434,41.561245],[2.074371,41.561181],[2.074405,41.561116],[2.074454,41.561028],[2.074503,41.560939],[2.074551,41.56085],[2.074594,41.560759],[2.07463,41.560663],[2.074665,41.560566],[2.074691,41.560491],[2.074707,41.560446],[2.075307,41.560575],[2.075336,41.560577],[2.075366,41.560576],[2.075394,41.560572],[2.075422,41.560564],[2.075448,41.560554],[2.0755,41.560394],[2.075516,41.560396],[2.075515,41.560409],[2.075544,41.560406],[2.075561,41.560403],[2.075601,41.560394],[2.075656,41.560377],[2.075707,41.560354],[2.075754,41.560327],[2.075796,41.560296],[2.075832,41.56026],[2.075862,41.560222],[2.075885,41.56018],[2.075887,41.560174],[2.076184,41.559656],[2.076252,41.559657],[2.076376,41.559658],[2.076377,41.559655],[2.076386,41.559629],[2.076408,41.559598],[2.076526,41.559473],[2.076557,41.559441],[2.076587,41.5594],[2.076608,41.559387],[2.076645,41.559348],[2.076728,41.559257],[2.076729,41.559255],[2.076806,41.559165],[2.076956,41.558976],[2.077052,41.558848],[2.077167,41.558689],[2.077224,41.558625],[2.077362,41.558409],[2.077449,41.558069],[2.077458,41.557826],[2.077471,41.557581],[2.077424,41.557347],[2.077348,41.557118],[2.077252,41.556926],[2.077192,41.556847],[2.076964,41.556777]]]]}},{"type":"Feature","id":"081878_081878 SI04 VOC 2","properties":{"area_id":"081878_081878 SI04 VOC 2","nom":"Parc industrial Riu Ripoll","codi_icgc":"081878 SI04 VOC 2","categoria":"Sector industrial","codi_municipi":"081878","municipi":"Sabadell","codi_comarca":"40","comarca":"Vallès Occidental","provincia":"Barcelona","font":"ICGC Àrees de poblament v3r1 202602"},"geometry":{"type":"MultiPolygon","coordinates":[[[[2.124235,41.542027],[2.124571,41.541617],[2.124775,41.541642],[2.125302,41.54126],[2.125592,41.541187],[2.125906,41.54102],[2.126372,41.540773],[2.126556,41.540417],[2.126579,41.540243],[2.126394,41.540206],[2.124098,41.54003],[2.124088,41.540029],[2.123998,41.540432],[2.123628,41.540381],[2.123478,41.540537],[2.123377,41.540732],[2.123371,41.540735],[2.123362,41.540742],[2.123356,41.540748],[2.123348,41.540758],[2.123336,41.540785],[2.123318,41.540835],[2.123303,41.540894],[2.123275,41.541006],[2.123256,41.54108],[2.123237,41.541154],[2.123221,41.541214],[2.123206,41.541275],[2.123189,41.541353],[2.123172,41.54143],[2.123156,41.541506],[2.12314,41.541581],[2.123126,41.541661],[2.12312,41.541693],[2.123111,41.54174],[2.12309,41.541837],[2.123069,41.541934],[2.123051,41.542015],[2.123034,41.542096],[2.123021,41.542163],[2.123006,41.542231],[2.123,41.542273],[2.122995,41.542324],[2.122994,41.542349],[2.122997,41.542374],[2.123004,41.542404],[2.123013,41.542433],[2.123027,41.542465],[2.123042,41.54249],[2.123122,41.542596],[2.123174,41.54266],[2.123204,41.542691],[2.123253,41.542735],[2.1233,41.54278],[2.123356,41.542842],[2.123414,41.542903],[2.123652,41.543223],[2.123784,41.543425],[2.123801,41.543509],[2.123847,41.543733],[2.123653,41.54494],[2.123545,41.545607],[2.123779,41.545496],[2.124112,41.545159],[2.124188,41.545057],[2.124351,41.544835],[2.124354,41.54483],[2.124368,41.544806],[2.124409,41.544734],[2.124398,41.544733],[2.124329,41.54472],[2.123983,41.54466],[2.124035,41.544053],[2.124042,41.543979],[2.124028,41.543901],[2.123944,41.543417],[2.123985,41.542802],[2.124235,41.542027]]],[[[2.126198,41.5477],[2.126796,41.54718],[2.126514,41.547054],[2.126021,41.546696],[2.126193,41.545933],[2.126424,41.545076],[2.1264,41.544712],[2.12629,41.544425],[2.126339,41.544268],[2.126553,41.543955],[2.126459,41.543854],[2.126318,41.543746],[2.127091,41.542844],[2.127062,41.542728],[2.127076,41.542694],[2.127076,41.542676],[2.127071,41.542661],[2.127061,41.542645],[2.127044,41.542627],[2.127034,41.542615],[2.127013,41.542599],[2.126995,41.542587],[2.126968,41.542574],[2.126936,41.542564],[2.126914,41.54256],[2.126892,41.542556],[2.12686,41.542554],[2.126878,41.542546],[2.126893,41.542539],[2.126955,41.54252],[2.126955,41.54252],[2.126996,41.542507],[2.127018,41.5425],[2.127065,41.542484],[2.127129,41.542467],[2.127197,41.542437],[2.127256,41.542409],[2.127327,41.542367],[2.12743,41.542282],[2.127523,41.542207],[2.127585,41.542167],[2.127684,41.542114],[2.127768,41.542073],[2.127844,41.542044],[2.127944,41.541993],[2.128042,41.541942],[2.128054,41.541937],[2.128157,41.541894],[2.12826,41.541851],[2.128294,41.541836],[2.128342,41.54181],[2.128389,41.541781],[2.128406,41.541764],[2.128418,41.541744],[2.128425,41.541723],[2.128425,41.541702],[2.128424,41.541698],[2.128422,41.541693],[2.128417,41.54168],[2.128403,41.54166],[2.128382,41.541638],[2.128362,41.541617],[2.128349,41.541604],[2.128337,41.54159],[2.128322,41.541559],[2.128315,41.541541],[2.128307,41.54151],[2.128299,41.541464],[2.128288,41.54133],[2.12828,41.541243],[2.128271,41.541157],[2.128268,41.541085],[2.128274,41.540978],[2.128288,41.54087],[2.128314,41.540721],[2.128345,41.540573],[2.128375,41.540457],[2.128391,41.540393],[2.127917,41.540196],[2.127736,41.54025],[2.127293,41.540816],[2.126936,41.541284],[2.126551,41.541858],[2.126318,41.542318],[2.125333,41.544258],[2.124846,41.545217],[2.124765,41.545349],[2.124649,41.545539],[2.124421,41.545823],[2.124377,41.545878],[2.124286,41.545939],[2.12408,41.546076],[2.124058,41.546091],[2.123751,41.546235],[2.123652,41.546281],[2.123592,41.546298],[2.123713,41.546571],[2.123775,41.546709],[2.123448,41.546969],[2.123453,41.547031],[2.123548,41.547098],[2.123989,41.54734],[2.124039,41.54736],[2.124084,41.547331],[2.124155,41.547251],[2.124263,41.547252],[2.124642,41.547336],[2.124749,41.547417],[2.125137,41.547368],[2.125479,41.547409],[2.125838,41.54755],[2.126198,41.5477]]],[[[2.121425,41.545902],[2.122719,41.545412],[2.122921,41.545528],[2.12292,41.54559],[2.123077,41.54571],[2.123086,41.545779],[2.123107,41.545772],[2.12345,41.545651],[2.123459,41.545648],[2.12374,41.543875],[2.123743,41.543678],[2.123744,41.543603],[2.123715,41.543556],[2.123698,41.543528],[2.12352,41.543235],[2.123491,41.543186],[2.123474,41.543158],[2.123464,41.543146],[2.123456,41.543148],[2.123459,41.543151],[2.123458,41.543151],[2.123375,41.543195],[2.123314,41.543241],[2.123248,41.5433],[2.123203,41.543347],[2.123152,41.543406],[2.123112,41.543461],[2.123069,41.543524],[2.123039,41.54358],[2.123022,41.543625],[2.123008,41.54367],[2.122996,41.543718],[2.12299,41.543761],[2.122972,41.543819],[2.122957,41.54387],[2.122922,41.543949],[2.122907,41.543994],[2.122892,41.544038],[2.12287,41.544088],[2.122844,41.544137],[2.122808,41.544195],[2.12277,41.544252],[2.122732,41.544305],[2.122694,41.544358],[2.12266,41.544402],[2.122622,41.544443],[2.122583,41.544479],[2.122538,41.544512],[2.122497,41.544539],[2.122455,41.544568],[2.122422,41.544592],[2.121319,41.545154],[2.120663,41.545814],[2.119779,41.546105],[2.119736,41.546111],[2.119417,41.546154],[2.119023,41.546231],[2.118559,41.546242],[2.118316,41.546741],[2.118182,41.547018],[2.118254,41.547105],[2.118415,41.547296],[2.118529,41.547432],[2.118624,41.547727],[2.118593,41.54781],[2.118656,41.547936],[2.118752,41.547908],[2.119481,41.547451],[2.119816,41.54711],[2.120272,41.546661],[2.120319,41.546523],[2.120118,41.546326],[2.121081,41.545947],[2.121425,41.545902]]],[[[2.123321,41.546443],[2.123332,41.546372],[2.122506,41.546605],[2.122307,41.546661],[2.121849,41.546849],[2.121239,41.547341],[2.120664,41.547894],[2.120659,41.547902],[2.120641,41.547927],[2.120391,41.548285],[2.120332,41.548693],[2.120316,41.5488],[2.120288,41.548999],[2.12055,41.549974],[2.12055,41.549976],[2.120572,41.549954],[2.120833,41.549684],[2.120976,41.549536],[2.121164,41.549375],[2.122569,41.54818],[2.122939,41.547762],[2.122978,41.547718],[2.122981,41.547711],[2.123006,41.547663],[2.123097,41.547486],[2.12315,41.547359],[2.123162,41.54733],[2.123164,41.547326],[2.123166,41.547319],[2.123219,41.547089],[2.123281,41.546707],[2.123321,41.546443]]],[[[2.11697,41.555258],[2.11702,41.555204],[2.117064,41.555224],[2.117115,41.555177],[2.117148,41.555158],[2.117188,41.555167],[2.117449,41.555231],[2.117505,41.555242],[2.117544,41.55524],[2.117586,41.555223],[2.117633,41.555182],[2.117731,41.555042],[2.117768,41.554978],[2.117782,41.554982],[2.11785,41.554905],[2.117918,41.554838],[2.117939,41.554748],[2.117897,41.554655],[2.117816,41.554633],[2.117826,41.554613],[2.117834,41.554598],[2.117845,41.554588],[2.117862,41.554578],[2.117888,41.554561],[2.117913,41.554542],[2.117947,41.554514],[2.117979,41.554485],[2.118011,41.554453],[2.118039,41.554419],[2.118059,41.554388],[2.118075,41.554356],[2.118096,41.554306],[2.118117,41.554256],[2.11814,41.554205],[2.118164,41.554153],[2.118187,41.554112],[2.118217,41.554072],[2.118255,41.554038],[2.118297,41.554008],[2.118339,41.55398],[2.118381,41.553951],[2.118425,41.55392],[2.118467,41.553888],[2.118493,41.553855],[2.118513,41.553819],[2.118533,41.553781],[2.118549,41.553741],[2.118558,41.553687],[2.118559,41.553633],[2.118555,41.553588],[2.118499,41.553498],[2.118535,41.553462],[2.11862,41.553377],[2.118636,41.553412],[2.11894,41.553281],[2.118727,41.553029],[2.118987,41.552393],[2.119252,41.552491],[2.119468,41.552332],[2.119551,41.552469],[2.119736,41.552486],[2.119754,41.552331],[2.119723,41.552218],[2.119367,41.551608],[2.119376,41.551232],[2.119412,41.551173],[2.119412,41.551172],[2.119422,41.551155],[2.11951,41.551009],[2.119564,41.550816],[2.119382,41.550795],[2.119427,41.550611],[2.119555,41.550568],[2.119652,41.550436],[2.11967,41.550266],[2.119727,41.550033],[2.119798,41.550027],[2.119858,41.550022],[2.119566,41.548945],[2.119483,41.548959],[2.119392,41.548975],[2.119319,41.548944],[2.11914,41.548925],[2.119078,41.548923],[2.118866,41.548986],[2.118547,41.549096],[2.118196,41.54923],[2.118072,41.549301],[2.118063,41.549311],[2.11794,41.549462],[2.117803,41.54963],[2.117728,41.549746],[2.117722,41.549771],[2.117708,41.549838],[2.117711,41.549926],[2.117721,41.550024],[2.11773,41.550037],[2.11773,41.550057],[2.117731,41.550104],[2.117733,41.550154],[2.117736,41.550289],[2.117737,41.550334],[2.117718,41.550384],[2.117714,41.550394],[2.117694,41.550464],[2.117688,41.550516],[2.117692,41.550582],[2.117697,41.550644],[2.117696,41.550707],[2.11769,41.550772],[2.117682,41.550838],[2.117673,41.550903],[2.117664,41.550961],[2.117653,41.551018],[2.117636,41.551074],[2.117623,41.551105],[2.117611,41.55113],[2.117582,41.551185],[2.117551,41.551239],[2.117519,41.551291],[2.117483,41.55134],[2.117438,41.551389],[2.117398,41.551429],[2.117392,41.551453],[2.117291,41.55153],[2.117257,41.551556],[2.116669,41.552003],[2.116602,41.552048],[2.116585,41.552068],[2.11624,41.552467],[2.116181,41.552624],[2.116176,41.552643],[2.116169,41.552698],[2.116171,41.55296],[2.116181,41.553022],[2.116193,41.553082],[2.116208,41.553151],[2.116208,41.553154],[2.116224,41.553219],[2.116227,41.553229],[2.116266,41.553412],[2.116304,41.553723],[2.11632,41.553799],[2.116326,41.553831],[2.116329,41.553854],[2.11633,41.55387],[2.116245,41.553869],[2.116231,41.553869],[2.116219,41.553869],[2.116116,41.553769],[2.116055,41.553572],[2.115927,41.553625],[2.115625,41.553802],[2.115295,41.554081],[2.115276,41.554215],[2.115272,41.554242],[2.11528,41.554255],[2.115286,41.554265],[2.115536,41.554697],[2.116016,41.555269],[2.11618,41.555465],[2.116271,41.555573],[2.116579,41.555448],[2.116915,41.555293],[2.11697,41.555258]]],[[[2.112932,41.559662],[2.113197,41.558996],[2.113474,41.558503],[2.113929,41.558132],[2.114704,41.557284],[2.115116,41.557006],[2.115638,41.556911],[2.115904,41.556715],[2.116044,41.556612],[2.116157,41.556549],[2.116494,41.556362],[2.116715,41.556239],[2.116722,41.556235],[2.116221,41.555626],[2.116073,41.555447],[2.116006,41.555365],[2.115617,41.555605],[2.115575,41.555631],[2.115548,41.555648],[2.115492,41.555682],[2.115478,41.555745],[2.115453,41.555854],[2.115386,41.555941],[2.115103,41.556168],[2.114749,41.556452],[2.114726,41.556542],[2.114765,41.556613],[2.114855,41.556774],[2.114819,41.556948],[2.114722,41.557046],[2.114491,41.557205],[2.114257,41.557367],[2.114082,41.557525],[2.11402,41.557581],[2.113314,41.55793],[2.113005,41.558082],[2.112895,41.558136],[2.112886,41.558141],[2.112714,41.558226],[2.112676,41.558245],[2.112358,41.558476],[2.112344,41.558492],[2.112256,41.558594],[2.112211,41.558647],[2.112154,41.558712],[2.112154,41.558712],[2.112026,41.558803],[2.111889,41.5589],[2.111818,41.558951],[2.111489,41.559117],[2.111203,41.559167],[2.111086,41.559167],[2.11107,41.559166],[2.111132,41.559209],[2.111318,41.559336],[2.111328,41.559343],[2.111691,41.559578],[2.112304,41.559869],[2.112665,41.559872],[2.112932,41.559662]]],[[[2.108208,41.567547],[2.108252,41.567518],[2.108321,41.567564],[2.108351,41.567583],[2.108366,41.567554],[2.108399,41.5675],[2.108437,41.567447],[2.108506,41.567365],[2.108581,41.567286],[2.108679,41.567192],[2.108777,41.567098],[2.108867,41.567013],[2.108956,41.566928],[2.109077,41.566807],[2.109197,41.566687],[2.109272,41.566615],[2.109347,41.566544],[2.109408,41.566487],[2.109475,41.566434],[2.109528,41.566396],[2.109562,41.56637],[2.10961,41.566331],[2.109581,41.566298],[2.109549,41.566261],[2.109511,41.566217],[2.109372,41.566066],[2.109337,41.566042],[2.109201,41.565949],[2.1092,41.56595],[2.109183,41.565938],[2.109065,41.565994],[2.108876,41.566091],[2.108534,41.566267],[2.108173,41.566447],[2.108103,41.566483],[2.107874,41.566601],[2.107405,41.566849],[2.107162,41.567021],[2.107175,41.567037],[2.107601,41.567516],[2.107754,41.567438],[2.108054,41.567732],[2.108122,41.567661],[2.108208,41.567547]]],[[[2.09784,41.56877],[2.097833,41.568768],[2.097759,41.568776],[2.09764,41.568821],[2.097553,41.568855],[2.097465,41.568936],[2.097187,41.569221],[2.096907,41.569499],[2.096526,41.569871],[2.096164,41.570166],[2.095896,41.570342],[2.095291,41.570732],[2.094973,41.570954],[2.094679,41.571152],[2.094491,41.571311],[2.094286,41.571551],[2.093975,41.571942],[2.094642,41.572359],[2.094662,41.572372],[2.094895,41.572155],[2.097025,41.570175],[2.098291,41.569031],[2.09784,41.56877]]],[[[2.098341,41.570012],[2.09835,41.569947],[2.098471,41.569956],[2.098497,41.569958],[2.098893,41.569801],[2.098983,41.569773],[2.099017,41.569768],[2.099044,41.569777],[2.099092,41.569807],[2.099198,41.569948],[2.099215,41.569995],[2.099189,41.570104],[2.099159,41.570169],[2.099156,41.570189],[2.099147,41.570208],[2.099216,41.570222],[2.099286,41.570234],[2.099295,41.570236],[2.099307,41.570244],[2.099316,41.570255],[2.099337,41.570293],[2.099357,41.570351],[2.09937,41.570409],[2.099376,41.57043],[2.099376,41.570439],[2.099372,41.570447],[2.099353,41.570458],[2.099315,41.570471],[2.099297,41.570478],[2.09928,41.570485],[2.099265,41.570492],[2.099249,41.570499],[2.099264,41.570516],[2.099492,41.570868],[2.099506,41.570898],[2.099503,41.570924],[2.099483,41.570944],[2.099437,41.570972],[2.099299,41.571039],[2.099542,41.571396],[2.099609,41.571494],[2.099638,41.571522],[2.099761,41.57156],[2.099899,41.571484],[2.100592,41.571104],[2.100755,41.571011],[2.100915,41.570916],[2.101001,41.570859],[2.101007,41.570854],[2.101081,41.570797],[2.101133,41.57075],[2.101178,41.570699],[2.101204,41.570665],[2.101269,41.570458],[2.10131,41.570303],[2.101359,41.570288],[2.101539,41.570148],[2.101737,41.570146],[2.101904,41.570143],[2.102114,41.57005],[2.102401,41.569788],[2.10283,41.569492],[2.102897,41.569428],[2.102955,41.569146],[2.100789,41.568331],[2.100553,41.568311],[2.100202,41.56834],[2.099752,41.568535],[2.099253,41.568817],[2.099033,41.569082],[2.098911,41.569265],[2.098808,41.569366],[2.098662,41.569283],[2.098399,41.569187],[2.097451,41.570032],[2.097304,41.570164],[2.097304,41.570164],[2.097289,41.570177],[2.096966,41.57048],[2.096463,41.570952],[2.095424,41.571927],[2.095424,41.571927],[2.095181,41.572155],[2.09483,41.572484],[2.096043,41.573125],[2.097976,41.572133],[2.097702,41.57173],[2.098646,41.571357],[2.099173,41.5711],[2.099167,41.571092],[2.098904,41.570708],[2.098434,41.570038],[2.098415,41.57002],[2.098361,41.570012],[2.098341,41.570012]]],[[[2.09076,41.577722],[2.091174,41.577543],[2.091719,41.577164],[2.09204,41.576851],[2.092338,41.576506],[2.091559,41.575889],[2.091403,41.575765],[2.091252,41.575928],[2.091222,41.57596],[2.091203,41.576029],[2.091097,41.576408],[2.091094,41.576413],[2.091021,41.576555],[2.091016,41.576565],[2.090968,41.57666],[2.09093,41.576734],[2.090925,41.576742],[2.090916,41.57676],[2.09061,41.577008],[2.09056,41.577022],[2.090545,41.577027],[2.090312,41.577095],[2.090273,41.577128],[2.090262,41.577136],[2.090219,41.577172],[2.090117,41.577151],[2.089779,41.577244],[2.089758,41.577211],[2.089747,41.577193],[2.089732,41.577167],[2.089593,41.577218],[2.089517,41.577246],[2.089417,41.577231],[2.089307,41.577156],[2.088827,41.577095],[2.088766,41.577095],[2.0885,41.577094],[2.088445,41.577135],[2.088401,41.577348],[2.088207,41.577537],[2.087974,41.57765],[2.087992,41.577671],[2.088252,41.577986],[2.088455,41.577757],[2.089313,41.577727],[2.089646,41.577586],[2.089744,41.57767],[2.089732,41.577682],[2.089457,41.577949],[2.089478,41.577978],[2.089583,41.578129],[2.09076,41.577722]]],[[[2.091811,41.57869],[2.091556,41.578641],[2.091416,41.578659],[2.091327,41.578696],[2.09111,41.578809],[2.090817,41.578864],[2.090675,41.579015],[2.090572,41.579148],[2.090327,41.579356],[2.090136,41.579449],[2.089884,41.579622],[2.08955,41.579625],[2.089256,41.579704],[2.089178,41.579752],[2.089155,41.579767],[2.089106,41.579798],[2.088821,41.580086],[2.08864,41.580221],[2.088221,41.580424],[2.088065,41.5805],[2.08779,41.58068],[2.087744,41.580696],[2.087386,41.580825],[2.087746,41.581084],[2.087779,41.581194],[2.087787,41.581222],[2.087723,41.581446],[2.087713,41.581468],[2.087582,41.58173],[2.087787,41.581944],[2.088107,41.581927],[2.089337,41.581193],[2.089263,41.581044],[2.090595,41.580225],[2.09094,41.580031],[2.090942,41.579999],[2.091126,41.57973],[2.091993,41.578843],[2.091811,41.57869]]]]}},{"type":"Feature","id":"081878_081878 SI07 VOC 2","properties":{"area_id":"081878_081878 SI07 VOC 2","nom":"Polígon empresarial Sant Pau de Riu-sec","codi_icgc":"081878 SI07 VOC 2","categoria":"Sector industrial","codi_municipi":"081878","municipi":"Sabadell","codi_comarca":"40","comarca":"Vallès Occidental","provincia":"Barcelona","font":"ICGC Àrees de poblament v3r1 202602"},"geometry":{"type":"MultiPolygon","coordinates":[[[[2.109503,41.511093],[2.109206,41.511021],[2.109277,41.512628],[2.109357,41.513786],[2.109273,41.51432],[2.109174,41.514633],[2.109969,41.514935],[2.110541,41.515264],[2.111482,41.516038],[2.111718,41.515916],[2.11189,41.51444],[2.111883,41.514087],[2.111793,41.513706],[2.111782,41.51366],[2.111707,41.513461],[2.109503,41.511093]]],[[[2.103809,41.513656],[2.103832,41.514509],[2.103982,41.514649],[2.104062,41.514816],[2.104084,41.515027],[2.104064,41.515927],[2.103872,41.516045],[2.103561,41.516203],[2.103306,41.516267],[2.10314,41.516236],[2.102701,41.515928],[2.10184,41.515249],[2.101034,41.515786],[2.100924,41.515825],[2.100781,41.515816],[2.100569,41.515661],[2.100409,41.515535],[2.100256,41.515717],[2.100063,41.515944],[2.100032,41.516094],[2.100054,41.516212],[2.100045,41.516291],[2.099988,41.51638],[2.099858,41.516612],[2.099776,41.516967],[2.099632,41.517627],[2.099543,41.518128],[2.099568,41.518148],[2.099531,41.518337],[2.099466,41.518336],[2.099436,41.518446],[2.099419,41.518472],[2.099492,41.518528],[2.099463,41.51871],[2.099455,41.518829],[2.099511,41.518944],[2.100494,41.518952],[2.100621,41.518915],[2.100703,41.518579],[2.100912,41.518603],[2.101012,41.518199],[2.100856,41.51818],[2.100866,41.518134],[2.100902,41.51793],[2.101527,41.51746],[2.101567,41.517479],[2.10223,41.51799],[2.102504,41.518207],[2.102606,41.518276],[2.102713,41.518304],[2.102816,41.51829],[2.102984,41.518186],[2.104166,41.517534],[2.104989,41.51707],[2.105829,41.516538],[2.106868,41.515865],[2.107088,41.515709],[2.10728,41.515535],[2.107377,41.515434],[2.107458,41.515322],[2.107591,41.515126],[2.107676,41.515033],[2.107835,41.514975],[2.107971,41.514895],[2.10806,41.514798],[2.108089,41.514688],[2.108087,41.514554],[2.108089,41.514466],[2.108123,41.514384],[2.108194,41.514317],[2.108321,41.514215],[2.108392,41.514137],[2.108453,41.514082],[2.108506,41.514023],[2.108553,41.513961],[2.108593,41.513896],[2.108624,41.513828],[2.108648,41.513759],[2.108655,41.51348],[2.108479,41.511425],[2.108442,41.51112],[2.108338,41.510281],[2.108328,41.51022],[2.108283,41.509946],[2.10824,41.509664],[2.108206,41.509446],[2.108174,41.509404],[2.108133,41.509366],[2.108086,41.509333],[2.108032,41.509305],[2.107974,41.509284],[2.107912,41.50927],[2.107848,41.509262],[2.107783,41.509262],[2.107503,41.509257],[2.106768,41.509303],[2.106378,41.509467],[2.105523,41.509913],[2.104739,41.510425],[2.104523,41.510614],[2.104458,41.510745],[2.104476,41.510972],[2.104447,41.511228],[2.104428,41.511566],[2.104459,41.512049],[2.104548,41.513061],[2.104216,41.513078],[2.103809,41.513656]]]]}},{"type":"Feature","id":"081878_081878 SI01 VOC 2","properties":{"area_id":"081878_081878 SI01 VOC 2","nom":"Polígon industrial Can Feu","codi_icgc":"081878 SI01 VOC 2","categoria":"Sector industrial","codi_municipi":"081878","municipi":"Sabadell","codi_comarca":"40","comarca":"Vallès Occidental","provincia":"Barcelona","font":"ICGC Àrees de poblament v3r1 202602"},"geometry":{"type":"MultiPolygon","coordinates":[[[[2.097877,41.541818],[2.097833,41.541783],[2.097389,41.541515],[2.096852,41.541157],[2.096607,41.540945],[2.096443,41.540771],[2.096123,41.540432],[2.095139,41.53939],[2.095086,41.539485],[2.094856,41.53994],[2.094797,41.540046],[2.09461,41.540383],[2.094509,41.54067],[2.094506,41.540678],[2.094505,41.540678],[2.094253,41.5406],[2.094169,41.540577],[2.094146,41.540538],[2.093513,41.540351],[2.092881,41.540162],[2.092775,41.540187],[2.092745,41.540235],[2.092705,41.54031],[2.092685,41.540349],[2.092663,41.540397],[2.092155,41.541241],[2.091949,41.541601],[2.091775,41.542136],[2.091709,41.542443],[2.09199,41.544063],[2.092014,41.544128],[2.092103,41.54418],[2.092124,41.544178],[2.092323,41.544331],[2.092324,41.544334],[2.092305,41.544356],[2.092326,41.54453],[2.092398,41.544974],[2.092425,41.545121],[2.092461,41.545143],[2.092464,41.545162],[2.092321,41.545323],[2.092311,41.545324],[2.09224,41.545383],[2.092276,41.545625],[2.092295,41.545679],[2.092314,41.545811],[2.092363,41.546296],[2.092417,41.546307],[2.092483,41.546338],[2.093838,41.545973],[2.093912,41.545955],[2.094036,41.54592],[2.094101,41.545902],[2.094473,41.545797],[2.094521,41.546244],[2.094705,41.547371],[2.094882,41.548298],[2.095739,41.548276],[2.09672,41.548252],[2.097634,41.548231],[2.097704,41.548244],[2.098645,41.548421],[2.098993,41.547283],[2.099132,41.546866],[2.099386,41.54611],[2.09981,41.544684],[2.099808,41.544665],[2.09963,41.544303],[2.099579,41.544199],[2.099742,41.543292],[2.100018,41.5427],[2.099148,41.542501],[2.098673,41.542354],[2.09864,41.542287],[2.097822,41.542091],[2.09793,41.541859],[2.097877,41.541818]]]]}},{"type":"Feature","id":"081878_081878 SI05 VOC 2","properties":{"area_id":"081878_081878 SI05 VOC 2","nom":"Polígon industrial Can Roqueta","codi_icgc":"081878 SI05 VOC 2","categoria":"Sector industrial","codi_municipi":"081878","municipi":"Sabadell","codi_comarca":"40","comarca":"Vallès Occidental","provincia":"Barcelona","font":"ICGC Àrees de poblament v3r1 202602"},"geometry":{"type":"MultiPolygon","coordinates":[[[[2.133417,41.534714],[2.133408,41.534721],[2.133152,41.534706],[2.132969,41.534698],[2.133007,41.534342],[2.133051,41.533899],[2.132808,41.533894],[2.132084,41.534346],[2.132084,41.534375],[2.131794,41.534354],[2.131757,41.534236],[2.131683,41.533972],[2.131425,41.533534],[2.129534,41.533366],[2.129037,41.533335],[2.129028,41.533411],[2.129022,41.533626],[2.129,41.53433],[2.128995,41.534486],[2.128905,41.534552],[2.12886,41.534634],[2.128841,41.53467],[2.128827,41.534695],[2.128825,41.534718],[2.128805,41.534939],[2.128722,41.535876],[2.128746,41.536],[2.129315,41.536893],[2.129344,41.536917],[2.129633,41.537151],[2.129644,41.53716],[2.131165,41.537258],[2.131761,41.537291],[2.131425,41.541521],[2.131365,41.542197],[2.131023,41.542175],[2.130604,41.542172],[2.130173,41.542169],[2.129982,41.542234],[2.129904,41.542358],[2.129574,41.542337],[2.129247,41.542319],[2.128811,41.542479],[2.128675,41.543834],[2.128898,41.544004],[2.129451,41.544082],[2.129751,41.544266],[2.130134,41.544304],[2.131044,41.544356],[2.131871,41.544434],[2.133108,41.544443],[2.133252,41.544323],[2.134434,41.542802],[2.134618,41.542574],[2.13495,41.542655],[2.136552,41.542558],[2.136791,41.542296],[2.138254,41.540429],[2.138339,41.540321],[2.138431,41.540203],[2.138567,41.540029],[2.139027,41.539443],[2.13922,41.539196],[2.13935,41.53903],[2.139344,41.537643],[2.139374,41.537632],[2.139497,41.537575],[2.13983,41.537148],[2.139862,41.537104],[2.139889,41.537055],[2.139911,41.537004],[2.139926,41.536952],[2.139936,41.536899],[2.139939,41.536845],[2.139936,41.536792],[2.139926,41.536739],[2.139911,41.536687],[2.139889,41.536636],[2.139861,41.536587],[2.139828,41.536539],[2.139789,41.536495],[2.139745,41.536452],[2.139697,41.536414],[2.139644,41.536378],[2.139586,41.536346],[2.139526,41.536318],[2.139462,41.536294],[2.139396,41.536275],[2.139328,41.53626],[2.139258,41.536249],[2.139187,41.536243],[2.139116,41.536242],[2.139045,41.536246],[2.138975,41.536254],[2.138906,41.536267],[2.138839,41.536285],[2.138774,41.536307],[2.138712,41.536333],[2.138654,41.536363],[2.138599,41.536397],[2.138548,41.536434],[2.138502,41.536475],[2.138456,41.536523],[2.137703,41.537479],[2.137499,41.53764],[2.137491,41.53765],[2.136838,41.537586],[2.135604,41.537538],[2.135605,41.537468],[2.13561,41.537134],[2.135644,41.536754],[2.135681,41.536336],[2.135716,41.535943],[2.135431,41.535617],[2.135055,41.53518],[2.135053,41.535178],[2.134855,41.534951],[2.134719,41.534797],[2.134696,41.53477],[2.134517,41.534582],[2.134263,41.534369],[2.133897,41.534345],[2.133846,41.534733],[2.133417,41.534714]]]]}},{"type":"Feature","id":"081878_081878 SI02 VOC 2","properties":{"area_id":"081878_081878 SI02 VOC 2","nom":"Polígon industrial Gràcia Nord","codi_icgc":"081878 SI02 VOC 2","categoria":"Sector industrial","codi_municipi":"081878","municipi":"Sabadell","codi_comarca":"40","comarca":"Vallès Occidental","provincia":"Barcelona","font":"ICGC Àrees de poblament v3r1 202602"},"geometry":{"type":"MultiPolygon","coordinates":[[[[2.101056,41.537427],[2.1011,41.537335],[2.101334,41.537426],[2.103307,41.537957],[2.103429,41.537989],[2.104403,41.538252],[2.104409,41.538253],[2.104479,41.5381],[2.104479,41.5381],[2.10482,41.537409],[2.104032,41.53719],[2.103945,41.537166],[2.103837,41.537135],[2.103946,41.536906],[2.104262,41.536248],[2.104278,41.536211],[2.104348,41.536055],[2.104564,41.535576],[2.104565,41.535572],[2.104263,41.534683],[2.104209,41.534524],[2.103905,41.533862],[2.10377,41.533522],[2.103034,41.533319],[2.102178,41.533084],[2.102058,41.533061],[2.102032,41.533056],[2.100092,41.533318],[2.09988,41.533376],[2.099547,41.533466],[2.09885,41.534099],[2.098196,41.534618],[2.09804,41.534742],[2.097726,41.534998],[2.097184,41.535439],[2.096839,41.535712],[2.096838,41.535742],[2.09657,41.535976],[2.096514,41.535977],[2.096363,41.536085],[2.096401,41.536124],[2.096275,41.536235],[2.096242,41.536342],[2.096205,41.536465],[2.096145,41.536667],[2.096265,41.536898],[2.096573,41.537507],[2.096654,41.537667],[2.096736,41.53783],[2.096788,41.537933],[2.096856,41.538068],[2.097065,41.538481],[2.097246,41.538844],[2.097666,41.539668],[2.097875,41.540144],[2.098178,41.54074],[2.098262,41.540906],[2.098383,41.541132],[2.099163,41.541351],[2.099722,41.540189],[2.100068,41.539469],[2.100422,41.538733],[2.100739,41.538084],[2.100804,41.537952],[2.101056,41.537427]]]]}},{"type":"Feature","id":"081878_081878 SI03 VOC 2","properties":{"area_id":"081878_081878 SI03 VOC 2","nom":"Polígon industrial Gràcia Sud","codi_icgc":"081878 SI03 VOC 2","categoria":"Sector industrial","codi_municipi":"081878","municipi":"Sabadell","codi_comarca":"40","comarca":"Vallès Occidental","provincia":"Barcelona","font":"ICGC Àrees de poblament v3r1 202602"},"geometry":{"type":"MultiPolygon","coordinates":[[[[2.105821,41.527806],[2.106891,41.528079],[2.10643,41.529066],[2.106018,41.529839],[2.105305,41.529644],[2.105257,41.529649],[2.104889,41.530372],[2.104954,41.53039],[2.104394,41.531561],[2.104332,41.531814],[2.104266,41.531915],[2.104181,41.532356],[2.104262,41.532848],[2.104331,41.533527],[2.104403,41.533909],[2.104559,41.534412],[2.104606,41.534541],[2.105228,41.534702],[2.105953,41.534894],[2.106217,41.53497],[2.107017,41.53519],[2.107333,41.535274],[2.10811,41.535486],[2.108537,41.535601],[2.109405,41.535839],[2.109521,41.535878],[2.109636,41.535909],[2.110121,41.536049],[2.110132,41.536041],[2.11035,41.535808],[2.110607,41.535546],[2.110669,41.535425],[2.110798,41.53537],[2.111227,41.534904],[2.111778,41.534379],[2.111884,41.534258],[2.112132,41.533856],[2.112354,41.533651],[2.113178,41.532811],[2.113251,41.532686],[2.113242,41.532683],[2.112801,41.532559],[2.112508,41.532473],[2.112602,41.532258],[2.112845,41.531747],[2.11293,41.531571],[2.113145,41.531099],[2.113173,41.531047],[2.113171,41.531043],[2.113106,41.530892],[2.113068,41.530882],[2.112121,41.530627],[2.111855,41.530548],[2.111133,41.530351],[2.110634,41.530211],[2.109778,41.529979],[2.109631,41.529917],[2.107893,41.529463],[2.107789,41.529431],[2.10756,41.52899],[2.107769,41.528573],[2.107971,41.528179],[2.108552,41.526951],[2.108466,41.526774],[2.108548,41.5266],[2.106685,41.526085],[2.105821,41.527806]]]]}},{"type":"Feature","id":"081878_081878 SI06 VOC 2","properties":{"area_id":"081878_081878 SI06 VOC 2","nom":"Polígon industrial del Sud-oest","codi_icgc":"081878 SI06 VOC 2","categoria":"Sector industrial","codi_municipi":"081878","municipi":"Sabadell","codi_comarca":"40","comarca":"Vallès Occidental","provincia":"Barcelona","font":"ICGC Àrees de poblament v3r1 202602"},"geometry":{"type":"MultiPolygon","coordinates":[[[[2.099981,41.525434],[2.099902,41.525432],[2.099824,41.52544],[2.099747,41.525455],[2.099675,41.52548],[2.099608,41.525512],[2.099549,41.525552],[2.099499,41.525597],[2.099458,41.525648],[2.099418,41.525718],[2.099401,41.525748],[2.099354,41.52585],[2.09932,41.525955],[2.099307,41.526007],[2.099243,41.526394],[2.099239,41.527097],[2.099238,41.527238],[2.09925,41.527253],[2.099344,41.527367],[2.099294,41.527585],[2.098554,41.530453],[2.098535,41.530556],[2.098155,41.532554],[2.098121,41.532681],[2.098258,41.53303],[2.098538,41.533227],[2.098765,41.533306],[2.099023,41.533349],[2.099487,41.533309],[2.099637,41.533295],[2.10007,41.53318],[2.101873,41.532923],[2.103205,41.532591],[2.103664,41.532323],[2.103827,41.53182],[2.103925,41.531198],[2.103938,41.530963],[2.103961,41.530515],[2.104055,41.529552],[2.104174,41.528696],[2.10423,41.52842],[2.104264,41.528142],[2.104286,41.52799],[2.104284,41.52792],[2.104284,41.527851],[2.104273,41.527797],[2.104232,41.5277],[2.104208,41.527638],[2.104208,41.527638],[2.104169,41.527565],[2.104118,41.527496],[2.104058,41.527431],[2.103988,41.527372],[2.103909,41.52732],[2.103857,41.527291],[2.103836,41.527288],[2.103599,41.527205],[2.103066,41.527062],[2.102772,41.526943],[2.102724,41.52693],[2.102512,41.526873],[2.102472,41.52686],[2.102435,41.526842],[2.102404,41.526819],[2.102339,41.526796],[2.102312,41.526775],[2.102274,41.526746],[2.102231,41.526725],[2.102217,41.526711],[2.102116,41.526687],[2.1021,41.526648],[2.102035,41.526524],[2.101949,41.52637],[2.101902,41.526295],[2.101844,41.526217],[2.101779,41.526153],[2.101771,41.526145],[2.10177,41.526144],[2.101753,41.526134],[2.101655,41.526043],[2.101593,41.526001],[2.101487,41.525939],[2.101292,41.525855],[2.10111,41.52579],[2.100879,41.525712],[2.100674,41.525652],[2.100463,41.525584],[2.100371,41.525551],[2.10033,41.525536],[2.100305,41.525527],[2.100246,41.525507],[2.100231,41.525502],[2.100225,41.525499],[2.100204,41.525492],[2.100134,41.525464],[2.100059,41.525445],[2.099981,41.525434]]]]}},{"type":"Feature","id":"081878_081878 AP10 VOC 2","properties":{"area_id":"081878_081878 AP10 VOC 2","nom":"Rodal Oest","codi_icgc":"081878 AP10 VOC 2","categoria":"Àrees de poblament","codi_municipi":"081878","municipi":"Sabadell","codi_comarca":"40","comarca":"Vallès Occidental","provincia":"Barcelona","font":"ICGC Àrees de poblament v3r1 202602"},"geometry":{"type":"MultiPolygon","coordinates":[[[[2.069339,41.550447],[2.069393,41.550458],[2.06981,41.550659],[2.06988,41.55083],[2.069342,41.551188],[2.069148,41.551462],[2.069148,41.551462],[2.069104,41.55162],[2.069081,41.5517],[2.06918,41.551854],[2.069533,41.552038],[2.069612,41.551998],[2.069741,41.551933],[2.069748,41.551928],[2.069786,41.5519],[2.069825,41.551873],[2.069866,41.551847],[2.069909,41.551819],[2.069954,41.551785],[2.069997,41.551752],[2.070023,41.551735],[2.07005,41.551716],[2.070092,41.551682],[2.070133,41.551649],[2.070164,41.551623],[2.070195,41.551599],[2.070227,41.551578],[2.070263,41.551557],[2.070301,41.551532],[2.070338,41.551508],[2.070375,41.551485],[2.070412,41.551462],[2.070454,41.551435],[2.070495,41.551409],[2.070533,41.551384],[2.070577,41.551353],[2.07062,41.551323],[2.070664,41.551297],[2.070709,41.55127],[2.070756,41.551239],[2.070804,41.551209],[2.070887,41.551265],[2.070973,41.551324],[2.071078,41.551421],[2.070698,41.551684],[2.070609,41.551642],[2.070547,41.551689],[2.070583,41.551763],[2.070852,41.551921],[2.070898,41.551933],[2.070941,41.55193],[2.070997,41.551928],[2.071153,41.552017],[2.07116,41.552097],[2.071161,41.552151],[2.071161,41.552152],[2.071484,41.552067],[2.071507,41.55206],[2.071807,41.551981],[2.072487,41.551801],[2.073995,41.551409],[2.074014,41.551479],[2.074085,41.551973],[2.073826,41.552146],[2.073829,41.552255],[2.074065,41.552351],[2.074211,41.552352],[2.074451,41.552192],[2.074482,41.552138],[2.074504,41.552099],[2.074612,41.552002],[2.07444,41.551882],[2.074127,41.551671],[2.074119,41.55151],[2.074128,41.551491],[2.074142,41.551474],[2.074161,41.551459],[2.074183,41.551447],[2.074209,41.55144],[2.074236,41.551436],[2.074263,41.551437],[2.074289,41.551442],[2.074334,41.551478],[2.074312,41.551499],[2.07439,41.551566],[2.074497,41.551684],[2.074498,41.551683],[2.074579,41.551774],[2.074706,41.551919],[2.074872,41.552082],[2.074922,41.552182],[2.075514,41.551835],[2.075844,41.551688],[2.075568,41.551274],[2.075384,41.551188],[2.075297,41.551169],[2.075137,41.55115],[2.075003,41.55116],[2.074768,41.551216],[2.074676,41.551068],[2.074603,41.55095],[2.074277,41.550605],[2.074133,41.550452],[2.073856,41.550585],[2.073858,41.550614],[2.073981,41.550788],[2.074053,41.55089],[2.074055,41.550892],[2.074059,41.550906],[2.074063,41.550917],[2.074079,41.550924],[2.074227,41.551244],[2.074236,41.551264],[2.07394,41.551359],[2.073778,41.5514],[2.073626,41.551439],[2.073453,41.551485],[2.073383,41.551504],[2.073354,41.551512],[2.073326,41.55152],[2.073281,41.551532],[2.07322,41.551547],[2.072991,41.551569],[2.072899,41.551539],[2.07288,41.55151],[2.072644,41.551375],[2.072435,41.551253],[2.072758,41.550951],[2.072334,41.550665],[2.072659,41.550401],[2.072576,41.55031],[2.072626,41.55025],[2.072821,41.550017],[2.073183,41.549613],[2.072605,41.549353],[2.072462,41.549478],[2.072187,41.54932],[2.072171,41.549311],[2.072274,41.549252],[2.072332,41.549219],[2.072402,41.549179],[2.072543,41.549124],[2.071926,41.548873],[2.071507,41.549261],[2.071492,41.549274],[2.071476,41.549289],[2.071944,41.549426],[2.071268,41.550137],[2.071477,41.550293],[2.071501,41.550463],[2.071603,41.550559],[2.071446,41.550661],[2.071584,41.550811],[2.071599,41.550828],[2.071781,41.551026],[2.071506,41.55118],[2.071491,41.551189],[2.071346,41.551271],[2.070988,41.551112],[2.070964,41.551102],[2.070959,41.551099],[2.070835,41.551045],[2.06986,41.550496],[2.06923,41.550205],[2.069369,41.54991],[2.069383,41.549881],[2.069464,41.549779],[2.069465,41.549776],[2.069496,41.549735],[2.069529,41.549692],[2.069553,41.549656],[2.069578,41.549621],[2.069606,41.549588],[2.069637,41.549555],[2.069658,41.549533],[2.06968,41.549514],[2.069711,41.549496],[2.069727,41.549494],[2.069764,41.5495],[2.069813,41.549524],[2.069862,41.549551],[2.069911,41.549575],[2.069913,41.549576],[2.069945,41.549586],[2.069987,41.549586],[2.070019,41.549566],[2.070057,41.549532],[2.070071,41.549519],[2.070093,41.549499],[2.070136,41.549461],[2.07018,41.549424],[2.070251,41.549359],[2.070321,41.549296],[2.070385,41.549228],[2.070392,41.549221],[2.070515,41.549071],[2.070557,41.549069],[2.070591,41.549035],[2.070707,41.548915],[2.070809,41.548813],[2.071227,41.548946],[2.07142,41.548719],[2.071041,41.548589],[2.071016,41.54858],[2.07079,41.548503],[2.070521,41.548604],[2.070475,41.548684],[2.070736,41.54884],[2.070407,41.549134],[2.070349,41.549182],[2.070195,41.549086],[2.070132,41.549046],[2.070021,41.549128],[2.06971,41.548987],[2.069633,41.548943],[2.069547,41.548893],[2.069795,41.5486],[2.06929,41.548339],[2.069044,41.548526],[2.068639,41.548393],[2.068526,41.548719],[2.068344,41.548621],[2.068304,41.548599],[2.068296,41.548658],[2.068288,41.548704],[2.068269,41.548774],[2.068246,41.548843],[2.068202,41.548957],[2.068155,41.54907],[2.068116,41.549157],[2.068075,41.549244],[2.068022,41.549344],[2.067963,41.549444],[2.067943,41.549474],[2.067908,41.549517],[2.067863,41.549558],[2.067774,41.549659],[2.067639,41.549771],[2.067536,41.549859],[2.067524,41.549877],[2.067519,41.549884],[2.067442,41.550114],[2.067463,41.550145],[2.067498,41.550194],[2.067553,41.550272],[2.06757,41.550297],[2.067622,41.550371],[2.067805,41.550441],[2.06787,41.550432],[2.067949,41.550367],[2.067957,41.550313],[2.068015,41.550307],[2.06803,41.5503],[2.068041,41.550291],[2.068054,41.550272],[2.068059,41.550257],[2.068061,41.550238],[2.068058,41.550211],[2.068046,41.550184],[2.068033,41.550166],[2.068004,41.550141],[2.067971,41.550123],[2.067912,41.550097],[2.06785,41.550075],[2.067784,41.550056],[2.067719,41.550036],[2.06767,41.550018],[2.067623,41.549998],[2.067594,41.549983],[2.067575,41.549968],[2.067559,41.54995],[2.067549,41.549934],[2.067543,41.549917],[2.067543,41.549899],[2.067549,41.549881],[2.067557,41.54987],[2.067576,41.549853],[2.067595,41.549836],[2.067658,41.549785],[2.067721,41.549734],[2.06776,41.549703],[2.067796,41.54967],[2.067813,41.549643],[2.067822,41.549621],[2.06783,41.549601],[2.067844,41.549596],[2.067881,41.54957],[2.067927,41.549527],[2.067963,41.549483],[2.067984,41.549451],[2.068043,41.549351],[2.068369,41.549233],[2.068416,41.549253],[2.068439,41.549263],[2.068497,41.549291],[2.068554,41.549322],[2.068612,41.549352],[2.068674,41.549381],[2.068736,41.549411],[2.068797,41.549442],[2.068859,41.549473],[2.068881,41.549484],[2.06887,41.549501],[2.068853,41.549524],[2.068759,41.549641],[2.068701,41.54971],[2.068565,41.549649],[2.068487,41.549781],[2.068472,41.549806],[2.068843,41.549969],[2.069082,41.550096],[2.069046,41.550123],[2.069034,41.550145],[2.069027,41.550167],[2.06902,41.550201],[2.069012,41.550235],[2.069005,41.550263],[2.068999,41.55029],[2.069002,41.550314],[2.069029,41.550335],[2.069058,41.550349],[2.069089,41.550362],[2.069132,41.550377],[2.069174,41.550391],[2.069217,41.550404],[2.06926,41.550417],[2.069291,41.550426],[2.069322,41.550436],[2.069339,41.550447]]]]}},{"type":"Feature","id":"081878_081878 AP01 VOC 3","properties":{"area_id":"081878_081878 AP01 VOC 3","nom":"Sabadell","codi_icgc":"081878 AP01 VOC 3","categoria":"Àrees de poblament","codi_municipi":"081878","municipi":"Sabadell","codi_comarca":"40","comarca":"Vallès Occidental","provincia":"Barcelona","font":"ICGC Àrees de poblament v3r1 202602"},"geometry":{"type":"MultiPolygon","coordinates":[[[[2.10595,41.529734],[2.10679,41.528136],[2.10633,41.52802],[2.106022,41.528652],[2.105894,41.528618],[2.105721,41.528572],[2.10542,41.52849],[2.105248,41.52885],[2.105654,41.52897],[2.105784,41.529],[2.105517,41.529604],[2.10595,41.529734]]],[[[2.088889,41.576357],[2.089186,41.576354],[2.089268,41.576373],[2.089381,41.57609],[2.089413,41.575861],[2.089642,41.575769],[2.089887,41.575653],[2.09001,41.575513],[2.090415,41.575015],[2.090685,41.574731],[2.091146,41.574463],[2.091624,41.574367],[2.091796,41.574268],[2.091875,41.574068],[2.091955,41.57384],[2.092129,41.573627],[2.092329,41.573493],[2.092329,41.573471],[2.092481,41.573287],[2.0928,41.573081],[2.092935,41.572426],[2.09312,41.572299],[2.093313,41.571796],[2.09297,41.571473],[2.09299,41.571459],[2.093853,41.570883],[2.094036,41.571034],[2.09404,41.571038],[2.09417,41.570884],[2.094272,41.570706],[2.094384,41.570627],[2.094501,41.570777],[2.094585,41.570828],[2.094803,41.570973],[2.095356,41.570582],[2.09566,41.57039],[2.095474,41.570248],[2.095398,41.570147],[2.095558,41.57005],[2.095896,41.569848],[2.096261,41.569589],[2.096642,41.569294],[2.096768,41.569107],[2.096918,41.568831],[2.097043,41.568712],[2.09737,41.568586],[2.097681,41.568478],[2.098059,41.56835],[2.098335,41.5682],[2.098535,41.568101],[2.098643,41.568033],[2.09877,41.568019],[2.098961,41.567982],[2.099132,41.567921],[2.099368,41.567774],[2.099552,41.567701],[2.099675,41.567657],[2.099715,41.567644],[2.099697,41.567551],[2.09964,41.567314],[2.099567,41.567119],[2.099424,41.567129],[2.099004,41.567158],[2.098585,41.567169],[2.098466,41.567215],[2.098244,41.56737],[2.098095,41.567516],[2.098003,41.567601],[2.097879,41.567664],[2.097726,41.567695],[2.097574,41.567687],[2.097379,41.56766],[2.097151,41.567633],[2.09698,41.567614],[2.096903,41.567631],[2.096616,41.567729],[2.096482,41.567771],[2.096361,41.567573],[2.09662,41.56745],[2.097186,41.56719],[2.097818,41.566877],[2.097889,41.566783],[2.097902,41.566708],[2.09788,41.56661],[2.097657,41.566385],[2.097325,41.566034],[2.097592,41.565887],[2.097956,41.56625],[2.098062,41.566337],[2.098333,41.566271],[2.09862,41.566148],[2.098884,41.565986],[2.099104,41.565845],[2.099311,41.565628],[2.099556,41.565427],[2.099664,41.565315],[2.099813,41.565209],[2.099976,41.565157],[2.100105,41.565138],[2.100447,41.565102],[2.100793,41.565006],[2.101009,41.564883],[2.101093,41.564818],[2.101079,41.564714],[2.101068,41.56463],[2.1011,41.564595],[2.101148,41.564577],[2.101216,41.564575],[2.10143,41.564567],[2.101684,41.564546],[2.101899,41.564476],[2.102015,41.564414],[2.102216,41.564824],[2.102454,41.565376],[2.102628,41.565395],[2.102607,41.565511],[2.102606,41.5656],[2.102641,41.565639],[2.102743,41.565685],[2.103117,41.565695],[2.103184,41.565702],[2.103232,41.565719],[2.103267,41.565745],[2.103286,41.565774],[2.103293,41.56581],[2.103294,41.565851],[2.103263,41.566169],[2.103234,41.566353],[2.103201,41.566294],[2.10308,41.566243],[2.103045,41.566224],[2.102998,41.566209],[2.102955,41.566182],[2.102992,41.566137],[2.102815,41.566098],[2.102739,41.566111],[2.102699,41.566135],[2.102626,41.566199],[2.102592,41.566216],[2.102511,41.566216],[2.102461,41.56622],[2.102426,41.56623],[2.102358,41.56629],[2.102318,41.566335],[2.102311,41.56641],[2.102198,41.566426],[2.102098,41.56652],[2.102021,41.56659],[2.101707,41.566896],[2.101676,41.567061],[2.101656,41.567171],[2.10164,41.567256],[2.101635,41.567281],[2.101624,41.567337],[2.101854,41.567368],[2.101903,41.567375],[2.10196,41.567389],[2.102035,41.567414],[2.102311,41.567514],[2.102461,41.567562],[2.102855,41.567692],[2.103399,41.567897],[2.103338,41.567525],[2.103271,41.567115],[2.1032,41.56709],[2.103142,41.567073],[2.103069,41.567044],[2.103034,41.567028],[2.103034,41.567028],[2.10306,41.567],[2.103188,41.566878],[2.103234,41.566707],[2.103307,41.566439],[2.103456,41.566646],[2.103494,41.566698],[2.103911,41.567619],[2.104047,41.56759],[2.104244,41.567548],[2.104302,41.567548],[2.104453,41.567549],[2.104637,41.567554],[2.104656,41.567555],[2.104702,41.56752],[2.10586,41.566642],[2.105909,41.566605],[2.105948,41.566575],[2.105964,41.566568],[2.107207,41.566037],[2.108015,41.565692],[2.108187,41.565618],[2.108326,41.565504],[2.108345,41.565476],[2.108377,41.565428],[2.108422,41.565198],[2.108437,41.565197],[2.10844,41.565197],[2.108437,41.56519],[2.108397,41.565102],[2.108124,41.564886],[2.107851,41.56483],[2.107211,41.564823],[2.106937,41.564654],[2.106659,41.564533],[2.106638,41.564535],[2.106547,41.564547],[2.106384,41.564567],[2.106279,41.564543],[2.106619,41.563582],[2.106748,41.563355],[2.106883,41.563118],[2.106885,41.562933],[2.106905,41.562904],[2.107762,41.562324],[2.107751,41.562105],[2.107704,41.561825],[2.106394,41.561793],[2.10612,41.561605],[2.10657,41.561204],[2.106502,41.560837],[2.106451,41.560728],[2.106515,41.560599],[2.106398,41.560452],[2.106356,41.560366],[2.106372,41.560273],[2.106368,41.560176],[2.106284,41.560047],[2.106248,41.559911],[2.106187,41.559846],[2.106181,41.559643],[2.106184,41.5596],[2.106129,41.559486],[2.106007,41.559348],[2.10599,41.559273],[2.106015,41.559163],[2.106114,41.559065],[2.106623,41.558743],[2.107382,41.558225],[2.107522,41.558357],[2.107739,41.558403],[2.108417,41.558125],[2.1085,41.55818],[2.108595,41.558204],[2.108729,41.558217],[2.10894,41.558156],[2.109076,41.558115],[2.109185,41.558084],[2.109229,41.558066],[2.109555,41.558197],[2.109818,41.558092],[2.109983,41.558117],[2.110418,41.558211],[2.110679,41.558342],[2.110857,41.558435],[2.110987,41.558507],[2.111141,41.558526],[2.111361,41.558394],[2.111558,41.55825],[2.111614,41.558196],[2.111607,41.558152],[2.111599,41.558104],[2.111564,41.558074],[2.11145,41.557982],[2.111638,41.557857],[2.1118,41.557794],[2.112096,41.557808],[2.112112,41.557617],[2.112123,41.557497],[2.112224,41.557498],[2.112256,41.557306],[2.112536,41.55733],[2.112678,41.557342],[2.113566,41.556818],[2.113751,41.556579],[2.113735,41.556524],[2.113693,41.556378],[2.113874,41.556349],[2.113856,41.556288],[2.113928,41.55626],[2.114193,41.556002],[2.114136,41.55585],[2.114397,41.55584],[2.114423,41.555772],[2.114438,41.555701],[2.114459,41.555607],[2.114473,41.55554],[2.1145,41.55543],[2.114515,41.555363],[2.114546,41.555286],[2.114623,41.555298],[2.114674,41.555232],[2.114671,41.555092],[2.114815,41.555031],[2.114928,41.555063],[2.114976,41.555109],[2.115064,41.555129],[2.115066,41.55513],[2.115222,41.555161],[2.11538,41.555132],[2.115421,41.555216],[2.115375,41.555238],[2.115418,41.555311],[2.115232,41.555351],[2.115412,41.555559],[2.115436,41.555571],[2.115444,41.555576],[2.115544,41.555536],[2.115806,41.555433],[2.115948,41.555366],[2.115644,41.555013],[2.115274,41.554542],[2.115224,41.554479],[2.114986,41.554182],[2.114966,41.55414],[2.114966,41.554138],[2.114965,41.554106],[2.115001,41.554049],[2.115023,41.554014],[2.115051,41.553957],[2.115184,41.553809],[2.115243,41.55376],[2.115627,41.5535],[2.1157,41.553417],[2.115716,41.553429],[2.115732,41.553441],[2.115737,41.553441],[2.115743,41.553437],[2.115754,41.553423],[2.115763,41.55341],[2.115767,41.553396],[2.115768,41.553378],[2.115762,41.55336],[2.115684,41.553306],[2.115592,41.55323],[2.115508,41.553139],[2.115452,41.553055],[2.115447,41.552961],[2.115491,41.552687],[2.115577,41.552205],[2.115687,41.551953],[2.115813,41.551718],[2.116025,41.55158],[2.116218,41.55145],[2.116414,41.551299],[2.116492,41.551233],[2.116705,41.550901],[2.116548,41.550833],[2.11621,41.550728],[2.115884,41.550627],[2.116071,41.550324],[2.116418,41.550469],[2.116628,41.550022],[2.116482,41.549985],[2.116803,41.549337],[2.116828,41.549339],[2.11685,41.549346],[2.116858,41.549332],[2.116926,41.549337],[2.117055,41.549376],[2.117067,41.549374],[2.117167,41.5494],[2.117235,41.54939],[2.117254,41.549354],[2.117308,41.54937],[2.117359,41.549273],[2.117382,41.54928],[2.117443,41.549139],[2.117563,41.549168],[2.117656,41.549007],[2.117695,41.549019],[2.117802,41.548796],[2.118064,41.54859],[2.118089,41.548556],[2.118126,41.548541],[2.118368,41.548438],[2.118517,41.548188],[2.118533,41.548171],[2.118531,41.548063],[2.118518,41.547858],[2.118508,41.547672],[2.118493,41.547567],[2.11845,41.547462],[2.1184,41.54739],[2.118144,41.547083],[2.118083,41.546971],[2.118179,41.546777],[2.118395,41.546319],[2.11843,41.546247],[2.118466,41.546144],[2.118485,41.546143],[2.118718,41.546135],[2.118829,41.546131],[2.11909,41.546121],[2.119391,41.546065],[2.119646,41.545991],[2.11977,41.545922],[2.119892,41.54583],[2.119999,41.545694],[2.119997,41.545678],[2.120002,41.545657],[2.120047,41.545552],[2.120129,41.545392],[2.120199,41.545266],[2.12025,41.5452],[2.120328,41.545128],[2.120493,41.545007],[2.120709,41.544852],[2.120836,41.54475],[2.120978,41.544635],[2.121104,41.544529],[2.121197,41.544444],[2.121292,41.544338],[2.121382,41.54423],[2.121456,41.544111],[2.121548,41.543919],[2.121617,41.543789],[2.121794,41.543434],[2.122051,41.54294],[2.122308,41.542384],[2.122357,41.54228],[2.122374,41.542238],[2.122407,41.542159],[2.122417,41.542128],[2.122425,41.542095],[2.122431,41.542064],[2.122406,41.541943],[2.122402,41.541932],[2.12235,41.541824],[2.122297,41.541715],[2.122286,41.541693],[2.122253,41.541624],[2.122223,41.541564],[2.122128,41.541357],[2.122034,41.541168],[2.121961,41.541025],[2.121939,41.540991],[2.12192,41.54097],[2.121895,41.540952],[2.12187,41.540936],[2.121843,41.540922],[2.121825,41.540914],[2.12182,41.540912],[2.121814,41.540909],[2.121939,41.540611],[2.122188,41.540512],[2.122675,41.540119],[2.122708,41.540092],[2.122889,41.540046],[2.122978,41.540049],[2.123052,41.540025],[2.123676,41.539684],[2.123789,41.539501],[2.123792,41.539306],[2.123757,41.539194],[2.123485,41.538935],[2.123317,41.538684],[2.123255,41.538311],[2.123095,41.538174],[2.122782,41.538115],[2.122373,41.538104],[2.121573,41.53817],[2.121335,41.538189],[2.12092,41.537907],[2.120645,41.537805],[2.120455,41.537768],[2.120577,41.537442],[2.120926,41.537509],[2.120941,41.537511],[2.120977,41.537427],[2.121023,41.537319],[2.121069,41.537211],[2.121093,41.537155],[2.121106,41.537158],[2.121472,41.537241],[2.121869,41.537232],[2.122123,41.537187],[2.122378,41.537141],[2.122617,41.537047],[2.123091,41.537158],[2.123043,41.537217],[2.123676,41.537318],[2.123786,41.537366],[2.123831,41.537569],[2.123909,41.537641],[2.123988,41.537701],[2.124025,41.537839],[2.123667,41.537811],[2.123437,41.537797],[2.123419,41.537958],[2.123343,41.537978],[2.124247,41.538593],[2.124371,41.53869],[2.124297,41.540018],[2.126356,41.540185],[2.126604,41.540206],[2.126674,41.539631],[2.126553,41.539153],[2.127385,41.539058],[2.12741,41.53901],[2.12743,41.53897],[2.12743,41.538955],[2.127425,41.538741],[2.126902,41.537223],[2.12678,41.537108],[2.126387,41.536981],[2.126245,41.536877],[2.125785,41.536438],[2.125483,41.536251],[2.125216,41.536151],[2.124993,41.536137],[2.125003,41.536054],[2.124986,41.535867],[2.124935,41.535755],[2.124701,41.535436],[2.124556,41.53523],[2.124135,41.534669],[2.123933,41.534384],[2.123798,41.534094],[2.123733,41.533882],[2.123712,41.533674],[2.123699,41.533486],[2.123493,41.533449],[2.123457,41.533487],[2.12324,41.533724],[2.123268,41.534019],[2.123305,41.534195],[2.123366,41.534359],[2.123431,41.534523],[2.123501,41.53467],[2.12357,41.534798],[2.12354,41.534974],[2.123487,41.53511],[2.123482,41.535264],[2.123254,41.535706],[2.123269,41.535753],[2.123345,41.535945],[2.123328,41.536099],[2.123296,41.536099],[2.123155,41.535967],[2.123061,41.535907],[2.122981,41.535954],[2.12301,41.536133],[2.123008,41.536276],[2.12296,41.536335],[2.12288,41.536322],[2.122709,41.536107],[2.122536,41.536022],[2.12303,41.535089],[2.122279,41.53489],[2.12225,41.534937],[2.122204,41.53501],[2.121789,41.534894],[2.12163,41.534849],[2.121624,41.534848],[2.121598,41.534901],[2.121437,41.535229],[2.121372,41.535211],[2.121343,41.535203],[2.121205,41.535165],[2.120875,41.535075],[2.120758,41.535079],[2.120416,41.535001],[2.120405,41.534999],[2.120381,41.534995],[2.120343,41.534989],[2.120367,41.534934],[2.120046,41.534846],[2.119964,41.534881],[2.119723,41.534837],[2.119453,41.534663],[2.119236,41.534601],[2.119166,41.534426],[2.118637,41.534446],[2.118439,41.534449],[2.118395,41.53442],[2.118402,41.534385],[2.118437,41.534375],[2.118426,41.534371],[2.118601,41.534266],[2.118703,41.534239],[2.118743,41.534238],[2.119768,41.53396],[2.120317,41.533767],[2.120433,41.53373],[2.120671,41.533256],[2.120802,41.533011],[2.120947,41.532908],[2.120992,41.532934],[2.121559,41.533075],[2.121611,41.533075],[2.121706,41.533021],[2.121911,41.532852],[2.122006,41.532771],[2.122099,41.5328],[2.122283,41.532575],[2.122281,41.532455],[2.122259,41.532335],[2.122266,41.53217],[2.122667,41.531549],[2.122621,41.531497],[2.122605,41.531444],[2.122666,41.531373],[2.122762,41.531266],[2.12295,41.53114],[2.12316,41.531022],[2.123262,41.530879],[2.123311,41.530862],[2.12343,41.530893],[2.123627,41.530645],[2.123584,41.530591],[2.123444,41.53029],[2.123333,41.530238],[2.123365,41.530215],[2.123383,41.530188],[2.123394,41.530158],[2.123399,41.530131],[2.123391,41.530117],[2.123359,41.530091],[2.123421,41.53],[2.122909,41.529783],[2.12432,41.528101],[2.124868,41.528166],[2.124899,41.52817],[2.125459,41.528218],[2.125877,41.528399],[2.125953,41.528295],[2.126003,41.528235],[2.126048,41.528169],[2.126207,41.527961],[2.126291,41.527853],[2.126367,41.527758],[2.12649,41.527616],[2.126189,41.527472],[2.126008,41.527377],[2.125679,41.52722],[2.125653,41.527201],[2.125637,41.527212],[2.125538,41.527286],[2.12525,41.527125],[2.125209,41.527159],[2.124913,41.52699],[2.124409,41.526724],[2.124227,41.526622],[2.123799,41.52639],[2.123648,41.526303],[2.123219,41.526067],[2.123005,41.525953],[2.121803,41.525296],[2.121652,41.525209],[2.121255,41.525005],[2.121015,41.524918],[2.120054,41.524467],[2.11948,41.524201],[2.119316,41.524142],[2.118585,41.523824],[2.118181,41.523645],[2.117569,41.523421],[2.116938,41.523225],[2.116294,41.522997],[2.115587,41.522762],[2.115025,41.522582],[2.114444,41.522386],[2.114204,41.522332],[2.113881,41.522282],[2.113548,41.522518],[2.11312,41.522715],[2.112814,41.522831],[2.112471,41.52291],[2.112115,41.522979],[2.111581,41.523051],[2.111193,41.523134],[2.110835,41.523293],[2.110548,41.523448],[2.110304,41.523637],[2.109718,41.523394],[2.110376,41.522541],[2.110075,41.522343],[2.109564,41.522153],[2.109152,41.52201],[2.10874,41.522591],[2.108603,41.522801],[2.108059,41.523638],[2.107719,41.524193],[2.107094,41.525222],[2.106652,41.525987],[2.106722,41.526009],[2.108937,41.526629],[2.108946,41.526704],[2.108901,41.526858],[2.108514,41.527677],[2.108152,41.528412],[2.108045,41.528551],[2.107815,41.529025],[2.10795,41.52924],[2.10799,41.529298],[2.113291,41.530726],[2.113529,41.530769],[2.113352,41.531094],[2.113102,41.531617],[2.113022,41.531817],[2.112745,41.53241],[2.112749,41.532416],[2.112773,41.532458],[2.113008,41.532517],[2.113549,41.532654],[2.113548,41.532714],[2.112865,41.53344],[2.112386,41.533932],[2.112262,41.534156],[2.1121,41.534223],[2.111656,41.534686],[2.110894,41.535483],[2.110595,41.53578],[2.110378,41.535999],[2.110134,41.536244],[2.109981,41.536186],[2.11002,41.536145],[2.109836,41.536096],[2.1097,41.536061],[2.109563,41.536029],[2.108079,41.535615],[2.107483,41.535455],[2.107096,41.535351],[2.106206,41.535103],[2.106123,41.535082],[2.1059,41.535027],[2.10517,41.534833],[2.105049,41.534877],[2.104886,41.535202],[2.104691,41.535653],[2.104672,41.535697],[2.104588,41.535854],[2.104467,41.53608],[2.103955,41.537033],[2.103999,41.53704],[2.104886,41.537282],[2.104969,41.537352],[2.104922,41.537439],[2.104481,41.538362],[2.10437,41.538337],[2.103487,41.538095],[2.10338,41.538062],[2.102582,41.537839],[2.102383,41.537786],[2.101161,41.537444],[2.099246,41.541477],[2.098707,41.541324],[2.098104,41.541246],[2.096879,41.538766],[2.096792,41.538543],[2.096698,41.538457],[2.096559,41.538403],[2.09635,41.538335],[2.096154,41.538319],[2.095875,41.538331],[2.09557,41.538348],[2.095442,41.538399],[2.095195,41.538544],[2.095054,41.53862],[2.094755,41.538734],[2.094173,41.538903],[2.093687,41.538932],[2.09357,41.538937],[2.093257,41.538994],[2.093007,41.539149],[2.092871,41.539348],[2.092783,41.539498],[2.092394,41.540095],[2.092162,41.540358],[2.091949,41.540628],[2.09188,41.540806],[2.091852,41.540978],[2.091848,41.54098],[2.091417,41.540745],[2.091068,41.540543],[2.090693,41.540351],[2.090268,41.540124],[2.090173,41.540128],[2.090075,41.54011],[2.089394,41.539701],[2.088717,41.539285],[2.088342,41.539104],[2.087807,41.538766],[2.087695,41.53869],[2.08728,41.538997],[2.087259,41.539015],[2.086599,41.539487],[2.086298,41.539733],[2.086211,41.539801],[2.08595,41.540061],[2.085544,41.540516],[2.085314,41.540824],[2.085227,41.540949],[2.085009,41.5413],[2.085002,41.541341],[2.08505,41.541384],[2.085093,41.541425],[2.085124,41.54147],[2.08511,41.541568],[2.08509,41.541653],[2.085061,41.541706],[2.084993,41.541779],[2.084903,41.541823],[2.084837,41.541837],[2.084764,41.54184],[2.084716,41.541848],[2.084678,41.541862],[2.084631,41.541959],[2.084564,41.542079],[2.084467,41.542208],[2.084375,41.542316],[2.084272,41.542414],[2.084194,41.542477],[2.083795,41.542178],[2.083723,41.542211],[2.083399,41.542378],[2.082842,41.542782],[2.083404,41.543181],[2.083279,41.543326],[2.083106,41.543522],[2.082792,41.543847],[2.082233,41.544357],[2.08196,41.544578],[2.081476,41.544955],[2.08129,41.545103],[2.081133,41.545253],[2.080627,41.545077],[2.080498,41.545038],[2.079584,41.544757],[2.079195,41.545369],[2.080119,41.54567],[2.08035,41.545746],[2.080695,41.545844],[2.080606,41.546024],[2.080517,41.546252],[2.080432,41.54658],[2.080386,41.546797],[2.080364,41.547123],[2.080371,41.547398],[2.080348,41.547525],[2.080316,41.547659],[2.080282,41.547779],[2.080229,41.547895],[2.080227,41.547901],[2.079787,41.547797],[2.079493,41.548314],[2.079296,41.548605],[2.07923,41.548777],[2.079051,41.548753],[2.079077,41.548487],[2.07903,41.548463],[2.078806,41.548438],[2.078769,41.548357],[2.078485,41.548254],[2.078144,41.548161],[2.077934,41.548159],[2.077699,41.548205],[2.077576,41.548371],[2.077555,41.548518],[2.07757,41.5489],[2.077119,41.54888],[2.076801,41.548901],[2.076503,41.548984],[2.076401,41.549032],[2.076252,41.549245],[2.07615,41.549391],[2.076101,41.549462],[2.077557,41.550096],[2.077744,41.550174],[2.077792,41.550192],[2.077892,41.550166],[2.077981,41.550139],[2.078045,41.550082],[2.078141,41.550111],[2.078315,41.550094],[2.078399,41.550056],[2.078556,41.549944],[2.078699,41.549868],[2.078814,41.549861],[2.078854,41.549872],[2.079212,41.549843],[2.079773,41.549703],[2.079789,41.549739],[2.079826,41.549822],[2.079965,41.550158],[2.080095,41.550434],[2.080145,41.550542],[2.080041,41.550565],[2.079906,41.550598],[2.079656,41.550665],[2.079587,41.550702],[2.079571,41.550731],[2.079578,41.550792],[2.079642,41.550956],[2.079683,41.551088],[2.079703,41.551115],[2.079774,41.55112],[2.079832,41.551112],[2.079883,41.551109],[2.07999,41.551077],[2.080184,41.551033],[2.080288,41.551009],[2.080365,41.551008],[2.080409,41.551102],[2.080418,41.551122],[2.080452,41.551194],[2.080501,41.551297],[2.080583,41.551473],[2.080719,41.551762],[2.081092,41.552556],[2.081199,41.552794],[2.08125,41.552907],[2.081504,41.553476],[2.081519,41.553508],[2.081651,41.553803],[2.082669,41.553514],[2.082616,41.55345],[2.082407,41.553199],[2.08234,41.553044],[2.082288,41.552924],[2.082313,41.552913],[2.082597,41.552785],[2.08261,41.552797],[2.08268,41.552864],[2.082682,41.552867],[2.083124,41.553293],[2.08318,41.553272],[2.083215,41.553254],[2.083207,41.553246],[2.083222,41.553238],[2.083245,41.553262],[2.083263,41.553252],[2.083285,41.553276],[2.083505,41.553161],[2.083548,41.553147],[2.083601,41.553201],[2.083664,41.553265],[2.083691,41.55325],[2.083963,41.553533],[2.083937,41.553549],[2.083396,41.553883],[2.083317,41.55395],[2.083302,41.553964],[2.083324,41.553981],[2.083336,41.553991],[2.083272,41.554029],[2.083253,41.554046],[2.08324,41.554066],[2.083236,41.554081],[2.083233,41.554119],[2.083233,41.554157],[2.083234,41.554188],[2.083234,41.554219],[2.083228,41.554248],[2.083212,41.554274],[2.083182,41.554305],[2.083151,41.554333],[2.083108,41.554369],[2.083065,41.554404],[2.083026,41.554434],[2.082985,41.554461],[2.082966,41.554471],[2.082957,41.554475],[2.082926,41.554485],[2.082863,41.554503],[2.082807,41.554515],[2.082749,41.554525],[2.082719,41.554533],[2.082712,41.554535],[2.082681,41.554548],[2.082664,41.554558],[2.081781,41.555854],[2.081468,41.556189],[2.08153,41.55626],[2.081534,41.556326],[2.081522,41.55638],[2.081496,41.556425],[2.081457,41.556465],[2.0814,41.5565],[2.081346,41.556507],[2.081247,41.556492],[2.081187,41.556477],[2.081082,41.556543],[2.080877,41.556679],[2.080881,41.556811],[2.081006,41.556988],[2.08114,41.557099],[2.081335,41.557263],[2.081517,41.557367],[2.081504,41.5574],[2.081171,41.557796],[2.08088,41.558128],[2.08078,41.558227],[2.079957,41.557891],[2.079854,41.557769],[2.079829,41.557783],[2.079774,41.557814],[2.079726,41.557849],[2.07963,41.557927],[2.079495,41.558055],[2.079421,41.558135],[2.079331,41.558196],[2.079261,41.558239],[2.079181,41.558264],[2.079117,41.558314],[2.079091,41.558366],[2.079064,41.558442],[2.079019,41.558648],[2.078936,41.559123],[2.078915,41.559266],[2.078766,41.559921],[2.078708,41.560183],[2.078592,41.560559],[2.078313,41.56192],[2.077996,41.563462],[2.078254,41.563486],[2.078546,41.563471],[2.078766,41.563429],[2.079151,41.563321],[2.079599,41.563188],[2.079927,41.563129],[2.080235,41.563116],[2.080822,41.563147],[2.081222,41.563156],[2.081513,41.563123],[2.081539,41.56329],[2.081328,41.563309],[2.081389,41.563658],[2.080829,41.563723],[2.080814,41.563692],[2.080689,41.563709],[2.079564,41.563818],[2.079522,41.563834],[2.079606,41.564173],[2.079411,41.56421],[2.079163,41.564283],[2.078827,41.564453],[2.078504,41.564683],[2.078129,41.565012],[2.07765,41.56563],[2.077441,41.566035],[2.077441,41.566084],[2.078527,41.566471],[2.07862,41.566392],[2.078753,41.56625],[2.078954,41.566082],[2.079134,41.565944],[2.079434,41.565767],[2.079574,41.56567],[2.079989,41.565542],[2.080184,41.565493],[2.080279,41.565479],[2.080374,41.565492],[2.080497,41.56552],[2.080673,41.565595],[2.080843,41.565619],[2.081129,41.56564],[2.081297,41.565638],[2.081556,41.5656],[2.081732,41.565561],[2.081872,41.565517],[2.08265,41.565239],[2.082831,41.565191],[2.082986,41.565186],[2.083121,41.565197],[2.083228,41.565348],[2.083329,41.56549],[2.083475,41.565718],[2.083612,41.565971],[2.083778,41.566342],[2.083927,41.566879],[2.083993,41.567143],[2.083534,41.567211],[2.082529,41.567208],[2.082426,41.567262],[2.081936,41.567915],[2.0816,41.56806],[2.081088,41.568061],[2.080569,41.56841],[2.080118,41.568705],[2.08004,41.568755],[2.080506,41.569167],[2.080498,41.569502],[2.081583,41.570424],[2.079967,41.571513],[2.080404,41.571975],[2.079806,41.572325],[2.080245,41.572701],[2.080406,41.572843],[2.080674,41.573078],[2.079147,41.574201],[2.080201,41.574836],[2.080969,41.575267],[2.081505,41.575511],[2.081979,41.575656],[2.082277,41.575692],[2.082574,41.575687],[2.082849,41.575644],[2.083099,41.575554],[2.083271,41.57546],[2.084102,41.575692],[2.083925,41.576084],[2.084027,41.576112],[2.084024,41.576125],[2.083848,41.576515],[2.084372,41.576656],[2.084216,41.577034],[2.087042,41.576826],[2.08823,41.576527],[2.088453,41.576443],[2.088889,41.576357]],[[2.098748,41.548573],[2.097491,41.548344],[2.095128,41.548381],[2.094639,41.548408],[2.094593,41.548086],[2.094454,41.547352],[2.094422,41.547187],[2.094397,41.547052],[2.094271,41.546395],[2.094202,41.546032],[2.093427,41.546214],[2.092772,41.546393],[2.092243,41.546518],[2.092143,41.545839],[2.092075,41.54545],[2.091638,41.545241],[2.091668,41.544738],[2.091679,41.54454],[2.091545,41.542809],[2.091424,41.542274],[2.09211,41.541065],[2.092596,41.540197],[2.092686,41.540102],[2.092893,41.539855],[2.093302,41.539967],[2.093621,41.539547],[2.094752,41.53976],[2.095007,41.539253],[2.095098,41.539072],[2.095248,41.538775],[2.095539,41.538874],[2.095626,41.539281],[2.096123,41.540052],[2.096703,41.540677],[2.096806,41.540761],[2.097013,41.540921],[2.097014,41.540921],[2.097118,41.541003],[2.097395,41.541217],[2.097812,41.541456],[2.098246,41.541691],[2.099056,41.542003],[2.099087,41.542014],[2.099249,41.542068],[2.099258,41.542071],[2.099668,41.542197],[2.099901,41.542262],[2.100175,41.542303],[2.100178,41.542303],[2.100704,41.542382],[2.101388,41.542537],[2.101316,41.542756],[2.101214,41.54291],[2.100911,41.54287],[2.10014,41.54272],[2.099903,41.543206],[2.099865,41.543284],[2.099765,41.543491],[2.0998,41.543546],[2.099764,41.543664],[2.099894,41.543933],[2.099858,41.543943],[2.099928,41.544085],[2.099963,41.544075],[2.099984,41.544119],[2.10022,41.544211],[2.100064,41.544779],[2.09999,41.545052],[2.099859,41.545189],[2.098748,41.548573]]]]}},{"type":"Feature","id":"081878_081878 AP13 VOC 4","properties":{"area_id":"081878_081878 AP13 VOC 4","nom":"Sant Julià Ferrer","codi_icgc":"081878 AP13 VOC 4","categoria":"Àrees de poblament","codi_municipi":"081878","municipi":"Sabadell","codi_comarca":"40","comarca":"Vallès Occidental","provincia":"Barcelona","font":"ICGC Àrees de poblament v3r1 202602"},"geometry":{"type":"MultiPolygon","coordinates":[[[[2.061557,41.551721],[2.061798,41.551776],[2.061854,41.551789],[2.061946,41.551813],[2.062099,41.551852],[2.062542,41.551972],[2.062593,41.551986],[2.062621,41.551993],[2.062741,41.552025],[2.063201,41.552145],[2.063237,41.551726],[2.063242,41.55166],[2.063362,41.551639],[2.063364,41.55159],[2.063354,41.551398],[2.063348,41.551283],[2.063337,41.551061],[2.063362,41.550816],[2.063444,41.55074],[2.063448,41.550737],[2.06342,41.550569],[2.063423,41.550527],[2.06345,41.550483],[2.063457,41.550397],[2.063455,41.550335],[2.063465,41.550324],[2.063454,41.550319],[2.063454,41.550304],[2.063432,41.550293],[2.063466,41.550175],[2.063329,41.550144],[2.063341,41.550116],[2.063206,41.550096],[2.063218,41.550057],[2.06313,41.550045],[2.063005,41.550026],[2.062807,41.549996],[2.062651,41.549967],[2.062593,41.549955],[2.062496,41.549935],[2.062436,41.549924],[2.062392,41.54993],[2.06236,41.549941],[2.062326,41.549991],[2.062293,41.550091],[2.062252,41.550182],[2.062225,41.550256],[2.062137,41.550417],[2.062012,41.55066],[2.06199,41.550699],[2.061923,41.550872],[2.061865,41.550994],[2.061834,41.551084],[2.061729,41.551328],[2.061557,41.551721]]]]}},{"type":"Feature","id":"081878_081878 AP09 VOC 3","properties":{"area_id":"081878_081878 AP09 VOC 3","nom":"Togores","codi_icgc":"081878 AP09 VOC 3","categoria":"Àrees de poblament","codi_municipi":"081878","municipi":"Sabadell","codi_comarca":"40","comarca":"Vallès Occidental","provincia":"Barcelona","font":"ICGC Àrees de poblament v3r1 202602"},"geometry":{"type":"MultiPolygon","coordinates":[[[[2.109798,41.576099],[2.109473,41.576621],[2.109757,41.576742],[2.109964,41.576744],[2.110072,41.576911],[2.110311,41.576878],[2.11047,41.576879],[2.110488,41.5767],[2.110538,41.576546],[2.110635,41.576415],[2.110652,41.57632],[2.110621,41.576272],[2.110336,41.576175],[2.110242,41.576126],[2.109989,41.576065],[2.109798,41.576099]]]]}},{"type":"Feature","id":"081878_081878 AP11 VOC 3","properties":{"area_id":"081878_081878 AP11 VOC 3","nom":"Torre-romeu","codi_icgc":"081878 AP11 VOC 3","categoria":"Àrees de poblament","codi_municipi":"081878","municipi":"Sabadell","codi_comarca":"40","comarca":"Vallès Occidental","provincia":"Barcelona","font":"ICGC Àrees de poblament v3r1 202602"},"geometry":{"type":"MultiPolygon","coordinates":[[[[2.120833,41.549906],[2.120891,41.55001],[2.12093,41.550036],[2.120962,41.550053],[2.121006,41.550065],[2.121038,41.550089],[2.120895,41.550217],[2.120797,41.550297],[2.120834,41.55034],[2.121095,41.550498],[2.121438,41.550631],[2.121471,41.550632],[2.121652,41.550736],[2.121752,41.550791],[2.121897,41.550916],[2.121942,41.550935],[2.121991,41.550966],[2.122086,41.550989],[2.122221,41.550988],[2.122284,41.550984],[2.122413,41.551071],[2.122555,41.551127],[2.122619,41.551158],[2.122675,41.551108],[2.122807,41.551192],[2.122914,41.551156],[2.122998,41.551064],[2.123132,41.550948],[2.123184,41.55086],[2.123249,41.550777],[2.123444,41.550689],[2.123917,41.550469],[2.124293,41.550323],[2.124493,41.550272],[2.12456,41.550265],[2.12455,41.550293],[2.12455,41.550317],[2.124549,41.550389],[2.124545,41.550656],[2.124565,41.550784],[2.124571,41.550823],[2.124961,41.550817],[2.125006,41.550824],[2.12509,41.550918],[2.125143,41.55145],[2.125146,41.551443],[2.125152,41.551511],[2.12531,41.551581],[2.125357,41.551602],[2.125306,41.55168],[2.12524,41.551656],[2.125195,41.551712],[2.125202,41.551751],[2.12546,41.551858],[2.125397,41.551942],[2.125607,41.552026],[2.125721,41.551879],[2.125845,41.55193],[2.125869,41.551926],[2.125791,41.552036],[2.125777,41.55207],[2.12578,41.552092],[2.12579,41.552106],[2.125798,41.552117],[2.125838,41.55214],[2.125887,41.552159],[2.125972,41.552192],[2.125925,41.552277],[2.126219,41.552396],[2.126521,41.552518],[2.126913,41.552483],[2.126947,41.55248],[2.126949,41.55248],[2.126963,41.552476],[2.126968,41.552482],[2.12709,41.55247],[2.127102,41.552422],[2.127128,41.552322],[2.127149,41.552166],[2.127193,41.55214],[2.127236,41.551802],[2.127253,41.551469],[2.127229,41.551326],[2.127843,41.550534],[2.128701,41.550865],[2.128758,41.550899],[2.128829,41.5508],[2.128856,41.550749],[2.12898,41.550515],[2.129074,41.550276],[2.129149,41.550027],[2.129195,41.549795],[2.129198,41.54958],[2.129173,41.549319],[2.129143,41.549015],[2.129127,41.548811],[2.129135,41.548547],[2.129164,41.548208],[2.129195,41.547998],[2.129256,41.547716],[2.129306,41.54753],[2.129366,41.547355],[2.12942,41.547224],[2.129513,41.546987],[2.129603,41.546708],[2.129652,41.546555],[2.129693,41.546391],[2.129744,41.546123],[2.12978,41.545888],[2.129792,41.545687],[2.129799,41.545537],[2.129802,41.545359],[2.129592,41.545343],[2.129283,41.545312],[2.129074,41.545299],[2.128717,41.545276],[2.128744,41.54518],[2.128784,41.545036],[2.12851,41.54494],[2.127179,41.544701],[2.127173,41.54472],[2.127175,41.54475],[2.127195,41.544772],[2.12723,41.544799],[2.127289,41.54482],[2.127336,41.544834],[2.127383,41.544852],[2.127416,41.544877],[2.127423,41.544914],[2.127387,41.545147],[2.127373,41.545182],[2.127355,41.545226],[2.127103,41.545395],[2.127101,41.545433],[2.127096,41.545502],[2.127044,41.545559],[2.127013,41.545608],[2.126973,41.545727],[2.126924,41.545826],[2.1269,41.545876],[2.126839,41.545955],[2.12668,41.546094],[2.12661,41.546173],[2.126592,41.546231],[2.126595,41.54627],[2.126606,41.546297],[2.12663,41.54632],[2.1267,41.546331],[2.12676,41.546339],[2.126781,41.546341],[2.126854,41.54634],[2.126872,41.546334],[2.126895,41.546322],[2.126924,41.546304],[2.126952,41.546285],[2.126999,41.546255],[2.127046,41.546224],[2.127087,41.546204],[2.127132,41.546189],[2.127149,41.546186],[2.127177,41.546187],[2.127204,41.546192],[2.127231,41.546201],[2.127242,41.546208],[2.127252,41.546217],[2.127253,41.546218],[2.127273,41.546251],[2.127284,41.546277],[2.127295,41.546317],[2.127302,41.546357],[2.127309,41.546401],[2.127308,41.546444],[2.127304,41.546458],[2.127293,41.546477],[2.127277,41.546494],[2.127264,41.546502],[2.127243,41.546511],[2.127224,41.546521],[2.12721,41.546533],[2.127209,41.546534],[2.1272,41.546546],[2.127188,41.546584],[2.127179,41.546622],[2.127173,41.546649],[2.12717,41.546676],[2.127172,41.546685],[2.12718,41.546698],[2.127185,41.546702],[2.127203,41.546713],[2.127206,41.546715],[2.127231,41.546731],[2.12743,41.546746],[2.127425,41.546909],[2.127253,41.546929],[2.127206,41.546935],[2.127189,41.546954],[2.127171,41.546973],[2.127016,41.547129],[2.126951,41.547195],[2.126862,41.547286],[2.126797,41.547349],[2.126732,41.547413],[2.12668,41.547462],[2.126628,41.547511],[2.126586,41.547553],[2.126544,41.547594],[2.126539,41.5476],[2.126517,41.547623],[2.126493,41.547652],[2.126471,41.547688],[2.126451,41.547726],[2.126434,41.54776],[2.126417,41.547793],[2.126397,41.547836],[2.126394,41.547843],[2.126371,41.547894],[2.126347,41.547946],[2.126321,41.547997],[2.126294,41.548043],[2.12626,41.548088],[2.12623,41.548119],[2.126194,41.548146],[2.126162,41.548167],[2.126126,41.548187],[2.126081,41.548204],[2.126036,41.548217],[2.125992,41.548226],[2.125947,41.548233],[2.125904,41.548236],[2.125865,41.548238],[2.125808,41.548253],[2.125805,41.548252],[2.125662,41.548207],[2.125631,41.548179],[2.125631,41.548166],[2.125607,41.548134],[2.125573,41.548119],[2.125567,41.548119],[2.125553,41.548105],[2.12551,41.548027],[2.125507,41.547684],[2.125421,41.547576],[2.125346,41.547528],[2.125275,41.547504],[2.125204,41.5475],[2.125105,41.547503],[2.12491,41.547522],[2.124688,41.547553],[2.124517,41.547579],[2.124376,41.547615],[2.12436,41.547619],[2.124302,41.547634],[2.124149,41.547678],[2.123865,41.547933],[2.123768,41.547862],[2.123559,41.547719],[2.123479,41.547682],[2.123402,41.547689],[2.123336,41.547706],[2.123241,41.547781],[2.123156,41.547857],[2.123093,41.547885],[2.123029,41.547928],[2.122984,41.547995],[2.122866,41.548103],[2.122512,41.548391],[2.121788,41.549005],[2.121162,41.549531],[2.121053,41.549628],[2.120844,41.54982],[2.120833,41.549906]]]]}},{"type":"Feature","id":"081878_081878 AP05 VOC 3","properties":{"area_id":"081878_081878 AP05 VOC 3","nom":"el Poblenou","codi_icgc":"081878 AP05 VOC 3","categoria":"Àrees de poblament","codi_municipi":"081878","municipi":"Sabadell","codi_comarca":"40","comarca":"Vallès Occidental","provincia":"Barcelona","font":"ICGC Àrees de poblament v3r1 202602"},"geometry":{"type":"MultiPolygon","coordinates":[[[[2.126624,41.558947],[2.128086,41.559444],[2.128152,41.559463],[2.128111,41.559654],[2.127996,41.55971],[2.12764,41.559685],[2.127326,41.55969],[2.126396,41.559611],[2.126149,41.559625],[2.126009,41.559627],[2.125943,41.559612],[2.125967,41.559626],[2.125988,41.55964],[2.125984,41.559642],[2.125967,41.559663],[2.125956,41.559685],[2.125948,41.559711],[2.125947,41.559737],[2.125956,41.559767],[2.125973,41.559794],[2.126019,41.559846],[2.126065,41.559897],[2.126119,41.559955],[2.126174,41.560014],[2.126214,41.560064],[2.126249,41.560116],[2.126264,41.560147],[2.126272,41.56018],[2.126272,41.560214],[2.126268,41.560248],[2.126257,41.560298],[2.126243,41.560347],[2.126217,41.560422],[2.126187,41.560496],[2.126165,41.560545],[2.126142,41.560595],[2.126112,41.560657],[2.126082,41.560719],[2.126055,41.560769],[2.126027,41.560818],[2.126,41.560861],[2.125969,41.560903],[2.125935,41.560944],[2.125896,41.560982],[2.125856,41.561017],[2.125814,41.561052],[2.125781,41.561079],[2.125747,41.561107],[2.125722,41.561135],[2.125702,41.561165],[2.12569,41.561191],[2.12568,41.561218],[2.125675,41.56125],[2.125676,41.561283],[2.125682,41.561308],[2.125695,41.561334],[2.125714,41.561358],[2.125738,41.56138],[2.125763,41.561398],[2.12579,41.561414],[2.125815,41.561426],[2.125846,41.561436],[2.125871,41.561442],[2.125946,41.561428],[2.125959,41.561434],[2.126313,41.561487],[2.126229,41.561653],[2.126766,41.56171],[2.126832,41.561558],[2.126845,41.561501],[2.126921,41.561492],[2.12772,41.561472],[2.127764,41.561472],[2.127808,41.561474],[2.127845,41.561477],[2.127881,41.561485],[2.127912,41.561496],[2.12794,41.561511],[2.127981,41.56154],[2.128021,41.561569],[2.128077,41.561603],[2.128136,41.561635],[2.128192,41.56166],[2.12825,41.561682],[2.128313,41.561702],[2.128378,41.561718],[2.128426,41.561726],[2.128475,41.561732],[2.128512,41.561735],[2.128549,41.561738],[2.128605,41.561745],[2.128661,41.561752],[2.128705,41.561758],[2.128748,41.561767],[2.128796,41.561778],[2.128843,41.561791],[2.128884,41.561803],[2.128915,41.561813],[2.128903,41.561831],[2.128938,41.561845],[2.128959,41.561827],[2.128973,41.561831],[2.129021,41.561847],[2.129072,41.561866],[2.129121,41.561887],[2.129168,41.561908],[2.129214,41.561931],[2.129264,41.561957],[2.129312,41.561985],[2.129356,41.562014],[2.129399,41.562045],[2.129448,41.562082],[2.12948,41.562109],[2.129504,41.562122],[2.129719,41.562339],[2.129843,41.562539],[2.129918,41.562532],[2.129918,41.562532],[2.12992,41.562527],[2.129921,41.562524],[2.129927,41.562516],[2.129939,41.562508],[2.129957,41.562499],[2.129976,41.562492],[2.130018,41.562476],[2.13006,41.562459],[2.130096,41.56244],[2.130127,41.562416],[2.130147,41.562395],[2.130164,41.562373],[2.130181,41.562344],[2.130195,41.562318],[2.130204,41.562297],[2.130211,41.562279],[2.130224,41.562266],[2.130242,41.562257],[2.130266,41.562251],[2.130289,41.56225],[2.130325,41.562251],[2.130366,41.562258],[2.130407,41.562266],[2.130429,41.562269],[2.130452,41.562271],[2.130489,41.562275],[2.130527,41.562279],[2.130572,41.562282],[2.13058,41.562282],[2.13066,41.562286],[2.130686,41.562287],[2.130864,41.562288],[2.130936,41.562288],[2.130938,41.562287],[2.131155,41.562204],[2.13126,41.5621],[2.131294,41.562067],[2.131301,41.562043],[2.131317,41.561984],[2.131342,41.561895],[2.131402,41.561715],[2.131531,41.561517],[2.131614,41.561277],[2.131652,41.561001],[2.131679,41.560743],[2.131599,41.560674],[2.131153,41.560618],[2.130937,41.560576],[2.130833,41.560556],[2.130861,41.560097],[2.130862,41.560091],[2.130962,41.5601],[2.13116,41.560119],[2.131162,41.560107],[2.131189,41.559988],[2.131281,41.559577],[2.131272,41.559521],[2.13125,41.559387],[2.131254,41.559337],[2.131261,41.559255],[2.131303,41.558771],[2.131039,41.558714],[2.130937,41.558739],[2.13085,41.559239],[2.130225,41.559427],[2.130121,41.559345],[2.130135,41.55924],[2.130331,41.559008],[2.129735,41.558851],[2.129264,41.558862],[2.129263,41.559614],[2.129,41.559552],[2.128599,41.559532],[2.12838,41.559565],[2.128376,41.559492],[2.128371,41.559401],[2.128351,41.559228],[2.128344,41.559225],[2.128259,41.559185],[2.128263,41.559163],[2.128267,41.559139],[2.128322,41.558823],[2.128366,41.558541],[2.128226,41.558483],[2.128039,41.558404],[2.127761,41.558364],[2.127076,41.558292],[2.126816,41.558287],[2.126667,41.558242],[2.126348,41.558148],[2.126164,41.558384],[2.126795,41.558637],[2.126624,41.558947]]]]}},{"type":"Feature","id":"081878_081878 AP04 VOC 2","properties":{"area_id":"081878_081878 AP04 VOC 2","nom":"el Raval d'Amalia","codi_icgc":"081878 AP04 VOC 2","categoria":"Àrees de poblament","codi_municipi":"081878","municipi":"Sabadell","codi_comarca":"40","comarca":"Vallès Occidental","provincia":"Barcelona","font":"ICGC Àrees de poblament v3r1 202602"},"geometry":{"type":"MultiPolygon","coordinates":[[[[2.119023,41.558813],[2.119056,41.558796],[2.119096,41.55881],[2.119155,41.558856],[2.119194,41.558891],[2.119268,41.558935],[2.119322,41.558904],[2.119394,41.558865],[2.119471,41.558803],[2.119543,41.558842],[2.119604,41.558844],[2.119642,41.558827],[2.119695,41.55877],[2.119733,41.558737],[2.119766,41.5587],[2.119598,41.558589],[2.119498,41.558534],[2.119434,41.558501],[2.119254,41.558425],[2.119259,41.558415],[2.119259,41.55839],[2.119251,41.558346],[2.119242,41.558312],[2.119225,41.558276],[2.119196,41.558239],[2.119157,41.558209],[2.119123,41.55819],[2.119099,41.558177],[2.119031,41.558156],[2.118999,41.558152],[2.118974,41.55815],[2.118959,41.558148],[2.118943,41.558142],[2.118927,41.558131],[2.118926,41.558131],[2.118903,41.558116],[2.11888,41.558102],[2.118843,41.558071],[2.118807,41.55804],[2.118781,41.558017],[2.118755,41.557994],[2.118696,41.557942],[2.118637,41.557889],[2.118587,41.557845],[2.118537,41.5578],[2.118473,41.557742],[2.118409,41.557683],[2.118378,41.557656],[2.118344,41.557631],[2.118318,41.557616],[2.118254,41.557585],[2.118189,41.557555],[2.118121,41.557524],[2.118054,41.557494],[2.117994,41.557467],[2.117934,41.55744],[2.117895,41.557418],[2.11788,41.557409],[2.117857,41.557413],[2.117883,41.557542],[2.117906,41.557964],[2.11803,41.55802],[2.118238,41.558062],[2.118405,41.558144],[2.118446,41.55816],[2.118389,41.558217],[2.118362,41.558352],[2.118565,41.55842],[2.118438,41.558692],[2.118312,41.558962],[2.118294,41.559013],[2.118401,41.559047],[2.118416,41.559051],[2.11887,41.559187],[2.118872,41.559186],[2.118888,41.559174],[2.118897,41.559139],[2.11891,41.55909],[2.118928,41.559015],[2.118946,41.558941],[2.118956,41.558907],[2.11897,41.558874],[2.118982,41.558855],[2.119004,41.55883],[2.119023,41.558813]]]]}},{"type":"Feature","id":"081878_081878 AP12 VOC 2","properties":{"area_id":"081878_081878 AP12 VOC 2","nom":"el Raval d'en Bastida","codi_icgc":"081878 AP12 VOC 2","categoria":"Àrees de poblament","codi_municipi":"081878","municipi":"Sabadell","codi_comarca":"40","comarca":"Vallès Occidental","provincia":"Barcelona","font":"ICGC Àrees de poblament v3r1 202602"},"geometry":{"type":"MultiPolygon","coordinates":[[[[2.116776,41.557682],[2.116722,41.557655],[2.11676,41.557588],[2.116786,41.557536],[2.116782,41.557526],[2.116771,41.557506],[2.116741,41.557489],[2.116677,41.557467],[2.116546,41.557429],[2.116474,41.557411],[2.11641,41.557414],[2.116391,41.557417],[2.116364,41.55742],[2.116339,41.557428],[2.116316,41.557447],[2.116296,41.557464],[2.116285,41.557482],[2.116257,41.557533],[2.116168,41.557663],[2.116112,41.557728],[2.11609,41.557777],[2.116102,41.557816],[2.116124,41.557837],[2.116158,41.557865],[2.116197,41.557896],[2.116214,41.557899],[2.116237,41.557896],[2.11625,41.557884],[2.116294,41.55787],[2.116344,41.557866],[2.116401,41.557866],[2.116494,41.557875],[2.116582,41.557885],[2.116663,41.557904],[2.11672,41.557913],[2.116758,41.557912],[2.116798,41.557905],[2.116856,41.55788],[2.116886,41.557893],[2.116933,41.557936],[2.117019,41.558041],[2.117063,41.558105],[2.117022,41.558121],[2.11712,41.558302],[2.117143,41.558322],[2.11717,41.558328],[2.117353,41.558252],[2.117351,41.558241],[2.11734,41.558219],[2.117306,41.558167],[2.117278,41.558116],[2.117221,41.558041],[2.117137,41.558036],[2.117107,41.558019],[2.117062,41.557967],[2.117017,41.557913],[2.116999,41.557866],[2.116988,41.55784],[2.116954,41.557825],[2.116923,41.557805],[2.116915,41.557786],[2.116911,41.557746],[2.116867,41.557722],[2.116776,41.557682]]]]}},{"type":"Feature","id":"081878_081878 AP08 VOC 1","properties":{"area_id":"081878_081878 AP08 VOC 1","nom":"la Salut","codi_icgc":"081878 AP08 VOC 1","categoria":"Àrees de poblament","codi_municipi":"081878","municipi":"Sabadell","codi_comarca":"40","comarca":"Vallès Occidental","provincia":"Barcelona","font":"ICGC Àrees de poblament v3r1 202602"},"geometry":{"type":"MultiPolygon","coordinates":[[[[2.123076,41.562445],[2.122817,41.562954],[2.122974,41.562992],[2.122978,41.563091],[2.122699,41.563655],[2.12307,41.56376],[2.123468,41.563439],[2.123523,41.563144],[2.123741,41.563012],[2.12392,41.562852],[2.123872,41.562689],[2.123594,41.562563],[2.123278,41.562494],[2.123076,41.562445]]]]}},{"type":"Feature","id":"081878_081878 SI08 VOC 2","properties":{"area_id":"081878_081878 SI08 VOC 2","nom":"la Serna del Vallès","codi_icgc":"081878 SI08 VOC 2","categoria":"Sector industrial","codi_municipi":"081878","municipi":"Sabadell","codi_comarca":"40","comarca":"Vallès Occidental","provincia":"Barcelona","font":"ICGC Àrees de poblament v3r1 202602"},"geometry":{"type":"MultiPolygon","coordinates":[[[[2.141941,41.551171],[2.141912,41.551143],[2.141869,41.55111],[2.141851,41.551096],[2.141824,41.551079],[2.141807,41.551068],[2.141637,41.550994],[2.141521,41.550944],[2.141466,41.550918],[2.14159,41.550843],[2.141563,41.550826],[2.141543,41.550816],[2.141524,41.550806],[2.141505,41.550794],[2.141489,41.55078],[2.14148,41.550767],[2.141472,41.550753],[2.141462,41.550738],[2.14145,41.550724],[2.141428,41.550703],[2.141407,41.550683],[2.141378,41.550654],[2.14135,41.550626],[2.141336,41.55062],[2.141249,41.550656],[2.141098,41.550741],[2.141097,41.550741],[2.141071,41.550725],[2.140986,41.550684],[2.14086,41.55073],[2.140526,41.550835],[2.140393,41.550748],[2.140553,41.550601],[2.140296,41.550304],[2.140147,41.550152],[2.140097,41.550167],[2.140062,41.550117],[2.139978,41.550139],[2.139949,41.550112],[2.139928,41.550092],[2.139878,41.550044],[2.139833,41.550054],[2.139714,41.550152],[2.139674,41.550185],[2.139408,41.550423],[2.139356,41.550495],[2.139478,41.550565],[2.139607,41.550678],[2.139697,41.55077],[2.139786,41.550862],[2.139873,41.550954],[2.139933,41.551024],[2.140108,41.551214],[2.140149,41.551284],[2.14015,41.551284],[2.140158,41.551299],[2.140362,41.551683],[2.140391,41.551744],[2.140481,41.551935],[2.140501,41.55199],[2.140514,41.55206],[2.140511,41.552163],[2.14069,41.55229],[2.140833,41.552231],[2.141063,41.552086],[2.141204,41.551955],[2.141246,41.551968],[2.141292,41.55198],[2.141459,41.552027],[2.141474,41.552032],[2.141632,41.551852],[2.141676,41.551802],[2.141682,41.551749],[2.141841,41.551562],[2.141876,41.551519],[2.141888,41.551503],[2.141958,41.551415],[2.141963,41.551409],[2.141975,41.551355],[2.141983,41.551296],[2.141978,41.55125],[2.14195,41.551169],[2.141941,41.551171]]]]}}]}