{"type":"FeatureCollection","name":"ICGC Àrees de poblament - Subirats","features":[{"type":"Feature","id":"082732_082732 AP24 APE 2","properties":{"area_id":"082732_082732 AP24 APE 2","nom":"Ca l'Almirall de Figuerola","codi_icgc":"082732 AP24 APE 2","categoria":"Àrees de poblament","codi_municipi":"082732","municipi":"Subirats","codi_comarca":"03","comarca":"Alt Penedès","provincia":"Barcelona","font":"ICGC Àrees de poblament v3r1 202602"},"geometry":{"type":"MultiPolygon","coordinates":[[[[1.765027,41.389541],[1.765159,41.390065],[1.76461,41.3903],[1.764591,41.390312],[1.764796,41.390587],[1.764931,41.390515],[1.764955,41.390545],[1.765123,41.390607],[1.765407,41.390604],[1.765395,41.390628],[1.765511,41.390625],[1.765905,41.390581],[1.766008,41.39055],[1.765995,41.39048],[1.765976,41.3904],[1.76596,41.390347],[1.765915,41.390216],[1.76587,41.390084],[1.765824,41.389931],[1.765789,41.389806],[1.765787,41.389787],[1.765709,41.389697],[1.765652,41.389674],[1.765495,41.389651],[1.765339,41.389619],[1.765114,41.389561],[1.765027,41.389541]]]]}},{"type":"Feature","id":"082732_082732 AP08 APE 3","properties":{"area_id":"082732_082732 AP08 APE 3","nom":"Ca l'Avi","codi_icgc":"082732 AP08 APE 3","categoria":"Àrees de poblament","codi_municipi":"082732","municipi":"Subirats","codi_comarca":"03","comarca":"Alt Penedès","provincia":"Barcelona","font":"ICGC Àrees de poblament v3r1 202602"},"geometry":{"type":"MultiPolygon","coordinates":[[[[1.737843,41.409958],[1.738007,41.41012],[1.738017,41.410126],[1.738028,41.410121],[1.738079,41.410099],[1.738097,41.410098],[1.73811,41.410103],[1.738122,41.41011],[1.738246,41.410208],[1.738331,41.410236],[1.738534,41.410114],[1.73868,41.410208],[1.738826,41.410303],[1.738925,41.410365],[1.739025,41.410425],[1.739048,41.410441],[1.739173,41.410482],[1.739209,41.410493],[1.73923,41.41048],[1.739302,41.410435],[1.739378,41.410385],[1.739454,41.410335],[1.73946,41.410332],[1.739501,41.4103],[1.739578,41.410262],[1.739632,41.410233],[1.739708,41.410192],[1.739785,41.410151],[1.739893,41.410101],[1.740003,41.410054],[1.740035,41.410043],[1.740086,41.410029],[1.740136,41.410012],[1.740168,41.409996],[1.74021,41.409969],[1.740246,41.409948],[1.740306,41.409978],[1.74038,41.410014],[1.740458,41.410053],[1.740489,41.410071],[1.740648,41.40999],[1.740682,41.40987],[1.74074,41.409659],[1.740762,41.409581],[1.740655,41.409539],[1.740652,41.409548],[1.740648,41.409556],[1.740645,41.409565],[1.74064,41.409573],[1.740633,41.40958],[1.740602,41.409607],[1.740571,41.409634],[1.740511,41.409686],[1.74045,41.409737],[1.740398,41.409779],[1.740347,41.409821],[1.740332,41.409817],[1.740315,41.409812],[1.740277,41.409798],[1.740239,41.409783],[1.740235,41.409773],[1.740227,41.409763],[1.740202,41.409743],[1.740162,41.409724],[1.740123,41.409705],[1.740042,41.409655],[1.73996,41.409606],[1.739866,41.409556],[1.739771,41.409506],[1.739719,41.409476],[1.739674,41.40945],[1.739779,41.409354],[1.739772,41.409349],[1.73981,41.409323],[1.739772,41.409294],[1.73984,41.409241],[1.73992,41.4092],[1.739926,41.409205],[1.739981,41.409243],[1.740039,41.409279],[1.740066,41.409296],[1.740096,41.409311],[1.740114,41.409316],[1.740133,41.409317],[1.740192,41.409311],[1.740251,41.409306],[1.740287,41.409306],[1.740324,41.409305],[1.740339,41.409305],[1.740354,41.409305],[1.740361,41.409303],[1.740362,41.409295],[1.740366,41.409266],[1.740371,41.409236],[1.740369,41.409108],[1.740368,41.409065],[1.740408,41.409058],[1.740462,41.409044],[1.740462,41.409044],[1.740569,41.409016],[1.740804,41.408905],[1.740867,41.408853],[1.740946,41.408788],[1.740966,41.408771],[1.74106,41.408662],[1.741167,41.408577],[1.741223,41.408533],[1.741232,41.408525],[1.741229,41.408523],[1.741224,41.408517],[1.741192,41.408487],[1.741146,41.408442],[1.741114,41.408421],[1.741073,41.408387],[1.741087,41.408377],[1.741028,41.408328],[1.740921,41.408401],[1.740896,41.408381],[1.740878,41.408393],[1.740859,41.408377],[1.74083,41.408397],[1.740816,41.408386],[1.740733,41.408442],[1.740632,41.408356],[1.740542,41.408416],[1.740526,41.408436],[1.740495,41.408473],[1.740488,41.408468],[1.740476,41.408481],[1.740366,41.408529],[1.7403,41.408481],[1.740257,41.40848],[1.740096,41.408551],[1.739917,41.408639],[1.739803,41.408617],[1.739755,41.408627],[1.73969,41.408669],[1.739626,41.408718],[1.739565,41.40876],[1.739547,41.408744],[1.739529,41.408727],[1.73952,41.408719],[1.739511,41.40871],[1.739494,41.408692],[1.73948,41.408675],[1.739466,41.408659],[1.73945,41.40864],[1.739433,41.408622],[1.739426,41.408616],[1.739412,41.408605],[1.739389,41.40859],[1.739375,41.408581],[1.739361,41.408572],[1.739345,41.408563],[1.739328,41.408556],[1.739328,41.408556],[1.739317,41.408559],[1.739307,41.408565],[1.739282,41.408588],[1.739258,41.408612],[1.739238,41.408627],[1.739215,41.40864],[1.739194,41.40865],[1.739171,41.408656],[1.739136,41.408662],[1.739102,41.408663],[1.739072,41.40866],[1.739043,41.408654],[1.739029,41.408646],[1.739017,41.408639],[1.73901,41.408636],[1.739003,41.408638],[1.739001,41.408648],[1.739004,41.408669],[1.739008,41.408689],[1.739014,41.408712],[1.739024,41.408733],[1.739034,41.408746],[1.739054,41.408765],[1.739076,41.408781],[1.739091,41.408794],[1.739108,41.408808],[1.739134,41.408829],[1.739156,41.408846],[1.739161,41.40885],[1.739191,41.40887],[1.739222,41.408889],[1.73924,41.408904],[1.73926,41.408923],[1.739281,41.408943],[1.739323,41.408975],[1.739103,41.409163],[1.739053,41.409206],[1.739011,41.409237],[1.738995,41.409227],[1.738888,41.409322],[1.7389,41.409329],[1.738762,41.409456],[1.738647,41.409556],[1.738542,41.409627],[1.738487,41.409665],[1.738458,41.409685],[1.738417,41.409631],[1.738363,41.409627],[1.738277,41.409669],[1.738191,41.409721],[1.738188,41.409729],[1.738164,41.409806],[1.73816,41.40981],[1.738107,41.409854],[1.738044,41.409888],[1.737876,41.409946],[1.737843,41.409958]]]]}},{"type":"Feature","id":"082732_082732 AP22 APE 1","properties":{"area_id":"082732_082732 AP22 APE 1","nom":"Cal Panxa","codi_icgc":"082732 AP22 APE 1","categoria":"Àrees de poblament","codi_municipi":"082732","municipi":"Subirats","codi_comarca":"03","comarca":"Alt Penedès","provincia":"Barcelona","font":"ICGC Àrees de poblament v3r1 202602"},"geometry":{"type":"MultiPolygon","coordinates":[[[[1.796614,41.405796],[1.796675,41.405647],[1.796816,41.405572],[1.797057,41.405527],[1.797222,41.4055],[1.79744,41.40535],[1.797505,41.405275],[1.797361,41.405156],[1.797304,41.405189],[1.797296,41.405181],[1.797108,41.405233],[1.797001,41.405205],[1.796927,41.405147],[1.796905,41.405135],[1.796878,41.405124],[1.796849,41.405116],[1.796819,41.405112],[1.796788,41.405115],[1.79678,41.405117],[1.796752,41.405128],[1.796674,41.405189],[1.796607,41.405241],[1.796458,41.405344],[1.796453,41.405347],[1.796444,41.405345],[1.796328,41.405319],[1.796203,41.405324],[1.796022,41.405423],[1.795858,41.405563],[1.795883,41.405692],[1.796159,41.405721],[1.79641,41.405738],[1.796512,41.405775],[1.796529,41.40577],[1.796551,41.405765],[1.796551,41.405765],[1.796589,41.405783],[1.796614,41.405796]]],[[[1.79975,41.405231],[1.799631,41.405192],[1.799282,41.405713],[1.79883,41.406194],[1.798733,41.40666],[1.798168,41.407131],[1.798182,41.407144],[1.798208,41.407192],[1.798207,41.407194],[1.798134,41.407319],[1.798025,41.407399],[1.797836,41.407478],[1.797736,41.407551],[1.797585,41.407646],[1.797364,41.40768],[1.796915,41.407749],[1.796909,41.407792],[1.797121,41.407949],[1.797384,41.408235],[1.797529,41.408366],[1.797832,41.408245],[1.797822,41.408226],[1.798103,41.408067],[1.798438,41.407861],[1.798736,41.407656],[1.798737,41.407656],[1.798748,41.407645],[1.799007,41.4074],[1.799019,41.407389],[1.799025,41.407385],[1.799354,41.407197],[1.799733,41.406985],[1.799914,41.406893],[1.799854,41.406778],[1.799791,41.406741],[1.799561,41.406606],[1.799349,41.406489],[1.799354,41.406484],[1.799331,41.406472],[1.799303,41.406454],[1.799284,41.406432],[1.799282,41.406423],[1.799287,41.406405],[1.799301,41.40639],[1.799348,41.406359],[1.799396,41.406329],[1.799451,41.406298],[1.799478,41.406282],[1.799503,41.406264],[1.799549,41.406223],[1.799594,41.406183],[1.799645,41.406138],[1.799696,41.406093],[1.799744,41.40606],[1.799795,41.406027],[1.799839,41.405992],[1.799883,41.405956],[1.799925,41.405921],[1.799967,41.405886],[1.800011,41.405838],[1.800032,41.405816],[1.800134,41.405662],[1.800267,41.40546],[1.79975,41.405231]]]]}},{"type":"Feature","id":"082732_082732 AP07 APE 1","properties":{"area_id":"082732_082732 AP07 APE 1","nom":"Can Bas","codi_icgc":"082732 AP07 APE 1","categoria":"Àrees de poblament","codi_municipi":"082732","municipi":"Subirats","codi_comarca":"03","comarca":"Alt Penedès","provincia":"Barcelona","font":"ICGC Àrees de poblament v3r1 202602"},"geometry":{"type":"MultiPolygon","coordinates":[[[[1.753118,41.404714],[1.75335,41.404908],[1.754022,41.405372],[1.754334,41.405159],[1.7547,41.404906],[1.754847,41.405069],[1.754971,41.405206],[1.755585,41.405809],[1.756402,41.405433],[1.756459,41.4054],[1.756537,41.405353],[1.756134,41.404914],[1.756,41.404767],[1.755379,41.404994],[1.755269,41.404875],[1.755098,41.404691],[1.755088,41.404684],[1.755062,41.404671],[1.755006,41.404653],[1.754961,41.404644],[1.754916,41.404638],[1.754885,41.404638],[1.754833,41.404643],[1.754782,41.404655],[1.754733,41.404671],[1.754688,41.404692],[1.754662,41.40471],[1.75464,41.404728],[1.75462,41.404746],[1.754441,41.404575],[1.75442,41.404553],[1.754405,41.404533],[1.754397,41.404511],[1.754397,41.404509],[1.754201,41.404408],[1.754103,41.404357],[1.754062,41.404387],[1.753747,41.404184],[1.753118,41.404714]]]]}},{"type":"Feature","id":"082732_082732 AP17 APE 3","properties":{"area_id":"082732_082732 AP17 APE 3","nom":"Can Batista","codi_icgc":"082732 AP17 APE 3","categoria":"Àrees de poblament","codi_municipi":"082732","municipi":"Subirats","codi_comarca":"03","comarca":"Alt Penedès","provincia":"Barcelona","font":"ICGC Àrees de poblament v3r1 202602"},"geometry":{"type":"MultiPolygon","coordinates":[[[[1.775777,41.41095],[1.775833,41.410921],[1.775873,41.410898],[1.775873,41.410847],[1.775871,41.410826],[1.775865,41.410791],[1.775856,41.410758],[1.775848,41.410733],[1.775844,41.410727],[1.775839,41.410721],[1.775831,41.410716],[1.775823,41.410714],[1.7758,41.410711],[1.775794,41.41071],[1.775784,41.410706],[1.775773,41.410696],[1.77577,41.410692],[1.775816,41.410677],[1.775822,41.410627],[1.775818,41.410615],[1.775814,41.410601],[1.775827,41.410586],[1.775832,41.410579],[1.775845,41.410539],[1.775834,41.410439],[1.775783,41.410445],[1.775718,41.410452],[1.775712,41.410452],[1.775699,41.410412],[1.775698,41.41041],[1.775635,41.410435],[1.77563,41.410438],[1.775594,41.410365],[1.775499,41.410242],[1.775498,41.41024],[1.775377,41.41028],[1.775375,41.410277],[1.775374,41.410275],[1.775361,41.410254],[1.775349,41.410234],[1.775335,41.41021],[1.77533,41.410204],[1.775312,41.410173],[1.775303,41.410158],[1.775285,41.410128],[1.775282,41.410123],[1.775276,41.410114],[1.775258,41.410082],[1.77525,41.410068],[1.775243,41.410055],[1.77524,41.410049],[1.775216,41.410003],[1.775196,41.409964],[1.775192,41.409957],[1.775162,41.409931],[1.775157,41.409922],[1.775167,41.409919],[1.775106,41.409817],[1.775107,41.409811],[1.775131,41.409771],[1.775203,41.409758],[1.775242,41.409716],[1.775183,41.409567],[1.775141,41.409468],[1.775105,41.409434],[1.775051,41.409402],[1.774981,41.409423],[1.774494,41.409122],[1.774419,41.409277],[1.774368,41.409377],[1.774381,41.409413],[1.774412,41.409413],[1.774428,41.409417],[1.774427,41.409419],[1.774406,41.409455],[1.774405,41.409457],[1.774367,41.409524],[1.774309,41.409626],[1.774273,41.409688],[1.774271,41.409691],[1.77427,41.409692],[1.774255,41.409713],[1.774256,41.409713],[1.774247,41.409743],[1.774177,41.409865],[1.77413,41.409935],[1.774125,41.409943],[1.774498,41.410055],[1.774509,41.410058],[1.774519,41.410192],[1.774522,41.410282],[1.774592,41.410264],[1.774595,41.410265],[1.774595,41.410265],[1.774612,41.410261],[1.774615,41.41026],[1.774664,41.410246],[1.774695,41.410237],[1.774696,41.410238],[1.774697,41.410239],[1.77471,41.410252],[1.774718,41.410261],[1.774728,41.410271],[1.774736,41.410288],[1.774748,41.410314],[1.77477,41.410352],[1.774795,41.410394],[1.774796,41.410395],[1.774829,41.410451],[1.774843,41.410473],[1.774845,41.410483],[1.774866,41.410522],[1.774888,41.410588],[1.77492,41.410694],[1.774918,41.410831],[1.774922,41.41093],[1.775021,41.410926],[1.775021,41.410928],[1.775123,41.410924],[1.775198,41.410921],[1.775201,41.410927],[1.77521,41.410926],[1.77521,41.410915],[1.775216,41.410916],[1.775216,41.410917],[1.775227,41.410923],[1.77523,41.410927],[1.775233,41.410935],[1.77524,41.410958],[1.77525,41.410982],[1.775255,41.410991],[1.775267,41.411008],[1.775277,41.411021],[1.775293,41.411037],[1.775306,41.411048],[1.775339,41.411071],[1.775356,41.411083],[1.775387,41.411103],[1.77542,41.411126],[1.775442,41.411147],[1.775453,41.411162],[1.775459,41.411171],[1.775466,41.411171],[1.775504,41.411172],[1.775505,41.411172],[1.775509,41.41117],[1.77551,41.411169],[1.775515,41.411165],[1.775519,41.411162],[1.775525,41.411157],[1.775532,41.411152],[1.775533,41.411151],[1.775535,41.41115],[1.775536,41.411148],[1.775537,41.411147],[1.775539,41.411146],[1.77554,41.411145],[1.775542,41.411143],[1.775543,41.411142],[1.775545,41.41114],[1.775546,41.411138],[1.775547,41.411137],[1.775549,41.411135],[1.775551,41.411132],[1.775554,41.411129],[1.775557,41.411126],[1.775561,41.41112],[1.775564,41.411116],[1.775569,41.41111],[1.775572,41.411106],[1.775573,41.411104],[1.775574,41.411102],[1.775575,41.411101],[1.7756,41.411069],[1.775617,41.411055],[1.775661,41.41102],[1.775729,41.410977],[1.775777,41.41095]]]]}},{"type":"Feature","id":"082732_082732 AP09 APE 3","properties":{"area_id":"082732_082732 AP09 APE 3","nom":"Can Cartró","codi_icgc":"082732 AP09 APE 3","categoria":"Àrees de poblament","codi_municipi":"082732","municipi":"Subirats","codi_comarca":"03","comarca":"Alt Penedès","provincia":"Barcelona","font":"ICGC Àrees de poblament v3r1 202602"},"geometry":{"type":"MultiPolygon","coordinates":[[[[1.737422,41.396477],[1.737484,41.396441],[1.737494,41.396415],[1.737485,41.396393],[1.737461,41.396349],[1.737486,41.396338],[1.737528,41.39632],[1.737576,41.3963],[1.737625,41.396278],[1.737642,41.396266],[1.737651,41.396248],[1.737652,41.396235],[1.737646,41.396221],[1.73764,41.396207],[1.737693,41.396269],[1.737817,41.396414],[1.737855,41.396457],[1.737882,41.396564],[1.737887,41.396588],[1.737891,41.396628],[1.738014,41.396611],[1.738072,41.396601],[1.738105,41.396597],[1.738123,41.396595],[1.738096,41.396551],[1.738252,41.396512],[1.738246,41.396496],[1.738265,41.396495],[1.738284,41.396495],[1.738302,41.396498],[1.738317,41.396507],[1.738346,41.396536],[1.738374,41.396563],[1.738574,41.396523],[1.739296,41.396376],[1.739365,41.396442],[1.739509,41.396401],[1.739634,41.396365],[1.739964,41.396364],[1.74,41.396369],[1.740073,41.396355],[1.740229,41.39633],[1.740417,41.396317],[1.740439,41.39631],[1.740508,41.39629],[1.740482,41.396212],[1.740149,41.396176],[1.740104,41.396175],[1.740096,41.396119],[1.74008,41.395955],[1.739955,41.395939],[1.739951,41.395929],[1.739943,41.395914],[1.739588,41.395849],[1.739552,41.395705],[1.739179,41.395709],[1.739133,41.395556],[1.739175,41.395477],[1.739188,41.395479],[1.739188,41.395478],[1.739053,41.395461],[1.739052,41.395454],[1.738994,41.395439],[1.738934,41.39543],[1.738873,41.395426],[1.738813,41.395428],[1.738807,41.395429],[1.738551,41.395481],[1.738537,41.395485],[1.738482,41.395501],[1.738448,41.395436],[1.738443,41.395428],[1.738415,41.395373],[1.738389,41.395322],[1.73834,41.395232],[1.73826,41.395084],[1.738124,41.395156],[1.738013,41.395312],[1.737933,41.395424],[1.737929,41.395429],[1.73784,41.395582],[1.73798,41.395618],[1.738014,41.395701],[1.738032,41.395709],[1.738028,41.39572],[1.73802,41.395736],[1.738012,41.395749],[1.738002,41.395763],[1.737988,41.395782],[1.737925,41.395849],[1.737919,41.395855],[1.73788,41.395893],[1.737831,41.395933],[1.737811,41.395945],[1.737764,41.395974],[1.737694,41.396013],[1.737599,41.396065],[1.737502,41.396114],[1.737483,41.396122],[1.737379,41.396167],[1.737254,41.39622],[1.737174,41.396252],[1.737119,41.396274],[1.737109,41.396277],[1.737103,41.396278],[1.7371,41.396278],[1.737087,41.396276],[1.73703,41.396216],[1.736807,41.396284],[1.736842,41.396344],[1.73684,41.39635],[1.736837,41.396353],[1.736833,41.396356],[1.73682,41.396362],[1.736805,41.396364],[1.73676,41.396366],[1.736682,41.396366],[1.736642,41.396368],[1.736602,41.396374],[1.736553,41.396385],[1.736541,41.396386],[1.736534,41.396384],[1.736529,41.39638],[1.736525,41.396375],[1.736507,41.396345],[1.736454,41.396323],[1.736384,41.396294],[1.736307,41.396261],[1.736265,41.396243],[1.736236,41.396239],[1.736136,41.396275],[1.736122,41.396272],[1.736095,41.396263],[1.736093,41.396266],[1.736071,41.396259],[1.736039,41.396329],[1.736033,41.396342],[1.736013,41.396382],[1.735985,41.396427],[1.735814,41.396626],[1.735825,41.396642],[1.73577,41.39667],[1.735744,41.396703],[1.735775,41.396727],[1.735858,41.396794],[1.735974,41.396886],[1.736188,41.396785],[1.736275,41.396757],[1.736334,41.396829],[1.736673,41.396694],[1.736707,41.396716],[1.736908,41.396649],[1.737125,41.396868],[1.73746,41.396712],[1.737334,41.39653],[1.737422,41.396477]]]]}},{"type":"Feature","id":"082732_082732 AP29 APE 2","properties":{"area_id":"082732_082732 AP29 APE 2","nom":"Can Revella","codi_icgc":"082732 AP29 APE 2","categoria":"Àrees de poblament","codi_municipi":"082732","municipi":"Subirats","codi_comarca":"03","comarca":"Alt Penedès","provincia":"Barcelona","font":"ICGC Àrees de poblament v3r1 202602"},"geometry":{"type":"MultiPolygon","coordinates":[[[[1.834535,41.394452],[1.834719,41.394631],[1.83477,41.394658],[1.834851,41.394778],[1.834861,41.394877],[1.834924,41.394907],[1.835282,41.395318],[1.835303,41.395337],[1.835328,41.395359],[1.835466,41.395582],[1.835514,41.395611],[1.835552,41.395599],[1.835596,41.395584],[1.835643,41.395612],[1.835706,41.395657],[1.835729,41.395671],[1.835758,41.395798],[1.835929,41.395747],[1.835975,41.395783],[1.83601,41.395806],[1.836057,41.395832],[1.83606,41.395831],[1.836075,41.395824],[1.836223,41.395747],[1.836236,41.395609],[1.836238,41.395589],[1.836206,41.395548],[1.836171,41.395504],[1.836136,41.395459],[1.836105,41.395423],[1.836095,41.395406],[1.836093,41.3954],[1.836094,41.395396],[1.836113,41.395377],[1.836139,41.395358],[1.836163,41.395342],[1.83619,41.395323],[1.836198,41.395312],[1.836198,41.395295],[1.836193,41.395281],[1.836176,41.395247],[1.836159,41.395215],[1.836139,41.395172],[1.83612,41.395129],[1.836097,41.395088],[1.836069,41.395048],[1.836044,41.395017],[1.835981,41.394961],[1.835966,41.394947],[1.835966,41.394934],[1.835966,41.394859],[1.835966,41.394849],[1.835914,41.394818],[1.835862,41.394772],[1.835581,41.394613],[1.835684,41.394448],[1.835684,41.394447],[1.835677,41.394427],[1.835673,41.394414],[1.835646,41.39441],[1.835601,41.39441],[1.835549,41.394417],[1.8355,41.394424],[1.835458,41.394427],[1.835415,41.394428],[1.835353,41.394429],[1.835302,41.39443],[1.835173,41.394432],[1.83516,41.394422],[1.835113,41.394386],[1.835045,41.394333],[1.834994,41.394294],[1.834966,41.394275],[1.83495,41.394264],[1.834932,41.394252],[1.834535,41.394452]]]]}},{"type":"Feature","id":"082732_082732 AP23 APE 2","properties":{"area_id":"082732_082732 AP23 APE 2","nom":"Can Rial","codi_icgc":"082732 AP23 APE 2","categoria":"Àrees de poblament","codi_municipi":"082732","municipi":"Subirats","codi_comarca":"03","comarca":"Alt Penedès","provincia":"Barcelona","font":"ICGC Àrees de poblament v3r1 202602"},"geometry":{"type":"MultiPolygon","coordinates":[[[[1.848439,41.397624],[1.848463,41.397586],[1.848433,41.397576],[1.848375,41.397557],[1.84834,41.39754],[1.848313,41.397524],[1.848286,41.397507],[1.848354,41.397331],[1.848323,41.397324],[1.848331,41.397303],[1.84834,41.397278],[1.848338,41.397275],[1.848333,41.397273],[1.848285,41.397264],[1.848236,41.397254],[1.848095,41.397229],[1.847954,41.397202],[1.847661,41.397144],[1.847368,41.397086],[1.847347,41.397081],[1.847211,41.397054],[1.847184,41.397053],[1.847158,41.397056],[1.847104,41.39707],[1.847068,41.397078],[1.847047,41.397079],[1.847021,41.397077],[1.846995,41.397071],[1.846984,41.397062],[1.846951,41.397019],[1.846918,41.396977],[1.846916,41.39697],[1.846907,41.396935],[1.846903,41.396899],[1.846905,41.396869],[1.84691,41.396839],[1.846919,41.396808],[1.846926,41.396778],[1.846928,41.396745],[1.846927,41.396713],[1.846926,41.396684],[1.846925,41.396655],[1.846918,41.396632],[1.846903,41.39661],[1.846879,41.396585],[1.846852,41.396563],[1.846805,41.396534],[1.846758,41.396504],[1.846746,41.396497],[1.84674,41.396493],[1.846735,41.396489],[1.846707,41.396472],[1.846657,41.39644],[1.846602,41.396408],[1.846547,41.396376],[1.846495,41.396346],[1.846443,41.396315],[1.8464,41.396289],[1.846356,41.396262],[1.846309,41.396234],[1.846261,41.396209],[1.846205,41.396182],[1.846149,41.396155],[1.84612,41.396142],[1.84605,41.396109],[1.845979,41.396076],[1.845964,41.396071],[1.845948,41.39607],[1.84593,41.396072],[1.845902,41.39608],[1.845875,41.39609],[1.845851,41.396102],[1.845817,41.396121],[1.845811,41.396124],[1.84581,41.396182],[1.845844,41.396234],[1.845865,41.396291],[1.845881,41.396386],[1.84587,41.396406],[1.845895,41.396543],[1.846003,41.39666],[1.846121,41.396761],[1.846168,41.396848],[1.846196,41.396852],[1.846369,41.397027],[1.846547,41.397177],[1.846502,41.397214],[1.84658,41.397307],[1.846614,41.397358],[1.846648,41.39741],[1.84668,41.397462],[1.846703,41.397422],[1.846732,41.397384],[1.846768,41.397349],[1.84681,41.397317],[1.846856,41.397291],[1.846907,41.397268],[1.846961,41.397251],[1.847011,41.397241],[1.847028,41.397265],[1.847043,41.397278],[1.847052,41.397286],[1.847081,41.397303],[1.847109,41.397313],[1.847159,41.397329],[1.847211,41.397341],[1.847221,41.397342],[1.847199,41.397406],[1.847169,41.397503],[1.847433,41.397564],[1.847481,41.397573],[1.847473,41.397592],[1.847468,41.397614],[1.847469,41.397629],[1.847533,41.397668],[1.847546,41.397659],[1.847563,41.397653],[1.847578,41.397651],[1.847605,41.397654],[1.847644,41.397665],[1.847664,41.397669],[1.847683,41.39767],[1.847735,41.397666],[1.847761,41.397662],[1.847785,41.397656],[1.847843,41.397636],[1.847891,41.397611],[1.847924,41.397618],[1.8481,41.397768],[1.848206,41.397862],[1.848276,41.397924],[1.848299,41.397886],[1.848374,41.397737],[1.848436,41.397629],[1.848439,41.397624]]]]}},{"type":"Feature","id":"082732_082732 AP13 APE 3","properties":{"area_id":"082732_082732 AP13 APE 3","nom":"Can Rosell","codi_icgc":"082732 AP13 APE 3","categoria":"Àrees de poblament","codi_municipi":"082732","municipi":"Subirats","codi_comarca":"03","comarca":"Alt Penedès","provincia":"Barcelona","font":"ICGC Àrees de poblament v3r1 202602"},"geometry":{"type":"MultiPolygon","coordinates":[[[[1.805227,41.398913],[1.805273,41.398837],[1.805288,41.39882],[1.805365,41.39873],[1.805386,41.39871],[1.805411,41.398693],[1.805436,41.398678],[1.805465,41.39866],[1.805497,41.398635],[1.805498,41.398635],[1.805513,41.398617],[1.805521,41.398606],[1.805529,41.398591],[1.805535,41.398568],[1.805538,41.39855],[1.805541,41.398533],[1.80554,41.398515],[1.805539,41.398503],[1.805534,41.398485],[1.805524,41.398458],[1.80552,41.398439],[1.805521,41.398429],[1.805526,41.398414],[1.80553,41.398403],[1.805536,41.398391],[1.805543,41.398386],[1.805556,41.39838],[1.805576,41.398375],[1.805604,41.398371],[1.805645,41.398365],[1.805764,41.398352],[1.80594,41.398332],[1.805987,41.398328],[1.806031,41.398325],[1.806126,41.398321],[1.806289,41.398315],[1.806412,41.398309],[1.806515,41.398308],[1.806563,41.398309],[1.807129,41.398333],[1.807179,41.398329],[1.807187,41.398328],[1.807207,41.398326],[1.807205,41.398316],[1.807203,41.398309],[1.807202,41.3983],[1.807198,41.398281],[1.807191,41.398252],[1.807185,41.398237],[1.80717,41.398219],[1.807155,41.398201],[1.807124,41.39816],[1.807095,41.398118],[1.80708,41.398096],[1.80707,41.398079],[1.807066,41.398071],[1.807062,41.398064],[1.807062,41.398058],[1.807062,41.39805],[1.807067,41.398043],[1.807075,41.398036],[1.807091,41.398029],[1.807109,41.398021],[1.807123,41.398013],[1.807138,41.398001],[1.80718,41.397956],[1.807225,41.397898],[1.807246,41.397864],[1.807257,41.397845],[1.807269,41.397823],[1.807272,41.397818],[1.807276,41.397815],[1.80728,41.397812],[1.807282,41.397812],[1.807285,41.397811],[1.807289,41.397811],[1.807296,41.397812],[1.807307,41.397812],[1.807309,41.397813],[1.807329,41.397816],[1.807339,41.397818],[1.807341,41.397819],[1.807347,41.397821],[1.807352,41.397823],[1.807355,41.397825],[1.807359,41.39783],[1.807363,41.397835],[1.807409,41.397898],[1.807564,41.398138],[1.807653,41.398262],[1.807803,41.398287],[1.807919,41.398278],[1.807982,41.39826],[1.807835,41.398042],[1.807568,41.397636],[1.807421,41.397708],[1.807358,41.397744],[1.807307,41.397772],[1.807284,41.397786],[1.807215,41.397836],[1.807203,41.397845],[1.806771,41.397775],[1.806737,41.397771],[1.806733,41.397779],[1.806705,41.39784],[1.806652,41.397955],[1.80658,41.397942],[1.806338,41.397898],[1.806134,41.397859],[1.806,41.397834],[1.80596,41.397668],[1.80577,41.39769],[1.805536,41.397641],[1.805526,41.397642],[1.805482,41.397629],[1.805437,41.397617],[1.805393,41.397605],[1.805334,41.39762],[1.805302,41.397628],[1.805231,41.397646],[1.805172,41.397661],[1.805136,41.397674],[1.805116,41.397686],[1.805106,41.397692],[1.805065,41.397723],[1.805024,41.397755],[1.804989,41.397745],[1.804962,41.397737],[1.804942,41.397777],[1.804914,41.397832],[1.804984,41.397852],[1.804919,41.398014],[1.804843,41.398072],[1.80446,41.398276],[1.804445,41.398294],[1.804422,41.398322],[1.804418,41.398326],[1.804409,41.398337],[1.804377,41.398376],[1.804136,41.398724],[1.804152,41.39873],[1.804222,41.398755],[1.804415,41.398829],[1.804418,41.39883],[1.804422,41.398822],[1.804429,41.398808],[1.804462,41.398824],[1.804488,41.398803],[1.804608,41.398855],[1.804692,41.398887],[1.8047,41.398888],[1.804705,41.398889],[1.804895,41.398837],[1.804898,41.398838],[1.80493,41.398844],[1.804963,41.398863],[1.805015,41.398876],[1.805126,41.398916],[1.805192,41.398936],[1.80521,41.398941],[1.805227,41.398913]]]]}},{"type":"Feature","id":"082732_082732 AP18 APE 3","properties":{"area_id":"082732_082732 AP18 APE 3","nom":"Can Rossell de la Costa","codi_icgc":"082732 AP18 APE 3","categoria":"Àrees de poblament","codi_municipi":"082732","municipi":"Subirats","codi_comarca":"03","comarca":"Alt Penedès","provincia":"Barcelona","font":"ICGC Àrees de poblament v3r1 202602"},"geometry":{"type":"MultiPolygon","coordinates":[[[[1.796208,41.402455],[1.796437,41.40241],[1.796474,41.402423],[1.796589,41.402395],[1.79725,41.402238],[1.797555,41.402165],[1.797612,41.40216],[1.797751,41.402616],[1.798133,41.402575],[1.798374,41.402448],[1.79873,41.402275],[1.798749,41.402265],[1.798758,41.402261],[1.798755,41.402257],[1.798716,41.402193],[1.798722,41.402194],[1.798753,41.402209],[1.798788,41.402219],[1.798801,41.402222],[1.798808,41.402223],[1.798815,41.402223],[1.798913,41.402158],[1.799036,41.402077],[1.799219,41.401948],[1.79928,41.401904],[1.799425,41.4018],[1.799177,41.401605],[1.79917,41.401597],[1.799165,41.401591],[1.799176,41.401441],[1.79918,41.401418],[1.799188,41.401404],[1.799199,41.40139],[1.799228,41.401354],[1.799251,41.401337],[1.799413,41.401162],[1.79951,41.401063],[1.799618,41.40096],[1.799631,41.40095],[1.799738,41.400882],[1.7998,41.40086],[1.799869,41.400836],[1.799997,41.4008],[1.800029,41.400788],[1.800359,41.400666],[1.800478,41.400622],[1.800603,41.400576],[1.800623,41.400568],[1.800637,41.400563],[1.800883,41.400477],[1.800888,41.400475],[1.80113,41.400375],[1.801136,41.400373],[1.801313,41.4003],[1.801313,41.4003],[1.801326,41.400295],[1.801326,41.400295],[1.801503,41.400219],[1.801373,41.400096],[1.801285,41.40003],[1.801174,41.399954],[1.801043,41.39987],[1.801019,41.399856],[1.800981,41.399882],[1.800938,41.39985],[1.800919,41.399842],[1.800781,41.399785],[1.800673,41.399753],[1.800592,41.399729],[1.800571,41.399732],[1.800481,41.399716],[1.800435,41.399708],[1.800345,41.399694],[1.800332,41.399694],[1.800245,41.399694],[1.80023,41.399694],[1.800224,41.399694],[1.800202,41.399694],[1.800097,41.399693],[1.800048,41.399693],[1.799898,41.399705],[1.799852,41.399712],[1.799763,41.399726],[1.799639,41.399763],[1.799659,41.399912],[1.799668,41.400157],[1.799684,41.400273],[1.799675,41.400275],[1.799643,41.400289],[1.799624,41.4003],[1.799587,41.400322],[1.799552,41.400349],[1.799528,41.400375],[1.799504,41.400399],[1.799491,41.400417],[1.799478,41.400441],[1.799471,41.400466],[1.799471,41.400483],[1.799474,41.400528],[1.799477,41.400574],[1.799479,41.40061],[1.799479,41.400647],[1.799473,41.400679],[1.799469,41.400697],[1.799459,41.400729],[1.799443,41.400759],[1.799427,41.400776],[1.799408,41.400792],[1.799373,41.400817],[1.799319,41.400853],[1.799272,41.400882],[1.799237,41.400897],[1.799175,41.400916],[1.799113,41.400932],[1.799085,41.400939],[1.798629,41.401029],[1.798618,41.401029],[1.798603,41.401028],[1.798577,41.40102],[1.798525,41.400995],[1.798479,41.400967],[1.798447,41.400949],[1.798421,41.40093],[1.798405,41.400913],[1.798391,41.400891],[1.798363,41.400839],[1.798354,41.400819],[1.798326,41.400745],[1.798327,41.400744],[1.798349,41.400735],[1.798371,41.400725],[1.798411,41.400702],[1.798445,41.400673],[1.798472,41.400641],[1.798496,41.400608],[1.798522,41.400558],[1.798535,41.400532],[1.798549,41.400509],[1.798577,41.400477],[1.798525,41.400479],[1.798511,41.400467],[1.79848,41.400438],[1.798437,41.400399],[1.798397,41.400357],[1.798374,41.400328],[1.798325,41.400255],[1.798277,41.400183],[1.798255,41.400152],[1.798243,41.40014],[1.798215,41.400118],[1.798203,41.400111],[1.798058,41.400079],[1.797859,41.400017],[1.797847,41.400013],[1.797681,41.39996],[1.797553,41.39993],[1.79752,41.399923],[1.797393,41.399897],[1.797209,41.399854],[1.797173,41.399847],[1.797037,41.39982],[1.796855,41.39979],[1.796814,41.399784],[1.796659,41.39976],[1.796472,41.399732],[1.796457,41.39973],[1.796456,41.39973],[1.796206,41.399685],[1.795934,41.399636],[1.795931,41.399635],[1.795869,41.399625],[1.795858,41.399623],[1.795722,41.399936],[1.795689,41.400012],[1.795569,41.399972],[1.795532,41.399955],[1.795453,41.399912],[1.795373,41.39987],[1.7953,41.399831],[1.795228,41.399793],[1.795179,41.399921],[1.795119,41.400034],[1.795087,41.400106],[1.795082,41.400117],[1.79508,41.400148],[1.795077,41.400199],[1.795086,41.400268],[1.795113,41.400371],[1.795136,41.400463],[1.795139,41.40047],[1.795168,41.400562],[1.795204,41.400646],[1.795214,41.400691],[1.795216,41.4007],[1.795237,41.400761],[1.795309,41.400965],[1.795329,41.401049],[1.795361,41.401139],[1.795365,41.401148],[1.795389,41.4012],[1.795417,41.401304],[1.795315,41.401321],[1.795306,41.401323],[1.79503,41.401367],[1.794812,41.401406],[1.794844,41.401537],[1.794942,41.401863],[1.794975,41.401956],[1.795008,41.402048],[1.795038,41.402132],[1.795055,41.402174],[1.795073,41.402215],[1.795086,41.402237],[1.795106,41.402266],[1.795132,41.402298],[1.79516,41.402328],[1.795181,41.402347],[1.795192,41.402359],[1.795216,41.402377],[1.795235,41.402389],[1.795376,41.402423],[1.795523,41.402494],[1.795771,41.402614],[1.795819,41.402637],[1.79584,41.402634],[1.795891,41.402604],[1.796014,41.402545],[1.796016,41.402544],[1.796207,41.402456],[1.796208,41.402455]]]]}},{"type":"Feature","id":"082732_082732 AP11 APE 3","properties":{"area_id":"082732_082732 AP11 APE 3","nom":"Cantallops","codi_icgc":"082732 AP11 APE 3","categoria":"Àrees de poblament","codi_municipi":"082732","municipi":"Subirats","codi_comarca":"03","comarca":"Alt Penedès","provincia":"Barcelona","font":"ICGC Àrees de poblament v3r1 202602"},"geometry":{"type":"MultiPolygon","coordinates":[[[[1.801656,41.368594],[1.802015,41.368709],[1.802101,41.368747],[1.802176,41.368781],[1.802224,41.368796],[1.80222,41.368803],[1.802254,41.368826],[1.802289,41.368856],[1.802309,41.368878],[1.802312,41.368888],[1.80231,41.368896],[1.802306,41.368903],[1.802302,41.368909],[1.802239,41.368995],[1.802225,41.369022],[1.802183,41.369006],[1.802136,41.369074],[1.802182,41.369121],[1.802426,41.369305],[1.802364,41.369406],[1.802376,41.369409],[1.802402,41.369416],[1.802409,41.369414],[1.802417,41.369413],[1.802422,41.369415],[1.802428,41.369419],[1.802438,41.369428],[1.802459,41.369448],[1.80248,41.369467],[1.802554,41.369536],[1.802627,41.369604],[1.802674,41.369652],[1.802737,41.369727],[1.802802,41.369801],[1.802829,41.369828],[1.802856,41.369855],[1.802861,41.369859],[1.802867,41.369864],[1.802875,41.369867],[1.802889,41.369868],[1.802904,41.369866],[1.802933,41.36986],[1.802963,41.369854],[1.803364,41.369785],[1.804577,41.37155],[1.804623,41.371541],[1.804636,41.371539],[1.804698,41.371539],[1.804761,41.371543],[1.804845,41.371545],[1.804925,41.371548],[1.804943,41.371548],[1.804958,41.371517],[1.804916,41.371483],[1.804622,41.371047],[1.804611,41.371005],[1.804611,41.370995],[1.804603,41.37098],[1.804587,41.370953],[1.804281,41.370438],[1.80429,41.370436],[1.804254,41.370377],[1.804165,41.370228],[1.803948,41.369894],[1.803926,41.369868],[1.8039,41.36986],[1.803878,41.369859],[1.803843,41.369868],[1.803736,41.369902],[1.803762,41.369856],[1.803766,41.369793],[1.803749,41.369738],[1.803806,41.369686],[1.80382,41.369692],[1.803828,41.369669],[1.803823,41.369662],[1.803818,41.369653],[1.80381,41.369641],[1.803786,41.369624],[1.803676,41.36955],[1.803661,41.36954],[1.803664,41.369537],[1.803661,41.369534],[1.803719,41.369482],[1.803736,41.369463],[1.80349,41.3693],[1.803492,41.369297],[1.80349,41.369296],[1.803554,41.36923],[1.803359,41.369126],[1.803088,41.368988],[1.802947,41.368913],[1.802938,41.368909],[1.802856,41.368988],[1.802801,41.36904],[1.802753,41.369018],[1.802706,41.368996],[1.802644,41.368966],[1.802634,41.36896],[1.802586,41.368933],[1.802474,41.368861],[1.802337,41.368777],[1.802279,41.368748],[1.802194,41.36871],[1.802106,41.368676],[1.802045,41.368654],[1.80201,41.36864],[1.801995,41.368632],[1.801983,41.368621],[1.801972,41.368608],[1.801973,41.368608],[1.801977,41.368601],[1.801963,41.368597],[1.80195,41.368593],[1.801954,41.368585],[1.801961,41.368568],[1.801964,41.368563],[1.802024,41.36843],[1.802048,41.368378],[1.802072,41.368325],[1.802099,41.36826],[1.802102,41.368254],[1.802172,41.368256],[1.802204,41.368257],[1.802237,41.368262],[1.802268,41.368273],[1.802321,41.368292],[1.802346,41.368303],[1.802361,41.368308],[1.802377,41.368313],[1.802391,41.368317],[1.802406,41.368319],[1.802425,41.368321],[1.802444,41.368321],[1.802461,41.368319],[1.802477,41.368317],[1.802477,41.368317],[1.802488,41.368313],[1.802516,41.368301],[1.802552,41.36828],[1.802577,41.368262],[1.802548,41.36825],[1.802518,41.368238],[1.802419,41.368197],[1.802321,41.368153],[1.802288,41.368135],[1.802259,41.368114],[1.802203,41.368069],[1.802161,41.368044],[1.802079,41.368003],[1.802041,41.367985],[1.802046,41.367977],[1.801998,41.367962],[1.801921,41.367944],[1.801918,41.367943],[1.80188,41.367963],[1.801817,41.368015],[1.801762,41.368069],[1.801694,41.368134],[1.801641,41.368202],[1.801615,41.36826],[1.801689,41.368287],[1.80173,41.368306],[1.801749,41.36833],[1.80176,41.368359],[1.801755,41.36839],[1.801704,41.3685],[1.801656,41.368594]]]]}},{"type":"Feature","id":"082732_082732 AP06 APE 2","properties":{"area_id":"082732_082732 AP06 APE 2","nom":"Carrer de Can Rovira","codi_icgc":"082732 AP06 APE 2","categoria":"Àrees de poblament","codi_municipi":"082732","municipi":"Subirats","codi_comarca":"03","comarca":"Alt Penedès","provincia":"Barcelona","font":"ICGC Àrees de poblament v3r1 202602"},"geometry":{"type":"MultiPolygon","coordinates":[[[[1.795116,41.378051],[1.795316,41.377987],[1.795515,41.377924],[1.795607,41.377893],[1.795698,41.37786],[1.795716,41.377851],[1.795732,41.37784],[1.795759,41.377811],[1.795773,41.377792],[1.795781,41.377773],[1.79578,41.37776],[1.796207,41.377585],[1.796058,41.377396],[1.796057,41.377384],[1.796044,41.377383],[1.79601,41.377405],[1.795945,41.377447],[1.795879,41.37749],[1.795809,41.377533],[1.795736,41.377574],[1.795702,41.377592],[1.795664,41.377604],[1.795537,41.377633],[1.795408,41.377661],[1.795323,41.37768],[1.795077,41.377741],[1.794831,41.377801],[1.794634,41.377848],[1.794488,41.377883],[1.794437,41.377895],[1.794213,41.37795],[1.794081,41.377983],[1.794064,41.377985],[1.794045,41.377985],[1.794028,41.377985],[1.79401,41.377982],[1.794001,41.377981],[1.793991,41.377978],[1.793829,41.378016],[1.79379,41.377919],[1.793732,41.377854],[1.793706,41.37785],[1.793513,41.377902],[1.793587,41.378073],[1.793609,41.378174],[1.793717,41.378216],[1.793827,41.378257],[1.793885,41.378279],[1.793916,41.378286],[1.793949,41.378287],[1.794056,41.378275],[1.794162,41.378264],[1.794227,41.378256],[1.794324,41.378243],[1.794372,41.378238],[1.794421,41.378234],[1.794443,41.378232],[1.794465,41.378231],[1.79452,41.378221],[1.794544,41.378217],[1.794575,41.378211],[1.79464,41.378197],[1.794705,41.378181],[1.794756,41.378168],[1.794774,41.378162],[1.794848,41.378138],[1.79494,41.378108],[1.794945,41.378106],[1.794954,41.378103],[1.794972,41.378097],[1.795116,41.378051]]]]}},{"type":"Feature","id":"082732_082732 AP19 APE 3","properties":{"area_id":"082732_082732 AP19 APE 3","nom":"Casablanca","codi_icgc":"082732 AP19 APE 3","categoria":"Àrees de poblament","codi_municipi":"082732","municipi":"Subirats","codi_comarca":"03","comarca":"Alt Penedès","provincia":"Barcelona","font":"ICGC Àrees de poblament v3r1 202602"},"geometry":{"type":"MultiPolygon","coordinates":[[[[1.836646,41.426945],[1.836679,41.426887],[1.836717,41.426819],[1.836733,41.426789],[1.836754,41.426749],[1.836782,41.426689],[1.836803,41.426628],[1.836835,41.426503],[1.836841,41.426456],[1.836836,41.42641],[1.83683,41.426393],[1.83682,41.426378],[1.836815,41.426368],[1.836813,41.426365],[1.836803,41.426345],[1.836795,41.426317],[1.836794,41.426288],[1.836805,41.426251],[1.836824,41.426215],[1.836854,41.426174],[1.836884,41.426132],[1.836944,41.426049],[1.837039,41.425912],[1.837134,41.425774],[1.837294,41.425544],[1.83743,41.425347],[1.837453,41.425314],[1.837557,41.42512],[1.837646,41.424956],[1.838003,41.424632],[1.838026,41.424623],[1.838093,41.424598],[1.838307,41.424427],[1.838377,41.424371],[1.838412,41.424324],[1.838556,41.424044],[1.838556,41.424044],[1.838623,41.423745],[1.838504,41.423724],[1.838443,41.423682],[1.838414,41.423726],[1.8384,41.423752],[1.838346,41.423668],[1.838342,41.423671],[1.838341,41.42367],[1.838309,41.423616],[1.837932,41.422996],[1.837948,41.422991],[1.838005,41.422973],[1.838047,41.422958],[1.838087,41.422941],[1.838112,41.422928],[1.83815,41.422905],[1.838189,41.422881],[1.838277,41.422821],[1.839021,41.422837],[1.839058,41.422838],[1.839108,41.422839],[1.83901,41.422657],[1.839069,41.422653],[1.839626,41.422614],[1.839589,41.422129],[1.839609,41.422129],[1.839712,41.42213],[1.839931,41.422132],[1.840024,41.421914],[1.840539,41.421433],[1.840844,41.421294],[1.841119,41.421168],[1.841194,41.421159],[1.841303,41.421147],[1.84137,41.421139],[1.841436,41.421131],[1.84147,41.421124],[1.841475,41.421123],[1.841528,41.4211],[1.841574,41.421069],[1.841625,41.421022],[1.841672,41.420973],[1.841719,41.420921],[1.841727,41.420913],[1.841778,41.420851],[1.841792,41.420833],[1.841805,41.420816],[1.841947,41.420661],[1.842037,41.420533],[1.842038,41.420528],[1.842034,41.420513],[1.842024,41.420499],[1.842008,41.420489],[1.841988,41.420483],[1.841987,41.420483],[1.842012,41.420392],[1.842054,41.42037],[1.842117,41.420222],[1.842132,41.420163],[1.842157,41.420067],[1.842163,41.41992],[1.842158,41.419824],[1.841686,41.419776],[1.841358,41.419778],[1.841175,41.419782],[1.841071,41.419396],[1.841088,41.419387],[1.841105,41.419379],[1.841116,41.419372],[1.841129,41.419359],[1.841136,41.419343],[1.841155,41.419273],[1.841174,41.419202],[1.841194,41.41913],[1.841221,41.419035],[1.841249,41.418939],[1.841268,41.418879],[1.841279,41.418853],[1.841294,41.418827],[1.841308,41.418809],[1.841323,41.418795],[1.841345,41.418771],[1.841385,41.418733],[1.841376,41.418697],[1.84136,41.418708],[1.841306,41.418675],[1.841219,41.418617],[1.841108,41.418526],[1.84096,41.418408],[1.840825,41.418248],[1.840642,41.418266],[1.840528,41.418283],[1.840295,41.418317],[1.840113,41.418359],[1.840119,41.418393],[1.840142,41.418523],[1.840197,41.418753],[1.840132,41.418765],[1.839877,41.418849],[1.839809,41.418873],[1.839724,41.418902],[1.839571,41.418955],[1.839521,41.418973],[1.839471,41.418991],[1.839439,41.419004],[1.83938,41.419025],[1.839321,41.419047],[1.839282,41.419062],[1.839243,41.419077],[1.839212,41.419064],[1.83918,41.419051],[1.839141,41.419034],[1.839103,41.419016],[1.839063,41.418996],[1.839022,41.418976],[1.838949,41.418924],[1.8389,41.41889],[1.838774,41.418801],[1.838729,41.418775],[1.838701,41.418762],[1.838582,41.418719],[1.838462,41.418677],[1.838347,41.418638],[1.838233,41.418597],[1.838108,41.418543],[1.837984,41.418487],[1.837906,41.418453],[1.837828,41.418419],[1.837796,41.418408],[1.837761,41.4184],[1.83769,41.418389],[1.837635,41.418384],[1.83758,41.418383],[1.837523,41.418384],[1.837505,41.418388],[1.837484,41.418398],[1.837458,41.418421],[1.837435,41.418443],[1.837423,41.418455],[1.837411,41.418466],[1.837402,41.418471],[1.837396,41.418473],[1.837408,41.418527],[1.837435,41.418528],[1.837507,41.418534],[1.837565,41.418541],[1.837621,41.41855],[1.837652,41.418556],[1.837695,41.418571],[1.837715,41.418581],[1.837733,41.418593],[1.837761,41.418617],[1.837798,41.418654],[1.837833,41.418692],[1.837896,41.418765],[1.83796,41.418838],[1.83801,41.418887],[1.838038,41.41891],[1.83807,41.41893],[1.838122,41.418956],[1.838175,41.41898],[1.838224,41.419],[1.838273,41.419021],[1.838303,41.419038],[1.838342,41.419069],[1.838379,41.419102],[1.838422,41.419143],[1.838439,41.419164],[1.838449,41.419188],[1.838452,41.419218],[1.83845,41.419263],[1.838449,41.419307],[1.838453,41.419354],[1.838461,41.419401],[1.838471,41.419431],[1.838493,41.419474],[1.838522,41.419514],[1.838575,41.419578],[1.838629,41.419641],[1.83869,41.419713],[1.838752,41.419785],[1.838807,41.419854],[1.838832,41.41989],[1.838855,41.419927],[1.838867,41.419952],[1.838877,41.419991],[1.83888,41.420029],[1.838877,41.4201],[1.83887,41.420171],[1.838857,41.420235],[1.838844,41.420299],[1.838841,41.42033],[1.838842,41.420376],[1.838851,41.420423],[1.838861,41.420451],[1.838881,41.420492],[1.838906,41.420532],[1.83894,41.420575],[1.838998,41.420635],[1.839026,41.420667],[1.839049,41.420701],[1.839058,41.42072],[1.839066,41.420749],[1.839068,41.420777],[1.839063,41.420811],[1.839052,41.420844],[1.839024,41.420897],[1.838997,41.420951],[1.838985,41.42097],[1.83897,41.420988],[1.838931,41.42102],[1.838909,41.421035],[1.838885,41.421047],[1.838835,41.42107],[1.838804,41.421087],[1.838768,41.421109],[1.838736,41.421134],[1.83872,41.421153],[1.838709,41.421173],[1.838702,41.421192],[1.838692,41.421233],[1.838675,41.421327],[1.838657,41.421422],[1.838649,41.421449],[1.838618,41.421507],[1.838585,41.421565],[1.838558,41.421623],[1.838536,41.421682],[1.838524,41.421745],[1.838511,41.421809],[1.838483,41.421912],[1.838455,41.422014],[1.838121,41.42201],[1.838103,41.421951],[1.838085,41.421892],[1.838073,41.42185],[1.838055,41.421787],[1.838044,41.421724],[1.838037,41.421666],[1.838031,41.421609],[1.83804,41.421576],[1.838058,41.421379],[1.83798,41.421381],[1.837943,41.421207],[1.837923,41.421086],[1.838147,41.42078],[1.838143,41.420752],[1.838134,41.42069],[1.838133,41.420681],[1.83812,41.420557],[1.838117,41.420529],[1.83811,41.420444],[1.838095,41.420317],[1.838073,41.420147],[1.838073,41.420146],[1.838015,41.419903],[1.837968,41.419714],[1.837608,41.41986],[1.837483,41.419566],[1.837199,41.419611],[1.837176,41.419617],[1.837083,41.419633],[1.837038,41.419642],[1.837066,41.419677],[1.837171,41.419834],[1.837192,41.419897],[1.837203,41.41993],[1.837154,41.420008],[1.83713,41.420017],[1.837113,41.42002],[1.837007,41.420019],[1.8369,41.420024],[1.836754,41.420032],[1.836608,41.42004],[1.836447,41.420048],[1.836286,41.420052],[1.836127,41.420055],[1.835968,41.420057],[1.835771,41.420061],[1.835569,41.420062],[1.835571,41.420026],[1.835571,41.419976],[1.835561,41.419839],[1.835566,41.419705],[1.835475,41.419736],[1.835178,41.419834],[1.835009,41.419845],[1.83482,41.42004],[1.834764,41.420047],[1.834709,41.420055],[1.834653,41.420059],[1.834568,41.420058],[1.834484,41.420053],[1.834406,41.420048],[1.834329,41.42004],[1.834285,41.420033],[1.834243,41.420021],[1.834211,41.420008],[1.834167,41.419984],[1.834127,41.419957],[1.834115,41.419948],[1.834221,41.419827],[1.834059,41.419654],[1.833917,41.419771],[1.833889,41.419738],[1.833862,41.419692],[1.833843,41.419643],[1.833834,41.419605],[1.833833,41.419566],[1.833842,41.419512],[1.833858,41.419458],[1.8339,41.419344],[1.833926,41.41929],[1.833959,41.419236],[1.834021,41.419156],[1.834087,41.419079],[1.834167,41.418988],[1.834248,41.418897],[1.834309,41.418832],[1.83437,41.418768],[1.834397,41.418731],[1.834418,41.418691],[1.834429,41.418659],[1.834431,41.418626],[1.834426,41.418565],[1.834418,41.418534],[1.834406,41.418503],[1.834365,41.418429],[1.834321,41.418357],[1.834292,41.418307],[1.834276,41.418283],[1.834255,41.418259],[1.834243,41.418251],[1.834223,41.418244],[1.8342,41.41824],[1.834184,41.418237],[1.834168,41.418239],[1.834153,41.418246],[1.834135,41.418259],[1.83412,41.418276],[1.834105,41.418301],[1.834102,41.418313],[1.834101,41.418325],[1.834109,41.418355],[1.834117,41.418385],[1.834127,41.418439],[1.834132,41.418494],[1.834132,41.418512],[1.834132,41.418529],[1.834127,41.418527],[1.834116,41.418529],[1.834107,41.418532],[1.834076,41.418543],[1.834043,41.418553],[1.83399,41.418563],[1.833934,41.41857],[1.833876,41.418572],[1.833818,41.418574],[1.833745,41.418578],[1.833671,41.418582],[1.833622,41.418582],[1.833574,41.41858],[1.833546,41.418577],[1.833505,41.41857],[1.833485,41.418567],[1.833464,41.418565],[1.83345,41.418566],[1.83345,41.418552],[1.83345,41.418538],[1.833447,41.418531],[1.83344,41.418525],[1.83342,41.418516],[1.833404,41.418514],[1.833387,41.418515],[1.833371,41.418517],[1.833355,41.41852],[1.833326,41.41853],[1.833301,41.418544],[1.833281,41.418562],[1.833264,41.418581],[1.833249,41.41859],[1.833217,41.418601],[1.833185,41.418612],[1.833117,41.418634],[1.833049,41.418656],[1.832993,41.418678],[1.832938,41.418704],[1.832895,41.418726],[1.832853,41.418747],[1.832601,41.418894],[1.832275,41.419093],[1.832016,41.419247],[1.831934,41.419208],[1.831844,41.419144],[1.831696,41.419043],[1.831477,41.419234],[1.831453,41.4193],[1.831434,41.419349],[1.83143,41.419361],[1.831424,41.419376],[1.831412,41.419408],[1.831529,41.4194],[1.831456,41.419418],[1.831434,41.419426],[1.831414,41.419437],[1.831394,41.419451],[1.831379,41.419462],[1.831333,41.419502],[1.831292,41.419544],[1.831237,41.419609],[1.831231,41.419617],[1.831203,41.419654],[1.831187,41.419675],[1.83117,41.419705],[1.831137,41.419761],[1.831086,41.419847],[1.831071,41.419869],[1.831055,41.419869],[1.831052,41.419868],[1.831003,41.419956],[1.830965,41.420024],[1.830811,41.420249],[1.83071,41.420361],[1.830623,41.4205],[1.830552,41.420475],[1.830548,41.420474],[1.830541,41.420481],[1.830377,41.42064],[1.830224,41.420817],[1.830189,41.420838],[1.830153,41.420859],[1.830055,41.42091],[1.829957,41.420961],[1.829947,41.420966],[1.829922,41.420984],[1.829841,41.421052],[1.829818,41.421072],[1.829771,41.421175],[1.829738,41.421249],[1.829724,41.42128],[1.8297,41.421331],[1.829676,41.421382],[1.829669,41.421398],[1.829667,41.421413],[1.82967,41.42142],[1.82968,41.421429],[1.830047,41.42153],[1.830176,41.421566],[1.830186,41.421562],[1.830267,41.421564],[1.830279,41.421526],[1.830281,41.421518],[1.830282,41.42151],[1.830293,41.421468],[1.830307,41.421427],[1.830318,41.4214],[1.83034,41.421356],[1.830372,41.4213],[1.830393,41.421267],[1.830662,41.421259],[1.830927,41.421241],[1.831224,41.421219],[1.831009,41.421371],[1.830879,41.421516],[1.83099,41.421857],[1.831377,41.42204],[1.831478,41.422087],[1.831611,41.422156],[1.831766,41.422237],[1.832032,41.422231],[1.832081,41.42223],[1.832498,41.422266],[1.832501,41.422266],[1.832763,41.422289],[1.832818,41.422282],[1.832887,41.422247],[1.832888,41.422174],[1.832893,41.421696],[1.833288,41.421702],[1.833685,41.421652],[1.833767,41.421647],[1.834136,41.421624],[1.83421,41.421994],[1.834224,41.422066],[1.834265,41.422291],[1.834269,41.422313],[1.83428,41.422582],[1.834281,41.422607],[1.834288,41.422625],[1.83429,41.422806],[1.83429,41.422811],[1.834276,41.423181],[1.834275,41.423197],[1.834267,41.423213],[1.834163,41.42343],[1.834114,41.423507],[1.834103,41.423662],[1.834425,41.423752],[1.834503,41.423789],[1.83455,41.423812],[1.834568,41.423798],[1.834571,41.423793],[1.83461,41.423749],[1.834661,41.423709],[1.834727,41.423673],[1.834782,41.423653],[1.83479,41.423648],[1.834797,41.423647],[1.834833,41.423634],[1.834897,41.423617],[1.834943,41.423606],[1.835012,41.423597],[1.835061,41.423596],[1.835118,41.423598],[1.83517,41.423605],[1.835222,41.423617],[1.83527,41.423635],[1.835334,41.42367],[1.835387,41.423715],[1.835413,41.423759],[1.835436,41.423803],[1.835466,41.423852],[1.835525,41.42392],[1.835562,41.423951],[1.835604,41.42398],[1.83564,41.423999],[1.835675,41.424017],[1.835708,41.424032],[1.835762,41.424049],[1.835818,41.424063],[1.835886,41.424078],[1.835956,41.42409],[1.836027,41.424099],[1.836098,41.424108],[1.836155,41.424119],[1.836211,41.42413],[1.836233,41.424136],[1.836253,41.424145],[1.836265,41.424155],[1.836273,41.424166],[1.836351,41.424299],[1.836397,41.424378],[1.836166,41.424451],[1.836145,41.424408],[1.836107,41.424311],[1.836065,41.424277],[1.836039,41.424278],[1.835983,41.424299],[1.835973,41.424288],[1.835955,41.424275],[1.835933,41.424266],[1.835908,41.424262],[1.835684,41.424252],[1.835429,41.424367],[1.835457,41.424578],[1.835478,41.424651],[1.835492,41.424853],[1.835497,41.424944],[1.835494,41.424962],[1.835496,41.424982],[1.835502,41.425071],[1.835477,41.425109],[1.835472,41.425109],[1.835471,41.425117],[1.835405,41.425215],[1.835397,41.42522],[1.835331,41.425271],[1.835321,41.425271],[1.835315,41.425278],[1.835308,41.425288],[1.835276,41.425313],[1.835266,41.42535],[1.835248,41.425423],[1.835244,41.425481],[1.835243,41.425508],[1.835275,41.425552],[1.835281,41.425585],[1.835285,41.425615],[1.835267,41.425621],[1.835205,41.425639],[1.835143,41.425751],[1.835133,41.425793],[1.835072,41.426061],[1.834954,41.426221],[1.834816,41.426379],[1.83468,41.426483],[1.834544,41.426772],[1.834494,41.426882],[1.834465,41.426874],[1.834405,41.426854],[1.834335,41.42688],[1.834331,41.426897],[1.834446,41.426914],[1.834495,41.426927],[1.834672,41.426998],[1.834825,41.427063],[1.834828,41.427084],[1.83483,41.427104],[1.834841,41.427143],[1.834833,41.427161],[1.83483,41.427169],[1.83487,41.427184],[1.834873,41.427187],[1.834912,41.427214],[1.834947,41.427237],[1.834982,41.427259],[1.835134,41.427369],[1.835225,41.427447],[1.835342,41.427517],[1.835411,41.427553],[1.835532,41.427617],[1.835633,41.427674],[1.835612,41.427691],[1.83561,41.427693],[1.83574,41.427784],[1.835779,41.427784],[1.835788,41.427781],[1.835795,41.42777],[1.835798,41.427763],[1.835803,41.427752],[1.835807,41.427743],[1.835814,41.427715],[1.83602,41.427637],[1.836279,41.427494],[1.836292,41.427487],[1.836436,41.42741],[1.83649,41.427382],[1.836544,41.427353],[1.836566,41.427337],[1.836582,41.427316],[1.83659,41.4273],[1.836591,41.427295],[1.836595,41.42728],[1.836597,41.427259],[1.836597,41.427236],[1.836597,41.427221],[1.836594,41.427176],[1.836591,41.427132],[1.836592,41.427083],[1.8366,41.427035],[1.836613,41.427004],[1.836646,41.426945]]]]}},{"type":"Feature","id":"082732_082732 SI05 APE 2","properties":{"area_id":"082732_082732 SI05 APE 2","nom":"Caves Albet i Noya","codi_icgc":"082732 SI05 APE 2","categoria":"Sector industrial","codi_municipi":"082732","municipi":"Subirats","codi_comarca":"03","comarca":"Alt Penedès","provincia":"Barcelona","font":"ICGC Àrees de poblament v3r1 202602"},"geometry":{"type":"MultiPolygon","coordinates":[[[[1.805281,41.384375],[1.805053,41.384375],[1.804752,41.384357],[1.80471,41.384366],[1.804672,41.384399],[1.804651,41.384443],[1.80465,41.384458],[1.804659,41.384494],[1.804672,41.384529],[1.804697,41.38458],[1.804713,41.384608],[1.804758,41.384629],[1.804867,41.38468],[1.805509,41.385043],[1.805718,41.3851],[1.806286,41.385173],[1.806369,41.384987],[1.8067,41.385023],[1.806715,41.384933],[1.806729,41.384838],[1.806771,41.384557],[1.806791,41.384296],[1.806543,41.384307],[1.806287,41.384317],[1.805859,41.384335],[1.805634,41.384344],[1.80537,41.384381],[1.805281,41.384375]]]]}},{"type":"Feature","id":"082732_082732 SI06 APE 2","properties":{"area_id":"082732_082732 SI06 APE 2","nom":"Caves Castellroig","codi_icgc":"082732 SI06 APE 2","categoria":"Sector industrial","codi_municipi":"082732","municipi":"Subirats","codi_comarca":"03","comarca":"Alt Penedès","provincia":"Barcelona","font":"ICGC Àrees de poblament v3r1 202602"},"geometry":{"type":"MultiPolygon","coordinates":[[[[1.773289,41.41747],[1.773114,41.417239],[1.772994,41.417128],[1.77292,41.417099],[1.772857,41.417074],[1.772768,41.417038],[1.772708,41.416953],[1.772454,41.416967],[1.772453,41.41699],[1.772421,41.416997],[1.772457,41.417077],[1.772492,41.417128],[1.772522,41.417151],[1.772573,41.417276],[1.772579,41.417291],[1.772632,41.417376],[1.773073,41.418003],[1.773177,41.418076],[1.773234,41.418072],[1.773518,41.417908],[1.773505,41.417875],[1.773313,41.417541],[1.773298,41.417483],[1.773289,41.41747]]]]}},{"type":"Feature","id":"082732_082732 SI07 APE 2","properties":{"area_id":"082732_082732 SI07 APE 2","nom":"Caves Llopart","codi_icgc":"082732 SI07 APE 2","categoria":"Sector industrial","codi_municipi":"082732","municipi":"Subirats","codi_comarca":"03","comarca":"Alt Penedès","provincia":"Barcelona","font":"ICGC Àrees de poblament v3r1 202602"},"geometry":{"type":"MultiPolygon","coordinates":[[[[1.804157,41.407826],[1.803229,41.407748],[1.80314,41.407898],[1.803039,41.408063],[1.802951,41.408203],[1.802951,41.408203],[1.802979,41.408247],[1.802982,41.408247],[1.803675,41.408311],[1.803706,41.408314],[1.803803,41.408321],[1.804201,41.40835],[1.804205,41.40835],[1.804175,41.408175],[1.804157,41.407826]]]]}},{"type":"Feature","id":"082732_082732 SI04 APE 2","properties":{"area_id":"082732_082732 SI04 APE 2","nom":"Caves Olivé Batllori","codi_icgc":"082732 SI04 APE 2","categoria":"Sector industrial","codi_municipi":"082732","municipi":"Subirats","codi_comarca":"03","comarca":"Alt Penedès","provincia":"Barcelona","font":"ICGC Àrees de poblament v3r1 202602"},"geometry":{"type":"MultiPolygon","coordinates":[[[[1.81135,41.41032],[1.811352,41.410304],[1.811347,41.410277],[1.811326,41.410223],[1.811302,41.410169],[1.811274,41.410119],[1.81125,41.410087],[1.811225,41.410057],[1.8112,41.410027],[1.811199,41.410027],[1.811154,41.410031],[1.811109,41.410034],[1.811054,41.409996],[1.810998,41.409959],[1.810922,41.409918],[1.810844,41.409878],[1.810844,41.409878],[1.810677,41.409609],[1.810528,41.4095],[1.81038,41.40939],[1.810341,41.409359],[1.810325,41.409342],[1.810311,41.409323],[1.810287,41.409281],[1.810262,41.409239],[1.81026,41.409239],[1.810132,41.409227],[1.810006,41.409216],[1.809968,41.409213],[1.80978,41.409386],[1.809587,41.409562],[1.809509,41.409633],[1.809494,41.409647],[1.809458,41.409679],[1.809352,41.40977],[1.809246,41.409861],[1.809246,41.409861],[1.809246,41.409861],[1.809331,41.40991],[1.809415,41.409958],[1.80945,41.409977],[1.809487,41.409995],[1.809531,41.410016],[1.809576,41.410033],[1.809609,41.410041],[1.809688,41.410055],[1.809768,41.410068],[1.809805,41.410072],[1.809842,41.410077],[1.809865,41.410085],[1.810038,41.41016],[1.810086,41.41018],[1.810196,41.410228],[1.81021,41.410234],[1.810296,41.410266],[1.810383,41.410298],[1.810396,41.410301],[1.81041,41.410302],[1.81044,41.410301],[1.810507,41.4103],[1.810573,41.410298],[1.810612,41.410297],[1.810651,41.410299],[1.810676,41.410303],[1.810717,41.410314],[1.810755,41.410327],[1.810828,41.410357],[1.810878,41.410375],[1.810929,41.410395],[1.810969,41.410408],[1.81101,41.41042],[1.811033,41.410423],[1.811066,41.410425],[1.811098,41.410427],[1.811125,41.410428],[1.811164,41.410425],[1.811204,41.41042],[1.811236,41.410415],[1.811268,41.410409],[1.811294,41.410403],[1.811306,41.410397],[1.811322,41.410379],[1.811333,41.410359],[1.811341,41.410344],[1.81135,41.41032]]]]}},{"type":"Feature","id":"082732_082732 SI08 APE 2","properties":{"area_id":"082732_082732 SI08 APE 2","nom":"Caves Ventura Soler","codi_icgc":"082732 SI08 APE 2","categoria":"Sector industrial","codi_municipi":"082732","municipi":"Subirats","codi_comarca":"03","comarca":"Alt Penedès","provincia":"Barcelona","font":"ICGC Àrees de poblament v3r1 202602"},"geometry":{"type":"MultiPolygon","coordinates":[[[[1.800383,41.423664],[1.800297,41.423777],[1.800103,41.424031],[1.800202,41.424054],[1.800274,41.424071],[1.800706,41.424145],[1.800778,41.424145],[1.801266,41.423478],[1.801014,41.423376],[1.800933,41.42347],[1.800726,41.423399],[1.800498,41.423709],[1.800383,41.423664]]]]}},{"type":"Feature","id":"082732_082732 SI11 APE 2","properties":{"area_id":"082732_082732 SI11 APE 2","nom":"Celler La Font de Juí","codi_icgc":"082732 SI11 APE 2","categoria":"Sector industrial","codi_municipi":"082732","municipi":"Subirats","codi_comarca":"03","comarca":"Alt Penedès","provincia":"Barcelona","font":"ICGC Àrees de poblament v3r1 202602"},"geometry":{"type":"MultiPolygon","coordinates":[[[[1.761016,41.419139],[1.761083,41.419094],[1.761136,41.419065],[1.76111,41.419049],[1.761037,41.419019],[1.760906,41.418973],[1.76081,41.418942],[1.760721,41.418933],[1.760647,41.418942],[1.760599,41.418969],[1.760583,41.419003],[1.760582,41.419037],[1.760612,41.41908],[1.760438,41.419217],[1.760491,41.419254],[1.760716,41.419412],[1.76087,41.419268],[1.760986,41.419172],[1.761016,41.419139]]]]}},{"type":"Feature","id":"082732_082732 AP16 APE 3","properties":{"area_id":"082732_082732 AP16 APE 3","nom":"Lavern","codi_icgc":"082732 AP16 APE 3","categoria":"Àrees de poblament","codi_municipi":"082732","municipi":"Subirats","codi_comarca":"03","comarca":"Alt Penedès","provincia":"Barcelona","font":"ICGC Àrees de poblament v3r1 202602"},"geometry":{"type":"MultiPolygon","coordinates":[[[[1.770173,41.392444],[1.770082,41.392386],[1.769966,41.39233],[1.769923,41.392412],[1.769907,41.392401],[1.769888,41.392387],[1.769876,41.392379],[1.76985,41.392365],[1.769793,41.392324],[1.769733,41.392284],[1.769669,41.39226],[1.769453,41.392222],[1.769253,41.392186],[1.768941,41.392131],[1.76895,41.392088],[1.768941,41.392088],[1.768949,41.392076],[1.76894,41.392071],[1.768924,41.392061],[1.769124,41.391769],[1.769078,41.391755],[1.768968,41.391723],[1.768975,41.391714],[1.768979,41.391709],[1.768956,41.3917],[1.769085,41.39151],[1.769205,41.39132],[1.769428,41.390988],[1.769478,41.39101],[1.769753,41.391089],[1.769893,41.391116],[1.770131,41.391171],[1.770188,41.39117],[1.770335,41.391165],[1.770466,41.391175],[1.770658,41.391155],[1.770759,41.391154],[1.770862,41.391145],[1.770912,41.39114],[1.771,41.391131],[1.771055,41.391128],[1.771164,41.391124],[1.771306,41.391118],[1.771435,41.391117],[1.771439,41.391133],[1.771545,41.391129],[1.771669,41.391096],[1.771675,41.391112],[1.771829,41.391089],[1.771956,41.391048],[1.77201,41.39104],[1.772172,41.39097],[1.772592,41.390832],[1.773021,41.390673],[1.773047,41.390696],[1.773183,41.390627],[1.773341,41.390559],[1.773527,41.390458],[1.773705,41.390379],[1.77389,41.390467],[1.773921,41.390325],[1.77403,41.390145],[1.774107,41.390031],[1.774196,41.389948],[1.774202,41.389924],[1.774209,41.389889],[1.774218,41.389828],[1.774223,41.389798],[1.774227,41.389786],[1.774233,41.389775],[1.774241,41.389769],[1.774247,41.389766],[1.774259,41.389763],[1.774258,41.389793],[1.77431,41.389843],[1.774694,41.389615],[1.774746,41.389583],[1.774763,41.389572],[1.774701,41.389507],[1.774744,41.389467],[1.774828,41.389389],[1.774838,41.389381],[1.775067,41.389244],[1.775209,41.389156],[1.775239,41.389137],[1.775216,41.389108],[1.77518,41.38906],[1.775158,41.389031],[1.775086,41.388935],[1.775069,41.388912],[1.77492,41.388756],[1.774824,41.388639],[1.774701,41.388507],[1.774692,41.38851],[1.774647,41.388459],[1.774633,41.388446],[1.774589,41.388402],[1.774733,41.388323],[1.774879,41.388245],[1.77495,41.388209],[1.775022,41.388174],[1.775168,41.388107],[1.775264,41.388061],[1.775277,41.388053],[1.775287,41.388044],[1.77529,41.388037],[1.775287,41.388028],[1.775279,41.388019],[1.775268,41.388011],[1.775256,41.38801],[1.775195,41.38803],[1.775135,41.388053],[1.775094,41.388065],[1.774979,41.388096],[1.774863,41.388124],[1.774784,41.388139],[1.774584,41.388168],[1.774384,41.388198],[1.774268,41.388213],[1.773907,41.388299],[1.773858,41.388312],[1.773809,41.388325],[1.773793,41.388329],[1.773778,41.388332],[1.773747,41.388337],[1.773726,41.388342],[1.773698,41.38835],[1.77367,41.38836],[1.773612,41.388385],[1.773556,41.388411],[1.773494,41.388441],[1.773432,41.38847],[1.773345,41.388512],[1.773258,41.388554],[1.773167,41.388594],[1.773072,41.38863],[1.772952,41.388666],[1.772831,41.388701],[1.772741,41.388729],[1.772651,41.388759],[1.772615,41.388774],[1.772581,41.38879],[1.772515,41.388828],[1.772479,41.388853],[1.772446,41.38888],[1.772419,41.388906],[1.772396,41.388935],[1.772377,41.388965],[1.772363,41.388996],[1.772359,41.389017],[1.772357,41.389049],[1.772355,41.389082],[1.772355,41.389082],[1.772361,41.389132],[1.772369,41.389167],[1.772391,41.389234],[1.772416,41.3893],[1.772432,41.389331],[1.77245,41.389362],[1.772457,41.389382],[1.77246,41.389403],[1.772461,41.389424],[1.772461,41.38943],[1.772461,41.389439],[1.772462,41.389445],[1.772446,41.389466],[1.772416,41.389481],[1.772383,41.389495],[1.772351,41.389507],[1.772291,41.389522],[1.772198,41.389539],[1.772155,41.389552],[1.772134,41.389561],[1.772115,41.389573],[1.772105,41.389582],[1.7721,41.389592],[1.772096,41.389609],[1.772095,41.389627],[1.772101,41.389659],[1.772117,41.389708],[1.772122,41.389733],[1.772121,41.389757],[1.772115,41.389785],[1.772109,41.389813],[1.771959,41.389831],[1.771969,41.389863],[1.771956,41.389872],[1.771768,41.389897],[1.771748,41.38988],[1.771729,41.389863],[1.771721,41.38986],[1.771713,41.389858],[1.771689,41.389858],[1.77162,41.389857],[1.771528,41.389861],[1.771343,41.389871],[1.771157,41.389882],[1.771143,41.389882],[1.771139,41.389887],[1.771139,41.389892],[1.771141,41.389903],[1.771133,41.390047],[1.771128,41.390191],[1.771126,41.390312],[1.771125,41.390323],[1.771118,41.390436],[1.77105,41.390436],[1.77105,41.39048],[1.771014,41.390481],[1.77094,41.390482],[1.770925,41.390482],[1.770927,41.390541],[1.770929,41.390662],[1.770912,41.390658],[1.770898,41.390656],[1.770873,41.390648],[1.770844,41.390637],[1.770808,41.390622],[1.770772,41.390607],[1.7707,41.390583],[1.770626,41.390556],[1.770561,41.390535],[1.770496,41.390511],[1.770432,41.390488],[1.770417,41.390461],[1.770266,41.390443],[1.770249,41.390441],[1.770147,41.390428],[1.770051,41.390427],[1.769979,41.390432],[1.769957,41.390431],[1.769886,41.390427],[1.769791,41.390411],[1.769683,41.390388],[1.769576,41.390361],[1.769359,41.390308],[1.769247,41.390282],[1.769135,41.390256],[1.768966,41.390218],[1.768877,41.3902],[1.768872,41.390196],[1.768763,41.390169],[1.768697,41.390153],[1.768464,41.390087],[1.768004,41.389982],[1.76795,41.389971],[1.767918,41.390033],[1.767891,41.390105],[1.767902,41.390161],[1.767918,41.390183],[1.767939,41.39022],[1.767952,41.390243],[1.767957,41.390251],[1.767964,41.390257],[1.767973,41.390262],[1.767985,41.390266],[1.768017,41.390276],[1.768043,41.390284],[1.768004,41.390377],[1.767932,41.39056],[1.767848,41.390772],[1.767818,41.39085],[1.767641,41.390963],[1.767488,41.391064],[1.767318,41.391188],[1.767281,41.391212],[1.76722,41.391252],[1.767145,41.391227],[1.767086,41.391207],[1.767007,41.39118],[1.76697,41.391167],[1.766884,41.391138],[1.766797,41.39111],[1.766719,41.391083],[1.766641,41.391057],[1.766608,41.391044],[1.766576,41.391028],[1.766508,41.390998],[1.766482,41.390992],[1.766455,41.390988],[1.766424,41.390982],[1.766405,41.390979],[1.766347,41.39096],[1.766333,41.390954],[1.766321,41.390972],[1.766322,41.390972],[1.766309,41.390992],[1.766296,41.391012],[1.766279,41.391049],[1.766268,41.391087],[1.766265,41.391107],[1.766269,41.391128],[1.766275,41.391142],[1.7663,41.39118],[1.76633,41.391215],[1.766357,41.391245],[1.766388,41.391272],[1.766422,41.391292],[1.76646,41.391306],[1.76652,41.391326],[1.766575,41.39135],[1.766596,41.391361],[1.766611,41.391371],[1.7666,41.391381],[1.766571,41.391404],[1.766594,41.391458],[1.766669,41.391543],[1.766765,41.391614],[1.766919,41.391703],[1.767032,41.391748],[1.76735,41.391851],[1.767554,41.391924],[1.76759,41.391937],[1.767692,41.391971],[1.767976,41.392064],[1.768175,41.392143],[1.768184,41.392147],[1.768201,41.392158],[1.768211,41.392169],[1.768216,41.392183],[1.768218,41.392216],[1.768225,41.392232],[1.768239,41.392246],[1.768275,41.392272],[1.768314,41.392304],[1.768358,41.392332],[1.768411,41.392357],[1.768467,41.392378],[1.768529,41.392398],[1.76859,41.392417],[1.768683,41.392442],[1.768776,41.392466],[1.768844,41.39248],[1.76891,41.392497],[1.768957,41.392517],[1.769003,41.39254],[1.769054,41.392562],[1.769107,41.392583],[1.76917,41.392601],[1.769234,41.392616],[1.769247,41.392619],[1.76943,41.39264],[1.769431,41.392653],[1.769433,41.392675],[1.769445,41.392774],[1.769576,41.392773],[1.769776,41.392757],[1.769882,41.392733],[1.770011,41.392701],[1.770093,41.392661],[1.770153,41.392643],[1.770298,41.392551],[1.770173,41.392444]]]]}},{"type":"Feature","id":"082732_082732 AP14 APE 3","properties":{"area_id":"082732_082732 AP14 APE 3","nom":"Ordal","codi_icgc":"082732 AP14 APE 3","categoria":"Àrees de poblament","codi_municipi":"082732","municipi":"Subirats","codi_comarca":"03","comarca":"Alt Penedès","provincia":"Barcelona","font":"ICGC Àrees de poblament v3r1 202602"},"geometry":{"type":"MultiPolygon","coordinates":[[[[1.852013,41.398374],[1.852024,41.398338],[1.85207,41.39835],[1.852139,41.398366],[1.852295,41.398393],[1.852476,41.398424],[1.85249,41.398388],[1.852671,41.398429],[1.852684,41.398467],[1.852898,41.398518],[1.852972,41.398351],[1.852974,41.398346],[1.852974,41.398345],[1.85301,41.398262],[1.853313,41.398409],[1.853295,41.398447],[1.853348,41.398488],[1.853351,41.398487],[1.853413,41.398531],[1.853442,41.398508],[1.853471,41.398468],[1.853591,41.398388],[1.853441,41.398208],[1.853294,41.398006],[1.85331,41.397944],[1.853538,41.397874],[1.853526,41.397848],[1.853496,41.397784],[1.853794,41.397699],[1.853934,41.397659],[1.853982,41.397645],[1.854105,41.397616],[1.85423,41.397526],[1.854249,41.397505],[1.854333,41.39741],[1.854359,41.397423],[1.854412,41.397451],[1.854449,41.397472],[1.854487,41.397493],[1.854512,41.397505],[1.854541,41.397515],[1.854543,41.397515],[1.854555,41.39749],[1.854584,41.397427],[1.854636,41.397327],[1.854711,41.397182],[1.854713,41.397179],[1.854713,41.397178],[1.854732,41.397132],[1.85483,41.396901],[1.854837,41.396885],[1.854837,41.396885],[1.85486,41.396828],[1.854892,41.396749],[1.854925,41.396631],[1.854891,41.396624],[1.854909,41.39657],[1.854931,41.396499],[1.854937,41.396455],[1.854935,41.396409],[1.854926,41.396365],[1.854923,41.396355],[1.854894,41.396282],[1.854872,41.396226],[1.854935,41.396204],[1.855005,41.396186],[1.855111,41.396162],[1.855125,41.396158],[1.855247,41.396132],[1.855268,41.396129],[1.855289,41.396126],[1.855312,41.396128],[1.855336,41.396131],[1.855347,41.396131],[1.85535,41.39613],[1.855359,41.396123],[1.855355,41.396118],[1.855342,41.396107],[1.855325,41.396091],[1.855308,41.396075],[1.855289,41.396049],[1.855269,41.396025],[1.855231,41.395997],[1.855191,41.39597],[1.855094,41.395903],[1.855018,41.395853],[1.854996,41.395837],[1.854911,41.395786],[1.854824,41.395736],[1.854782,41.395713],[1.85474,41.395692],[1.85471,41.395681],[1.854669,41.395668],[1.854628,41.395655],[1.854584,41.395648],[1.854541,41.39564],[1.854518,41.395636],[1.854495,41.395634],[1.85448,41.395637],[1.854446,41.395649],[1.854411,41.395662],[1.854422,41.395649],[1.854427,41.395635],[1.854423,41.395614],[1.854411,41.395593],[1.854399,41.395577],[1.854387,41.39556],[1.854359,41.395525],[1.85429,41.395446],[1.85431,41.395431],[1.854325,41.395413],[1.854333,41.395392],[1.854333,41.39537],[1.854331,41.395364],[1.854325,41.39535],[1.854311,41.395331],[1.854291,41.395316],[1.854265,41.395305],[1.854249,41.395301],[1.854249,41.395301],[1.85422,41.395299],[1.854192,41.395303],[1.854166,41.395313],[1.854145,41.395327],[1.854129,41.395345],[1.854119,41.395365],[1.854118,41.395387],[1.854119,41.395393],[1.854045,41.395434],[1.853809,41.395339],[1.85379,41.395339],[1.853752,41.395339],[1.853616,41.395394],[1.853558,41.395424],[1.853512,41.395422],[1.853242,41.395603],[1.853058,41.395792],[1.853002,41.395869],[1.85297,41.396037],[1.852966,41.396054],[1.852986,41.39625],[1.852933,41.396257],[1.852468,41.39632],[1.852431,41.396331],[1.852396,41.396341],[1.851851,41.396533],[1.851797,41.396401],[1.85184,41.396274],[1.851845,41.396257],[1.851834,41.396112],[1.851824,41.395955],[1.851812,41.395948],[1.851808,41.395924],[1.851878,41.395799],[1.851891,41.395733],[1.851883,41.395727],[1.851437,41.395611],[1.851243,41.395562],[1.851098,41.395525],[1.851017,41.395505],[1.850857,41.395458],[1.850855,41.395458],[1.850577,41.39539],[1.850322,41.395323],[1.85033,41.395226],[1.850331,41.395216],[1.850464,41.395215],[1.850478,41.395211],[1.850572,41.395184],[1.850622,41.39517],[1.85067,41.395157],[1.850685,41.395198],[1.85076,41.395183],[1.850798,41.395288],[1.850827,41.395376],[1.851335,41.395494],[1.851405,41.395332],[1.851276,41.395299],[1.851134,41.395176],[1.850972,41.3949],[1.850777,41.394688],[1.850738,41.394694],[1.850336,41.394421],[1.849773,41.394103],[1.849777,41.394102],[1.849728,41.394078],[1.849552,41.393993],[1.849322,41.393881],[1.84932,41.39388],[1.849135,41.39379],[1.849109,41.393778],[1.848925,41.393693],[1.848786,41.393856],[1.848751,41.393909],[1.848726,41.393947],[1.848723,41.393952],[1.848706,41.393943],[1.848702,41.393943],[1.848678,41.393936],[1.848676,41.393935],[1.848662,41.393931],[1.848571,41.39389],[1.848472,41.393842],[1.848375,41.393793],[1.848275,41.393747],[1.848177,41.3937],[1.848022,41.39362],[1.847869,41.393538],[1.847756,41.393474],[1.84768,41.393433],[1.847518,41.393362],[1.847477,41.393329],[1.847474,41.393328],[1.847386,41.393282],[1.847297,41.393237],[1.847224,41.393209],[1.847149,41.393184],[1.847075,41.393155],[1.847018,41.393133],[1.847001,41.393127],[1.846938,41.393109],[1.846875,41.393094],[1.846824,41.393083],[1.846792,41.393076],[1.84674,41.393065],[1.846688,41.393055],[1.846595,41.393036],[1.846502,41.393017],[1.846417,41.392996],[1.846332,41.392974],[1.846307,41.392969],[1.846304,41.392974],[1.846248,41.392964],[1.846234,41.392953],[1.84617,41.392942],[1.846112,41.392934],[1.846054,41.392927],[1.845993,41.392919],[1.84597,41.392916],[1.845719,41.392868],[1.845706,41.392866],[1.845679,41.392863],[1.845409,41.392842],[1.845199,41.392839],[1.84499,41.392856],[1.844928,41.392864],[1.844857,41.392873],[1.844801,41.392886],[1.844762,41.392905],[1.844641,41.392963],[1.844607,41.393006],[1.844596,41.393027],[1.844564,41.393091],[1.844523,41.393192],[1.844501,41.393246],[1.844429,41.393423],[1.844409,41.393472],[1.844409,41.393472],[1.844401,41.393491],[1.844418,41.393507],[1.844398,41.393519],[1.84438,41.393532],[1.844371,41.393539],[1.84437,41.393539],[1.844365,41.393545],[1.844309,41.39393],[1.844308,41.393933],[1.84431,41.393936],[1.844333,41.393971],[1.844163,41.39438],[1.844141,41.394431],[1.844082,41.394549],[1.844615,41.394675],[1.848769,41.395663],[1.848766,41.395667],[1.848826,41.395677],[1.848912,41.395698],[1.849008,41.395721],[1.848969,41.3958],[1.848883,41.395972],[1.84887,41.39599],[1.84885,41.396025],[1.848854,41.396028],[1.848884,41.396059],[1.848919,41.396069],[1.848958,41.396081],[1.848966,41.396065],[1.849472,41.396231],[1.849494,41.396239],[1.849497,41.396358],[1.849524,41.396426],[1.849479,41.396486],[1.849579,41.396571],[1.849756,41.396464],[1.850004,41.396718],[1.850019,41.396732],[1.850032,41.396746],[1.850041,41.396756],[1.84985,41.396863],[1.850074,41.397118],[1.850236,41.397304],[1.850229,41.397314],[1.850261,41.397343],[1.850278,41.397338],[1.85032,41.397325],[1.850452,41.397466],[1.85046,41.39748],[1.850495,41.397553],[1.8505,41.397562],[1.850559,41.397669],[1.850678,41.397726],[1.850739,41.397756],[1.850751,41.397793],[1.85076,41.397818],[1.85081,41.397874],[1.850876,41.398038],[1.850878,41.398063],[1.850893,41.398063],[1.850928,41.39806],[1.850971,41.398058],[1.851013,41.398057],[1.850958,41.398072],[1.850937,41.39808],[1.85092,41.398092],[1.850909,41.398108],[1.850905,41.398123],[1.850981,41.398272],[1.85105,41.398376],[1.851485,41.398518],[1.851701,41.398587],[1.851737,41.398598],[1.851742,41.3986],[1.851846,41.398595],[1.851941,41.398546],[1.852007,41.398389],[1.852013,41.398374]]]]}},{"type":"Feature","id":"082732_082732 SI01 APE 2","properties":{"area_id":"082732_082732 SI01 APE 2","nom":"Parc logístic Alt Penedès","codi_icgc":"082732 SI01 APE 2","categoria":"Sector industrial","codi_municipi":"082732","municipi":"Subirats","codi_comarca":"03","comarca":"Alt Penedès","provincia":"Barcelona","font":"ICGC Àrees de poblament v3r1 202602"},"geometry":{"type":"MultiPolygon","coordinates":[[[[1.816122,41.427911],[1.816137,41.42793],[1.816177,41.427947],[1.81622,41.427961],[1.816222,41.42796],[1.81624,41.427958],[1.816257,41.42796],[1.81628,41.427966],[1.81629,41.427971],[1.816297,41.427978],[1.816326,41.428016],[1.816356,41.428054],[1.816408,41.428131],[1.816461,41.428209],[1.816503,41.428265],[1.816539,41.428306],[1.816596,41.428365],[1.816658,41.42842],[1.816796,41.428529],[1.816934,41.428636],[1.816975,41.428667],[1.817069,41.428738],[1.816958,41.428916],[1.817268,41.429094],[1.817277,41.4291],[1.817315,41.429062],[1.817413,41.428991],[1.817495,41.429049],[1.817542,41.429082],[1.817676,41.429171],[1.817731,41.429205],[1.817815,41.429251],[1.817904,41.429293],[1.817959,41.429316],[1.818043,41.429344],[1.818131,41.429368],[1.818227,41.429388],[1.818291,41.4294],[1.818528,41.42942],[1.818693,41.42943],[1.818966,41.429443],[1.819316,41.429459],[1.819842,41.429482],[1.820105,41.429493],[1.820368,41.429504],[1.821047,41.429529],[1.821727,41.42955],[1.821945,41.429554],[1.822164,41.429556],[1.822215,41.429554],[1.822289,41.429547],[1.822363,41.429537],[1.822413,41.429526],[1.822484,41.429505],[1.822552,41.429477],[1.822602,41.42945],[1.822666,41.429407],[1.822725,41.429358],[1.822775,41.429305],[1.822814,41.429246],[1.822835,41.429203],[1.822857,41.429141],[1.822868,41.429076],[1.822868,41.429006],[1.822864,41.428969],[1.822857,41.428932],[1.822799,41.428742],[1.822735,41.428555],[1.822662,41.428356],[1.822581,41.428157],[1.822547,41.428085],[1.822492,41.427979],[1.822468,41.427939],[1.822375,41.427787],[1.82235,41.427747],[1.822229,41.427556],[1.822108,41.427365],[1.822013,41.427216],[1.821871,41.426994],[1.8218,41.426883],[1.821729,41.426772],[1.821572,41.426526],[1.821415,41.426279],[1.821372,41.426215],[1.821302,41.426123],[1.821223,41.426031],[1.821181,41.42599],[1.821144,41.425961],[1.821086,41.425924],[1.821021,41.42589],[1.820955,41.425861],[1.820902,41.425842],[1.820822,41.425819],[1.820737,41.425804],[1.820531,41.425783],[1.820428,41.425775],[1.820325,41.425769],[1.81972,41.425744],[1.819115,41.425718],[1.8183,41.425685],[1.817483,41.425651],[1.817389,41.42565],[1.817316,41.425654],[1.817209,41.425664],[1.817101,41.425681],[1.817043,41.425695],[1.816965,41.425723],[1.81689,41.425758],[1.816805,41.425812],[1.816764,41.425842],[1.816726,41.425874],[1.816675,41.425925],[1.816628,41.425979],[1.816541,41.426101],[1.816461,41.426225],[1.816373,41.42638],[1.816294,41.426538],[1.816263,41.426611],[1.816225,41.426721],[1.816197,41.426833],[1.816169,41.427018],[1.81616,41.427111],[1.816157,41.427204],[1.816156,41.427343],[1.816155,41.427481],[1.816155,41.42753],[1.816154,41.427579],[1.816152,41.4276],[1.816146,41.427622],[1.816131,41.427656],[1.816127,41.427664],[1.816099,41.427706],[1.816075,41.427731],[1.81604,41.427773],[1.816036,41.427786],[1.816034,41.427804],[1.816036,41.427822],[1.816041,41.42784],[1.81605,41.427857],[1.816063,41.427875],[1.816068,41.427877],[1.816094,41.42789],[1.816122,41.427911]]]]}},{"type":"Feature","id":"082732_082732 SI02 APE 2","properties":{"area_id":"082732_082732 SI02 APE 2","nom":"Polígon industrial Can Bas","codi_icgc":"082732 SI02 APE 2","categoria":"Sector industrial","codi_municipi":"082732","municipi":"Subirats","codi_comarca":"03","comarca":"Alt Penedès","provincia":"Barcelona","font":"ICGC Àrees de poblament v3r1 202602"},"geometry":{"type":"MultiPolygon","coordinates":[[[[1.763664,41.403062],[1.763872,41.402972],[1.764206,41.403692],[1.764681,41.403532],[1.764747,41.40368],[1.765022,41.403586],[1.765187,41.403523],[1.765198,41.403519],[1.765268,41.403488],[1.7653,41.403475],[1.76544,41.403414],[1.765513,41.403385],[1.765447,41.403266],[1.765433,41.40324],[1.765431,41.403237],[1.765425,41.403226],[1.765422,41.403219],[1.765421,41.403219],[1.765404,41.403185],[1.765377,41.403131],[1.765307,41.402996],[1.765235,41.402861],[1.765179,41.402756],[1.765109,41.402647],[1.7651,41.402635],[1.765067,41.402607],[1.765019,41.40258],[1.764968,41.402557],[1.764913,41.40254],[1.764856,41.402528],[1.764797,41.402521],[1.76475,41.402521],[1.764737,41.402521],[1.764678,41.402526],[1.76462,41.402537],[1.764565,41.402553],[1.764546,41.402561],[1.764513,41.402575],[1.764509,41.402577],[1.764487,41.402582],[1.764449,41.402576],[1.764433,41.402556],[1.764315,41.402301],[1.764191,41.402071],[1.76407,41.401909],[1.763875,41.401678],[1.763782,41.401584],[1.763725,41.40158],[1.763673,41.401579],[1.763573,41.401621],[1.762738,41.402041],[1.762746,41.402116],[1.762598,41.402184],[1.762549,41.402201],[1.762546,41.402202],[1.762014,41.402412],[1.761945,41.402439],[1.761873,41.40246],[1.761798,41.402477],[1.761722,41.402487],[1.761645,41.402492],[1.761567,41.402491],[1.761552,41.40249],[1.761068,41.402515],[1.760838,41.402527],[1.760162,41.402564],[1.760032,41.402571],[1.759508,41.402626],[1.759502,41.402626],[1.75942,41.402627],[1.759258,41.402634],[1.759289,41.402624],[1.759289,41.402624],[1.759116,41.402615],[1.758808,41.402598],[1.758695,41.402594],[1.758677,41.402599],[1.758274,41.402689],[1.75821,41.402698],[1.758149,41.402715],[1.758091,41.402737],[1.758038,41.402765],[1.757991,41.402798],[1.75795,41.402836],[1.757925,41.402865],[1.757905,41.402895],[1.757888,41.402926],[1.75793,41.403228],[1.757931,41.40324],[1.758006,41.403776],[1.758012,41.403821],[1.758012,41.403821],[1.758045,41.404044],[1.75811,41.404478],[1.758224,41.405419],[1.758221,41.405421],[1.758231,41.40549],[1.758266,41.405722],[1.758271,41.405751],[1.758273,41.40578],[1.758291,41.406023],[1.758303,41.406275],[1.758305,41.406305],[1.758304,41.406338],[1.758302,41.406429],[1.758293,41.406625],[1.758289,41.406668],[1.758285,41.406722],[1.758274,41.40682],[1.75825,41.406977],[1.758223,41.407132],[1.758206,41.407221],[1.758195,41.40728],[1.758166,41.407428],[1.758155,41.407488],[1.758155,41.407491],[1.758151,41.407516],[1.758147,41.407543],[1.758144,41.40756],[1.758142,41.407577],[1.758142,41.407595],[1.758144,41.407612],[1.758147,41.407627],[1.758152,41.407641],[1.758161,41.40766],[1.758172,41.407677],[1.758186,41.407695],[1.758202,41.407712],[1.758215,41.407725],[1.758229,41.407737],[1.758242,41.407748],[1.758256,41.407758],[1.758276,41.407771],[1.758298,41.407781],[1.758319,41.40779],[1.758341,41.407797],[1.758362,41.407803],[1.758383,41.407808],[1.758384,41.407809],[1.7584,41.407812],[1.758416,41.407815],[1.758433,41.407816],[1.758478,41.407819],[1.758524,41.407819],[1.758564,41.407815],[1.758604,41.407809],[1.758637,41.407801],[1.758669,41.40779],[1.758679,41.407785],[1.758689,41.407781],[1.758702,41.407775],[1.758724,41.407765],[1.758746,41.407753],[1.758772,41.407738],[1.758796,41.407722],[1.75882,41.407704],[1.758846,41.407677],[1.758942,41.407578],[1.759028,41.407471],[1.759317,41.407113],[1.759518,41.406867],[1.759655,41.406697],[1.759744,41.406588],[1.759832,41.40648],[1.759917,41.406371],[1.76,41.406261],[1.760123,41.406093],[1.760247,41.405924],[1.760324,41.40582],[1.760402,41.405716],[1.760448,41.405662],[1.760487,41.405622],[1.760512,41.405601],[1.760523,41.40559],[1.760534,41.405579],[1.760549,41.405563],[1.760558,41.405552],[1.760679,41.405463],[1.760132,41.404553],[1.760142,41.404503],[1.760205,41.404439],[1.760377,41.404395],[1.761099,41.404131],[1.762161,41.403693],[1.762999,41.403344],[1.763664,41.403062]]]]}},{"type":"Feature","id":"082732_082732 SI03 APE 2","properties":{"area_id":"082732_082732 SI03 APE 2","nom":"Polígon industrial Lavernó","codi_icgc":"082732 SI03 APE 2","categoria":"Sector industrial","codi_municipi":"082732","municipi":"Subirats","codi_comarca":"03","comarca":"Alt Penedès","provincia":"Barcelona","font":"ICGC Àrees de poblament v3r1 202602"},"geometry":{"type":"MultiPolygon","coordinates":[[[[1.808106,41.42726],[1.808773,41.426347],[1.808797,41.426305],[1.808814,41.426261],[1.808823,41.426216],[1.808825,41.42617],[1.808818,41.426125],[1.808805,41.42608],[1.808796,41.426061],[1.808789,41.426048],[1.808784,41.426037],[1.808782,41.426034],[1.808756,41.425996],[1.808722,41.425959],[1.808681,41.425924],[1.808635,41.425894],[1.808628,41.42589],[1.806969,41.42505],[1.806917,41.425028],[1.806861,41.425011],[1.806802,41.425],[1.806743,41.424994],[1.806682,41.424994],[1.806622,41.424999],[1.806564,41.425011],[1.806545,41.425016],[1.806498,41.42503],[1.806399,41.425059],[1.805741,41.425254],[1.805382,41.424564],[1.804601,41.42463],[1.803573,41.425108],[1.803467,41.425157],[1.80347,41.425163],[1.8034,41.4252],[1.8024,41.4252],[1.802342,41.426009],[1.802338,41.42601],[1.802299,41.426024],[1.802228,41.426047],[1.802198,41.426057],[1.802236,41.426156],[1.802237,41.426159],[1.802244,41.426185],[1.802255,41.426211],[1.802267,41.42623],[1.80228,41.426249],[1.802295,41.42627],[1.802312,41.426292],[1.80233,41.426308],[1.802327,41.426338],[1.802318,41.426368],[1.802304,41.426396],[1.802284,41.426422],[1.802259,41.426446],[1.802246,41.426456],[1.802222,41.426471],[1.802185,41.426478],[1.802167,41.426482],[1.80207,41.426497],[1.802056,41.426497],[1.802066,41.426531],[1.802068,41.426533],[1.8021,41.426562],[1.802128,41.426592],[1.802154,41.426618],[1.80218,41.426644],[1.802207,41.426677],[1.802234,41.42671],[1.802254,41.426741],[1.802274,41.426773],[1.802289,41.426792],[1.802317,41.426819],[1.802349,41.426844],[1.802397,41.426877],[1.802423,41.426893],[1.802451,41.426906],[1.802514,41.42693],[1.802576,41.426955],[1.802633,41.426978],[1.802681,41.426997],[1.802705,41.42698],[1.802898,41.426643],[1.804071,41.42693],[1.80426,41.426977],[1.80555,41.427296],[1.805586,41.427309],[1.805617,41.427327],[1.805643,41.427349],[1.805664,41.427374],[1.805677,41.427402],[1.805683,41.427431],[1.805681,41.427461],[1.805674,41.427483],[1.805478,41.427936],[1.805472,41.427972],[1.805472,41.428007],[1.805481,41.428043],[1.805497,41.428077],[1.80552,41.428108],[1.805549,41.428137],[1.805584,41.428161],[1.805746,41.428216],[1.805876,41.428248],[1.806859,41.428493],[1.807241,41.42858],[1.807484,41.428123],[1.807587,41.427919],[1.807589,41.427848],[1.807833,41.427426],[1.80789,41.42741],[1.807943,41.427388],[1.807992,41.427361],[1.808037,41.42733],[1.808076,41.427295],[1.808106,41.42726]]]]}},{"type":"Feature","id":"082732_082732 SI09 APE 2","properties":{"area_id":"082732_082732 SI09 APE 2","nom":"Polígon industrial Molí del Racó","codi_icgc":"082732 SI09 APE 2","categoria":"Sector industrial","codi_municipi":"082732","municipi":"Subirats","codi_comarca":"03","comarca":"Alt Penedès","provincia":"Barcelona","font":"ICGC Àrees de poblament v3r1 202602"},"geometry":{"type":"MultiPolygon","coordinates":[[[[1.806406,41.430517],[1.806236,41.430458],[1.80618,41.430443],[1.806113,41.430439],[1.806023,41.430438],[1.805957,41.430437],[1.805865,41.430436],[1.805855,41.430436],[1.805766,41.430453],[1.805262,41.43072],[1.806505,41.431862],[1.806507,41.431861],[1.806506,41.431863],[1.806203,41.43203],[1.80625,41.432205],[1.806623,41.431938],[1.806863,41.431776],[1.807013,41.431631],[1.807081,41.431493],[1.807113,41.431424],[1.807117,41.431352],[1.807118,41.431308],[1.807088,41.431213],[1.807003,41.431081],[1.806892,41.430925],[1.806806,41.430825],[1.806641,41.430684],[1.806406,41.430517]]]]}},{"type":"Feature","id":"082732_082732 AP21 APE 1","properties":{"area_id":"082732_082732 AP21 APE 1","nom":"Sant Joan Salern","codi_icgc":"082732 AP21 APE 1","categoria":"Àrees de poblament","codi_municipi":"082732","municipi":"Subirats","codi_comarca":"03","comarca":"Alt Penedès","provincia":"Barcelona","font":"ICGC Àrees de poblament v3r1 202602"},"geometry":{"type":"MultiPolygon","coordinates":[[[[1.752207,41.40351],[1.752044,41.4037],[1.75217,41.40379],[1.752266,41.403829],[1.752326,41.403849],[1.752384,41.403862],[1.75245,41.403864],[1.752573,41.403769],[1.752742,41.40365],[1.752758,41.403632],[1.752686,41.403595],[1.75256,41.403525],[1.752302,41.403398],[1.752283,41.403415],[1.752207,41.40351]]]]}},{"type":"Feature","id":"082732_082732 AP01 APE 3","properties":{"area_id":"082732_082732 AP01 APE 3","nom":"Sant Pau d'Ordal","codi_icgc":"082732 AP01 APE 3","categoria":"Àrees de poblament","codi_municipi":"082732","municipi":"Subirats","codi_comarca":"03","comarca":"Alt Penedès","provincia":"Barcelona","font":"ICGC Àrees de poblament v3r1 202602"},"geometry":{"type":"MultiPolygon","coordinates":[[[[1.793477,41.382472],[1.793484,41.382758],[1.792864,41.38277],[1.792882,41.383135],[1.793517,41.383119],[1.793549,41.383132],[1.793551,41.383179],[1.7936,41.38323],[1.793591,41.383301],[1.793587,41.383343],[1.793585,41.383381],[1.793587,41.383395],[1.79359,41.383403],[1.793595,41.383411],[1.793603,41.383422],[1.793604,41.383423],[1.793599,41.383454],[1.793595,41.383486],[1.79359,41.383547],[1.793586,41.383608],[1.793584,41.383639],[1.793584,41.38367],[1.793588,41.383691],[1.793597,41.383701],[1.793612,41.383706],[1.793899,41.383769],[1.794065,41.383805],[1.794257,41.383846],[1.794423,41.383881],[1.794548,41.3839],[1.794709,41.38391],[1.794781,41.38391],[1.794788,41.383917],[1.794795,41.383924],[1.794802,41.38393],[1.794812,41.383935],[1.794834,41.383942],[1.794865,41.383948],[1.794897,41.383952],[1.794927,41.383956],[1.794958,41.383958],[1.795051,41.383964],[1.795144,41.383968],[1.795191,41.383971],[1.795237,41.383975],[1.795259,41.383981],[1.795273,41.38399],[1.795276,41.383992],[1.795284,41.384002],[1.795296,41.384028],[1.795302,41.384054],[1.795313,41.384103],[1.795323,41.384152],[1.795345,41.384278],[1.795353,41.384319],[1.795359,41.384342],[1.795368,41.384375],[1.795376,41.384408],[1.795999,41.384503],[1.796086,41.384523],[1.796384,41.384573],[1.796412,41.384635],[1.796429,41.384741],[1.796429,41.384741],[1.796418,41.38476],[1.796423,41.384822],[1.796442,41.384913],[1.796468,41.384989],[1.796519,41.385112],[1.796588,41.385277],[1.796625,41.385365],[1.796746,41.385618],[1.7968,41.385705],[1.796859,41.385809],[1.796886,41.385871],[1.796908,41.385934],[1.796919,41.385969],[1.796928,41.386004],[1.796933,41.38604],[1.796936,41.386095],[1.796936,41.386099],[1.796934,41.38615],[1.796928,41.386179],[1.796928,41.386182],[1.796928,41.386183],[1.796928,41.386184],[1.796923,41.386212],[1.796922,41.386233],[1.796927,41.386252],[1.796954,41.386312],[1.796967,41.386342],[1.79698,41.386371],[1.796988,41.386377],[1.79702,41.386367],[1.797074,41.386363],[1.797074,41.386363],[1.797074,41.386363],[1.797074,41.386362],[1.797074,41.386362],[1.797075,41.386353],[1.797079,41.386346],[1.797087,41.38634],[1.797099,41.386338],[1.79711,41.386335],[1.79749,41.386252],[1.79749,41.386252],[1.797493,41.386251],[1.797548,41.386239],[1.797572,41.386239],[1.797596,41.386242],[1.797637,41.386245],[1.797676,41.386249],[1.7977,41.386254],[1.797806,41.386282],[1.797867,41.386298],[1.797867,41.386298],[1.797827,41.386378],[1.79799,41.386404],[1.798018,41.386336],[1.798137,41.386372],[1.798172,41.386351],[1.798178,41.386312],[1.798205,41.386185],[1.798223,41.38613],[1.798225,41.386127],[1.798122,41.385972],[1.798089,41.385915],[1.797955,41.385664],[1.797879,41.385399],[1.797695,41.385429],[1.797596,41.385445],[1.797564,41.385273],[1.797539,41.385214],[1.797479,41.385229],[1.797362,41.385263],[1.797347,41.385267],[1.797288,41.385126],[1.797229,41.384985],[1.797211,41.384935],[1.797196,41.384884],[1.797192,41.384865],[1.797214,41.384795],[1.797216,41.384789],[1.797241,41.38471],[1.797468,41.384735],[1.797519,41.384743],[1.797678,41.384768],[1.797757,41.384777],[1.798144,41.384516],[1.798279,41.384467],[1.798356,41.384593],[1.798635,41.384509],[1.798704,41.384585],[1.798799,41.384618],[1.798933,41.384614],[1.799017,41.3846],[1.799121,41.384562],[1.799087,41.3845],[1.799029,41.384396],[1.79897,41.384293],[1.798906,41.384166],[1.798843,41.384038],[1.798817,41.383995],[1.798787,41.383953],[1.798719,41.383874],[1.798702,41.383856],[1.798232,41.383506],[1.798047,41.382473],[1.798023,41.382343],[1.797971,41.382063],[1.797795,41.382082],[1.797672,41.382094],[1.797652,41.382071],[1.797617,41.382035],[1.797601,41.382017],[1.797593,41.38201],[1.797578,41.381998],[1.797431,41.38188],[1.797283,41.381763],[1.797161,41.381662],[1.797037,41.381561],[1.796972,41.381511],[1.796906,41.381461],[1.796894,41.38145],[1.796775,41.381323],[1.796714,41.381223],[1.79668,41.38117],[1.796664,41.381148],[1.796647,41.381129],[1.796608,41.381094],[1.796584,41.38108],[1.796559,41.381069],[1.796543,41.381065],[1.796435,41.381049],[1.796319,41.381053],[1.796231,41.381062],[1.796098,41.381065],[1.796049,41.381033],[1.796045,41.381026],[1.796043,41.381018],[1.796043,41.38101],[1.796045,41.381003],[1.796046,41.381001],[1.796138,41.380948],[1.795999,41.380811],[1.795955,41.380836],[1.795965,41.380846],[1.795927,41.380868],[1.79592,41.380867],[1.795912,41.380865],[1.795908,41.380863],[1.7959,41.38086],[1.795896,41.380856],[1.795881,41.380837],[1.795834,41.380864],[1.795848,41.380888],[1.795861,41.380919],[1.795812,41.38095],[1.795722,41.380929],[1.795468,41.381075],[1.795479,41.38108],[1.795581,41.381188],[1.795602,41.38121],[1.795609,41.381223],[1.795653,41.381299],[1.795676,41.381374],[1.795696,41.381482],[1.795714,41.3815],[1.795017,41.381629],[1.794999,41.381585],[1.794989,41.381519],[1.794985,41.381499],[1.79483,41.381488],[1.794636,41.381512],[1.794566,41.381524],[1.794498,41.38154],[1.794432,41.381562],[1.794391,41.381581],[1.794343,41.38161],[1.794318,41.38163],[1.794277,41.381669],[1.794188,41.38175],[1.794171,41.381778],[1.794103,41.38193],[1.793984,41.381894],[1.793682,41.381791],[1.793609,41.381767],[1.793365,41.381685],[1.793321,41.382042],[1.79329,41.38227],[1.793277,41.382384],[1.793506,41.382428],[1.793477,41.382472]]]]}},{"type":"Feature","id":"082732_082732 SI10 APE 2","properties":{"area_id":"082732_082732 SI10 APE 2","nom":"Sitges de Can Revella","codi_icgc":"082732 SI10 APE 2","categoria":"Sector industrial","codi_municipi":"082732","municipi":"Subirats","codi_comarca":"03","comarca":"Alt Penedès","provincia":"Barcelona","font":"ICGC Àrees de poblament v3r1 202602"},"geometry":{"type":"MultiPolygon","coordinates":[[[[1.836768,41.394909],[1.836446,41.39487],[1.836302,41.394961],[1.836567,41.395178],[1.836752,41.395283],[1.836818,41.395293],[1.836891,41.395284],[1.836959,41.395225],[1.837146,41.395001],[1.837168,41.39495],[1.836933,41.394896],[1.836768,41.394909]]]]}},{"type":"Feature","id":"082732_082732 AP03 APE 2","properties":{"area_id":"082732_082732 AP03 APE 2","nom":"Torre-ramona","codi_icgc":"082732 AP03 APE 2","categoria":"Àrees de poblament","codi_municipi":"082732","municipi":"Subirats","codi_comarca":"03","comarca":"Alt Penedès","provincia":"Barcelona","font":"ICGC Àrees de poblament v3r1 202602"},"geometry":{"type":"MultiPolygon","coordinates":[[[[1.819942,41.421633],[1.819966,41.421598],[1.819978,41.421585],[1.820005,41.421569],[1.820035,41.421558],[1.820076,41.421549],[1.820118,41.421541],[1.820143,41.421533],[1.820166,41.421521],[1.820182,41.421507],[1.820191,41.421491],[1.820196,41.421458],[1.8202,41.421425],[1.820206,41.421391],[1.820216,41.421356],[1.820224,41.421341],[1.820241,41.421319],[1.820262,41.4213],[1.820301,41.421271],[1.820339,41.421243],[1.820817,41.421329],[1.820897,41.421277],[1.82095,41.421277],[1.820976,41.421274],[1.821,41.421267],[1.821038,41.421253],[1.821075,41.421239],[1.821104,41.421208],[1.821001,41.421156],[1.820884,41.421102],[1.820765,41.421052],[1.820683,41.421022],[1.820619,41.421],[1.820556,41.420979],[1.82053,41.420969],[1.820503,41.420958],[1.820485,41.420947],[1.82047,41.420932],[1.820452,41.420915],[1.820444,41.420905],[1.82044,41.420895],[1.820427,41.42084],[1.820415,41.420784],[1.820407,41.420742],[1.820394,41.420695],[1.820383,41.420647],[1.820375,41.420602],[1.820367,41.420556],[1.820357,41.420489],[1.820348,41.420422],[1.820347,41.420418],[1.820335,41.420329],[1.820322,41.420306],[1.820308,41.420284],[1.820268,41.420238],[1.820236,41.420202],[1.820229,41.420194],[1.820217,41.420174],[1.820202,41.420149],[1.820176,41.420107],[1.820134,41.420105],[1.819905,41.420101],[1.819904,41.420127],[1.819878,41.420177],[1.819832,41.420175],[1.81982,41.420242],[1.819816,41.420267],[1.819635,41.420251],[1.819664,41.420473],[1.819686,41.420604],[1.819671,41.420635],[1.819604,41.420702],[1.81961,41.420742],[1.819612,41.420778],[1.819613,41.420815],[1.819614,41.420842],[1.819614,41.420874],[1.81958,41.420902],[1.819564,41.420927],[1.819531,41.420985],[1.819515,41.421014],[1.819501,41.421044],[1.819493,41.421076],[1.819491,41.421125],[1.819492,41.421174],[1.819492,41.42123],[1.819496,41.421293],[1.819497,41.421297],[1.8195,41.421301],[1.819505,41.421304],[1.819617,41.421308],[1.819614,41.421343],[1.819625,41.421344],[1.819626,41.42147],[1.819617,41.421582],[1.819628,41.421603],[1.819661,41.421602],[1.819693,41.421602],[1.819704,41.421602],[1.819714,41.421603],[1.819718,41.421608],[1.819717,41.421613],[1.819714,41.421623],[1.819714,41.421642],[1.819713,41.421662],[1.819716,41.421676],[1.819725,41.421689],[1.819733,41.421694],[1.819743,41.421696],[1.819802,41.421699],[1.819861,41.4217],[1.819878,41.4217],[1.819894,41.421697],[1.819901,41.421692],[1.81991,41.42168],[1.819918,41.421669],[1.819942,41.421633]]]]}},{"type":"Feature","id":"082732_082732 AP25 APE 2","properties":{"area_id":"082732_082732 AP25 APE 2","nom":"el Carrer Nou","codi_icgc":"082732 AP25 APE 2","categoria":"Àrees de poblament","codi_municipi":"082732","municipi":"Subirats","codi_comarca":"03","comarca":"Alt Penedès","provincia":"Barcelona","font":"ICGC Àrees de poblament v3r1 202602"},"geometry":{"type":"MultiPolygon","coordinates":[[[[1.743448,41.397449],[1.74423,41.397333],[1.74426,41.397345],[1.744286,41.397355],[1.744311,41.397402],[1.744678,41.397326],[1.744672,41.397301],[1.744621,41.397175],[1.744563,41.397183],[1.744217,41.39724],[1.744168,41.397178],[1.744166,41.397162],[1.744163,41.397152],[1.744157,41.397143],[1.74414,41.397127],[1.744122,41.397116],[1.744105,41.397105],[1.744072,41.397078],[1.744042,41.397049],[1.744007,41.397007],[1.743973,41.396965],[1.743933,41.39692],[1.743924,41.396909],[1.743892,41.396876],[1.743855,41.396838],[1.743818,41.396801],[1.743796,41.396774],[1.743757,41.396732],[1.743738,41.39671],[1.743708,41.39672],[1.743692,41.396725],[1.743691,41.396728],[1.743642,41.396879],[1.743367,41.396935],[1.743364,41.396936],[1.743364,41.396924],[1.743364,41.3969],[1.743357,41.3969],[1.743262,41.396897],[1.743223,41.396899],[1.7431,41.396899],[1.743052,41.396912],[1.743015,41.396921],[1.743104,41.39716],[1.742743,41.39723],[1.742826,41.39741],[1.742794,41.397417],[1.742492,41.397486],[1.74244,41.397515],[1.742439,41.397518],[1.742433,41.397554],[1.742425,41.397591],[1.742417,41.397628],[1.742412,41.397644],[1.74242,41.397692],[1.742424,41.397688],[1.742443,41.397677],[1.742485,41.397657],[1.742529,41.397644],[1.742573,41.397634],[1.742875,41.397572],[1.743177,41.39751],[1.743354,41.397474],[1.74343,41.397458],[1.74344,41.397454],[1.743448,41.397449]]]]}},{"type":"Feature","id":"082732_082732 AP05 APE 2","properties":{"area_id":"082732_082732 AP05 APE 2","nom":"el Carrer dels Rocs","codi_icgc":"082732 AP05 APE 2","categoria":"Àrees de poblament","codi_municipi":"082732","municipi":"Subirats","codi_comarca":"03","comarca":"Alt Penedès","provincia":"Barcelona","font":"ICGC Àrees de poblament v3r1 202602"},"geometry":{"type":"MultiPolygon","coordinates":[[[[1.766021,41.385667],[1.76595,41.385684],[1.765914,41.385707],[1.765924,41.385761],[1.765939,41.385827],[1.765958,41.385875],[1.765977,41.385911],[1.766001,41.385917],[1.766037,41.385893],[1.766097,41.385837],[1.766165,41.385814],[1.766232,41.385806],[1.766256,41.385832],[1.766249,41.385849],[1.766225,41.385878],[1.766199,41.385906],[1.766187,41.385928],[1.766178,41.385959],[1.766171,41.385989],[1.766162,41.386042],[1.766153,41.386094],[1.766149,41.386097],[1.766049,41.386162],[1.76595,41.386229],[1.765915,41.386258],[1.7659,41.386269],[1.765793,41.386236],[1.765734,41.386218],[1.765687,41.386193],[1.765668,41.386157],[1.765673,41.38611],[1.765654,41.386062],[1.765608,41.38596],[1.765565,41.385927],[1.765407,41.385907],[1.765285,41.385915],[1.76515,41.385931],[1.765098,41.385961],[1.765127,41.386089],[1.765178,41.386131],[1.765232,41.386189],[1.76525,41.38624],[1.765285,41.386346],[1.765351,41.386349],[1.765396,41.386543],[1.76555,41.386573],[1.765607,41.386495],[1.765692,41.386504],[1.76575,41.38651],[1.765766,41.386477],[1.765781,41.386452],[1.765799,41.386429],[1.765813,41.386416],[1.765866,41.386367],[1.765912,41.386326],[1.765925,41.386335],[1.765979,41.386372],[1.766033,41.38641],[1.766056,41.386421],[1.766079,41.386426],[1.766096,41.386441],[1.766117,41.38646],[1.76615,41.386491],[1.766182,41.386521],[1.766252,41.38658],[1.76629,41.386608],[1.766329,41.386634],[1.766392,41.386673],[1.766454,41.386711],[1.766463,41.386717],[1.766463,41.386698],[1.76671,41.386496],[1.766901,41.38637],[1.766968,41.386351],[1.766934,41.386327],[1.7669,41.386302],[1.766863,41.386276],[1.766832,41.386257],[1.766806,41.386244],[1.766766,41.38623],[1.766743,41.386226],[1.76672,41.386225],[1.766635,41.386229],[1.766551,41.386233],[1.766461,41.386237],[1.766372,41.386242],[1.766345,41.386239],[1.766326,41.386233],[1.766262,41.386202],[1.766256,41.386199],[1.766243,41.386176],[1.766225,41.386144],[1.766226,41.386105],[1.766287,41.386064],[1.766388,41.386001],[1.766412,41.385991],[1.766438,41.385982],[1.766523,41.385961],[1.766611,41.385941],[1.7667,41.385921],[1.76678,41.38574],[1.766417,41.385687],[1.76638,41.385624],[1.766276,41.385659],[1.766226,41.385597],[1.766144,41.385644],[1.766021,41.385667]]]]}},{"type":"Feature","id":"082732_082732 AP04 APE 2","properties":{"area_id":"082732_082732 AP04 APE 2","nom":"el Corral del Mestre","codi_icgc":"082732 AP04 APE 2","categoria":"Àrees de poblament","codi_municipi":"082732","municipi":"Subirats","codi_comarca":"03","comarca":"Alt Penedès","provincia":"Barcelona","font":"ICGC Àrees de poblament v3r1 202602"},"geometry":{"type":"MultiPolygon","coordinates":[[[[1.731844,41.403073],[1.7318,41.403089],[1.731767,41.40312],[1.732013,41.403323],[1.731733,41.403436],[1.731783,41.403598],[1.731552,41.403614],[1.731517,41.403484],[1.731495,41.403426],[1.731463,41.40342],[1.731277,41.403459],[1.730869,41.403544],[1.73067,41.403592],[1.730644,41.403593],[1.730648,41.403619],[1.730654,41.403645],[1.730661,41.403671],[1.730674,41.403726],[1.730688,41.403781],[1.730703,41.403825],[1.73072,41.403869],[1.730739,41.403919],[1.730756,41.40397],[1.730763,41.404],[1.730768,41.404019],[1.730797,41.404046],[1.730824,41.404059],[1.730851,41.404083],[1.730866,41.404092],[1.73088,41.404102],[1.730896,41.404114],[1.730912,41.404126],[1.730933,41.40414],[1.73098,41.404187],[1.731032,41.404233],[1.731084,41.404278],[1.73115,41.404333],[1.731216,41.404389],[1.731278,41.404437],[1.731331,41.404476],[1.73136,41.404469],[1.73142,41.404449],[1.731627,41.404263],[1.731632,41.404226],[1.731637,41.40419],[1.731646,41.404159],[1.731661,41.404131],[1.731665,41.404126],[1.73169,41.404099],[1.731727,41.404079],[1.731757,41.40407],[1.731787,41.404062],[1.73178,41.404022],[1.731956,41.403997],[1.732001,41.403977],[1.731918,41.403852],[1.732033,41.403807],[1.732011,41.403747],[1.731937,41.403639],[1.731899,41.403585],[1.731857,41.403551],[1.731901,41.40349],[1.73194,41.403446],[1.732007,41.403384],[1.732079,41.403326],[1.732203,41.403235],[1.732238,41.40321],[1.732242,41.40321],[1.732227,41.403166],[1.732142,41.403081],[1.73211,41.403052],[1.732047,41.403044],[1.731991,41.403049],[1.731922,41.40306],[1.731844,41.403073]]]]}},{"type":"Feature","id":"082732_082732 AP27 APE 2","properties":{"area_id":"082732_082732 AP27 APE 2","nom":"el Maset","codi_icgc":"082732 AP27 APE 2","categoria":"Àrees de poblament","codi_municipi":"082732","municipi":"Subirats","codi_comarca":"03","comarca":"Alt Penedès","provincia":"Barcelona","font":"ICGC Àrees de poblament v3r1 202602"},"geometry":{"type":"MultiPolygon","coordinates":[[[[1.81563,41.387334],[1.815689,41.387395],[1.815708,41.387388],[1.81575,41.387373],[1.815792,41.387335],[1.815847,41.387243],[1.815829,41.387223],[1.815822,41.387181],[1.815843,41.38713],[1.815844,41.387087],[1.815829,41.387002],[1.81582,41.38695],[1.815816,41.386927],[1.815815,41.386916],[1.815817,41.386904],[1.815826,41.386876],[1.815835,41.386847],[1.815845,41.386819],[1.815856,41.38679],[1.815862,41.386765],[1.815865,41.38674],[1.815863,41.386718],[1.815859,41.386702],[1.815859,41.386702],[1.815839,41.386634],[1.815815,41.386577],[1.81559,41.386476],[1.815267,41.386547],[1.815105,41.386491],[1.815028,41.38648],[1.815027,41.38648],[1.814979,41.386476],[1.814955,41.386478],[1.814871,41.3865],[1.814879,41.386508],[1.814901,41.386536],[1.814919,41.386557],[1.814951,41.386592],[1.814973,41.386613],[1.81502,41.38666],[1.815062,41.386699],[1.815103,41.386734],[1.815117,41.386747],[1.815142,41.38677],[1.815177,41.386807],[1.815221,41.386858],[1.815229,41.386868],[1.815264,41.38691],[1.815361,41.387023],[1.815459,41.387137],[1.815514,41.387201],[1.81557,41.387264],[1.81563,41.387334]]]]}},{"type":"Feature","id":"082732_082732 AP15 APE 3","properties":{"area_id":"082732_082732 AP15 APE 3","nom":"el Pago","codi_icgc":"082732 AP15 APE 3","categoria":"Àrees de poblament","codi_municipi":"082732","municipi":"Subirats","codi_comarca":"03","comarca":"Alt Penedès","provincia":"Barcelona","font":"ICGC Àrees de poblament v3r1 202602"},"geometry":{"type":"MultiPolygon","coordinates":[[[[1.814221,41.385996],[1.814378,41.385914],[1.814328,41.385854],[1.814236,41.385743],[1.814144,41.385633],[1.814082,41.385559],[1.814082,41.385558],[1.814082,41.385558],[1.814022,41.385485],[1.813956,41.3854],[1.813929,41.385363],[1.814354,41.385208],[1.81415,41.384907],[1.814137,41.384889],[1.814134,41.384884],[1.814026,41.384917],[1.814014,41.384921],[1.813959,41.384943],[1.813898,41.384967],[1.813862,41.384979],[1.813826,41.38499],[1.813805,41.384993],[1.813787,41.384993],[1.813784,41.384992],[1.813743,41.385005],[1.813698,41.385019],[1.813594,41.384861],[1.813469,41.384672],[1.813276,41.384418],[1.813203,41.384333],[1.813093,41.38437],[1.813066,41.384378],[1.812936,41.38443],[1.812929,41.384433],[1.812891,41.384453],[1.81285,41.384454],[1.812831,41.384459],[1.812787,41.384473],[1.812734,41.384489],[1.812683,41.384508],[1.812642,41.384526],[1.812603,41.384546],[1.81258,41.38456],[1.812524,41.384617],[1.812481,41.384661],[1.812467,41.384676],[1.812449,41.384697],[1.812403,41.384761],[1.812305,41.384899],[1.812293,41.384917],[1.812152,41.384968],[1.812033,41.385274],[1.811969,41.38537],[1.811932,41.385426],[1.81196,41.385449],[1.811994,41.385478],[1.811992,41.385487],[1.812094,41.385546],[1.812104,41.385552],[1.81213,41.385521],[1.812179,41.38546],[1.812257,41.385364],[1.812285,41.385318],[1.812316,41.385258],[1.812348,41.385189],[1.812352,41.38518],[1.812372,41.38514],[1.812395,41.385101],[1.812408,41.385087],[1.812507,41.385143],[1.812606,41.385139],[1.81264,41.385104],[1.81267,41.385125],[1.812684,41.385135],[1.812759,41.385188],[1.81285,41.385244],[1.812941,41.3853],[1.812977,41.385323],[1.813177,41.385658],[1.813257,41.385792],[1.813343,41.385944],[1.813363,41.385976],[1.813517,41.38592],[1.813521,41.385919],[1.813537,41.385917],[1.813559,41.385919],[1.813569,41.385926],[1.813596,41.385948],[1.813634,41.385981],[1.813659,41.386006],[1.813696,41.386042],[1.813726,41.386069],[1.81373,41.386073],[1.813766,41.386103],[1.813794,41.386121],[1.813826,41.386135],[1.813842,41.38614],[1.813858,41.386143],[1.813883,41.386143],[1.813907,41.386139],[1.813939,41.386131],[1.813969,41.38612],[1.814024,41.386099],[1.814078,41.386077],[1.814131,41.386055],[1.814156,41.386033],[1.814166,41.386024],[1.814221,41.385996]]]]}},{"type":"Feature","id":"082732_082732 AP02 APE 2","properties":{"area_id":"082732_082732 AP02 APE 2","nom":"el Rebato","codi_icgc":"082732 AP02 APE 2","categoria":"Àrees de poblament","codi_municipi":"082732","municipi":"Subirats","codi_comarca":"03","comarca":"Alt Penedès","provincia":"Barcelona","font":"ICGC Àrees de poblament v3r1 202602"},"geometry":{"type":"MultiPolygon","coordinates":[[[[1.826432,41.426044],[1.826409,41.426015],[1.826326,41.425997],[1.826266,41.425972],[1.826045,41.426029],[1.825997,41.425967],[1.825946,41.425903],[1.825915,41.425871],[1.825879,41.425841],[1.825842,41.425816],[1.825818,41.425804],[1.825796,41.425791],[1.825748,41.425767],[1.825774,41.425733],[1.825799,41.4257],[1.825832,41.425665],[1.825862,41.425641],[1.825913,41.425612],[1.825969,41.425589],[1.826066,41.42556],[1.826163,41.425532],[1.826258,41.425503],[1.826353,41.425473],[1.826397,41.425457],[1.82644,41.425438],[1.82645,41.425433],[1.826464,41.425422],[1.82665,41.425386],[1.826732,41.425305],[1.82673,41.425174],[1.826724,41.425111],[1.826682,41.425113],[1.826597,41.425116],[1.826516,41.425121],[1.826371,41.425128],[1.82621,41.425139],[1.8261,41.425144],[1.82599,41.425149],[1.825912,41.425161],[1.825835,41.425178],[1.825685,41.42522],[1.825583,41.42525],[1.825528,41.425269],[1.825485,41.425286],[1.82545,41.425302],[1.825445,41.425305],[1.825428,41.425316],[1.825402,41.425338],[1.825383,41.425357],[1.825377,41.425366],[1.825371,41.425378],[1.825365,41.425391],[1.825362,41.425409],[1.825359,41.425425],[1.825358,41.425464],[1.825358,41.425503],[1.825359,41.425525],[1.825356,41.425548],[1.825354,41.425555],[1.82535,41.425562],[1.825343,41.42557],[1.82533,41.425579],[1.825319,41.425583],[1.82531,41.425585],[1.825303,41.425586],[1.82529,41.425585],[1.825273,41.425579],[1.825265,41.425575],[1.825258,41.425569],[1.825251,41.425558],[1.825244,41.425544],[1.825236,41.42552],[1.825231,41.425502],[1.82523,41.425484],[1.825228,41.425445],[1.825226,41.425405],[1.825229,41.425382],[1.825233,41.425367],[1.825237,41.425354],[1.825243,41.425341],[1.82525,41.425329],[1.825271,41.425302],[1.825285,41.42528],[1.825294,41.425258],[1.825299,41.425223],[1.825299,41.425211],[1.825295,41.425169],[1.825292,41.425157],[1.825283,41.425118],[1.82528,41.425103],[1.825262,41.425032],[1.825256,41.425015],[1.825243,41.424988],[1.825232,41.424969],[1.825211,41.424946],[1.825197,41.424934],[1.825181,41.424922],[1.825154,41.424906],[1.825139,41.424897],[1.825064,41.424857],[1.824977,41.424812],[1.824889,41.424768],[1.824775,41.424713],[1.824673,41.424656],[1.824524,41.424572],[1.824428,41.424515],[1.824347,41.424468],[1.824325,41.424505],[1.824318,41.424611],[1.824306,41.424711],[1.824318,41.424789],[1.824329,41.424839],[1.824319,41.42492],[1.824295,41.424991],[1.824259,41.425077],[1.824232,41.425148],[1.824241,41.425189],[1.824287,41.425239],[1.824378,41.425293],[1.824491,41.425346],[1.824551,41.425363],[1.824608,41.425366],[1.82465,41.425341],[1.824666,41.4253],[1.824654,41.42526],[1.825079,41.424906],[1.825111,41.424924],[1.825152,41.424949],[1.825176,41.424967],[1.825191,41.424983],[1.825202,41.425002],[1.825211,41.42502],[1.825218,41.42504],[1.825237,41.425113],[1.825237,41.425115],[1.825239,41.425124],[1.825248,41.425162],[1.82525,41.425173],[1.825254,41.425212],[1.825255,41.425221],[1.82525,41.42525],[1.825242,41.425268],[1.825231,41.425288],[1.825212,41.425313],[1.825201,41.42533],[1.825189,41.42536],[1.825186,41.425369],[1.825185,41.425382],[1.825183,41.425406],[1.825169,41.425418],[1.825155,41.425432],[1.825146,41.425442],[1.825139,41.425453],[1.825133,41.425464],[1.825128,41.425474],[1.825101,41.425535],[1.825074,41.425596],[1.825061,41.42563],[1.825048,41.425663],[1.825039,41.425682],[1.82502,41.42571],[1.824997,41.425736],[1.824971,41.425758],[1.824954,41.425792],[1.824921,41.425903],[1.825262,41.425989],[1.825248,41.426034],[1.825245,41.426066],[1.825252,41.426097],[1.825262,41.426115],[1.825281,41.426138],[1.825307,41.42616],[1.825356,41.42619],[1.825409,41.426215],[1.825459,41.426232],[1.82551,41.426245],[1.82564,41.426268],[1.825771,41.42629],[1.825897,41.42631],[1.826023,41.42633],[1.82607,41.426338],[1.826117,41.426347],[1.82614,41.426341],[1.826181,41.426329],[1.826229,41.426316],[1.826391,41.426309],[1.826458,41.426244],[1.826459,41.426195],[1.826465,41.426161],[1.826451,41.426096],[1.826432,41.426044]]]]}},{"type":"Feature","id":"082732_082732 AP10 APE 3","properties":{"area_id":"082732_082732 AP10 APE 3","nom":"els Casots","codi_icgc":"082732 AP10 APE 3","categoria":"Àrees de poblament","codi_municipi":"082732","municipi":"Subirats","codi_comarca":"03","comarca":"Alt Penedès","provincia":"Barcelona","font":"ICGC Àrees de poblament v3r1 202602"},"geometry":{"type":"MultiPolygon","coordinates":[[[[1.809016,41.409804],[1.809036,41.409817],[1.809171,41.409905],[1.809206,41.409876],[1.809506,41.409631],[1.809362,41.409552],[1.809286,41.409511],[1.809231,41.409481],[1.809176,41.40945],[1.809148,41.409433],[1.809136,41.409422],[1.809126,41.409411],[1.809123,41.4094],[1.809121,41.409393],[1.809124,41.409379],[1.80913,41.40937],[1.809142,41.409355],[1.809163,41.409333],[1.809207,41.40929],[1.809251,41.409247],[1.809296,41.409201],[1.80934,41.409155],[1.809378,41.40912],[1.809417,41.409085],[1.809442,41.409059],[1.809453,41.409042],[1.809461,41.409023],[1.809464,41.408992],[1.809465,41.408987],[1.809463,41.40896],[1.809452,41.408934],[1.80944,41.408917],[1.809425,41.408899],[1.809408,41.408885],[1.809391,41.408875],[1.809377,41.408868],[1.809353,41.40886],[1.809333,41.408857],[1.809304,41.408856],[1.809301,41.408856],[1.809277,41.408856],[1.809246,41.40886],[1.809219,41.408824],[1.809196,41.408793],[1.809167,41.408721],[1.809133,41.408664],[1.809131,41.408656],[1.809082,41.408595],[1.809075,41.408586],[1.809059,41.408576],[1.809052,41.408577],[1.808687,41.40863],[1.80859,41.408644],[1.808498,41.408657],[1.808555,41.408717],[1.808579,41.408742],[1.808525,41.408777],[1.808505,41.408785],[1.808483,41.40879],[1.808478,41.408792],[1.808413,41.408808],[1.808344,41.408826],[1.808271,41.408844],[1.808199,41.408863],[1.80816,41.408878],[1.808121,41.408893],[1.808073,41.408903],[1.808025,41.408911],[1.808005,41.408917],[1.808048,41.408954],[1.808087,41.408987],[1.808079,41.408993],[1.808214,41.409114],[1.808223,41.409108],[1.808242,41.409126],[1.808213,41.409148],[1.808154,41.409187],[1.808095,41.409222],[1.808006,41.409268],[1.807914,41.409312],[1.807763,41.409387],[1.807613,41.409462],[1.807597,41.409469],[1.807548,41.409492],[1.807456,41.409528],[1.807448,41.409543],[1.807518,41.409635],[1.807601,41.409629],[1.807676,41.409624],[1.807737,41.409617],[1.807847,41.409607],[1.807962,41.409598],[1.80806,41.409593],[1.80815,41.409591],[1.808212,41.409594],[1.808337,41.409605],[1.808421,41.409616],[1.808538,41.409639],[1.808654,41.409668],[1.808729,41.40969],[1.808815,41.409718],[1.808898,41.409748],[1.80895,41.40977],[1.809016,41.409804]]]]}},{"type":"Feature","id":"082732_082732 AP28 APE 2","properties":{"area_id":"082732_082732 AP28 APE 2","nom":"la Capella","codi_icgc":"082732 AP28 APE 2","categoria":"Àrees de poblament","codi_municipi":"082732","municipi":"Subirats","codi_comarca":"03","comarca":"Alt Penedès","provincia":"Barcelona","font":"ICGC Àrees de poblament v3r1 202602"},"geometry":{"type":"MultiPolygon","coordinates":[[[[1.837613,41.392337],[1.837638,41.392326],[1.837748,41.392329],[1.837751,41.392279],[1.837752,41.39226],[1.837777,41.392134],[1.837774,41.392096],[1.837772,41.392051],[1.837761,41.392038],[1.837655,41.392005],[1.837636,41.391996],[1.837602,41.391982],[1.837532,41.391963],[1.83748,41.391951],[1.837466,41.391948],[1.837436,41.391939],[1.837422,41.391934],[1.837411,41.391961],[1.837398,41.392004],[1.837385,41.392053],[1.837373,41.392103],[1.837353,41.392109],[1.837332,41.39211],[1.837317,41.392108],[1.837311,41.392106],[1.837228,41.39209],[1.837175,41.392091],[1.837123,41.392099],[1.837091,41.392107],[1.837065,41.39212],[1.837032,41.392164],[1.837018,41.392184],[1.836956,41.392317],[1.836959,41.392323],[1.836974,41.392336],[1.837002,41.392359],[1.837075,41.392385],[1.837148,41.392406],[1.837289,41.392448],[1.837429,41.392493],[1.837509,41.392522],[1.837525,41.392528],[1.837564,41.392422],[1.837572,41.392408],[1.837613,41.392337]]]]}},{"type":"Feature","id":"082732_082732 AP12 APE 3","properties":{"area_id":"082732_082732 AP12 APE 3","nom":"la Guàrdia","codi_icgc":"082732 AP12 APE 3","categoria":"Àrees de poblament","codi_municipi":"082732","municipi":"Subirats","codi_comarca":"03","comarca":"Alt Penedès","provincia":"Barcelona","font":"ICGC Àrees de poblament v3r1 202602"},"geometry":{"type":"MultiPolygon","coordinates":[[[[1.793117,41.38774],[1.793228,41.387761],[1.793299,41.387778],[1.793344,41.387788],[1.793385,41.387748],[1.793449,41.387689],[1.793875,41.387692],[1.793882,41.387694],[1.793986,41.387711],[1.794335,41.387675],[1.79436,41.387703],[1.794404,41.387737],[1.794439,41.387754],[1.794488,41.38777],[1.794528,41.387777],[1.794644,41.387788],[1.794659,41.387789],[1.794694,41.387793],[1.794736,41.387799],[1.794761,41.387775],[1.794801,41.387736],[1.794809,41.387728],[1.794863,41.387478],[1.794824,41.387459],[1.794781,41.387439],[1.794698,41.387398],[1.794642,41.387331],[1.794638,41.387327],[1.79464,41.38732],[1.794664,41.387257],[1.794644,41.387158],[1.794622,41.387074],[1.794596,41.386985],[1.794582,41.386939],[1.794581,41.386936],[1.794557,41.386858],[1.794515,41.386726],[1.794424,41.386443],[1.794429,41.386437],[1.794466,41.386396],[1.794628,41.386217],[1.794625,41.386188],[1.794453,41.386177],[1.794298,41.386208],[1.793936,41.386318],[1.793931,41.386292],[1.793921,41.386239],[1.79384,41.386259],[1.793799,41.386282],[1.793768,41.386304],[1.793729,41.38634],[1.79369,41.386373],[1.793602,41.386438],[1.793512,41.386503],[1.793438,41.386557],[1.793366,41.386611],[1.793318,41.386644],[1.793293,41.386658],[1.793267,41.38667],[1.793242,41.386678],[1.793233,41.386683],[1.793212,41.386687],[1.79317,41.386698],[1.793108,41.386711],[1.792982,41.386732],[1.792856,41.386751],[1.792757,41.386764],[1.792657,41.386776],[1.792542,41.386794],[1.792484,41.386807],[1.792428,41.386823],[1.792333,41.386853],[1.792239,41.386883],[1.792118,41.386921],[1.791996,41.386955],[1.791962,41.386962],[1.791906,41.386968],[1.791847,41.386977],[1.79178,41.386995],[1.791686,41.387026],[1.791592,41.387054],[1.791582,41.387056],[1.791522,41.38707],[1.79145,41.387085],[1.791416,41.38709],[1.791382,41.387095],[1.791298,41.387103],[1.79121,41.38711],[1.791155,41.387119],[1.791115,41.38713],[1.791059,41.387152],[1.791004,41.387176],[1.790962,41.387198],[1.790947,41.387208],[1.790931,41.387218],[1.790926,41.38722],[1.790921,41.387221],[1.790915,41.387221],[1.790907,41.387219],[1.7909,41.387217],[1.790894,41.387213],[1.790889,41.387209],[1.79086,41.387165],[1.790828,41.387114],[1.79081,41.38709],[1.790801,41.38708],[1.790767,41.387083],[1.790721,41.387085],[1.790514,41.387211],[1.790476,41.387226],[1.790439,41.387241],[1.790428,41.387244],[1.790418,41.387244],[1.790395,41.387243],[1.790347,41.387242],[1.790299,41.387242],[1.790269,41.387248],[1.790242,41.387255],[1.790224,41.38726],[1.790217,41.387262],[1.790217,41.387263],[1.790257,41.38733],[1.790296,41.387397],[1.790318,41.387443],[1.79034,41.387489],[1.79034,41.38749],[1.79039,41.387469],[1.79044,41.387447],[1.790457,41.387444],[1.790474,41.387444],[1.790503,41.38744],[1.790531,41.387435],[1.790553,41.387427],[1.790575,41.387417],[1.790586,41.387411],[1.790636,41.387432],[1.790629,41.387443],[1.790618,41.387462],[1.790618,41.387482],[1.790636,41.387512],[1.790618,41.387518],[1.790634,41.387545],[1.790619,41.38755],[1.790641,41.387586],[1.790656,41.387666],[1.790676,41.387761],[1.790678,41.387771],[1.790734,41.387863],[1.790775,41.387906],[1.7909,41.387872],[1.79094,41.387799],[1.790975,41.387801],[1.790983,41.3878],[1.790947,41.387866],[1.790933,41.387962],[1.790944,41.388042],[1.790993,41.388047],[1.791058,41.388068],[1.791151,41.388096],[1.791182,41.388054],[1.791254,41.388007],[1.791417,41.387932],[1.791566,41.387865],[1.791694,41.387813],[1.791649,41.387767],[1.791655,41.387766],[1.791629,41.387748],[1.791669,41.38769],[1.791758,41.387673],[1.792059,41.387618],[1.792145,41.387607],[1.792446,41.387569],[1.792565,41.387584],[1.792572,41.38765],[1.792693,41.387675],[1.792786,41.387689],[1.79308,41.387734],[1.793117,41.38774]]]]}},{"type":"Feature","id":"082732_082732 AP20 APE 3","properties":{"area_id":"082732_082732 AP20 APE 3","nom":"la Muntanya Rodona","codi_icgc":"082732 AP20 APE 3","categoria":"Àrees de poblament","codi_municipi":"082732","municipi":"Subirats","codi_comarca":"03","comarca":"Alt Penedès","provincia":"Barcelona","font":"ICGC Àrees de poblament v3r1 202602"},"geometry":{"type":"MultiPolygon","coordinates":[[[[1.818049,41.376837],[1.818092,41.376787],[1.818242,41.376611],[1.818243,41.376609],[1.818442,41.376356],[1.818599,41.376142],[1.818601,41.376139],[1.81866,41.37614],[1.81868,41.37612],[1.818695,41.376105],[1.818707,41.376095],[1.818688,41.376042],[1.818698,41.375939],[1.818705,41.375577],[1.818668,41.375087],[1.818578,41.374917],[1.818485,41.374753],[1.818323,41.374601],[1.818315,41.374594],[1.818249,41.374396],[1.818206,41.374247],[1.818204,41.374225],[1.818202,41.374194],[1.818202,41.37409],[1.818211,41.373984],[1.817928,41.373794],[1.817824,41.373724],[1.817665,41.373616],[1.817571,41.373564],[1.817413,41.373499],[1.817288,41.373486],[1.817225,41.373511],[1.817138,41.373779],[1.817104,41.37387],[1.817083,41.373925],[1.817051,41.373926],[1.816967,41.373933],[1.816884,41.373946],[1.816804,41.373965],[1.816756,41.373978],[1.816726,41.373987],[1.816582,41.373826],[1.816381,41.373924],[1.816558,41.374055],[1.816507,41.374081],[1.816413,41.374136],[1.816267,41.37423],[1.816126,41.374327],[1.815989,41.374428],[1.815858,41.374533],[1.815785,41.374581],[1.815647,41.374676],[1.815512,41.374775],[1.815507,41.374779],[1.815495,41.374781],[1.815485,41.374777],[1.81548,41.37477],[1.815482,41.374762],[1.815491,41.374756],[1.815516,41.374711],[1.815554,41.374634],[1.815585,41.374554],[1.815608,41.374473],[1.815624,41.374391],[1.815625,41.374368],[1.815622,41.374322],[1.815611,41.374277],[1.815593,41.374233],[1.815568,41.374192],[1.815536,41.374153],[1.815706,41.37381],[1.815455,41.373821],[1.815446,41.373822],[1.815141,41.37379],[1.815092,41.373785],[1.814995,41.373772],[1.814793,41.373746],[1.814789,41.373746],[1.814413,41.37373],[1.814418,41.373709],[1.814097,41.373703],[1.814033,41.373868],[1.813857,41.373901],[1.813743,41.373949],[1.813681,41.373976],[1.813639,41.373994],[1.813548,41.374034],[1.813639,41.374105],[1.813754,41.374145],[1.813911,41.374176],[1.814088,41.374228],[1.81442,41.374393],[1.814604,41.37441],[1.814625,41.374427],[1.814644,41.374443],[1.81465,41.374444],[1.814696,41.374452],[1.814669,41.374566],[1.814599,41.374669],[1.814587,41.374697],[1.814585,41.374702],[1.814556,41.374766],[1.81456,41.374824],[1.814561,41.374839],[1.814713,41.374984],[1.814742,41.375016],[1.814744,41.375019],[1.814819,41.375101],[1.814822,41.375104],[1.814909,41.375267],[1.814973,41.375398],[1.814974,41.375401],[1.815153,41.375583],[1.815163,41.375594],[1.815344,41.375687],[1.815347,41.375689],[1.815543,41.375802],[1.815629,41.375721],[1.815844,41.375814],[1.816038,41.375898],[1.816155,41.375938],[1.816211,41.375958],[1.816265,41.375981],[1.816348,41.376023],[1.816469,41.376091],[1.816589,41.376162],[1.816519,41.376238],[1.816392,41.376377],[1.816517,41.37644],[1.816549,41.376455],[1.816741,41.376545],[1.816887,41.376596],[1.817005,41.376649],[1.817376,41.376818],[1.817403,41.376817],[1.81748,41.376818],[1.817591,41.376906],[1.817606,41.376922],[1.817643,41.376959],[1.817759,41.377079],[1.817936,41.376938],[1.817953,41.376922],[1.817973,41.376905],[1.818049,41.376837]]]]}},{"type":"Feature","id":"082732_082732 AP26 APE 2","properties":{"area_id":"082732_082732 AP26 APE 2","nom":"les Viudes","codi_icgc":"082732 AP26 APE 2","categoria":"Àrees de poblament","codi_municipi":"082732","municipi":"Subirats","codi_comarca":"03","comarca":"Alt Penedès","provincia":"Barcelona","font":"ICGC Àrees de poblament v3r1 202602"},"geometry":{"type":"MultiPolygon","coordinates":[[[[1.757035,41.400863],[1.757035,41.400872],[1.756643,41.401072],[1.756801,41.401358],[1.756872,41.401476],[1.757009,41.401708],[1.757078,41.401811],[1.757099,41.401835],[1.757124,41.401865],[1.757124,41.401865],[1.757124,41.401865],[1.757293,41.402096],[1.757367,41.402253],[1.757745,41.40214],[1.757779,41.402136],[1.757911,41.402121],[1.75796,41.402094],[1.757975,41.401994],[1.758028,41.40189],[1.758155,41.401798],[1.75814,41.401786],[1.75797,41.401638],[1.757874,41.401569],[1.757837,41.401535],[1.757818,41.401518],[1.757716,41.401425],[1.757158,41.400972],[1.757143,41.40096],[1.757035,41.400863]]]]}}]}