{"type":"FeatureCollection","name":"ICGC Àrees de poblament - Tordera","features":[{"type":"Feature","id":"082845_082845 AP20 MAR 2","properties":{"area_id":"082845_082845 AP20 MAR 2","nom":"Cal Capità","codi_icgc":"082845 AP20 MAR 2","categoria":"Àrees de poblament","codi_municipi":"082845","municipi":"Tordera","codi_comarca":"21","comarca":"Maresme","provincia":"Barcelona","font":"ICGC Àrees de poblament v3r1 202602"},"geometry":{"type":"MultiPolygon","coordinates":[[[[2.653564,41.652099],[2.653599,41.652109],[2.653645,41.652064],[2.65361,41.652035],[2.653566,41.652002],[2.653513,41.651962],[2.65348,41.651932],[2.65346,41.651908],[2.653434,41.651868],[2.653411,41.651826],[2.653373,41.651748],[2.65336,41.65171],[2.653353,41.65167],[2.653348,41.651576],[2.653343,41.651482],[2.653339,41.651402],[2.653336,41.651324],[2.653344,41.651247],[2.653355,41.651169],[2.653367,41.651088],[2.65338,41.651006],[2.653381,41.650969],[2.653377,41.650942],[2.653366,41.650902],[2.65335,41.650862],[2.653335,41.650834],[2.653306,41.650795],[2.653268,41.650757],[2.653242,41.650738],[2.653199,41.650714],[2.653152,41.650695],[2.6531,41.65068],[2.653023,41.650664],[2.652943,41.650654],[2.652841,41.650653],[2.65274,41.650657],[2.652714,41.65066],[2.6526,41.650667],[2.652576,41.650668],[2.652502,41.650673],[2.652472,41.650683],[2.652438,41.650703],[2.652411,41.650712],[2.652318,41.650741],[2.652286,41.650748],[2.652273,41.65075],[2.652253,41.650754],[2.652133,41.650771],[2.65202,41.650783],[2.651773,41.6508],[2.651534,41.650825],[2.65148,41.650834],[2.651362,41.650851],[2.651243,41.650867],[2.651123,41.650877],[2.651,41.650881],[2.650877,41.650884],[2.650729,41.650885],[2.65058,41.650885],[2.650501,41.650883],[2.650381,41.650876],[2.65026,41.650871],[2.650122,41.650875],[2.649985,41.650884],[2.649852,41.650895],[2.649718,41.650909],[2.649669,41.650916],[2.649598,41.650931],[2.649527,41.650951],[2.649486,41.650967],[2.649431,41.650994],[2.649381,41.651029],[2.649345,41.651066],[2.649314,41.651104],[2.649294,41.651137],[2.649275,41.651168],[2.649263,41.651182],[2.649239,41.651201],[2.649209,41.651216],[2.649149,41.651237],[2.649087,41.651259],[2.649086,41.65126],[2.649096,41.65129],[2.649253,41.6514],[2.649403,41.651511],[2.649598,41.651651],[2.649771,41.651783],[2.64972,41.651839],[2.649689,41.651888],[2.649662,41.651941],[2.649658,41.651949],[2.649706,41.651964],[2.649742,41.651975],[2.649801,41.652],[2.649887,41.65202],[2.650037,41.65204],[2.650133,41.65205],[2.650167,41.652057],[2.650185,41.652062],[2.650202,41.652077],[2.650255,41.65207],[2.650253,41.652121],[2.650253,41.652149],[2.650254,41.652178],[2.65026,41.652216],[2.65027,41.652245],[2.650292,41.652286],[2.650317,41.652327],[2.650341,41.652356],[2.650368,41.652383],[2.650395,41.652403],[2.650424,41.65242],[2.650457,41.652434],[2.650491,41.652447],[2.65052,41.652457],[2.650551,41.652465],[2.650586,41.65247],[2.650622,41.652472],[2.650648,41.652473],[2.650676,41.652472],[2.650699,41.652469],[2.650721,41.652462],[2.650751,41.65245],[2.650869,41.652409],[2.650911,41.652398],[2.650935,41.652394],[2.651076,41.652383],[2.651165,41.652376],[2.651268,41.652368],[2.651327,41.652367],[2.651332,41.652362],[2.651469,41.652204],[2.651632,41.652279],[2.651826,41.652434],[2.652013,41.652534],[2.652075,41.652542],[2.652094,41.652544],[2.652113,41.652547],[2.652154,41.652552],[2.652342,41.652388],[2.652438,41.652179],[2.6525,41.652021],[2.65255,41.652046],[2.652594,41.652055],[2.652626,41.652057],[2.652665,41.652052],[2.652758,41.652032],[2.652849,41.652012],[2.652922,41.651998],[2.652995,41.651983],[2.653045,41.651974],[2.653093,41.651975],[2.653146,41.651976],[2.653196,41.65198],[2.653232,41.651988],[2.653287,41.652003],[2.653342,41.652021],[2.653444,41.652058],[2.653546,41.652094],[2.653564,41.652099]]]]}},{"type":"Feature","id":"082845_082845 AP15 MAR 3","properties":{"area_id":"082845_082845 AP15 MAR 3","nom":"Can Domènec","codi_icgc":"082845 AP15 MAR 3","categoria":"Àrees de poblament","codi_municipi":"082845","municipi":"Tordera","codi_comarca":"21","comarca":"Maresme","provincia":"Barcelona","font":"ICGC Àrees de poblament v3r1 202602"},"geometry":{"type":"MultiPolygon","coordinates":[[[[2.61216,41.653859],[2.612114,41.653878],[2.612034,41.653932],[2.611896,41.654023],[2.611873,41.654053],[2.611933,41.654064],[2.611914,41.654072],[2.612263,41.654243],[2.612672,41.654356],[2.612672,41.65448],[2.612672,41.654483],[2.612763,41.654513],[2.613051,41.654591],[2.613008,41.654638],[2.613287,41.654778],[2.613408,41.654731],[2.613515,41.6546],[2.613648,41.654606],[2.613652,41.654637],[2.613657,41.654683],[2.613663,41.654704],[2.613675,41.654724],[2.613686,41.654737],[2.613702,41.654747],[2.613729,41.654756],[2.613756,41.654757],[2.613777,41.654752],[2.613774,41.654771],[2.613771,41.654796],[2.613769,41.654801],[2.613761,41.654809],[2.613735,41.654819],[2.613705,41.654826],[2.613669,41.654831],[2.613693,41.65485],[2.613782,41.654823],[2.613795,41.654811],[2.613799,41.6548],[2.613803,41.654773],[2.613806,41.654746],[2.613807,41.654735],[2.613819,41.654725],[2.613832,41.654706],[2.613836,41.654694],[2.613837,41.654675],[2.613832,41.654658],[2.613887,41.654623],[2.613931,41.654648],[2.613946,41.65464],[2.613961,41.654632],[2.613986,41.654615],[2.614007,41.654595],[2.614041,41.65455],[2.614062,41.654511],[2.614076,41.654473],[2.614082,41.654447],[2.614084,41.654413],[2.614083,41.654388],[2.614078,41.654364],[2.614072,41.654349],[2.614057,41.654331],[2.614035,41.654312],[2.614014,41.654293],[2.614013,41.654293],[2.613902,41.654218],[2.613925,41.654083],[2.614021,41.653968],[2.614118,41.653855],[2.614154,41.653857],[2.614193,41.653863],[2.614206,41.653867],[2.614207,41.653869],[2.614224,41.653882],[2.614245,41.65389],[2.614269,41.653893],[2.614292,41.653891],[2.614314,41.653883],[2.614331,41.65387],[2.614339,41.653859],[2.614342,41.653854],[2.614344,41.653849],[2.614346,41.653836],[2.614342,41.653818],[2.614331,41.653802],[2.614314,41.65379],[2.614292,41.653782],[2.614283,41.653779],[2.614269,41.653779],[2.614258,41.653779],[2.614245,41.653782],[2.614224,41.653791],[2.614208,41.6538],[2.614194,41.653805],[2.614177,41.653807],[2.61415,41.653807],[2.614161,41.653658],[2.61385,41.65361],[2.613726,41.653765],[2.613596,41.653722],[2.613469,41.653676],[2.613377,41.653641],[2.61329,41.653603],[2.613242,41.653576],[2.613199,41.653545],[2.613176,41.653524],[2.613159,41.653502],[2.613151,41.653488],[2.613134,41.653443],[2.613117,41.653396],[2.613103,41.653365],[2.613085,41.653333],[2.613059,41.653307],[2.613025,41.653288],[2.613,41.65328],[2.612955,41.653271],[2.612914,41.653263],[2.612889,41.653255],[2.612866,41.653245],[2.612864,41.653244],[2.612855,41.653239],[2.612848,41.65323],[2.612845,41.653221],[2.612845,41.65322],[2.612844,41.653195],[2.612844,41.653192],[2.61285,41.653168],[2.612861,41.653141],[2.612888,41.653103],[2.612919,41.653066],[2.612964,41.653021],[2.613013,41.652977],[2.613066,41.652933],[2.613121,41.652887],[2.613171,41.652837],[2.613217,41.652784],[2.613263,41.652723],[2.613303,41.65266],[2.613341,41.652594],[2.613378,41.65253],[2.613409,41.652492],[2.613448,41.652458],[2.613478,41.652438],[2.61353,41.652406],[2.613594,41.652371],[2.613597,41.652377],[2.613634,41.652504],[2.61366,41.652559],[2.613708,41.652696],[2.613802,41.652754],[2.613893,41.652889],[2.613925,41.652938],[2.613995,41.652866],[2.613989,41.652878],[2.614021,41.652888],[2.614039,41.652855],[2.614013,41.652847],[2.614021,41.652839],[2.614108,41.652752],[2.614206,41.652754],[2.614264,41.65276],[2.614304,41.652759],[2.614344,41.652757],[2.614367,41.652752],[2.614382,41.652744],[2.614398,41.652736],[2.614426,41.652716],[2.614474,41.652677],[2.614497,41.652657],[2.614522,41.652638],[2.614559,41.652617],[2.614571,41.65261],[2.614597,41.652599],[2.614626,41.652591],[2.614706,41.652577],[2.614786,41.652567],[2.614808,41.652564],[2.614854,41.65256],[2.614922,41.652554],[2.614979,41.652551],[2.615035,41.65255],[2.615102,41.652549],[2.61517,41.652549],[2.615213,41.652549],[2.615249,41.652548],[2.615256,41.652547],[2.615284,41.652543],[2.615324,41.652528],[2.615363,41.65251],[2.615421,41.652483],[2.615436,41.652474],[2.615475,41.652453],[2.615539,41.652411],[2.615604,41.65237],[2.615664,41.652332],[2.615725,41.652293],[2.615751,41.652273],[2.615771,41.652258],[2.615816,41.652222],[2.615853,41.652197],[2.615892,41.652175],[2.615911,41.65217],[2.615922,41.652171],[2.615931,41.652175],[2.615947,41.65219],[2.615954,41.652203],[2.615959,41.652221],[2.615955,41.652239],[2.615941,41.652258],[2.615914,41.652286],[2.61589,41.652315],[2.615871,41.652351],[2.615865,41.652369],[2.615861,41.652387],[2.615861,41.652399],[2.615869,41.652417],[2.615886,41.652434],[2.615905,41.652444],[2.615934,41.652449],[2.615965,41.65245],[2.616001,41.652453],[2.61602,41.652453],[2.616022,41.652453],[2.616038,41.652451],[2.616053,41.652449],[2.616073,41.652445],[2.616108,41.652436],[2.616165,41.652415],[2.616222,41.652393],[2.616267,41.652381],[2.61629,41.652378],[2.616313,41.652378],[2.616332,41.652381],[2.616342,41.652384],[2.61636,41.65239],[2.616388,41.652398],[2.616438,41.652406],[2.616488,41.652411],[2.616508,41.652411],[2.616538,41.652407],[2.616567,41.652398],[2.616583,41.652389],[2.616588,41.652386],[2.61661,41.652362],[2.616621,41.652351],[2.616636,41.652343],[2.616695,41.65232],[2.616755,41.652296],[2.616792,41.652277],[2.616812,41.652268],[2.616832,41.65226],[2.6169,41.652244],[2.616948,41.652233],[2.616967,41.652229],[2.617001,41.652221],[2.617268,41.652172],[2.617271,41.652171],[2.617345,41.652129],[2.617515,41.652032],[2.617567,41.652017],[2.617576,41.652015],[2.617635,41.65199],[2.617709,41.651959],[2.617741,41.651944],[2.617783,41.651915],[2.617822,41.651882],[2.617861,41.651845],[2.617899,41.651807],[2.617921,41.651787],[2.617962,41.65175],[2.618025,41.651694],[2.618052,41.651665],[2.618086,41.651619],[2.6181,41.651595],[2.61811,41.65157],[2.618126,41.651515],[2.618141,41.651459],[2.618154,41.651412],[2.618166,41.651364],[2.618174,41.65134],[2.618176,41.651331],[2.618184,41.651315],[2.618196,41.6513],[2.618204,41.651293],[2.618219,41.651286],[2.618243,41.65128],[2.61825,41.651278],[2.618266,41.651272],[2.618293,41.65126],[2.618306,41.651252],[2.618315,41.651241],[2.618319,41.651228],[2.618317,41.651209],[2.618316,41.65119],[2.618318,41.651153],[2.618323,41.651117],[2.618329,41.651103],[2.618344,41.651085],[2.618347,41.651083],[2.618365,41.651069],[2.618384,41.651056],[2.618413,41.65104],[2.618444,41.651027],[2.618473,41.651018],[2.618482,41.651015],[2.618521,41.651009],[2.618571,41.651011],[2.618621,41.651015],[2.618631,41.651015],[2.618641,41.651012],[2.618639,41.651036],[2.618642,41.651054],[2.618642,41.65106],[2.618652,41.651081],[2.618668,41.651098],[2.618698,41.651124],[2.618703,41.651127],[2.618734,41.651147],[2.618774,41.651162],[2.618816,41.651171],[2.618868,41.651174],[2.618906,41.651175],[2.618964,41.651173],[2.619048,41.651166],[2.619091,41.651162],[2.619134,41.651158],[2.619158,41.651191],[2.619136,41.651197],[2.619314,41.651557],[2.619306,41.651569],[2.619312,41.651582],[2.619315,41.651585],[2.619333,41.651594],[2.619354,41.651597],[2.619375,41.651594],[2.619387,41.651589],[2.61958,41.651511],[2.619621,41.651495],[2.619778,41.651421],[2.619803,41.651414],[2.619815,41.651409],[2.620027,41.651308],[2.620032,41.651306],[2.620261,41.651179],[2.620278,41.651187],[2.620329,41.651206],[2.62041,41.651226],[2.620486,41.65124],[2.62057,41.651166],[2.620667,41.65108],[2.620829,41.650932],[2.620868,41.650897],[2.621003,41.650724],[2.621055,41.650699],[2.621073,41.650695],[2.621199,41.650664],[2.621336,41.650625],[2.621343,41.650618],[2.621352,41.65061],[2.621474,41.650491],[2.621531,41.650339],[2.621616,41.650251],[2.621653,41.650213],[2.621663,41.650203],[2.621845,41.650111],[2.622027,41.650057],[2.622024,41.649957],[2.622168,41.649824],[2.622307,41.649721],[2.62251,41.649624],[2.622618,41.649624],[2.622712,41.649632],[2.622765,41.649636],[2.622889,41.649481],[2.62289,41.649452],[2.622872,41.649375],[2.622868,41.649373],[2.622826,41.649359],[2.622781,41.649342],[2.622767,41.649335],[2.622492,41.649191],[2.622555,41.649096],[2.622681,41.648927],[2.622705,41.648895],[2.622497,41.648781],[2.622424,41.648753],[2.622315,41.64871],[2.622283,41.648716],[2.622282,41.648715],[2.62228,41.648717],[2.622219,41.648728],[2.622153,41.648695],[2.622076,41.648782],[2.622009,41.648864],[2.621932,41.648971],[2.621895,41.649023],[2.621813,41.649056],[2.62175,41.649081],[2.621712,41.6491],[2.621686,41.649118],[2.621653,41.649148],[2.621643,41.649159],[2.621625,41.649178],[2.621565,41.64925],[2.621538,41.649289],[2.621516,41.649329],[2.621504,41.649358],[2.621463,41.649453],[2.621409,41.649576],[2.621365,41.649676],[2.621319,41.649776],[2.621287,41.649841],[2.621284,41.649848],[2.621245,41.649918],[2.621244,41.64992],[2.62123,41.649942],[2.621223,41.649952],[2.621215,41.649962],[2.621213,41.649965],[2.621138,41.649921],[2.621029,41.649978],[2.620877,41.650045],[2.62087,41.650118],[2.620723,41.650129],[2.620564,41.650147],[2.620566,41.650167],[2.620448,41.6502],[2.620382,41.650215],[2.6202,41.650265],[2.620132,41.65029],[2.620073,41.650341],[2.620054,41.650354],[2.619957,41.650404],[2.619758,41.650508],[2.619563,41.650642],[2.619304,41.650668],[2.619212,41.650684],[2.61918,41.650605],[2.619136,41.650552],[2.618974,41.650416],[2.618914,41.650347],[2.618738,41.65036],[2.618744,41.65051],[2.618746,41.65053],[2.618724,41.650581],[2.618719,41.65058],[2.618678,41.650559],[2.618638,41.650534],[2.618592,41.650503],[2.618551,41.65047],[2.618537,41.650454],[2.618525,41.650436],[2.618506,41.650396],[2.618482,41.650335],[2.618463,41.650273],[2.618458,41.650253],[2.618458,41.650234],[2.61846,41.650224],[2.618467,41.650213],[2.618478,41.650202],[2.618505,41.650179],[2.618533,41.650158],[2.618562,41.65014],[2.618626,41.650106],[2.618694,41.650076],[2.618772,41.650048],[2.618852,41.650021],[2.618947,41.649991],[2.618971,41.650012],[2.619003,41.650041],[2.619039,41.650082],[2.619045,41.65009],[2.61917,41.650203],[2.619426,41.650056],[2.6195,41.650112],[2.619525,41.650126],[2.619554,41.650135],[2.619586,41.650139],[2.619618,41.650137],[2.619648,41.65013],[2.619675,41.650117],[2.61968,41.650114],[2.619778,41.650038],[2.619855,41.64998],[2.619876,41.65],[2.619927,41.65005],[2.620248,41.649893],[2.620299,41.649868],[2.620181,41.649786],[2.620071,41.649634],[2.619934,41.649491],[2.619933,41.64949],[2.619956,41.649319],[2.619972,41.649153],[2.619973,41.649099],[2.619974,41.649096],[2.619976,41.649072],[2.619977,41.649065],[2.619977,41.649062],[2.619976,41.64906],[2.619976,41.649055],[2.619975,41.64905],[2.619973,41.649045],[2.619971,41.64904],[2.619964,41.649031],[2.619954,41.649019],[2.619928,41.648993],[2.619901,41.648969],[2.619873,41.648945],[2.619837,41.648912],[2.619802,41.648879],[2.619748,41.648824],[2.619694,41.648769],[2.619638,41.648715],[2.619578,41.648662],[2.619534,41.64863],[2.619478,41.648594],[2.619423,41.64856],[2.619359,41.648517],[2.61929,41.648473],[2.619271,41.648459],[2.619267,41.648457],[2.619259,41.648452],[2.619237,41.648442],[2.619204,41.648432],[2.619168,41.648428],[2.619158,41.648429],[2.619133,41.64843],[2.619098,41.648437],[2.619067,41.64845],[2.61904,41.648467],[2.618898,41.648587],[2.61882,41.648513],[2.618775,41.648498],[2.618724,41.648481],[2.618673,41.648465],[2.618631,41.648453],[2.61859,41.648441],[2.618548,41.648431],[2.618507,41.648424],[2.618479,41.648421],[2.618462,41.64842],[2.61844,41.648419],[2.618393,41.648421],[2.618367,41.648399],[2.618359,41.648393],[2.618348,41.648387],[2.618333,41.648382],[2.618317,41.64838],[2.61829,41.648381],[2.618266,41.648382],[2.618236,41.648386],[2.61821,41.64839],[2.618214,41.648334],[2.618222,41.64814],[2.618093,41.648026],[2.617758,41.648021],[2.617699,41.648027],[2.617419,41.648055],[2.617308,41.648067],[2.617171,41.648134],[2.617095,41.648171],[2.616958,41.648249],[2.616928,41.648266],[2.61685,41.648294],[2.616821,41.648309],[2.616752,41.648332],[2.616719,41.648344],[2.616726,41.648349],[2.616543,41.648425],[2.616506,41.648441],[2.616348,41.648531],[2.61615,41.648645],[2.616137,41.648649],[2.616083,41.648669],[2.616082,41.648669],[2.615902,41.648664],[2.615745,41.648629],[2.615733,41.648508],[2.61563,41.648457],[2.615562,41.648477],[2.6155,41.648527],[2.615422,41.648536],[2.615312,41.648536],[2.615255,41.648536],[2.615278,41.648708],[2.615186,41.648821],[2.615139,41.648831],[2.615079,41.648836],[2.615028,41.648835],[2.614984,41.648831],[2.614903,41.648822],[2.614818,41.64881],[2.614731,41.648799],[2.614645,41.648788],[2.614547,41.648773],[2.614502,41.648762],[2.614458,41.648748],[2.614335,41.648699],[2.614211,41.648649],[2.614012,41.648568],[2.613814,41.648486],[2.613722,41.648449],[2.613522,41.648359],[2.613393,41.648301],[2.613322,41.648356],[2.612866,41.648718],[2.612749,41.648886],[2.61283,41.648943],[2.612869,41.648973],[2.612908,41.649005],[2.612933,41.649031],[2.612962,41.649074],[2.612985,41.649121],[2.612987,41.649129],[2.612993,41.649145],[2.612998,41.649183],[2.612996,41.649202],[2.612991,41.649219],[2.612964,41.649273],[2.612933,41.649326],[2.612903,41.649378],[2.612887,41.649402],[2.612865,41.649425],[2.612834,41.649446],[2.61283,41.649448],[2.6128,41.649464],[2.612736,41.649498],[2.612673,41.649531],[2.61264,41.649551],[2.612612,41.649572],[2.612658,41.649674],[2.612752,41.649856],[2.612871,41.649861],[2.613006,41.649881],[2.612984,41.649945],[2.612944,41.650061],[2.61293,41.650101],[2.612901,41.650177],[2.612871,41.650251],[2.612851,41.650287],[2.612824,41.65032],[2.612816,41.650325],[2.612807,41.65033],[2.612781,41.650337],[2.612765,41.650337],[2.612747,41.650335],[2.612739,41.650332],[2.612708,41.650312],[2.612683,41.650288],[2.612638,41.650231],[2.61259,41.650172],[2.612544,41.650123],[2.612493,41.650076],[2.612447,41.650044],[2.612397,41.650018],[2.612359,41.650003],[2.612284,41.649982],[2.612206,41.64997],[2.612141,41.649965],[2.612075,41.649964],[2.61203,41.649968],[2.611961,41.649979],[2.611894,41.649997],[2.61185,41.650013],[2.611783,41.650045],[2.611721,41.650079],[2.611681,41.650105],[2.611648,41.65013],[2.611618,41.650156],[2.611562,41.650206],[2.611542,41.650221],[2.611519,41.650236],[2.611493,41.650246],[2.611463,41.65025],[2.611433,41.650249],[2.611405,41.650242],[2.61138,41.65023],[2.61136,41.650214],[2.611346,41.650194],[2.611338,41.650036],[2.611555,41.650028],[2.611565,41.649884],[2.611585,41.649802],[2.611546,41.649656],[2.611506,41.649508],[2.611429,41.649473],[2.611334,41.649509],[2.611321,41.649505],[2.61102,41.649418],[2.610794,41.649356],[2.610778,41.649342],[2.610597,41.649186],[2.610348,41.649278],[2.610343,41.64928],[2.609993,41.649384],[2.609834,41.649454],[2.609681,41.649522],[2.609598,41.649551],[2.609588,41.649619],[2.609585,41.649643],[2.609704,41.649761],[2.609854,41.649911],[2.609897,41.649959],[2.609927,41.649982],[2.609922,41.649989],[2.609911,41.650004],[2.6099,41.65002],[2.609869,41.650064],[2.609837,41.650108],[2.609813,41.650141],[2.609807,41.650149],[2.609774,41.650195],[2.609752,41.650226],[2.609716,41.650288],[2.609686,41.650353],[2.609664,41.650418],[2.609649,41.650485],[2.609648,41.650493],[2.609641,41.650553],[2.609641,41.65062],[2.609638,41.65064],[2.609628,41.650659],[2.609611,41.650675],[2.609589,41.650686],[2.609563,41.650693],[2.609536,41.650694],[2.60951,41.650689],[2.609486,41.650679],[2.609312,41.650539],[2.609291,41.650525],[2.609254,41.650506],[2.609213,41.650492],[2.60917,41.650484],[2.609125,41.650481],[2.60908,41.650483],[2.608984,41.650497],[2.608839,41.650527],[2.608774,41.650542],[2.608682,41.650572],[2.60859,41.65061],[2.608554,41.65063],[2.60851,41.650664],[2.608474,41.650706],[2.608442,41.650766],[2.60843,41.650797],[2.608423,41.650829],[2.608405,41.650971],[2.608396,41.651113],[2.608396,41.651195],[2.6084,41.651315],[2.6084,41.651374],[2.608398,41.651433],[2.608386,41.651568],[2.608373,41.651703],[2.608368,41.651753],[2.608366,41.651774],[2.608364,41.651796],[2.608364,41.651798],[2.60836,41.651806],[2.608356,41.65181],[2.608338,41.651821],[2.608337,41.651821],[2.608316,41.651832],[2.608304,41.651836],[2.608282,41.651839],[2.608277,41.651839],[2.608272,41.651838],[2.608258,41.651831],[2.608235,41.651816],[2.608216,41.651798],[2.608182,41.65175],[2.608132,41.651673],[2.608105,41.651633],[2.608075,41.651594],[2.608016,41.651526],[2.607954,41.651461],[2.607902,41.65141],[2.607846,41.65136],[2.607803,41.65133],[2.607751,41.651305],[2.607723,41.651296],[2.607682,41.65129],[2.60764,41.651291],[2.60757,41.651307],[2.607535,41.65132],[2.607505,41.651338],[2.607396,41.651421],[2.60729,41.651503],[2.607224,41.651554],[2.607158,41.651603],[2.607144,41.651612],[2.607126,41.651621],[2.60711,41.651628],[2.607108,41.651629],[2.607089,41.651633],[2.607081,41.651634],[2.607061,41.651637],[2.607051,41.651637],[2.607049,41.651638],[2.607028,41.651639],[2.607008,41.65164],[2.606986,41.651637],[2.60698,41.651634],[2.606947,41.651612],[2.606927,41.651593],[2.606912,41.651571],[2.606892,41.651531],[2.606886,41.651516],[2.606884,41.651501],[2.606884,41.65147],[2.606882,41.651433],[2.606884,41.651395],[2.606894,41.651341],[2.606908,41.651287],[2.60693,41.651217],[2.606954,41.651147],[2.606983,41.651074],[2.607017,41.651002],[2.607058,41.650923],[2.607335,41.650999],[2.607347,41.65099],[2.607381,41.650955],[2.607549,41.650782],[2.607629,41.650721],[2.607753,41.650631],[2.60776,41.650611],[2.607777,41.650503],[2.607766,41.650384],[2.607588,41.650382],[2.607495,41.650361],[2.607477,41.650222],[2.607458,41.650131],[2.607462,41.650105],[2.607504,41.650079],[2.607525,41.650071],[2.607737,41.649996],[2.607813,41.649966],[2.607859,41.64993],[2.607921,41.649864],[2.607987,41.649783],[2.608028,41.64974],[2.608046,41.649721],[2.608147,41.649631],[2.608212,41.64955],[2.608222,41.649538],[2.607926,41.649436],[2.607915,41.64946],[2.607866,41.649517],[2.607802,41.649587],[2.607692,41.649644],[2.607379,41.649775],[2.607178,41.649869],[2.607025,41.649941],[2.60692,41.650028],[2.606909,41.650099],[2.606937,41.650192],[2.606977,41.650265],[2.606512,41.650365],[2.606524,41.650896],[2.606502,41.650961],[2.606485,41.651016],[2.606465,41.651076],[2.606469,41.65107],[2.60648,41.651056],[2.606482,41.651083],[2.606493,41.651201],[2.606498,41.651236],[2.606496,41.651321],[2.606506,41.651351],[2.606517,41.651387],[2.606525,41.651411],[2.606575,41.651576],[2.606604,41.651788],[2.606688,41.651841],[2.606726,41.651865],[2.606719,41.652066],[2.606983,41.652132],[2.607175,41.652155],[2.607311,41.652146],[2.607451,41.652096],[2.607787,41.652382],[2.608053,41.652162],[2.608196,41.652058],[2.608279,41.65198],[2.608196,41.651931],[2.608146,41.651862],[2.608181,41.65188],[2.608221,41.651894],[2.608263,41.651903],[2.608308,41.651907],[2.608352,41.651904],[2.608395,41.651897],[2.608406,41.651894],[2.608436,41.651884],[2.608447,41.651879],[2.608459,41.651873],[2.608473,41.651866],[2.608506,41.651844],[2.608533,41.651818],[2.608554,41.651789],[2.608566,41.651761],[2.608594,41.651679],[2.608623,41.651597],[2.608651,41.651531],[2.608679,41.651465],[2.608691,41.651441],[2.6087,41.651425],[2.60871,41.651414],[2.608708,41.651458],[2.608706,41.651503],[2.608706,41.651528],[2.608709,41.651553],[2.608723,41.651602],[2.608738,41.651636],[2.608819,41.651695],[2.608963,41.651802],[2.608994,41.651821],[2.609163,41.651928],[2.609257,41.651988],[2.609353,41.652052],[2.609534,41.652171],[2.610028,41.652424],[2.610038,41.652437],[2.610038,41.652454],[2.610033,41.652472],[2.610029,41.652493],[2.610025,41.652512],[2.610017,41.652553],[2.610008,41.652596],[2.610001,41.652639],[2.610003,41.652656],[2.610013,41.652672],[2.610045,41.652701],[2.610077,41.652725],[2.61011,41.652747],[2.61018,41.652787],[2.610276,41.652834],[2.610305,41.652848],[2.610372,41.652881],[2.610473,41.652938],[2.610496,41.652951],[2.61062,41.653023],[2.610693,41.65306],[2.61077,41.653093],[2.610812,41.653107],[2.610855,41.653116],[2.610951,41.653134],[2.611068,41.653154],[2.611304,41.653197],[2.611306,41.653223],[2.611309,41.653258],[2.611441,41.653344],[2.611598,41.65337],[2.61184,41.653399],[2.612106,41.653402],[2.612191,41.653394],[2.612258,41.653419],[2.612204,41.653502],[2.612152,41.653585],[2.612141,41.65361],[2.612128,41.653651],[2.61212,41.653691],[2.612117,41.653721],[2.612119,41.653734],[2.612122,41.653745],[2.612138,41.653766],[2.612161,41.653785],[2.61216,41.653859],[2.61216,41.653859],[2.61216,41.653859]]]]}},{"type":"Feature","id":"082845_082845 AP03 MAR 2","properties":{"area_id":"082845_082845 AP03 MAR 2","nom":"Can Malagarriga","codi_icgc":"082845 AP03 MAR 2","categoria":"Àrees de poblament","codi_municipi":"082845","municipi":"Tordera","codi_comarca":"21","comarca":"Maresme","provincia":"Barcelona","font":"ICGC Àrees de poblament v3r1 202602"},"geometry":{"type":"MultiPolygon","coordinates":[[[[2.709069,41.73015],[2.708209,41.730326],[2.708002,41.730338],[2.708128,41.730707],[2.708939,41.730721],[2.709225,41.730651],[2.709464,41.730627],[2.709718,41.730735],[2.710132,41.730736],[2.710354,41.730737],[2.710754,41.730321],[2.710484,41.73013],[2.71015,41.730236],[2.709895,41.730354],[2.709656,41.730437],[2.709418,41.730353],[2.709212,41.73015],[2.709069,41.73015]]]]}},{"type":"Feature","id":"082845_082845 AP21 MAR 2","properties":{"area_id":"082845_082845 AP21 MAR 2","nom":"Can Soler","codi_icgc":"082845 AP21 MAR 2","categoria":"Àrees de poblament","codi_municipi":"082845","municipi":"Tordera","codi_comarca":"21","comarca":"Maresme","provincia":"Barcelona","font":"ICGC Àrees de poblament v3r1 202602"},"geometry":{"type":"MultiPolygon","coordinates":[[[[2.647867,41.657894],[2.647925,41.657858],[2.647942,41.657849],[2.648074,41.657783],[2.648179,41.657725],[2.648199,41.657714],[2.648261,41.657686],[2.648324,41.657844],[2.648516,41.6578],[2.648567,41.657809],[2.648615,41.657818],[2.648814,41.657771],[2.648886,41.657637],[2.649031,41.65748],[2.648919,41.657396],[2.648897,41.657379],[2.648895,41.65738],[2.648854,41.657411],[2.648819,41.657442],[2.648784,41.657473],[2.648759,41.657491],[2.648718,41.657515],[2.648676,41.657537],[2.648637,41.657557],[2.648597,41.657575],[2.648512,41.657596],[2.648399,41.657605],[2.64838,41.657573],[2.64837,41.657557],[2.648383,41.657515],[2.648345,41.657509],[2.648256,41.65745],[2.6482,41.657409],[2.648076,41.657304],[2.648004,41.657349],[2.647955,41.657394],[2.647986,41.65742],[2.647976,41.657422],[2.648047,41.657472],[2.647786,41.657551],[2.647643,41.657604],[2.647574,41.657555],[2.647449,41.657608],[2.647503,41.657663],[2.647535,41.657708],[2.647472,41.657795],[2.647529,41.657842],[2.647616,41.657893],[2.647825,41.657888],[2.647859,41.6579],[2.647867,41.657894]]],[[[2.646705,41.65833],[2.646749,41.658292],[2.646968,41.65831],[2.646958,41.658303],[2.647043,41.65821],[2.647124,41.658081],[2.646978,41.658044],[2.646881,41.658041],[2.646889,41.657989],[2.646895,41.657936],[2.6469,41.657872],[2.646897,41.657809],[2.646884,41.657767],[2.64687,41.657725],[2.646861,41.65768],[2.646859,41.657635],[2.646861,41.657594],[2.646867,41.657562],[2.64686,41.657562],[2.646834,41.657556],[2.646495,41.657477],[2.646324,41.657308],[2.6463,41.657284],[2.646215,41.657302],[2.646171,41.657311],[2.646162,41.657148],[2.646158,41.657087],[2.64616,41.656938],[2.646139,41.656936],[2.646104,41.656925],[2.645902,41.656891],[2.645902,41.656891],[2.645723,41.656714],[2.645687,41.656679],[2.645547,41.656638],[2.645572,41.65662],[2.645351,41.656513],[2.645316,41.656496],[2.645235,41.656454],[2.64505,41.656589],[2.645016,41.656566],[2.644903,41.656657],[2.644878,41.656677],[2.644856,41.656698],[2.644836,41.656718],[2.644814,41.656738],[2.644791,41.656761],[2.644794,41.656809],[2.644817,41.656857],[2.644862,41.656882],[2.644885,41.65689],[2.644933,41.656896],[2.644921,41.656936],[2.645069,41.657003],[2.645159,41.657035],[2.645437,41.657135],[2.645584,41.657188],[2.645575,41.657205],[2.645564,41.657276],[2.645574,41.657296],[2.645587,41.657347],[2.645543,41.657401],[2.645459,41.657427],[2.645372,41.657442],[2.645308,41.657448],[2.645243,41.657449],[2.645267,41.657536],[2.64543,41.657722],[2.645768,41.657541],[2.645804,41.657521],[2.64584,41.6575],[2.646041,41.657524],[2.646054,41.657569],[2.64609,41.657587],[2.646145,41.657581],[2.646197,41.657555],[2.646273,41.657546],[2.646304,41.657546],[2.646356,41.657549],[2.646404,41.657558],[2.646459,41.657558],[2.646475,41.657633],[2.646455,41.657726],[2.646551,41.65778],[2.646623,41.657816],[2.646661,41.657825],[2.646696,41.657848],[2.646465,41.658008],[2.646529,41.658095],[2.64638,41.658195],[2.646553,41.658375],[2.646596,41.658412],[2.646705,41.65833]]],[[[2.64867,41.660661],[2.648691,41.660646],[2.648705,41.660642],[2.648721,41.660642],[2.648803,41.660648],[2.648886,41.660653],[2.648998,41.660658],[2.649111,41.66066],[2.64918,41.660656],[2.649248,41.660644],[2.649287,41.66063],[2.64932,41.660611],[2.64934,41.660595],[2.649359,41.660574],[2.649372,41.660553],[2.649376,41.660537],[2.649379,41.660503],[2.649377,41.660468],[2.649372,41.660446],[2.649353,41.660384],[2.649333,41.660323],[2.649323,41.660282],[2.649315,41.660233],[2.649309,41.660159],[2.64947,41.660173],[2.649497,41.659985],[2.649454,41.659982],[2.649332,41.659979],[2.649307,41.659978],[2.64919,41.659976],[2.649221,41.659882],[2.64928,41.659883],[2.649316,41.659785],[2.649392,41.659692],[2.649446,41.659645],[2.649529,41.659569],[2.649564,41.659538],[2.649592,41.659512],[2.64967,41.659441],[2.649685,41.659426],[2.64973,41.659382],[2.64975,41.659357],[2.649758,41.659341],[2.649763,41.659328],[2.649769,41.659321],[2.649787,41.659309],[2.649803,41.659291],[2.649782,41.659288],[2.649644,41.659268],[2.649556,41.659264],[2.649537,41.659218],[2.649448,41.659179],[2.649341,41.659127],[2.649061,41.659083],[2.64901,41.659126],[2.648971,41.659235],[2.648746,41.659504],[2.648733,41.659518],[2.648699,41.659553],[2.648661,41.659585],[2.648621,41.659619],[2.648611,41.659633],[2.648607,41.659649],[2.648609,41.659678],[2.648621,41.659703],[2.64864,41.659725],[2.648677,41.659754],[2.648693,41.659766],[2.648636,41.65978],[2.64858,41.659794],[2.648492,41.659815],[2.648405,41.659834],[2.648356,41.659842],[2.648308,41.659851],[2.648306,41.65985],[2.648262,41.659838],[2.648222,41.65982],[2.648159,41.659781],[2.648101,41.659738],[2.648055,41.659697],[2.648015,41.659654],[2.647997,41.659622],[2.647981,41.659585],[2.647973,41.659551],[2.648008,41.659507],[2.647942,41.659269],[2.647903,41.659156],[2.647856,41.659131],[2.647747,41.659132],[2.647542,41.659083],[2.647372,41.659091],[2.647288,41.659095],[2.647166,41.659315],[2.647148,41.659348],[2.647207,41.659365],[2.647368,41.659407],[2.647479,41.659436],[2.647589,41.659467],[2.64766,41.659491],[2.647699,41.659509],[2.647736,41.659529],[2.647807,41.659569],[2.647836,41.659586],[2.647966,41.659703],[2.648004,41.659741],[2.648079,41.659819],[2.648099,41.659837],[2.648135,41.659862],[2.648173,41.659885],[2.648224,41.65991],[2.648277,41.659931],[2.648329,41.659945],[2.648382,41.659958],[2.648412,41.659966],[2.648438,41.65998],[2.648469,41.660003],[2.648491,41.660018],[2.648485,41.660028],[2.648486,41.660037],[2.648491,41.660057],[2.648496,41.660095],[2.6485,41.660133],[2.6485,41.66018],[2.648496,41.660228],[2.64849,41.660246],[2.648479,41.660262],[2.648468,41.660273],[2.648426,41.660297],[2.648382,41.660316],[2.648316,41.660342],[2.648282,41.660356],[2.648005,41.660244],[2.647835,41.6602],[2.647813,41.660195],[2.647713,41.6602],[2.64756,41.660185],[2.647138,41.660065],[2.647071,41.660081],[2.646903,41.660163],[2.647181,41.660524],[2.647246,41.660609],[2.647256,41.660622],[2.647344,41.660736],[2.647364,41.660762],[2.647467,41.660735],[2.647494,41.66073],[2.64758,41.66071],[2.647625,41.660695],[2.647627,41.660694],[2.647688,41.660669],[2.647738,41.66065],[2.647874,41.660694],[2.647972,41.66076],[2.647981,41.660763],[2.64803,41.660739],[2.648153,41.660682],[2.648187,41.660667],[2.648229,41.660656],[2.648381,41.660705],[2.648427,41.660739],[2.64845,41.66075],[2.648521,41.660783],[2.64861,41.660699],[2.64865,41.660675],[2.64867,41.660661]]]]}},{"type":"Feature","id":"082845_082845 AP17 MAR 3","properties":{"area_id":"082845_082845 AP17 MAR 3","nom":"Fibracolor","codi_icgc":"082845 AP17 MAR 3","categoria":"Àrees de poblament","codi_municipi":"082845","municipi":"Tordera","codi_comarca":"21","comarca":"Maresme","provincia":"Barcelona","font":"ICGC Àrees de poblament v3r1 202602"},"geometry":{"type":"MultiPolygon","coordinates":[[[[2.723749,41.69305],[2.725637,41.695352],[2.725655,41.695352],[2.726192,41.695341],[2.727413,41.695316],[2.72843,41.695295],[2.728439,41.695295],[2.728545,41.695291],[2.729303,41.695259],[2.729854,41.695247],[2.729881,41.695216],[2.729911,41.69505],[2.729978,41.694676],[2.729988,41.69462],[2.729484,41.69463],[2.729493,41.694392],[2.729471,41.693497],[2.728622,41.6935],[2.728624,41.693192],[2.728261,41.693192],[2.72825,41.693444],[2.728247,41.693507],[2.728246,41.693525],[2.727123,41.693548],[2.727123,41.693539],[2.727118,41.693071],[2.72588,41.693037],[2.725791,41.693011],[2.723901,41.693063],[2.723749,41.69305]]]]}},{"type":"Feature","id":"082845_082845 AP05 MAR 2","properties":{"area_id":"082845_082845 AP05 MAR 2","nom":"Hortsavinyà","codi_icgc":"082845 AP05 MAR 2","categoria":"Àrees de poblament","codi_municipi":"082845","municipi":"Tordera","codi_comarca":"21","comarca":"Maresme","provincia":"Barcelona","font":"ICGC Àrees de poblament v3r1 202602"},"geometry":{"type":"MultiPolygon","coordinates":[[[[2.626941,41.669356],[2.627205,41.669291],[2.627457,41.669165],[2.627591,41.669137],[2.627734,41.669108],[2.627915,41.66903],[2.628107,41.668874],[2.62823,41.668762],[2.628327,41.668674],[2.628452,41.66856],[2.628672,41.668446],[2.62902,41.668241],[2.629026,41.668212],[2.628979,41.668126],[2.628989,41.668033],[2.62899,41.667847],[2.629326,41.667426],[2.62885,41.667282],[2.628773,41.667467],[2.628686,41.66761],[2.628466,41.667702],[2.628456,41.667888],[2.628502,41.668088],[2.628444,41.668281],[2.628281,41.668374],[2.627926,41.668866],[2.627715,41.668987],[2.627419,41.669079],[2.627114,41.669149],[2.626608,41.669162],[2.626655,41.669355],[2.626941,41.669356]]]]}},{"type":"Feature","id":"082845_082845 AP09 MAR 3","properties":{"area_id":"082845_082845 AP09 MAR 3","nom":"Niàgara Parc","codi_icgc":"082845 AP09 MAR 3","categoria":"Àrees de poblament","codi_municipi":"082845","municipi":"Tordera","codi_comarca":"21","comarca":"Maresme","provincia":"Barcelona","font":"ICGC Àrees de poblament v3r1 202602"},"geometry":{"type":"MultiPolygon","coordinates":[[[[2.680771,41.719043],[2.681424,41.719209],[2.681727,41.718762],[2.682019,41.718815],[2.681783,41.719305],[2.681835,41.719325],[2.681887,41.719345],[2.682599,41.719514],[2.682612,41.719494],[2.682626,41.719497],[2.682728,41.719361],[2.682781,41.719281],[2.682852,41.719173],[2.682949,41.719026],[2.682966,41.719003],[2.683111,41.71888],[2.683257,41.718757],[2.683287,41.718732],[2.683377,41.718648],[2.68349,41.718543],[2.684213,41.717952],[2.684345,41.717867],[2.684348,41.717835],[2.684536,41.717709],[2.68454,41.71771],[2.68466,41.717632],[2.684838,41.717516],[2.685004,41.717408],[2.68499,41.717393],[2.685125,41.717299],[2.685147,41.717281],[2.685158,41.717271],[2.685205,41.717238],[2.685215,41.717247],[2.68524,41.717235],[2.685229,41.717221],[2.685309,41.717181],[2.685413,41.717139],[2.685461,41.717121],[2.685508,41.717103],[2.685512,41.71711],[2.685521,41.717111],[2.685623,41.717117],[2.685789,41.717127],[2.686049,41.717214],[2.686253,41.717295],[2.686433,41.717361],[2.686681,41.717453],[2.686693,41.717457],[2.686785,41.716745],[2.686833,41.716742],[2.686875,41.716739],[2.686937,41.716745],[2.687618,41.716806],[2.687948,41.716841],[2.68797,41.716876],[2.687918,41.717167],[2.688185,41.717204],[2.688525,41.71727],[2.688494,41.717427],[2.68849,41.71743],[2.688159,41.717651],[2.688153,41.717655],[2.687873,41.71786],[2.687846,41.717879],[2.687747,41.717952],[2.687707,41.717926],[2.687657,41.71797],[2.687618,41.718007],[2.687541,41.718076],[2.687528,41.718087],[2.687365,41.718222],[2.6871,41.718442],[2.687126,41.718455],[2.687195,41.718495],[2.687274,41.718541],[2.687436,41.718605],[2.687438,41.718626],[2.687439,41.718629],[2.687446,41.718645],[2.687462,41.718662],[2.687473,41.718669],[2.687483,41.718676],[2.687508,41.718685],[2.687535,41.718688],[2.687549,41.718687],[2.687561,41.718686],[2.687577,41.718682],[2.687618,41.718706],[2.687631,41.718713],[2.687801,41.718809],[2.687817,41.718819],[2.688018,41.718695],[2.688207,41.718581],[2.688266,41.718546],[2.688439,41.718469],[2.688604,41.718346],[2.688618,41.718336],[2.688842,41.718237],[2.688845,41.718234],[2.688927,41.718204],[2.688999,41.718183],[2.689084,41.718163],[2.689171,41.718149],[2.689208,41.718146],[2.689259,41.718141],[2.689348,41.718139],[2.689437,41.718142],[2.689463,41.718145],[2.689525,41.718151],[2.689705,41.718174],[2.689864,41.718193],[2.689953,41.718205],[2.69014,41.718228],[2.690227,41.718239],[2.690259,41.718242],[2.69027,41.718244],[2.690432,41.718262],[2.690672,41.718251],[2.690912,41.718238],[2.691033,41.718231],[2.691177,41.718223],[2.69137,41.718212],[2.691415,41.718207],[2.691675,41.718172],[2.691685,41.718167],[2.69172,41.718146],[2.691771,41.718093],[2.691838,41.718022],[2.69184,41.718002],[2.691837,41.717982],[2.691828,41.717949],[2.691815,41.717863],[2.691817,41.717849],[2.691825,41.717835],[2.691844,41.71782],[2.691878,41.717792],[2.691901,41.717766],[2.691924,41.717728],[2.69194,41.717689],[2.691966,41.717604],[2.691989,41.71752],[2.692014,41.717416],[2.692018,41.717403],[2.69203,41.717352],[2.692117,41.717155],[2.692127,41.717156],[2.692223,41.716962],[2.692258,41.716889],[2.692329,41.7169],[2.692413,41.716911],[2.692497,41.716922],[2.692506,41.716923],[2.692519,41.716923],[2.692597,41.716927],[2.692657,41.716926],[2.692816,41.716919],[2.692931,41.716917],[2.693046,41.716916],[2.693099,41.716915],[2.69315,41.716919],[2.693191,41.716933],[2.693231,41.716949],[2.693312,41.716984],[2.693371,41.717006],[2.693429,41.717028],[2.693496,41.717044],[2.693511,41.717049],[2.693657,41.717082],[2.693716,41.717108],[2.693806,41.717155],[2.693889,41.717198],[2.693897,41.717202],[2.693947,41.717226],[2.694,41.717246],[2.694026,41.717253],[2.694067,41.71726],[2.694108,41.717262],[2.694126,41.717261],[2.694138,41.717261],[2.694143,41.71726],[2.69417,41.717259],[2.694201,41.717258],[2.694259,41.717255],[2.694353,41.717247],[2.694496,41.717134],[2.694518,41.717025],[2.694523,41.716997],[2.694531,41.716953],[2.694492,41.71693],[2.694524,41.716593],[2.694144,41.716674],[2.694145,41.716657],[2.694145,41.716653],[2.694145,41.716637],[2.694145,41.716632],[2.694142,41.716589],[2.694132,41.716546],[2.694117,41.716487],[2.694468,41.716406],[2.694335,41.716076],[2.694271,41.715912],[2.694212,41.71576],[2.694209,41.715754],[2.69414,41.715587],[2.694049,41.715368],[2.694038,41.715336],[2.693966,41.715154],[2.693934,41.715122],[2.694116,41.715003],[2.694113,41.714992],[2.694099,41.714933],[2.694058,41.714799],[2.694066,41.714797],[2.694016,41.714594],[2.694002,41.714591],[2.694021,41.714571],[2.694032,41.714548],[2.694037,41.714523],[2.694033,41.714499],[2.694022,41.714476],[2.694005,41.714455],[2.694,41.714451],[2.693917,41.71417],[2.693886,41.714066],[2.693836,41.713903],[2.693783,41.713729],[2.693788,41.713728],[2.693813,41.713717],[2.693834,41.713702],[2.693849,41.713683],[2.693857,41.713663],[2.693857,41.713641],[2.693788,41.713574],[2.693762,41.713569],[2.693652,41.713214],[2.693556,41.713196],[2.693509,41.713237],[2.693433,41.713302],[2.693361,41.713373],[2.693293,41.713446],[2.693257,41.71348],[2.69322,41.713511],[2.693192,41.713529],[2.69317,41.71354],[2.693146,41.713549],[2.693096,41.713564],[2.693063,41.713577],[2.692993,41.713611],[2.692949,41.71363],[2.692917,41.713644],[2.692847,41.713678],[2.692748,41.713731],[2.692652,41.713787],[2.692518,41.713866],[2.692452,41.713906],[2.692368,41.713956],[2.692263,41.714023],[2.692164,41.714076],[2.692085,41.714123],[2.692005,41.714171],[2.691934,41.714216],[2.691864,41.714261],[2.691803,41.714305],[2.691673,41.714378],[2.69149,41.714513],[2.691448,41.714544],[2.69143,41.714552],[2.691384,41.714582],[2.691222,41.714685],[2.691058,41.714788],[2.690999,41.714825],[2.69094,41.714862],[2.690822,41.714934],[2.690742,41.714981],[2.690626,41.715048],[2.690509,41.715116],[2.690459,41.715152],[2.690412,41.71519],[2.690324,41.715269],[2.690264,41.715319],[2.690208,41.71536],[2.690148,41.715397],[2.690131,41.715404],[2.690114,41.715409],[2.690074,41.715416],[2.690022,41.715419],[2.69,41.715419],[2.689971,41.715419],[2.689861,41.715412],[2.689749,41.715405],[2.689586,41.715401],[2.689423,41.715396],[2.689221,41.715388],[2.689019,41.715377],[2.688973,41.715374],[2.688822,41.715364],[2.688625,41.715351],[2.688438,41.71534],[2.688251,41.715327],[2.688158,41.715319],[2.688065,41.715305],[2.687939,41.715293],[2.687812,41.715283],[2.6877,41.715279],[2.687684,41.715278],[2.687618,41.715277],[2.687589,41.715276],[2.687393,41.715253],[2.687334,41.715246],[2.687226,41.715234],[2.687117,41.715226],[2.686937,41.715209],[2.686793,41.715195],[2.686647,41.715185],[2.686502,41.715186],[2.686359,41.715187],[2.686286,41.715188],[2.685804,41.715213],[2.685465,41.715242],[2.685292,41.715256],[2.685194,41.715272],[2.684942,41.715314],[2.684922,41.715318],[2.68491,41.71532],[2.684897,41.71532],[2.684882,41.715331],[2.684879,41.715341],[2.684831,41.715369],[2.684748,41.715418],[2.684664,41.715466],[2.684604,41.715501],[2.684547,41.71554],[2.684527,41.715556],[2.684509,41.715572],[2.684487,41.715588],[2.684468,41.715601],[2.684455,41.71561],[2.684372,41.715667],[2.684335,41.715693],[2.684111,41.715837],[2.684003,41.715886],[2.683885,41.715934],[2.683816,41.715952],[2.683755,41.715963],[2.683723,41.715965],[2.683675,41.715972],[2.683643,41.715975],[2.683558,41.715982],[2.683451,41.715979],[2.683351,41.715981],[2.683264,41.715982],[2.683202,41.715991],[2.683131,41.716018],[2.683082,41.716047],[2.683038,41.716069],[2.682986,41.716092],[2.682954,41.7161],[2.68292,41.7161],[2.682921,41.716119],[2.682853,41.716141],[2.682789,41.716162],[2.68276,41.71617],[2.682729,41.716172],[2.682702,41.716179],[2.682646,41.716199],[2.682572,41.716231],[2.682438,41.716285],[2.6823,41.716334],[2.68216,41.716377],[2.682016,41.716415],[2.68187,41.716447],[2.681722,41.716474],[2.681573,41.716495],[2.681409,41.716516],[2.680683,41.71661],[2.680054,41.716694],[2.679976,41.716704],[2.679829,41.716728],[2.679684,41.716757],[2.67954,41.716791],[2.679262,41.716876],[2.679128,41.716927],[2.679109,41.716935],[2.678997,41.716982],[2.67887,41.717043],[2.678747,41.717108],[2.678399,41.717311],[2.677838,41.717644],[2.677378,41.717913],[2.677316,41.717951],[2.677191,41.718034],[2.677071,41.718122],[2.676957,41.718213],[2.676949,41.718221],[2.676898,41.718314],[2.676885,41.718339],[2.676912,41.718426],[2.680264,41.719385],[2.680352,41.719326],[2.680394,41.719301],[2.680399,41.719302],[2.680771,41.719043]]]]}},{"type":"Feature","id":"082845_082845 SI01 MAR 2","properties":{"area_id":"082845_082845 SI01 MAR 2","nom":"Polígon d'activitat econòmica d'Inditex","codi_icgc":"082845 SI01 MAR 2","categoria":"Sector industrial","codi_municipi":"082845","municipi":"Tordera","codi_comarca":"21","comarca":"Maresme","provincia":"Barcelona","font":"ICGC Àrees de poblament v3r1 202602"},"geometry":{"type":"MultiPolygon","coordinates":[[[[2.733276,41.695796],[2.733405,41.695655],[2.733437,41.69562],[2.733439,41.695617],[2.73401,41.694975],[2.734186,41.694783],[2.735462,41.693458],[2.736845,41.692008],[2.734922,41.690981],[2.733413,41.692563],[2.733338,41.692586],[2.733152,41.692201],[2.732551,41.692354],[2.731464,41.691756],[2.730781,41.692059],[2.729832,41.693033],[2.729781,41.693093],[2.7298,41.69314],[2.730037,41.693272],[2.730643,41.693593],[2.73114,41.69385],[2.731142,41.693849],[2.731143,41.693849],[2.731311,41.693933],[2.731298,41.693942],[2.730793,41.694462],[2.730329,41.694947],[2.729909,41.695383],[2.729789,41.695385],[2.729633,41.695389],[2.729537,41.695386],[2.729053,41.695388],[2.728576,41.6954],[2.728369,41.695417],[2.72572,41.695477],[2.725728,41.695514],[2.725737,41.695555],[2.725743,41.6956],[2.725745,41.695669],[2.725752,41.695737],[2.725763,41.69577],[2.725782,41.695801],[2.725937,41.696012],[2.726098,41.696221],[2.726292,41.69647],[2.726488,41.696717],[2.726689,41.69697],[2.726891,41.697223],[2.727089,41.697479],[2.727287,41.697735],[2.727524,41.698034],[2.727768,41.698329],[2.727854,41.698428],[2.727988,41.698573],[2.728121,41.698719],[2.728198,41.69881],[2.728309,41.698949],[2.728366,41.699018],[2.728426,41.699085],[2.728449,41.699108],[2.72849,41.69914],[2.728534,41.699167],[2.728718,41.69927],[2.728901,41.699374],[2.729063,41.699466],[2.729225,41.699558],[2.729287,41.699595],[2.729327,41.699621],[2.729421,41.69968],[2.72948,41.699718],[2.729542,41.699751],[2.729627,41.699627],[2.729685,41.699544],[2.729806,41.699416],[2.73001,41.699203],[2.730233,41.698968],[2.730455,41.698732],[2.730846,41.698322],[2.731238,41.697912],[2.731512,41.697623],[2.731786,41.697335],[2.732014,41.697097],[2.732229,41.696874],[2.732238,41.696861],[2.732242,41.69686],[2.732423,41.696672],[2.732605,41.696484],[2.732896,41.696187],[2.733188,41.69589],[2.733276,41.695796]]]]}},{"type":"Feature","id":"082845_082845 SI02 MAR 2","properties":{"area_id":"082845_082845 SI02 MAR 2","nom":"Polígon industrial Can Verdalet","codi_icgc":"082845 SI02 MAR 2","categoria":"Sector industrial","codi_municipi":"082845","municipi":"Tordera","codi_comarca":"21","comarca":"Maresme","provincia":"Barcelona","font":"ICGC Àrees de poblament v3r1 202602"},"geometry":{"type":"MultiPolygon","coordinates":[[[[2.714751,41.708281],[2.714241,41.708508],[2.713882,41.708706],[2.713375,41.709024],[2.712904,41.709401],[2.712852,41.709443],[2.713179,41.709541],[2.713345,41.709553],[2.713434,41.709493],[2.713766,41.709575],[2.713889,41.709597],[2.713987,41.709694],[2.714238,41.709854],[2.714445,41.709986],[2.714612,41.710272],[2.714734,41.710492],[2.714807,41.710525],[2.714925,41.710566],[2.715063,41.710622],[2.715199,41.710697],[2.71525,41.710725],[2.715383,41.710788],[2.715575,41.710865],[2.715652,41.710892],[2.71577,41.710889],[2.715792,41.710884],[2.715814,41.710862],[2.715959,41.710711],[2.71604,41.710627],[2.716345,41.710311],[2.716478,41.710173],[2.716611,41.710035],[2.716652,41.709988],[2.71668,41.70995],[2.716715,41.709892],[2.716742,41.709832],[2.71678,41.709721],[2.716816,41.709611],[2.716852,41.709496],[2.716888,41.709381],[2.716907,41.709333],[2.716925,41.709299],[2.716959,41.709247],[2.716998,41.709196],[2.717033,41.709157],[2.717091,41.7091],[2.717152,41.709043],[2.717244,41.708964],[2.717293,41.708929],[2.717317,41.708916],[2.717345,41.708903],[2.717496,41.708842],[2.71752,41.708832],[2.717554,41.70882],[2.717588,41.708808],[2.717624,41.708796],[2.717661,41.708785],[2.717721,41.70877],[2.717806,41.708747],[2.71785,41.708738],[2.71796,41.708707],[2.718029,41.708681],[2.718122,41.708643],[2.718211,41.7086],[2.718268,41.708569],[2.71835,41.70852],[2.718427,41.708467],[2.718476,41.708429],[2.718535,41.708374],[2.718548,41.708359],[2.718575,41.708328],[2.718612,41.708282],[2.718677,41.708188],[2.718723,41.708115],[2.718763,41.70804],[2.718782,41.707987],[2.718788,41.707956],[2.718802,41.707842],[2.718808,41.707808],[2.718819,41.70778],[2.718837,41.707755],[2.718862,41.707732],[2.718892,41.707714],[2.718926,41.7077],[2.718937,41.707697],[2.719215,41.707642],[2.719245,41.70764],[2.719266,41.707641],[2.719283,41.707645],[2.7193,41.707652],[2.719327,41.707667],[2.719348,41.707687],[2.719357,41.707699],[2.71943,41.707867],[2.719442,41.707895],[2.719462,41.707941],[2.719516,41.708071],[2.719578,41.708215],[2.719632,41.708331],[2.719646,41.708359],[2.719651,41.708369],[2.719693,41.70847],[2.719732,41.70856],[2.71981,41.708717],[2.721524,41.708318],[2.720951,41.70719],[2.720016,41.707406],[2.719835,41.706946],[2.719016,41.707116],[2.717576,41.707452],[2.716013,41.707821],[2.715691,41.707926],[2.715374,41.708038],[2.71506,41.708156],[2.714751,41.708281]]]]}},{"type":"Feature","id":"082845_082845 SI03 MAR 2","properties":{"area_id":"082845_082845 SI03 MAR 2","nom":"Polígon industrial Pla de la Júlia","codi_icgc":"082845 SI03 MAR 2","categoria":"Sector industrial","codi_municipi":"082845","municipi":"Tordera","codi_comarca":"21","comarca":"Maresme","provincia":"Barcelona","font":"ICGC Àrees de poblament v3r1 202602"},"geometry":{"type":"MultiPolygon","coordinates":[[[[2.701705,41.705851],[2.701521,41.706178],[2.701147,41.707002],[2.700975,41.706959],[2.700913,41.706944],[2.700385,41.706744],[2.700324,41.706833],[2.700153,41.706774],[2.699781,41.706663],[2.699603,41.706591],[2.699486,41.706538],[2.699171,41.706285],[2.699027,41.70617],[2.698971,41.706193],[2.69895,41.706201],[2.698926,41.706211],[2.69814,41.706596],[2.697764,41.706833],[2.697948,41.706938],[2.698139,41.707003],[2.698624,41.707153],[2.699194,41.707327],[2.699312,41.707363],[2.699525,41.70742],[2.699598,41.707417],[2.699667,41.707414],[2.699721,41.707389],[2.699777,41.707354],[2.699816,41.707296],[2.699829,41.707256],[2.699821,41.707206],[2.700043,41.706915],[2.700074,41.706878],[2.700238,41.706926],[2.700238,41.706926],[2.700481,41.706996],[2.700797,41.707088],[2.700815,41.707094],[2.70071,41.707416],[2.700682,41.707529],[2.700638,41.707702],[2.700782,41.70783],[2.70064,41.708218],[2.70064,41.708219],[2.70063,41.708248],[2.700589,41.70836],[2.700553,41.708459],[2.700511,41.708596],[2.700493,41.708667],[2.700484,41.708691],[2.700477,41.708714],[2.700475,41.708784],[2.700468,41.708992],[2.700498,41.709135],[2.70053,41.709307],[2.700712,41.709889],[2.700722,41.709972],[2.700724,41.710057],[2.700718,41.710141],[2.700703,41.710224],[2.700679,41.710307],[2.700647,41.710387],[2.700607,41.710466],[2.70056,41.710542],[2.700198,41.710945],[2.700178,41.711136],[2.700606,41.711723],[2.700609,41.711727],[2.701083,41.712376],[2.701478,41.712246],[2.701925,41.712099],[2.701993,41.712077],[2.702496,41.711914],[2.702532,41.71197],[2.702741,41.71229],[2.702918,41.712576],[2.703001,41.71271],[2.703055,41.712795],[2.703123,41.712924],[2.703149,41.712973],[2.703308,41.713271],[2.703391,41.713247],[2.703446,41.713232],[2.703511,41.713354],[2.704043,41.7132],[2.703974,41.713071],[2.704201,41.713002],[2.704572,41.712906],[2.705221,41.71267],[2.705432,41.712593],[2.705418,41.712572],[2.705679,41.712483],[2.70484,41.711347],[2.704606,41.711042],[2.704493,41.710784],[2.704436,41.710627],[2.704387,41.710407],[2.704236,41.709868],[2.704257,41.709439],[2.704316,41.708911],[2.704373,41.708462],[2.704375,41.708425],[2.704385,41.70836],[2.70439,41.708325],[2.704413,41.708227],[2.704439,41.708138],[2.704464,41.708049],[2.704492,41.707958],[2.70452,41.707867],[2.704533,41.707808],[2.704546,41.707719],[2.704562,41.70763],[2.70459,41.707525],[2.704626,41.707421],[2.704663,41.70732],[2.704701,41.707219],[2.704731,41.707142],[2.704762,41.707064],[2.7048,41.706987],[2.704844,41.706911],[2.704896,41.706822],[2.704948,41.706733],[2.705012,41.706627],[2.705075,41.70652],[2.705109,41.706475],[2.705168,41.70641],[2.705192,41.706376],[2.705202,41.706351],[2.705204,41.706334],[2.705204,41.706319],[2.705206,41.706311],[2.705208,41.706301],[2.70521,41.706296],[2.705218,41.706285],[2.705233,41.706269],[2.705281,41.706221],[2.705334,41.706173],[2.705413,41.706102],[2.705491,41.706031],[2.705499,41.706027],[2.705515,41.706027],[2.705519,41.706027],[2.705581,41.705958],[2.705821,41.705694],[2.705706,41.70564],[2.705522,41.705582],[2.704931,41.70548],[2.70455,41.70537],[2.704334,41.705336],[2.704232,41.705269],[2.704131,41.705207],[2.70339,41.705135],[2.703208,41.705168],[2.703028,41.705208],[2.702851,41.705254],[2.702677,41.705307],[2.702506,41.705365],[2.702339,41.705429],[2.702176,41.705499],[2.702018,41.705574],[2.701864,41.705655],[2.701705,41.705851]]]]}},{"type":"Feature","id":"082845_082845 AP07 MAR 3","properties":{"area_id":"082845_082845 AP07 MAR 3","nom":"Roca-rossa","codi_icgc":"082845 AP07 MAR 3","categoria":"Àrees de poblament","codi_municipi":"082845","municipi":"Tordera","codi_comarca":"21","comarca":"Maresme","provincia":"Barcelona","font":"ICGC Àrees de poblament v3r1 202602"},"geometry":{"type":"MultiPolygon","coordinates":[[[[2.645883,41.696484],[2.645857,41.696221],[2.645846,41.696109],[2.645791,41.696083],[2.645801,41.696069],[2.645928,41.695944],[2.64595,41.695924],[2.646023,41.695858],[2.646169,41.69574],[2.646186,41.695712],[2.646201,41.695687],[2.646098,41.69563],[2.646007,41.695591],[2.64595,41.695571],[2.645942,41.695567],[2.645874,41.695544],[2.645734,41.695503],[2.645698,41.695493],[2.645665,41.69554],[2.645691,41.695555],[2.64556,41.695742],[2.645463,41.695894],[2.645478,41.695903],[2.645663,41.696004],[2.645687,41.696016],[2.645528,41.696128],[2.645445,41.696187],[2.645315,41.696258],[2.645243,41.696303],[2.645052,41.696182],[2.644844,41.696075],[2.644673,41.69601],[2.64463,41.696006],[2.644591,41.696061],[2.644464,41.696137],[2.644342,41.696232],[2.644255,41.696294],[2.644436,41.696366],[2.644598,41.696469],[2.644677,41.696529],[2.644708,41.696552],[2.644805,41.696632],[2.644879,41.696711],[2.644919,41.696764],[2.644924,41.69677],[2.644965,41.69686],[2.644993,41.696931],[2.64517,41.696902],[2.645474,41.696864],[2.645529,41.696857],[2.645535,41.696835],[2.64554,41.696804],[2.645539,41.696758],[2.645537,41.696714],[2.645534,41.696678],[2.645525,41.696633],[2.645514,41.696603],[2.64571,41.696539],[2.645883,41.696484]]],[[[2.647534,41.700523],[2.646935,41.700356],[2.646902,41.700297],[2.646823,41.70016],[2.64667,41.700139],[2.64667,41.700139],[2.646666,41.700138],[2.64659,41.700115],[2.646545,41.700105],[2.6465,41.700097],[2.646469,41.700096],[2.646426,41.700096],[2.646382,41.700097],[2.646335,41.700094],[2.646288,41.70009],[2.646258,41.700084],[2.646187,41.700067],[2.646116,41.70005],[2.646091,41.700046],[2.646065,41.700045],[2.646013,41.700042],[2.645981,41.700035],[2.64595,41.700022],[2.64592,41.700009],[2.64586,41.699983],[2.64577,41.699944],[2.645679,41.699905],[2.645632,41.699887],[2.645606,41.699877],[2.645583,41.699869],[2.645569,41.699862],[2.645554,41.699851],[2.645546,41.699842],[2.645539,41.699827],[2.645521,41.699783],[2.645503,41.699739],[2.645353,41.699516],[2.645296,41.699461],[2.64524,41.699409],[2.64521,41.699384],[2.645176,41.69936],[2.645151,41.699348],[2.645111,41.699338],[2.645069,41.699334],[2.644877,41.699333],[2.644685,41.699332],[2.644766,41.699203],[2.644865,41.699054],[2.644646,41.698943],[2.644705,41.698864],[2.644733,41.698838],[2.644801,41.698766],[2.644671,41.698703],[2.644186,41.698655],[2.64371,41.698631],[2.643691,41.698147],[2.643663,41.69772],[2.643598,41.697565],[2.643502,41.697461],[2.643386,41.697365],[2.643279,41.697301],[2.643146,41.697244],[2.643229,41.697144],[2.643205,41.697049],[2.643079,41.696983],[2.642872,41.696982],[2.642515,41.696868],[2.642247,41.696721],[2.64221,41.69676],[2.642052,41.696748],[2.641854,41.69674],[2.641666,41.696724],[2.641647,41.696835],[2.641646,41.696836],[2.641271,41.696816],[2.640976,41.696806],[2.640774,41.696797],[2.640719,41.696795],[2.640439,41.696786],[2.64045,41.696892],[2.640456,41.696904],[2.640415,41.696898],[2.640375,41.696891],[2.640364,41.696889],[2.640354,41.696886],[2.640336,41.696878],[2.640326,41.696872],[2.640278,41.696869],[2.64023,41.696865],[2.640182,41.696858],[2.640157,41.696855],[2.640133,41.696854],[2.640073,41.696855],[2.640013,41.696856],[2.640009,41.696805],[2.64001,41.696753],[2.640013,41.69671],[2.640022,41.696667],[2.64004,41.696613],[2.640059,41.69656],[2.64008,41.696494],[2.6401,41.696428],[2.640109,41.696372],[2.640109,41.696315],[2.640105,41.696245],[2.640101,41.696175],[2.640103,41.696113],[2.640103,41.696097],[2.640105,41.696084],[2.640108,41.696071],[2.640113,41.69606],[2.640121,41.696049],[2.64017,41.696047],[2.640311,41.696069],[2.640498,41.696099],[2.640588,41.696116],[2.640688,41.695952],[2.640235,41.695817],[2.640294,41.695725],[2.640338,41.695633],[2.640376,41.695562],[2.640426,41.69548],[2.640456,41.69545],[2.6405,41.695405],[2.640545,41.69536],[2.64063,41.695275],[2.640714,41.695189],[2.640782,41.695116],[2.640842,41.695038],[2.640855,41.695016],[2.640869,41.694981],[2.640876,41.694946],[2.640877,41.694905],[2.640873,41.694863],[2.640865,41.69482],[2.640852,41.694777],[2.640835,41.694742],[2.640809,41.694709],[2.640781,41.694681],[2.640745,41.694657],[2.640685,41.694631],[2.640621,41.694612],[2.640494,41.694586],[2.640367,41.69456],[2.640287,41.69454],[2.640205,41.694515],[2.640172,41.6945],[2.640144,41.694486],[2.640122,41.694471],[2.640108,41.694453],[2.6401,41.694439],[2.640091,41.694418],[2.640087,41.694391],[2.640091,41.694363],[2.640094,41.694352],[2.640099,41.694339],[2.640166,41.694277],[2.640242,41.694219],[2.640309,41.694167],[2.640375,41.694116],[2.640859,41.693724],[2.64097,41.693634],[2.641007,41.693491],[2.641009,41.69347],[2.641007,41.69347],[2.641007,41.693456],[2.641006,41.693416],[2.640996,41.693366],[2.640986,41.693339],[2.640975,41.693309],[2.64096,41.693277],[2.640945,41.693236],[2.640931,41.693195],[2.640898,41.693114],[2.640868,41.692991],[2.640852,41.692927],[2.640834,41.692863],[2.640825,41.692828],[2.640807,41.692781],[2.640792,41.692747],[2.640748,41.692667],[2.64072,41.692626],[2.640675,41.692561],[2.640629,41.692491],[2.640592,41.692421],[2.640553,41.692352],[2.640495,41.692269],[2.640432,41.69219],[2.640381,41.692128],[2.64033,41.692065],[2.640318,41.692048],[2.64031,41.69203],[2.640313,41.692024],[2.64032,41.692019],[2.640329,41.692015],[2.640351,41.692023],[2.640366,41.692028],[2.640374,41.692033],[2.640414,41.692054],[2.640462,41.69208],[2.640538,41.692119],[2.640614,41.692158],[2.640711,41.692211],[2.640807,41.692264],[2.640898,41.692315],[2.640988,41.692366],[2.64106,41.692407],[2.641131,41.692447],[2.641202,41.692493],[2.641267,41.692543],[2.641316,41.692585],[2.641364,41.692628],[2.641414,41.69267],[2.641466,41.692711],[2.641505,41.692738],[2.641544,41.692764],[2.641643,41.692831],[2.641714,41.692879],[2.642459,41.69323],[2.642537,41.693254],[2.642658,41.693216],[2.642744,41.693204],[2.642837,41.693181],[2.642815,41.693102],[2.642773,41.693018],[2.642773,41.693016],[2.642832,41.692901],[2.642897,41.692766],[2.642896,41.692748],[2.642894,41.692725],[2.642679,41.692678],[2.642689,41.692639],[2.642674,41.692638],[2.642596,41.692631],[2.642562,41.692626],[2.642528,41.692619],[2.642509,41.692612],[2.642458,41.692586],[2.642408,41.692555],[2.642322,41.692502],[2.642239,41.692446],[2.642173,41.692397],[2.642112,41.692345],[2.642068,41.6923],[2.64203,41.692254],[2.642008,41.692221],[2.641996,41.692201],[2.641984,41.692182],[2.641953,41.692121],[2.641921,41.69206],[2.641905,41.692033],[2.641886,41.692006],[2.641842,41.691956],[2.641801,41.691919],[2.641756,41.691886],[2.6417,41.691851],[2.641642,41.691819],[2.641564,41.69178],[2.641485,41.691741],[2.641456,41.691726],[2.641415,41.691722],[2.641398,41.691709],[2.64141,41.691702],[2.641495,41.691647],[2.641061,41.691362],[2.640977,41.69142],[2.640862,41.691358],[2.640814,41.691335],[2.640764,41.691315],[2.640687,41.691287],[2.64061,41.691261],[2.640561,41.691241],[2.640504,41.691214],[2.640448,41.691187],[2.640411,41.691169],[2.640511,41.690989],[2.640569,41.690891],[2.64046,41.690737],[2.640281,41.690698],[2.64011,41.690735],[2.640036,41.690751],[2.639999,41.690768],[2.639962,41.690881],[2.63996,41.690885],[2.63984,41.690864],[2.639702,41.690786],[2.63961,41.690732],[2.639553,41.690722],[2.639527,41.690718],[2.639384,41.690747],[2.63939,41.690771],[2.639431,41.690934],[2.639431,41.690937],[2.639183,41.691044],[2.638948,41.691148],[2.638807,41.691234],[2.638797,41.691335],[2.638819,41.691472],[2.638793,41.691489],[2.63876,41.69151],[2.638694,41.691547],[2.638606,41.691589],[2.638557,41.691608],[2.638516,41.691615],[2.638491,41.691619],[2.638461,41.69162],[2.638422,41.691616],[2.638383,41.691606],[2.638368,41.6916],[2.638354,41.691593],[2.638292,41.691629],[2.638308,41.691647],[2.6381,41.691917],[2.638093,41.691926],[2.638075,41.691956],[2.638087,41.692116],[2.637851,41.692245],[2.637858,41.692304],[2.63759,41.692426],[2.637575,41.692545],[2.637777,41.692685],[2.63792,41.692674],[2.638151,41.692639],[2.638382,41.692467],[2.638398,41.692458],[2.638231,41.69234],[2.638322,41.692307],[2.63836,41.692151],[2.638663,41.691961],[2.639393,41.692477],[2.639617,41.692592],[2.639732,41.692626],[2.64008,41.692961],[2.639772,41.693172],[2.639591,41.693061],[2.639455,41.692978],[2.63945,41.692983],[2.639393,41.692978],[2.639336,41.692982],[2.639285,41.692998],[2.639267,41.693004],[2.639201,41.693027],[2.639114,41.693057],[2.639096,41.693065],[2.638884,41.693164],[2.63836,41.693409],[2.638188,41.69302],[2.638005,41.69305],[2.637424,41.693149],[2.636685,41.693165],[2.636495,41.692997],[2.636399,41.692538],[2.636347,41.692541],[2.635862,41.692486],[2.636045,41.692343],[2.6361,41.692295],[2.636153,41.692245],[2.636192,41.692201],[2.636224,41.692154],[2.636243,41.692122],[2.636253,41.691839],[2.636749,41.69172],[2.637122,41.691745],[2.63714,41.691489],[2.636893,41.691452],[2.636641,41.691094],[2.636469,41.690807],[2.636049,41.690717],[2.636054,41.690676],[2.63606,41.690634],[2.636068,41.690602],[2.636088,41.690555],[2.636114,41.69051],[2.636144,41.69046],[2.636174,41.690411],[2.6362,41.690362],[2.636225,41.690313],[2.636236,41.690288],[2.636247,41.690262],[2.636253,41.690253],[2.636266,41.690242],[2.636283,41.690235],[2.636336,41.690224],[2.636345,41.690223],[2.636511,41.690184],[2.636549,41.690169],[2.636658,41.690118],[2.636765,41.690065],[2.636848,41.690022],[2.636929,41.689976],[2.636958,41.689953],[2.636975,41.689933],[2.636995,41.689899],[2.637008,41.689865],[2.637016,41.689829],[2.637022,41.689776],[2.63702,41.689723],[2.637007,41.689653],[2.636997,41.689619],[2.636983,41.689585],[2.636942,41.689507],[2.636896,41.68943],[2.636849,41.689356],[2.636797,41.689285],[2.636755,41.689237],[2.636713,41.689189],[2.636684,41.689155],[2.636656,41.689121],[2.636642,41.689097],[2.636635,41.689073],[2.636634,41.689031],[2.636638,41.688968],[2.636643,41.688937],[2.63665,41.688906],[2.63667,41.688836],[2.636696,41.688766],[2.636716,41.688725],[2.636736,41.688684],[2.636749,41.688659],[2.636763,41.688635],[2.636777,41.688624],[2.636797,41.688616],[2.636825,41.68861],[2.63684,41.68861],[2.636854,41.688613],[2.636867,41.688614],[2.636893,41.688639],[2.636943,41.688718],[2.636992,41.688797],[2.637048,41.688888],[2.637103,41.68898],[2.637156,41.689061],[2.637209,41.689141],[2.637259,41.689229],[2.637308,41.689317],[2.637364,41.68941],[2.637422,41.689503],[2.637447,41.689554],[2.637466,41.689606],[2.637474,41.689644],[2.637477,41.689682],[2.637477,41.689737],[2.637473,41.689793],[2.63746,41.689876],[2.637441,41.689958],[2.637406,41.69007],[2.637368,41.690182],[2.637348,41.690266],[2.63733,41.690351],[2.637321,41.69038],[2.637303,41.690423],[2.63728,41.690465],[2.637251,41.690506],[2.637232,41.690525],[2.63721,41.690542],[2.637171,41.690561],[2.63713,41.690576],[2.637087,41.690587],[2.637088,41.690633],[2.63709,41.690666],[2.637469,41.690841],[2.637732,41.690716],[2.637933,41.690348],[2.638015,41.689883],[2.638286,41.689806],[2.638598,41.689781],[2.638585,41.689884],[2.638517,41.69012],[2.638582,41.690135],[2.638588,41.690125],[2.638795,41.690048],[2.638836,41.689989],[2.638904,41.689863],[2.638869,41.689854],[2.638904,41.68974],[2.638918,41.689674],[2.638675,41.689677],[2.63867,41.689585],[2.638656,41.68946],[2.638622,41.689299],[2.638603,41.689165],[2.638602,41.689142],[2.638601,41.689112],[2.638602,41.689098],[2.638607,41.689073],[2.638641,41.689078],[2.638667,41.689081],[2.638727,41.689088],[2.638744,41.689092],[2.638773,41.689104],[2.638792,41.689117],[2.638817,41.68914],[2.638838,41.689164],[2.638898,41.689241],[2.638957,41.689318],[2.639014,41.689391],[2.639073,41.689464],[2.639095,41.689484],[2.639135,41.689508],[2.639181,41.689528],[2.63925,41.68955],[2.639286,41.689558],[2.639322,41.689563],[2.639361,41.689565],[2.639414,41.689522],[2.639622,41.689466],[2.639655,41.689454],[2.639932,41.689363],[2.640066,41.689147],[2.640026,41.688921],[2.640027,41.688921],[2.640142,41.688894],[2.64025,41.688868],[2.640252,41.688866],[2.640255,41.688867],[2.640371,41.688838],[2.640413,41.688823],[2.640451,41.688805],[2.640516,41.688767],[2.640555,41.688742],[2.640595,41.688714],[2.640628,41.688683],[2.640656,41.688646],[2.640677,41.688598],[2.640688,41.688556],[2.640702,41.688474],[2.640707,41.688415],[2.640714,41.688358],[2.640711,41.68824],[2.640717,41.688239],[2.640743,41.688235],[2.640781,41.688229],[2.640821,41.688222],[2.640872,41.688208],[2.640908,41.688193],[2.641005,41.688142],[2.641063,41.688108],[2.641121,41.688072],[2.64114,41.688056],[2.641158,41.688032],[2.641176,41.688013],[2.641191,41.688003],[2.641217,41.68799],[2.641247,41.68798],[2.641323,41.687962],[2.6414,41.687948],[2.641509,41.687933],[2.64162,41.687918],[2.641656,41.68791],[2.641703,41.687894],[2.641725,41.687887],[2.641746,41.687883],[2.641806,41.687876],[2.641868,41.68787],[2.641912,41.687866],[2.641977,41.687861],[2.64204,41.687858],[2.642084,41.68786],[2.642152,41.687868],[2.642189,41.687872],[2.642554,41.687865],[2.642555,41.687865],[2.642517,41.688056],[2.64296,41.688082],[2.643476,41.687927],[2.64426,41.687486],[2.644605,41.687201],[2.644478,41.686982],[2.644179,41.687029],[2.644097,41.687041],[2.644103,41.687062],[2.6441,41.687085],[2.644091,41.687099],[2.644061,41.68712],[2.644027,41.687136],[2.644002,41.687144],[2.643942,41.687158],[2.64388,41.687165],[2.643782,41.687167],[2.643684,41.687164],[2.64359,41.687158],[2.643497,41.687151],[2.643347,41.687145],[2.643197,41.687141],[2.64312,41.687141],[2.643044,41.687147],[2.642995,41.687157],[2.642913,41.68718],[2.642832,41.687205],[2.642715,41.687242],[2.642597,41.687279],[2.642475,41.687317],[2.642447,41.687307],[2.642392,41.687288],[2.642353,41.687277],[2.642294,41.687263],[2.642235,41.687247],[2.642193,41.687231],[2.642154,41.687211],[2.642116,41.687185],[2.642078,41.687158],[2.642045,41.687134],[2.642028,41.687123],[2.642009,41.687115],[2.641977,41.687109],[2.641927,41.687103],[2.641878,41.687097],[2.641817,41.687089],[2.641786,41.687083],[2.641756,41.687074],[2.641746,41.687068],[2.641734,41.687056],[2.641727,41.687043],[2.641723,41.687024],[2.641724,41.686994],[2.641732,41.686964],[2.641748,41.686927],[2.641777,41.686874],[2.641796,41.686849],[2.641818,41.686825],[2.641826,41.686818],[2.641811,41.686805],[2.641575,41.686606],[2.641194,41.686447],[2.640938,41.686261],[2.640393,41.686352],[2.640088,41.686764],[2.640052,41.686761],[2.639962,41.686752],[2.639813,41.686755],[2.639691,41.686754],[2.63959,41.68675],[2.639529,41.686732],[2.639356,41.686633],[2.639187,41.686522],[2.63912,41.686478],[2.639026,41.686456],[2.639034,41.68643],[2.639054,41.686358],[2.639002,41.686354],[2.639175,41.685997],[2.639011,41.685849],[2.638713,41.685829],[2.63865,41.685824],[2.638642,41.685851],[2.638624,41.6859],[2.638601,41.685948],[2.638591,41.685958],[2.638579,41.685967],[2.63855,41.685979],[2.638529,41.685985],[2.638499,41.68599],[2.638459,41.685994],[2.638423,41.685997],[2.638386,41.685998],[2.638313,41.686],[2.638266,41.686006],[2.638166,41.686032],[2.638069,41.686061],[2.638041,41.68607],[2.638013,41.68608],[2.637958,41.686081],[2.637906,41.686083],[2.637896,41.686082],[2.63789,41.686081],[2.63787,41.686072],[2.637857,41.686064],[2.637792,41.686015],[2.637752,41.685991],[2.637732,41.686017],[2.637622,41.686162],[2.637599,41.686193],[2.637618,41.68623],[2.637635,41.686269],[2.637665,41.686351],[2.637686,41.686406],[2.637816,41.68658],[2.638027,41.686636],[2.63827,41.68665],[2.638303,41.686943],[2.638443,41.686944],[2.638455,41.687029],[2.638735,41.68704],[2.638939,41.687452],[2.638798,41.688175],[2.638827,41.688228],[2.638856,41.68828],[2.638861,41.68828],[2.638984,41.688284],[2.639108,41.688291],[2.639272,41.688305],[2.639436,41.688323],[2.639662,41.688351],[2.639888,41.688377],[2.640021,41.68839],[2.640155,41.688403],[2.640275,41.688414],[2.640396,41.688426],[2.640466,41.688437],[2.640535,41.688454],[2.640568,41.688467],[2.640583,41.688476],[2.640596,41.688489],[2.640606,41.688504],[2.640614,41.688526],[2.640616,41.688549],[2.64061,41.688588],[2.640594,41.688626],[2.640572,41.688654],[2.640545,41.68868],[2.64051,41.688705],[2.640473,41.688728],[2.640412,41.688763],[2.64038,41.688779],[2.640346,41.688791],[2.640234,41.688819],[2.640122,41.688846],[2.640008,41.688872],[2.639891,41.688897],[2.639813,41.688908],[2.639754,41.688913],[2.639665,41.688916],[2.639576,41.688916],[2.639422,41.688913],[2.639267,41.688909],[2.63912,41.688907],[2.638973,41.688904],[2.63889,41.688907],[2.638808,41.688914],[2.638755,41.68892],[2.638702,41.68893],[2.638666,41.688939],[2.638625,41.688953],[2.638582,41.688969],[2.638539,41.688983],[2.638279,41.68905],[2.637948,41.689068],[2.637618,41.688857],[2.637518,41.688618],[2.637416,41.688287],[2.637179,41.688307],[2.637143,41.688275],[2.637111,41.688246],[2.637078,41.68826],[2.637026,41.688284],[2.637013,41.688288],[2.637,41.688286],[2.636988,41.688282],[2.636894,41.688192],[2.636746,41.688032],[2.636724,41.688019],[2.636698,41.688008],[2.636671,41.688008],[2.636651,41.688012],[2.636647,41.688013],[2.636601,41.688038],[2.636514,41.688091],[2.636407,41.68818],[2.636296,41.688294],[2.636177,41.688435],[2.636109,41.688491],[2.63608,41.688512],[2.63605,41.688518],[2.636005,41.68852],[2.635975,41.688514],[2.635949,41.688498],[2.635929,41.688474],[2.63591,41.688427],[2.635903,41.688399],[2.635874,41.688412],[2.635438,41.688606],[2.635467,41.688407],[2.635461,41.688379],[2.635449,41.688353],[2.635437,41.688336],[2.635412,41.688307],[2.635387,41.688279],[2.635334,41.688225],[2.635289,41.688182],[2.635242,41.68814],[2.635208,41.688116],[2.635186,41.688104],[2.635159,41.688094],[2.635068,41.688067],[2.635106,41.687814],[2.634578,41.687757],[2.634567,41.687789],[2.634543,41.687863],[2.63449,41.687996],[2.634483,41.687996],[2.634448,41.687999],[2.634345,41.688007],[2.634243,41.688016],[2.634184,41.688017],[2.634126,41.688013],[2.634073,41.688004],[2.634021,41.687995],[2.633959,41.687982],[2.633897,41.687967],[2.633862,41.687956],[2.633846,41.687949],[2.633833,41.687939],[2.633806,41.687916],[2.633779,41.687893],[2.633744,41.687859],[2.633709,41.687825],[2.633707,41.687822],[2.633675,41.68784],[2.633443,41.687975],[2.633039,41.688161],[2.633016,41.68811],[2.632993,41.688055],[2.632971,41.688008],[2.63295,41.687982],[2.63292,41.687962],[2.632869,41.687952],[2.63281,41.687949],[2.632753,41.68796],[2.632695,41.687986],[2.632624,41.688047],[2.632481,41.688171],[2.632436,41.688218],[2.632382,41.68824],[2.632333,41.688249],[2.632274,41.688243],[2.632207,41.688232],[2.632126,41.688197],[2.632031,41.688144],[2.632126,41.688021],[2.631883,41.687927],[2.631701,41.688087],[2.631652,41.68813],[2.631402,41.688351],[2.631304,41.688326],[2.631246,41.688471],[2.631092,41.68858],[2.631072,41.688629],[2.631185,41.688662],[2.631311,41.688696],[2.631415,41.688723],[2.631551,41.688771],[2.631737,41.688832],[2.631831,41.688847],[2.631905,41.688847],[2.631989,41.688837],[2.63211,41.688829],[2.632314,41.688807],[2.632418,41.688784],[2.632548,41.688764],[2.632644,41.688766],[2.632714,41.688785],[2.632788,41.688825],[2.632851,41.688873],[2.632893,41.688925],[2.632941,41.689008],[2.632973,41.689098],[2.633007,41.689199],[2.633048,41.689246],[2.633117,41.689294],[2.633162,41.689301],[2.633227,41.6893],[2.633403,41.689297],[2.633562,41.6893],[2.633616,41.689311],[2.633677,41.689332],[2.633782,41.689379],[2.633903,41.689454],[2.634037,41.689552],[2.634149,41.689643],[2.634256,41.689749],[2.634375,41.689856],[2.634463,41.689935],[2.634499,41.689972],[2.634506,41.689997],[2.634504,41.690017],[2.634493,41.690044],[2.634468,41.69008],[2.63444,41.690102],[2.634415,41.690127],[2.634352,41.690177],[2.634307,41.690207],[2.634187,41.690274],[2.634137,41.690305],[2.63403,41.690196],[2.633671,41.689873],[2.633576,41.68976],[2.633523,41.689728],[2.633433,41.68971],[2.633328,41.689723],[2.633148,41.689846],[2.633082,41.689921],[2.633105,41.689947],[2.633133,41.690012],[2.63315,41.690053],[2.633164,41.690086],[2.633509,41.690375],[2.633723,41.690553],[2.633731,41.69055],[2.633903,41.690496],[2.634229,41.690393],[2.635086,41.690667],[2.635009,41.690853],[2.635045,41.690965],[2.63513,41.691224],[2.635178,41.691368],[2.635047,41.692525],[2.634997,41.692969],[2.634975,41.692965],[2.634639,41.692904],[2.634365,41.692924],[2.634056,41.692867],[2.634054,41.692867],[2.634027,41.692924],[2.633972,41.693024],[2.633924,41.693121],[2.633894,41.69324],[2.633886,41.693314],[2.633868,41.693458],[2.633859,41.693616],[2.63385,41.693748],[2.634336,41.69368],[2.634423,41.693928],[2.634797,41.693901],[2.634919,41.694117],[2.635152,41.694298],[2.63459,41.694829],[2.634705,41.695119],[2.634709,41.695129],[2.634929,41.695125],[2.635043,41.69502],[2.635172,41.69502],[2.635265,41.695073],[2.635286,41.695087],[2.635344,41.695153],[2.635344,41.695153],[2.635349,41.695158],[2.635357,41.695169],[2.635405,41.695224],[2.635467,41.695296],[2.635526,41.695361],[2.63556,41.6954],[2.635581,41.695424],[2.635613,41.695522],[2.635695,41.695647],[2.635701,41.695656],[2.635702,41.695664],[2.635703,41.695668],[2.635704,41.695668],[2.635782,41.695634],[2.635959,41.695557],[2.636275,41.69542],[2.636309,41.695401],[2.636331,41.695453],[2.636361,41.695523],[2.636391,41.69558],[2.636425,41.695635],[2.636445,41.695667],[2.636457,41.695682],[2.636472,41.695696],[2.636478,41.695699],[2.636502,41.695711],[2.636551,41.695727],[2.636601,41.695739],[2.636675,41.695754],[2.63675,41.695767],[2.636781,41.69577],[2.636828,41.695771],[2.636874,41.695767],[2.636937,41.695755],[2.636998,41.695738],[2.637081,41.695709],[2.637159,41.695673],[2.637214,41.695637],[2.637242,41.695619],[2.637271,41.695602],[2.637356,41.69556],[2.637497,41.695503],[2.637575,41.695582],[2.637771,41.69579],[2.638065,41.695636],[2.638602,41.695304],[2.638697,41.695517],[2.638724,41.695578],[2.638998,41.695539],[2.639185,41.695513],[2.639199,41.695573],[2.639225,41.69574],[2.639225,41.695741],[2.639238,41.695848],[2.639254,41.69594],[2.639265,41.696028],[2.63929,41.696123],[2.639318,41.696246],[2.639354,41.696406],[2.639379,41.696516],[2.63943,41.696634],[2.639491,41.696744],[2.639524,41.696841],[2.639503,41.696854],[2.639515,41.696873],[2.639383,41.69693],[2.639345,41.696954],[2.639314,41.697035],[2.639354,41.697118],[2.639349,41.697324],[2.639438,41.697323],[2.639359,41.697421],[2.639309,41.697492],[2.639246,41.697583],[2.639338,41.697597],[2.639341,41.697597],[2.639358,41.697655],[2.639385,41.697664],[2.639449,41.697814],[2.639546,41.698077],[2.639511,41.698058],[2.639511,41.698084],[2.63957,41.698108],[2.639593,41.698138],[2.639603,41.698156],[2.63961,41.698176],[2.639613,41.698197],[2.639609,41.698218],[2.639593,41.698249],[2.639578,41.69828],[2.639552,41.698364],[2.639529,41.698449],[2.639521,41.698486],[2.639517,41.698524],[2.63952,41.69853],[2.639526,41.698536],[2.639542,41.698543],[2.639545,41.698543],[2.639578,41.698546],[2.639614,41.698542],[2.639654,41.698536],[2.639693,41.698527],[2.639755,41.698506],[2.639812,41.69848],[2.639847,41.698459],[2.639881,41.698438],[2.639902,41.698423],[2.639937,41.698398],[2.639969,41.698372],[2.639984,41.698352],[2.639993,41.698331],[2.639995,41.698317],[2.639995,41.698264],[2.639995,41.698211],[2.640001,41.698154],[2.64001,41.698098],[2.64002,41.69806],[2.640026,41.698041],[2.640032,41.698023],[2.640044,41.697988],[2.640051,41.697963],[2.640064,41.697993],[2.640098,41.698072],[2.64013,41.698151],[2.640147,41.698197],[2.640165,41.698243],[2.64018,41.698287],[2.640194,41.698333],[2.640205,41.698386],[2.640196,41.698446],[2.64018,41.698505],[2.640157,41.698562],[2.640126,41.698617],[2.640088,41.69867],[2.640044,41.69872],[2.639994,41.698766],[2.639938,41.698809],[2.640075,41.69879],[2.640288,41.698811],[2.640431,41.698825],[2.640559,41.69883],[2.640561,41.69883],[2.640639,41.69881],[2.64073,41.698791],[2.640758,41.698792],[2.640774,41.698793],[2.640979,41.698809],[2.641113,41.698821],[2.641258,41.698859],[2.641247,41.698983],[2.641234,41.699069],[2.641215,41.699192],[2.641172,41.699441],[2.641164,41.699483],[2.641159,41.699538],[2.641159,41.699544],[2.641154,41.699593],[2.641145,41.699642],[2.641133,41.699706],[2.641128,41.699722],[2.64113,41.699735],[2.641139,41.699754],[2.641153,41.699772],[2.641175,41.699796],[2.641179,41.6998],[2.641874,41.700079],[2.642006,41.700132],[2.642089,41.700165],[2.641917,41.70034],[2.642083,41.700393],[2.642278,41.700467],[2.64228,41.700468],[2.642325,41.700486],[2.642458,41.700529],[2.642614,41.700569],[2.64268,41.700564],[2.64269,41.700525],[2.642712,41.700461],[2.642746,41.700382],[2.642753,41.700365],[2.642756,41.70036],[2.642765,41.70035],[2.642781,41.700334],[2.642803,41.700309],[2.642858,41.700313],[2.642955,41.700301],[2.642999,41.700291],[2.643176,41.700239],[2.643386,41.700169],[2.643712,41.700028],[2.643906,41.699933],[2.643922,41.699931],[2.64394,41.699934],[2.644083,41.699986],[2.644303,41.700063],[2.64429,41.700076],[2.644274,41.700095],[2.644273,41.70016],[2.644263,41.700274],[2.644509,41.700441],[2.64472,41.700597],[2.644726,41.700601],[2.644921,41.700734],[2.645034,41.700645],[2.645115,41.700563],[2.645263,41.700426],[2.645522,41.700607],[2.645669,41.70068],[2.645516,41.700838],[2.645385,41.700983],[2.645745,41.701181],[2.64595,41.70129],[2.645962,41.701296],[2.64595,41.701315],[2.64595,41.701315],[2.64591,41.701378],[2.64595,41.701389],[2.64615,41.701443],[2.646468,41.701563],[2.646775,41.701669],[2.647109,41.701708],[2.64713,41.701709],[2.647468,41.701735],[2.647513,41.701585],[2.647529,41.701457],[2.647539,41.701349],[2.64756,41.701266],[2.647869,41.701244],[2.647874,41.701244],[2.647904,41.701237],[2.647962,41.701219],[2.647988,41.701205],[2.648007,41.701187],[2.648016,41.701173],[2.648018,41.701163],[2.648018,41.701152],[2.648009,41.701131],[2.647998,41.701119],[2.647981,41.701104],[2.647964,41.70109],[2.647931,41.70106],[2.647898,41.701029],[2.647877,41.701003],[2.647859,41.700976],[2.647836,41.70094],[2.647816,41.700903],[2.6478,41.70087],[2.647786,41.700837],[2.647763,41.700774],[2.647741,41.700711],[2.647717,41.700673],[2.647684,41.700638],[2.647646,41.700604],[2.647607,41.700572],[2.647572,41.700546],[2.647534,41.700523]]]]}},{"type":"Feature","id":"082845_082845 AP11 MAR 3","properties":{"area_id":"082845_082845 AP11 MAR 3","nom":"Sant Daniel","codi_icgc":"082845 AP11 MAR 3","categoria":"Àrees de poblament","codi_municipi":"082845","municipi":"Tordera","codi_comarca":"21","comarca":"Maresme","provincia":"Barcelona","font":"ICGC Àrees de poblament v3r1 202602"},"geometry":{"type":"MultiPolygon","coordinates":[[[[2.764774,41.711361],[2.764407,41.711322],[2.764397,41.711321],[2.764369,41.711314],[2.764345,41.711303],[2.764325,41.711287],[2.764325,41.711287],[2.764349,41.711127],[2.76435,41.711117],[2.764474,41.711128],[2.764755,41.711163],[2.764755,41.711161],[2.764744,41.710553],[2.764785,41.710502],[2.76494,41.710308],[2.765079,41.710133],[2.765098,41.710113],[2.765111,41.710101],[2.765132,41.710091],[2.765156,41.710084],[2.765284,41.710153],[2.765394,41.710213],[2.765556,41.710094],[2.765781,41.709876],[2.765833,41.709848],[2.765943,41.709789],[2.766018,41.709672],[2.766006,41.70957],[2.766029,41.70951],[2.765999,41.709506],[2.76599,41.709433],[2.765854,41.709428],[2.765803,41.709429],[2.765678,41.709403],[2.765674,41.709459],[2.765594,41.709448],[2.765593,41.709403],[2.765468,41.709404],[2.765446,41.709404],[2.765211,41.709393],[2.765186,41.709392],[2.765039,41.709386],[2.765035,41.709386],[2.764901,41.709372],[2.76488,41.709369],[2.764826,41.709363],[2.764537,41.709345],[2.764482,41.70934],[2.764327,41.709315],[2.764272,41.709308],[2.764117,41.709281],[2.764129,41.709254],[2.764134,41.709239],[2.764116,41.709237],[2.764157,41.709176],[2.764185,41.709101],[2.764196,41.709071],[2.764338,41.708899],[2.764499,41.708689],[2.764514,41.708669],[2.764643,41.708524],[2.764707,41.708527],[2.764836,41.708533],[2.764983,41.708537],[2.765159,41.70855],[2.76518,41.708552],[2.765198,41.708553],[2.765292,41.708552],[2.765366,41.708557],[2.765501,41.708564],[2.765507,41.708564],[2.765522,41.708564],[2.765552,41.708565],[2.765754,41.708572],[2.765996,41.708522],[2.766101,41.708505],[2.766115,41.708358],[2.766127,41.708225],[2.766126,41.708065],[2.766114,41.707896],[2.76611,41.707791],[2.766099,41.707778],[2.765934,41.707716],[2.765903,41.707704],[2.765874,41.707706],[2.765873,41.707706],[2.765847,41.707706],[2.765803,41.707692],[2.765801,41.707724],[2.765793,41.707777],[2.765786,41.707849],[2.765772,41.707904],[2.765758,41.70796],[2.765725,41.70808],[2.765684,41.708199],[2.765666,41.708227],[2.765625,41.708221],[2.76558,41.708215],[2.765579,41.7082],[2.765577,41.708069],[2.765496,41.707935],[2.765438,41.707887],[2.765357,41.707851],[2.765184,41.70781],[2.765168,41.707805],[2.765117,41.707788],[2.765153,41.707727],[2.765179,41.707683],[2.765192,41.707652],[2.765277,41.70746],[2.765324,41.707368],[2.765351,41.707315],[2.765354,41.707312],[2.765457,41.707179],[2.765494,41.707087],[2.765511,41.707088],[2.765518,41.70709],[2.765524,41.707092],[2.765529,41.707095],[2.765532,41.707098],[2.765539,41.707109],[2.76557,41.707156],[2.765581,41.707122],[2.765615,41.707021],[2.765625,41.706993],[2.765584,41.706951],[2.765569,41.706935],[2.76555,41.706914],[2.765547,41.70691],[2.765531,41.706898],[2.765504,41.706878],[2.76552,41.70685],[2.765546,41.70681],[2.765574,41.706769],[2.765623,41.706694],[2.765671,41.706617],[2.765694,41.70657],[2.765713,41.706521],[2.765723,41.706488],[2.765734,41.706456],[2.765743,41.706442],[2.765769,41.706423],[2.765784,41.706411],[2.765796,41.706397],[2.76581,41.706372],[2.765824,41.706335],[2.765831,41.706298],[2.765831,41.706259],[2.765823,41.706221],[2.765808,41.706186],[2.765781,41.706137],[2.765745,41.70609],[2.765725,41.706066],[2.765701,41.706032],[2.765673,41.705998],[2.765664,41.70598],[2.765662,41.70597],[2.765632,41.705968],[2.763595,41.705812],[2.763571,41.705758],[2.763571,41.705757],[2.763548,41.705733],[2.76352,41.705712],[2.763487,41.705697],[2.76345,41.705686],[2.763435,41.705683],[2.763225,41.705666],[2.762766,41.705632],[2.762751,41.705631],[2.762724,41.705629],[2.762693,41.705625],[2.762664,41.705615],[2.762635,41.7056],[2.762617,41.70558],[2.762605,41.705557],[2.762601,41.705533],[2.7626,41.705508],[2.762592,41.705299],[2.762585,41.705082],[2.762568,41.704939],[2.762259,41.704427],[2.761885,41.704497],[2.761781,41.704516],[2.761797,41.704619],[2.76182,41.704776],[2.761841,41.704932],[2.761856,41.705105],[2.761871,41.705278],[2.761888,41.70546],[2.761905,41.705642],[2.761921,41.705787],[2.761937,41.705932],[2.761945,41.70605],[2.761953,41.706168],[2.761969,41.706301],[2.761985,41.706422],[2.761978,41.706442],[2.761952,41.706513],[2.761926,41.706585],[2.76191,41.706635],[2.7619,41.706687],[2.761898,41.706722],[2.761898,41.706784],[2.761899,41.706845],[2.761891,41.706907],[2.761877,41.706969],[2.761856,41.707011],[2.761826,41.70705],[2.761801,41.707074],[2.761771,41.707095],[2.761739,41.707112],[2.761738,41.707112],[2.761732,41.70712],[2.761667,41.707142],[2.761616,41.70716],[2.761552,41.707182],[2.76142,41.707157],[2.761312,41.707137],[2.761314,41.707156],[2.761283,41.707156],[2.761281,41.707167],[2.761272,41.707329],[2.761339,41.70733],[2.761682,41.707334],[2.761765,41.707627],[2.762025,41.707594],[2.762104,41.707708],[2.76222,41.707707],[2.762223,41.707744],[2.762223,41.707777],[2.762217,41.707801],[2.762175,41.707871],[2.762126,41.707939],[2.762046,41.708044],[2.761943,41.708141],[2.761927,41.708156],[2.761828,41.708249],[2.761445,41.708466],[2.761431,41.708474],[2.761289,41.70856],[2.761181,41.708627],[2.761072,41.708695],[2.760986,41.708744],[2.760895,41.708788],[2.760804,41.708822],[2.760709,41.708852],[2.760616,41.708878],[2.760568,41.708888],[2.76052,41.708896],[2.760463,41.708899],[2.760375,41.708896],[2.760289,41.708885],[2.76015,41.708861],[2.760011,41.708837],[2.759868,41.708811],[2.759725,41.708785],[2.759643,41.708775],[2.759561,41.708771],[2.759533,41.708772],[2.759492,41.708781],[2.759472,41.708789],[2.759456,41.708798],[2.759385,41.708903],[2.759384,41.708904],[2.759294,41.708995],[2.759073,41.709108],[2.758854,41.709224],[2.758869,41.709246],[2.759048,41.7095],[2.7591,41.70956],[2.759108,41.709571],[2.759227,41.709701],[2.759249,41.709731],[2.75932,41.709829],[2.759357,41.709814],[2.759404,41.709794],[2.75954,41.709735],[2.759645,41.710014],[2.75967,41.710077],[2.759814,41.710459],[2.759839,41.710524],[2.75986,41.710522],[2.75989,41.71052],[2.75992,41.710521],[2.759946,41.710527],[2.759998,41.710713],[2.76022,41.710675],[2.760246,41.710714],[2.760273,41.710761],[2.760279,41.71076],[2.760279,41.71077],[2.760279,41.710771],[2.760289,41.7108],[2.760296,41.710846],[2.760295,41.710869],[2.76029,41.710891],[2.760265,41.710962],[2.760237,41.711033],[2.760202,41.711121],[2.760165,41.711208],[2.760133,41.711299],[2.760105,41.71139],[2.760088,41.711464],[2.760074,41.711537],[2.760073,41.711552],[2.760072,41.711552],[2.759988,41.711594],[2.759949,41.711613],[2.759921,41.71163],[2.759923,41.711665],[2.759925,41.711735],[2.759931,41.711916],[2.759933,41.711966],[2.75994,41.712193],[2.759941,41.712223],[2.759949,41.712438],[2.760032,41.712447],[2.760478,41.712512],[2.760404,41.712772],[2.760329,41.713009],[2.760289,41.713119],[2.760274,41.713156],[2.76026,41.713192],[2.760236,41.713249],[2.760635,41.713589],[2.760664,41.713612],[2.760816,41.713736],[2.760831,41.713748],[2.760784,41.713969],[2.76078,41.713991],[2.760793,41.714027],[2.760812,41.714082],[2.760895,41.714091],[2.760998,41.714103],[2.761074,41.714112],[2.761149,41.714118],[2.7612,41.714118],[2.761243,41.714115],[2.761287,41.714112],[2.761313,41.714111],[2.761338,41.714115],[2.761339,41.714116],[2.761505,41.714091],[2.761893,41.714769],[2.761928,41.714806],[2.762033,41.714919],[2.76217,41.715053],[2.762363,41.715257],[2.762473,41.715387],[2.762489,41.715405],[2.762546,41.715462],[2.762613,41.715563],[2.762733,41.71579],[2.762859,41.715958],[2.762982,41.716268],[2.76305,41.716446],[2.763045,41.716449],[2.762934,41.716515],[2.763075,41.71666],[2.76301,41.716708],[2.762944,41.716756],[2.762773,41.716765],[2.762803,41.716694],[2.762621,41.716625],[2.762448,41.716564],[2.762438,41.716561],[2.762406,41.716552],[2.762101,41.716426],[2.762101,41.716426],[2.762097,41.716428],[2.762065,41.716448],[2.762005,41.716429],[2.761946,41.716465],[2.761828,41.716539],[2.761787,41.716566],[2.761747,41.716593],[2.761728,41.716612],[2.761714,41.716634],[2.761705,41.716654],[2.7617,41.716674],[2.761701,41.7167],[2.761708,41.716726],[2.761719,41.716743],[2.761734,41.716758],[2.761751,41.716769],[2.761788,41.716787],[2.761838,41.716809],[2.761888,41.716829],[2.761918,41.716846],[2.761951,41.71687],[2.761983,41.716894],[2.762006,41.71691],[2.761904,41.717089],[2.762331,41.717264],[2.762335,41.717277],[2.762335,41.717291],[2.762329,41.71731],[2.762239,41.717511],[2.76229,41.717539],[2.762648,41.717734],[2.762943,41.717313],[2.762991,41.717245],[2.763055,41.717154],[2.763415,41.717199],[2.763591,41.71736],[2.763729,41.717342],[2.764121,41.717129],[2.764422,41.717063],[2.764493,41.717048],[2.764488,41.717022],[2.764477,41.716965],[2.764463,41.716917],[2.764473,41.716878],[2.764445,41.716878],[2.76443,41.716878],[2.764442,41.716874],[2.764479,41.71686],[2.764485,41.716849],[2.7645,41.716831],[2.764522,41.71682],[2.764566,41.716798],[2.764704,41.716733],[2.764843,41.716668],[2.764937,41.716622],[2.765031,41.716576],[2.765094,41.716548],[2.765223,41.716505],[2.76527,41.71649],[2.76533,41.716426],[2.76533,41.716426],[2.765345,41.716418],[2.765418,41.716381],[2.765414,41.716376],[2.765672,41.716258],[2.765843,41.716197],[2.765845,41.716196],[2.765895,41.716247],[2.765902,41.716259],[2.765961,41.716337],[2.765973,41.716357],[2.766024,41.716445],[2.76605,41.716489],[2.766564,41.716373],[2.766592,41.716358],[2.76654,41.716289],[2.766466,41.716191],[2.766433,41.716138],[2.76638,41.716066],[2.766334,41.716012],[2.76666,41.715807],[2.766698,41.715783],[2.766777,41.715733],[2.766608,41.715583],[2.766602,41.715578],[2.766492,41.715492],[2.766351,41.715382],[2.766345,41.715377],[2.766198,41.715262],[2.766196,41.71526],[2.766172,41.715242],[2.766088,41.715179],[2.766051,41.71515],[2.766,41.715111],[2.765913,41.715046],[2.76591,41.715044],[2.765871,41.715022],[2.76585,41.715013],[2.765828,41.715007],[2.765808,41.715002],[2.765787,41.714998],[2.765724,41.714987],[2.765716,41.714985],[2.765517,41.714952],[2.765302,41.714921],[2.765203,41.715041],[2.765139,41.715118],[2.765001,41.715307],[2.764821,41.715303],[2.764784,41.715307],[2.764725,41.715326],[2.764669,41.715349],[2.764599,41.715378],[2.764533,41.715411],[2.764484,41.71544],[2.764435,41.715469],[2.764417,41.715475],[2.764399,41.715478],[2.764362,41.715478],[2.764325,41.71547],[2.76429,41.715455],[2.764268,41.715437],[2.764256,41.715417],[2.764234,41.715352],[2.764212,41.715288],[2.764182,41.715207],[2.764152,41.715126],[2.764119,41.71505],[2.764082,41.714974],[2.764065,41.714948],[2.764046,41.714923],[2.764,41.714876],[2.763999,41.714875],[2.763931,41.714814],[2.763864,41.714752],[2.763838,41.714726],[2.763796,41.714684],[2.763729,41.714615],[2.763684,41.71457],[2.763653,41.714539],[2.76364,41.714526],[2.763615,41.714498],[2.76359,41.714464],[2.763576,41.714439],[2.763562,41.714402],[2.763586,41.714394],[2.76372,41.714336],[2.763831,41.714287],[2.763868,41.714271],[2.764195,41.714151],[2.764202,41.714149],[2.764128,41.713992],[2.764045,41.713838],[2.763958,41.713874],[2.763869,41.713909],[2.763773,41.713769],[2.76371,41.713792],[2.763656,41.713718],[2.763564,41.713608],[2.763558,41.713602],[2.763552,41.713595],[2.763485,41.713521],[2.763379,41.713402],[2.763426,41.713331],[2.763464,41.713275],[2.763525,41.713171],[2.76354,41.713144],[2.7636,41.713034],[2.763387,41.712991],[2.763101,41.712926],[2.763107,41.712918],[2.763037,41.712911],[2.763123,41.712785],[2.763146,41.712748],[2.763196,41.712666],[2.763256,41.712564],[2.763316,41.712462],[2.763376,41.712361],[2.763434,41.712257],[2.763485,41.712151],[2.763528,41.712044],[2.763565,41.711935],[2.763582,41.711873],[2.763588,41.711858],[2.7636,41.711846],[2.763618,41.711838],[2.763638,41.711835],[2.763658,41.711838],[2.763659,41.711839],[2.764651,41.712033],[2.764725,41.711942],[2.764734,41.711931],[2.764898,41.711842],[2.765006,41.711655],[2.76499,41.711632],[2.764972,41.711606],[2.764943,41.711565],[2.76479,41.71135],[2.764774,41.711361],[2.764774,41.711361]]]]}},{"type":"Feature","id":"082845_082845 AP02 MAR 2","properties":{"area_id":"082845_082845 AP02 MAR 2","nom":"Sant Llop","codi_icgc":"082845 AP02 MAR 2","categoria":"Àrees de poblament","codi_municipi":"082845","municipi":"Tordera","codi_comarca":"21","comarca":"Maresme","provincia":"Barcelona","font":"ICGC Àrees de poblament v3r1 202602"},"geometry":{"type":"MultiPolygon","coordinates":[[[[2.624573,41.689032],[2.624726,41.689177],[2.625035,41.689057],[2.625073,41.689007],[2.625122,41.688944],[2.625083,41.688872],[2.625543,41.688779],[2.625655,41.68877],[2.625939,41.688746],[2.626038,41.688589],[2.625746,41.688483],[2.625913,41.688255],[2.626017,41.687922],[2.626069,41.687617],[2.625912,41.687518],[2.625837,41.687462],[2.625759,41.687403],[2.625876,41.687383],[2.625977,41.687383],[2.626095,41.687395],[2.626229,41.687403],[2.626366,41.687406],[2.626523,41.687409],[2.626661,41.687403],[2.62674,41.687383],[2.626929,41.687315],[2.627044,41.687289],[2.627225,41.687266],[2.627351,41.687261],[2.627452,41.687269],[2.627515,41.687262],[2.628041,41.687471],[2.627964,41.687556],[2.628154,41.687874],[2.628267,41.687871],[2.628566,41.687711],[2.628564,41.687709],[2.628586,41.687706],[2.628544,41.687525],[2.628542,41.687515],[2.628536,41.687469],[2.628539,41.687413],[2.628591,41.687292],[2.628621,41.687179],[2.628682,41.687],[2.628681,41.686979],[2.628795,41.686993],[2.629034,41.686881],[2.629035,41.686881],[2.62933,41.686894],[2.629357,41.686894],[2.629358,41.686895],[2.629551,41.68708],[2.629571,41.687099],[2.629572,41.6871],[2.629687,41.687138],[2.629808,41.687146],[2.629913,41.687144],[2.630116,41.687133],[2.63015,41.687116],[2.63025,41.687068],[2.630259,41.687064],[2.630352,41.687031],[2.630566,41.687006],[2.630645,41.687002],[2.630781,41.686974],[2.630785,41.686989],[2.630787,41.686995],[2.63084,41.686991],[2.630911,41.686992],[2.630994,41.686994],[2.630997,41.686978],[2.630997,41.686952],[2.631,41.686952],[2.630997,41.686908],[2.630988,41.686759],[2.631084,41.686497],[2.631119,41.686402],[2.63111,41.686252],[2.631108,41.686225],[2.631065,41.686243],[2.631014,41.686257],[2.630946,41.686253],[2.630875,41.686234],[2.630818,41.686206],[2.630792,41.686159],[2.630777,41.686129],[2.630782,41.686115],[2.630765,41.68611],[2.630719,41.686068],[2.630658,41.686035],[2.630592,41.68603],[2.63051,41.686043],[2.630502,41.686044],[2.630202,41.686075],[2.630198,41.686077],[2.630182,41.686084],[2.630156,41.686103],[2.630129,41.686132],[2.630105,41.686161],[2.630077,41.686195],[2.630055,41.686231],[2.630038,41.686269],[2.630022,41.686308],[2.629989,41.686377],[2.629956,41.686447],[2.629928,41.686504],[2.6299,41.686561],[2.629883,41.686589],[2.629864,41.686616],[2.629828,41.68667],[2.629813,41.68671],[2.629807,41.686752],[2.629806,41.686788],[2.629808,41.686825],[2.629806,41.686849],[2.6298,41.686858],[2.629788,41.686865],[2.629778,41.686864],[2.629768,41.68686],[2.629749,41.686849],[2.629709,41.686817],[2.629676,41.686783],[2.629657,41.686758],[2.62964,41.68672],[2.629633,41.686683],[2.629634,41.686657],[2.629647,41.686591],[2.62966,41.686525],[2.629673,41.68644],[2.629683,41.686355],[2.629683,41.68634],[2.629679,41.686324],[2.629665,41.686294],[2.629651,41.686275],[2.629602,41.686226],[2.629551,41.686181],[2.629488,41.686128],[2.629475,41.686117],[2.6294,41.686053],[2.629357,41.686011],[2.629318,41.685967],[2.629291,41.685929],[2.629272,41.685888],[2.629255,41.685833],[2.629241,41.685778],[2.629229,41.685742],[2.629219,41.68572],[2.62921,41.685699],[2.62919,41.685656],[2.629175,41.685628],[2.629153,41.685592],[2.629125,41.685559],[2.629068,41.685522],[2.629264,41.685448],[2.629196,41.685403],[2.628573,41.684988],[2.628591,41.684913],[2.62859,41.684887],[2.628535,41.684806],[2.628356,41.684711],[2.628218,41.684565],[2.628237,41.684354],[2.628021,41.684382],[2.627715,41.684296],[2.627368,41.684008],[2.62681,41.683543],[2.626303,41.683688],[2.626086,41.683678],[2.625646,41.68352],[2.62561,41.683507],[2.625594,41.683452],[2.625479,41.683418],[2.625242,41.683286],[2.624367,41.683362],[2.623982,41.683463],[2.62383,41.683415],[2.623831,41.683224],[2.623821,41.682853],[2.62391,41.682748],[2.623974,41.68271],[2.62414,41.682663],[2.624216,41.682587],[2.624395,41.682521],[2.624726,41.682369],[2.625031,41.682399],[2.625233,41.682676],[2.62541,41.682829],[2.625588,41.68282],[2.625753,41.682878],[2.625981,41.68306],[2.626219,41.683178],[2.626246,41.683175],[2.626379,41.683074],[2.626415,41.683046],[2.626317,41.682879],[2.626345,41.682869],[2.626385,41.682856],[2.62635,41.682746],[2.626147,41.682502],[2.626101,41.682268],[2.626078,41.682043],[2.626284,41.681774],[2.626584,41.681595],[2.626742,41.681352],[2.626756,41.680921],[2.626842,41.68057],[2.626748,41.680309],[2.626736,41.680151],[2.626729,41.680061],[2.626568,41.67993],[2.626501,41.679876],[2.626964,41.679627],[2.627141,41.679282],[2.627174,41.67908],[2.627206,41.678961],[2.627349,41.67889],[2.627513,41.678576],[2.627419,41.678561],[2.627256,41.678536],[2.626897,41.678649],[2.626794,41.67882],[2.626742,41.67904],[2.626576,41.679115],[2.626386,41.67901],[2.626209,41.678866],[2.625947,41.678547],[2.625473,41.678709],[2.625498,41.67874],[2.625775,41.679075],[2.625812,41.679256],[2.625735,41.679475],[2.625518,41.67955],[2.625344,41.679752],[2.625377,41.679826],[2.625249,41.680017],[2.624922,41.680151],[2.624827,41.680261],[2.624752,41.680347],[2.624699,41.680408],[2.624762,41.680558],[2.6248,41.680644],[2.624926,41.680769],[2.625155,41.680769],[2.62535,41.680868],[2.625941,41.681239],[2.625931,41.681296],[2.625752,41.681509],[2.625712,41.681735],[2.625677,41.681929],[2.625613,41.68194],[2.625479,41.681912],[2.625343,41.681872],[2.625115,41.681805],[2.625022,41.681875],[2.624766,41.682112],[2.624473,41.682178],[2.624142,41.682215],[2.623536,41.682249],[2.623294,41.682212],[2.623192,41.682196],[2.623215,41.682155],[2.623225,41.682126],[2.623246,41.68206],[2.623266,41.681994],[2.623282,41.681955],[2.623305,41.681897],[2.623329,41.681838],[2.623359,41.681767],[2.623364,41.681752],[2.623376,41.68172],[2.623379,41.681712],[2.623388,41.68168],[2.62341,41.681589],[2.623431,41.681498],[2.623438,41.681477],[2.623447,41.681453],[2.623463,41.681408],[2.623479,41.681375],[2.62351,41.681328],[2.62354,41.68128],[2.623559,41.681237],[2.62356,41.681233],[2.623566,41.681216],[2.623573,41.681192],[2.623582,41.681145],[2.623587,41.681098],[2.623586,41.681049],[2.623585,41.680997],[2.623579,41.68093],[2.623572,41.680867],[2.623556,41.680813],[2.623534,41.68074],[2.623532,41.680732],[2.62352,41.680692],[2.623508,41.680651],[2.623477,41.680542],[2.623446,41.680433],[2.623406,41.680314],[2.623362,41.680195],[2.623342,41.680133],[2.623332,41.680133],[2.623332,41.680132],[2.623641,41.680146],[2.623623,41.680057],[2.624277,41.679762],[2.624436,41.679714],[2.624962,41.679537],[2.625186,41.679264],[2.625044,41.679109],[2.624583,41.679024],[2.624233,41.67907],[2.624149,41.679084],[2.624071,41.679126],[2.623918,41.67925],[2.623689,41.679287],[2.623613,41.67922],[2.623411,41.679019],[2.623337,41.678789],[2.623336,41.678685],[2.62325,41.678722],[2.623012,41.678661],[2.62255,41.678755],[2.622502,41.678898],[2.622781,41.679191],[2.622822,41.6792],[2.623317,41.67924],[2.623383,41.679286],[2.623484,41.679429],[2.62342,41.679648],[2.623301,41.679808],[2.623163,41.680078],[2.622319,41.680058],[2.622152,41.680054],[2.622082,41.680052],[2.622091,41.680077],[2.622035,41.680097],[2.622102,41.680141],[2.622118,41.680152],[2.622133,41.680194],[2.622117,41.680236],[2.622108,41.680257],[2.621974,41.680308],[2.62196,41.68031],[2.621843,41.680349],[2.621818,41.68053],[2.621961,41.680626],[2.621879,41.680657],[2.621712,41.680713],[2.621519,41.680825],[2.621519,41.680826],[2.621468,41.680843],[2.621346,41.680842],[2.621364,41.680878],[2.62137,41.680889],[2.621301,41.680899],[2.621132,41.680955],[2.620965,41.68086],[2.620504,41.680814],[2.620493,41.680923],[2.620494,41.680931],[2.620507,41.680988],[2.620058,41.680985],[2.619756,41.680853],[2.619542,41.680761],[2.619508,41.68083],[2.619474,41.6809],[2.619455,41.680941],[2.61943,41.681005],[2.619406,41.681069],[2.619388,41.681118],[2.619388,41.681121],[2.619376,41.681173],[2.619375,41.681201],[2.61938,41.681244],[2.619382,41.681251],[2.619391,41.681286],[2.619403,41.681333],[2.619411,41.681355],[2.619422,41.681377],[2.61945,41.681423],[2.619453,41.681427],[2.619484,41.681467],[2.619531,41.681521],[2.619578,41.681576],[2.619597,41.681599],[2.619624,41.681631],[2.61967,41.681686],[2.619671,41.681687],[2.619724,41.681745],[2.619751,41.681773],[2.619771,41.681794],[2.619884,41.681958],[2.619904,41.681995],[2.619924,41.682034],[2.619937,41.682064],[2.619952,41.682116],[2.619959,41.682157],[2.619977,41.682213],[2.619995,41.68227],[2.620004,41.682303],[2.620009,41.682354],[2.620011,41.682404],[2.620008,41.682429],[2.619996,41.682465],[2.619991,41.682483],[2.61999,41.682501],[2.619995,41.682522],[2.620007,41.682553],[2.620026,41.682582],[2.620049,41.68261],[2.620088,41.682648],[2.620106,41.682667],[2.62012,41.682688],[2.620145,41.682736],[2.620171,41.682784],[2.620181,41.682814],[2.620186,41.682857],[2.620181,41.682901],[2.620165,41.682944],[2.620137,41.683001],[2.620113,41.683057],[2.620109,41.683069],[2.620099,41.683104],[2.620096,41.683126],[2.620096,41.683147],[2.620102,41.683175],[2.620119,41.683217],[2.620145,41.683257],[2.620194,41.683314],[2.620246,41.683373],[2.620296,41.683437],[2.620346,41.6835],[2.620352,41.683507],[2.620367,41.683516],[2.620386,41.683523],[2.620433,41.683533],[2.620481,41.683539],[2.620549,41.68354],[2.620588,41.68354],[2.620621,41.683539],[2.620663,41.683532],[2.620681,41.683529],[2.620759,41.683603],[2.620844,41.683682],[2.620971,41.683803],[2.621012,41.68407],[2.620968,41.684237],[2.621082,41.684541],[2.621398,41.684597],[2.621448,41.684579],[2.622346,41.684266],[2.622381,41.684253],[2.622369,41.68419],[2.62236,41.684146],[2.622153,41.683981],[2.621873,41.683757],[2.622684,41.68375],[2.622735,41.68413],[2.622691,41.6846],[2.622961,41.684613],[2.622976,41.684566],[2.62303,41.684397],[2.623074,41.684256],[2.623119,41.684124],[2.62287,41.683832],[2.623163,41.682618],[2.623608,41.682715],[2.623621,41.683191],[2.623604,41.683453],[2.623794,41.683585],[2.624117,41.683596],[2.624303,41.683521],[2.624308,41.683581],[2.624332,41.683879],[2.62427,41.683964],[2.624236,41.684009],[2.624061,41.684128],[2.624073,41.684426],[2.624074,41.684454],[2.62414,41.684424],[2.624185,41.684422],[2.624231,41.68442],[2.624276,41.68442],[2.624387,41.684408],[2.624593,41.684332],[2.62474,41.684277],[2.624745,41.684276],[2.625098,41.684147],[2.62512,41.684115],[2.625133,41.684141],[2.625173,41.68412],[2.625243,41.684135],[2.625396,41.684168],[2.625507,41.684192],[2.626112,41.684051],[2.626572,41.684148],[2.627224,41.684067],[2.627525,41.68433],[2.627695,41.684436],[2.627779,41.684429],[2.628504,41.685038],[2.628351,41.685145],[2.628287,41.685176],[2.628151,41.685241],[2.62803,41.685463],[2.627777,41.685506],[2.62774,41.685494],[2.627463,41.685425],[2.627187,41.685355],[2.626692,41.685328],[2.626154,41.684969],[2.625899,41.685016],[2.625686,41.685197],[2.625595,41.685274],[2.626159,41.685682],[2.626493,41.685553],[2.626517,41.685606],[2.62667,41.6857],[2.626961,41.685746],[2.627358,41.685813],[2.627446,41.685913],[2.627326,41.686252],[2.626816,41.686094],[2.62648,41.686177],[2.626448,41.686185],[2.626449,41.686185],[2.626494,41.686591],[2.62635,41.686721],[2.625635,41.686743],[2.625469,41.686435],[2.625422,41.686347],[2.624639,41.686659],[2.625007,41.687011],[2.625095,41.687074],[2.625143,41.687108],[2.625619,41.687446],[2.625503,41.687598],[2.625483,41.687891],[2.625433,41.687896],[2.625177,41.687919],[2.62515,41.688176],[2.625022,41.688309],[2.624906,41.688585],[2.625391,41.688567],[2.625273,41.688759],[2.625205,41.6888],[2.625105,41.688832],[2.625014,41.688852],[2.624906,41.68885],[2.624768,41.688844],[2.624668,41.688847],[2.624616,41.688874],[2.624518,41.688935],[2.62443,41.688986],[2.62433,41.689024],[2.624219,41.689042],[2.624158,41.68905],[2.623901,41.689109],[2.623896,41.68911],[2.62389,41.689113],[2.623585,41.688324],[2.623401,41.688263],[2.623191,41.688294],[2.622924,41.688248],[2.622641,41.688156],[2.622519,41.687996],[2.622546,41.68772],[2.622665,41.687645],[2.622557,41.687503],[2.62244,41.687523],[2.622234,41.687559],[2.622233,41.687559],[2.622176,41.687515],[2.621984,41.68737],[2.62188,41.687282],[2.621855,41.687325],[2.62183,41.687367],[2.621814,41.687385],[2.621793,41.6874],[2.621747,41.687428],[2.621718,41.687449],[2.62169,41.68747],[2.621684,41.687475],[2.621668,41.687489],[2.621653,41.687512],[2.621652,41.687515],[2.621641,41.687544],[2.62163,41.687577],[2.621611,41.687621],[2.621593,41.687665],[2.621577,41.687714],[2.621562,41.687763],[2.621545,41.687808],[2.621528,41.687854],[2.621518,41.68788],[2.621509,41.687907],[2.621504,41.687925],[2.621503,41.687935],[2.621504,41.687945],[2.621513,41.687965],[2.621532,41.687991],[2.621554,41.688015],[2.621615,41.688071],[2.621675,41.688127],[2.62174,41.68819],[2.621806,41.688253],[2.621817,41.688263],[2.621831,41.688269],[2.621839,41.688268],[2.621845,41.688263],[2.621847,41.688256],[2.621831,41.688214],[2.621813,41.688172],[2.621798,41.688132],[2.621785,41.688091],[2.621781,41.688058],[2.621785,41.688026],[2.621794,41.687999],[2.62181,41.687973],[2.621826,41.687954],[2.621847,41.687938],[2.621874,41.687924],[2.621903,41.687915],[2.621944,41.687903],[2.621987,41.687897],[2.622032,41.687898],[2.622078,41.687901],[2.62212,41.687905],[2.622162,41.687909],[2.622197,41.68791],[2.622228,41.68791],[2.622232,41.68791],[2.622275,41.687905],[2.622318,41.687898],[2.622358,41.687886],[2.622397,41.687872],[2.622302,41.6881],[2.622135,41.688338],[2.622223,41.688634],[2.622476,41.688787],[2.622952,41.688394],[2.623051,41.688427],[2.622945,41.68864],[2.622904,41.688724],[2.6229,41.688736],[2.622906,41.688761],[2.622912,41.68878],[2.622933,41.688801],[2.622968,41.688824],[2.623022,41.688855],[2.623132,41.688919],[2.623208,41.688973],[2.623241,41.688997],[2.623408,41.689114],[2.623491,41.689171],[2.623551,41.689186],[2.623554,41.689186],[2.62363,41.689184],[2.623701,41.689178],[2.623754,41.689163],[2.624573,41.689032]]]]}},{"type":"Feature","id":"082845_082845 AP19 MAR 2","properties":{"area_id":"082845_082845 AP19 MAR 2","nom":"Sant Miquel de Vallmanya","codi_icgc":"082845 AP19 MAR 2","categoria":"Àrees de poblament","codi_municipi":"082845","municipi":"Tordera","codi_comarca":"21","comarca":"Maresme","provincia":"Barcelona","font":"ICGC Àrees de poblament v3r1 202602"},"geometry":{"type":"MultiPolygon","coordinates":[[[[2.652968,41.672895],[2.653017,41.672892],[2.653075,41.672902],[2.653144,41.672913],[2.653217,41.672947],[2.653363,41.672997],[2.653487,41.672995],[2.653568,41.672985],[2.653618,41.672961],[2.653639,41.672951],[2.653663,41.672939],[2.653658,41.672929],[2.653627,41.672873],[2.653609,41.672835],[2.65359,41.672798],[2.65358,41.672782],[2.653558,41.672761],[2.653529,41.672745],[2.653469,41.672731],[2.653408,41.672722],[2.653331,41.672714],[2.653254,41.672707],[2.653191,41.6727],[2.653128,41.672693],[2.653103,41.672687],[2.653083,41.672679],[2.653082,41.672682],[2.653081,41.672682],[2.653081,41.672683],[2.652968,41.672895]]]]}},{"type":"Feature","id":"082845_082845 AP16 MAR 3","properties":{"area_id":"082845_082845 AP16 MAR 3","nom":"Sant Pere","codi_icgc":"082845 AP16 MAR 3","categoria":"Àrees de poblament","codi_municipi":"082845","municipi":"Tordera","codi_comarca":"21","comarca":"Maresme","provincia":"Barcelona","font":"ICGC Àrees de poblament v3r1 202602"},"geometry":{"type":"MultiPolygon","coordinates":[[[[2.727184,41.709608],[2.727141,41.709543],[2.727016,41.70946],[2.726877,41.709369],[2.726839,41.709344],[2.726805,41.709341],[2.72677,41.709342],[2.726765,41.709344],[2.726751,41.709316],[2.726809,41.709293],[2.726927,41.709247],[2.727045,41.709201],[2.727115,41.709178],[2.727186,41.709157],[2.727208,41.709151],[2.727229,41.70914],[2.727242,41.709123],[2.727243,41.709105],[2.72723,41.709051],[2.727214,41.708997],[2.727189,41.708921],[2.727162,41.708845],[2.727126,41.708755],[2.727091,41.708666],[2.727059,41.708589],[2.727032,41.708512],[2.727034,41.708503],[2.727047,41.708492],[2.727062,41.708481],[2.727107,41.708448],[2.727153,41.708415],[2.727192,41.708391],[2.727215,41.708383],[2.727238,41.70838],[2.727319,41.708392],[2.727399,41.708403],[2.727505,41.708416],[2.727519,41.708417],[2.727612,41.708426],[2.72768,41.708432],[2.727748,41.708438],[2.727795,41.708439],[2.727866,41.708434],[2.727936,41.708424],[2.728064,41.708401],[2.728192,41.708377],[2.728282,41.708358],[2.728331,41.708348],[2.72847,41.708318],[2.728598,41.708294],[2.728928,41.708214],[2.728975,41.708603],[2.729076,41.708643],[2.7291,41.708653],[2.729168,41.708696],[2.729412,41.708852],[2.729437,41.708857],[2.729492,41.70889],[2.729583,41.70895],[2.729639,41.708982],[2.729653,41.708988],[2.72959,41.709055],[2.729323,41.709339],[2.729384,41.70937],[2.729492,41.709425],[2.729472,41.709442],[2.729502,41.709462],[2.729588,41.70959],[2.729763,41.709594],[2.729763,41.709539],[2.729821,41.709537],[2.729821,41.709544],[2.729972,41.709539],[2.729975,41.709563],[2.729986,41.709563],[2.729988,41.709563],[2.730191,41.709556],[2.730185,41.709537],[2.730158,41.709353],[2.730161,41.709319],[2.730158,41.709266],[2.730145,41.709044],[2.730145,41.709034],[2.730137,41.70903],[2.730094,41.709034],[2.730097,41.709031],[2.730098,41.70903],[2.730216,41.708902],[2.730328,41.708772],[2.730462,41.708614],[2.730516,41.708561],[2.730387,41.708533],[2.730229,41.708497],[2.730142,41.708477],[2.730057,41.708457],[2.730035,41.70845],[2.730003,41.708434],[2.729973,41.708414],[2.729939,41.708387],[2.729904,41.708358],[2.729753,41.708178],[2.729743,41.708166],[2.729732,41.708153],[2.729732,41.708153],[2.729676,41.708087],[2.729602,41.707999],[2.729188,41.70694],[2.729173,41.706936],[2.728659,41.707057],[2.72865,41.707059],[2.728211,41.705895],[2.728108,41.705634],[2.728204,41.705561],[2.728325,41.70547],[2.728324,41.70547],[2.727633,41.705018],[2.727157,41.705409],[2.726918,41.705247],[2.726894,41.705253],[2.726692,41.705308],[2.726601,41.705351],[2.726446,41.70542],[2.726341,41.705466],[2.726249,41.705502],[2.726202,41.705524],[2.726178,41.70554],[2.726176,41.705541],[2.726173,41.705538],[2.726159,41.705545],[2.726163,41.705549],[2.726163,41.70555],[2.726144,41.705566],[2.726128,41.705583],[2.726117,41.705606],[2.726107,41.705637],[2.725701,41.705867],[2.725625,41.705913],[2.725593,41.705931],[2.725416,41.706039],[2.725283,41.706116],[2.725117,41.706212],[2.725134,41.706249],[2.725146,41.70626],[2.725163,41.706265],[2.725182,41.706266],[2.724989,41.706323],[2.724574,41.706425],[2.72443,41.70646],[2.724022,41.706559],[2.723963,41.706574],[2.723966,41.706578],[2.724552,41.707292],[2.724756,41.707505],[2.724711,41.707523],[2.724867,41.707662],[2.724074,41.707894],[2.723674,41.708184],[2.723662,41.708182],[2.723655,41.708186],[2.723552,41.708253],[2.72345,41.708322],[2.723449,41.708325],[2.7234,41.708358],[2.7234,41.708359],[2.72338,41.708373],[2.723313,41.708428],[2.723276,41.708463],[2.723246,41.708502],[2.723231,41.70853],[2.723226,41.708557],[2.723226,41.708585],[2.723228,41.708601],[2.723226,41.708607],[2.723215,41.708645],[2.723236,41.708653],[2.72329,41.708743],[2.723273,41.708829],[2.723274,41.708836],[2.723291,41.708924],[2.723297,41.70897],[2.723298,41.70904],[2.723299,41.70911],[2.723303,41.709163],[2.72331,41.709217],[2.723318,41.709245],[2.723333,41.709271],[2.723362,41.709302],[2.723381,41.709313],[2.723401,41.709319],[2.72342,41.709322],[2.723648,41.709351],[2.723696,41.709356],[2.724092,41.709397],[2.724303,41.709432],[2.724368,41.709443],[2.724453,41.709448],[2.72468,41.709461],[2.725124,41.709499],[2.725124,41.709511],[2.725081,41.709507],[2.724938,41.709494],[2.72491,41.709492],[2.725029,41.709809],[2.725052,41.709888],[2.725987,41.709915],[2.725863,41.70964],[2.725865,41.70964],[2.725989,41.709621],[2.726027,41.709616],[2.726054,41.709609],[2.726129,41.709584],[2.726204,41.709559],[2.726254,41.709543],[2.726341,41.709683],[2.726386,41.709757],[2.726464,41.709883],[2.726611,41.710121],[2.726678,41.710178],[2.727364,41.709879],[2.727279,41.709751],[2.727192,41.709619],[2.727184,41.709608]]]]}},{"type":"Feature","id":"082845_082845 AP12 MAR 3","properties":{"area_id":"082845_082845 AP12 MAR 3","nom":"Terrabrava","codi_icgc":"082845 AP12 MAR 3","categoria":"Àrees de poblament","codi_municipi":"082845","municipi":"Tordera","codi_comarca":"21","comarca":"Maresme","provincia":"Barcelona","font":"ICGC Àrees de poblament v3r1 202602"},"geometry":{"type":"MultiPolygon","coordinates":[[[[2.726864,41.729655],[2.726875,41.729672],[2.727086,41.729986],[2.727208,41.730168],[2.72731,41.73038],[2.727371,41.730505],[2.727431,41.730626],[2.727404,41.73064],[2.727414,41.730656],[2.727575,41.730914],[2.727637,41.731013],[2.727627,41.731017],[2.727707,41.731149],[2.72775,41.731224],[2.727779,41.731274],[2.727789,41.731294],[2.727803,41.731324],[2.727805,41.73134],[2.727834,41.731395],[2.727837,41.731395],[2.727873,41.73147],[2.72806,41.731819],[2.728137,41.731813],[2.728208,41.732036],[2.728235,41.732122],[2.728254,41.732168],[2.728274,41.732206],[2.728325,41.732306],[2.728375,41.732407],[2.728407,41.732465],[2.728444,41.732523],[2.728531,41.732643],[2.728619,41.732763],[2.728641,41.732794],[2.728664,41.732827],[2.728688,41.73285],[2.728714,41.732868],[2.728899,41.733004],[2.728968,41.733054],[2.729086,41.733139],[2.729265,41.733269],[2.729287,41.733284],[2.729446,41.733397],[2.729516,41.733446],[2.729677,41.733578],[2.729614,41.733632],[2.729461,41.733756],[2.729467,41.733784],[2.72948,41.73381],[2.729498,41.733834],[2.729521,41.733854],[2.729521,41.733854],[2.729614,41.733909],[2.729725,41.734005],[2.729838,41.734104],[2.729971,41.734208],[2.730042,41.734263],[2.730055,41.734272],[2.730218,41.734394],[2.730222,41.734395],[2.730352,41.734437],[2.73051,41.734447],[2.730563,41.734452],[2.73061,41.73447],[2.730655,41.734502],[2.730743,41.734603],[2.73087,41.734771],[2.731014,41.734834],[2.731034,41.734831],[2.731043,41.734816],[2.731116,41.73471],[2.731194,41.73459],[2.731285,41.734621],[2.731435,41.734672],[2.731609,41.734731],[2.731783,41.734792],[2.732058,41.734888],[2.732334,41.734985],[2.732511,41.735048],[2.732689,41.73511],[2.732859,41.735169],[2.73303,41.735228],[2.733144,41.735268],[2.733258,41.735307],[2.733349,41.735335],[2.73344,41.735359],[2.733504,41.735376],[2.733541,41.735384],[2.73358,41.735388],[2.733678,41.735385],[2.733773,41.735381],[2.733869,41.735375],[2.733963,41.73537],[2.733986,41.73537],[2.734023,41.735376],[2.734061,41.735387],[2.734121,41.73541],[2.734177,41.735439],[2.734223,41.735469],[2.734265,41.735503],[2.7343,41.735535],[2.734331,41.735568],[2.734363,41.735611],[2.734389,41.735657],[2.734403,41.73569],[2.734412,41.735724],[2.734424,41.7358],[2.734425,41.735808],[2.734435,41.735876],[2.734443,41.735942],[2.73445,41.736011],[2.73446,41.736047],[2.734482,41.736083],[2.734519,41.736117],[2.734558,41.736147],[2.734653,41.736209],[2.734748,41.73627],[2.734947,41.736395],[2.735145,41.736521],[2.735304,41.736624],[2.735462,41.736727],[2.735516,41.736762],[2.735776,41.736919],[2.735906,41.736956],[2.736042,41.736994],[2.736156,41.737029],[2.73627,41.737066],[2.736339,41.737087],[2.736408,41.737107],[2.736434,41.737116],[2.736458,41.737128],[2.736515,41.737165],[2.736574,41.737203],[2.736656,41.737255],[2.736739,41.737307],[2.73682,41.737357],[2.7369,41.737406],[2.736936,41.737433],[2.736968,41.737464],[2.736992,41.737492],[2.737007,41.737521],[2.737014,41.737553],[2.737017,41.737588],[2.737018,41.737623],[2.737015,41.737657],[2.737015,41.737658],[2.737097,41.73768],[2.73785,41.737888],[2.738317,41.737668],[2.738381,41.737637],[2.738657,41.737507],[2.738766,41.737455],[2.738776,41.737451],[2.738769,41.737391],[2.738652,41.736472],[2.738328,41.736314],[2.738361,41.736287],[2.738425,41.736234],[2.738492,41.736179],[2.738501,41.736171],[2.738591,41.736172],[2.738634,41.736172],[2.738741,41.736028],[2.738803,41.735943],[2.738808,41.735911],[2.738789,41.735877],[2.738593,41.7358],[2.738574,41.735793],[2.738446,41.735706],[2.738313,41.735644],[2.738109,41.735549],[2.738016,41.735489],[2.738005,41.735481],[2.737895,41.735391],[2.737836,41.735352],[2.737779,41.735313],[2.737759,41.735144],[2.737655,41.734859],[2.737639,41.734816],[2.737697,41.73478],[2.737626,41.734656],[2.737615,41.734636],[2.737545,41.734543],[2.737533,41.734526],[2.737427,41.734383],[2.737372,41.734329],[2.737336,41.734294],[2.737073,41.734218],[2.737,41.734197],[2.736921,41.734174],[2.73691,41.734171],[2.736656,41.733965],[2.736552,41.733892],[2.736449,41.733806],[2.736365,41.73375],[2.736213,41.733654],[2.736121,41.7336],[2.735971,41.733527],[2.735966,41.733527],[2.735708,41.733505],[2.735354,41.733413],[2.735193,41.733152],[2.735121,41.73306],[2.734824,41.732941],[2.734791,41.732921],[2.734707,41.732858],[2.734686,41.732843],[2.734596,41.732787],[2.734489,41.732721],[2.73426,41.732565],[2.73423,41.732547],[2.734158,41.732506],[2.734054,41.732478],[2.733982,41.732469],[2.733941,41.732464],[2.733829,41.732453],[2.733583,41.732348],[2.733551,41.732334],[2.733371,41.732286],[2.733296,41.732289],[2.733255,41.732298],[2.73298,41.732358],[2.732799,41.732292],[2.732721,41.732261],[2.732646,41.732216],[2.732555,41.732146],[2.73244,41.732061],[2.732358,41.732001],[2.732235,41.731868],[2.732234,41.731868],[2.732143,41.731798],[2.731963,41.731701],[2.731933,41.731685],[2.73137,41.731378],[2.730939,41.731152],[2.730559,41.730838],[2.730472,41.730832],[2.730423,41.730828],[2.730297,41.730745],[2.730267,41.730736],[2.730251,41.730731],[2.730168,41.730703],[2.730057,41.730642],[2.729972,41.730572],[2.729883,41.730498],[2.72968,41.730305],[2.729657,41.730284],[2.729513,41.730152],[2.729505,41.729928],[2.729384,41.729806],[2.729469,41.729747],[2.729496,41.729728],[2.729324,41.72963],[2.729287,41.729609],[2.729149,41.72953],[2.729138,41.729524],[2.729132,41.729519],[2.729155,41.729507],[2.729069,41.729417],[2.728954,41.729321],[2.728822,41.729251],[2.728818,41.729255],[2.728779,41.729226],[2.728734,41.729191],[2.728666,41.729139],[2.728447,41.72911],[2.728342,41.729095],[2.72815,41.729083],[2.728139,41.729071],[2.728146,41.729055],[2.72812,41.729049],[2.72799,41.729019],[2.727971,41.729015],[2.727969,41.729015],[2.72795,41.729019],[2.727687,41.729042],[2.727628,41.729047],[2.727565,41.729078],[2.72755,41.729137],[2.727551,41.729192],[2.727551,41.729223],[2.727531,41.729345],[2.727516,41.72944],[2.727379,41.729441],[2.727247,41.729489],[2.727158,41.729576],[2.727021,41.729548],[2.726986,41.729541],[2.726864,41.729655]]]]}},{"type":"Feature","id":"082845_082845 AP01 MAR 3","properties":{"area_id":"082845_082845 AP01 MAR 3","nom":"Tordera","codi_icgc":"082845 AP01 MAR 3","categoria":"Àrees de poblament","codi_municipi":"082845","municipi":"Tordera","codi_comarca":"21","comarca":"Maresme","provincia":"Barcelona","font":"ICGC Àrees de poblament v3r1 202602"},"geometry":{"type":"MultiPolygon","coordinates":[[[[2.715091,41.702023],[2.71545,41.70203],[2.716124,41.702073],[2.716553,41.70209],[2.716947,41.702106],[2.717061,41.702118],[2.717239,41.702154],[2.717335,41.702164],[2.717632,41.702198],[2.717997,41.70222],[2.718033,41.70217],[2.71815,41.702214],[2.718242,41.70225],[2.718395,41.702281],[2.718477,41.702353],[2.718525,41.702357],[2.718932,41.702397],[2.719215,41.702419],[2.719494,41.702443],[2.719714,41.702354],[2.719813,41.702307],[2.719865,41.702282],[2.720678,41.701755],[2.721073,41.7015],[2.721128,41.701528],[2.721975,41.701974],[2.72206,41.702019],[2.7221,41.702041],[2.722474,41.702242],[2.72252,41.702249],[2.72253,41.70225],[2.722568,41.702256],[2.722583,41.702258],[2.722584,41.702258],[2.722618,41.70225],[2.722643,41.702245],[2.72285,41.702202],[2.722924,41.702145],[2.723036,41.702059],[2.723137,41.701935],[2.72315,41.701918],[2.723173,41.70189],[2.723207,41.701778],[2.723219,41.701739],[2.723229,41.701706],[2.723243,41.701659],[2.723243,41.701577],[2.723201,41.701527],[2.722054,41.700886],[2.722032,41.700864],[2.722021,41.700837],[2.722023,41.700805],[2.722222,41.700623],[2.723287,41.699767],[2.723759,41.700035],[2.724061,41.699728],[2.724392,41.699384],[2.724492,41.69927],[2.724512,41.699216],[2.724507,41.699137],[2.72418,41.698765],[2.723887,41.698432],[2.723612,41.698128],[2.722824,41.697249],[2.722397,41.696776],[2.722526,41.696726],[2.722761,41.696656],[2.7231,41.696578],[2.722916,41.696145],[2.722807,41.695916],[2.722578,41.695962],[2.721953,41.696121],[2.721071,41.695134],[2.721269,41.694924],[2.721703,41.694475],[2.722229,41.693947],[2.7223,41.693888],[2.722831,41.694581],[2.723375,41.695269],[2.723748,41.695775],[2.724461,41.695605],[2.724665,41.695558],[2.724856,41.695492],[2.724951,41.695425],[2.725022,41.695316],[2.725016,41.695244],[2.724801,41.694963],[2.72463,41.694819],[2.724172,41.694226],[2.723289,41.693047],[2.723014,41.693039],[2.722887,41.692881],[2.722912,41.692852],[2.722908,41.692736],[2.7229,41.692722],[2.722885,41.692713],[2.722561,41.692583],[2.722514,41.692528],[2.722473,41.692481],[2.722467,41.692479],[2.722394,41.692461],[2.721803,41.692316],[2.721776,41.692309],[2.721774,41.692309],[2.721646,41.692304],[2.721594,41.692319],[2.721584,41.692333],[2.721581,41.692338],[2.721501,41.692466],[2.7215,41.692467],[2.721342,41.69272],[2.721341,41.692722],[2.721282,41.6927],[2.721031,41.693195],[2.72099,41.69327],[2.720972,41.693281],[2.720955,41.693293],[2.720911,41.693298],[2.720753,41.693241],[2.720434,41.693108],[2.720215,41.693036],[2.719939,41.692965],[2.719677,41.692925],[2.719525,41.692881],[2.719282,41.692802],[2.718977,41.692683],[2.719106,41.692527],[2.719183,41.692444],[2.719413,41.692223],[2.719514,41.692009],[2.719582,41.691831],[2.719596,41.691731],[2.719192,41.69161],[2.718945,41.691533],[2.718724,41.691465],[2.718568,41.691436],[2.718126,41.691367],[2.71777,41.691312],[2.717439,41.69126],[2.717353,41.691247],[2.717266,41.69125],[2.717221,41.69126],[2.717198,41.691288],[2.717179,41.691281],[2.717052,41.691185],[2.716898,41.691083],[2.716731,41.69102],[2.716636,41.690993],[2.716556,41.691002],[2.716485,41.69102],[2.716425,41.69107],[2.716389,41.691154],[2.716345,41.691276],[2.716312,41.691362],[2.716208,41.691543],[2.716056,41.691755],[2.715992,41.69182],[2.715889,41.691808],[2.715508,41.691753],[2.715277,41.691735],[2.71518,41.692208],[2.715613,41.69226],[2.716022,41.692332],[2.716455,41.692432],[2.71701,41.692612],[2.717356,41.692741],[2.717674,41.692889],[2.717794,41.692961],[2.718172,41.693171],[2.718479,41.693379],[2.718692,41.693532],[2.718688,41.693587],[2.71871,41.69363],[2.718733,41.69368],[2.718649,41.693778],[2.718498,41.693954],[2.71845,41.693992],[2.718408,41.693974],[2.718123,41.693725],[2.717895,41.693577],[2.717619,41.693409],[2.717344,41.693247],[2.717001,41.693089],[2.716806,41.693006],[2.716601,41.692938],[2.716235,41.69283],[2.715939,41.692757],[2.715658,41.692696],[2.715425,41.692663],[2.715205,41.692641],[2.714919,41.692619],[2.714647,41.692608],[2.714509,41.692629],[2.714352,41.692646],[2.714135,41.692645],[2.713924,41.692612],[2.71392,41.692614],[2.713907,41.692609],[2.713787,41.69259],[2.713778,41.692588],[2.713741,41.692583],[2.713693,41.692575],[2.713287,41.692511],[2.713163,41.692491],[2.713044,41.692472],[2.712927,41.692454],[2.712845,41.692441],[2.712738,41.692588],[2.712735,41.692593],[2.712722,41.692611],[2.712866,41.692656],[2.71305,41.692714],[2.713269,41.692746],[2.713255,41.692796],[2.713391,41.692826],[2.71338,41.692871],[2.713341,41.693021],[2.713287,41.693229],[2.713304,41.693232],[2.713156,41.693776],[2.713154,41.693784],[2.712992,41.693722],[2.712929,41.693943],[2.712928,41.693946],[2.712621,41.693837],[2.712561,41.693808],[2.712423,41.693739],[2.712332,41.693711],[2.712496,41.693391],[2.712525,41.69333],[2.712237,41.693247],[2.71202,41.693585],[2.711985,41.693584],[2.711929,41.693566],[2.711825,41.693518],[2.711723,41.693473],[2.711527,41.693372],[2.711368,41.693298],[2.711296,41.693239],[2.711259,41.693215],[2.711294,41.69319],[2.711236,41.692833],[2.711149,41.692819],[2.710916,41.692797],[2.710782,41.692927],[2.710772,41.692955],[2.710717,41.693111],[2.710703,41.693151],[2.710698,41.693188],[2.710593,41.693177],[2.710491,41.693176],[2.710414,41.693214],[2.710332,41.693233],[2.710261,41.693281],[2.710178,41.693347],[2.710089,41.693466],[2.710037,41.693723],[2.710004,41.693981],[2.710022,41.694262],[2.71062,41.694244],[2.710646,41.693944],[2.710676,41.693699],[2.710678,41.693698],[2.710738,41.693695],[2.711166,41.693666],[2.711162,41.693676],[2.711126,41.693742],[2.711059,41.693864],[2.711086,41.693969],[2.711095,41.694014],[2.711093,41.694017],[2.711186,41.69405],[2.711187,41.694051],[2.711129,41.694139],[2.711186,41.694167],[2.711232,41.694236],[2.711239,41.694238],[2.711246,41.694241],[2.711252,41.694243],[2.711259,41.694247],[2.711266,41.69425],[2.711274,41.694254],[2.711278,41.694257],[2.711286,41.694262],[2.711292,41.694266],[2.711306,41.694279],[2.711298,41.694283],[2.711254,41.694305],[2.711208,41.694329],[2.711102,41.694367],[2.710994,41.694406],[2.711286,41.694709],[2.711456,41.694751],[2.711456,41.694751],[2.711436,41.694795],[2.711429,41.69481],[2.71139,41.694896],[2.711329,41.695031],[2.711329,41.695031],[2.711322,41.695029],[2.711104,41.694966],[2.71091,41.69491],[2.710896,41.694906],[2.710892,41.694914],[2.71087,41.694958],[2.710866,41.694968],[2.710822,41.695058],[2.7108,41.695104],[2.710895,41.695125],[2.711198,41.695197],[2.711026,41.695417],[2.711318,41.695542],[2.711378,41.695568],[2.711436,41.695563],[2.711531,41.695554],[2.711578,41.695462],[2.711631,41.695356],[2.711683,41.695376],[2.711694,41.695388],[2.711692,41.695392],[2.711773,41.69545],[2.711757,41.695488],[2.711765,41.695491],[2.711833,41.695509],[2.711836,41.695512],[2.711868,41.695543],[2.711906,41.695563],[2.711939,41.695579],[2.712024,41.695623],[2.712027,41.695625],[2.712029,41.695636],[2.712031,41.695644],[2.712042,41.695665],[2.712171,41.695919],[2.712173,41.695951],[2.712177,41.696024],[2.712179,41.696064],[2.712146,41.696074],[2.711726,41.696206],[2.711574,41.696237],[2.711556,41.696241],[2.711558,41.696001],[2.711042,41.696018],[2.710737,41.696017],[2.710714,41.696005],[2.710594,41.695945],[2.710407,41.695762],[2.710392,41.695699],[2.710382,41.695647],[2.71038,41.695606],[2.710394,41.69534],[2.710312,41.695338],[2.710247,41.695337],[2.710247,41.695337],[2.710168,41.695335],[2.709995,41.695331],[2.71001,41.695187],[2.70983,41.695173],[2.709829,41.695173],[2.709833,41.695128],[2.709729,41.695119],[2.709642,41.695112],[2.709659,41.694992],[2.709634,41.69499],[2.709466,41.694982],[2.709312,41.694979],[2.709311,41.694983],[2.709296,41.695057],[2.709295,41.695062],[2.709187,41.695027],[2.709175,41.695135],[2.709168,41.695204],[2.709164,41.695314],[2.709111,41.695313],[2.7091,41.695314],[2.70909,41.695315],[2.709072,41.695316],[2.709069,41.695307],[2.708996,41.695083],[2.708941,41.695091],[2.708757,41.695118],[2.708662,41.694947],[2.708414,41.69501],[2.708418,41.69502],[2.708454,41.695102],[2.708546,41.695311],[2.708577,41.695324],[2.708579,41.695325],[2.708698,41.695376],[2.708727,41.695388],[2.708734,41.695432],[2.708853,41.69558],[2.708857,41.695585],[2.70888,41.695614],[2.70923,41.696049],[2.709343,41.696174],[2.709094,41.696331],[2.709084,41.696338],[2.709072,41.696345],[2.708758,41.696412],[2.70873,41.696418],[2.70872,41.69642],[2.708501,41.696154],[2.708225,41.696229],[2.708153,41.696251],[2.708348,41.696485],[2.708513,41.696687],[2.708519,41.696695],[2.708541,41.696724],[2.708572,41.696726],[2.708865,41.696703],[2.708889,41.696698],[2.708908,41.696694],[2.708981,41.696679],[2.708985,41.696678],[2.708997,41.696676],[2.709221,41.696588],[2.709227,41.6966],[2.709258,41.69659],[2.70938,41.69655],[2.709487,41.696503],[2.709552,41.696474],[2.709614,41.696447],[2.709782,41.696372],[2.710175,41.696088],[2.710261,41.696025],[2.710349,41.696047],[2.710557,41.696099],[2.710555,41.69611],[2.710925,41.696619],[2.71104,41.696905],[2.711039,41.697049],[2.7111,41.697162],[2.711052,41.697269],[2.711052,41.69727],[2.711032,41.697246],[2.710938,41.697258],[2.710912,41.697262],[2.710915,41.697316],[2.710931,41.697678],[2.710945,41.697696],[2.710964,41.69771],[2.710988,41.697721],[2.711015,41.697725],[2.711043,41.697724],[2.711061,41.697721],[2.711105,41.697784],[2.711104,41.697906],[2.711103,41.697975],[2.711082,41.698046],[2.711061,41.698117],[2.711058,41.698131],[2.711056,41.698144],[2.711058,41.698147],[2.711069,41.698151],[2.71108,41.698151],[2.711104,41.698155],[2.711243,41.698184],[2.711274,41.698187],[2.711284,41.698162],[2.711305,41.698165],[2.711328,41.698067],[2.711336,41.698031],[2.711351,41.698033],[2.711476,41.69803],[2.711596,41.698026],[2.711594,41.697997],[2.711626,41.697772],[2.711627,41.697772],[2.711723,41.697778],[2.711829,41.697784],[2.711837,41.697765],[2.712192,41.697786],[2.712248,41.697814],[2.712254,41.697815],[2.71235,41.697835],[2.712406,41.69785],[2.712464,41.69787],[2.712469,41.697872],[2.712517,41.697891],[2.712595,41.69793],[2.712699,41.697984],[2.712839,41.698021],[2.713072,41.698083],[2.713072,41.698139],[2.713072,41.698196],[2.713132,41.698267],[2.713293,41.698341],[2.713467,41.698381],[2.713584,41.69828],[2.713665,41.69807],[2.713682,41.698004],[2.713691,41.697985],[2.713708,41.697988],[2.713937,41.698035],[2.713989,41.698047],[2.714023,41.698011],[2.714075,41.697997],[2.714147,41.697997],[2.714232,41.698022],[2.714317,41.698047],[2.714912,41.698342],[2.714879,41.6984],[2.714873,41.698409],[2.714872,41.698411],[2.71508,41.698521],[2.715084,41.698524],[2.715085,41.698524],[2.715082,41.698527],[2.715081,41.698529],[2.714992,41.698681],[2.715294,41.698806],[2.715355,41.698826],[2.715333,41.69886],[2.715361,41.698894],[2.715354,41.698955],[2.715355,41.699038],[2.715361,41.699175],[2.715357,41.699218],[2.715364,41.699247],[2.715408,41.699315],[2.715411,41.699319],[2.71556,41.699341],[2.715765,41.69924],[2.715962,41.699389],[2.71604,41.699449],[2.715657,41.699665],[2.715748,41.699851],[2.71628,41.700253],[2.716379,41.700174],[2.716542,41.699938],[2.716625,41.699976],[2.716747,41.699992],[2.716861,41.700017],[2.716865,41.700167],[2.716841,41.700314],[2.716773,41.700464],[2.716663,41.700667],[2.716467,41.70066],[2.716262,41.700652],[2.716124,41.70063],[2.715895,41.700573],[2.715638,41.700572],[2.715362,41.700325],[2.715234,41.700192],[2.715187,41.700092],[2.715135,41.699888],[2.715059,41.699745],[2.714936,41.699659],[2.714591,41.699997],[2.71448,41.700165],[2.714403,41.700387],[2.714383,41.700569],[2.714351,41.701319],[2.714365,41.701516],[2.713999,41.701511],[2.713489,41.701481],[2.713188,41.70147],[2.713158,41.701802],[2.713926,41.701851],[2.714679,41.701874],[2.714684,41.701981],[2.715091,41.702023]]]]}},{"type":"Feature","id":"082845_082845 AP13 MAR 3","properties":{"area_id":"082845_082845 AP13 MAR 3","nom":"Tordera Parc","codi_icgc":"082845 AP13 MAR 3","categoria":"Àrees de poblament","codi_municipi":"082845","municipi":"Tordera","codi_comarca":"21","comarca":"Maresme","provincia":"Barcelona","font":"ICGC Àrees de poblament v3r1 202602"},"geometry":{"type":"MultiPolygon","coordinates":[[[[2.746482,41.722281],[2.74643,41.722336],[2.746411,41.722366],[2.74625,41.722305],[2.746211,41.722363],[2.746368,41.722422],[2.746384,41.722398],[2.746439,41.722419],[2.746362,41.722518],[2.746148,41.72279],[2.746133,41.72281],[2.746114,41.722845],[2.746111,41.722856],[2.746102,41.722883],[2.746097,41.722922],[2.7461,41.72296],[2.746013,41.722961],[2.745942,41.722961],[2.745903,41.723043],[2.745895,41.723049],[2.745883,41.723084],[2.745851,41.723182],[2.745821,41.723214],[2.745788,41.723284],[2.745787,41.723286],[2.745741,41.723337],[2.745625,41.723468],[2.745596,41.723487],[2.745243,41.723717],[2.745312,41.723769],[2.745325,41.723778],[2.745606,41.723988],[2.745701,41.724063],[2.74605,41.724175],[2.746211,41.724251],[2.74638,41.724301],[2.746419,41.724253],[2.746458,41.724219],[2.746503,41.724173],[2.746586,41.724203],[2.746609,41.724214],[2.746707,41.724263],[2.746727,41.724276],[2.746754,41.724299],[2.746775,41.724324],[2.746783,41.724341],[2.746784,41.724353],[2.74678,41.724376],[2.746767,41.724397],[2.746753,41.724412],[2.746726,41.724433],[2.746712,41.724441],[2.746696,41.724447],[2.746631,41.724464],[2.746509,41.724486],[2.746418,41.724495],[2.74636,41.724497],[2.746323,41.724499],[2.746262,41.724502],[2.746105,41.724503],[2.746184,41.724361],[2.746193,41.724344],[2.746102,41.724317],[2.746022,41.724302],[2.745803,41.724271],[2.745824,41.72417],[2.745538,41.724151],[2.745519,41.724235],[2.745479,41.72423],[2.745479,41.724187],[2.745346,41.724172],[2.745304,41.724215],[2.74521,41.724166],[2.745189,41.724146],[2.744886,41.724013],[2.744806,41.724023],[2.744842,41.724193],[2.744852,41.724259],[2.74486,41.724357],[2.74479,41.724357],[2.744721,41.724357],[2.744668,41.724362],[2.744654,41.724273],[2.744624,41.724081],[2.744613,41.724043],[2.744577,41.724042],[2.744535,41.724047],[2.744478,41.724057],[2.74441,41.724073],[2.744354,41.724089],[2.744307,41.724109],[2.744288,41.724124],[2.744251,41.724149],[2.744175,41.724209],[2.744203,41.724234],[2.744215,41.724245],[2.744204,41.724254],[2.74412,41.724321],[2.744004,41.724414],[2.743818,41.724569],[2.743484,41.724848],[2.743434,41.724948],[2.743466,41.725158],[2.743766,41.725151],[2.743892,41.725189],[2.74394,41.725203],[2.743959,41.725208],[2.743983,41.725214],[2.744006,41.72522],[2.744025,41.725227],[2.744042,41.725235],[2.744095,41.725262],[2.744143,41.725294],[2.744153,41.725302],[2.744156,41.725306],[2.744181,41.725284],[2.74423,41.725239],[2.744314,41.725203],[2.744314,41.725203],[2.744399,41.725273],[2.744517,41.725266],[2.74453,41.725281],[2.744545,41.725291],[2.74458,41.725309],[2.744624,41.725327],[2.744743,41.725383],[2.744863,41.72544],[2.744935,41.725474],[2.745007,41.725508],[2.745149,41.725579],[2.745316,41.725671],[2.745483,41.725765],[2.74556,41.725807],[2.74564,41.725848],[2.745696,41.725873],[2.74584,41.725931],[2.745983,41.725988],[2.74614,41.726055],[2.746168,41.726067],[2.746298,41.726121],[2.746361,41.726144],[2.746429,41.726162],[2.746475,41.72617],[2.746641,41.72619],[2.746805,41.726211],[2.746998,41.726234],[2.74719,41.726259],[2.74733,41.726277],[2.747472,41.726296],[2.747529,41.726301],[2.747586,41.726302],[2.747699,41.726297],[2.747768,41.726289],[2.747836,41.726272],[2.747891,41.72625],[2.74794,41.726224],[2.74797,41.726204],[2.748006,41.726175],[2.748047,41.726133],[2.74808,41.72609],[2.748099,41.72606],[2.748116,41.726018],[2.748144,41.72592],[2.748168,41.725825],[2.748188,41.725763],[2.748209,41.72571],[2.748233,41.725658],[2.748252,41.725626],[2.748283,41.725583],[2.748317,41.72554],[2.748338,41.725509],[2.748396,41.725411],[2.748447,41.725312],[2.748507,41.725182],[2.748566,41.725052],[2.748624,41.724926],[2.748682,41.7248],[2.748726,41.724697],[2.74877,41.724595],[2.748885,41.724342],[2.749051,41.724348],[2.74902,41.724203],[2.749021,41.724203],[2.749119,41.724129],[2.749243,41.724039],[2.749362,41.723906],[2.749364,41.723905],[2.749371,41.723517],[2.749487,41.723564],[2.749512,41.723576],[2.749556,41.723609],[2.749556,41.723609],[2.749553,41.723887],[2.74965,41.724044],[2.749694,41.724034],[2.74998,41.723999],[2.750058,41.723995],[2.750085,41.723994],[2.750095,41.723995],[2.750232,41.724011],[2.750304,41.72402],[2.750421,41.724034],[2.750548,41.724059],[2.750551,41.72406],[2.750675,41.724144],[2.750676,41.724146],[2.750687,41.724161],[2.750705,41.724199],[2.750718,41.724237],[2.750722,41.724262],[2.750723,41.724298],[2.750724,41.724334],[2.75068,41.724339],[2.75056,41.72435],[2.7504,41.724364],[2.750248,41.724376],[2.750171,41.724154],[2.749743,41.724274],[2.749734,41.724276],[2.749512,41.724405],[2.749493,41.724416],[2.749481,41.724405],[2.749444,41.724426],[2.749456,41.724438],[2.749451,41.72444],[2.749448,41.724442],[2.749446,41.724443],[2.749252,41.724567],[2.749104,41.724696],[2.749098,41.724704],[2.748983,41.724843],[2.748973,41.724954],[2.748973,41.724956],[2.748906,41.725203],[2.748898,41.725233],[2.748793,41.725501],[2.748789,41.72551],[2.748679,41.725733],[2.748677,41.725745],[2.74864,41.725965],[2.74883,41.726094],[2.749075,41.725879],[2.749054,41.725868],[2.749054,41.725868],[2.749134,41.725868],[2.749137,41.725859],[2.749232,41.725843],[2.749294,41.725792],[2.749347,41.725738],[2.749374,41.725702],[2.749409,41.725649],[2.749427,41.725623],[2.749448,41.725599],[2.749533,41.725516],[2.749618,41.725433],[2.749693,41.725357],[2.749767,41.72528],[2.749823,41.72522],[2.749878,41.725161],[2.749852,41.72514],[2.750088,41.724904],[2.75021,41.724792],[2.750921,41.724674],[2.751253,41.724648],[2.751419,41.724634],[2.751477,41.724619],[2.751529,41.724614],[2.751779,41.724234],[2.75188,41.724002],[2.75188,41.723919],[2.751917,41.72379],[2.75199,41.72357],[2.752056,41.723455],[2.752332,41.722922],[2.752406,41.722797],[2.752548,41.722542],[2.752637,41.722385],[2.752642,41.722384],[2.752644,41.722379],[2.752662,41.722342],[2.752679,41.722305],[2.752698,41.722275],[2.752651,41.722194],[2.752658,41.722194],[2.752588,41.722176],[2.75256,41.722122],[2.752574,41.722079],[2.752563,41.722059],[2.752381,41.721956],[2.752285,41.721911],[2.752166,41.721851],[2.752049,41.721789],[2.751953,41.721738],[2.751854,41.72169],[2.751704,41.721626],[2.751553,41.721565],[2.751418,41.721512],[2.751395,41.721523],[2.751299,41.721466],[2.7512,41.721427],[2.751066,41.721375],[2.750934,41.721322],[2.750858,41.72129],[2.750783,41.721256],[2.75068,41.721206],[2.750581,41.721152],[2.750446,41.721072],[2.750443,41.72107],[2.750306,41.720988],[2.750202,41.720928],[2.750096,41.72087],[2.750022,41.720835],[2.749943,41.720806],[2.749793,41.720761],[2.74964,41.720722],[2.749469,41.720683],[2.749384,41.720664],[2.7493,41.720644],[2.749158,41.72061],[2.749016,41.720575],[2.749,41.720558],[2.749,41.720558],[2.74897,41.720617],[2.748813,41.720929],[2.748842,41.721006],[2.748812,41.721008],[2.748704,41.721213],[2.748619,41.721374],[2.748466,41.721475],[2.748464,41.721488],[2.748413,41.721784],[2.748461,41.721839],[2.748416,41.721864],[2.748361,41.721894],[2.748316,41.721919],[2.748254,41.72195],[2.74823,41.721963],[2.748193,41.721984],[2.747946,41.721784],[2.747802,41.721912],[2.747567,41.722055],[2.747459,41.72212],[2.747395,41.722208],[2.74736,41.722202],[2.74725,41.722169],[2.74709,41.722106],[2.747056,41.722096],[2.746841,41.722138],[2.746653,41.722175],[2.746586,41.72221],[2.746581,41.722213],[2.746512,41.722249],[2.746482,41.722281]]]]}},{"type":"Feature","id":"082845_082845 AP04 MAR 2","properties":{"area_id":"082845_082845 AP04 MAR 2","nom":"Turó de la Dona Morta","codi_icgc":"082845 AP04 MAR 2","categoria":"Àrees de poblament","codi_municipi":"082845","municipi":"Tordera","codi_comarca":"21","comarca":"Maresme","provincia":"Barcelona","font":"ICGC Àrees de poblament v3r1 202602"},"geometry":{"type":"MultiPolygon","coordinates":[[[[2.767244,41.696838],[2.767287,41.696901],[2.767745,41.697277],[2.76793,41.697429],[2.767923,41.697393],[2.768201,41.696897],[2.768768,41.697336],[2.769519,41.697918],[2.769904,41.698154],[2.770257,41.698445],[2.770487,41.698119],[2.770835,41.697524],[2.770613,41.697517],[2.770547,41.697537],[2.770521,41.697539],[2.770438,41.697551],[2.770245,41.697616],[2.770135,41.697616],[2.770094,41.697644],[2.769931,41.697559],[2.769689,41.697317],[2.769628,41.697201],[2.769544,41.697043],[2.769561,41.697031],[2.769442,41.696799],[2.76906,41.696813],[2.768335,41.696768],[2.768662,41.696211],[2.768643,41.696208],[2.76824,41.696135],[2.768182,41.695975],[2.768077,41.695922],[2.767958,41.695903],[2.767972,41.695699],[2.767805,41.695681],[2.767481,41.695651],[2.767468,41.695802],[2.767462,41.695868],[2.767461,41.69588],[2.767275,41.695837],[2.766832,41.695736],[2.76696,41.6961],[2.767104,41.69651],[2.767209,41.696809],[2.767244,41.696838]]]]}},{"type":"Feature","id":"082845_082845 AP18 MAR 2","properties":{"area_id":"082845_082845 AP18 MAR 2","nom":"Vallmanya","codi_icgc":"082845 AP18 MAR 2","categoria":"Àrees de poblament","codi_municipi":"082845","municipi":"Tordera","codi_comarca":"21","comarca":"Maresme","provincia":"Barcelona","font":"ICGC Àrees de poblament v3r1 202602"},"geometry":{"type":"MultiPolygon","coordinates":[[[[2.658378,41.674251],[2.658672,41.674353],[2.658722,41.674368],[2.658759,41.674379],[2.658899,41.674361],[2.659005,41.674334],[2.659081,41.674297],[2.65909,41.674293],[2.659094,41.674291],[2.659144,41.674254],[2.659259,41.674176],[2.659325,41.674166],[2.659417,41.674181],[2.659466,41.674249],[2.659517,41.674249],[2.659565,41.674548],[2.659841,41.674523],[2.659854,41.674627],[2.659863,41.674704],[2.659818,41.674749],[2.659805,41.674804],[2.659821,41.674845],[2.659853,41.674868],[2.659951,41.674864],[2.66025,41.674839],[2.66027,41.674838],[2.660242,41.674461],[2.660371,41.674457],[2.660416,41.674457],[2.66047,41.67445],[2.660524,41.674443],[2.660555,41.674437],[2.660598,41.674422],[2.660617,41.674412],[2.660635,41.6744],[2.660654,41.674379],[2.660672,41.674358],[2.660735,41.6743],[2.660746,41.674291],[2.660691,41.674191],[2.660656,41.674128],[2.660651,41.674118],[2.660634,41.674088],[2.660616,41.674055],[2.660589,41.674068],[2.660533,41.674088],[2.660467,41.674072],[2.660244,41.67414],[2.660288,41.674238],[2.660139,41.674198],[2.659932,41.674219],[2.659893,41.674233],[2.659862,41.674243],[2.659833,41.674252],[2.659783,41.674254],[2.65977,41.674214],[2.659752,41.674067],[2.65975,41.67405],[2.659459,41.674069],[2.659328,41.674077],[2.659312,41.674086],[2.659176,41.674184],[2.65908,41.674253],[2.659027,41.674287],[2.658569,41.674076],[2.658458,41.674187],[2.658378,41.674251]]]]}},{"type":"Feature","id":"082845_082845 AP22 MAR 4","properties":{"area_id":"082845_082845 AP22 MAR 4","nom":"Veïnat de Sant Daniel","codi_icgc":"082845 AP22 MAR 4","categoria":"Àrees de poblament","codi_municipi":"082845","municipi":"Tordera","codi_comarca":"21","comarca":"Maresme","provincia":"Barcelona","font":"ICGC Àrees de poblament v3r1 202602"},"geometry":{"type":"MultiPolygon","coordinates":[[[[2.751767,41.706447],[2.751987,41.706362],[2.751996,41.706374],[2.752037,41.706355],[2.751991,41.706277],[2.751888,41.706101],[2.751787,41.705924],[2.751786,41.705922],[2.751731,41.705823],[2.751654,41.705684],[2.751622,41.705626],[2.751534,41.705463],[2.751445,41.705299],[2.751423,41.705249],[2.75142,41.705241],[2.751371,41.705233],[2.751302,41.705244],[2.751234,41.705256],[2.751215,41.705258],[2.751196,41.705258],[2.751156,41.705254],[2.751076,41.705243],[2.750862,41.705226],[2.750648,41.705209],[2.750483,41.705193],[2.750318,41.705176],[2.750207,41.705166],[2.75014,41.705161],[2.750114,41.705159],[2.750081,41.705156],[2.74999,41.705149],[2.749772,41.705133],[2.749655,41.705123],[2.749537,41.705114],[2.749413,41.705103],[2.74929,41.705093],[2.749045,41.705073],[2.74888,41.70506],[2.748731,41.705049],[2.74858,41.705037],[2.748528,41.705033],[2.748434,41.705027],[2.748434,41.705031],[2.748426,41.705092],[2.748414,41.705203],[2.748401,41.705315],[2.748399,41.705355],[2.748397,41.705408],[2.748433,41.705446],[2.74844,41.705442],[2.748452,41.70544],[2.748465,41.705439],[2.748494,41.705444],[2.748533,41.705454],[2.748659,41.705489],[2.748747,41.705513],[2.748834,41.705536],[2.749009,41.705581],[2.749137,41.705615],[2.749265,41.705648],[2.749349,41.70567],[2.749373,41.705678],[2.749394,41.705688],[2.749437,41.705712],[2.749456,41.705724],[2.749472,41.705738],[2.749493,41.70576],[2.749511,41.705784],[2.749522,41.7058],[2.74953,41.705816],[2.749543,41.705854],[2.749548,41.705893],[2.749549,41.705907],[2.749549,41.705922],[2.749549,41.705922],[2.749546,41.705992],[2.749545,41.706009],[2.749621,41.706022],[2.749758,41.706046],[2.750035,41.706095],[2.75006,41.706095],[2.750494,41.706095],[2.750598,41.706002],[2.750878,41.706013],[2.751039,41.70602],[2.751245,41.706144],[2.751434,41.706188],[2.751435,41.706283],[2.7516,41.706325],[2.751665,41.706335],[2.751696,41.706345],[2.751699,41.706424],[2.751767,41.706447]]],[[[2.73546,41.705389],[2.735499,41.705338],[2.735511,41.705325],[2.73552,41.705315],[2.735524,41.70531],[2.735534,41.705299],[2.735591,41.705242],[2.735653,41.705185],[2.735745,41.705105],[2.735759,41.705095],[2.735793,41.705071],[2.735804,41.705065],[2.735801,41.705061],[2.735733,41.705024],[2.735572,41.70494],[2.735264,41.70479],[2.735118,41.704723],[2.735011,41.704678],[2.734906,41.70463],[2.734887,41.704618],[2.734877,41.704654],[2.734869,41.704681],[2.734869,41.704681],[2.734865,41.704687],[2.734853,41.704736],[2.734774,41.705061],[2.734763,41.705102],[2.734696,41.705146],[2.734601,41.705163],[2.734535,41.705184],[2.734373,41.705191],[2.734128,41.705126],[2.7341,41.704999],[2.734059,41.704904],[2.733961,41.704823],[2.734073,41.704718],[2.734071,41.704716],[2.733926,41.704626],[2.733984,41.704581],[2.734269,41.704356],[2.734412,41.704243],[2.734442,41.70422],[2.734362,41.704146],[2.734249,41.704053],[2.734134,41.703962],[2.734094,41.703931],[2.734052,41.703898],[2.734,41.703857],[2.733898,41.703777],[2.733834,41.703773],[2.733303,41.703664],[2.733187,41.70401],[2.733005,41.704558],[2.73345,41.704684],[2.733502,41.704704],[2.733625,41.704751],[2.733589,41.704791],[2.73345,41.704911],[2.733312,41.705054],[2.733444,41.705265],[2.733348,41.705304],[2.733349,41.705306],[2.73343,41.70542],[2.733544,41.705381],[2.733557,41.7054],[2.733577,41.705429],[2.733597,41.705452],[2.733621,41.705472],[2.733673,41.705509],[2.733718,41.70554],[2.733851,41.705609],[2.733963,41.705666],[2.733778,41.705861],[2.733759,41.705875],[2.733763,41.705878],[2.734107,41.706021],[2.734572,41.70627],[2.734398,41.706397],[2.734395,41.706504],[2.734454,41.706752],[2.734502,41.706952],[2.734668,41.706921],[2.734719,41.706876],[2.734825,41.706698],[2.734887,41.706612],[2.734901,41.706396],[2.734933,41.705928],[2.735165,41.705918],[2.735343,41.705913],[2.735337,41.705688],[2.735333,41.705534],[2.735433,41.70543],[2.73546,41.705389]]]]}},{"type":"Feature","id":"082845_082845 AP10 MAR 3","properties":{"area_id":"082845_082845 AP10 MAR 3","nom":"el Mas Móra","codi_icgc":"082845 AP10 MAR 3","categoria":"Àrees de poblament","codi_municipi":"082845","municipi":"Tordera","codi_comarca":"21","comarca":"Maresme","provincia":"Barcelona","font":"ICGC Àrees de poblament v3r1 202602"},"geometry":{"type":"MultiPolygon","coordinates":[[[[2.755129,41.718803],[2.755173,41.718784],[2.755179,41.718781],[2.755189,41.718776],[2.755225,41.718761],[2.75603,41.718408],[2.756558,41.718],[2.756595,41.718025],[2.756753,41.717871],[2.756859,41.717768],[2.756989,41.717667],[2.757003,41.717679],[2.757181,41.717539],[2.757023,41.717403],[2.756841,41.717246],[2.756837,41.717243],[2.756625,41.717154],[2.756618,41.71715],[2.756399,41.717036],[2.756228,41.71696],[2.756367,41.716846],[2.756245,41.716684],[2.756159,41.716543],[2.756127,41.7165],[2.755987,41.716313],[2.755974,41.716303],[2.756108,41.716235],[2.756119,41.716219],[2.756114,41.716194],[2.7561,41.716166],[2.756079,41.716139],[2.756033,41.716094],[2.755876,41.716032],[2.755784,41.716013],[2.755718,41.716008],[2.755671,41.716009],[2.755633,41.716023],[2.755582,41.716041],[2.755543,41.716073],[2.755506,41.716116],[2.755372,41.716182],[2.75536,41.716188],[2.75532,41.716195],[2.75515,41.716179],[2.755112,41.716208],[2.755033,41.716285],[2.754969,41.716358],[2.754938,41.716401],[2.754877,41.716401],[2.754844,41.716403],[2.754803,41.716407],[2.754757,41.716414],[2.754674,41.716426],[2.754549,41.716447],[2.754425,41.716467],[2.754347,41.716473],[2.754268,41.716472],[2.75421,41.716467],[2.754154,41.716455],[2.754127,41.716444],[2.754105,41.716428],[2.754074,41.716393],[2.754049,41.716355],[2.75403,41.71632],[2.754017,41.716284],[2.754013,41.716263],[2.754015,41.716236],[2.754022,41.716207],[2.754033,41.71618],[2.754048,41.716157],[2.754069,41.716142],[2.754094,41.716129],[2.754113,41.716123],[2.754203,41.716097],[2.754294,41.716071],[2.75442,41.716037],[2.754546,41.716002],[2.754602,41.715984],[2.754656,41.715965],[2.754748,41.71593],[2.754803,41.715904],[2.75486,41.715878],[2.754914,41.715848],[2.754964,41.715813],[2.755055,41.715741],[2.755131,41.715678],[2.755202,41.715611],[2.755249,41.71556],[2.755294,41.715509],[2.755326,41.715471],[2.755355,41.715429],[2.755369,41.715398],[2.755379,41.71535],[2.755388,41.715303],[2.755399,41.715243],[2.75541,41.715181],[2.755413,41.715123],[2.755406,41.715066],[2.755399,41.715031],[2.75539,41.714996],[2.755374,41.714941],[2.755353,41.714886],[2.75532,41.714823],[2.75529,41.714763],[2.755272,41.714719],[2.755159,41.714614],[2.75494,41.714412],[2.754877,41.714378],[2.754861,41.71438],[2.754836,41.714387],[2.754814,41.714396],[2.754722,41.714446],[2.754631,41.714497],[2.754306,41.714622],[2.754293,41.714623],[2.754277,41.714623],[2.754254,41.714621],[2.75424,41.714616],[2.754215,41.714602],[2.754179,41.714575],[2.754139,41.71455],[2.75411,41.714536],[2.754025,41.714501],[2.75394,41.714467],[2.753836,41.714421],[2.753735,41.714373],[2.753642,41.714316],[2.753552,41.714255],[2.753486,41.714207],[2.753424,41.714158],[2.753386,41.714123],[2.753373,41.714104],[2.753365,41.714084],[2.753356,41.714042],[2.753353,41.714024],[2.753341,41.713957],[2.753332,41.713872],[2.75333,41.713806],[2.753331,41.71374],[2.753335,41.713697],[2.753346,41.713616],[2.753356,41.713534],[2.753355,41.713495],[2.75335,41.713456],[2.753344,41.713426],[2.753287,41.713391],[2.752952,41.713515],[2.7528,41.713522],[2.752608,41.713556],[2.752602,41.713557],[2.752349,41.713588],[2.752276,41.713678],[2.752145,41.713615],[2.752042,41.71371],[2.751969,41.713837],[2.751857,41.714051],[2.751922,41.714077],[2.751903,41.71425],[2.751897,41.714313],[2.751903,41.714364],[2.752008,41.714558],[2.752289,41.714553],[2.752292,41.714553],[2.752311,41.714554],[2.752322,41.714558],[2.752333,41.714563],[2.752341,41.714571],[2.752347,41.714577],[2.752377,41.714627],[2.752411,41.714687],[2.752445,41.714748],[2.752452,41.714771],[2.75245,41.714795],[2.752444,41.71481],[2.752428,41.714828],[2.752411,41.714838],[2.752392,41.714847],[2.752353,41.714861],[2.752267,41.71488],[2.752186,41.714899],[2.752104,41.714916],[2.752051,41.714931],[2.751991,41.714952],[2.75193,41.714972],[2.751881,41.714994],[2.751836,41.715022],[2.751832,41.715027],[2.751653,41.714951],[2.751556,41.715151],[2.751795,41.715236],[2.751803,41.715346],[2.751815,41.715456],[2.751831,41.715535],[2.751855,41.715613],[2.751881,41.715682],[2.751908,41.715751],[2.751935,41.715826],[2.751962,41.715901],[2.751981,41.715945],[2.752,41.71599],[2.752011,41.716023],[2.75202,41.716058],[2.752024,41.716077],[2.752022,41.716097],[2.752008,41.716132],[2.751989,41.716165],[2.751985,41.716172],[2.75198,41.716179],[2.751968,41.716188],[2.751954,41.716192],[2.751901,41.716198],[2.751848,41.716197],[2.751791,41.716196],[2.751734,41.716192],[2.751696,41.716185],[2.75166,41.716174],[2.751625,41.716161],[2.75156,41.71613],[2.75151,41.716104],[2.75146,41.716079],[2.751539,41.715908],[2.751321,41.715747],[2.751126,41.715593],[2.751082,41.715558],[2.750957,41.715463],[2.750938,41.715448],[2.751152,41.715355],[2.75112,41.715321],[2.751089,41.715275],[2.751074,41.715267],[2.751054,41.71525],[2.751032,41.715228],[2.751072,41.715184],[2.751096,41.715124],[2.750983,41.714791],[2.750965,41.714738],[2.750965,41.714737],[2.750961,41.714593],[2.750961,41.714591],[2.750961,41.714591],[2.750959,41.714549],[2.750959,41.714487],[2.750963,41.714456],[2.750971,41.714425],[2.750983,41.714391],[2.751003,41.714343],[2.751014,41.714319],[2.751025,41.714294],[2.751056,41.714221],[2.751065,41.714201],[2.751087,41.714148],[2.751066,41.7141],[2.751042,41.714053],[2.751023,41.714024],[2.750991,41.713983],[2.750961,41.713945],[2.750885,41.713823],[2.750732,41.713748],[2.750561,41.713751],[2.75056,41.713751],[2.750353,41.713752],[2.750091,41.713761],[2.749834,41.713785],[2.749693,41.713791],[2.749682,41.713791],[2.749529,41.713818],[2.749374,41.713862],[2.749319,41.713887],[2.749268,41.713937],[2.749254,41.71394],[2.749198,41.713963],[2.749192,41.713966],[2.749141,41.713986],[2.749076,41.714007],[2.749009,41.714025],[2.748844,41.714056],[2.74868,41.714087],[2.748672,41.71408],[2.748662,41.714069],[2.748648,41.71405],[2.748641,41.714022],[2.748639,41.71399],[2.748638,41.713926],[2.748635,41.713907],[2.748632,41.713883],[2.74861,41.713806],[2.748581,41.713731],[2.748555,41.713681],[2.748504,41.713605],[2.748449,41.713533],[2.748389,41.713461],[2.748327,41.713392],[2.748282,41.713347],[2.748188,41.713262],[2.748094,41.713177],[2.748005,41.713096],[2.747915,41.713016],[2.747832,41.712942],[2.747747,41.712869],[2.747666,41.712806],[2.747585,41.712744],[2.747563,41.712726],[2.747542,41.71273],[2.747519,41.712734],[2.747453,41.712672],[2.747291,41.712774],[2.747215,41.712818],[2.747082,41.712896],[2.746963,41.712964],[2.746929,41.712938],[2.746849,41.712874],[2.746777,41.712812],[2.746708,41.712746],[2.746676,41.712707],[2.746651,41.712666],[2.746638,41.712636],[2.746625,41.712581],[2.746622,41.712525],[2.746625,41.712476],[2.746631,41.712428],[2.746638,41.712396],[2.746668,41.712303],[2.746728,41.712309],[2.746909,41.712348],[2.747019,41.71222],[2.747041,41.712194],[2.746917,41.712081],[2.746831,41.712001],[2.746818,41.71201],[2.746729,41.712075],[2.746733,41.712042],[2.74673,41.712002],[2.746723,41.711976],[2.746713,41.71196],[2.746701,41.711946],[2.746671,41.711921],[2.746648,41.711907],[2.746598,41.711879],[2.746446,41.711799],[2.746402,41.711777],[2.746354,41.711753],[2.746262,41.711708],[2.746197,41.711679],[2.746129,41.711654],[2.746083,41.71164],[2.746024,41.711624],[2.74598,41.711611],[2.745914,41.711592],[2.745924,41.711542],[2.745929,41.711517],[2.745566,41.711362],[2.745563,41.711361],[2.745562,41.711361],[2.745521,41.711341],[2.745213,41.711191],[2.744877,41.711027],[2.744588,41.710885],[2.744423,41.710804],[2.74441,41.710797],[2.74425,41.71072],[2.744201,41.710697],[2.744003,41.710601],[2.74398,41.71059],[2.743859,41.710536],[2.743851,41.710547],[2.743843,41.710558],[2.743792,41.710534],[2.743793,41.710533],[2.74367,41.710467],[2.743621,41.710442],[2.743458,41.710358],[2.74339,41.710322],[2.743193,41.710217],[2.74293,41.710074],[2.742755,41.709979],[2.742702,41.70995],[2.742591,41.709897],[2.74245,41.709828],[2.742308,41.709769],[2.742188,41.709719],[2.741982,41.709626],[2.7419,41.709588],[2.74183,41.709554],[2.741854,41.709401],[2.741871,41.7093],[2.741876,41.709266],[2.741899,41.708953],[2.741877,41.708949],[2.741859,41.708947],[2.741858,41.708912],[2.741862,41.708912],[2.741863,41.708912],[2.741884,41.70869],[2.741885,41.708686],[2.74195,41.7084],[2.74196,41.708359],[2.741967,41.708327],[2.741981,41.708214],[2.741988,41.70816],[2.741988,41.708154],[2.741988,41.708079],[2.741998,41.708074],[2.741988,41.708063],[2.741987,41.707946],[2.741988,41.707929],[2.74198,41.707915],[2.741973,41.707908],[2.741973,41.707904],[2.741964,41.707897],[2.741778,41.70769],[2.741746,41.707657],[2.741733,41.707641],[2.741693,41.707482],[2.741684,41.707447],[2.741683,41.707426],[2.741647,41.707288],[2.741658,41.70727],[2.741685,41.707195],[2.741722,41.707094],[2.74171,41.707039],[2.741693,41.70699],[2.741664,41.706945],[2.741645,41.706924],[2.741626,41.706908],[2.741603,41.706886],[2.741612,41.706779],[2.741623,41.706632],[2.741624,41.706631],[2.741746,41.70647],[2.741796,41.706428],[2.741797,41.706425],[2.741804,41.706417],[2.741929,41.706287],[2.742048,41.706153],[2.741981,41.706106],[2.741781,41.705959],[2.74178,41.705959],[2.741774,41.705954],[2.741907,41.70583],[2.742059,41.705689],[2.742368,41.705401],[2.742351,41.70539],[2.742154,41.705258],[2.742155,41.705257],[2.742223,41.704981],[2.742219,41.704978],[2.742253,41.70486],[2.742255,41.704797],[2.74219,41.704787],[2.742124,41.704778],[2.742017,41.704761],[2.741904,41.704747],[2.741989,41.704323],[2.741874,41.7043],[2.741809,41.704291],[2.741718,41.704278],[2.741716,41.704278],[2.741716,41.704278],[2.741867,41.704096],[2.741891,41.70406],[2.741901,41.704045],[2.74191,41.703947],[2.741897,41.703896],[2.741895,41.703889],[2.741488,41.703754],[2.74133,41.703702],[2.741154,41.703644],[2.741031,41.703608],[2.740838,41.703548],[2.740825,41.703546],[2.740732,41.703529],[2.740731,41.703536],[2.740718,41.703644],[2.740698,41.703822],[2.740677,41.704],[2.740661,41.704058],[2.740646,41.704115],[2.740613,41.704336],[2.740572,41.704339],[2.740572,41.704345],[2.740295,41.704357],[2.740295,41.704355],[2.740329,41.704022],[2.740263,41.703927],[2.740223,41.703874],[2.740222,41.703871],[2.740163,41.703797],[2.740006,41.703845],[2.739914,41.703881],[2.739898,41.703882],[2.739887,41.703892],[2.739864,41.703901],[2.739968,41.704195],[2.739975,41.704235],[2.739963,41.704369],[2.739958,41.704425],[2.739945,41.704564],[2.739547,41.704619],[2.739566,41.70465],[2.739737,41.704967],[2.73982,41.70513],[2.739652,41.705199],[2.739226,41.705377],[2.73912,41.706192],[2.73912,41.7062],[2.739105,41.70655],[2.739071,41.706617],[2.739052,41.706915],[2.739034,41.707198],[2.739033,41.70721],[2.739017,41.707352],[2.738985,41.707631],[2.738984,41.707641],[2.738967,41.707896],[2.738951,41.708126],[2.738956,41.708131],[2.738983,41.708163],[2.738997,41.708179],[2.739077,41.708272],[2.739151,41.708359],[2.739197,41.708412],[2.739207,41.708424],[2.739394,41.708642],[2.739409,41.70866],[2.739567,41.70884],[2.739607,41.708886],[2.739596,41.708929],[2.739588,41.708965],[2.739552,41.708925],[2.739332,41.709131],[2.739315,41.709147],[2.739212,41.70908],[2.739111,41.70901],[2.73909,41.708995],[2.738846,41.709149],[2.738777,41.709214],[2.738752,41.709242],[2.738689,41.709311],[2.738732,41.709333],[2.738612,41.709451],[2.7386,41.709462],[2.738448,41.709593],[2.738433,41.709606],[2.738305,41.709709],[2.738263,41.709764],[2.738299,41.709773],[2.738566,41.709839],[2.738573,41.709842],[2.738557,41.709859],[2.738539,41.709884],[2.738531,41.709899],[2.738529,41.709916],[2.738531,41.709922],[2.738292,41.709981],[2.738341,41.71004],[2.738462,41.710179],[2.738573,41.710316],[2.73861,41.710363],[2.738612,41.710366],[2.738622,41.710377],[2.738647,41.710408],[2.738736,41.710492],[2.738847,41.710595],[2.738864,41.710603],[2.738933,41.710553],[2.738933,41.710552],[2.739017,41.710637],[2.739161,41.710799],[2.739152,41.710804],[2.739118,41.710826],[2.739133,41.710896],[2.739143,41.710935],[2.739158,41.710951],[2.739173,41.711009],[2.739164,41.711011],[2.739176,41.711054],[2.739176,41.711088],[2.739208,41.711142],[2.739352,41.711268],[2.739361,41.711265],[2.739612,41.711172],[2.739999,41.711029],[2.740016,41.711023],[2.740301,41.710931],[2.740304,41.710884],[2.740351,41.710876],[2.740538,41.710836],[2.740755,41.710762],[2.740747,41.7108],[2.740777,41.710859],[2.740792,41.71095],[2.740854,41.71133],[2.740847,41.711482],[2.74088,41.711488],[2.740951,41.711624],[2.740958,41.711719],[2.740976,41.711856],[2.740985,41.711859],[2.741247,41.711937],[2.741273,41.711963],[2.741261,41.711972],[2.741251,41.711987],[2.741247,41.712004],[2.741248,41.712008],[2.74125,41.712016],[2.741251,41.712022],[2.741255,41.712026],[2.741263,41.712037],[2.74128,41.712048],[2.741301,41.712055],[2.741304,41.712055],[2.741328,41.712057],[2.741351,41.712054],[2.741359,41.71205],[2.74165,41.712156],[2.741606,41.712253],[2.741798,41.712307],[2.741899,41.712302],[2.742101,41.712296],[2.742283,41.712289],[2.742304,41.712288],[2.742455,41.712302],[2.742506,41.712328],[2.74252,41.712335],[2.742693,41.712418],[2.742693,41.712418],[2.742546,41.71242],[2.742399,41.712425],[2.742234,41.71244],[2.742069,41.712458],[2.742068,41.712459],[2.74207,41.712491],[2.742071,41.712525],[2.742073,41.712572],[2.742077,41.712619],[2.742084,41.712649],[2.742085,41.712651],[2.742093,41.71266],[2.742107,41.712678],[2.742125,41.712695],[2.742149,41.712711],[2.742213,41.71275],[2.742282,41.712724],[2.742301,41.712759],[2.74231,41.712774],[2.742365,41.712811],[2.742472,41.712875],[2.742705,41.712982],[2.742784,41.713018],[2.742875,41.713057],[2.743091,41.71315],[2.743321,41.713285],[2.74338,41.713295],[2.743469,41.713313],[2.743845,41.713413],[2.743976,41.713679],[2.743966,41.713682],[2.743913,41.713699],[2.743775,41.713707],[2.743698,41.713712],[2.743574,41.713769],[2.743569,41.713772],[2.743526,41.713801],[2.743402,41.713883],[2.74315,41.71387],[2.743149,41.71385],[2.743089,41.713849],[2.743103,41.713783],[2.743145,41.713621],[2.743152,41.713594],[2.742988,41.713589],[2.742954,41.713802],[2.742947,41.713845],[2.741957,41.713864],[2.742078,41.71408],[2.7421,41.71412],[2.742111,41.714121],[2.742123,41.714124],[2.742281,41.714431],[2.742359,41.714583],[2.742514,41.71486],[2.74251,41.71487],[2.742504,41.714887],[2.742542,41.714979],[2.742551,41.715],[2.742564,41.715032],[2.742704,41.715158],[2.742761,41.715197],[2.742815,41.715239],[2.742843,41.715263],[2.742882,41.715301],[2.742915,41.715343],[2.742956,41.715411],[2.742771,41.715466],[2.742651,41.7155],[2.742644,41.715707],[2.742644,41.715724],[2.742637,41.716117],[2.742596,41.716123],[2.742583,41.716125],[2.742555,41.71613],[2.742518,41.716139],[2.74249,41.71615],[2.742448,41.716171],[2.742405,41.716198],[2.742369,41.716233],[2.742354,41.716256],[2.742346,41.716269],[2.74208,41.7162],[2.74203,41.716344],[2.741942,41.716604],[2.741904,41.716716],[2.74188,41.71677],[2.741857,41.716823],[2.74177,41.717027],[2.741979,41.71709],[2.742197,41.717157],[2.742486,41.717244],[2.742571,41.717283],[2.742585,41.717288],[2.742721,41.71733],[2.743223,41.717512],[2.743299,41.717538],[2.743518,41.717612],[2.743705,41.717675],[2.743811,41.717711],[2.743904,41.717742],[2.744367,41.717894],[2.744382,41.717899],[2.744432,41.717915],[2.744601,41.717956],[2.744827,41.717992],[2.745014,41.718012],[2.745121,41.718028],[2.745208,41.718041],[2.745295,41.71805],[2.745335,41.718057],[2.745373,41.718068],[2.745447,41.718094],[2.745491,41.718112],[2.745492,41.718112],[2.745537,41.718133],[2.74557,41.718144],[2.745625,41.718155],[2.74568,41.718158],[2.745717,41.718157],[2.745788,41.718152],[2.745858,41.718146],[2.745914,41.71814],[2.745939,41.718137],[2.746013,41.718141],[2.746247,41.718142],[2.746477,41.718143],[2.746636,41.718143],[2.747721,41.718317],[2.747752,41.718322],[2.74788,41.718338],[2.748061,41.718358],[2.748398,41.718395],[2.748398,41.718395],[2.748602,41.718416],[2.748607,41.718417],[2.748894,41.718463],[2.749005,41.718473],[2.749016,41.718474],[2.749407,41.718513],[2.749471,41.71852],[2.749484,41.71852],[2.749556,41.718529],[2.750278,41.718622],[2.750283,41.718622],[2.750285,41.718622],[2.750493,41.718623],[2.750641,41.718624],[2.750697,41.718627],[2.750761,41.718349],[2.750753,41.718284],[2.750751,41.71827],[2.751397,41.7183],[2.751445,41.718193],[2.75149,41.717993],[2.751497,41.717977],[2.751535,41.717892],[2.751625,41.717715],[2.751348,41.717557],[2.75136,41.717368],[2.751522,41.717251],[2.751879,41.716994],[2.752066,41.717082],[2.752143,41.717117],[2.752166,41.717124],[2.752182,41.717128],[2.75219,41.717131],[2.752199,41.717132],[2.752259,41.717143],[2.752306,41.717148],[2.752327,41.71715],[2.752374,41.717152],[2.752445,41.717151],[2.752502,41.717145],[2.752509,41.717144],[2.752512,41.717144],[2.752516,41.717144],[2.752521,41.717143],[2.752558,41.717135],[2.75259,41.717128],[2.752598,41.717127],[2.752616,41.717126],[2.752635,41.717126],[2.752664,41.717126],[2.752675,41.717125],[2.752704,41.717125],[2.752735,41.717125],[2.75277,41.717124],[2.752839,41.717123],[2.752945,41.717125],[2.75305,41.717134],[2.753119,41.717144],[2.753178,41.717157],[2.753235,41.717172],[2.753348,41.717209],[2.753415,41.717235],[2.75348,41.717263],[2.75352,41.717283],[2.753578,41.717318],[2.753636,41.717356],[2.753678,41.71738],[2.753725,41.717402],[2.753732,41.717404],[2.753774,41.717421],[2.753808,41.717431],[2.753908,41.717456],[2.754006,41.717481],[2.754134,41.717517],[2.754258,41.717556],[2.754308,41.717578],[2.754354,41.717604],[2.754443,41.717664],[2.754504,41.717707],[2.754562,41.717752],[2.754598,41.717783],[2.754654,41.717839],[2.754708,41.717897],[2.754767,41.717966],[2.754781,41.717984],[2.754821,41.718036],[2.754848,41.718094],[2.754867,41.718162],[2.754878,41.718202],[2.754898,41.718269],[2.754921,41.718353],[2.754934,41.718432],[2.754944,41.718498],[2.754956,41.718564],[2.754986,41.718671],[2.755014,41.718741],[2.755026,41.718754],[2.755042,41.718767],[2.755055,41.718777],[2.755061,41.718781],[2.755071,41.718785],[2.755081,41.718789],[2.755095,41.718793],[2.755108,41.718794],[2.755125,41.718793],[2.755126,41.718793],[2.755129,41.718803]]]]}},{"type":"Feature","id":"082845_082845 AP14 MAR 3","properties":{"area_id":"082845_082845 AP14 MAR 3","nom":"el Mas Reixac","codi_icgc":"082845 AP14 MAR 3","categoria":"Àrees de poblament","codi_municipi":"082845","municipi":"Tordera","codi_comarca":"21","comarca":"Maresme","provincia":"Barcelona","font":"ICGC Àrees de poblament v3r1 202602"},"geometry":{"type":"MultiPolygon","coordinates":[[[[2.719062,41.687819],[2.71933,41.68768],[2.719364,41.687692],[2.719408,41.687653],[2.719425,41.687637],[2.719482,41.687586],[2.719486,41.687583],[2.719596,41.687606],[2.719659,41.68762],[2.719697,41.687629],[2.719984,41.687696],[2.719997,41.687698],[2.720063,41.68772],[2.720157,41.68775],[2.720186,41.687759],[2.720196,41.687762],[2.720212,41.687766],[2.720229,41.687771],[2.720314,41.687793],[2.720355,41.687804],[2.720501,41.687854],[2.720558,41.687873],[2.720591,41.687884],[2.720655,41.687902],[2.720676,41.687908],[2.720829,41.687949],[2.720846,41.687954],[2.720851,41.687955],[2.720867,41.68796],[2.720907,41.687972],[2.721275,41.688083],[2.721294,41.688088],[2.721321,41.688093],[2.72132,41.688095],[2.721313,41.688201],[2.721311,41.688236],[2.72131,41.688242],[2.721292,41.688273],[2.721131,41.688449],[2.72113,41.688452],[2.721127,41.688455],[2.721121,41.688463],[2.721116,41.688468],[2.721113,41.68847],[2.721107,41.688474],[2.721077,41.688516],[2.721025,41.688591],[2.721104,41.688589],[2.721148,41.688588],[2.721301,41.68862],[2.721351,41.688498],[2.72143,41.688468],[2.721555,41.688461],[2.721556,41.688536],[2.721693,41.688541],[2.721706,41.688455],[2.721779,41.68846],[2.721774,41.688424],[2.721729,41.688296],[2.721744,41.688159],[2.721754,41.688125],[2.72178,41.68804],[2.721697,41.688008],[2.721473,41.687913],[2.721341,41.68786],[2.721035,41.687774],[2.720787,41.687707],[2.720425,41.6876],[2.720164,41.687527],[2.719912,41.687448],[2.719566,41.687325],[2.719235,41.687199],[2.718999,41.687117],[2.718871,41.68706],[2.718734,41.686994],[2.718628,41.686912],[2.718536,41.686829],[2.71847,41.686724],[2.718402,41.686547],[2.718382,41.686347],[2.7184,41.686254],[2.71844,41.686147],[2.7185,41.686029],[2.718332,41.685978],[2.718279,41.685959],[2.718257,41.68592],[2.718166,41.685891],[2.718175,41.685861],[2.718175,41.685859],[2.718231,41.685718],[2.718235,41.685707],[2.718287,41.685575],[2.718174,41.685576],[2.718162,41.685576],[2.718045,41.685578],[2.718009,41.685578],[2.717958,41.685508],[2.717949,41.685304],[2.717813,41.685306],[2.717808,41.685101],[2.717787,41.685086],[2.717731,41.685044],[2.717571,41.685028],[2.717486,41.685019],[2.717469,41.685065],[2.717461,41.685086],[2.717458,41.685094],[2.717456,41.6851],[2.717454,41.685105],[2.717451,41.685112],[2.717427,41.685175],[2.717425,41.685183],[2.717424,41.685184],[2.71731,41.685493],[2.717297,41.685528],[2.717257,41.685634],[2.717251,41.685653],[2.717187,41.685825],[2.717175,41.685858],[2.717152,41.685923],[2.717127,41.685992],[2.717081,41.686125],[2.717245,41.686157],[2.71744,41.68619],[2.717556,41.685885],[2.71761,41.685884],[2.717647,41.685884],[2.717795,41.685882],[2.717917,41.685885],[2.718038,41.685894],[2.718039,41.685894],[2.718114,41.685904],[2.718145,41.68591],[2.718151,41.685913],[2.718156,41.685916],[2.718164,41.685922],[2.718166,41.685923],[2.71817,41.685928],[2.718172,41.685931],[2.718174,41.685934],[2.718176,41.685938],[2.718178,41.685943],[2.71818,41.685951],[2.71818,41.685957],[2.718179,41.685962],[2.718175,41.685972],[2.718145,41.68602],[2.718094,41.686094],[2.717878,41.686491],[2.717882,41.686505],[2.717839,41.686557],[2.717839,41.686594],[2.717847,41.686631],[2.71786,41.686696],[2.717923,41.686874],[2.717926,41.686882],[2.717669,41.686809],[2.717585,41.686783],[2.717431,41.686734],[2.717331,41.686704],[2.71714,41.686647],[2.717135,41.686651],[2.717071,41.686695],[2.717048,41.686744],[2.717025,41.686794],[2.717064,41.686771],[2.716953,41.686961],[2.717106,41.687007],[2.717281,41.687051],[2.717402,41.68709],[2.71741,41.687092],[2.717381,41.687107],[2.717425,41.687116],[2.717449,41.687103],[2.717461,41.687107],[2.717525,41.687126],[2.717621,41.687151],[2.717716,41.687176],[2.717849,41.687211],[2.717982,41.687247],[2.718036,41.687262],[2.718083,41.687275],[2.718095,41.68728],[2.718115,41.68729],[2.718136,41.687299],[2.718163,41.687313],[2.718211,41.687337],[2.718262,41.687357],[2.718355,41.687391],[2.718403,41.687405],[2.718452,41.687417],[2.718558,41.687438],[2.718665,41.687453],[2.718774,41.687467],[2.718893,41.687479],[2.718943,41.687484],[2.718955,41.687487],[2.718969,41.687493],[2.718978,41.6875],[2.718986,41.687507],[2.718989,41.687512],[2.718993,41.687517],[2.718993,41.68752],[2.71899,41.687525],[2.718989,41.687528],[2.718979,41.687533],[2.718793,41.687616],[2.718772,41.687627],[2.718757,41.687637],[2.718753,41.687641],[2.718751,41.687644],[2.718735,41.68764],[2.718701,41.68763],[2.718666,41.687623],[2.71863,41.687618],[2.718598,41.687616],[2.718596,41.687646],[2.718585,41.687846],[2.718566,41.688189],[2.718569,41.688268],[2.71856,41.688499],[2.71859,41.68856],[2.718837,41.688639],[2.718931,41.688669],[2.719036,41.688698],[2.719062,41.688706],[2.719153,41.688744],[2.719158,41.688736],[2.719302,41.688508],[2.719257,41.688483],[2.719272,41.688457],[2.719273,41.688455],[2.71928,41.688447],[2.719378,41.688333],[2.719405,41.688225],[2.719405,41.688224],[2.719225,41.688077],[2.719166,41.688063],[2.719159,41.688062],[2.719128,41.688031],[2.719088,41.687998],[2.719038,41.687955],[2.719007,41.687917],[2.719096,41.687857],[2.719101,41.687852],[2.719062,41.687819]]],[[[2.72278,41.691333],[2.722707,41.690974],[2.722675,41.690924],[2.722612,41.690574],[2.722774,41.690568],[2.722825,41.690561],[2.722914,41.690574],[2.723102,41.690557],[2.723118,41.690315],[2.723641,41.690326],[2.723682,41.689764],[2.723702,41.6896],[2.723727,41.689585],[2.723826,41.689574],[2.72395,41.689562],[2.72394,41.689499],[2.723785,41.689383],[2.723699,41.689318],[2.723518,41.68919],[2.722657,41.689272],[2.722377,41.689296],[2.72237,41.689257],[2.722365,41.689228],[2.722301,41.688878],[2.722187,41.688693],[2.722167,41.688732],[2.722155,41.688758],[2.722149,41.68877],[2.722138,41.688789],[2.722108,41.688838],[2.721996,41.689024],[2.721879,41.689223],[2.721842,41.689304],[2.721832,41.689325],[2.72165,41.689726],[2.721602,41.68983],[2.721938,41.689871],[2.722103,41.689867],[2.722112,41.690033],[2.72212,41.690178],[2.722185,41.690423],[2.722219,41.690549],[2.722191,41.690548],[2.722041,41.690542],[2.722035,41.690542],[2.722078,41.690885],[2.722058,41.691068],[2.721423,41.690984],[2.721448,41.69123],[2.721452,41.691273],[2.721457,41.691321],[2.721467,41.69138],[2.721479,41.691443],[2.721514,41.691547],[2.721522,41.69157],[2.721529,41.691582],[2.721533,41.691588],[2.72154,41.691599],[2.721555,41.691618],[2.72157,41.691634],[2.721585,41.691648],[2.721609,41.691666],[2.72163,41.691677],[2.722022,41.691695],[2.722395,41.691721],[2.72267,41.691741],[2.722818,41.691755],[2.722856,41.691753],[2.722814,41.691529],[2.72278,41.691333]]]]}},{"type":"Feature","id":"082845_082845 AP06 MAR 3","properties":{"area_id":"082845_082845 AP06 MAR 3","nom":"les Ferreres","codi_icgc":"082845 AP06 MAR 3","categoria":"Àrees de poblament","codi_municipi":"082845","municipi":"Tordera","codi_comarca":"21","comarca":"Maresme","provincia":"Barcelona","font":"ICGC Àrees de poblament v3r1 202602"},"geometry":{"type":"MultiPolygon","coordinates":[[[[2.66848,41.686208],[2.668505,41.685996],[2.668097,41.685969],[2.668101,41.685942],[2.668017,41.685932],[2.66804,41.68577],[2.668192,41.685763],[2.668609,41.685745],[2.668834,41.68575],[2.668869,41.685764],[2.668909,41.685777],[2.668951,41.685784],[2.668957,41.685784],[2.66901,41.685781],[2.669265,41.685763],[2.669437,41.685707],[2.669749,41.685609],[2.66978,41.685604],[2.669812,41.685594],[2.669877,41.685582],[2.669934,41.685576],[2.669992,41.68557],[2.670022,41.685568],[2.670051,41.685569],[2.670112,41.685573],[2.670159,41.685578],[2.670207,41.685583],[2.670237,41.68559],[2.670288,41.685603],[2.670339,41.685617],[2.670343,41.685618],[2.670438,41.685649],[2.670469,41.685661],[2.670524,41.685591],[2.670531,41.685582],[2.67056,41.685545],[2.6707,41.685437],[2.67099,41.685395],[2.671068,41.685506],[2.671111,41.685465],[2.67142,41.685168],[2.671462,41.685127],[2.671143,41.684918],[2.670826,41.684825],[2.670168,41.684464],[2.670065,41.68428],[2.670445,41.684169],[2.670533,41.684144],[2.670722,41.684089],[2.670763,41.68408],[2.670806,41.684074],[2.670852,41.68407],[2.67089,41.684069],[2.670928,41.68407],[2.670951,41.684074],[2.671018,41.684093],[2.671083,41.684115],[2.67121,41.684164],[2.671288,41.684197],[2.671353,41.684224],[2.671598,41.68432],[2.671905,41.68443],[2.671927,41.684438],[2.671983,41.684456],[2.672111,41.684494],[2.672141,41.684503],[2.672177,41.684517],[2.672254,41.684548],[2.672298,41.684567],[2.672361,41.684595],[2.672386,41.684607],[2.672401,41.684615],[2.672414,41.684623],[2.672424,41.684629],[2.672433,41.684636],[2.672442,41.684645],[2.672453,41.684656],[2.672488,41.684696],[2.672492,41.684701],[2.672654,41.684864],[2.672662,41.684873],[2.672822,41.685051],[2.672835,41.685066],[2.672932,41.685181],[2.672968,41.685225],[2.673028,41.685311],[2.673095,41.685411],[2.6732,41.685587],[2.67321,41.685603],[2.673248,41.685658],[2.673292,41.685717],[2.673309,41.685739],[2.673327,41.685761],[2.67335,41.685787],[2.673367,41.685805],[2.673379,41.685816],[2.67339,41.685826],[2.673408,41.68584],[2.673437,41.685861],[2.673476,41.685887],[2.673518,41.685913],[2.673553,41.685933],[2.673603,41.685959],[2.673644,41.68598],[2.673666,41.685989],[2.673705,41.686005],[2.673759,41.686026],[2.673805,41.686043],[2.673837,41.686054],[2.673845,41.686056],[2.673876,41.686065],[2.673932,41.686079],[2.673999,41.686094],[2.674043,41.686103],[2.674059,41.686106],[2.674075,41.686108],[2.674102,41.686111],[2.674142,41.686115],[2.674172,41.686117],[2.674198,41.686118],[2.674206,41.686118],[2.674223,41.686118],[2.674251,41.686117],[2.674271,41.686116],[2.67429,41.686114],[2.674309,41.686111],[2.674326,41.686109],[2.674342,41.686104],[2.67436,41.686099],[2.674378,41.686093],[2.674395,41.686086],[2.674411,41.686079],[2.674426,41.686072],[2.674439,41.686065],[2.674454,41.686056],[2.674476,41.686042],[2.674496,41.686027],[2.674507,41.686019],[2.674518,41.68601],[2.674536,41.685993],[2.674566,41.685965],[2.674582,41.68595],[2.674591,41.68594],[2.674608,41.685918],[2.67465,41.685906],[2.674665,41.6859],[2.674698,41.685886],[2.67471,41.685882],[2.674759,41.685861],[2.674808,41.685841],[2.674837,41.685826],[2.674864,41.685808],[2.674915,41.685771],[2.674953,41.685749],[2.675007,41.685728],[2.675064,41.68571],[2.675182,41.685677],[2.675259,41.685654],[2.675302,41.685639],[2.675424,41.685594],[2.675544,41.685547],[2.675587,41.685527],[2.675858,41.685346],[2.676006,41.685238],[2.676093,41.685174],[2.676138,41.685142],[2.676183,41.685111],[2.676199,41.6851],[2.676241,41.685073],[2.6763,41.685035],[2.676358,41.684989],[2.676411,41.684937],[2.676435,41.684911],[2.676443,41.684897],[2.676449,41.684883],[2.67645,41.684872],[2.676444,41.684855],[2.676434,41.68484],[2.676403,41.684805],[2.676372,41.684772],[2.676353,41.684746],[2.676332,41.684719],[2.676319,41.684712],[2.676312,41.684711],[2.676345,41.684698],[2.676375,41.684684],[2.676396,41.684676],[2.67643,41.684667],[2.676466,41.68466],[2.676488,41.684656],[2.676659,41.684553],[2.676708,41.684555],[2.676728,41.684554],[2.676746,41.684548],[2.676758,41.68454],[2.676766,41.684529],[2.676767,41.684518],[2.676764,41.684509],[2.676762,41.6845],[2.676757,41.684493],[2.676766,41.684488],[2.676656,41.684336],[2.676365,41.683841],[2.676315,41.683693],[2.676249,41.6835],[2.675568,41.683942],[2.675509,41.68398],[2.675435,41.684028],[2.675445,41.684052],[2.67548,41.684118],[2.675523,41.684183],[2.675548,41.684213],[2.675589,41.684253],[2.675638,41.68429],[2.675696,41.684325],[2.675755,41.684355],[2.67584,41.684393],[2.675929,41.684427],[2.675967,41.684436],[2.676022,41.684441],[2.676046,41.684443],[2.676067,41.684447],[2.6761,41.684459],[2.676129,41.684474],[2.676159,41.684498],[2.676184,41.684527],[2.676207,41.684562],[2.676214,41.684579],[2.676217,41.684594],[2.676215,41.684616],[2.676205,41.68465],[2.67619,41.684686],[2.676169,41.684723],[2.676143,41.684757],[2.676077,41.68482],[2.676005,41.684878],[2.675923,41.684937],[2.675917,41.684941],[2.675578,41.684739],[2.675326,41.68502],[2.675287,41.684992],[2.675236,41.684951],[2.67518,41.684899],[2.675157,41.684872],[2.675138,41.684844],[2.675107,41.684777],[2.675079,41.684707],[2.675076,41.684699],[2.675047,41.684644],[2.675013,41.684587],[2.674992,41.684563],[2.674967,41.68453],[2.674935,41.684494],[2.674907,41.684464],[2.674863,41.684426],[2.67485,41.684406],[2.674841,41.68438],[2.674838,41.684358],[2.674833,41.684317],[2.674832,41.684309],[2.674818,41.684284],[2.674827,41.684275],[2.674818,41.68423],[2.674809,41.684192],[2.674793,41.684139],[2.67479,41.684112],[2.674779,41.684087],[2.674771,41.684079],[2.674734,41.684056],[2.674676,41.68403],[2.674616,41.684011],[2.674517,41.683988],[2.674418,41.683966],[2.674272,41.683935],[2.674183,41.68391],[2.674201,41.683648],[2.674868,41.68337],[2.67495,41.683336],[2.675023,41.683261],[2.67479,41.683004],[2.674658,41.683053],[2.67419,41.682642],[2.674693,41.682426],[2.674232,41.682204],[2.673845,41.682417],[2.673472,41.682297],[2.67346,41.682319],[2.673432,41.682374],[2.673235,41.682764],[2.673208,41.682818],[2.673107,41.682741],[2.672951,41.682773],[2.67259,41.682964],[2.672346,41.683057],[2.672258,41.683051],[2.672164,41.682998],[2.67215,41.683003],[2.672125,41.683013],[2.672029,41.683112],[2.672002,41.683289],[2.672484,41.68332],[2.672608,41.683099],[2.6729,41.6831],[2.673104,41.683101],[2.673408,41.683197],[2.673509,41.683397],[2.673622,41.683684],[2.673475,41.68386],[2.674007,41.684147],[2.674254,41.684343],[2.67428,41.684484],[2.674289,41.684537],[2.674303,41.684611],[2.67426,41.684854],[2.674044,41.684837],[2.673836,41.684878],[2.673563,41.684886],[2.673328,41.684809],[2.673199,41.68475],[2.673095,41.68475],[2.672838,41.684629],[2.672667,41.684803],[2.672523,41.684647],[2.672484,41.684605],[2.672358,41.684536],[2.6722,41.684458],[2.672349,41.68412],[2.671746,41.683861],[2.671605,41.684158],[2.671562,41.684146],[2.671516,41.684223],[2.671516,41.684223],[2.671505,41.68424],[2.671378,41.68419],[2.671324,41.684167],[2.671235,41.68413],[2.671105,41.68408],[2.671068,41.684065],[2.671034,41.684056],[2.671,41.684047],[2.670751,41.684043],[2.670711,41.684051],[2.670686,41.684055],[2.670672,41.68406],[2.67067,41.68406],[2.67065,41.684064],[2.670642,41.684066],[2.670638,41.684067],[2.670614,41.684072],[2.670572,41.684081],[2.670551,41.684085],[2.670528,41.684088],[2.670506,41.684078],[2.670492,41.684071],[2.670489,41.684067],[2.670486,41.684063],[2.670481,41.684054],[2.67048,41.684049],[2.670478,41.684037],[2.670477,41.68399],[2.67048,41.683932],[2.670486,41.683886],[2.670498,41.683843],[2.67051,41.683818],[2.670553,41.683749],[2.670556,41.683745],[2.670554,41.683744],[2.670579,41.683708],[2.670598,41.683678],[2.670629,41.683625],[2.67066,41.683569],[2.670668,41.683547],[2.670671,41.683523],[2.670668,41.683481],[2.670661,41.683454],[2.670635,41.683385],[2.670602,41.683317],[2.670567,41.683259],[2.670526,41.683203],[2.670491,41.683166],[2.670423,41.68311],[2.670351,41.683061],[2.670309,41.683034],[2.670271,41.68301],[2.670206,41.682959],[2.670145,41.682904],[2.670063,41.682823],[2.669981,41.682742],[2.669857,41.682619],[2.669733,41.682496],[2.669673,41.682439],[2.669624,41.682395],[2.669576,41.68242],[2.669304,41.682561],[2.668948,41.682509],[2.668651,41.682802],[2.668617,41.682795],[2.668571,41.682785],[2.668492,41.682769],[2.668469,41.682762],[2.668403,41.682737],[2.668338,41.682711],[2.668267,41.682681],[2.668233,41.682665],[2.6682,41.682646],[2.668146,41.682605],[2.668096,41.682561],[2.668066,41.682534],[2.668021,41.682493],[2.667978,41.682452],[2.667932,41.682405],[2.667886,41.682358],[2.66779,41.68227],[2.667693,41.682183],[2.667606,41.682105],[2.667519,41.682028],[2.66746,41.68198],[2.667398,41.681934],[2.667371,41.681917],[2.667326,41.681895],[2.667275,41.681879],[2.667217,41.681871],[2.667159,41.68187],[2.667095,41.681871],[2.667031,41.681878],[2.666948,41.681898],[2.666866,41.68192],[2.666832,41.681928],[2.666797,41.681932],[2.666747,41.681898],[2.666704,41.681869],[2.666665,41.681843],[2.666668,41.681814],[2.666685,41.681764],[2.666689,41.681754],[2.666712,41.681702],[2.66674,41.681636],[2.66674,41.68163],[2.666743,41.68163],[2.666756,41.681599],[2.666798,41.681494],[2.666813,41.681442],[2.666824,41.681389],[2.666829,41.68135],[2.66683,41.68131],[2.666827,41.681257],[2.666815,41.681202],[2.666802,41.681168],[2.666785,41.681134],[2.666745,41.681075],[2.666679,41.680997],[2.666605,41.680924],[2.66647,41.680809],[2.66633,41.680699],[2.666183,41.680589],[2.66603,41.680484],[2.665936,41.680427],[2.665839,41.680373],[2.665706,41.680307],[2.665575,41.680241],[2.665389,41.680144],[2.6652,41.680047],[2.665031,41.679969],[2.664863,41.679894],[2.664818,41.679873],[2.664776,41.679852],[2.664737,41.679828],[2.664697,41.679801],[2.664613,41.679742],[2.664512,41.679679],[2.664408,41.679617],[2.664335,41.679578],[2.664162,41.679492],[2.66399,41.679408],[2.663842,41.679336],[2.663696,41.679264],[2.663653,41.679241],[2.66361,41.679215],[2.66352,41.679161],[2.663367,41.679082],[2.663211,41.679007],[2.663141,41.678976],[2.663065,41.678947],[2.662998,41.678929],[2.66293,41.678917],[2.662845,41.678905],[2.66276,41.678899],[2.662709,41.678897],[2.662657,41.678894],[2.662595,41.678891],[2.662585,41.678945],[2.662523,41.67927],[2.662513,41.679321],[2.662603,41.679337],[2.662712,41.679357],[2.662743,41.679367],[2.66277,41.679384],[2.662785,41.679397],[2.662798,41.679417],[2.662801,41.679429],[2.662804,41.679483],[2.662806,41.679537],[2.662808,41.679597],[2.66281,41.679657],[2.662817,41.679684],[2.662835,41.67971],[2.662852,41.679726],[2.662884,41.67975],[2.662919,41.679769],[2.662944,41.679778],[2.66298,41.679784],[2.663043,41.679787],[2.663107,41.679791],[2.663191,41.679783],[2.663206,41.679781],[2.663269,41.679777],[2.663332,41.679773],[2.663356,41.679773],[2.663392,41.679777],[2.663429,41.679784],[2.663479,41.679795],[2.663527,41.679812],[2.663585,41.679841],[2.663636,41.679876],[2.663704,41.679934],[2.663772,41.679991],[2.663808,41.680017],[2.663631,41.680149],[2.663537,41.680219],[2.663367,41.680338],[2.66319,41.680441],[2.663189,41.680439],[2.663162,41.68041],[2.663223,41.6805],[2.663221,41.680583],[2.663143,41.680581],[2.66271,41.680574],[2.662705,41.680938],[2.662705,41.68098],[2.662714,41.68098],[2.662763,41.680989],[2.662812,41.681],[2.662865,41.681013],[2.662891,41.681021],[2.662916,41.681032],[2.662933,41.681041],[2.662954,41.681059],[2.662968,41.68108],[2.662981,41.681105],[2.662989,41.681129],[2.662998,41.68116],[2.663006,41.68119],[2.663004,41.681252],[2.662992,41.681326],[2.662981,41.681395],[2.662974,41.681436],[2.662972,41.681459],[2.662996,41.681556],[2.663005,41.681595],[2.663014,41.68162],[2.66304,41.681675],[2.663093,41.681763],[2.663146,41.681849],[2.663177,41.681906],[2.663208,41.681967],[2.663236,41.682011],[2.663257,41.682034],[2.663284,41.682057],[2.663334,41.682084],[2.663388,41.682099],[2.663458,41.682111],[2.663525,41.68212],[2.663606,41.68213],[2.663727,41.682143],[2.663846,41.682157],[2.663933,41.682171],[2.664008,41.682188],[2.664224,41.682209],[2.664231,41.682229],[2.664272,41.682347],[2.664855,41.682259],[2.664957,41.682244],[2.664991,41.682224],[2.665026,41.682194],[2.665056,41.682166],[2.665107,41.682122],[2.66516,41.682083],[2.66517,41.682077],[2.66519,41.682071],[2.665214,41.682068],[2.665265,41.682065],[2.665317,41.682063],[2.665414,41.682061],[2.665514,41.68206],[2.665558,41.682058],[2.665622,41.682046],[2.665655,41.682035],[2.665689,41.682022],[2.665736,41.681993],[2.665773,41.68196],[2.665816,41.681914],[2.665819,41.68191],[2.665814,41.6819],[2.665904,41.681768],[2.666418,41.681956],[2.66629,41.682105],[2.66627,41.682128],[2.66626,41.682136],[2.666245,41.682157],[2.666178,41.682247],[2.666111,41.682338],[2.666083,41.682376],[2.666081,41.682379],[2.666066,41.682394],[2.666043,41.682416],[2.665993,41.682433],[2.6659,41.682471],[2.665806,41.682509],[2.665695,41.682556],[2.665529,41.682626],[2.665364,41.682696],[2.665276,41.68273],[2.665187,41.68276],[2.665117,41.682777],[2.665083,41.682783],[2.665047,41.682786],[2.664964,41.682792],[2.664879,41.682796],[2.66455,41.682807],[2.664492,41.682815],[2.664369,41.682846],[2.66381,41.682673],[2.663641,41.683012],[2.663173,41.682954],[2.663271,41.682604],[2.663029,41.682509],[2.662976,41.68257],[2.662955,41.68259],[2.662899,41.682645],[2.662803,41.682741],[2.662879,41.682799],[2.662896,41.682841],[2.662878,41.682914],[2.662898,41.682924],[2.662968,41.682953],[2.663042,41.682982],[2.663119,41.683007],[2.6632,41.683027],[2.663282,41.68304],[2.663408,41.683054],[2.663534,41.683067],[2.663636,41.683078],[2.663737,41.683091],[2.663764,41.683097],[2.663833,41.683122],[2.663847,41.683127],[2.663868,41.683136],[2.663883,41.683143],[2.663889,41.683146],[2.663893,41.68315],[2.663894,41.68315],[2.663898,41.683161],[2.663898,41.683173],[2.663897,41.683201],[2.663896,41.683208],[2.663871,41.683211],[2.663852,41.683223],[2.663821,41.683275],[2.663737,41.683465],[2.663706,41.683529],[2.663673,41.6836],[2.663606,41.683751],[2.66355,41.683875],[2.66347,41.684044],[2.663431,41.68414],[2.663426,41.6842],[2.663442,41.684252],[2.663461,41.68429],[2.663479,41.684317],[2.663536,41.684402],[2.66378,41.684682],[2.663782,41.684682],[2.663781,41.684683],[2.663772,41.684704],[2.663772,41.684749],[2.663791,41.684823],[2.663845,41.684964],[2.663882,41.68506],[2.663955,41.685206],[2.664003,41.685286],[2.66401,41.685305],[2.664012,41.685328],[2.664012,41.685368],[2.664016,41.685386],[2.664026,41.685398],[2.664036,41.685406],[2.664055,41.685414],[2.664095,41.68542],[2.664113,41.685421],[2.664118,41.685422],[2.664126,41.68542],[2.664135,41.685416],[2.664138,41.685407],[2.66414,41.685391],[2.66414,41.685376],[2.664151,41.685351],[2.664167,41.685331],[2.664182,41.685318],[2.664198,41.685311],[2.664214,41.685307],[2.664243,41.685301],[2.664519,41.685261],[2.664616,41.685248],[2.664636,41.685246],[2.664655,41.685245],[2.664672,41.685247],[2.664686,41.685249],[2.664697,41.685253],[2.664653,41.685389],[2.664616,41.685461],[2.664604,41.685475],[2.664629,41.685499],[2.664698,41.685516],[2.664801,41.685518],[2.664871,41.685519],[2.66488,41.685519],[2.664984,41.685537],[2.665066,41.685556],[2.665079,41.685559],[2.665201,41.685579],[2.665301,41.685581],[2.665328,41.685581],[2.665525,41.685576],[2.665842,41.685579],[2.665877,41.685582],[2.665902,41.685576],[2.665902,41.685576],[2.666075,41.685598],[2.666157,41.685609],[2.666808,41.685762],[2.667447,41.685924],[2.667721,41.68605],[2.667813,41.686093],[2.667796,41.686122],[2.667823,41.686148],[2.66805,41.686201],[2.668128,41.686206],[2.668132,41.686173],[2.668232,41.68618],[2.668229,41.686199],[2.668329,41.686205],[2.668329,41.686198],[2.66848,41.686208]]],[[[2.670999,41.686807],[2.6711,41.686645],[2.67086,41.686426],[2.670713,41.686321],[2.670688,41.686306],[2.670643,41.68628],[2.670564,41.686233],[2.67045,41.68617],[2.670327,41.686139],[2.670245,41.686128],[2.670131,41.686128],[2.670019,41.686135],[2.669945,41.686135],[2.669937,41.686152],[2.669929,41.686169],[2.669921,41.686194],[2.669895,41.686266],[2.66986,41.68635],[2.669721,41.686331],[2.669398,41.686408],[2.669382,41.686368],[2.669339,41.686378],[2.669059,41.686446],[2.669072,41.686488],[2.668975,41.686509],[2.668746,41.686541],[2.66837,41.686532],[2.66826,41.68652],[2.668003,41.68647],[2.667983,41.686467],[2.667833,41.686433],[2.667665,41.686417],[2.667541,41.686384],[2.667265,41.68633],[2.667204,41.686567],[2.667586,41.686648],[2.667702,41.686673],[2.667964,41.686714],[2.667974,41.686716],[2.668123,41.686724],[2.668383,41.686738],[2.668503,41.68674],[2.668563,41.686741],[2.668704,41.686743],[2.668742,41.686741],[2.668758,41.68674],[2.668954,41.68673],[2.669156,41.686719],[2.66926,41.686713],[2.669596,41.686688],[2.669711,41.686682],[2.66985,41.686682],[2.670243,41.686698],[2.670243,41.686698],[2.670777,41.686784],[2.670991,41.686818],[2.670999,41.686807]]],[[[2.665774,41.686517],[2.665819,41.686467],[2.665933,41.686478],[2.666402,41.686526],[2.666633,41.68657],[2.667483,41.686728],[2.667482,41.686733],[2.667458,41.686802],[2.6674,41.686968],[2.667392,41.686991],[2.667417,41.686999],[2.667846,41.687064],[2.668103,41.687056],[2.668311,41.686934],[2.668338,41.68683],[2.668348,41.686791],[2.668404,41.686788],[2.668307,41.686786],[2.66817,41.68678],[2.668041,41.686771],[2.667913,41.686759],[2.667767,41.686739],[2.667622,41.686715],[2.667286,41.68665],[2.66695,41.686584],[2.666806,41.686557],[2.666709,41.686539],[2.666563,41.686511],[2.666562,41.686511],[2.666263,41.686426],[2.666043,41.686367],[2.666007,41.686355],[2.665974,41.686345],[2.665904,41.686323],[2.665853,41.68631],[2.665794,41.686297],[2.66563,41.686259],[2.665629,41.686113],[2.665629,41.68609],[2.665294,41.68609],[2.665238,41.68609],[2.665254,41.68614],[2.665257,41.686202],[2.665287,41.686247],[2.665336,41.686323],[2.665364,41.686323],[2.665572,41.68632],[2.665618,41.68632],[2.665687,41.686325],[2.665757,41.686334],[2.665822,41.686346],[2.665885,41.686362],[2.665953,41.686383],[2.666022,41.686404],[2.666032,41.686412],[2.666035,41.68642],[2.666032,41.68643],[2.666027,41.686442],[2.665933,41.686433],[2.665826,41.686423],[2.665682,41.68641],[2.665538,41.686397],[2.665489,41.686394],[2.665416,41.686394],[2.665383,41.686395],[2.665345,41.686396],[2.665218,41.6864],[2.66509,41.686408],[2.664964,41.686426],[2.66484,41.686448],[2.664711,41.686472],[2.664581,41.686499],[2.664468,41.686529],[2.664356,41.686563],[2.664276,41.68659],[2.664236,41.686605],[2.66422,41.68666],[2.664206,41.686667],[2.66418,41.686683],[2.664159,41.686704],[2.664139,41.68674],[2.664132,41.686758],[2.66413,41.686777],[2.664125,41.686829],[2.664126,41.686857],[2.664129,41.68698],[2.664165,41.686989],[2.664749,41.687145],[2.664751,41.687137],[2.664813,41.687125],[2.664838,41.687094],[2.664936,41.687063],[2.665001,41.687033],[2.665009,41.68703],[2.665136,41.686972],[2.665167,41.686956],[2.665207,41.686935],[2.665249,41.686913],[2.665601,41.686758],[2.665658,41.686735],[2.665698,41.686693],[2.665771,41.686594],[2.665774,41.686517]]]]}},{"type":"Feature","id":"082845_082845 AP08 MAR 3","properties":{"area_id":"082845_082845 AP08 MAR 3","nom":"Àgora Parc","codi_icgc":"082845 AP08 MAR 3","categoria":"Àrees de poblament","codi_municipi":"082845","municipi":"Tordera","codi_comarca":"21","comarca":"Maresme","provincia":"Barcelona","font":"ICGC Àrees de poblament v3r1 202602"},"geometry":{"type":"MultiPolygon","coordinates":[[[[2.67087,41.707365],[2.670996,41.707336],[2.671276,41.707256],[2.671352,41.707235],[2.671457,41.707287],[2.671563,41.70734],[2.671608,41.707364],[2.671654,41.70739],[2.671691,41.707408],[2.671748,41.707433],[2.671802,41.707455],[2.671827,41.707467],[2.671843,41.707478],[2.671822,41.707503],[2.672235,41.707709],[2.672419,41.70781],[2.672588,41.707755],[2.672883,41.707636],[2.67314,41.707522],[2.673222,41.707505],[2.673293,41.707491],[2.673344,41.707483],[2.673652,41.707355],[2.67355,41.707217],[2.67353,41.707198],[2.673522,41.707184],[2.673517,41.707185],[2.67351,41.707178],[2.673384,41.707056],[2.673375,41.70705],[2.673171,41.70691],[2.673087,41.706889],[2.673085,41.706889],[2.672928,41.706753],[2.672778,41.706598],[2.67255,41.706461],[2.672357,41.706345],[2.672204,41.706204],[2.672019,41.706061],[2.672014,41.706057],[2.67166,41.706358],[2.671658,41.706356],[2.671487,41.706235],[2.671302,41.706104],[2.671295,41.706089],[2.671291,41.706069],[2.671293,41.706045],[2.671309,41.706019],[2.671337,41.70599],[2.671402,41.705924],[2.671484,41.705838],[2.671575,41.705745],[2.67151,41.705691],[2.671505,41.705687],[2.67122,41.70545],[2.671216,41.705447],[2.671184,41.705307],[2.671082,41.70529],[2.67113,41.705184],[2.671045,41.704893],[2.671044,41.704891],[2.670948,41.704725],[2.670907,41.7047],[2.670843,41.704668],[2.670775,41.704642],[2.670741,41.704632],[2.670704,41.704621],[2.67063,41.704605],[2.670555,41.704594],[2.670479,41.70459],[2.670402,41.704591],[2.670326,41.704598],[2.670251,41.704611],[2.670231,41.704616],[2.670192,41.704671],[2.67015,41.704641],[2.670136,41.704627],[2.670061,41.704637],[2.670057,41.704634],[2.669889,41.704501],[2.669761,41.704578],[2.669575,41.704448],[2.669567,41.704444],[2.669382,41.704338],[2.669308,41.704353],[2.669026,41.704191],[2.668835,41.704299],[2.668815,41.704296],[2.668791,41.704287],[2.66876,41.704271],[2.668698,41.70423],[2.668599,41.704164],[2.668521,41.704109],[2.668455,41.704061],[2.668414,41.704029],[2.668386,41.704006],[2.668155,41.703803],[2.668268,41.703709],[2.668301,41.703682],[2.668345,41.703646],[2.668337,41.703638],[2.668329,41.703631],[2.668293,41.703601],[2.66825,41.703576],[2.668207,41.703555],[2.668164,41.703533],[2.668106,41.703581],[2.66809,41.703594],[2.667981,41.703684],[2.667957,41.703679],[2.667933,41.703672],[2.667899,41.703659],[2.66785,41.703637],[2.667838,41.703632],[2.66774,41.703677],[2.667665,41.703706],[2.667644,41.703743],[2.667624,41.70378],[2.667604,41.703817],[2.667577,41.703864],[2.667549,41.703912],[2.667361,41.703873],[2.667127,41.703814],[2.667045,41.704001],[2.66699,41.704164],[2.666969,41.704164],[2.666945,41.704163],[2.666922,41.704159],[2.666869,41.704145],[2.666764,41.704117],[2.666658,41.70409],[2.666552,41.704063],[2.666455,41.704042],[2.66636,41.704021],[2.666285,41.704001],[2.666209,41.70398],[2.666057,41.703938],[2.665933,41.703908],[2.665823,41.703879],[2.665777,41.703864],[2.665727,41.703843],[2.665677,41.703816],[2.665684,41.703808],[2.665842,41.703628],[2.666059,41.703379],[2.666099,41.703406],[2.666172,41.70343],[2.666174,41.703431],[2.666304,41.703478],[2.666413,41.703365],[2.666443,41.703332],[2.666494,41.703319],[2.666529,41.703317],[2.666553,41.703316],[2.666566,41.703316],[2.666778,41.703274],[2.666874,41.703246],[2.667075,41.703292],[2.667245,41.703347],[2.667328,41.703231],[2.667474,41.703026],[2.667591,41.702842],[2.667736,41.70261],[2.667756,41.702615],[2.66779,41.702623],[2.667877,41.702644],[2.668254,41.702784],[2.668265,41.702789],[2.66831,41.702815],[2.66835,41.702846],[2.668138,41.703162],[2.668365,41.703248],[2.668573,41.703325],[2.668582,41.703328],[2.668765,41.703396],[2.668801,41.70341],[2.669019,41.703493],[2.669223,41.703571],[2.669315,41.70361],[2.669379,41.703631],[2.66939,41.703635],[2.669416,41.703645],[2.669655,41.703727],[2.669607,41.703803],[2.669834,41.703861],[2.669897,41.703877],[2.670026,41.703912],[2.670078,41.703927],[2.670114,41.703864],[2.67039,41.703937],[2.670404,41.704045],[2.670704,41.704131],[2.670747,41.704213],[2.67075,41.704219],[2.67099,41.704303],[2.671215,41.70437],[2.67128,41.704423],[2.671327,41.704446],[2.671475,41.704526],[2.671484,41.704529],[2.671548,41.704545],[2.671562,41.704554],[2.671594,41.704627],[2.671608,41.704778],[2.671636,41.704842],[2.671697,41.704903],[2.671769,41.704909],[2.67177,41.704917],[2.671785,41.704949],[2.671815,41.704995],[2.671847,41.705039],[2.671945,41.705164],[2.671992,41.705223],[2.672007,41.705246],[2.672017,41.705273],[2.672019,41.7053],[2.672014,41.705327],[2.672002,41.705352],[2.671983,41.705375],[2.671717,41.705562],[2.671699,41.705574],[2.671708,41.705657],[2.671902,41.70581],[2.671994,41.705792],[2.672035,41.705775],[2.672067,41.705767],[2.672121,41.705751],[2.672128,41.705748],[2.672303,41.705687],[2.672436,41.705848],[2.672495,41.705923],[2.672556,41.705998],[2.672629,41.706079],[2.672672,41.706117],[2.672721,41.706153],[2.672817,41.706208],[2.672866,41.706234],[2.672916,41.706259],[2.67305,41.706326],[2.673183,41.706392],[2.673359,41.706479],[2.673535,41.706567],[2.673563,41.706579],[2.673608,41.706593],[2.673655,41.706604],[2.673683,41.706605],[2.673722,41.706599],[2.673747,41.706596],[2.673775,41.706596],[2.6738,41.7066],[2.67382,41.706613],[2.673831,41.706622],[2.674159,41.707038],[2.674152,41.707052],[2.674149,41.707058],[2.674146,41.707079],[2.674151,41.707099],[2.674163,41.707118],[2.674181,41.707134],[2.674205,41.707146],[2.674232,41.707152],[2.67426,41.707153],[2.674272,41.70715],[2.674287,41.707147],[2.674291,41.707146],[2.674307,41.70714],[2.674319,41.707126],[2.674324,41.707116],[2.674348,41.707131],[2.674509,41.707097],[2.674782,41.707036],[2.674725,41.706938],[2.674569,41.706744],[2.674523,41.706757],[2.674496,41.70677],[2.674313,41.706517],[2.674276,41.706475],[2.674275,41.706475],[2.674165,41.706308],[2.674095,41.706151],[2.674093,41.706149],[2.674017,41.705941],[2.673938,41.70577],[2.674073,41.705731],[2.674059,41.705697],[2.67398,41.705551],[2.673916,41.70543],[2.673888,41.705383],[2.673796,41.705224],[2.673793,41.705222],[2.67359,41.704986],[2.67354,41.704921],[2.673426,41.704771],[2.673413,41.704753],[2.673332,41.704643],[2.673326,41.70464],[2.673308,41.704622],[2.673176,41.704494],[2.673166,41.704484],[2.673027,41.704333],[2.673017,41.70432],[2.672984,41.704275],[2.672906,41.704184],[2.672867,41.70414],[2.672699,41.703953],[2.672654,41.703897],[2.67264,41.70391],[2.672533,41.703897],[2.672558,41.703823],[2.672566,41.703805],[2.672565,41.703805],[2.672664,41.703514],[2.672671,41.703493],[2.672685,41.703474],[2.672706,41.703459],[2.672731,41.703448],[2.672758,41.703443],[2.672761,41.703443],[2.672814,41.703441],[2.672867,41.703444],[2.672886,41.703447],[2.672869,41.703691],[2.672924,41.703818],[2.67295,41.70387],[2.672964,41.703896],[2.67298,41.70392],[2.672999,41.703944],[2.673033,41.703977],[2.673068,41.70401],[2.673107,41.704015],[2.673146,41.704019],[2.67316,41.704022],[2.673183,41.704029],[2.673204,41.704043],[2.673221,41.704062],[2.673225,41.704072],[2.673224,41.704082],[2.673201,41.704138],[2.673179,41.704194],[2.673282,41.70433],[2.673302,41.704357],[2.673489,41.70445],[2.673607,41.704399],[2.673788,41.704326],[2.673925,41.70448],[2.673983,41.704559],[2.674035,41.704641],[2.674081,41.704725],[2.67412,41.70481],[2.674136,41.704851],[2.674353,41.705411],[2.674366,41.705443],[2.674467,41.70569],[2.674512,41.705806],[2.674535,41.705862],[2.674566,41.705915],[2.674603,41.705966],[2.674646,41.706014],[2.674696,41.706058],[2.674752,41.706099],[2.674786,41.706121],[2.675207,41.706389],[2.675224,41.706401],[2.675234,41.706416],[2.675236,41.706433],[2.675231,41.70645],[2.675219,41.706465],[2.675201,41.706475],[2.675111,41.706542],[2.675161,41.706892],[2.675418,41.706889],[2.675648,41.706887],[2.675904,41.706884],[2.676122,41.706882],[2.676207,41.706881],[2.676354,41.706859],[2.676586,41.706824],[2.676794,41.706794],[2.676796,41.706793],[2.67695,41.706766],[2.67702,41.70674],[2.677009,41.706672],[2.676964,41.706346],[2.677084,41.706328],[2.677113,41.706323],[2.677146,41.706322],[2.677179,41.706327],[2.677626,41.706503],[2.677646,41.706514],[2.677811,41.706483],[2.677819,41.706465],[2.677846,41.706421],[2.677915,41.70631],[2.677987,41.706199],[2.678048,41.706112],[2.678109,41.706024],[2.678121,41.705999],[2.678105,41.70587],[2.678104,41.705864],[2.678101,41.705864],[2.678075,41.705838],[2.678009,41.70579],[2.67794,41.705746],[2.677846,41.705689],[2.677753,41.70563],[2.677661,41.705566],[2.677569,41.705503],[2.677524,41.705476],[2.677476,41.705453],[2.677378,41.705412],[2.677277,41.705376],[2.677106,41.705318],[2.676936,41.70526],[2.676855,41.705231],[2.676776,41.705199],[2.676712,41.705164],[2.676652,41.705125],[2.67659,41.70508],[2.676531,41.705032],[2.676453,41.704965],[2.676376,41.704899],[2.676299,41.704833],[2.676222,41.704767],[2.676174,41.704733],[2.676122,41.704702],[2.675983,41.704627],[2.675843,41.704554],[2.675801,41.704532],[2.675759,41.704511],[2.675736,41.704492],[2.675719,41.704469],[2.675708,41.704444],[2.675706,41.704431],[2.675689,41.704343],[2.675688,41.704341],[2.675684,41.704321],[2.675676,41.704304],[2.675672,41.704296],[2.675659,41.704273],[2.675596,41.704188],[2.675538,41.704097],[2.675525,41.704074],[2.675448,41.704044],[2.675401,41.703842],[2.675374,41.703727],[2.67535,41.703652],[2.675332,41.703618],[2.675295,41.70357],[2.675262,41.703523],[2.675261,41.703521],[2.675224,41.703455],[2.675188,41.70339],[2.675141,41.703334],[2.675072,41.703287],[2.675061,41.70328],[2.675003,41.703241],[2.674927,41.703195],[2.674859,41.703155],[2.67485,41.70315],[2.674791,41.703113],[2.674764,41.703094],[2.674739,41.703072],[2.674704,41.703033],[2.674681,41.703002],[2.674659,41.702971],[2.674612,41.70291],[2.674558,41.702847],[2.674538,41.702823],[2.674462,41.702738],[2.674424,41.702699],[2.674411,41.702687],[2.674356,41.702638],[2.674324,41.702614],[2.674274,41.702581],[2.674219,41.702551],[2.674198,41.702541],[2.674187,41.702537],[2.674131,41.70251],[2.674041,41.702472],[2.673927,41.702426],[2.673922,41.702424],[2.67387,41.702405],[2.673811,41.702385],[2.673715,41.702357],[2.673699,41.702352],[2.673619,41.702328],[2.673525,41.702301],[2.67347,41.702284],[2.673431,41.702273],[2.673333,41.702246],[2.673267,41.70223],[2.673233,41.702222],[2.673164,41.702208],[2.673095,41.702205],[2.672989,41.702201],[2.672882,41.702201],[2.672875,41.702201],[2.672797,41.702205],[2.672712,41.702209],[2.67262,41.702207],[2.672612,41.702206],[2.672166,41.702205],[2.67215,41.702207],[2.671989,41.702225],[2.67194,41.702235],[2.671916,41.70224],[2.671749,41.702254],[2.671605,41.702256],[2.671386,41.702209],[2.67138,41.702211],[2.671355,41.702219],[2.671227,41.702257],[2.671222,41.702333],[2.671079,41.702346],[2.671025,41.702384],[2.670997,41.702403],[2.670811,41.70236],[2.670451,41.702225],[2.670146,41.702111],[2.669748,41.701965],[2.669701,41.701948],[2.669425,41.701846],[2.669044,41.701715],[2.668983,41.701695],[2.668966,41.701689],[2.668778,41.701624],[2.668646,41.701579],[2.668529,41.701531],[2.668474,41.701509],[2.668155,41.701378],[2.667879,41.701265],[2.667395,41.701064],[2.667292,41.701136],[2.667292,41.701136],[2.667271,41.701185],[2.667245,41.701245],[2.667331,41.701323],[2.667415,41.701402],[2.667499,41.701482],[2.667566,41.701539],[2.667637,41.701593],[2.667676,41.70162],[2.667716,41.701645],[2.667767,41.701675],[2.667821,41.701702],[2.667904,41.701741],[2.66799,41.701777],[2.668104,41.701824],[2.668216,41.701865],[2.668143,41.701976],[2.668129,41.702058],[2.668117,41.702138],[2.668173,41.702239],[2.668438,41.702355],[2.668437,41.702356],[2.668413,41.702394],[2.668385,41.702438],[2.668329,41.702522],[2.668215,41.70269],[2.668177,41.702681],[2.66807,41.702651],[2.667965,41.702619],[2.667862,41.702582],[2.667811,41.702562],[2.667779,41.70255],[2.667761,41.702542],[2.667739,41.702534],[2.66767,41.702508],[2.667534,41.702451],[2.667401,41.702391],[2.667503,41.702339],[2.667509,41.702331],[2.667515,41.702322],[2.667519,41.702314],[2.667522,41.702305],[2.66752,41.702287],[2.667512,41.702278],[2.667467,41.70225],[2.667421,41.702226],[2.667325,41.702182],[2.667191,41.702125],[2.667057,41.702069],[2.667138,41.701948],[2.667157,41.701917],[2.667139,41.70191],[2.66698,41.701853],[2.666976,41.701861],[2.666965,41.701847],[2.666701,41.701753],[2.666697,41.701752],[2.666408,41.70166],[2.666287,41.701604],[2.66619,41.70163],[2.666106,41.701759],[2.666058,41.701833],[2.666039,41.701866],[2.666013,41.70187],[2.665979,41.70187],[2.665948,41.701865],[2.665916,41.701854],[2.665883,41.701843],[2.665452,41.701693],[2.665155,41.701599],[2.664842,41.701491],[2.664726,41.701448],[2.664702,41.701439],[2.664665,41.701426],[2.66459,41.701398],[2.664584,41.701396],[2.664546,41.701379],[2.664512,41.701358],[2.664482,41.701333],[2.664534,41.701273],[2.664533,41.701174],[2.66453,41.701137],[2.664529,41.701034],[2.664528,41.701001],[2.664534,41.700823],[2.664538,41.700681],[2.664629,41.700665],[2.664656,41.700666],[2.6647,41.700667],[2.664771,41.700674],[2.664819,41.700681],[2.66489,41.700696],[2.664959,41.700717],[2.665011,41.700738],[2.665081,41.700773],[2.665104,41.700789],[2.665132,41.700806],[2.665178,41.700829],[2.665206,41.700836],[2.665239,41.700844],[2.66535,41.700865],[2.665466,41.700885],[2.665582,41.700902],[2.665707,41.700914],[2.665785,41.700918],[2.665805,41.700921],[2.665815,41.700923],[2.665828,41.70093],[2.665827,41.700951],[2.665824,41.701048],[2.665825,41.70113],[2.665826,41.701212],[2.666152,41.70121],[2.666155,41.701138],[2.66615,41.701005],[2.666152,41.700935],[2.666154,41.700924],[2.666168,41.700917],[2.666181,41.700913],[2.666216,41.700912],[2.666319,41.700908],[2.666409,41.700908],[2.66641,41.700859],[2.666413,41.700852],[2.66644,41.700776],[2.666361,41.700745],[2.666352,41.700741],[2.666297,41.700719],[2.666165,41.700675],[2.666034,41.70063],[2.666032,41.70063],[2.665776,41.700561],[2.665871,41.700387],[2.665874,41.700373],[2.665904,41.700252],[2.66601,41.700058],[2.666014,41.700047],[2.666071,41.699877],[2.66615,41.699713],[2.666241,41.699523],[2.666242,41.69952],[2.66643,41.699277],[2.666433,41.699275],[2.666483,41.69923],[2.666607,41.699127],[2.666704,41.69905],[2.666725,41.699033],[2.666899,41.698895],[2.66694,41.698862],[2.667068,41.698738],[2.667236,41.698623],[2.667343,41.69852],[2.667385,41.698485],[2.667696,41.698225],[2.667766,41.698281],[2.667837,41.698249],[2.667838,41.698248],[2.667855,41.698234],[2.667886,41.698208],[2.667886,41.698207],[2.667924,41.698088],[2.668,41.697949],[2.668005,41.69794],[2.668351,41.697711],[2.668375,41.697698],[2.668381,41.697695],[2.668559,41.69756],[2.668513,41.697521],[2.668233,41.697346],[2.66819,41.697316],[2.668173,41.697327],[2.668086,41.697273],[2.667989,41.697212],[2.667876,41.697151],[2.667821,41.697152],[2.667766,41.697158],[2.667713,41.69717],[2.667663,41.697187],[2.667617,41.69721],[2.667578,41.697234],[2.667542,41.697258],[2.667503,41.697293],[2.667502,41.697294],[2.667471,41.697272],[2.667199,41.697459],[2.667197,41.69746],[2.667076,41.697572],[2.666701,41.697828],[2.666526,41.697946],[2.666498,41.697963],[2.666515,41.697969],[2.666532,41.697976],[2.666546,41.697984],[2.666609,41.698026],[2.66652,41.698032],[2.666261,41.698147],[2.666082,41.698283],[2.666002,41.698373],[2.66595,41.698433],[2.665703,41.698642],[2.665697,41.698647],[2.665619,41.698711],[2.665548,41.698794],[2.665499,41.698851],[2.6654,41.698967],[2.66531,41.699096],[2.66524,41.699225],[2.665233,41.699239],[2.665164,41.699385],[2.665147,41.699436],[2.665146,41.6995],[2.665131,41.699558],[2.665105,41.699606],[2.665085,41.699643],[2.665058,41.69969],[2.66503,41.699742],[2.664976,41.699867],[2.66495,41.699917],[2.66495,41.699918],[2.66486,41.700095],[2.664843,41.700127],[2.664761,41.700124],[2.66454,41.700186],[2.664483,41.699915],[2.664473,41.699866],[2.664455,41.69978],[2.664458,41.699698],[2.664468,41.69968],[2.664557,41.699514],[2.664611,41.699414],[2.66464,41.699359],[2.664726,41.699192],[2.664738,41.699169],[2.664805,41.69904],[2.664816,41.699004],[2.664848,41.698894],[2.664896,41.698846],[2.664902,41.69884],[2.665094,41.69873],[2.665099,41.698728],[2.665567,41.698308],[2.665674,41.698439],[2.665993,41.698162],[2.666057,41.698106],[2.666158,41.698026],[2.666168,41.698017],[2.666248,41.697953],[2.66631,41.697903],[2.666342,41.69788],[2.66636,41.697891],[2.666376,41.697872],[2.666401,41.697843],[2.666622,41.697697],[2.666718,41.697622],[2.666874,41.697501],[2.666888,41.697491],[2.667006,41.697401],[2.667061,41.69736],[2.667253,41.697215],[2.667387,41.697111],[2.66752,41.697008],[2.667562,41.696975],[2.667716,41.696859],[2.667612,41.696744],[2.667666,41.696677],[2.667696,41.696643],[2.667755,41.696614],[2.667768,41.696612],[2.667754,41.696601],[2.667706,41.696563],[2.667616,41.696481],[2.667625,41.696467],[2.66764,41.696449],[2.667659,41.696431],[2.667665,41.696426],[2.667666,41.696425],[2.667668,41.696423],[2.667677,41.696417],[2.667679,41.696416],[2.667695,41.696405],[2.667706,41.696398],[2.667723,41.696387],[2.667818,41.696324],[2.66791,41.696265],[2.667979,41.696221],[2.668064,41.696173],[2.668088,41.69616],[2.66827,41.696059],[2.668482,41.696154],[2.668737,41.696262],[2.668836,41.696225],[2.668901,41.696153],[2.66902,41.696031],[2.669072,41.695993],[2.66922,41.695886],[2.669298,41.695835],[2.669345,41.695785],[2.669357,41.695744],[2.669354,41.695737],[2.669346,41.695717],[2.669297,41.695676],[2.669258,41.695642],[2.669205,41.695597],[2.66911,41.695521],[2.669057,41.695486],[2.669015,41.69548],[2.66897,41.695482],[2.668872,41.695512],[2.668678,41.695601],[2.668526,41.695667],[2.668461,41.695651],[2.668411,41.695638],[2.668353,41.69565],[2.66833,41.695628],[2.668314,41.695611],[2.668295,41.695599],[2.668277,41.695587],[2.668249,41.695575],[2.668227,41.695573],[2.668201,41.695574],[2.668119,41.69559],[2.668077,41.6956],[2.668049,41.695608],[2.667971,41.695627],[2.667873,41.695655],[2.667811,41.695675],[2.667806,41.695676],[2.667752,41.695689],[2.667622,41.695726],[2.667583,41.695737],[2.667583,41.695737],[2.667554,41.695745],[2.667475,41.695766],[2.667357,41.695799],[2.667343,41.695807],[2.667333,41.695821],[2.66732,41.695839],[2.6673,41.695854],[2.667275,41.695864],[2.667248,41.695868],[2.66722,41.695867],[2.667194,41.69586],[2.667171,41.695849],[2.667166,41.695844],[2.667114,41.695857],[2.667148,41.695935],[2.667149,41.695937],[2.667179,41.695994],[2.667217,41.696073],[2.667464,41.696005],[2.667498,41.696069],[2.667543,41.696158],[2.667545,41.696165],[2.667593,41.696244],[2.667605,41.696262],[2.667825,41.696216],[2.667826,41.696216],[2.667855,41.696219],[2.667845,41.69623],[2.667833,41.696242],[2.667816,41.696255],[2.667773,41.696285],[2.667737,41.696312],[2.667692,41.696345],[2.667422,41.696522],[2.667341,41.696469],[2.667293,41.696444],[2.667245,41.69643],[2.667191,41.696401],[2.667127,41.696412],[2.667082,41.696412],[2.667037,41.69642],[2.666931,41.696446],[2.666857,41.696478],[2.666737,41.696551],[2.666642,41.696623],[2.666544,41.696689],[2.666375,41.696803],[2.666351,41.696783],[2.666005,41.697029],[2.665947,41.697087],[2.665813,41.697172],[2.66569,41.69725],[2.665626,41.697296],[2.66557,41.697337],[2.665373,41.697438],[2.665215,41.697518],[2.665213,41.697521],[2.665069,41.69767],[2.665067,41.697671],[2.664924,41.697764],[2.66491,41.697774],[2.664801,41.697821],[2.664799,41.697821],[2.664552,41.697808],[2.664401,41.697799],[2.664342,41.697889],[2.664287,41.697972],[2.664172,41.698161],[2.664097,41.698154],[2.66408,41.698193],[2.664307,41.698208],[2.664326,41.698211],[2.66434,41.698215],[2.664352,41.698219],[2.66436,41.698224],[2.664369,41.698228],[2.664303,41.698267],[2.664236,41.698305],[2.664172,41.698345],[2.664147,41.698363],[2.66411,41.698388],[2.664049,41.698434],[2.663992,41.698485],[2.663975,41.698501],[2.664054,41.698519],[2.664025,41.698753],[2.663993,41.698884],[2.663869,41.699154],[2.663746,41.699359],[2.663713,41.699412],[2.663713,41.699413],[2.663529,41.699455],[2.663374,41.699578],[2.663376,41.69958],[2.663393,41.6996],[2.663452,41.699657],[2.663468,41.699677],[2.663446,41.699696],[2.663431,41.699717],[2.663422,41.699741],[2.663421,41.699759],[2.663519,41.699766],[2.663559,41.699794],[2.66353,41.699822],[2.6634,41.699932],[2.6634,41.699932],[2.663316,41.69999],[2.663245,41.700041],[2.663177,41.700093],[2.663122,41.70014],[2.663088,41.700168],[2.663066,41.700181],[2.663047,41.70019],[2.663029,41.700195],[2.662964,41.700203],[2.662886,41.700216],[2.662799,41.700227],[2.662721,41.700237],[2.662645,41.700246],[2.662602,41.700249],[2.662561,41.700247],[2.662512,41.700241],[2.662465,41.700229],[2.662405,41.700208],[2.662351,41.700182],[2.662314,41.700157],[2.662285,41.700129],[2.662274,41.700112],[2.662265,41.700093],[2.662256,41.700065],[2.662248,41.700038],[2.662235,41.699974],[2.662235,41.699953],[2.662239,41.699936],[2.662247,41.699919],[2.662307,41.699938],[2.66243,41.699976],[2.662503,41.699995],[2.662657,41.699766],[2.662682,41.699772],[2.662777,41.699609],[2.662793,41.699581],[2.662959,41.699637],[2.663051,41.69946],[2.663121,41.699301],[2.663216,41.699087],[2.663186,41.699072],[2.663003,41.699018],[2.662889,41.699001],[2.662869,41.698995],[2.662795,41.698979],[2.662823,41.698923],[2.662892,41.69878],[2.66297,41.698628],[2.663049,41.698476],[2.663114,41.698346],[2.663159,41.698246],[2.66317,41.698221],[2.663188,41.698199],[2.663212,41.69818],[2.663241,41.698165],[2.663243,41.698164],[2.663237,41.698099],[2.663205,41.698096],[2.66317,41.698094],[2.663098,41.698087],[2.663003,41.698078],[2.662907,41.698069],[2.662856,41.698065],[2.662804,41.698062],[2.662753,41.698064],[2.6627,41.698072],[2.662665,41.698083],[2.662635,41.698099],[2.662617,41.698113],[2.6626,41.698133],[2.662587,41.698154],[2.662574,41.698193],[2.662568,41.698233],[2.662561,41.698269],[2.662531,41.698368],[2.6625,41.698467],[2.662472,41.698554],[2.662445,41.69864],[2.662439,41.698651],[2.662432,41.698659],[2.662407,41.698677],[2.662371,41.698692],[2.662345,41.698698],[2.662329,41.698702],[2.662329,41.698702],[2.662311,41.698764],[2.662289,41.69884],[2.66247,41.698898],[2.6624,41.699049],[2.662311,41.699189],[2.662293,41.699222],[2.662106,41.699158],[2.662021,41.6993],[2.662142,41.699344],[2.662256,41.699395],[2.662412,41.699451],[2.662405,41.699494],[2.662375,41.699568],[2.662342,41.699615],[2.662306,41.699658],[2.662263,41.699696],[2.662244,41.699708],[2.662239,41.699711],[2.662135,41.69974],[2.662028,41.699759],[2.661981,41.699766],[2.661934,41.699773],[2.661924,41.699775],[2.661914,41.699776],[2.66187,41.699783],[2.661816,41.69979],[2.661785,41.699792],[2.661754,41.699792],[2.661691,41.699787],[2.661643,41.699778],[2.661597,41.699765],[2.661551,41.699746],[2.661509,41.699723],[2.661486,41.699706],[2.661432,41.699655],[2.661384,41.699601],[2.661355,41.699564],[2.661301,41.69949],[2.661248,41.699416],[2.661221,41.699377],[2.661193,41.699337],[2.661178,41.699319],[2.661161,41.699303],[2.661131,41.699277],[2.661108,41.699261],[2.661177,41.699053],[2.661203,41.69896],[2.661218,41.698911],[2.661233,41.698858],[2.661243,41.698842],[2.661306,41.698733],[2.66132,41.698711],[2.661365,41.698632],[2.661442,41.698526],[2.661481,41.698461],[2.661509,41.698465],[2.66154,41.69847],[2.661564,41.698476],[2.661587,41.698483],[2.661609,41.698493],[2.661651,41.698511],[2.661685,41.698529],[2.661766,41.698579],[2.661847,41.698555],[2.661962,41.698451],[2.662112,41.698266],[2.662124,41.698241],[2.662075,41.698219],[2.661885,41.698133],[2.661658,41.698446],[2.661542,41.698415],[2.661451,41.698392],[2.661358,41.698376],[2.661283,41.698368],[2.661207,41.698367],[2.661119,41.698375],[2.661033,41.698388],[2.660962,41.698402],[2.660893,41.698418],[2.660754,41.698446],[2.660623,41.698198],[2.659947,41.698304],[2.65982,41.698037],[2.659798,41.698046],[2.659646,41.698088],[2.659526,41.698121],[2.659539,41.698152],[2.659427,41.698135],[2.659302,41.698115],[2.659272,41.698105],[2.659176,41.698081],[2.659088,41.698065],[2.659,41.698053],[2.658914,41.698046],[2.658828,41.698043],[2.658744,41.698045],[2.65866,41.698049],[2.658572,41.698057],[2.658483,41.698072],[2.658454,41.698081],[2.658428,41.698092],[2.658382,41.698116],[2.658356,41.698131],[2.658333,41.69815],[2.658307,41.698179],[2.658287,41.698209],[2.658271,41.698242],[2.658259,41.698275],[2.658255,41.698299],[2.658255,41.698322],[2.658254,41.698346],[2.658257,41.698379],[2.658258,41.698393],[2.658265,41.698428],[2.658276,41.698464],[2.658289,41.698489],[2.658333,41.698541],[2.658382,41.698586],[2.65844,41.698635],[2.6585,41.698681],[2.658556,41.698721],[2.658612,41.69876],[2.658644,41.698785],[2.658666,41.698816],[2.658645,41.698822],[2.658476,41.698867],[2.65834,41.698883],[2.658278,41.698892],[2.658283,41.6989],[2.658253,41.698896],[2.658187,41.698906],[2.658249,41.699026],[2.658273,41.69909],[2.658273,41.699213],[2.658273,41.699237],[2.658273,41.699248],[2.658266,41.699433],[2.658265,41.699557],[2.658263,41.69962],[2.658269,41.699649],[2.658299,41.699651],[2.658368,41.699654],[2.658437,41.699652],[2.658474,41.699648],[2.658526,41.699638],[2.658601,41.699616],[2.658662,41.699591],[2.658688,41.699576],[2.658716,41.699547],[2.658745,41.699518],[2.658749,41.699513],[2.658765,41.699494],[2.658788,41.699456],[2.658789,41.699452],[2.658807,41.699417],[2.658816,41.699398],[2.658837,41.699382],[2.658863,41.69937],[2.658891,41.699364],[2.658921,41.699363],[2.658923,41.699363],[2.65895,41.699368],[2.65896,41.699371],[2.658998,41.699383],[2.659024,41.699392],[2.659057,41.699402],[2.659089,41.699411],[2.659202,41.699443],[2.659316,41.699475],[2.659361,41.699486],[2.65943,41.699498],[2.6595,41.699507],[2.659556,41.699511],[2.659611,41.699513],[2.659658,41.699513],[2.659705,41.69951],[2.659762,41.699501],[2.659845,41.699488],[2.659938,41.699482],[2.659933,41.699502],[2.659931,41.699602],[2.659933,41.699732],[2.660076,41.69981],[2.66073,41.699732],[2.660857,41.699897],[2.660946,41.700012],[2.660985,41.700063],[2.661047,41.700028],[2.661141,41.700069],[2.661238,41.700104],[2.661338,41.700135],[2.661441,41.700161],[2.661545,41.700181],[2.661581,41.700187],[2.661648,41.700149],[2.661752,41.700233],[2.66186,41.700331],[2.661915,41.700355],[2.661875,41.700388],[2.66182,41.700509],[2.662014,41.700621],[2.662118,41.700652],[2.662124,41.700655],[2.662175,41.700677],[2.662173,41.70068],[2.662208,41.700691],[2.662424,41.700784],[2.662507,41.700835],[2.662654,41.700857],[2.662767,41.700698],[2.662891,41.700741],[2.662979,41.70077],[2.663028,41.700784],[2.663119,41.700939],[2.663143,41.700977],[2.663057,41.701081],[2.663054,41.701093],[2.663042,41.70116],[2.663011,41.7012],[2.662953,41.701266],[2.662943,41.701277],[2.662931,41.701299],[2.662962,41.701307],[2.662993,41.701313],[2.663039,41.701318],[2.663085,41.701318],[2.663146,41.701313],[2.663204,41.701302],[2.663265,41.701283],[2.663288,41.701275],[2.663422,41.701278],[2.663576,41.701282],[2.663399,41.701548],[2.663619,41.701593],[2.663646,41.701599],[2.663686,41.70161],[2.663695,41.701636],[2.663749,41.701651],[2.663978,41.701635],[2.664055,41.701605],[2.664088,41.70159],[2.664137,41.70156],[2.664181,41.701525],[2.664219,41.701487],[2.66425,41.701446],[2.664275,41.701402],[2.664286,41.701379],[2.664435,41.701425],[2.664577,41.701469],[2.664619,41.701482],[2.664621,41.701483],[2.664642,41.701489],[2.664643,41.70149],[2.664662,41.701496],[2.664607,41.701575],[2.664546,41.701661],[2.664578,41.701681],[2.664627,41.701714],[2.664654,41.701757],[2.664394,41.701844],[2.664393,41.701844],[2.664388,41.701851],[2.66435,41.701891],[2.664159,41.701923],[2.664146,41.70197],[2.664086,41.701961],[2.663938,41.701945],[2.663773,41.701933],[2.663674,41.701984],[2.66371,41.702021],[2.663556,41.702128],[2.663443,41.702209],[2.663436,41.702211],[2.663424,41.702212],[2.663401,41.70221],[2.663386,41.702205],[2.663369,41.702198],[2.663318,41.70217],[2.663236,41.702121],[2.663105,41.702046],[2.662971,41.701975],[2.662859,41.701918],[2.6628,41.701893],[2.662739,41.701869],[2.662627,41.701834],[2.662515,41.7018],[2.662422,41.701772],[2.662302,41.701736],[2.66209,41.701673],[2.661956,41.701632],[2.661812,41.701591],[2.661668,41.70155],[2.661565,41.701521],[2.661464,41.701492],[2.661341,41.701453],[2.661218,41.701414],[2.661124,41.701387],[2.661029,41.70136],[2.660932,41.701333],[2.660833,41.70131],[2.660639,41.701272],[2.660446,41.701235],[2.66026,41.701199],[2.660075,41.701163],[2.659869,41.701121],[2.659666,41.701075],[2.659563,41.701048],[2.659459,41.701021],[2.659387,41.701004],[2.659315,41.700988],[2.659242,41.70097],[2.659171,41.70095],[2.659139,41.70094],[2.659108,41.700929],[2.659018,41.700895],[2.65893,41.700858],[2.658821,41.700807],[2.658779,41.700784],[2.658657,41.700803],[2.65864,41.700817],[2.658623,41.70083],[2.658611,41.700843],[2.658584,41.700869],[2.658532,41.700925],[2.658497,41.700971],[2.658453,41.701017],[2.658403,41.701059],[2.658347,41.701097],[2.658184,41.701181],[2.658169,41.701188],[2.658122,41.701213],[2.658027,41.701147],[2.657821,41.701055],[2.657861,41.700999],[2.657793,41.700957],[2.657603,41.700899],[2.657413,41.700841],[2.657356,41.700822],[2.657302,41.700798],[2.657272,41.700778],[2.657259,41.700764],[2.657216,41.700712],[2.657173,41.700661],[2.656937,41.700627],[2.656836,41.700837],[2.65678,41.700957],[2.65678,41.700957],[2.657128,41.701061],[2.657236,41.701099],[2.657334,41.701143],[2.65743,41.701188],[2.657554,41.701259],[2.657613,41.701291],[2.657679,41.701327],[2.657804,41.701391],[2.657842,41.701409],[2.657795,41.701467],[2.6578,41.701469],[2.657809,41.701473],[2.657853,41.701491],[2.657875,41.701504],[2.657887,41.701514],[2.657892,41.701523],[2.657893,41.701535],[2.657807,41.701641],[2.65788,41.701705],[2.657907,41.701756],[2.65801,41.701841],[2.658019,41.701849],[2.658113,41.701878],[2.65812,41.701888],[2.658082,41.701886],[2.658079,41.701918],[2.658144,41.701922],[2.658154,41.701937],[2.658436,41.701942],[2.658614,41.701987],[2.658662,41.702031],[2.658667,41.702035],[2.658695,41.702045],[2.658897,41.702077],[2.658957,41.702092],[2.658993,41.702096],[2.65903,41.702094],[2.659066,41.702087],[2.659099,41.702074],[2.659128,41.702057],[2.659146,41.702041],[2.659248,41.701876],[2.659253,41.701869],[2.659292,41.701868],[2.659332,41.701868],[2.659377,41.701873],[2.659408,41.701877],[2.659435,41.701882],[2.659501,41.701897],[2.659568,41.701912],[2.659695,41.701941],[2.659823,41.701968],[2.659887,41.701979],[2.65995,41.701989],[2.660003,41.702],[2.660082,41.702019],[2.660163,41.702037],[2.660233,41.70205],[2.660303,41.702063],[2.660399,41.702081],[2.660493,41.702102],[2.660577,41.702126],[2.660662,41.702152],[2.660781,41.702185],[2.660898,41.702217],[2.660951,41.702234],[2.661005,41.70225],[2.66144,41.702382],[2.661446,41.702387],[2.661452,41.702385],[2.66173,41.702469],[2.661864,41.702505],[2.66196,41.702532],[2.662028,41.702554],[2.662218,41.702634],[2.662086,41.702761],[2.662369,41.702884],[2.662476,41.702769],[2.662638,41.702853],[2.662904,41.703005],[2.663057,41.703108],[2.6631,41.703146],[2.663119,41.703163],[2.663146,41.703186],[2.663163,41.703199],[2.663215,41.703252],[2.663263,41.703302],[2.663272,41.703315],[2.663278,41.703324],[2.663283,41.703338],[2.663286,41.703349],[2.663112,41.703455],[2.663096,41.703466],[2.663175,41.703625],[2.663193,41.703636],[2.663248,41.703703],[2.663302,41.703788],[2.663369,41.703951],[2.663381,41.703953],[2.663509,41.703993],[2.663649,41.704035],[2.663713,41.704056],[2.663806,41.704089],[2.663899,41.704126],[2.663926,41.704137],[2.663946,41.704147],[2.663959,41.704155],[2.663972,41.704169],[2.663975,41.704177],[2.663975,41.704186],[2.663973,41.704197],[2.663955,41.704279],[2.663935,41.704372],[2.663939,41.70447],[2.66407,41.704583],[2.664098,41.704607],[2.664309,41.704708],[2.664541,41.70482],[2.664569,41.704833],[2.66481,41.704927],[2.664826,41.704933],[2.665025,41.704999],[2.665033,41.704986],[2.665057,41.70495],[2.665118,41.70483],[2.665145,41.704786],[2.665161,41.70479],[2.665149,41.704927],[2.665284,41.704966],[2.665309,41.704977],[2.665334,41.704988],[2.665354,41.704994],[2.665385,41.704998],[2.665401,41.705],[2.665416,41.705004],[2.665429,41.705009],[2.66544,41.705016],[2.665471,41.70505],[2.665502,41.705084],[2.665687,41.705165],[2.665923,41.705199],[2.665903,41.705227],[2.665875,41.705264],[2.665836,41.705326],[2.665797,41.705385],[2.665766,41.705426],[2.665733,41.705468],[2.665702,41.705509],[2.665684,41.70553],[2.665628,41.705509],[2.665526,41.705473],[2.665428,41.705437],[2.665306,41.705396],[2.665233,41.705371],[2.665144,41.705343],[2.665047,41.705314],[2.664928,41.705277],[2.664925,41.705264],[2.664912,41.705246],[2.664892,41.705232],[2.664877,41.705226],[2.664868,41.705222],[2.664841,41.705218],[2.664834,41.705219],[2.664814,41.70522],[2.664793,41.705226],[2.664789,41.705227],[2.664767,41.705239],[2.664756,41.70525],[2.66475,41.705255],[2.664741,41.705274],[2.664738,41.705295],[2.66474,41.705305],[2.664695,41.70531],[2.664697,41.705365],[2.664697,41.705408],[2.664672,41.705436],[2.664647,41.705463],[2.66464,41.705474],[2.664634,41.705495],[2.664638,41.705529],[2.664646,41.705563],[2.664648,41.705577],[2.664656,41.705591],[2.664667,41.7056],[2.66469,41.705613],[2.66473,41.705626],[2.664749,41.705633],[2.664766,41.705642],[2.664802,41.705664],[2.664818,41.705676],[2.664829,41.70569],[2.664837,41.705705],[2.664845,41.705719],[2.664918,41.705773],[2.66492,41.705774],[2.664958,41.7058],[2.665182,41.705919],[2.665178,41.705938],[2.665241,41.705953],[2.665326,41.705973],[2.665367,41.705987],[2.665616,41.706068],[2.666003,41.706169],[2.666033,41.706176],[2.666445,41.706264],[2.666683,41.706335],[2.666693,41.706342],[2.666794,41.706412],[2.666804,41.706412],[2.666802,41.706413],[2.666744,41.706438],[2.666752,41.70645],[2.666624,41.706473],[2.666486,41.7065],[2.666409,41.706516],[2.66638,41.706522],[2.666349,41.706529],[2.666347,41.706529],[2.666212,41.706558],[2.665813,41.706634],[2.665705,41.706597],[2.665276,41.706369],[2.664913,41.706494],[2.664889,41.706508],[2.664859,41.706525],[2.66488,41.706553],[2.664911,41.706606],[2.664935,41.706661],[2.664947,41.706698],[2.664959,41.706742],[2.664963,41.706786],[2.664947,41.706785],[2.664879,41.706775],[2.66481,41.706763],[2.664763,41.706754],[2.664717,41.706742],[2.66464,41.70672],[2.664564,41.706695],[2.664448,41.706653],[2.66433,41.706613],[2.664193,41.706574],[2.664058,41.706535],[2.663986,41.706512],[2.663916,41.706488],[2.663773,41.706441],[2.66363,41.706397],[2.663487,41.706353],[2.663389,41.706321],[2.663291,41.70629],[2.663201,41.706263],[2.663108,41.70624],[2.663043,41.706227],[2.662958,41.706217],[2.662873,41.706213],[2.662766,41.706209],[2.662659,41.706205],[2.662524,41.706198],[2.662134,41.70618],[2.661963,41.70617],[2.661793,41.706158],[2.661711,41.706153],[2.661632,41.706147],[2.661592,41.70614],[2.661554,41.706128],[2.66144,41.706088],[2.661329,41.706049],[2.661241,41.706017],[2.661153,41.705986],[2.661035,41.705945],[2.660918,41.705904],[2.660862,41.705883],[2.660805,41.705861],[2.660702,41.705825],[2.660601,41.705788],[2.660356,41.70569],[2.660111,41.70559],[2.660008,41.705548],[2.659905,41.705506],[2.659836,41.705478],[2.659748,41.70544],[2.659662,41.705401],[2.659559,41.705352],[2.659457,41.705303],[2.65935,41.705252],[2.659242,41.705202],[2.659198,41.705182],[2.659154,41.705163],[2.65914,41.705157],[2.659103,41.705214],[2.659034,41.705319],[2.658869,41.705616],[2.659062,41.705681],[2.659301,41.705761],[2.65954,41.70584],[2.659598,41.705858],[2.659703,41.705884],[2.659863,41.705918],[2.659943,41.705936],[2.660021,41.705958],[2.660096,41.705984],[2.66015,41.706006],[2.660229,41.706043],[2.660307,41.706082],[2.660396,41.706123],[2.660416,41.706135],[2.660438,41.706155],[2.660444,41.706167],[2.660447,41.70618],[2.660449,41.706239],[2.660452,41.706298],[2.660462,41.706313],[2.660594,41.706387],[2.660661,41.706413],[2.66081,41.706422],[2.660951,41.706417],[2.661451,41.706568],[2.661463,41.706569],[2.661718,41.7066],[2.661772,41.706601],[2.662057,41.706603],[2.662294,41.706612],[2.662517,41.706619],[2.66252,41.706619],[2.662767,41.706626],[2.662808,41.706551],[2.662885,41.706377],[2.662929,41.706284],[2.66293,41.706275],[2.66296,41.706272],[2.662987,41.706271],[2.663009,41.706272],[2.66303,41.706274],[2.66309,41.706286],[2.663179,41.706308],[2.663267,41.706334],[2.663364,41.706365],[2.663462,41.706397],[2.66349,41.706405],[2.663605,41.706441],[2.663748,41.706485],[2.66389,41.706532],[2.664033,41.706579],[2.664116,41.706615],[2.663993,41.706744],[2.664149,41.706833],[2.664126,41.706894],[2.664115,41.706936],[2.664091,41.706983],[2.664186,41.707009],[2.664188,41.707004],[2.664258,41.707033],[2.664425,41.70701],[2.664475,41.707004],[2.664595,41.706976],[2.664609,41.706948],[2.664671,41.706944],[2.664771,41.706912],[2.664907,41.706882],[2.664909,41.706834],[2.664991,41.706829],[2.665141,41.706808],[2.66529,41.706778],[2.665489,41.706736],[2.665708,41.706692],[2.666498,41.706533],[2.667296,41.706391],[2.667345,41.706382],[2.667558,41.706364],[2.667569,41.706363],[2.667574,41.70637],[2.667578,41.706378],[2.66758,41.706389],[2.667596,41.70642],[2.667662,41.706445],[2.667666,41.706444],[2.667701,41.70646],[2.667754,41.70648],[2.667816,41.706503],[2.667926,41.706545],[2.667992,41.706575],[2.668142,41.706641],[2.668365,41.706747],[2.668371,41.70675],[2.668453,41.706791],[2.668497,41.706812],[2.668733,41.706916],[2.668921,41.707009],[2.669354,41.707224],[2.669617,41.707356],[2.66967,41.707382],[2.669697,41.707395],[2.669936,41.707514],[2.669979,41.707536],[2.669986,41.707535],[2.670011,41.707531],[2.670029,41.707529],[2.670048,41.707525],[2.670075,41.707515],[2.67011,41.707496],[2.670143,41.707477],[2.670168,41.70746],[2.670192,41.707444],[2.670217,41.707433],[2.670244,41.707428],[2.67027,41.707429],[2.670298,41.707429],[2.670321,41.70743],[2.670333,41.70743],[2.670345,41.707431],[2.670378,41.707428],[2.670424,41.707414],[2.67047,41.707395],[2.670502,41.707377],[2.670531,41.707356],[2.670543,41.707345],[2.670557,41.70733],[2.670783,41.707358],[2.67087,41.707365]]]]}}]}