{"type":"FeatureCollection","name":"ICGC Àrees de poblament - Begur","features":[{"type":"Feature","id":"170139_170139 AP40 BEM 2","properties":{"area_id":"170139_170139 AP40 BEM 2","nom":"Aigua Xelida","codi_icgc":"170139 AP40 BEM 2","categoria":"Àrees de poblament","codi_municipi":"170139","municipi":"Begur","codi_comarca":"10","comarca":"Baix Empordà","provincia":"Girona","font":"ICGC Àrees de poblament v3r1 202602"},"geometry":{"type":"MultiPolygon","coordinates":[[[[3.215617,41.927129],[3.215683,41.927028],[3.215731,41.926919],[3.215683,41.926858],[3.215619,41.926818],[3.215521,41.926753],[3.215432,41.926715],[3.215307,41.926651],[3.21522,41.926636],[3.215031,41.926646],[3.214911,41.926644],[3.214824,41.926636],[3.21465,41.926576],[3.214459,41.926509],[3.214331,41.926487],[3.214254,41.926489],[3.214208,41.926504],[3.214173,41.926531],[3.214124,41.926582],[3.214002,41.92676],[3.213929,41.926855],[3.213896,41.926876],[3.213794,41.926909],[3.213618,41.926938],[3.21336,41.926978],[3.213184,41.926998],[3.213023,41.926996],[3.212801,41.926978],[3.212515,41.926948],[3.212443,41.926953],[3.212239,41.926954],[3.211994,41.926947],[3.211779,41.926932],[3.211598,41.9269],[3.211506,41.926858],[3.211437,41.926774],[3.211375,41.926641],[3.211303,41.926534],[3.211247,41.926494],[3.211193,41.926466],[3.211109,41.926445],[3.211009,41.926436],[3.210836,41.926425],[3.210723,41.926413],[3.210647,41.926387],[3.210537,41.926332],[3.210424,41.926248],[3.210299,41.92617],[3.210243,41.926157],[3.210186,41.926155],[3.210105,41.926157],[3.21001,41.926171],[3.209771,41.926224],[3.209561,41.926263],[3.209426,41.926294],[3.20925,41.92634],[3.209026,41.926378],[3.208883,41.926371],[3.208709,41.926337],[3.208387,41.926259],[3.208103,41.926195],[3.208004,41.926151],[3.20796,41.926098],[3.207852,41.925896],[3.20777,41.92571],[3.20767,41.925624],[3.207512,41.925588],[3.207399,41.925596],[3.207246,41.925638],[3.207129,41.92573],[3.20704,41.925852],[3.206992,41.92598],[3.206965,41.926117],[3.207029,41.926204],[3.206875,41.926535],[3.207196,41.926577],[3.20795,41.926664],[3.208337,41.92672],[3.208917,41.926773],[3.209429,41.926815],[3.209577,41.926812],[3.209755,41.92676],[3.209803,41.926746],[3.210145,41.926642],[3.210601,41.926749],[3.210607,41.926912],[3.210616,41.926919],[3.210678,41.926952],[3.210752,41.926988],[3.210826,41.927023],[3.210872,41.927048],[3.210906,41.927071],[3.210935,41.927098],[3.21094,41.927107],[3.210941,41.927117],[3.210936,41.92714],[3.210928,41.927155],[3.210911,41.927173],[3.210853,41.927214],[3.21079,41.92725],[3.210666,41.927312],[3.210541,41.927371],[3.210426,41.927422],[3.21031,41.927473],[3.21028,41.927487],[3.210253,41.927505],[3.210238,41.927519],[3.210217,41.927548],[3.210198,41.927576],[3.210161,41.927632],[3.210123,41.927687],[3.210103,41.927709],[3.210078,41.92773],[3.210047,41.927754],[3.210015,41.927779],[3.209961,41.927823],[3.209889,41.927869],[3.209859,41.927886],[3.209826,41.927907],[3.209781,41.927928],[3.209761,41.927939],[3.209646,41.928028],[3.209531,41.928117],[3.209477,41.928159],[3.209427,41.928208],[3.209394,41.928243],[3.209361,41.928277],[3.209332,41.928302],[3.209299,41.928324],[3.209222,41.928362],[3.209202,41.92837],[3.20918,41.928376],[3.20913,41.928387],[3.209097,41.928398],[3.209078,41.928408],[3.209036,41.928444],[3.209,41.928482],[3.208957,41.928533],[3.208916,41.928584],[3.208891,41.92862],[3.208868,41.928663],[3.208852,41.928707],[3.208841,41.928741],[3.208831,41.928776],[3.208798,41.928838],[3.208774,41.928883],[3.208759,41.928915],[3.208734,41.928967],[3.208726,41.929028],[3.208718,41.929088],[3.208703,41.929214],[3.208691,41.92934],[3.208678,41.929434],[3.208728,41.929446],[3.208746,41.929503],[3.208751,41.929518],[3.208789,41.929659],[3.20898,41.929695],[3.209092,41.929677],[3.20914,41.92962],[3.209205,41.929541],[3.209261,41.92952],[3.20932,41.929485],[3.209401,41.929438],[3.209485,41.929383],[3.209548,41.929339],[3.20958,41.929317],[3.20964,41.929318],[3.209641,41.929307],[3.209645,41.929292],[3.20965,41.929276],[3.209654,41.929264],[3.209661,41.929251],[3.209675,41.929239],[3.209692,41.929229],[3.209713,41.929219],[3.209735,41.92921],[3.209755,41.929203],[3.209775,41.929196],[3.209794,41.92919],[3.209813,41.929184],[3.209871,41.929176],[3.209921,41.929175],[3.209978,41.929178],[3.210013,41.929182],[3.210039,41.929185],[3.210091,41.929188],[3.210143,41.929191],[3.210265,41.9292],[3.210389,41.929211],[3.210571,41.929224],[3.210753,41.929234],[3.21089,41.929239],[3.211027,41.92924],[3.211151,41.929237],[3.211275,41.929233],[3.211373,41.92923],[3.211436,41.929227],[3.211442,41.929217],[3.211477,41.929224],[3.211533,41.929219],[3.211625,41.929204],[3.211715,41.929184],[3.211802,41.929161],[3.21193,41.929121],[3.212053,41.929073],[3.212206,41.929001],[3.212355,41.928926],[3.212409,41.928895],[3.212461,41.928866],[3.212479,41.928859],[3.212511,41.928855],[3.212546,41.928855],[3.212573,41.928859],[3.212615,41.92887],[3.212655,41.928885],[3.212674,41.928896],[3.212682,41.928903],[3.212716,41.928949],[3.212624,41.929045],[3.212536,41.929182],[3.212942,41.929307],[3.213103,41.929336],[3.213138,41.929383],[3.213333,41.929354],[3.213275,41.929203],[3.213183,41.928978],[3.21329,41.928954],[3.213318,41.928958],[3.213398,41.928976],[3.213593,41.92932],[3.213903,41.92923],[3.213959,41.929179],[3.214058,41.929039],[3.214104,41.92902],[3.214171,41.928986],[3.214208,41.928963],[3.214259,41.928927],[3.214305,41.928884],[3.214338,41.928836],[3.214374,41.928764],[3.214393,41.928731],[3.214416,41.928701],[3.214479,41.928653],[3.214583,41.928713],[3.214606,41.92872],[3.214665,41.928724],[3.214686,41.92872],[3.214698,41.928705],[3.214773,41.928656],[3.214815,41.92861],[3.214844,41.928593],[3.214856,41.928514],[3.214995,41.928524],[3.215192,41.928545],[3.21527,41.928572],[3.215323,41.92859],[3.215384,41.928606],[3.21542,41.928611],[3.215439,41.928611],[3.215457,41.928607],[3.215476,41.928598],[3.2155,41.928581],[3.215518,41.92856],[3.215536,41.928528],[3.215544,41.928511],[3.215555,41.928496],[3.215582,41.928465],[3.215593,41.928453],[3.215631,41.928411],[3.215897,41.92833],[3.216004,41.928297],[3.216089,41.928307],[3.21615,41.928314],[3.216208,41.928309],[3.216265,41.928267],[3.216337,41.928217],[3.216552,41.928293],[3.21662,41.928212],[3.216583,41.9282],[3.21661,41.92816],[3.216565,41.928142],[3.216631,41.928028],[3.216445,41.928004],[3.216376,41.928007],[3.216258,41.928012],[3.216187,41.928117],[3.216138,41.928104],[3.216038,41.928075],[3.215998,41.928066],[3.215992,41.928065],[3.215885,41.927878],[3.215602,41.927947],[3.215651,41.928128],[3.215591,41.928169],[3.21555,41.928203],[3.215519,41.928232],[3.215492,41.928263],[3.215397,41.928145],[3.215101,41.928213],[3.214666,41.928138],[3.214673,41.928357],[3.214658,41.928364],[3.214642,41.928379],[3.214588,41.928438],[3.214535,41.928496],[3.214518,41.928514],[3.2145,41.928533],[3.214148,41.928269],[3.214133,41.928133],[3.214282,41.928115],[3.214372,41.928047],[3.214592,41.927961],[3.214563,41.92789],[3.214788,41.927868],[3.215057,41.927921],[3.215147,41.927813],[3.215381,41.92772],[3.215445,41.927697],[3.215597,41.927647],[3.21553,41.927538],[3.215469,41.927438],[3.215467,41.927391],[3.2158,41.927344],[3.215932,41.927338],[3.21592,41.927277],[3.215916,41.927261],[3.215902,41.927192],[3.215695,41.927189],[3.215641,41.927162],[3.215617,41.927129]]]]}},{"type":"Feature","id":"170139_170139 AP32 BEM 3","properties":{"area_id":"170139_170139 AP32 BEM 3","nom":"Aiguablava","codi_icgc":"170139 AP32 BEM 3","categoria":"Àrees de poblament","codi_municipi":"170139","municipi":"Begur","codi_comarca":"10","comarca":"Baix Empordà","provincia":"Girona","font":"ICGC Àrees de poblament v3r1 202602"},"geometry":{"type":"MultiPolygon","coordinates":[[[[3.216674,41.941345],[3.216951,41.941116],[3.217007,41.941154],[3.217148,41.941043],[3.217168,41.941042],[3.217252,41.94103],[3.217414,41.940994],[3.217422,41.941013],[3.217596,41.940978],[3.217616,41.94104],[3.217649,41.941047],[3.217935,41.940984],[3.217992,41.941],[3.218196,41.940938],[3.218204,41.940918],[3.218226,41.940904],[3.218231,41.940867],[3.218292,41.940829],[3.218319,41.94079],[3.218365,41.94078],[3.218378,41.940753],[3.218398,41.940717],[3.218424,41.940691],[3.218431,41.940638],[3.218338,41.940662],[3.218251,41.940694],[3.218165,41.940669],[3.218061,41.940668],[3.218083,41.940689],[3.217971,41.940725],[3.217971,41.940734],[3.217787,41.940789],[3.217499,41.94064],[3.217592,41.940354],[3.21744,41.940245],[3.217273,41.940256],[3.217128,41.940377],[3.217042,41.940468],[3.216943,41.940439],[3.216882,41.940201],[3.216851,41.940101],[3.217031,41.939931],[3.217151,41.939794],[3.217159,41.93973],[3.217164,41.939624],[3.21712,41.939578],[3.217043,41.939549],[3.216995,41.939537],[3.216802,41.939556],[3.216541,41.939568],[3.216482,41.939565],[3.216436,41.93952],[3.216413,41.939462],[3.216421,41.939383],[3.21647,41.939319],[3.216548,41.93925],[3.216573,41.939244],[3.216421,41.939062],[3.216261,41.939174],[3.216153,41.939249],[3.216154,41.939239],[3.215979,41.939133],[3.215859,41.93907],[3.215465,41.939378],[3.215386,41.93944],[3.215326,41.939453],[3.214886,41.939503],[3.214881,41.93951],[3.214863,41.939495],[3.214792,41.939445],[3.215389,41.938977],[3.215547,41.938864],[3.215655,41.938746],[3.215797,41.938624],[3.215856,41.93857],[3.215749,41.938502],[3.215626,41.938423],[3.215622,41.938399],[3.215543,41.938159],[3.215529,41.938107],[3.215517,41.938056],[3.215397,41.938056],[3.215301,41.938049],[3.215223,41.937584],[3.215194,41.937484],[3.215136,41.937391],[3.214973,41.93727],[3.214791,41.937221],[3.214618,41.937214],[3.214503,41.937185],[3.214455,41.937128],[3.214445,41.937064],[3.214455,41.937007],[3.214478,41.936974],[3.214496,41.936965],[3.214701,41.936943],[3.214695,41.936911],[3.21458,41.936903],[3.214478,41.936888],[3.214413,41.936881],[3.214359,41.936874],[3.214359,41.936861],[3.214334,41.936837],[3.214276,41.936814],[3.214199,41.936806],[3.214195,41.936827],[3.21416,41.936818],[3.214124,41.936809],[3.214098,41.936801],[3.214073,41.936791],[3.214059,41.936785],[3.214045,41.936779],[3.214035,41.936772],[3.214028,41.936764],[3.21402,41.93675],[3.214015,41.936735],[3.214014,41.936723],[3.214011,41.936711],[3.214002,41.936702],[3.213996,41.9367],[3.213998,41.936649],[3.21407,41.936583],[3.214086,41.936518],[3.214029,41.936404],[3.213798,41.93641],[3.213801,41.936398],[3.213817,41.936342],[3.213819,41.936247],[3.213918,41.936286],[3.214006,41.9361],[3.214045,41.936103],[3.214105,41.935863],[3.214066,41.935858],[3.214078,41.935719],[3.214108,41.935713],[3.213915,41.935582],[3.213908,41.935566],[3.213903,41.935548],[3.214033,41.935502],[3.214145,41.935449],[3.214368,41.935431],[3.214473,41.935558],[3.214538,41.935748],[3.214562,41.935802],[3.214634,41.935831],[3.21473,41.935825],[3.214729,41.935766],[3.214849,41.935664],[3.2149,41.935592],[3.215054,41.935642],[3.215406,41.935573],[3.215624,41.935432],[3.2155,41.935391],[3.21547,41.935282],[3.215461,41.935246],[3.215485,41.935238],[3.215546,41.934866],[3.21565,41.93458],[3.21579,41.934321],[3.215805,41.934246],[3.2158,41.93422],[3.215897,41.934],[3.215973,41.933893],[3.216098,41.933835],[3.216232,41.933814],[3.216423,41.933842],[3.216501,41.933796],[3.216834,41.933904],[3.217304,41.933918],[3.217329,41.933929],[3.217486,41.933997],[3.217659,41.934061],[3.217812,41.934097],[3.218023,41.934161],[3.218234,41.934332],[3.21833,41.934403],[3.218445,41.93446],[3.218589,41.934524],[3.218656,41.9346],[3.218686,41.93461],[3.218695,41.934602],[3.218732,41.934565],[3.218809,41.934489],[3.218883,41.934416],[3.219056,41.934246],[3.218827,41.934046],[3.218604,41.933969],[3.218506,41.933883],[3.218441,41.933828],[3.218368,41.933764],[3.218134,41.933599],[3.21799,41.933537],[3.217897,41.933645],[3.217794,41.933764],[3.217714,41.933821],[3.217692,41.933836],[3.217495,41.933797],[3.217342,41.933747],[3.217007,41.933748],[3.216796,41.933727],[3.216336,41.933434],[3.21599,41.933242],[3.215875,41.933328],[3.21589,41.933352],[3.215788,41.933443],[3.215741,41.933452],[3.215707,41.933453],[3.215673,41.933448],[3.215642,41.933437],[3.215616,41.933422],[3.215594,41.933408],[3.215591,41.933405],[3.21536,41.933772],[3.214993,41.934131],[3.215004,41.934166],[3.215027,41.934245],[3.215032,41.934264],[3.215043,41.934303],[3.215058,41.934363],[3.215062,41.934406],[3.215061,41.934447],[3.215059,41.934476],[3.215064,41.934526],[3.215056,41.934562],[3.215048,41.934598],[3.21504,41.934622],[3.215027,41.934645],[3.214992,41.934688],[3.21494,41.934741],[3.214881,41.934789],[3.21485,41.934815],[3.214817,41.934839],[3.214792,41.93485],[3.214776,41.934853],[3.214739,41.934857],[3.214702,41.934861],[3.214673,41.934862],[3.21462,41.934865],[3.214557,41.934861],[3.214461,41.934849],[3.214366,41.934833],[3.214305,41.934819],[3.214233,41.934803],[3.2141,41.934773],[3.213938,41.93474],[3.213775,41.93471],[3.213742,41.934705],[3.213708,41.934704],[3.21364,41.934706],[3.213516,41.934724],[3.213394,41.93475],[3.21326,41.934786],[3.213129,41.934827],[3.213056,41.934851],[3.21298,41.934885],[3.212954,41.934893],[3.212864,41.934931],[3.212785,41.934965],[3.212674,41.935018],[3.212625,41.935045],[3.212581,41.935076],[3.212555,41.9351],[3.212473,41.935184],[3.212391,41.935268],[3.212389,41.93527],[3.212382,41.935276],[3.21215,41.935412],[3.212122,41.93542],[3.212054,41.935438],[3.211985,41.93545],[3.211867,41.935457],[3.211748,41.935459],[3.211633,41.935459],[3.211518,41.935459],[3.211448,41.935466],[3.21138,41.935479],[3.211341,41.93549],[3.211305,41.935505],[3.211282,41.935517],[3.211248,41.935544],[3.211221,41.935574],[3.211206,41.935595],[3.211162,41.935667],[3.211116,41.935738],[3.211073,41.935795],[3.211024,41.935849],[3.210993,41.935875],[3.21096,41.935899],[3.210889,41.935943],[3.210824,41.935979],[3.210757,41.936013],[3.21071,41.936033],[3.210669,41.936047],[3.210627,41.936059],[3.210542,41.936077],[3.210538,41.936077],[3.210483,41.936084],[3.210384,41.936091],[3.210283,41.936095],[3.210163,41.936097],[3.210043,41.936099],[3.20995,41.936106],[3.209856,41.93612],[3.209805,41.936134],[3.209758,41.936156],[3.209729,41.936174],[3.209687,41.936212],[3.209651,41.936253],[3.209625,41.936286],[3.209603,41.936321],[3.209591,41.936346],[3.209588,41.93636],[3.209408,41.936472],[3.209375,41.936469],[3.209349,41.93647],[3.209323,41.936471],[3.209164,41.936495],[3.209004,41.936521],[3.209,41.936521],[3.20891,41.936537],[3.20882,41.936556],[3.208749,41.93658],[3.208646,41.936625],[3.208544,41.936673],[3.208403,41.936747],[3.208318,41.936791],[3.208395,41.936878],[3.208615,41.937123],[3.208825,41.937339],[3.208885,41.937334],[3.208933,41.937329],[3.20894,41.937328],[3.208961,41.937326],[3.208988,41.937324],[3.209,41.937324],[3.209041,41.937326],[3.209081,41.937336],[3.20911,41.937349],[3.209127,41.937366],[3.209135,41.937384],[3.209135,41.937414],[3.209125,41.937477],[3.209116,41.937526],[3.209114,41.937539],[3.209099,41.937607],[3.209092,41.937642],[3.209089,41.937653],[3.209066,41.937767],[3.209063,41.937811],[3.20907,41.937855],[3.209079,41.937885],[3.209094,41.937924],[3.209123,41.937968],[3.20916,41.938008],[3.2092,41.938046],[3.209241,41.938084],[3.2093,41.938122],[3.209337,41.938142],[3.209424,41.938194],[3.209523,41.938252],[3.209579,41.938293],[3.209627,41.938338],[3.209671,41.938384],[3.209698,41.938414],[3.20972,41.938424],[3.209745,41.938428],[3.20977,41.938427],[3.209793,41.93842],[3.209813,41.938408],[3.209825,41.938395],[3.209828,41.938362],[3.209833,41.938264],[3.209833,41.938165],[3.209832,41.938087],[3.209838,41.937969],[3.209842,41.937912],[3.209849,41.93785],[3.209861,41.937711],[3.209865,41.937639],[3.209866,41.937606],[3.209868,41.937568],[3.209869,41.937559],[3.209873,41.937526],[3.209877,41.937498],[3.209892,41.937428],[3.209906,41.937363],[3.209921,41.937298],[3.209941,41.937215],[3.20995,41.937174],[3.20996,41.937132],[3.20997,41.937093],[3.209975,41.937053],[3.209976,41.937026],[3.209976,41.936999],[3.209977,41.936975],[3.210059,41.93683],[3.210069,41.936816],[3.210075,41.936803],[3.210084,41.93679],[3.210096,41.936778],[3.210109,41.936767],[3.210124,41.936756],[3.210141,41.936745],[3.210158,41.936734],[3.210177,41.936723],[3.210197,41.936711],[3.210237,41.936692],[3.21029,41.936668],[3.210344,41.936646],[3.210388,41.936631],[3.210433,41.936619],[3.210473,41.93661],[3.210514,41.936603],[3.210571,41.936594],[3.210628,41.936587],[3.210697,41.936583],[3.210768,41.936578],[3.210868,41.936572],[3.210968,41.936565],[3.211043,41.93656],[3.211045,41.936582],[3.211065,41.936869],[3.211071,41.936926],[3.211578,41.936925],[3.211589,41.936925],[3.211638,41.936539],[3.211637,41.936515],[3.211646,41.936514],[3.211614,41.93648],[3.211582,41.936447],[3.211436,41.936468],[3.211022,41.936492],[3.211013,41.936409],[3.210949,41.93629],[3.210931,41.936237],[3.210933,41.936195],[3.210937,41.936101],[3.210992,41.936137],[3.211068,41.936133],[3.211072,41.936079],[3.211149,41.936067],[3.211148,41.936026],[3.211231,41.936011],[3.211317,41.935937],[3.211415,41.935853],[3.211437,41.93583],[3.211453,41.935806],[3.21148,41.935756],[3.211504,41.935725],[3.211548,41.935682],[3.211619,41.935629],[3.211929,41.935637],[3.212043,41.935664],[3.212147,41.935602],[3.212272,41.935629],[3.212317,41.935597],[3.212516,41.935535],[3.212733,41.935631],[3.212851,41.935684],[3.213116,41.93555],[3.213265,41.935561],[3.213361,41.935581],[3.213364,41.935579],[3.213375,41.935731],[3.213283,41.935897],[3.21323,41.936113],[3.213239,41.936166],[3.213239,41.936399],[3.21324,41.93644],[3.21324,41.9365],[3.213256,41.936548],[3.213282,41.93663],[3.213416,41.936643],[3.213448,41.936768],[3.213664,41.936791],[3.213728,41.936952],[3.213801,41.936992],[3.214069,41.937108],[3.214129,41.937175],[3.214139,41.937184],[3.214149,41.937194],[3.21417,41.937212],[3.214187,41.937224],[3.214206,41.937235],[3.214249,41.937251],[3.214288,41.937263],[3.214328,41.937269],[3.214375,41.937272],[3.214421,41.937274],[3.214517,41.937277],[3.214537,41.937493],[3.214001,41.937501],[3.214001,41.937635],[3.214075,41.937645],[3.214066,41.937684],[3.214019,41.937938],[3.214007,41.937984],[3.214002,41.938008],[3.214005,41.938008],[3.214,41.938035],[3.214033,41.938038],[3.214158,41.938047],[3.214587,41.938079],[3.214435,41.93838],[3.214263,41.938652],[3.214303,41.938895],[3.213893,41.93877],[3.213859,41.938785],[3.213701,41.93885],[3.213599,41.938872],[3.213441,41.938555],[3.213429,41.938531],[3.212886,41.938504],[3.21263,41.938639],[3.212718,41.938778],[3.212638,41.938878],[3.212686,41.9389],[3.212652,41.938943],[3.212719,41.938989],[3.212761,41.939258],[3.212556,41.939433],[3.212501,41.939467],[3.212524,41.939487],[3.212445,41.939536],[3.212533,41.939616],[3.212617,41.939564],[3.212786,41.939686],[3.212799,41.939682],[3.212721,41.939718],[3.212529,41.939776],[3.212367,41.939833],[3.212329,41.939855],[3.212348,41.939908],[3.212589,41.940287],[3.212789,41.940218],[3.212818,41.940245],[3.213097,41.940168],[3.213179,41.940155],[3.213478,41.940108],[3.213523,41.940111],[3.213649,41.939975],[3.213797,41.939809],[3.214119,41.939925],[3.214429,41.940041],[3.214664,41.940132],[3.214715,41.94008],[3.214823,41.940127],[3.215082,41.940236],[3.215181,41.940281],[3.215242,41.940319],[3.21537,41.940457],[3.215438,41.940529],[3.215543,41.9406],[3.215652,41.94069],[3.215687,41.940705],[3.215713,41.940755],[3.215818,41.940821],[3.21578,41.940857],[3.215583,41.940979],[3.21558,41.940994],[3.216439,41.941321],[3.21654,41.94133],[3.216674,41.941345]]]]}},{"type":"Feature","id":"170139_170139 AP41 BEM 3","properties":{"area_id":"170139_170139 AP41 BEM 3","nom":"Aiguafreda","codi_icgc":"170139 AP41 BEM 3","categoria":"Àrees de poblament","codi_municipi":"170139","municipi":"Begur","codi_comarca":"10","comarca":"Baix Empordà","provincia":"Girona","font":"ICGC Àrees de poblament v3r1 202602"},"geometry":{"type":"MultiPolygon","coordinates":[[[[3.222103,41.965124],[3.221969,41.965084],[3.221671,41.965328],[3.221998,41.965534],[3.222132,41.965648],[3.222248,41.965834],[3.222354,41.965927],[3.222421,41.965998],[3.222562,41.965947],[3.222778,41.965831],[3.222767,41.965823],[3.222715,41.965775],[3.222671,41.965722],[3.222625,41.965657],[3.222617,41.965646],[3.22263,41.96564],[3.222601,41.965622],[3.222579,41.965589],[3.222543,41.965545],[3.222448,41.965445],[3.222351,41.965349],[3.222283,41.965286],[3.22218,41.965195],[3.222103,41.965124]]],[[[3.225109,41.968513],[3.225128,41.968433],[3.225146,41.968349],[3.225155,41.968299],[3.225155,41.968236],[3.225148,41.968206],[3.225138,41.968177],[3.225128,41.968153],[3.225227,41.968129],[3.225537,41.968091],[3.225634,41.968029],[3.225677,41.968058],[3.225719,41.968084],[3.225729,41.968088],[3.225765,41.968105],[3.225814,41.968122],[3.225867,41.968133],[3.225896,41.968136],[3.225921,41.968138],[3.225979,41.968138],[3.226016,41.968137],[3.22605,41.968132],[3.226096,41.968117],[3.226122,41.968105],[3.226147,41.968089],[3.226184,41.968053],[3.226206,41.968025],[3.22622,41.968001],[3.22623,41.967967],[3.22623,41.967946],[3.226225,41.967926],[3.226186,41.967847],[3.226152,41.967791],[3.226098,41.96771],[3.226041,41.96763],[3.225981,41.96755],[3.225958,41.967524],[3.226216,41.967306],[3.226257,41.967348],[3.226419,41.967281],[3.226509,41.967284],[3.226542,41.967311],[3.226575,41.967339],[3.226603,41.967356],[3.226652,41.967376],[3.226717,41.967404],[3.22681,41.967406],[3.22687,41.967398],[3.226982,41.967382],[3.227113,41.967353],[3.22717,41.967393],[3.227314,41.967455],[3.227426,41.967531],[3.227535,41.967616],[3.22766,41.9677],[3.227801,41.967778],[3.227929,41.967844],[3.227996,41.967887],[3.228116,41.967934],[3.22815,41.967934],[3.228195,41.967877],[3.228258,41.967801],[3.22819,41.967764],[3.228101,41.967717],[3.228153,41.967658],[3.228185,41.967614],[3.227903,41.967271],[3.227901,41.967255],[3.227899,41.967246],[3.227895,41.967238],[3.227886,41.967227],[3.227813,41.967151],[3.227784,41.967127],[3.22775,41.967107],[3.227682,41.967074],[3.22765,41.967062],[3.227614,41.967053],[3.227647,41.966963],[3.227655,41.966939],[3.22766,41.966936],[3.227657,41.966933],[3.227664,41.966916],[3.227717,41.966888],[3.227686,41.966854],[3.227699,41.966816],[3.227725,41.966761],[3.227909,41.966648],[3.22796,41.966701],[3.22808,41.96666],[3.228424,41.966559],[3.228603,41.96649],[3.228736,41.966393],[3.228729,41.966334],[3.22872,41.966237],[3.228717,41.96621],[3.228695,41.966184],[3.228709,41.966136],[3.228713,41.966121],[3.228747,41.965968],[3.22878,41.965821],[3.228815,41.9657],[3.228686,41.965696],[3.228558,41.965692],[3.228519,41.965694],[3.228482,41.965702],[3.228457,41.96571],[3.228425,41.965724],[3.228327,41.965773],[3.228306,41.965784],[3.228233,41.965823],[3.22805,41.965928],[3.227895,41.96602],[3.22774,41.966113],[3.227652,41.966163],[3.227559,41.966209],[3.227493,41.966234],[3.227453,41.966246],[3.227321,41.96628],[3.227305,41.966284],[3.22727,41.966293],[3.227252,41.966302],[3.227218,41.966316],[3.227165,41.966332],[3.227147,41.966335],[3.227106,41.966339],[3.227084,41.966342],[3.226967,41.966251],[3.226939,41.966241],[3.226886,41.966212],[3.226808,41.966159],[3.226766,41.966131],[3.226719,41.966104],[3.226725,41.965961],[3.226757,41.965861],[3.22675,41.965746],[3.22673,41.965618],[3.226742,41.965508],[3.22678,41.965394],[3.226793,41.965336],[3.226799,41.965293],[3.226829,41.96507],[3.226642,41.965032],[3.226641,41.964867],[3.226937,41.964719],[3.226932,41.964719],[3.22684,41.964592],[3.22674,41.964451],[3.226743,41.964434],[3.226747,41.964409],[3.226755,41.964396],[3.226742,41.964394],[3.226755,41.96437],[3.2268,41.964155],[3.226918,41.964009],[3.227095,41.963804],[3.227443,41.963656],[3.227694,41.963554],[3.227773,41.963453],[3.227867,41.963297],[3.227894,41.963248],[3.227876,41.96324],[3.227666,41.963144],[3.227539,41.963073],[3.227362,41.96298],[3.22735,41.962962],[3.227348,41.962972],[3.227332,41.963045],[3.227317,41.963117],[3.227303,41.963166],[3.227272,41.963239],[3.227253,41.963274],[3.227079,41.963491],[3.226982,41.963483],[3.226965,41.963482],[3.226952,41.963468],[3.226856,41.963425],[3.226741,41.963406],[3.22669,41.963411],[3.226545,41.963343],[3.226518,41.96333],[3.22652,41.963327],[3.226459,41.963302],[3.226447,41.963297],[3.226465,41.963296],[3.2265,41.963261],[3.226556,41.963198],[3.226594,41.96315],[3.226615,41.963121],[3.22662,41.963113],[3.226651,41.963056],[3.226663,41.963028],[3.226671,41.962999],[3.22671,41.962818],[3.226748,41.962636],[3.226751,41.962624],[3.22678,41.962493],[3.226814,41.962349],[3.226817,41.962338],[3.22683,41.962303],[3.226849,41.962263],[3.226888,41.962197],[3.226964,41.962095],[3.226982,41.962072],[3.226767,41.962043],[3.226653,41.962028],[3.226611,41.962022],[3.226563,41.962015],[3.226444,41.961998],[3.22635,41.962226],[3.226346,41.962236],[3.226246,41.962485],[3.226163,41.96269],[3.226148,41.962721],[3.226085,41.962895],[3.226168,41.962912],[3.226039,41.963231],[3.225971,41.96344],[3.225963,41.963469],[3.225952,41.96348],[3.225887,41.963544],[3.225844,41.96357],[3.22594,41.963647],[3.225872,41.963771],[3.22586,41.963811],[3.225888,41.963865],[3.225989,41.963949],[3.226035,41.963969],[3.22607,41.964032],[3.226041,41.964143],[3.226046,41.964148],[3.2261,41.964204],[3.226083,41.964241],[3.226077,41.964257],[3.226075,41.964282],[3.226079,41.964295],[3.226085,41.964307],[3.2261,41.964321],[3.22611,41.964326],[3.22612,41.964328],[3.22615,41.964331],[3.22618,41.964333],[3.226178,41.964343],[3.226214,41.964346],[3.226204,41.964401],[3.226001,41.964492],[3.225984,41.964507],[3.225903,41.964547],[3.22586,41.964607],[3.225825,41.964656],[3.225812,41.964675],[3.2258,41.964693],[3.225827,41.964773],[3.225814,41.964809],[3.225783,41.964924],[3.226045,41.965004],[3.226115,41.965061],[3.226141,41.965176],[3.226129,41.965247],[3.226078,41.965347],[3.225861,41.9654],[3.225765,41.96531],[3.225675,41.965243],[3.225566,41.965196],[3.225413,41.965115],[3.225101,41.96492],[3.224886,41.96512],[3.224889,41.965135],[3.224803,41.96526],[3.224745,41.965317],[3.224732,41.965329],[3.224682,41.965378],[3.224501,41.965256],[3.224365,41.965167],[3.224226,41.965075],[3.224201,41.965052],[3.224181,41.96503],[3.224179,41.965027],[3.224164,41.965005],[3.2238,41.965105],[3.223761,41.965116],[3.223562,41.9652],[3.223535,41.965224],[3.223473,41.96528],[3.223304,41.965338],[3.223114,41.965422],[3.223166,41.965553],[3.223365,41.965829],[3.223654,41.966072],[3.223967,41.966214],[3.223783,41.966407],[3.223711,41.96649],[3.223714,41.966491],[3.223664,41.966544],[3.223587,41.966626],[3.22352,41.966687],[3.223631,41.96688],[3.223815,41.966814],[3.223917,41.966778],[3.223934,41.966827],[3.223952,41.966867],[3.223971,41.966898],[3.224005,41.966939],[3.224048,41.966978],[3.224111,41.967018],[3.224206,41.96707],[3.224298,41.967122],[3.224389,41.967176],[3.224427,41.967206],[3.224442,41.96722],[3.224454,41.967236],[3.224541,41.96739],[3.224628,41.967546],[3.224707,41.967683],[3.22475,41.96775],[3.224796,41.967817],[3.224843,41.96788],[3.224891,41.967942],[3.224939,41.968007],[3.224987,41.968072],[3.225002,41.968094],[3.224787,41.968146],[3.224777,41.968215],[3.224601,41.968264],[3.224589,41.968319],[3.22462,41.968323],[3.224614,41.96835],[3.224701,41.96836],[3.224708,41.968392],[3.224694,41.968445],[3.224478,41.968509],[3.22447,41.968499],[3.224421,41.968529],[3.224445,41.968559],[3.224499,41.968619],[3.224548,41.968666],[3.224601,41.96871],[3.224641,41.968738],[3.224702,41.968771],[3.224732,41.96878],[3.224762,41.968785],[3.224788,41.968786],[3.224804,41.968786],[3.224828,41.968786],[3.224853,41.968785],[3.224886,41.968785],[3.224923,41.968781],[3.224949,41.968773],[3.22498,41.968757],[3.225006,41.968739],[3.225031,41.968718],[3.225054,41.968694],[3.22507,41.968668],[3.225087,41.96863],[3.225096,41.968591],[3.225103,41.968552],[3.225109,41.968513]]]]}},{"type":"Feature","id":"170139_170139 AP01 BEM 3","properties":{"area_id":"170139_170139 AP01 BEM 3","nom":"Begur","codi_icgc":"170139 AP01 BEM 3","categoria":"Àrees de poblament","codi_municipi":"170139","municipi":"Begur","codi_comarca":"10","comarca":"Baix Empordà","provincia":"Girona","font":"ICGC Àrees de poblament v3r1 202602"},"geometry":{"type":"MultiPolygon","coordinates":[[[[3.20271,41.952563],[3.202718,41.952576],[3.202733,41.95259],[3.202748,41.9526],[3.202828,41.952643],[3.202877,41.952657],[3.202911,41.952666],[3.202968,41.952687],[3.20302,41.952732],[3.203037,41.952751],[3.203069,41.952755],[3.203284,41.952779],[3.20344,41.952775],[3.203552,41.952748],[3.203691,41.952697],[3.20379,41.952763],[3.203801,41.952756],[3.203807,41.952752],[3.203847,41.952732],[3.203978,41.952694],[3.204055,41.952673],[3.203995,41.952772],[3.203658,41.953324],[3.203754,41.953353],[3.204097,41.953464],[3.204187,41.953494],[3.20425,41.953513],[3.204242,41.953573],[3.204226,41.953637],[3.20453,41.953726],[3.204538,41.953728],[3.204631,41.953812],[3.204656,41.953838],[3.204682,41.953864],[3.204696,41.953883],[3.204726,41.953943],[3.204748,41.954004],[3.204763,41.954058],[3.20477,41.954112],[3.204766,41.954148],[3.204755,41.954183],[3.204738,41.954217],[3.204716,41.954254],[3.204695,41.954291],[3.204695,41.954315],[3.20469,41.954324],[3.204644,41.954327],[3.204586,41.95437],[3.204497,41.954456],[3.204418,41.954595],[3.204348,41.954718],[3.204326,41.954749],[3.204319,41.95493],[3.204331,41.954997],[3.204382,41.955282],[3.20445,41.955501],[3.20445,41.955502],[3.204468,41.955563],[3.204525,41.955605],[3.204678,41.955701],[3.20476,41.955712],[3.204801,41.955717],[3.204978,41.955735],[3.205139,41.955737],[3.205306,41.955769],[3.205417,41.955815],[3.205524,41.955898],[3.205547,41.955935],[3.205553,41.955946],[3.20556,41.955959],[3.205569,41.955978],[3.205578,41.955994],[3.205563,41.956003],[3.205564,41.956217],[3.205559,41.956239],[3.205546,41.95628],[3.205542,41.956292],[3.205523,41.956343],[3.205523,41.956344],[3.205513,41.956372],[3.205469,41.956526],[3.205473,41.956571],[3.205475,41.956595],[3.205483,41.95661],[3.205565,41.956768],[3.205636,41.95687],[3.205713,41.956898],[3.206094,41.957063],[3.206053,41.957171],[3.206052,41.957397],[3.206084,41.957754],[3.206086,41.957777],[3.20609,41.957788],[3.206105,41.957848],[3.206123,41.957908],[3.206171,41.958043],[3.206218,41.958178],[3.206219,41.958177],[3.206471,41.958174],[3.206688,41.958203],[3.206858,41.958257],[3.206964,41.958313],[3.207126,41.958359],[3.207617,41.958499],[3.207541,41.95864],[3.207446,41.958745],[3.207334,41.958831],[3.20732,41.958839],[3.207308,41.958849],[3.207299,41.95886],[3.207291,41.958872],[3.207287,41.958885],[3.207285,41.958898],[3.207286,41.958911],[3.20729,41.958924],[3.207297,41.958936],[3.207306,41.958947],[3.207317,41.958957],[3.207331,41.958965],[3.207496,41.959031],[3.207414,41.959042],[3.207406,41.959043],[3.207352,41.959044],[3.207335,41.95905],[3.207312,41.959058],[3.207299,41.959062],[3.207062,41.959192],[3.207189,41.959272],[3.207373,41.959394],[3.207629,41.959489],[3.207701,41.959471],[3.207808,41.959411],[3.207876,41.959352],[3.208028,41.959506],[3.208176,41.959676],[3.208277,41.959899],[3.208385,41.960128],[3.208484,41.960273],[3.20851,41.960276],[3.208525,41.960282],[3.208592,41.960325],[3.208659,41.960368],[3.20877,41.960436],[3.208881,41.960503],[3.208916,41.960511],[3.209017,41.960531],[3.209104,41.960537],[3.209284,41.960528],[3.209458,41.960526],[3.20956,41.960549],[3.209679,41.960616],[3.209686,41.960613],[3.209689,41.960611],[3.209707,41.960604],[3.2097,41.960582],[3.209692,41.960559],[3.209631,41.960449],[3.209544,41.960289],[3.20969,41.960341],[3.209768,41.960388],[3.209816,41.960417],[3.209936,41.960486],[3.209946,41.960477],[3.209985,41.960444],[3.21005,41.960291],[3.210091,41.96023],[3.210091,41.96019],[3.210007,41.960156],[3.20996,41.960099],[3.20993,41.960032],[3.209886,41.959873],[3.209856,41.959758],[3.209795,41.959702],[3.209739,41.95966],[3.209738,41.959637],[3.209738,41.959637],[3.209728,41.959604],[3.209666,41.959487],[3.209603,41.95937],[3.209508,41.959183],[3.209417,41.958992],[3.209389,41.958925],[3.209354,41.958824],[3.209324,41.958723],[3.20932,41.958699],[3.20932,41.95868],[3.209324,41.958667],[3.209334,41.958646],[3.209354,41.958626],[3.209381,41.958614],[3.209425,41.958603],[3.209469,41.958597],[3.209593,41.958587],[3.209654,41.958585],[3.209716,41.958587],[3.209779,41.958594],[3.209872,41.95861],[3.209964,41.958631],[3.210043,41.958654],[3.210159,41.958693],[3.210218,41.958711],[3.210279,41.958724],[3.210307,41.958728],[3.210331,41.958685],[3.210335,41.958678],[3.21033,41.958635],[3.210327,41.958609],[3.210264,41.958359],[3.210262,41.958351],[3.21008,41.958297],[3.210063,41.958141],[3.210028,41.957929],[3.210024,41.957906],[3.210021,41.957888],[3.210017,41.957866],[3.210014,41.957849],[3.210115,41.957816],[3.210459,41.957704],[3.210813,41.957592],[3.211258,41.957448],[3.211545,41.957369],[3.211637,41.957505],[3.211685,41.957623],[3.211705,41.957644],[3.211743,41.957683],[3.211815,41.95768],[3.211896,41.957615],[3.212087,41.95744],[3.212158,41.957368],[3.212311,41.957196],[3.212402,41.957071],[3.21243,41.956967],[3.212415,41.956903],[3.212253,41.956867],[3.212086,41.956846],[3.211958,41.956829],[3.211961,41.956813],[3.211961,41.956807],[3.211943,41.956794],[3.211961,41.956794],[3.211962,41.956759],[3.211956,41.956706],[3.211946,41.95667],[3.21193,41.956628],[3.211923,41.956613],[3.21191,41.956588],[3.211894,41.956562],[3.211878,41.956539],[3.211861,41.956516],[3.211839,41.95649],[3.211793,41.956448],[3.21177,41.956431],[3.211736,41.95641],[3.211723,41.956403],[3.211666,41.956373],[3.211625,41.956355],[3.211618,41.956352],[3.211549,41.956326],[3.211464,41.9563],[3.211378,41.956275],[3.211204,41.956225],[3.210872,41.956103],[3.210789,41.956054],[3.210779,41.956058],[3.210587,41.955891],[3.210547,41.955839],[3.210492,41.955765],[3.210458,41.955727],[3.210405,41.95564],[3.210396,41.955619],[3.210338,41.955524],[3.210322,41.955501],[3.210254,41.95539],[3.210205,41.955302],[3.210159,41.955214],[3.210146,41.955185],[3.210132,41.955153],[3.210114,41.955096],[3.210106,41.95507],[3.210092,41.954988],[3.210092,41.954985],[3.210085,41.954941],[3.210076,41.954897],[3.210071,41.954778],[3.210069,41.954655],[3.21006,41.954639],[3.210054,41.954607],[3.210046,41.954491],[3.210069,41.95449],[3.210064,41.954413],[3.210055,41.954414],[3.210066,41.954377],[3.210072,41.954331],[3.210082,41.954285],[3.210098,41.95424],[3.210118,41.954196],[3.210144,41.954153],[3.210174,41.954113],[3.210207,41.954073],[3.210214,41.954066],[3.210219,41.954058],[3.210227,41.954049],[3.210216,41.95404],[3.210196,41.954021],[3.210066,41.953902],[3.210201,41.953805],[3.210302,41.953693],[3.210363,41.953593],[3.210359,41.953411],[3.210325,41.953334],[3.210393,41.953321],[3.210448,41.953313],[3.210509,41.95331],[3.21056,41.953312],[3.21057,41.953312],[3.21063,41.95332],[3.210689,41.953333],[3.210732,41.953348],[3.210745,41.953352],[3.210768,41.953363],[3.21079,41.953373],[3.210796,41.953376],[3.210797,41.953376],[3.21085,41.953407],[3.210884,41.953431],[3.210934,41.953471],[3.210943,41.953478],[3.210999,41.953452],[3.211085,41.95342],[3.211113,41.953412],[3.211016,41.953075],[3.211082,41.952965],[3.211154,41.952846],[3.211209,41.952863],[3.21151,41.952686],[3.211557,41.952754],[3.211871,41.952631],[3.21198,41.952716],[3.212089,41.952639],[3.212014,41.952575],[3.212072,41.952552],[3.212323,41.952714],[3.212401,41.952737],[3.21243,41.952745],[3.212441,41.952745],[3.212468,41.952745],[3.212499,41.952734],[3.212577,41.952649],[3.212584,41.952641],[3.212753,41.952592],[3.212905,41.952535],[3.212801,41.952399],[3.212569,41.952482],[3.212357,41.952357],[3.212466,41.952303],[3.212348,41.952186],[3.212335,41.952192],[3.212237,41.95223],[3.212064,41.952059],[3.211918,41.952128],[3.211813,41.952178],[3.211805,41.952166],[3.21177,41.952127],[3.211505,41.951817],[3.211333,41.951976],[3.211327,41.951973],[3.21131,41.951934],[3.211281,41.951865],[3.211213,41.951773],[3.211322,41.951721],[3.211478,41.951569],[3.211441,41.951529],[3.211394,41.951479],[3.211342,41.951422],[3.21129,41.951365],[3.211336,41.951324],[3.211422,41.951257],[3.211538,41.95117],[3.211654,41.951085],[3.211723,41.951036],[3.211795,41.95099],[3.211844,41.950963],[3.211898,41.950943],[3.211956,41.950927],[3.212079,41.950899],[3.212203,41.950871],[3.212412,41.951101],[3.212553,41.951048],[3.212757,41.950986],[3.212562,41.950774],[3.212601,41.950758],[3.212668,41.950725],[3.212702,41.950702],[3.212732,41.950678],[3.212784,41.950629],[3.212814,41.950593],[3.21285,41.950544],[3.21287,41.950515],[3.212889,41.950485],[3.212923,41.950425],[3.212928,41.950411],[3.212941,41.950383],[3.212957,41.950325],[3.212965,41.950253],[3.212966,41.950182],[3.212962,41.950134],[3.21295,41.950048],[3.212934,41.949961],[3.212925,41.949933],[3.212917,41.949904],[3.212863,41.949766],[3.212803,41.949631],[3.212733,41.949483],[3.212664,41.949335],[3.212604,41.949201],[3.212353,41.948701],[3.21232,41.948517],[3.211614,41.948472],[3.211641,41.948636],[3.21165,41.948659],[3.211862,41.949218],[3.211936,41.949413],[3.21197,41.949472],[3.211994,41.94954],[3.212018,41.949608],[3.212047,41.949695],[3.212095,41.94985],[3.212104,41.949885],[3.21211,41.949922],[3.212111,41.949956],[3.211885,41.949977],[3.211597,41.950041],[3.211525,41.949764],[3.211058,41.94984],[3.211087,41.950048],[3.211111,41.950209],[3.211103,41.950301],[3.211104,41.950364],[3.211116,41.950403],[3.211152,41.950444],[3.21118,41.950459],[3.211216,41.950477],[3.211272,41.950477],[3.211347,41.950474],[3.211495,41.950438],[3.211427,41.950503],[3.211296,41.950681],[3.211289,41.950842],[3.211216,41.950883],[3.211182,41.9509],[3.210919,41.951033],[3.210752,41.951087],[3.210485,41.951164],[3.210229,41.951255],[3.210133,41.951292],[3.210029,41.951296],[3.209852,41.951303],[3.209705,41.951261],[3.209628,41.95121],[3.209534,41.951149],[3.209458,41.951185],[3.209043,41.951379],[3.209039,41.951374],[3.209029,41.95136],[3.209012,41.951335],[3.208986,41.95129],[3.208973,41.95126],[3.208961,41.951218],[3.208946,41.951125],[3.208941,41.951032],[3.20894,41.950925],[3.20894,41.950871],[3.208939,41.950817],[3.208936,41.950697],[3.209452,41.950637],[3.209547,41.950407],[3.208884,41.950268],[3.208883,41.950265],[3.208825,41.950169],[3.208809,41.950162],[3.208792,41.95015],[3.208772,41.950141],[3.208754,41.950134],[3.208727,41.950126],[3.208691,41.95012],[3.208669,41.95012],[3.208526,41.95014],[3.208482,41.95016],[3.208465,41.950167],[3.208354,41.950118],[3.208349,41.950082],[3.208334,41.949971],[3.208156,41.949854],[3.208276,41.949604],[3.208218,41.949563],[3.208146,41.949475],[3.208081,41.949458],[3.208055,41.949452],[3.207768,41.949443],[3.207728,41.949482],[3.207688,41.949528],[3.207669,41.949557],[3.207638,41.949611],[3.207538,41.949787],[3.207411,41.95002],[3.207342,41.950278],[3.207176,41.950335],[3.207247,41.950593],[3.207222,41.950688],[3.207134,41.950746],[3.207114,41.95076],[3.206973,41.95075],[3.20684,41.950573],[3.206819,41.950546],[3.206768,41.950412],[3.206863,41.950222],[3.207232,41.949759],[3.207235,41.949587],[3.207003,41.949532],[3.20697,41.949523],[3.206929,41.949509],[3.20676,41.94945],[3.20657,41.949352],[3.206556,41.949345],[3.206538,41.949336],[3.206537,41.949336],[3.205846,41.949036],[3.205522,41.948895],[3.205492,41.948921],[3.20539,41.949008],[3.205365,41.949038],[3.205312,41.94908],[3.20552,41.949172],[3.205863,41.949305],[3.206135,41.949421],[3.206271,41.949492],[3.206351,41.949552],[3.206379,41.949596],[3.206379,41.949662],[3.206335,41.949716],[3.206256,41.949769],[3.206084,41.949823],[3.205933,41.949838],[3.205707,41.949894],[3.205602,41.949944],[3.205519,41.950006],[3.20549,41.950071],[3.205481,41.950112],[3.205471,41.950154],[3.205475,41.950304],[3.20548,41.950371],[3.205398,41.950371],[3.205417,41.950418],[3.205442,41.950497],[3.205451,41.950525],[3.205264,41.950568],[3.205053,41.950554],[3.204867,41.950555],[3.204709,41.950566],[3.204479,41.950595],[3.204281,41.950624],[3.204249,41.950659],[3.204325,41.950755],[3.204324,41.950787],[3.204319,41.950816],[3.204312,41.950839],[3.204287,41.950867],[3.204285,41.950869],[3.204247,41.950911],[3.204238,41.95092],[3.204229,41.95093],[3.204172,41.950994],[3.204146,41.951036],[3.204118,41.951084],[3.204099,41.951094],[3.204072,41.951107],[3.204069,41.951109],[3.204069,41.95111],[3.20407,41.951111],[3.204066,41.951114],[3.204014,41.951144],[3.204026,41.951151],[3.203974,41.95122],[3.203975,41.95122],[3.204049,41.951243],[3.20394,41.951415],[3.203938,41.951417],[3.203906,41.951459],[3.204075,41.951512],[3.204047,41.951557],[3.204022,41.951593],[3.20408,41.951613],[3.20402,41.9517],[3.203957,41.951805],[3.203765,41.951771],[3.203503,41.951781],[3.203197,41.951755],[3.202752,41.951718],[3.202617,41.951714],[3.202453,41.951726],[3.202267,41.951761],[3.202009,41.951809],[3.201795,41.951838],[3.201601,41.951829],[3.201534,41.951798],[3.201373,41.951659],[3.201328,41.951623],[3.201168,41.951578],[3.201121,41.951767],[3.20114,41.951838],[3.201447,41.951886],[3.201405,41.952033],[3.201454,41.952181],[3.20165,41.952193],[3.20199,41.95216],[3.202309,41.952106],[3.202541,41.952069],[3.202682,41.952063],[3.202678,41.952232],[3.202678,41.952243],[3.202573,41.952243],[3.202396,41.952268],[3.202186,41.952319],[3.201999,41.952365],[3.201813,41.952384],[3.201587,41.952373],[3.201377,41.952356],[3.201151,41.952317],[3.201017,41.952306],[3.200907,41.952289],[3.200759,41.9523],[3.20062,41.952293],[3.200495,41.952282],[3.200438,41.952261],[3.200337,41.952211],[3.200308,41.952179],[3.200208,41.952229],[3.200175,41.952354],[3.20017,41.952465],[3.200185,41.952537],[3.200247,41.952622],[3.200329,41.952676],[3.20043,41.952704],[3.200573,41.952718],[3.200822,41.952718],[3.201148,41.952724],[3.20133,41.952717],[3.201426,41.952684],[3.201584,41.952702],[3.201751,41.952705],[3.201909,41.952669],[3.202101,41.952637],[3.202326,41.952615],[3.202469,41.952579],[3.20256,41.95255],[3.202613,41.952539],[3.20271,41.952563]]]]}},{"type":"Feature","id":"170139_170139 AP17 BEM 3","properties":{"area_id":"170139_170139 AP17 BEM 3","nom":"Blanquers","codi_icgc":"170139 AP17 BEM 3","categoria":"Àrees de poblament","codi_municipi":"170139","municipi":"Begur","codi_comarca":"10","comarca":"Baix Empordà","provincia":"Girona","font":"ICGC Àrees de poblament v3r1 202602"},"geometry":{"type":"MultiPolygon","coordinates":[[[[3.177574,41.927386],[3.177711,41.927373],[3.177785,41.927373],[3.177922,41.927374],[3.178077,41.927383],[3.178229,41.927405],[3.178241,41.927407],[3.178396,41.92722],[3.178457,41.927146],[3.178588,41.926965],[3.178626,41.926905],[3.178733,41.926736],[3.178754,41.926704],[3.178914,41.926443],[3.178934,41.926404],[3.179059,41.926161],[3.179066,41.926144],[3.179123,41.926024],[3.179172,41.925896],[3.179229,41.925748],[3.179234,41.925734],[3.17926,41.925677],[3.17929,41.925609],[3.179641,41.925728],[3.179651,41.925729],[3.179699,41.925556],[3.17974,41.925401],[3.179754,41.925354],[3.17977,41.925297],[3.17978,41.925262],[3.179782,41.925257],[3.179799,41.925217],[3.179801,41.925212],[3.179811,41.925188],[3.179813,41.925183],[3.179907,41.92496],[3.179046,41.924827],[3.179078,41.924672],[3.178675,41.924631],[3.178568,41.925138],[3.178211,41.925133],[3.178193,41.925133],[3.178104,41.925127],[3.178099,41.925126],[3.178074,41.925124],[3.178062,41.925155],[3.178055,41.925155],[3.177773,41.925145],[3.177719,41.925144],[3.177709,41.925144],[3.177687,41.925142],[3.177638,41.925507],[3.17765,41.925508],[3.177941,41.925541],[3.177958,41.925543],[3.177996,41.925548],[3.178052,41.925555],[3.178096,41.925561],[3.178085,41.925598],[3.178067,41.925658],[3.177946,41.926123],[3.177263,41.926025],[3.177261,41.926027],[3.177235,41.926306],[3.177231,41.926324],[3.177198,41.926433],[3.177167,41.926541],[3.177162,41.926565],[3.177156,41.926594],[3.177143,41.926675],[3.17713,41.926741],[3.177127,41.926756],[3.177125,41.926767],[3.177086,41.926962],[3.177067,41.927061],[3.177048,41.927156],[3.177027,41.927267],[3.177006,41.927378],[3.177006,41.927413],[3.177011,41.927481],[3.177016,41.927508],[3.177164,41.927516],[3.177235,41.927516],[3.177364,41.927464],[3.177451,41.927436],[3.177447,41.927428],[3.177457,41.927424],[3.177574,41.927386]]]]}},{"type":"Feature","id":"170139_170139 AP47 BEM 2","properties":{"area_id":"170139_170139 AP47 BEM 2","nom":"Cala del Rei","codi_icgc":"170139 AP47 BEM 2","categoria":"Àrees de poblament","codi_municipi":"170139","municipi":"Begur","codi_comarca":"10","comarca":"Baix Empordà","provincia":"Girona","font":"ICGC Àrees de poblament v3r1 202602"},"geometry":{"type":"MultiPolygon","coordinates":[[[[3.21064,41.976643],[3.210678,41.976611],[3.210691,41.976567],[3.210698,41.976536],[3.210744,41.976487],[3.210772,41.97645],[3.21078,41.97642],[3.210772,41.976397],[3.210741,41.976376],[3.21071,41.976363],[3.210659,41.976351],[3.21058,41.976331],[3.210519,41.9763],[3.210439,41.976258],[3.210375,41.976192],[3.210342,41.976138],[3.210316,41.976062],[3.210321,41.976013],[3.210341,41.975959],[3.210362,41.975933],[3.210384,41.975887],[3.210346,41.975786],[3.210297,41.975664],[3.210243,41.975567],[3.210199,41.975525],[3.210145,41.975468],[3.210098,41.975414],[3.210059,41.975337],[3.210046,41.975284],[3.210053,41.975259],[3.210073,41.975232],[3.210123,41.975185],[3.210139,41.975162],[3.210134,41.975131],[3.210142,41.975116],[3.210175,41.975088],[3.210199,41.975059],[3.210204,41.975038],[3.210192,41.975029],[3.210194,41.975015],[3.210204,41.974998],[3.210223,41.974959],[3.210221,41.974928],[3.210194,41.974875],[3.210166,41.974844],[3.210105,41.974814],[3.210104,41.974636],[3.210022,41.974547],[3.209945,41.974486],[3.209902,41.974393],[3.209846,41.974362],[3.209856,41.974345],[3.209878,41.97429],[3.209897,41.97423],[3.209903,41.974166],[3.210005,41.974137],[3.21004,41.974111],[3.210075,41.974089],[3.210104,41.974082],[3.210148,41.974068],[3.210158,41.974041],[3.210167,41.974022],[3.210129,41.974006],[3.210075,41.973975],[3.21002,41.974001],[3.209957,41.973973],[3.209899,41.973944],[3.209854,41.973923],[3.209822,41.973887],[3.209784,41.973866],[3.209717,41.97384],[3.209675,41.973718],[3.209582,41.973718],[3.209526,41.973714],[3.209444,41.973715],[3.20942,41.973719],[3.209373,41.973715],[3.209351,41.973727],[3.209202,41.973439],[3.209085,41.973449],[3.208965,41.973466],[3.208883,41.973474],[3.208809,41.97351],[3.208781,41.973518],[3.20875,41.973509],[3.208689,41.973503],[3.208551,41.973535],[3.208056,41.973645],[3.207999,41.973702],[3.207746,41.973787],[3.207661,41.973862],[3.207452,41.97401],[3.20742,41.974068],[3.207331,41.974248],[3.207297,41.974307],[3.207317,41.974305],[3.207316,41.974317],[3.207248,41.974432],[3.207453,41.974497],[3.20735,41.974655],[3.207409,41.974698],[3.207345,41.974804],[3.207278,41.974921],[3.207216,41.975021],[3.207437,41.975104],[3.207439,41.975131],[3.207438,41.975252],[3.207439,41.97545],[3.207437,41.975538],[3.207537,41.975547],[3.207935,41.975639],[3.207996,41.975652],[3.208094,41.975673],[3.208191,41.975696],[3.208237,41.975721],[3.208277,41.975738],[3.208297,41.975748],[3.208325,41.975759],[3.208387,41.975792],[3.208441,41.975828],[3.208479,41.97585],[3.208525,41.975898],[3.208548,41.975946],[3.208567,41.976041],[3.208624,41.976321],[3.208719,41.976708],[3.208736,41.976744],[3.208763,41.976764],[3.208796,41.976772],[3.208848,41.976778],[3.20889,41.976778],[3.208928,41.976768],[3.209074,41.976717],[3.209219,41.976663],[3.209316,41.976626],[3.209437,41.976817],[3.20966,41.97691],[3.209765,41.977072],[3.20977,41.977125],[3.209931,41.977085],[3.209956,41.977026],[3.210012,41.976919],[3.210022,41.976871],[3.210053,41.976818],[3.210096,41.976797],[3.210198,41.976758],[3.210295,41.976699],[3.210331,41.976691],[3.210451,41.97668],[3.21054,41.976674],[3.210594,41.976666],[3.21064,41.976643]]]]}},{"type":"Feature","id":"170139_170139 AP19 BEM 1","properties":{"area_id":"170139_170139 AP19 BEM 1","nom":"Can Ferran","codi_icgc":"170139 AP19 BEM 1","categoria":"Àrees de poblament","codi_municipi":"170139","municipi":"Begur","codi_comarca":"10","comarca":"Baix Empordà","provincia":"Girona","font":"ICGC Àrees de poblament v3r1 202602"},"geometry":{"type":"MultiPolygon","coordinates":[[[[3.208747,41.938846],[3.208748,41.938851],[3.209245,41.938795],[3.209294,41.939285],[3.208903,41.939359],[3.209032,41.93978],[3.209345,41.939762],[3.209335,41.939514],[3.209421,41.939324],[3.209528,41.939184],[3.209631,41.939079],[3.209708,41.938949],[3.209784,41.938588],[3.209783,41.938588],[3.209691,41.938538],[3.209491,41.938419],[3.209059,41.938175],[3.208867,41.937836],[3.208896,41.937781],[3.208525,41.937829],[3.208484,41.937828],[3.208131,41.937817],[3.20819,41.937532],[3.208521,41.937558],[3.208551,41.937341],[3.208511,41.937306],[3.208444,41.937256],[3.208155,41.937267],[3.208115,41.937268],[3.20758,41.937309],[3.207587,41.937458],[3.207698,41.937714],[3.207685,41.937777],[3.207636,41.938021],[3.20764,41.938022],[3.207609,41.938078],[3.207649,41.938079],[3.207979,41.938113],[3.207982,41.938118],[3.208072,41.938252],[3.208139,41.938462],[3.208214,41.93846],[3.208622,41.938451],[3.208635,41.938558],[3.208649,41.938556],[3.208747,41.938846]]]]}},{"type":"Feature","id":"170139_170139 AP48 BEM 2","properties":{"area_id":"170139_170139 AP48 BEM 2","nom":"Can Frigolet","codi_icgc":"170139 AP48 BEM 2","categoria":"Àrees de poblament","codi_municipi":"170139","municipi":"Begur","codi_comarca":"10","comarca":"Baix Empordà","provincia":"Girona","font":"ICGC Àrees de poblament v3r1 202602"},"geometry":{"type":"MultiPolygon","coordinates":[[[[3.163789,41.92799],[3.16389,41.927973],[3.163937,41.92796],[3.164148,41.927915],[3.16426,41.927891],[3.164527,41.927867],[3.164734,41.927855],[3.164918,41.927852],[3.165018,41.927861],[3.165145,41.927878],[3.165313,41.927914],[3.165432,41.927944],[3.165611,41.928001],[3.165613,41.928001],[3.165629,41.928074],[3.165702,41.928158],[3.165723,41.928172],[3.165742,41.928186],[3.165755,41.928193],[3.165778,41.9282],[3.165801,41.928204],[3.165832,41.928204],[3.165862,41.928199],[3.165888,41.928193],[3.165912,41.928184],[3.165929,41.928174],[3.165943,41.928162],[3.165958,41.928149],[3.165966,41.928135],[3.165972,41.928094],[3.165978,41.928054],[3.166029,41.928061],[3.166033,41.928048],[3.166056,41.927967],[3.166077,41.927911],[3.166113,41.927832],[3.166161,41.927753],[3.166181,41.927727],[3.166209,41.927689],[3.166237,41.92766],[3.166265,41.927632],[3.166328,41.927584],[3.166379,41.927548],[3.166446,41.92756],[3.166472,41.927565],[3.166497,41.927569],[3.166531,41.927576],[3.166564,41.927585],[3.166601,41.9276],[3.166633,41.927622],[3.166667,41.927655],[3.166696,41.927689],[3.166721,41.927718],[3.166739,41.927749],[3.166741,41.927765],[3.166737,41.927781],[3.166722,41.927814],[3.166685,41.927879],[3.166648,41.927944],[3.166617,41.928015],[3.166588,41.928086],[3.16658,41.928106],[3.166578,41.928127],[3.166582,41.92814],[3.16659,41.928149],[3.166601,41.928156],[3.166624,41.928169],[3.166648,41.92818],[3.166672,41.928191],[3.166701,41.928208],[3.166726,41.928231],[3.166738,41.928248],[3.166743,41.928266],[3.166741,41.928277],[3.166733,41.92831],[3.166725,41.92834],[3.166726,41.928342],[3.166735,41.928357],[3.166783,41.928349],[3.16693,41.928329],[3.16693,41.928329],[3.167096,41.928322],[3.1673,41.928258],[3.16747,41.928214],[3.167503,41.928205],[3.167504,41.928205],[3.167631,41.928523],[3.167632,41.928527],[3.167788,41.928429],[3.167856,41.928397],[3.167928,41.928371],[3.167979,41.928356],[3.168025,41.928347],[3.168091,41.92834],[3.168226,41.928338],[3.168466,41.928352],[3.168522,41.928353],[3.168495,41.928275],[3.168484,41.928245],[3.168466,41.928187],[3.168439,41.928106],[3.168411,41.928026],[3.168399,41.927977],[3.168396,41.927929],[3.168398,41.927916],[3.168408,41.927894],[3.168421,41.927873],[3.168448,41.927846],[3.168477,41.927816],[3.168489,41.9278],[3.1685,41.927776],[3.168505,41.927751],[3.168508,41.927723],[3.168505,41.927694],[3.168489,41.927656],[3.16848,41.927609],[3.168785,41.92768],[3.168871,41.927436],[3.168698,41.927402],[3.168469,41.927358],[3.168362,41.927473],[3.16832,41.927459],[3.168316,41.927458],[3.168278,41.927456],[3.168242,41.927462],[3.168187,41.92748],[3.168138,41.927502],[3.168054,41.927548],[3.167971,41.927593],[3.167921,41.927617],[3.167869,41.927638],[3.167855,41.92764],[3.167839,41.92764],[3.167801,41.927633],[3.167777,41.927625],[3.167709,41.927599],[3.167647,41.927567],[3.167552,41.927508],[3.167462,41.927445],[3.167393,41.92739],[3.16732,41.927336],[3.167238,41.92729],[3.167153,41.927248],[3.167014,41.927182],[3.166877,41.927117],[3.16682,41.927087],[3.166767,41.927056],[3.166734,41.927032],[3.166685,41.926992],[3.166648,41.926955],[3.166643,41.926949],[3.166631,41.926926],[3.166609,41.926857],[3.166577,41.926766],[3.166537,41.926658],[3.166529,41.926637],[3.166529,41.926637],[3.166504,41.926571],[3.166469,41.926479],[3.166367,41.926237],[3.166873,41.926133],[3.166837,41.926013],[3.166812,41.925988],[3.166791,41.925971],[3.166769,41.925957],[3.166746,41.925947],[3.166744,41.925946],[3.166693,41.925931],[3.166618,41.92591],[3.166543,41.925889],[3.166542,41.925889],[3.166473,41.925869],[3.166405,41.925847],[3.166377,41.925834],[3.166354,41.925815],[3.166343,41.925801],[3.166332,41.92578],[3.166321,41.925747],[3.165751,41.925884],[3.165681,41.925882],[3.165614,41.925882],[3.165525,41.925909],[3.16548,41.925933],[3.165471,41.925968],[3.165481,41.926114],[3.164981,41.926171],[3.16487,41.926145],[3.164831,41.926223],[3.164663,41.926581],[3.164339,41.927293],[3.163837,41.927402],[3.163789,41.92799]]]]}},{"type":"Feature","id":"170139_170139 AP21 BEM 3","properties":{"area_id":"170139_170139 AP21 BEM 3","nom":"Cantallops","codi_icgc":"170139 AP21 BEM 3","categoria":"Àrees de poblament","codi_municipi":"170139","municipi":"Begur","codi_comarca":"10","comarca":"Baix Empordà","provincia":"Girona","font":"ICGC Àrees de poblament v3r1 202602"},"geometry":{"type":"MultiPolygon","coordinates":[[[[3.18474,41.925539],[3.184604,41.925319],[3.184483,41.925333],[3.184453,41.925341],[3.184375,41.925363],[3.184324,41.925311],[3.184269,41.925257],[3.184212,41.925203],[3.184154,41.925154],[3.184092,41.925102],[3.184061,41.925078],[3.184029,41.92505],[3.184011,41.925036],[3.183934,41.924976],[3.183846,41.924902],[3.183798,41.924863],[3.183749,41.924824],[3.18366,41.924754],[3.183424,41.924732],[3.183424,41.924732],[3.183349,41.924755],[3.183241,41.924792],[3.18313,41.924828],[3.183009,41.924861],[3.182885,41.924888],[3.182845,41.924894],[3.182776,41.924904],[3.182667,41.924914],[3.182579,41.924919],[3.182506,41.92492],[3.18249,41.92492],[3.182444,41.924917],[3.182399,41.924909],[3.182366,41.9249],[3.182312,41.924875],[3.182214,41.924803],[3.182173,41.924768],[3.182108,41.924714],[3.18208,41.924695],[3.18205,41.92468],[3.18203,41.924673],[3.18194,41.924659],[3.181845,41.92465],[3.181769,41.924645],[3.181744,41.924643],[3.181642,41.924636],[3.181498,41.924629],[3.181356,41.924624],[3.181266,41.924625],[3.181178,41.924632],[3.181147,41.924639],[3.181118,41.924653],[3.181102,41.924664],[3.18107,41.924695],[3.181046,41.924728],[3.181033,41.924752],[3.181013,41.924798],[3.180997,41.924846],[3.180991,41.924877],[3.180987,41.924917],[3.180997,41.92496],[3.180998,41.924965],[3.181007,41.924965],[3.181006,41.924961],[3.181711,41.925007],[3.181755,41.925011],[3.182182,41.925056],[3.182097,41.92537],[3.182021,41.925652],[3.181928,41.926045],[3.181975,41.926055],[3.182166,41.926095],[3.182355,41.926134],[3.182384,41.92614],[3.182388,41.926149],[3.18255,41.926174],[3.18263,41.926191],[3.182811,41.926228],[3.183134,41.926279],[3.183258,41.926299],[3.183596,41.926346],[3.183835,41.926377],[3.184128,41.92652],[3.184363,41.926552],[3.18443,41.926346],[3.184527,41.926048],[3.184538,41.925988],[3.18455,41.925915],[3.184773,41.925867],[3.184764,41.92573],[3.18474,41.925539]]]]}},{"type":"Feature","id":"170139_170139 AP09 BEM 1","properties":{"area_id":"170139_170139 AP09 BEM 1","nom":"Cap Rubí","codi_icgc":"170139 AP09 BEM 1","categoria":"Àrees de poblament","codi_municipi":"170139","municipi":"Begur","codi_comarca":"10","comarca":"Baix Empordà","provincia":"Girona","font":"ICGC Àrees de poblament v3r1 202602"},"geometry":{"type":"MultiPolygon","coordinates":[[[[3.213582,41.94335],[3.213611,41.943351],[3.213679,41.943326],[3.21368,41.943218],[3.21368,41.943169],[3.213524,41.943166],[3.213618,41.943063],[3.213588,41.94305],[3.213564,41.943029],[3.213712,41.942821],[3.213635,41.942663],[3.213596,41.942556],[3.213605,41.942428],[3.213682,41.942327],[3.21392,41.942098],[3.21414,41.942055],[3.214197,41.941976],[3.21433,41.941504],[3.214397,41.94144],[3.214578,41.941275],[3.215572,41.94078],[3.215609,41.940754],[3.215443,41.940663],[3.215308,41.940506],[3.215193,41.940363],[3.214819,41.9402],[3.214704,41.940207],[3.213853,41.94063],[3.213468,41.940145],[3.213429,41.940151],[3.213291,41.940168],[3.213217,41.940176],[3.213166,41.940187],[3.213031,41.940219],[3.212896,41.940253],[3.21287,41.94026],[3.212437,41.94042],[3.212414,41.940385],[3.212314,41.940424],[3.212223,41.94046],[3.212114,41.940504],[3.212055,41.940535],[3.212015,41.940556],[3.21196,41.94059],[3.211956,41.940595],[3.211917,41.940621],[3.211856,41.940668],[3.211787,41.940727],[3.211721,41.940788],[3.211676,41.94083],[3.211634,41.940875],[3.211609,41.940921],[3.211595,41.940956],[3.211566,41.941063],[3.211552,41.941105],[3.211548,41.941127],[3.211553,41.941149],[3.211573,41.941186],[3.211574,41.941188],[3.211551,41.941294],[3.211498,41.941288],[3.211419,41.94159],[3.212147,41.941687],[3.213325,41.94177],[3.213314,41.941892],[3.213402,41.9419],[3.213397,41.941924],[3.21347,41.941927],[3.213178,41.943288],[3.213194,41.943295],[3.213206,41.943297],[3.21323,41.943302],[3.213309,41.943314],[3.21334,41.943318],[3.213384,41.943325],[3.213422,41.943331],[3.213435,41.943333],[3.213479,41.943346],[3.213552,41.943349],[3.213582,41.94335]]]]}},{"type":"Feature","id":"170139_170139 AP37 BEM 1","properties":{"area_id":"170139_170139 AP37 BEM 1","nom":"Cap sa Sal","codi_icgc":"170139 AP37 BEM 1","categoria":"Àrees de poblament","codi_municipi":"170139","municipi":"Begur","codi_comarca":"10","comarca":"Baix Empordà","provincia":"Girona","font":"ICGC Àrees de poblament v3r1 202602"},"geometry":{"type":"MultiPolygon","coordinates":[[[[3.229796,41.967285],[3.230114,41.967292],[3.230672,41.96729],[3.230979,41.967183],[3.231184,41.967082],[3.231313,41.966982],[3.23138,41.966835],[3.231442,41.966753],[3.231403,41.966663],[3.231412,41.966556],[3.231493,41.966456],[3.231531,41.966377],[3.23154,41.966288],[3.23154,41.966245],[3.231511,41.966131],[3.231482,41.966027],[3.231424,41.965991],[3.231348,41.965974],[3.231242,41.965999],[3.231171,41.966053],[3.231113,41.966053],[3.230955,41.96605],[3.230893,41.9661],[3.230807,41.966039],[3.230725,41.966039],[3.230601,41.966022],[3.230538,41.966022],[3.230438,41.966022],[3.230328,41.966022],[3.230289,41.966001],[3.230241,41.965958],[3.230217,41.965887],[3.22983,41.966152],[3.22962,41.96632],[3.229668,41.966477],[3.229731,41.966667],[3.229804,41.966831],[3.229871,41.966917],[3.229804,41.967024],[3.229796,41.967285]]]]}},{"type":"Feature","id":"170139_170139 AP13 BEM 3","properties":{"area_id":"170139_170139 AP13 BEM 3","nom":"Catalònia","codi_icgc":"170139 AP13 BEM 3","categoria":"Àrees de poblament","codi_municipi":"170139","municipi":"Begur","codi_comarca":"10","comarca":"Baix Empordà","provincia":"Girona","font":"ICGC Àrees de poblament v3r1 202602"},"geometry":{"type":"MultiPolygon","coordinates":[[[[3.210426,41.972461],[3.210436,41.972424],[3.210548,41.972298],[3.210584,41.972303],[3.210703,41.97215],[3.210635,41.971951],[3.210578,41.971635],[3.210409,41.971272],[3.210233,41.97104],[3.210024,41.970596],[3.209938,41.970412],[3.20989,41.970236],[3.20977,41.97029],[3.209711,41.970332],[3.209687,41.970418],[3.209636,41.97055],[3.209592,41.970591],[3.20954,41.970624],[3.209354,41.970701],[3.208423,41.971089],[3.208357,41.971127],[3.20819,41.971258],[3.207919,41.971425],[3.207624,41.971491],[3.206975,41.97151],[3.206976,41.971523],[3.20699,41.971544],[3.20701,41.971563],[3.207035,41.971577],[3.207064,41.971587],[3.20708,41.971589],[3.207079,41.971593],[3.207088,41.971595],[3.207046,41.971682],[3.206993,41.971797],[3.206979,41.971826],[3.206948,41.971818],[3.206792,41.97178],[3.206655,41.971744],[3.206638,41.971739],[3.206486,41.971697],[3.206336,41.971653],[3.206251,41.971623],[3.206166,41.971588],[3.206084,41.971547],[3.206006,41.971502],[3.205966,41.971476],[3.205932,41.971447],[3.205927,41.971441],[3.205903,41.971415],[3.205879,41.97138],[3.205862,41.971344],[3.205857,41.971315],[3.205858,41.971283],[3.205859,41.971277],[3.205866,41.971252],[3.20588,41.971223],[3.205901,41.971196],[3.205927,41.971173],[3.20597,41.971149],[3.206013,41.971118],[3.20605,41.971084],[3.206081,41.971047],[3.206103,41.971033],[3.206165,41.971],[3.20623,41.970971],[3.206298,41.970948],[3.206317,41.970943],[3.206316,41.970931],[3.206314,41.970885],[3.206444,41.970881],[3.206284,41.970487],[3.206279,41.970476],[3.20625,41.970473],[3.206095,41.97046],[3.206083,41.970462],[3.206022,41.970466],[3.205976,41.970468],[3.205958,41.970468],[3.205932,41.970469],[3.205902,41.970468],[3.206073,41.970797],[3.205993,41.970815],[3.205873,41.970827],[3.205746,41.970834],[3.20557,41.970899],[3.205137,41.970802],[3.205133,41.970809],[3.205098,41.970876],[3.20506,41.970941],[3.205027,41.971003],[3.205024,41.971007],[3.205009,41.971045],[3.204998,41.971103],[3.204994,41.971161],[3.204993,41.971217],[3.204992,41.971239],[3.204992,41.971273],[3.204979,41.971343],[3.204984,41.971386],[3.204989,41.971429],[3.204999,41.971469],[3.20501,41.97151],[3.205038,41.971574],[3.205047,41.9716],[3.205061,41.97162],[3.205065,41.971628],[3.205093,41.971681],[3.205104,41.971702],[3.205116,41.971723],[3.205155,41.971782],[3.205187,41.971828],[3.20522,41.971874],[3.205237,41.971895],[3.205258,41.971921],[3.205297,41.971968],[3.205309,41.971982],[3.205357,41.972039],[3.205398,41.972086],[3.205426,41.972122],[3.205429,41.972126],[3.205452,41.972159],[3.205464,41.972176],[3.205472,41.972187],[3.205617,41.972161],[3.205413,41.972461],[3.205209,41.972761],[3.205144,41.972845],[3.205422,41.972947],[3.205768,41.972716],[3.206128,41.97299],[3.20636,41.973215],[3.206408,41.973272],[3.206574,41.973271],[3.206807,41.973273],[3.20703,41.973259],[3.207212,41.973242],[3.207337,41.973217],[3.207442,41.973192],[3.207451,41.973198],[3.207338,41.973253],[3.207313,41.973265],[3.20716,41.973346],[3.207063,41.973409],[3.206998,41.973479],[3.207,41.973549],[3.207035,41.973629],[3.207098,41.973709],[3.207186,41.973815],[3.207292,41.973905],[3.207432,41.974],[3.207493,41.973946],[3.207724,41.973779],[3.207977,41.973685],[3.20804,41.973625],[3.20838,41.973548],[3.20867,41.973478],[3.208741,41.973482],[3.208781,41.973487],[3.208856,41.973453],[3.208985,41.973437],[3.209177,41.973359],[3.209191,41.973371],[3.209335,41.973659],[3.209443,41.973657],[3.209491,41.973659],[3.209651,41.973621],[3.209708,41.973591],[3.209756,41.973576],[3.209748,41.973555],[3.209734,41.973535],[3.209713,41.973522],[3.209678,41.973508],[3.209647,41.973495],[3.209627,41.973472],[3.209609,41.973439],[3.20957,41.973339],[3.209554,41.973302],[3.209521,41.97328],[3.2095,41.97327],[3.209495,41.973255],[3.2095,41.973247],[3.20953,41.973241],[3.209568,41.97323],[3.209602,41.973221],[3.209694,41.973196],[3.209752,41.97317],[3.209768,41.973154],[3.209766,41.973124],[3.209771,41.973107],[3.209792,41.973102],[3.209809,41.973104],[3.20983,41.973107],[3.209879,41.973112],[3.209907,41.973109],[3.209969,41.97309],[3.210096,41.97303],[3.210148,41.972993],[3.210124,41.972929],[3.210107,41.97289],[3.21011,41.972865],[3.210132,41.972821],[3.210173,41.972771],[3.210227,41.972721],[3.210274,41.972685],[3.21028,41.972667],[3.210273,41.972648],[3.210269,41.972632],[3.21027,41.972611],[3.210312,41.972582],[3.210339,41.972546],[3.210373,41.972536],[3.210404,41.972526],[3.210412,41.972512],[3.210411,41.972497],[3.210412,41.972475],[3.210426,41.972461]]]]}},{"type":"Feature","id":"170139_170139 AP06 BEM 3","properties":{"area_id":"170139_170139 AP06 BEM 3","nom":"Esclanyà","codi_icgc":"170139 AP06 BEM 3","categoria":"Àrees de poblament","codi_municipi":"170139","municipi":"Begur","codi_comarca":"10","comarca":"Baix Empordà","provincia":"Girona","font":"ICGC Àrees de poblament v3r1 202602"},"geometry":{"type":"MultiPolygon","coordinates":[[[[3.175845,41.929638],[3.17592,41.929613],[3.175958,41.929626],[3.176096,41.929672],[3.176206,41.929628],[3.176294,41.929593],[3.176371,41.929479],[3.176452,41.92948],[3.176452,41.9295],[3.176471,41.929502],[3.176472,41.929499],[3.176494,41.929497],[3.17667,41.929508],[3.17679,41.929516],[3.176791,41.929504],[3.176811,41.929503],[3.17683,41.929501],[3.176834,41.929496],[3.176854,41.929464],[3.176867,41.929428],[3.176873,41.929391],[3.176874,41.929354],[3.17687,41.929317],[3.176865,41.929292],[3.17686,41.929267],[3.176883,41.929265],[3.176882,41.929236],[3.176858,41.929237],[3.176827,41.929235],[3.176798,41.929233],[3.17677,41.929231],[3.176746,41.929227],[3.176724,41.929218],[3.176719,41.929214],[3.176724,41.929194],[3.176733,41.929175],[3.176747,41.929152],[3.176763,41.929128],[3.176785,41.929089],[3.176789,41.929082],[3.176756,41.929069],[3.176752,41.929072],[3.176747,41.929073],[3.176741,41.929072],[3.17673,41.929068],[3.176704,41.929059],[3.176666,41.929042],[3.17663,41.929022],[3.176602,41.929007],[3.176572,41.928991],[3.176547,41.928983],[3.176504,41.928981],[3.176447,41.928984],[3.176459,41.928981],[3.176557,41.92895],[3.176529,41.928899],[3.176445,41.928926],[3.176422,41.928884],[3.176407,41.928795],[3.176418,41.928787],[3.176429,41.928779],[3.176434,41.928775],[3.176438,41.928769],[3.176445,41.928756],[3.176448,41.928741],[3.176443,41.928726],[3.176435,41.928713],[3.176421,41.928702],[3.176395,41.92869],[3.176367,41.928684],[3.176337,41.928682],[3.176307,41.928682],[3.176288,41.928685],[3.176249,41.928694],[3.176211,41.928703],[3.176175,41.928712],[3.176139,41.928721],[3.176127,41.928725],[3.17599,41.928769],[3.176012,41.928838],[3.176049,41.928901],[3.175845,41.92895],[3.175843,41.928901],[3.175477,41.928928],[3.175473,41.928939],[3.175454,41.928985],[3.175451,41.928993],[3.175443,41.929006],[3.175428,41.929029],[3.175414,41.929045],[3.175397,41.929058],[3.175368,41.929084],[3.175338,41.929127],[3.175311,41.929171],[3.175298,41.929196],[3.175285,41.929221],[3.175299,41.929225],[3.175318,41.929236],[3.17534,41.929256],[3.175359,41.929276],[3.175392,41.929318],[3.175439,41.929379],[3.175466,41.929415],[3.175473,41.929415],[3.175563,41.929415],[3.175624,41.929415],[3.175633,41.929415],[3.175634,41.929418],[3.175642,41.92946],[3.175641,41.92949],[3.175634,41.929521],[3.175616,41.929585],[3.175596,41.929674],[3.17559,41.929699],[3.175614,41.929704],[3.175635,41.929709],[3.175651,41.929713],[3.175811,41.929742],[3.175839,41.929657],[3.175845,41.929638]]]]}},{"type":"Feature","id":"170139_170139 AP30 BEM 1","properties":{"area_id":"170139_170139 AP30 BEM 1","nom":"Font de la Salut","codi_icgc":"170139 AP30 BEM 1","categoria":"Àrees de poblament","codi_municipi":"170139","municipi":"Begur","codi_comarca":"10","comarca":"Baix Empordà","provincia":"Girona","font":"ICGC Àrees de poblament v3r1 202602"},"geometry":{"type":"MultiPolygon","coordinates":[[[[3.213763,41.950437],[3.213865,41.950413],[3.213951,41.95044],[3.213985,41.950413],[3.214044,41.950394],[3.214073,41.950399],[3.21413,41.950421],[3.214156,41.950439],[3.214186,41.950454],[3.214218,41.95047],[3.214232,41.950475],[3.21425,41.95048],[3.214287,41.950484],[3.214311,41.950483],[3.21433,41.950479],[3.214357,41.950473],[3.214401,41.950459],[3.214428,41.950446],[3.214488,41.950411],[3.214542,41.950373],[3.214636,41.950295],[3.21473,41.950218],[3.21484,41.95013],[3.214953,41.950044],[3.214982,41.950024],[3.215011,41.950004],[3.215018,41.949998],[3.215052,41.949969],[3.215054,41.949967],[3.21508,41.949955],[3.215127,41.949902],[3.215174,41.949844],[3.215216,41.949806],[3.215276,41.949755],[3.215299,41.949735],[3.215337,41.94971],[3.215379,41.94969],[3.215408,41.949679],[3.215444,41.949669],[3.21545,41.949667],[3.215569,41.949658],[3.215637,41.949661],[3.215708,41.949664],[3.215758,41.949662],[3.215819,41.949652],[3.215878,41.949639],[3.215901,41.949633],[3.215911,41.949633],[3.215986,41.949612],[3.216028,41.949602],[3.216165,41.94956],[3.216265,41.949526],[3.216362,41.949489],[3.216426,41.949461],[3.21646,41.949442],[3.216479,41.949429],[3.216486,41.949425],[3.216491,41.949423],[3.216513,41.949401],[3.21654,41.949378],[3.216543,41.949377],[3.216572,41.949343],[3.216594,41.949314],[3.216613,41.949286],[3.216647,41.949231],[3.216675,41.949198],[3.216723,41.949151],[3.216775,41.949104],[3.216807,41.949069],[3.216855,41.949004],[3.216899,41.948939],[3.216931,41.948898],[3.21698,41.948849],[3.217035,41.948804],[3.217075,41.948776],[3.217111,41.948755],[3.21715,41.948738],[3.217175,41.948731],[3.217211,41.948725],[3.217301,41.948722],[3.217392,41.948722],[3.217561,41.948726],[3.217692,41.948728],[3.217683,41.948736],[3.217646,41.948772],[3.217624,41.948802],[3.217617,41.948818],[3.217614,41.948835],[3.217618,41.94886],[3.217635,41.948896],[3.217662,41.948928],[3.217725,41.948981],[3.217786,41.949032],[3.217833,41.949074],[3.2179,41.949139],[3.217951,41.949188],[3.217969,41.949205],[3.218013,41.94924],[3.218065,41.949271],[3.218085,41.949278],[3.218117,41.949281],[3.218134,41.949279],[3.218138,41.949277],[3.218149,41.949274],[3.218226,41.949231],[3.2183,41.949187],[3.218389,41.94913],[3.218476,41.949072],[3.218511,41.949054],[3.218528,41.949048],[3.218536,41.949078],[3.218707,41.949213],[3.218985,41.949414],[3.218978,41.949501],[3.218974,41.949561],[3.219129,41.949608],[3.219249,41.949658],[3.219431,41.949605],[3.219457,41.949574],[3.219468,41.949386],[3.219516,41.949321],[3.219276,41.949126],[3.219224,41.949119],[3.218942,41.948868],[3.218863,41.948789],[3.21873,41.948883],[3.218696,41.948864],[3.218365,41.948491],[3.218314,41.948494],[3.218232,41.948499],[3.21809,41.948575],[3.218052,41.948575],[3.217784,41.948509],[3.216401,41.947549],[3.216566,41.947282],[3.21687,41.94715],[3.216898,41.947138],[3.217004,41.947216],[3.217013,41.947223],[3.217021,41.947224],[3.217197,41.947239],[3.217218,41.947242],[3.217252,41.947209],[3.217294,41.947166],[3.217327,41.947128],[3.217486,41.946936],[3.217521,41.946893],[3.217574,41.946832],[3.217689,41.946803],[3.21769,41.946798],[3.21771,41.946731],[3.217712,41.946714],[3.218071,41.946733],[3.218087,41.946734],[3.218289,41.946624],[3.218388,41.946569],[3.218673,41.946409],[3.218771,41.946354],[3.219086,41.946282],[3.219103,41.94628],[3.219565,41.94624],[3.21977,41.946188],[3.219769,41.945902],[3.219194,41.945944],[3.218742,41.945975],[3.218621,41.945989],[3.218574,41.945899],[3.21832,41.946012],[3.218157,41.946044],[3.218076,41.94606],[3.217778,41.946143],[3.218124,41.946413],[3.217576,41.946455],[3.217341,41.946483],[3.217349,41.946613],[3.217357,41.946633],[3.217313,41.946653],[3.2173,41.946659],[3.217285,41.946664],[3.217268,41.946669],[3.217252,41.946673],[3.217238,41.946676],[3.217143,41.946694],[3.217128,41.946696],[3.217059,41.94671],[3.217045,41.946713],[3.217038,41.946714],[3.217013,41.94672],[3.216997,41.946725],[3.216983,41.94673],[3.216977,41.946733],[3.216944,41.946779],[3.216889,41.946761],[3.216845,41.946745],[3.216777,41.946745],[3.216367,41.946996],[3.216086,41.947297],[3.216055,41.94733],[3.216174,41.947455],[3.216258,41.94752],[3.216308,41.947563],[3.216289,41.947595],[3.216262,41.947631],[3.216223,41.947678],[3.216145,41.947759],[3.216131,41.947775],[3.216119,41.947792],[3.216095,41.947824],[3.216062,41.947873],[3.216055,41.947884],[3.216028,41.94793],[3.216008,41.947967],[3.216,41.947985],[3.215954,41.94809],[3.215887,41.948234],[3.215879,41.94825],[3.215858,41.948288],[3.215848,41.948304],[3.215845,41.948309],[3.215827,41.948333],[3.215807,41.948358],[3.215794,41.948373],[3.215775,41.948393],[3.215703,41.948464],[3.215656,41.948509],[3.215624,41.948532],[3.215475,41.948474],[3.215449,41.948221],[3.215331,41.948181],[3.215472,41.947946],[3.215378,41.947923],[3.215302,41.947928],[3.21499,41.947836],[3.214973,41.947831],[3.214571,41.947702],[3.214551,41.947696],[3.214293,41.948092],[3.213872,41.948681],[3.213842,41.948723],[3.213812,41.94872],[3.213797,41.94872],[3.213782,41.948725],[3.213775,41.948729],[3.213771,41.948738],[3.213771,41.948747],[3.213775,41.948765],[3.213781,41.948782],[3.213788,41.948794],[3.213817,41.948851],[3.213852,41.94892],[3.213865,41.948955],[3.213873,41.948991],[3.213878,41.94904],[3.213877,41.949064],[3.213872,41.949088],[3.213838,41.94919],[3.213803,41.94929],[3.213786,41.949351],[3.213782,41.949389],[3.213781,41.949428],[3.213716,41.949512],[3.213614,41.94956],[3.213544,41.949641],[3.213461,41.949737],[3.213429,41.949861],[3.213379,41.950032],[3.213354,41.950194],[3.213342,41.950337],[3.213293,41.95044],[3.213421,41.950487],[3.213593,41.950505],[3.213763,41.950437]]]]}},{"type":"Feature","id":"170139_170139 AP02 BEM 2","properties":{"area_id":"170139_170139 AP02 BEM 2","nom":"Fontmartina","codi_icgc":"170139 AP02 BEM 2","categoria":"Àrees de poblament","codi_municipi":"170139","municipi":"Begur","codi_comarca":"10","comarca":"Baix Empordà","provincia":"Girona","font":"ICGC Àrees de poblament v3r1 202602"},"geometry":{"type":"MultiPolygon","coordinates":[[[[3.170623,41.9304],[3.170406,41.930254],[3.170112,41.930439],[3.170328,41.930632],[3.170102,41.930766],[3.170045,41.930836],[3.170033,41.930893],[3.170036,41.930933],[3.170148,41.931076],[3.170375,41.931357],[3.170465,41.931416],[3.170614,41.931482],[3.170754,41.931561],[3.170917,41.931616],[3.170623,41.931784],[3.171107,41.932329],[3.171437,41.932196],[3.171295,41.932003],[3.171612,41.931853],[3.171644,41.931798],[3.171717,41.931733],[3.17209,41.931401],[3.172345,41.931191],[3.172582,41.931474],[3.172718,41.931681],[3.172787,41.931695],[3.172918,41.931638],[3.173077,41.931576],[3.173188,41.931535],[3.173307,41.931501],[3.173454,41.931461],[3.173671,41.931386],[3.173937,41.93127],[3.174031,41.931338],[3.174268,41.931248],[3.174324,41.93128],[3.174363,41.931316],[3.174422,41.931379],[3.17448,41.931379],[3.174557,41.931377],[3.174593,41.931366],[3.174614,41.931339],[3.174693,41.931035],[3.174661,41.930997],[3.174629,41.930955],[3.174593,41.93094],[3.174537,41.930934],[3.174378,41.930935],[3.174402,41.930893],[3.174421,41.930836],[3.174433,41.930759],[3.174425,41.930663],[3.174409,41.930574],[3.17443,41.930564],[3.174918,41.930499],[3.174885,41.930332],[3.174872,41.930265],[3.174821,41.930242],[3.174754,41.930258],[3.174655,41.93028],[3.174556,41.930297],[3.174509,41.930287],[3.174476,41.930235],[3.174409,41.930128],[3.174351,41.930039],[3.174294,41.929996],[3.174236,41.929931],[3.174212,41.929864],[3.174169,41.929735],[3.17413,41.929631],[3.173442,41.929943],[3.173562,41.930158],[3.173326,41.930229],[3.173178,41.929971],[3.173064,41.929743],[3.172521,41.929922],[3.17236,41.929634],[3.17233,41.929607],[3.17229,41.92959],[3.172223,41.929592],[3.172034,41.929686],[3.171604,41.929908],[3.170957,41.930262],[3.170662,41.930431],[3.170623,41.9304]]]]}},{"type":"Feature","id":"170139_170139 AP35 BEM 3","properties":{"area_id":"170139_170139 AP35 BEM 3","nom":"Fornells","codi_icgc":"170139 AP35 BEM 3","categoria":"Àrees de poblament","codi_municipi":"170139","municipi":"Begur","codi_comarca":"10","comarca":"Baix Empordà","provincia":"Girona","font":"ICGC Àrees de poblament v3r1 202602"},"geometry":{"type":"MultiPolygon","coordinates":[[[[3.209879,41.938685],[3.209855,41.938786],[3.209829,41.938886],[3.209806,41.938957],[3.209774,41.939025],[3.20972,41.939105],[3.209659,41.939182],[3.209613,41.939235],[3.209565,41.939287],[3.209537,41.939324],[3.209518,41.939357],[3.209502,41.939391],[3.209475,41.939461],[3.209458,41.939508],[3.209447,41.939555],[3.209446,41.93961],[3.20945,41.939665],[3.209456,41.939744],[3.209464,41.939822],[3.209474,41.939914],[3.209484,41.940005],[3.209485,41.940031],[3.209485,41.940039],[3.209483,41.940074],[3.209475,41.940143],[3.209464,41.94019],[3.209447,41.940237],[3.209433,41.940259],[3.209428,41.940267],[3.209495,41.940298],[3.209557,41.940283],[3.209667,41.940255],[3.209686,41.940291],[3.209702,41.940321],[3.209958,41.940259],[3.209983,41.940255],[3.210044,41.940238],[3.210214,41.940197],[3.210296,41.940175],[3.210526,41.940118],[3.210516,41.940093],[3.210509,41.940074],[3.210709,41.939986],[3.210883,41.939909],[3.211155,41.939891],[3.211241,41.93989],[3.211558,41.939883],[3.211542,41.939872],[3.21151,41.939844],[3.211484,41.93982],[3.211471,41.939807],[3.211339,41.93967],[3.211211,41.939532],[3.21112,41.939429],[3.211114,41.939431],[3.211092,41.939398],[3.211067,41.939369],[3.210925,41.939205],[3.210807,41.939062],[3.210694,41.938915],[3.210684,41.938899],[3.210673,41.938883],[3.210658,41.938859],[3.21063,41.938801],[3.210615,41.938761],[3.210601,41.938707],[3.210581,41.938606],[3.210581,41.938604],[3.209892,41.938629],[3.209879,41.938685]]]]}},{"type":"Feature","id":"170139_170139 AP27 BEM 3","properties":{"area_id":"170139_170139 AP27 BEM 3","nom":"Mas Domingo","codi_icgc":"170139 AP27 BEM 3","categoria":"Àrees de poblament","codi_municipi":"170139","municipi":"Begur","codi_comarca":"10","comarca":"Baix Empordà","provincia":"Girona","font":"ICGC Àrees de poblament v3r1 202602"},"geometry":{"type":"MultiPolygon","coordinates":[[[[3.174377,41.932342],[3.174386,41.932408],[3.174396,41.932461],[3.1744,41.932488],[3.174402,41.932514],[3.174402,41.932547],[3.174403,41.932579],[3.174398,41.932578],[3.174387,41.932577],[3.17437,41.932576],[3.17434,41.932577],[3.174246,41.932578],[3.174152,41.932583],[3.174113,41.932587],[3.17407,41.932596],[3.174043,41.932616],[3.174032,41.932641],[3.174031,41.932676],[3.174033,41.932708],[3.174038,41.932781],[3.174043,41.932853],[3.174049,41.932949],[3.174055,41.933045],[3.17406,41.933121],[3.174064,41.933196],[3.174065,41.933263],[3.174062,41.93333],[3.174061,41.93334],[3.174093,41.933349],[3.174103,41.93344],[3.174565,41.933446],[3.174565,41.933126],[3.17459,41.932905],[3.174636,41.932853],[3.174668,41.932781],[3.174691,41.932718],[3.174707,41.932676],[3.174717,41.932634],[3.17472,41.932593],[3.17472,41.932561],[3.174716,41.932533],[3.1747,41.932458],[3.174695,41.932442],[3.174632,41.932369],[3.17463,41.932316],[3.174377,41.932342]]]]}},{"type":"Feature","id":"170139_170139 AP24 BEM 3","properties":{"area_id":"170139_170139 AP24 BEM 3","nom":"Mas Prats","codi_icgc":"170139 AP24 BEM 3","categoria":"Àrees de poblament","codi_municipi":"170139","municipi":"Begur","codi_comarca":"10","comarca":"Baix Empordà","provincia":"Girona","font":"ICGC Àrees de poblament v3r1 202602"},"geometry":{"type":"MultiPolygon","coordinates":[[[[3.216552,41.954146],[3.216554,41.954128],[3.216591,41.954138],[3.216609,41.954088],[3.216678,41.954121],[3.216864,41.954052],[3.216862,41.953989],[3.216796,41.95391],[3.216806,41.95389],[3.216913,41.953837],[3.217077,41.953744],[3.217158,41.95369],[3.217358,41.953701],[3.217672,41.953716],[3.217713,41.953706],[3.217863,41.953653],[3.217932,41.953582],[3.218173,41.953396],[3.218424,41.953231],[3.218378,41.953192],[3.218591,41.953039],[3.218655,41.952994],[3.218955,41.952855],[3.219012,41.952826],[3.219012,41.952802],[3.218961,41.952767],[3.218842,41.952706],[3.21881,41.952718],[3.218752,41.95267],[3.218669,41.952592],[3.218602,41.95253],[3.218531,41.952447],[3.218419,41.952305],[3.218366,41.952247],[3.218302,41.952109],[3.218247,41.952059],[3.218151,41.951993],[3.218055,41.951938],[3.218017,41.951926],[3.217985,41.951972],[3.217886,41.951919],[3.217771,41.951858],[3.217726,41.951834],[3.21749,41.951794],[3.217378,41.95182],[3.217311,41.951906],[3.217264,41.951944],[3.217229,41.951968],[3.217213,41.952],[3.217233,41.952051],[3.217287,41.952106],[3.217285,41.952179],[3.217259,41.952229],[3.217474,41.952339],[3.217684,41.952444],[3.21775,41.952505],[3.21784,41.952586],[3.217872,41.952669],[3.217879,41.952707],[3.217735,41.952734],[3.217569,41.952758],[3.217429,41.952787],[3.217336,41.952816],[3.217214,41.952919],[3.217041,41.953072],[3.216784,41.953278],[3.216701,41.953359],[3.216638,41.953472],[3.216586,41.953535],[3.216502,41.953565],[3.216411,41.953601],[3.216323,41.953604],[3.216219,41.95361],[3.216151,41.953625],[3.216119,41.953601],[3.216044,41.95364],[3.215992,41.953682],[3.2159,41.953706],[3.215829,41.953718],[3.215845,41.953783],[3.215859,41.953819],[3.215976,41.953912],[3.215998,41.953933],[3.216022,41.953955],[3.216129,41.954056],[3.216552,41.954146]]],[[[3.220521,41.959055],[3.220572,41.958969],[3.220655,41.958902],[3.220693,41.958864],[3.220706,41.958843],[3.220592,41.958745],[3.220611,41.958735],[3.220677,41.958712],[3.220706,41.958703],[3.220751,41.958692],[3.220819,41.958679],[3.22088,41.958674],[3.220912,41.958674],[3.220942,41.958678],[3.221013,41.958688],[3.221095,41.958699],[3.221131,41.958702],[3.221186,41.958702],[3.22122,41.958699],[3.221243,41.958694],[3.221273,41.958684],[3.221308,41.958663],[3.221323,41.958648],[3.221335,41.958631],[3.22134,41.958593],[3.221338,41.958564],[3.221326,41.958524],[3.221308,41.958486],[3.221296,41.958468],[3.221519,41.95841],[3.221726,41.958355],[3.221652,41.958226],[3.22152,41.957969],[3.221211,41.958058],[3.22122,41.958043],[3.221436,41.957757],[3.221407,41.957738],[3.221228,41.957624],[3.221086,41.957423],[3.221042,41.957271],[3.220943,41.957034],[3.220934,41.957014],[3.220929,41.957009],[3.220851,41.956869],[3.220425,41.95661],[3.220211,41.956456],[3.220192,41.956439],[3.220088,41.956356],[3.219984,41.956273],[3.219899,41.956204],[3.219809,41.956138],[3.219753,41.956103],[3.219665,41.956055],[3.219651,41.956048],[3.219565,41.955983],[3.219431,41.955883],[3.219019,41.95564],[3.218808,41.955516],[3.218799,41.955503],[3.218766,41.955488],[3.21874,41.955471],[3.218718,41.955451],[3.218694,41.955419],[3.218674,41.955385],[3.218649,41.955335],[3.218626,41.955284],[3.218621,41.955265],[3.218605,41.955242],[3.218598,41.955229],[3.218555,41.955125],[3.218526,41.955063],[3.218409,41.954911],[3.218397,41.954903],[3.218369,41.954892],[3.218331,41.95488],[3.218267,41.954864],[3.218203,41.954852],[3.218142,41.954842],[3.218084,41.954832],[3.218043,41.954821],[3.218014,41.954813],[3.217943,41.954794],[3.217912,41.954783],[3.217881,41.954771],[3.217821,41.954745],[3.217767,41.954728],[3.217712,41.954714],[3.217675,41.954709],[3.217646,41.954709],[3.217616,41.954712],[3.217558,41.954722],[3.217518,41.95473],[3.21748,41.954741],[3.217455,41.954752],[3.21743,41.954774],[3.217414,41.954799],[3.217407,41.954817],[3.217403,41.954841],[3.2174,41.954866],[3.217399,41.954874],[3.217397,41.954891],[3.217389,41.954903],[3.217381,41.954914],[3.217369,41.954924],[3.217353,41.954935],[3.217317,41.954946],[3.217299,41.954952],[3.217267,41.954963],[3.217237,41.954971],[3.217145,41.954981],[3.217134,41.954982],[3.216649,41.954867],[3.216617,41.954858],[3.216517,41.954829],[3.216511,41.954824],[3.216484,41.954807],[3.216474,41.954804],[3.216458,41.954804],[3.216441,41.954807],[3.216263,41.954755],[3.216131,41.954728],[3.215716,41.954596],[3.215643,41.95458],[3.215672,41.954637],[3.215676,41.954645],[3.215676,41.95465],[3.215676,41.954666],[3.215665,41.954674],[3.21564,41.954692],[3.215607,41.954721],[3.215573,41.954751],[3.21554,41.954778],[3.215523,41.954786],[3.215501,41.954793],[3.215452,41.954805],[3.215394,41.954821],[3.215336,41.954837],[3.215278,41.954857],[3.215223,41.95488],[3.21518,41.954899],[3.215137,41.954919],[3.215094,41.954939],[3.21505,41.95496],[3.215032,41.954971],[3.215017,41.954985],[3.214996,41.955011],[3.214969,41.955048],[3.214945,41.955087],[3.214923,41.955131],[3.214904,41.955177],[3.214893,41.955223],[3.214889,41.955269],[3.214893,41.955304],[3.214903,41.955338],[3.214915,41.95536],[3.214945,41.955405],[3.214973,41.955448],[3.215,41.955497],[3.215023,41.955546],[3.21503,41.955572],[3.21503,41.955598],[3.215027,41.955614],[3.21501,41.955651],[3.214986,41.955688],[3.214958,41.955722],[3.214926,41.955754],[3.214903,41.95577],[3.214878,41.955783],[3.214862,41.955789],[3.214839,41.955794],[3.214799,41.955795],[3.214757,41.955792],[3.214703,41.955786],[3.21465,41.955777],[3.214632,41.955772],[3.214613,41.955763],[3.214566,41.955744],[3.214526,41.955736],[3.214485,41.955734],[3.214456,41.955739],[3.214418,41.955752],[3.214383,41.955767],[3.214347,41.955783],[3.21431,41.955803],[3.214275,41.955834],[3.214251,41.955868],[3.214231,41.955906],[3.214213,41.955945],[3.214198,41.95598],[3.214184,41.956014],[3.214169,41.956056],[3.214153,41.956098],[3.214139,41.956137],[3.214125,41.956175],[3.214109,41.956207],[3.21409,41.956237],[3.214076,41.956251],[3.21406,41.956259],[3.214055,41.956257],[3.214055,41.956242],[3.214035,41.95629],[3.214028,41.956307],[3.214063,41.95658],[3.214092,41.956644],[3.21418,41.956838],[3.214398,41.956775],[3.21449,41.956748],[3.214606,41.956841],[3.214628,41.956862],[3.214653,41.956884],[3.21476,41.956985],[3.215183,41.957075],[3.215185,41.957057],[3.215222,41.957066],[3.215442,41.957123],[3.215628,41.957168],[3.215679,41.957176],[3.215717,41.957181],[3.215753,41.957186],[3.215807,41.957197],[3.215889,41.957208],[3.215972,41.957216],[3.216025,41.957218],[3.216105,41.957213],[3.216184,41.957202],[3.216324,41.957173],[3.216392,41.957154],[3.216457,41.957131],[3.216525,41.957104],[3.216592,41.957077],[3.216605,41.957072],[3.216643,41.957062],[3.216652,41.95706],[3.2167,41.95705],[3.216733,41.957047],[3.216785,41.957046],[3.216828,41.957045],[3.216857,41.95704],[3.216878,41.957044],[3.217002,41.95707],[3.217123,41.957104],[3.217122,41.957127],[3.217116,41.957371],[3.217248,41.95763],[3.217245,41.957631],[3.217272,41.957668],[3.217361,41.957676],[3.217361,41.95767],[3.217584,41.957648],[3.217703,41.957746],[3.217799,41.957824],[3.217923,41.9578],[3.218076,41.957716],[3.218268,41.957625],[3.218648,41.95763],[3.218809,41.957633],[3.219128,41.95754],[3.219135,41.957537],[3.219151,41.957533],[3.219313,41.957493],[3.21947,41.957463],[3.219585,41.957441],[3.219634,41.957442],[3.219661,41.957538],[3.219672,41.957612],[3.21967,41.957665],[3.219659,41.957762],[3.219599,41.958087],[3.219592,41.958129],[3.219583,41.958193],[3.219573,41.958256],[3.219554,41.958359],[3.219546,41.9584],[3.219526,41.958496],[3.219516,41.958545],[3.219501,41.958633],[3.219488,41.958722],[3.219488,41.95875],[3.219498,41.958791],[3.219517,41.958831],[3.219535,41.95886],[3.219547,41.958875],[3.219561,41.958888],[3.219583,41.958905],[3.219621,41.958926],[3.219626,41.95893],[3.219658,41.95895],[3.219678,41.958963],[3.219779,41.95902],[3.219885,41.959071],[3.219942,41.959095],[3.219965,41.95905],[3.220022,41.959075],[3.220029,41.959077],[3.220195,41.959134],[3.220235,41.959148],[3.220521,41.959055]]]]}},{"type":"Feature","id":"170139_170139 AP43 BEM 2","properties":{"area_id":"170139_170139 AP43 BEM 2","nom":"Pla de ses Vinyes","codi_icgc":"170139 AP43 BEM 2","categoria":"Àrees de poblament","codi_municipi":"170139","municipi":"Begur","codi_comarca":"10","comarca":"Baix Empordà","provincia":"Girona","font":"ICGC Àrees de poblament v3r1 202602"},"geometry":{"type":"MultiPolygon","coordinates":[[[[3.203582,41.94318],[3.203744,41.943214],[3.203843,41.943204],[3.204006,41.943187],[3.204082,41.943173],[3.204191,41.943151],[3.204366,41.943091],[3.204576,41.942986],[3.204717,41.942928],[3.204908,41.942873],[3.205045,41.942844],[3.204788,41.942796],[3.204662,41.942801],[3.204639,41.942795],[3.204692,41.942748],[3.204774,41.942675],[3.204751,41.942549],[3.204753,41.942519],[3.204757,41.942437],[3.204779,41.942413],[3.204832,41.942362],[3.204844,41.942351],[3.204883,41.942318],[3.204921,41.94229],[3.204963,41.942266],[3.205012,41.94223],[3.205055,41.94219],[3.205093,41.942147],[3.205123,41.942102],[3.205147,41.942054],[3.205163,41.942004],[3.205164,41.942002],[3.20519,41.941951],[3.205209,41.941899],[3.20522,41.941845],[3.205224,41.941791],[3.205221,41.941737],[3.205218,41.941721],[3.205233,41.941585],[3.205083,41.941576],[3.205136,41.941304],[3.205162,41.941126],[3.205154,41.941119],[3.205136,41.9411],[3.205097,41.941104],[3.205063,41.941109],[3.205031,41.941115],[3.204945,41.941139],[3.20488,41.941156],[3.204866,41.94114],[3.204846,41.941126],[3.204825,41.941115],[3.204786,41.941099],[3.204757,41.941091],[3.204714,41.941084],[3.20438,41.940818],[3.204184,41.940642],[3.204103,41.940561],[3.203823,41.940666],[3.203768,41.940693],[3.203716,41.940722],[3.203667,41.940755],[3.203621,41.94079],[3.203589,41.940818],[3.203559,41.940847],[3.203531,41.940878],[3.203506,41.940909],[3.203483,41.940942],[3.203462,41.940975],[3.203444,41.94101],[3.203428,41.941045],[3.203398,41.941182],[3.203393,41.941205],[3.203433,41.941348],[3.203332,41.941574],[3.203247,41.941713],[3.203213,41.941783],[3.203183,41.941833],[3.203132,41.941908],[3.203076,41.941981],[3.202973,41.942106],[3.20287,41.94223],[3.202841,41.942265],[3.202811,41.9423],[3.202786,41.942338],[3.202772,41.94237],[3.202758,41.942418],[3.202752,41.942466],[3.202747,41.94251],[3.202752,41.942554],[3.202758,41.942606],[3.202786,41.942653],[3.202816,41.942704],[3.202827,41.94272],[3.202858,41.942756],[3.202921,41.94282],[3.202989,41.942882],[3.203064,41.942939],[3.203143,41.942992],[3.203166,41.943005],[3.203235,41.943038],[3.203325,41.943058],[3.203353,41.943071],[3.203582,41.94318]]]]}},{"type":"Feature","id":"170139_170139 AP10 BEM 1","properties":{"area_id":"170139_170139 AP10 BEM 1","nom":"Platja Fonda","codi_icgc":"170139 AP10 BEM 1","categoria":"Àrees de poblament","codi_municipi":"170139","municipi":"Begur","codi_comarca":"10","comarca":"Baix Empordà","provincia":"Girona","font":"ICGC Àrees de poblament v3r1 202602"},"geometry":{"type":"MultiPolygon","coordinates":[[[[3.215534,41.941015],[3.215335,41.941145],[3.21535,41.941252],[3.215251,41.941281],[3.215168,41.941226],[3.215127,41.941197],[3.215107,41.941183],[3.214827,41.941373],[3.214789,41.941388],[3.214641,41.941449],[3.214548,41.94153],[3.214521,41.941591],[3.214517,41.941612],[3.214497,41.941645],[3.214506,41.941651],[3.214583,41.941701],[3.214467,41.94184],[3.214552,41.941875],[3.214514,41.941991],[3.214397,41.942219],[3.214372,41.942243],[3.214341,41.942262],[3.214306,41.942277],[3.214268,41.942287],[3.214227,41.942291],[3.214187,41.94229],[3.214158,41.942285],[3.214119,41.942284],[3.21408,41.942288],[3.214043,41.942298],[3.214009,41.942313],[3.21398,41.942333],[3.213956,41.942356],[3.213939,41.942383],[3.213929,41.942411],[3.213929,41.942416],[3.213929,41.942422],[3.213929,41.942477],[3.213844,41.942478],[3.213851,41.942804],[3.213847,41.94282],[3.213887,41.942822],[3.213925,41.942816],[3.213892,41.942881],[3.213688,41.943094],[3.213764,41.943132],[3.213754,41.943354],[3.213634,41.943382],[3.21349,41.943394],[3.213258,41.943356],[3.213124,41.943361],[3.213061,41.943404],[3.21301,41.943566],[3.212953,41.943642],[3.212932,41.943778],[3.212926,41.943792],[3.2131,41.943896],[3.213187,41.943955],[3.213194,41.94396],[3.213339,41.94406],[3.213517,41.944158],[3.213632,41.944165],[3.213687,41.944168],[3.213757,41.944166],[3.213792,41.944161],[3.213827,41.944154],[3.213891,41.944136],[3.21395,41.944111],[3.214165,41.944],[3.214234,41.943965],[3.21438,41.943889],[3.214601,41.943774],[3.214822,41.943659],[3.21489,41.943626],[3.214996,41.943581],[3.215106,41.94354],[3.215152,41.943525],[3.215221,41.943507],[3.215269,41.943498],[3.215753,41.943274],[3.215785,41.943282],[3.216081,41.943356],[3.216298,41.943412],[3.216308,41.943415],[3.216373,41.943241],[3.216297,41.943189],[3.21619,41.943117],[3.216021,41.943087],[3.215924,41.943063],[3.215906,41.943061],[3.21596,41.943056],[3.216015,41.94305],[3.216041,41.943046],[3.216066,41.943038],[3.216098,41.943022],[3.216124,41.943001],[3.216143,41.942979],[3.216158,41.942955],[3.216167,41.942936],[3.216175,41.942917],[3.216177,41.942904],[3.216176,41.942877],[3.21617,41.942849],[3.216162,41.942808],[3.216151,41.942767],[3.216131,41.942712],[3.216111,41.942656],[3.2161,41.942625],[3.216088,41.942593],[3.216084,41.942576],[3.216083,41.94256],[3.216088,41.94254],[3.216094,41.942519],[3.216093,41.942505],[3.216086,41.942491],[3.216075,41.942481],[3.216063,41.942472],[3.216101,41.942468],[3.216099,41.942383],[3.216096,41.942297],[3.216102,41.942281],[3.216115,41.942265],[3.216132,41.942254],[3.216152,41.942244],[3.216163,41.942235],[3.216227,41.942168],[3.216284,41.942097],[3.21632,41.942047],[3.216333,41.942024],[3.216341,41.941999],[3.216344,41.941975],[3.216339,41.941951],[3.216324,41.941921],[3.216309,41.941892],[3.216323,41.941883],[3.216338,41.941866],[3.216346,41.941846],[3.216347,41.941826],[3.216342,41.941811],[3.216555,41.941791],[3.216667,41.941666],[3.216731,41.941598],[3.216814,41.941582],[3.216769,41.941452],[3.21674,41.941457],[3.216719,41.941423],[3.21671,41.941408],[3.216673,41.941354],[3.2165,41.941335],[3.216427,41.941327],[3.21611,41.941207],[3.215561,41.940998],[3.215543,41.94101],[3.215534,41.941015]]]]}},{"type":"Feature","id":"170139_170139 AP39 BEM 1","properties":{"area_id":"170139_170139 AP39 BEM 1","nom":"Platja de Fornells","codi_icgc":"170139 AP39 BEM 1","categoria":"Àrees de poblament","codi_municipi":"170139","municipi":"Begur","codi_comarca":"10","comarca":"Baix Empordà","provincia":"Girona","font":"ICGC Àrees de poblament v3r1 202602"},"geometry":{"type":"MultiPolygon","coordinates":[[[[3.215465,41.939378],[3.215859,41.93907],[3.215979,41.939133],[3.216154,41.939239],[3.216421,41.939054],[3.21643,41.939062],[3.216581,41.939242],[3.216932,41.939232],[3.216858,41.939022],[3.216906,41.938997],[3.217012,41.938983],[3.217008,41.938946],[3.217123,41.938932],[3.21711,41.938893],[3.217231,41.938882],[3.217186,41.938732],[3.217165,41.938698],[3.217124,41.938683],[3.21704,41.938674],[3.217013,41.938675],[3.216832,41.938708],[3.216632,41.938744],[3.216292,41.938786],[3.216251,41.938677],[3.21623,41.93861],[3.216222,41.938543],[3.216231,41.938472],[3.216262,41.938409],[3.216306,41.93841],[3.216313,41.938402],[3.216378,41.938368],[3.216447,41.938345],[3.216544,41.938332],[3.216553,41.938319],[3.21655,41.938155],[3.216327,41.938158],[3.216332,41.937969],[3.216093,41.937967],[3.216098,41.938092],[3.21603,41.938095],[3.215932,41.9381],[3.215938,41.938282],[3.215936,41.938291],[3.215929,41.93832],[3.215866,41.938332],[3.215827,41.938334],[3.215793,41.938326],[3.215771,41.938312],[3.215745,41.938224],[3.215612,41.938256],[3.215655,41.938414],[3.215901,41.938563],[3.215862,41.938664],[3.215752,41.938749],[3.215492,41.938972],[3.215174,41.939222],[3.214853,41.939471],[3.214847,41.939475],[3.214875,41.939494],[3.214886,41.939503],[3.215326,41.939453],[3.215386,41.93944],[3.215465,41.939378]]]]}},{"type":"Feature","id":"170139_170139 AP38 BEM 1","properties":{"area_id":"170139_170139 AP38 BEM 1","nom":"Platja del Racó","codi_icgc":"170139 AP38 BEM 1","categoria":"Àrees de poblament","codi_municipi":"170139","municipi":"Begur","codi_comarca":"10","comarca":"Baix Empordà","provincia":"Girona","font":"ICGC Àrees de poblament v3r1 202602"},"geometry":{"type":"MultiPolygon","coordinates":[[[[3.209102,41.978532],[3.20912,41.978528],[3.209134,41.978539],[3.209414,41.978542],[3.209606,41.978448],[3.209748,41.978463],[3.209771,41.978431],[3.209846,41.978437],[3.209846,41.978399],[3.209846,41.978364],[3.209766,41.97832],[3.209703,41.978313],[3.209633,41.978306],[3.2096,41.978197],[3.209546,41.977936],[3.209545,41.977812],[3.209566,41.977688],[3.20958,41.977584],[3.209617,41.977523],[3.209499,41.977291],[3.20917,41.977243],[3.209068,41.977062],[3.208908,41.977029],[3.208831,41.976957],[3.20876,41.976799],[3.208758,41.976795],[3.208679,41.976779],[3.208669,41.97677],[3.20865,41.976754],[3.208639,41.976745],[3.208605,41.976638],[3.2086,41.97662],[3.208589,41.976575],[3.20849,41.976134],[3.208486,41.976115],[3.208465,41.976011],[3.208452,41.975964],[3.20843,41.975927],[3.208414,41.97591],[3.208403,41.975904],[3.208383,41.975899],[3.208363,41.975899],[3.208347,41.975906],[3.208337,41.975914],[3.208334,41.975919],[3.208277,41.976164],[3.20819,41.976789],[3.208119,41.977173],[3.208025,41.977528],[3.207989,41.977698],[3.20795,41.977784],[3.207858,41.977925],[3.207743,41.978051],[3.207652,41.978186],[3.207497,41.978466],[3.207315,41.978735],[3.207716,41.978927],[3.207877,41.978972],[3.207983,41.978979],[3.20806,41.978958],[3.208295,41.978853],[3.208395,41.978804],[3.208545,41.978725],[3.208753,41.978652],[3.208906,41.978626],[3.208934,41.978623],[3.209023,41.978611],[3.209029,41.978571],[3.209014,41.978551],[3.209059,41.978542],[3.209102,41.978532]]],[[[3.206074,41.980878],[3.206148,41.980764],[3.206273,41.980806],[3.206706,41.98093],[3.206726,41.980935],[3.206915,41.980629],[3.206931,41.980634],[3.206987,41.980538],[3.206985,41.98056],[3.207032,41.980562],[3.207045,41.980432],[3.206993,41.98043],[3.206997,41.980389],[3.207091,41.980373],[3.207053,41.98025],[3.206989,41.980261],[3.207,41.980186],[3.207018,41.980072],[3.206981,41.980062],[3.206988,41.980018],[3.207045,41.979643],[3.207028,41.979435],[3.207023,41.97939],[3.207119,41.979381],[3.207056,41.979193],[3.207036,41.979134],[3.206968,41.979005],[3.206955,41.978989],[3.206819,41.979036],[3.206728,41.979029],[3.206643,41.978997],[3.206542,41.9789],[3.206446,41.97879],[3.20634,41.978797],[3.206283,41.978865],[3.206145,41.979044],[3.205954,41.979266],[3.205653,41.979553],[3.205409,41.979764],[3.205146,41.979865],[3.204639,41.980033],[3.204395,41.980071],[3.204346,41.980067],[3.204249,41.980036],[3.204241,41.980172],[3.204548,41.980206],[3.204696,41.980213],[3.204762,41.980196],[3.204885,41.98015],[3.204974,41.980092],[3.205041,41.980035],[3.205128,41.980185],[3.205345,41.980141],[3.20554,41.980459],[3.205691,41.980556],[3.205635,41.980606],[3.205412,41.980792],[3.205712,41.980914],[3.205967,41.981019],[3.206074,41.980878]]]]}},{"type":"Feature","id":"170139_170139 SI01 BEM 3","properties":{"area_id":"170139_170139 SI01 BEM 3","nom":"Polígon industrial Riera d'Esclanyà","codi_icgc":"170139 SI01 BEM 3","categoria":"Sector industrial","codi_municipi":"170139","municipi":"Begur","codi_comarca":"10","comarca":"Baix Empordà","provincia":"Girona","font":"ICGC Àrees de poblament v3r1 202602"},"geometry":{"type":"MultiPolygon","coordinates":[[[[3.155965,41.937068],[3.156027,41.937382],[3.157039,41.937629],[3.157685,41.937238],[3.157726,41.937274],[3.157724,41.937286],[3.157759,41.93729],[3.157764,41.937304],[3.157779,41.937329],[3.157801,41.93735],[3.157824,41.937363],[3.157849,41.93737],[3.157866,41.937372],[3.157915,41.937371],[3.157965,41.93737],[3.158027,41.937369],[3.15809,41.937368],[3.158109,41.937369],[3.158127,41.937374],[3.15816,41.93739],[3.158182,41.937411],[3.158223,41.937444],[3.158217,41.937445],[3.158204,41.937472],[3.158231,41.937526],[3.158401,41.93787],[3.158455,41.937874],[3.158459,41.937887],[3.158727,41.937894],[3.158624,41.938071],[3.159167,41.938189],[3.159872,41.938406],[3.161271,41.938788],[3.161279,41.938807],[3.161283,41.938816],[3.161287,41.938825],[3.161296,41.938845],[3.16132,41.938852],[3.161489,41.938856],[3.158861,41.932904],[3.158712,41.93261],[3.158487,41.932107],[3.158078,41.931226],[3.157432,41.929747],[3.15743,41.929751],[3.157319,41.92987],[3.157195,41.929951],[3.157055,41.930034],[3.156911,41.930114],[3.156763,41.930189],[3.156733,41.930203],[3.15673,41.930199],[3.156628,41.930246],[3.156611,41.930258],[3.156398,41.930411],[3.156692,41.930853],[3.157382,41.932374],[3.157389,41.932392],[3.157391,41.932416],[3.157385,41.932439],[3.157372,41.93246],[3.157353,41.932478],[3.157328,41.932493],[3.157299,41.932502],[3.156974,41.932578],[3.156941,41.932594],[3.156905,41.932617],[3.156875,41.932644],[3.156851,41.932674],[3.156834,41.932707],[3.156824,41.932741],[3.156728,41.933085],[3.156725,41.933097],[3.156192,41.933228],[3.156014,41.933413],[3.156077,41.933728],[3.156021,41.933823],[3.155936,41.933882],[3.15585,41.933941],[3.155832,41.933956],[3.155812,41.933984],[3.155804,41.934002],[3.155798,41.934014],[3.155785,41.934054],[3.155779,41.93409],[3.155777,41.934153],[3.155778,41.934249],[3.155772,41.934296],[3.155758,41.934342],[3.15575,41.934359],[3.155726,41.934412],[3.155699,41.934463],[3.155675,41.9345],[3.155633,41.934553],[3.155608,41.934577],[3.155581,41.934599],[3.155488,41.934667],[3.155419,41.934718],[3.155428,41.93474],[3.155476,41.934854],[3.155483,41.93487],[3.155519,41.934899],[3.155578,41.934947],[3.155594,41.934966],[3.155601,41.934982],[3.155608,41.935034],[3.155608,41.93507],[3.1556,41.935123],[3.155597,41.935149],[3.155598,41.935175],[3.155608,41.935219],[3.155633,41.935283],[3.155644,41.935315],[3.155651,41.935348],[3.155652,41.935381],[3.155647,41.935431],[3.155635,41.935481],[3.155624,41.935507],[3.155595,41.93555],[3.155546,41.935613],[3.155527,41.935645],[3.155515,41.935679],[3.155508,41.935741],[3.155508,41.935835],[3.155518,41.935928],[3.155535,41.936002],[3.155569,41.936111],[3.155581,41.936166],[3.155586,41.936221],[3.155584,41.936263],[3.155574,41.936336],[3.155552,41.936445],[3.155542,41.9365],[3.155536,41.936555],[3.155535,41.936606],[3.155539,41.936683],[3.155538,41.936722],[3.155532,41.93676],[3.155505,41.936858],[3.155474,41.936955],[3.155467,41.936974],[3.155461,41.936993],[3.155465,41.936999],[3.155474,41.937002],[3.155513,41.937003],[3.155547,41.936999],[3.155576,41.936991],[3.155607,41.936983],[3.155698,41.936951],[3.155744,41.936939],[3.15579,41.936932],[3.155866,41.936929],[3.155942,41.936929],[3.155983,41.937081],[3.155965,41.937068]]]]}},{"type":"Feature","id":"170139_170139 AP46 BEM 2","properties":{"area_id":"170139_170139 AP46 BEM 2","nom":"Port d'es Pi","codi_icgc":"170139 AP46 BEM 2","categoria":"Àrees de poblament","codi_municipi":"170139","municipi":"Begur","codi_comarca":"10","comarca":"Baix Empordà","provincia":"Girona","font":"ICGC Àrees de poblament v3r1 202602"},"geometry":{"type":"MultiPolygon","coordinates":[[[[3.213797,41.971033],[3.213667,41.97119],[3.213649,41.971222],[3.213633,41.971255],[3.213611,41.97132],[3.213586,41.971422],[3.213571,41.971526],[3.213559,41.971658],[3.213551,41.97179],[3.213547,41.971925],[3.213547,41.971938],[3.213546,41.97206],[3.213552,41.972205],[3.213557,41.972252],[3.21358,41.97231],[3.213568,41.972343],[3.213566,41.972356],[3.21356,41.972403],[3.213554,41.972471],[3.21355,41.972534],[3.213552,41.972561],[3.213558,41.972586],[3.21357,41.972616],[3.213573,41.972622],[3.213586,41.972637],[3.213644,41.972665],[3.213713,41.972718],[3.213696,41.972739],[3.213668,41.9728],[3.213659,41.972819],[3.213647,41.972859],[3.213635,41.972904],[3.213618,41.972946],[3.213607,41.972968],[3.213588,41.973002],[3.213564,41.973022],[3.213529,41.973041],[3.21352,41.973044],[3.213491,41.973054],[3.21345,41.973063],[3.213408,41.973065],[3.213384,41.973063],[3.213366,41.973062],[3.213343,41.973084],[3.21332,41.973107],[3.213271,41.973136],[3.213298,41.973154],[3.213361,41.973174],[3.213432,41.97321],[3.213484,41.97325],[3.213511,41.973283],[3.213544,41.973364],[3.2136,41.973427],[3.213595,41.973434],[3.213579,41.973462],[3.213557,41.973485],[3.213541,41.973501],[3.213535,41.973507],[3.213535,41.973507],[3.213496,41.973522],[3.213493,41.973523],[3.213429,41.973552],[3.2134,41.973569],[3.213373,41.973588],[3.213348,41.97361],[3.213327,41.973634],[3.213307,41.973665],[3.213286,41.973695],[3.213254,41.973694],[3.213184,41.973693],[3.213115,41.973691],[3.213092,41.973691],[3.213052,41.973696],[3.213022,41.973703],[3.212976,41.973719],[3.212931,41.973738],[3.212926,41.973741],[3.21292,41.97379],[3.212914,41.973835],[3.212915,41.973836],[3.212948,41.973933],[3.213016,41.974004],[3.213064,41.974033],[3.213126,41.974068],[3.213217,41.974104],[3.213256,41.974097],[3.213274,41.974084],[3.213295,41.97407],[3.213299,41.974068],[3.213299,41.974067],[3.213311,41.974034],[3.213323,41.974027],[3.213496,41.97393],[3.213617,41.973917],[3.213691,41.973909],[3.213908,41.973802],[3.214075,41.973719],[3.214141,41.973711],[3.214375,41.973659],[3.214528,41.973658],[3.214739,41.973697],[3.214759,41.973701],[3.214816,41.973711],[3.21498,41.973739],[3.215065,41.973754],[3.215092,41.973765],[3.215217,41.973794],[3.215259,41.973676],[3.215307,41.973566],[3.215456,41.97359],[3.215545,41.973603],[3.215605,41.973616],[3.215604,41.973648],[3.215589,41.973649],[3.215593,41.973667],[3.215601,41.9737],[3.215611,41.973719],[3.215633,41.97374],[3.215657,41.973756],[3.215696,41.973768],[3.215745,41.973775],[3.215797,41.973778],[3.21584,41.973778],[3.215895,41.973762],[3.215926,41.973749],[3.215952,41.973731],[3.215979,41.973699],[3.215981,41.973651],[3.215981,41.973621],[3.21598,41.973612],[3.216041,41.973541],[3.216051,41.973438],[3.216033,41.97332],[3.216011,41.973186],[3.215956,41.972987],[3.215919,41.972904],[3.21588,41.972841],[3.215879,41.97284],[3.21589,41.972833],[3.215896,41.972829],[3.215965,41.972783],[3.215993,41.972758],[3.216017,41.972729],[3.216154,41.972553],[3.216154,41.972529],[3.216148,41.972517],[3.21614,41.972481],[3.216139,41.972475],[3.216132,41.972404],[3.216129,41.972327],[3.216129,41.97223],[3.21613,41.972132],[3.216132,41.97207],[3.216139,41.972007],[3.216148,41.971966],[3.216172,41.971918],[3.216199,41.97187],[3.216218,41.971838],[3.216219,41.971836],[3.21626,41.971764],[3.216303,41.97169],[3.216305,41.971684],[3.216322,41.971643],[3.216333,41.971596],[3.216336,41.971564],[3.216334,41.971503],[3.21633,41.971441],[3.216322,41.97136],[3.216315,41.971278],[3.216317,41.971204],[3.216326,41.97113],[3.216338,41.971057],[3.216349,41.970985],[3.216355,41.970909],[3.216361,41.970834],[3.216367,41.970777],[3.216375,41.97072],[3.216385,41.970683],[3.216404,41.970623],[3.216424,41.970565],[3.21643,41.970547],[3.216443,41.970421],[3.216442,41.970419],[3.216426,41.970398],[3.216404,41.970384],[3.216401,41.970382],[3.2164,41.970381],[3.216398,41.970381],[3.216387,41.970346],[3.21637,41.970294],[3.216357,41.970262],[3.216342,41.970231],[3.216306,41.970172],[3.21628,41.970133],[3.21622,41.97004],[3.216158,41.969948],[3.216097,41.969862],[3.216038,41.969776],[3.216027,41.969746],[3.216022,41.969714],[3.216014,41.969647],[3.216004,41.969603],[3.215994,41.96956],[3.215985,41.969529],[3.215979,41.96952],[3.215969,41.969513],[3.215961,41.96951],[3.215944,41.969506],[3.215869,41.969533],[3.215868,41.969533],[3.21585,41.969557],[3.215841,41.969575],[3.215837,41.969599],[3.215842,41.969649],[3.215851,41.969698],[3.215871,41.969794],[3.215878,41.969858],[3.215882,41.969945],[3.215882,41.970032],[3.215877,41.970089],[3.215865,41.970128],[3.215844,41.970166],[3.215827,41.97019],[3.2158,41.970222],[3.215771,41.97025],[3.215738,41.970273],[3.215714,41.970285],[3.215678,41.970298],[3.215641,41.970306],[3.215617,41.970308],[3.215584,41.970308],[3.215516,41.970301],[3.215448,41.97029],[3.215406,41.970278],[3.215366,41.970266],[3.215319,41.970248],[3.215242,41.970216],[3.215163,41.970183],[3.215047,41.970132],[3.214931,41.970082],[3.214885,41.970065],[3.214849,41.970055],[3.214793,41.970044],[3.214736,41.970038],[3.214633,41.970033],[3.21453,41.970029],[3.214447,41.970031],[3.214406,41.970031],[3.214365,41.970029],[3.214339,41.970018],[3.214309,41.969996],[3.214283,41.969969],[3.214241,41.969923],[3.214201,41.969876],[3.21419,41.969855],[3.214187,41.969846],[3.214144,41.969795],[3.214082,41.969767],[3.214043,41.969764],[3.21397,41.969757],[3.2139,41.96975],[3.213831,41.969741],[3.213797,41.969735],[3.213747,41.969721],[3.213699,41.969705],[3.213685,41.9697],[3.213645,41.969698],[3.21363,41.969698],[3.213613,41.969712],[3.213471,41.969832],[3.213183,41.969995],[3.213126,41.97002],[3.213175,41.970098],[3.213237,41.970204],[3.213293,41.970298],[3.213322,41.970328],[3.213396,41.970378],[3.21348,41.970433],[3.213595,41.970486],[3.213713,41.970547],[3.21379,41.970588],[3.213862,41.970638],[3.213931,41.970687],[3.213964,41.970735],[3.213977,41.970775],[3.213973,41.970816],[3.213957,41.970838],[3.213922,41.970862],[3.213892,41.970876],[3.213898,41.970887],[3.213931,41.97095],[3.213879,41.970979],[3.213854,41.970997],[3.213797,41.971033]]]]}},{"type":"Feature","id":"170139_170139 AP03 BEM 2","properties":{"area_id":"170139_170139 AP03 BEM 2","nom":"Puigvermell","codi_icgc":"170139 AP03 BEM 2","categoria":"Àrees de poblament","codi_municipi":"170139","municipi":"Begur","codi_comarca":"10","comarca":"Baix Empordà","provincia":"Girona","font":"ICGC Àrees de poblament v3r1 202602"},"geometry":{"type":"MultiPolygon","coordinates":[[[[3.202161,41.977586],[3.202136,41.977464],[3.202064,41.97732],[3.202043,41.977285],[3.201785,41.976971],[3.201731,41.976938],[3.201585,41.976842],[3.201463,41.976814],[3.201329,41.976769],[3.201217,41.97674],[3.201166,41.976735],[3.201105,41.976631],[3.201085,41.976547],[3.201101,41.976421],[3.201097,41.976295],[3.20117,41.976181],[3.201323,41.975999],[3.201548,41.975626],[3.201573,41.975584],[3.201568,41.975583],[3.201233,41.975473],[3.20144,41.975354],[3.201855,41.975234],[3.201743,41.974978],[3.200841,41.975206],[3.20081,41.975426],[3.200806,41.9756],[3.200804,41.975698],[3.200819,41.975837],[3.200844,41.976027],[3.200863,41.976165],[3.200871,41.976207],[3.200873,41.97622],[3.200896,41.976225],[3.200876,41.976233],[3.200858,41.976239],[3.200787,41.976266],[3.20079,41.976281],[3.200791,41.976287],[3.200769,41.976296],[3.200598,41.976361],[3.2005,41.976398],[3.200586,41.976508],[3.200707,41.976692],[3.200851,41.976888],[3.20095,41.977042],[3.200965,41.977089],[3.200959,41.97709],[3.201439,41.977672],[3.201539,41.977645],[3.201545,41.977643],[3.201606,41.977618],[3.201738,41.977577],[3.201761,41.977615],[3.201789,41.977708],[3.201797,41.977767],[3.201803,41.977787],[3.202151,41.977737],[3.202181,41.977729],[3.202161,41.977586]]]]}},{"type":"Feature","id":"170139_170139 AP42 BEM 3","properties":{"area_id":"170139_170139 AP42 BEM 3","nom":"Residencial Begur","codi_icgc":"170139 AP42 BEM 3","categoria":"Àrees de poblament","codi_municipi":"170139","municipi":"Begur","codi_comarca":"10","comarca":"Baix Empordà","provincia":"Girona","font":"ICGC Àrees de poblament v3r1 202602"},"geometry":{"type":"MultiPolygon","coordinates":[[[[3.191248,41.941028],[3.191338,41.940872],[3.191335,41.940866],[3.191334,41.940859],[3.19134,41.940846],[3.191363,41.940819],[3.191377,41.940806],[3.191388,41.940794],[3.191445,41.940746],[3.191502,41.940697],[3.191586,41.940623],[3.191671,41.940548],[3.19174,41.940487],[3.19181,41.940425],[3.191895,41.940354],[3.191985,41.940286],[3.192064,41.940229],[3.192148,41.940175],[3.192206,41.940141],[3.192303,41.940089],[3.192403,41.940043],[3.192493,41.940005],[3.192583,41.939967],[3.192599,41.939961],[3.192615,41.939961],[3.19263,41.939967],[3.19265,41.939979],[3.192673,41.939987],[3.192699,41.939988],[3.192723,41.939984],[3.192746,41.939975],[3.192763,41.939961],[3.192774,41.939944],[3.192778,41.939925],[3.192774,41.939906],[3.192763,41.939889],[3.19275,41.939878],[3.192734,41.939867],[3.192679,41.939827],[3.192661,41.939815],[3.192406,41.939673],[3.191992,41.939456],[3.191789,41.939355],[3.191608,41.939261],[3.191516,41.939327],[3.191658,41.93956],[3.191675,41.939582],[3.191527,41.939679],[3.191198,41.939801],[3.191072,41.939849],[3.191024,41.939806],[3.190817,41.939641],[3.190844,41.939624],[3.190868,41.939608],[3.190894,41.939593],[3.190951,41.939563],[3.19102,41.939525],[3.19109,41.939487],[3.191108,41.939473],[3.191122,41.939457],[3.191142,41.939425],[3.191166,41.939387],[3.191536,41.93919],[3.191327,41.938975],[3.191339,41.938965],[3.191186,41.938781],[3.19082,41.938711],[3.190838,41.938651],[3.190844,41.938611],[3.190835,41.938517],[3.190834,41.938511],[3.190821,41.938323],[3.190825,41.938272],[3.190851,41.938268],[3.190818,41.93824],[3.19061,41.938097],[3.190386,41.937976],[3.190342,41.937962],[3.190309,41.937952],[3.1903,41.937951],[3.19022,41.937942],[3.190197,41.938018],[3.190099,41.938009],[3.189779,41.937978],[3.189664,41.938187],[3.189128,41.937962],[3.188846,41.937847],[3.18878,41.937821],[3.18854,41.937762],[3.188463,41.937743],[3.188326,41.937709],[3.188186,41.937525],[3.18814,41.937464],[3.187963,41.937525],[3.187748,41.937598],[3.187717,41.937593],[3.187686,41.937587],[3.187629,41.937576],[3.187597,41.93757],[3.187465,41.937542],[3.187385,41.937525],[3.187334,41.937514],[3.187249,41.937469],[3.187139,41.937446],[3.186954,41.937402],[3.186795,41.937334],[3.186645,41.937305],[3.186574,41.937283],[3.186502,41.937263],[3.186418,41.937242],[3.186334,41.937223],[3.186281,41.937232],[3.186229,41.937241],[3.186224,41.937242],[3.186167,41.937228],[3.186162,41.937256],[3.186156,41.937292],[3.185991,41.937357],[3.185881,41.9374],[3.185907,41.937423],[3.185923,41.93744],[3.185931,41.93745],[3.185933,41.937459],[3.185933,41.937472],[3.18593,41.937483],[3.1859,41.937525],[3.1858,41.937663],[3.185551,41.937516],[3.185547,41.937519],[3.185533,41.93753],[3.185516,41.937546],[3.185501,41.937562],[3.185488,41.937579],[3.185476,41.937598],[3.185466,41.937617],[3.185458,41.937636],[3.185452,41.937656],[3.185649,41.93778],[3.185145,41.937938],[3.185121,41.937942],[3.185096,41.937939],[3.185074,41.937932],[3.185056,41.937919],[3.185042,41.937897],[3.185022,41.937888],[3.185,41.937883],[3.184976,41.937884],[3.184953,41.93789],[3.184934,41.937901],[3.184915,41.937919],[3.184901,41.937938],[3.184897,41.937951],[3.184895,41.937959],[3.184898,41.93798],[3.184911,41.938002],[3.184927,41.938016],[3.184948,41.938025],[3.184965,41.938028],[3.184921,41.938155],[3.18487,41.938149],[3.184768,41.938135],[3.184699,41.938131],[3.184594,41.938132],[3.184489,41.938133],[3.184432,41.938133],[3.184345,41.938131],[3.184232,41.938131],[3.184237,41.938088],[3.184219,41.938072],[3.184198,41.938058],[3.184183,41.938051],[3.184167,41.938046],[3.18415,41.938042],[3.184133,41.93804],[3.184122,41.938056],[3.184108,41.93807],[3.184091,41.938083],[3.184073,41.938094],[3.18404,41.938108],[3.184004,41.938117],[3.183967,41.93812],[3.183935,41.938117],[3.183924,41.938129],[3.183877,41.938239],[3.183819,41.938242],[3.183574,41.938255],[3.183512,41.938256],[3.18348,41.938252],[3.183447,41.93824],[3.183416,41.938222],[3.183397,41.938209],[3.183367,41.938182],[3.183327,41.93814],[3.183307,41.938119],[3.183285,41.938099],[3.183144,41.937988],[3.183002,41.937878],[3.182888,41.937783],[3.182845,41.937748],[3.182792,41.937704],[3.182784,41.937697],[3.182779,41.937689],[3.182777,41.937679],[3.182778,41.93767],[3.182775,41.937539],[3.182774,41.937525],[3.182773,41.937485],[3.182762,41.937397],[3.182733,41.93717],[3.182698,41.937182],[3.182419,41.93728],[3.182265,41.937312],[3.182229,41.937322],[3.182166,41.937593],[3.182255,41.937709],[3.182231,41.937714],[3.182211,41.937724],[3.182196,41.937739],[3.182187,41.937756],[3.182186,41.937774],[3.182193,41.937792],[3.182206,41.937808],[3.182225,41.937819],[3.182238,41.937824],[3.182251,41.937833],[3.18226,41.937842],[3.182194,41.937867],[3.18241,41.938114],[3.182583,41.938313],[3.182602,41.938334],[3.182751,41.938504],[3.182729,41.938524],[3.182645,41.938485],[3.182605,41.93847],[3.18255,41.938454],[3.182517,41.938446],[3.182498,41.938481],[3.182534,41.938489],[3.182585,41.938504],[3.182633,41.938521],[3.182698,41.938552],[3.182669,41.938577],[3.182582,41.938635],[3.182541,41.938665],[3.182502,41.938698],[3.182457,41.938746],[3.182518,41.938895],[3.182495,41.938915],[3.182503,41.938947],[3.182514,41.938995],[3.18252,41.939013],[3.182535,41.93904],[3.182557,41.939064],[3.182589,41.939088],[3.182645,41.939117],[3.182673,41.939132],[3.182699,41.939149],[3.182727,41.939171],[3.182764,41.939207],[3.182796,41.939248],[3.182811,41.939278],[3.18282,41.9393],[3.182826,41.939334],[3.182825,41.939367],[3.182867,41.939384],[3.182872,41.93938],[3.18288,41.939377],[3.182979,41.939374],[3.183218,41.939346],[3.183219,41.939338],[3.18323,41.93934],[3.183236,41.939333],[3.18326,41.939292],[3.183421,41.939331],[3.183495,41.939351],[3.183899,41.939467],[3.184122,41.939538],[3.184115,41.93957],[3.184093,41.93967],[3.184295,41.939723],[3.184389,41.939574],[3.184436,41.9395],[3.184574,41.939546],[3.184637,41.939567],[3.184666,41.939532],[3.184718,41.939471],[3.184773,41.939406],[3.184725,41.939285],[3.184691,41.939271],[3.184687,41.939249],[3.184682,41.939177],[3.184685,41.939175],[3.184713,41.939149],[3.18494,41.939148],[3.184941,41.93917],[3.184942,41.939194],[3.185185,41.93919],[3.185185,41.939167],[3.185184,41.939147],[3.185195,41.939148],[3.185418,41.939144],[3.185607,41.939142],[3.185592,41.939564],[3.18594,41.93953],[3.185965,41.939134],[3.186235,41.939151],[3.186364,41.939215],[3.18649,41.939493],[3.186473,41.939504],[3.186349,41.939585],[3.186563,41.939737],[3.186815,41.940025],[3.1869,41.940136],[3.187001,41.940278],[3.187058,41.940383],[3.187128,41.940456],[3.18735,41.9407],[3.187391,41.940731],[3.18744,41.940758],[3.187453,41.940764],[3.187476,41.940774],[3.187491,41.940781],[3.18751,41.940785],[3.187509,41.940775],[3.187498,41.940682],[3.187483,41.94059],[3.187478,41.940564],[3.187516,41.94061],[3.187629,41.940733],[3.187687,41.940797],[3.187951,41.940838],[3.187929,41.940678],[3.187943,41.940646],[3.188117,41.940723],[3.188266,41.940825],[3.188634,41.940927],[3.188677,41.940962],[3.188732,41.941045],[3.188753,41.941036],[3.188826,41.941009],[3.188941,41.941164],[3.188985,41.941246],[3.188972,41.941246],[3.188947,41.941252],[3.188926,41.941263],[3.18891,41.941278],[3.1889,41.941296],[3.188899,41.941316],[3.188904,41.941334],[3.188917,41.941351],[3.188932,41.941361],[3.188937,41.941363],[3.188945,41.941366],[3.188963,41.941373],[3.188976,41.941385],[3.188982,41.9414],[3.189003,41.94143],[3.189023,41.941461],[3.189049,41.941494],[3.18908,41.941525],[3.18915,41.941584],[3.189206,41.941625],[3.189269,41.941663],[3.189301,41.941679],[3.189334,41.941693],[3.189404,41.941717],[3.189471,41.941732],[3.18954,41.941743],[3.189586,41.941747],[3.18967,41.94175],[3.189754,41.941747],[3.189879,41.941736],[3.190003,41.94172],[3.190108,41.9417],[3.190211,41.941674],[3.190317,41.941642],[3.190419,41.941604],[3.190484,41.941575],[3.190597,41.941517],[3.190703,41.941452],[3.190803,41.941385],[3.1909,41.941315],[3.19099,41.941246],[3.191079,41.941176],[3.191123,41.941134],[3.191165,41.941091],[3.191195,41.941064],[3.191248,41.941028]]],[[[3.204686,41.95043],[3.204723,41.950362],[3.204737,41.950337],[3.204861,41.950315],[3.204943,41.950394],[3.205005,41.950411],[3.205062,41.950404],[3.205077,41.950376],[3.205134,41.950172],[3.205195,41.950025],[3.205253,41.949975],[3.20534,41.949921],[3.205348,41.949913],[3.205363,41.949885],[3.20537,41.949868],[3.205377,41.949841],[3.205383,41.949814],[3.20539,41.949769],[3.205394,41.949723],[3.205397,41.949669],[3.205397,41.949616],[3.205389,41.949565],[3.205373,41.949516],[3.205352,41.949469],[3.205324,41.949426],[3.205298,41.949399],[3.205256,41.949366],[3.205213,41.949335],[3.20512,41.949279],[3.204947,41.949182],[3.204774,41.949085],[3.20472,41.949054],[3.204411,41.948875],[3.204106,41.948697],[3.203936,41.948605],[3.203764,41.94852],[3.203711,41.948498],[3.203654,41.948481],[3.203458,41.948434],[3.203254,41.94839],[3.203152,41.948368],[3.202924,41.948317],[3.20282,41.948293],[3.202715,41.948268],[3.202678,41.948257],[3.202627,41.948235],[3.202579,41.948206],[3.202553,41.948186],[3.202521,41.948153],[3.202509,41.948135],[3.202501,41.948116],[3.202498,41.948105],[3.202441,41.948069],[3.202304,41.947948],[3.202205,41.94784],[3.202164,41.947791],[3.202096,41.947671],[3.202049,41.947544],[3.202028,41.947435],[3.202022,41.947405],[3.202031,41.947345],[3.202027,41.947297],[3.202016,41.947267],[3.202009,41.947248],[3.202002,41.94719],[3.202002,41.947134],[3.202002,41.947079],[3.202004,41.946975],[3.202006,41.946866],[3.202006,41.946796],[3.202014,41.946687],[3.202021,41.946577],[3.202026,41.946468],[3.202027,41.946358],[3.202024,41.946266],[3.20202,41.94622],[3.202015,41.946173],[3.202001,41.946075],[3.20198,41.945977],[3.201965,41.94592],[3.201953,41.945885],[3.202045,41.945906],[3.202212,41.94581],[3.202014,41.945639],[3.202186,41.945522],[3.202329,41.945245],[3.202338,41.945239],[3.202389,41.945208],[3.202466,41.945159],[3.202419,41.945117],[3.202277,41.945],[3.202128,41.944885],[3.202036,41.944804],[3.201943,41.944706],[3.201886,41.944604],[3.201854,41.944513],[3.201828,41.944422],[3.201833,41.944364],[3.201839,41.944303],[3.201855,41.944161],[3.201859,41.944035],[3.201853,41.943876],[3.201788,41.943687],[3.201687,41.943304],[3.201557,41.942828],[3.201453,41.942434],[3.201388,41.94221],[3.201338,41.942021],[3.201323,41.941937],[3.201292,41.941771],[3.201281,41.941769],[3.201249,41.941766],[3.201225,41.941764],[3.201214,41.941788],[3.201208,41.941802],[3.201187,41.941822],[3.20108,41.941853],[3.201032,41.941863],[3.200458,41.941991],[3.200403,41.942003],[3.200322,41.942021],[3.199872,41.94206],[3.199502,41.942092],[3.199419,41.942107],[3.199336,41.942123],[3.199281,41.942147],[3.199181,41.94223],[3.199049,41.942391],[3.198951,41.942587],[3.198822,41.942842],[3.198796,41.942894],[3.19883,41.942995],[3.198848,41.943093],[3.198858,41.943144],[3.198916,41.94342],[3.198967,41.943437],[3.199041,41.943462],[3.199287,41.943531],[3.199459,41.94358],[3.199949,41.943708],[3.200048,41.943738],[3.200425,41.943866],[3.2006,41.943929],[3.200805,41.944011],[3.200858,41.944036],[3.200865,41.944057],[3.20089,41.944145],[3.200489,41.944145],[3.200497,41.944281],[3.200468,41.944479],[3.20041,41.944775],[3.200406,41.944829],[3.200395,41.94488],[3.200352,41.945181],[3.200324,41.945378],[3.200319,41.945419],[3.200327,41.945438],[3.20033,41.945441],[3.200429,41.945508],[3.20055,41.945577],[3.200626,41.945625],[3.200615,41.945649],[3.20042,41.945805],[3.200414,41.945808],[3.200399,41.9458],[3.200366,41.945797],[3.200333,41.9458],[3.20031,41.945807],[3.200302,41.945809],[3.200288,41.945819],[3.200277,41.945835],[3.200275,41.945839],[3.200289,41.945881],[3.200315,41.945904],[3.200325,41.945944],[3.200374,41.946119],[3.200253,41.946084],[3.200163,41.94605],[3.200077,41.946011],[3.199994,41.945967],[3.199915,41.945918],[3.199907,41.945913],[3.199721,41.945771],[3.199641,41.945723],[3.199217,41.945471],[3.199152,41.945436],[3.199087,41.9454],[3.199053,41.945387],[3.199025,41.945381],[3.198981,41.945377],[3.198936,41.945376],[3.198748,41.945377],[3.198791,41.945168],[3.198775,41.945164],[3.198739,41.945153],[3.198689,41.945139],[3.198527,41.945111],[3.198409,41.945091],[3.198242,41.945067],[3.198036,41.945037],[3.198022,41.945034],[3.198006,41.945031],[3.198094,41.944929],[3.198118,41.944899],[3.198131,41.944869],[3.198142,41.944655],[3.198133,41.944657],[3.198104,41.94466],[3.198114,41.944656],[3.198121,41.94465],[3.198127,41.944646],[3.198136,41.944635],[3.198144,41.944612],[3.198144,41.944588],[3.198135,41.944564],[3.198123,41.944544],[3.198108,41.944527],[3.198094,41.944517],[3.198051,41.944496],[3.198005,41.944481],[3.197973,41.944473],[3.198064,41.944318],[3.197981,41.944301],[3.197834,41.944244],[3.197655,41.944085],[3.197467,41.944203],[3.197457,41.944189],[3.197382,41.944067],[3.19731,41.943942],[3.19726,41.943855],[3.19721,41.943767],[3.197203,41.943756],[3.197191,41.943737],[3.197187,41.943716],[3.19719,41.943694],[3.1972,41.943673],[3.197212,41.94366],[3.197227,41.943655],[3.197356,41.943616],[3.197341,41.94359],[3.197468,41.943553],[3.197465,41.943546],[3.197447,41.943514],[3.197413,41.943469],[3.197399,41.943425],[3.197327,41.943258],[3.197043,41.94326],[3.197009,41.94326],[3.196998,41.942947],[3.196935,41.942851],[3.196862,41.942764],[3.196847,41.942756],[3.196658,41.942655],[3.19656,41.942597],[3.196356,41.942476],[3.196312,41.942474],[3.196029,41.942461],[3.195955,41.942435],[3.195914,41.942421],[3.195904,41.942417],[3.195853,41.942316],[3.195806,41.942218],[3.195777,41.942023],[3.195387,41.942038],[3.195383,41.942044],[3.19529,41.942061],[3.195272,41.942051],[3.19483,41.942067],[3.194902,41.942247],[3.194645,41.942236],[3.194397,41.94224],[3.194235,41.94225],[3.19422,41.942251],[3.194185,41.942069],[3.194002,41.942096],[3.19381,41.942125],[3.193766,41.942131],[3.193791,41.941929],[3.193793,41.94191],[3.193766,41.941909],[3.193456,41.941898],[3.193464,41.941812],[3.193469,41.941765],[3.193481,41.941667],[3.193478,41.941638],[3.193442,41.941634],[3.193436,41.941633],[3.193397,41.941627],[3.193391,41.941643],[3.193359,41.941603],[3.193266,41.941486],[3.193184,41.941491],[3.19311,41.941519],[3.193048,41.941554],[3.192968,41.941608],[3.192898,41.941665],[3.192832,41.941732],[3.192827,41.941738],[3.192736,41.941959],[3.192657,41.94215],[3.192812,41.942356],[3.192822,41.942544],[3.192651,41.942547],[3.192543,41.942486],[3.192448,41.942375],[3.192284,41.94224],[3.192124,41.942108],[3.19185,41.941886],[3.191609,41.942033],[3.19149,41.942053],[3.191429,41.942053],[3.191369,41.942083],[3.191243,41.942236],[3.191212,41.942284],[3.191207,41.942292],[3.191089,41.942478],[3.191081,41.94249],[3.190998,41.942567],[3.190873,41.94262],[3.190639,41.94267],[3.190705,41.942832],[3.190736,41.942933],[3.190748,41.94295],[3.190774,41.942989],[3.190819,41.943166],[3.190832,41.943199],[3.190937,41.943474],[3.191759,41.943425],[3.191787,41.943437],[3.191831,41.943438],[3.191841,41.943441],[3.192706,41.943459],[3.192912,41.943463],[3.192968,41.94346],[3.193176,41.943451],[3.193349,41.943721],[3.193782,41.943599],[3.194146,41.943578],[3.19422,41.943561],[3.194382,41.9435],[3.194484,41.943654],[3.194487,41.943658],[3.194515,41.943855],[3.194536,41.943871],[3.19479,41.944066],[3.194731,41.944086],[3.194682,41.944104],[3.194458,41.944277],[3.194334,41.944335],[3.194245,41.944376],[3.194029,41.944402],[3.193928,41.944449],[3.193777,41.94458],[3.193379,41.944633],[3.193354,41.944641],[3.193298,41.944662],[3.193281,41.944668],[3.193182,41.944763],[3.193144,41.944824],[3.193112,41.944878],[3.193587,41.945021],[3.193588,41.945021],[3.195651,41.94564],[3.19447,41.946952],[3.194591,41.947036],[3.194635,41.947071],[3.194648,41.947081],[3.19483,41.947225],[3.19487,41.947262],[3.194943,41.947329],[3.195029,41.947422],[3.195235,41.947554],[3.195273,41.947524],[3.195482,41.947642],[3.195723,41.947786],[3.195732,41.947791],[3.195639,41.94787],[3.19548,41.947998],[3.195503,41.948363],[3.195502,41.948368],[3.195585,41.948434],[3.195554,41.94849],[3.195525,41.948631],[3.195583,41.9488],[3.195723,41.948898],[3.195761,41.948875],[3.196022,41.948725],[3.196127,41.948664],[3.196358,41.948515],[3.196396,41.948491],[3.196463,41.948448],[3.196609,41.948442],[3.19673,41.948507],[3.196814,41.948551],[3.196839,41.948523],[3.196843,41.948518],[3.196863,41.948527],[3.196922,41.948554],[3.196984,41.948564],[3.197005,41.948567],[3.197012,41.948568],[3.197091,41.948583],[3.197104,41.948586],[3.197356,41.948677],[3.197438,41.948699],[3.197504,41.948728],[3.197693,41.948779],[3.198186,41.948792],[3.198245,41.948789],[3.198281,41.948788],[3.198318,41.948785],[3.198332,41.94878],[3.198347,41.948776],[3.198367,41.948769],[3.198527,41.948743],[3.198565,41.948741],[3.198952,41.948714],[3.199054,41.948707],[3.199273,41.948691],[3.199384,41.948685],[3.199607,41.948672],[3.199643,41.94867],[3.199811,41.948661],[3.199984,41.948724],[3.200495,41.948676],[3.200511,41.948675],[3.200662,41.948656],[3.200834,41.948771],[3.200934,41.948838],[3.201109,41.948968],[3.201191,41.949024],[3.201278,41.949077],[3.201311,41.949091],[3.201347,41.949103],[3.201375,41.949109],[3.201421,41.94912],[3.201532,41.949139],[3.201646,41.949151],[3.201717,41.949157],[3.201786,41.949162],[3.2018,41.949163],[3.201957,41.949177],[3.202114,41.949195],[3.202157,41.9492],[3.202205,41.949205],[3.202271,41.949213],[3.202383,41.949227],[3.202571,41.949251],[3.202661,41.949265],[3.202657,41.949305],[3.202593,41.949299],[3.202424,41.949685],[3.202837,41.949744],[3.202858,41.949747],[3.203071,41.949781],[3.203286,41.949815],[3.2033,41.949818],[3.203315,41.949822],[3.203324,41.949824],[3.203336,41.949831],[3.203343,41.949836],[3.203352,41.949846],[3.203356,41.949852],[3.203361,41.949861],[3.20337,41.949868],[3.203386,41.949876],[3.203403,41.949882],[3.203469,41.949908],[3.203537,41.949932],[3.203614,41.949956],[3.203692,41.949981],[3.203765,41.950008],[3.203839,41.950035],[3.203887,41.950047],[3.203936,41.950055],[3.20397,41.95006],[3.203992,41.950062],[3.20404,41.950084],[3.20405,41.950129],[3.204098,41.950323],[3.204153,41.950365],[3.204197,41.950398],[3.204239,41.950412],[3.204266,41.950421],[3.204408,41.950384],[3.20444,41.950376],[3.204499,41.950372],[3.204569,41.950379],[3.204582,41.95038],[3.204595,41.950382],[3.204686,41.95043]]]]}},{"type":"Feature","id":"170139_170139 AP26 BEM 3","properties":{"area_id":"170139_170139 AP26 BEM 3","nom":"Sant Josep","codi_icgc":"170139 AP26 BEM 3","categoria":"Àrees de poblament","codi_municipi":"170139","municipi":"Begur","codi_comarca":"10","comarca":"Baix Empordà","provincia":"Girona","font":"ICGC Àrees de poblament v3r1 202602"},"geometry":{"type":"MultiPolygon","coordinates":[[[[3.170315,41.924373],[3.170312,41.924379],[3.170313,41.924391],[3.170356,41.924467],[3.170399,41.924543],[3.17041,41.924566],[3.17052,41.924787],[3.170614,41.924974],[3.170616,41.924977],[3.17087,41.925374],[3.170873,41.925377],[3.171091,41.925599],[3.171115,41.925597],[3.171317,41.925581],[3.171487,41.925567],[3.171375,41.925299],[3.17138,41.925285],[3.171378,41.92528],[3.171367,41.925254],[3.17131,41.925264],[3.171124,41.925297],[3.171126,41.925249],[3.171146,41.924848],[3.171147,41.924822],[3.171121,41.924749],[3.171155,41.924766],[3.171159,41.924768],[3.171088,41.924685],[3.170977,41.924323],[3.171299,41.924307],[3.171617,41.924294],[3.171824,41.924293],[3.172015,41.924302],[3.172059,41.924304],[3.17208,41.924305],[3.172308,41.92432],[3.17244,41.924335],[3.172541,41.924743],[3.172558,41.924742],[3.17256,41.924748],[3.172652,41.924739],[3.172915,41.924712],[3.173506,41.924769],[3.17351,41.924746],[3.173525,41.924585],[3.173464,41.924377],[3.173465,41.924347],[3.173467,41.92432],[3.173468,41.924287],[3.173469,41.924265],[3.173481,41.924229],[3.173455,41.923913],[3.173455,41.923814],[3.172925,41.923765],[3.171325,41.923531],[3.171033,41.923534],[3.17078,41.924337],[3.170621,41.924349],[3.170473,41.924352],[3.17032,41.92437],[3.170315,41.924373]]]]}},{"type":"Feature","id":"170139_170139 SI02 BEM 2","properties":{"area_id":"170139_170139 SI02 BEM 2","nom":"Sector industrial de Begur","codi_icgc":"170139 SI02 BEM 2","categoria":"Sector industrial","codi_municipi":"170139","municipi":"Begur","codi_comarca":"10","comarca":"Baix Empordà","provincia":"Girona","font":"ICGC Àrees de poblament v3r1 202602"},"geometry":{"type":"MultiPolygon","coordinates":[[[[3.201142,41.953149],[3.200988,41.953114],[3.200952,41.953131],[3.200693,41.953052],[3.200597,41.953019],[3.200563,41.953016],[3.200505,41.953018],[3.200454,41.953029],[3.200438,41.953048],[3.20042,41.953068],[3.200399,41.953096],[3.20038,41.953185],[3.200368,41.953274],[3.200365,41.953364],[3.20042,41.953376],[3.200492,41.953392],[3.20055,41.953404],[3.200587,41.953412],[3.200728,41.953445],[3.200868,41.953478],[3.201021,41.953512],[3.201044,41.953516],[3.201161,41.953235],[3.201182,41.953184],[3.20119,41.953165],[3.201142,41.953149]]],[[[3.199624,41.953976],[3.199841,41.953425],[3.199853,41.953427],[3.199888,41.953331],[3.199794,41.953312],[3.199597,41.953274],[3.199112,41.953163],[3.19894,41.953592],[3.198846,41.953791],[3.199624,41.953976]]]]}},{"type":"Feature","id":"170139_170139 AP44 BEM 2","properties":{"area_id":"170139_170139 AP44 BEM 2","nom":"Vancells","codi_icgc":"170139 AP44 BEM 2","categoria":"Àrees de poblament","codi_municipi":"170139","municipi":"Begur","codi_comarca":"10","comarca":"Baix Empordà","provincia":"Girona","font":"ICGC Àrees de poblament v3r1 202602"},"geometry":{"type":"MultiPolygon","coordinates":[[[[3.206227,41.943931],[3.206392,41.943717],[3.206418,41.943674],[3.206492,41.943687],[3.206663,41.943737],[3.206608,41.943837],[3.206541,41.943952],[3.206616,41.943982],[3.206775,41.944047],[3.206806,41.944076],[3.206739,41.944139],[3.207205,41.944447],[3.207335,41.944365],[3.207376,41.944462],[3.207381,41.944489],[3.207419,41.944498],[3.207458,41.944492],[3.207508,41.944475],[3.207556,41.944439],[3.207619,41.944389],[3.207649,41.944393],[3.207699,41.944397],[3.207726,41.944397],[3.207726,41.944397],[3.207967,41.944373],[3.207878,41.944518],[3.207875,41.944523],[3.207871,41.944528],[3.207867,41.944533],[3.207863,41.944538],[3.207859,41.944543],[3.207855,41.944548],[3.20785,41.944552],[3.207845,41.944557],[3.207727,41.944664],[3.207976,41.944793],[3.207977,41.944793],[3.207872,41.944869],[3.207768,41.944959],[3.207671,41.945003],[3.207443,41.94503],[3.207352,41.945045],[3.207298,41.945099],[3.207288,41.945142],[3.207332,41.9452],[3.207411,41.945234],[3.2075,41.945251],[3.20762,41.945258],[3.207761,41.945233],[3.20799,41.94516],[3.208223,41.945101],[3.208322,41.945093],[3.208548,41.945112],[3.20873,41.945201],[3.208807,41.945188],[3.208867,41.945087],[3.208921,41.944981],[3.208926,41.94497],[3.209052,41.944676],[3.209431,41.944815],[3.209642,41.944932],[3.210002,41.944484],[3.210082,41.944376],[3.210232,41.944266],[3.210203,41.944238],[3.209959,41.944002],[3.209756,41.94386],[3.209513,41.943752],[3.209209,41.943647],[3.209065,41.943595],[3.208922,41.943543],[3.208845,41.943515],[3.208847,41.943509],[3.209049,41.942896],[3.209048,41.94288],[3.208817,41.94282],[3.208713,41.942829],[3.208659,41.942842],[3.20856,41.942899],[3.208365,41.943047],[3.208245,41.943114],[3.208131,41.943159],[3.208045,41.943196],[3.208012,41.943203],[3.207826,41.943178],[3.20761,41.943147],[3.207328,41.943099],[3.207108,41.943049],[3.20694,41.943004],[3.206834,41.942946],[3.206802,41.942871],[3.206759,41.942835],[3.206695,41.942795],[3.20659,41.942769],[3.206493,41.942754],[3.20613,41.942772],[3.205606,41.942801],[3.205187,41.942853],[3.205079,41.942885],[3.205069,41.942918],[3.205032,41.943034],[3.204996,41.943109],[3.205132,41.943124],[3.205109,41.94318],[3.204882,41.943494],[3.204984,41.943547],[3.205017,41.943565],[3.20505,41.943583],[3.205082,41.943603],[3.205113,41.943623],[3.205143,41.943644],[3.205171,41.943666],[3.205199,41.943688],[3.205226,41.943712],[3.205252,41.943735],[3.205277,41.94376],[3.205401,41.943888],[3.205502,41.943845],[3.205734,41.943973],[3.205982,41.944055],[3.206122,41.944072],[3.206227,41.943931]]]]}},{"type":"Feature","id":"170139_170139 AP29 BEM 3","properties":{"area_id":"170139_170139 AP29 BEM 3","nom":"el Mas Gispert","codi_icgc":"170139 AP29 BEM 3","categoria":"Àrees de poblament","codi_municipi":"170139","municipi":"Begur","codi_comarca":"10","comarca":"Baix Empordà","provincia":"Girona","font":"ICGC Àrees de poblament v3r1 202602"},"geometry":{"type":"MultiPolygon","coordinates":[[[[3.206999,41.961371],[3.206938,41.96116],[3.206931,41.961135],[3.207298,41.961055],[3.207256,41.960978],[3.20724,41.960948],[3.207143,41.960712],[3.207114,41.960483],[3.20712,41.960433],[3.20711,41.960359],[3.207117,41.960355],[3.207123,41.960354],[3.207135,41.960357],[3.20714,41.960357],[3.207144,41.960355],[3.207132,41.960234],[3.207073,41.960094],[3.207069,41.960083],[3.207044,41.959961],[3.207014,41.959964],[3.206892,41.959774],[3.206864,41.959779],[3.206789,41.959792],[3.20678,41.959772],[3.206666,41.95979],[3.206629,41.959795],[3.206592,41.959701],[3.206586,41.959687],[3.206563,41.959638],[3.206521,41.959555],[3.206473,41.959476],[3.206418,41.959401],[3.206378,41.959352],[3.206292,41.959254],[3.206203,41.959158],[3.206147,41.959092],[3.20612,41.959051],[3.206102,41.959009],[3.206098,41.958981],[3.2061,41.958934],[3.206105,41.958888],[3.206123,41.958794],[3.20614,41.958733],[3.20617,41.958626],[3.206202,41.95852],[3.206218,41.958449],[3.206222,41.958389],[3.206206,41.958314],[3.206185,41.958207],[3.2061,41.958203],[3.206081,41.958182],[3.205967,41.957899],[3.205948,41.957596],[3.205942,41.9573],[3.205927,41.957232],[3.205883,41.957192],[3.20586,41.957171],[3.205778,41.957099],[3.20577,41.957089],[3.205735,41.957055],[3.205696,41.957022],[3.205646,41.956987],[3.205596,41.956951],[3.20558,41.95694],[3.205541,41.95691],[3.205536,41.956906],[3.205498,41.956868],[3.205466,41.956828],[3.205452,41.956811],[3.205417,41.956762],[3.20539,41.956711],[3.20537,41.956659],[3.205357,41.956604],[3.205353,41.95655],[3.205355,41.956495],[3.205366,41.956441],[3.205384,41.956388],[3.205351,41.956387],[3.205226,41.956385],[3.204558,41.956803],[3.204511,41.956914],[3.204529,41.956932],[3.204659,41.957114],[3.204734,41.95718],[3.204737,41.957184],[3.204737,41.957187],[3.204687,41.957427],[3.20456,41.957694],[3.204476,41.957763],[3.204478,41.957948],[3.204506,41.958034],[3.204533,41.958115],[3.204631,41.958282],[3.204615,41.958272],[3.204593,41.958265],[3.204575,41.958261],[3.204564,41.958259],[3.204544,41.958258],[3.20452,41.958261],[3.204501,41.958272],[3.204493,41.958281],[3.20449,41.958288],[3.204488,41.958298],[3.204487,41.958304],[3.204489,41.958314],[3.204493,41.95832],[3.204503,41.958332],[3.204471,41.958359],[3.204386,41.958432],[3.204302,41.958505],[3.204204,41.958581],[3.204165,41.958612],[3.204157,41.958614],[3.20411,41.958632],[3.203853,41.958725],[3.203505,41.958773],[3.203414,41.95877],[3.202964,41.958758],[3.202921,41.958753],[3.202866,41.958746],[3.202863,41.958782],[3.202857,41.958833],[3.202851,41.958886],[3.202847,41.958924],[3.202845,41.958965],[3.202849,41.959],[3.202867,41.959025],[3.202878,41.959035],[3.202904,41.95906],[3.202928,41.959082],[3.202983,41.959128],[3.203028,41.959161],[3.2031,41.959207],[3.203163,41.959244],[3.203174,41.95925],[3.203189,41.959258],[3.203214,41.959273],[3.203312,41.959327],[3.203459,41.959408],[3.203488,41.959424],[3.203562,41.959454],[3.203616,41.959471],[3.203672,41.959483],[3.203729,41.959487],[3.203767,41.959486],[3.203889,41.959476],[3.20401,41.959463],[3.204074,41.959453],[3.20409,41.959451],[3.204278,41.959418],[3.204465,41.959386],[3.20478,41.959331],[3.204799,41.959327],[3.204918,41.959302],[3.205036,41.959276],[3.20508,41.959267],[3.205322,41.959225],[3.205347,41.959226],[3.205385,41.959227],[3.205429,41.959227],[3.20551,41.959245],[3.205556,41.959284],[3.205563,41.959302],[3.20556,41.959321],[3.205543,41.959369],[3.20552,41.959416],[3.205479,41.959484],[3.205434,41.959549],[3.205368,41.959631],[3.205294,41.95971],[3.205245,41.959755],[3.205217,41.959775],[3.205187,41.959793],[3.205116,41.959825],[3.205042,41.959853],[3.204881,41.959905],[3.204719,41.959958],[3.204586,41.960006],[3.204455,41.960059],[3.20441,41.960081],[3.20438,41.9601],[3.204339,41.960133],[3.204302,41.960172],[3.204283,41.960195],[3.204272,41.960212],[3.204262,41.960238],[3.204261,41.960252],[3.204263,41.960265],[3.204277,41.960317],[3.204291,41.96037],[3.204293,41.960374],[3.2043,41.960397],[3.204302,41.96041],[3.204299,41.960424],[3.204294,41.960428],[3.204287,41.96043],[3.204306,41.960479],[3.204315,41.96048],[3.204356,41.96048],[3.204402,41.960484],[3.204447,41.960491],[3.204488,41.960499],[3.204507,41.960503],[3.204554,41.960514],[3.204601,41.960526],[3.204628,41.960538],[3.204654,41.960552],[3.204592,41.960674],[3.204581,41.960693],[3.204554,41.96074],[3.204833,41.960844],[3.204911,41.960931],[3.204915,41.960935],[3.2051,41.961253],[3.205234,41.961216],[3.205322,41.961197],[3.2053,41.961133],[3.20539,41.961119],[3.205414,41.961181],[3.20601,41.961163],[3.206064,41.961162],[3.20612,41.961256],[3.206252,41.961477],[3.206382,41.961698],[3.206387,41.96171],[3.206387,41.961732],[3.206382,41.96175],[3.206369,41.961775],[3.206353,41.961799],[3.206336,41.961822],[3.206319,41.961845],[3.206348,41.961955],[3.206407,41.962022],[3.20645,41.962163],[3.206516,41.962349],[3.206524,41.962373],[3.206558,41.962454],[3.206609,41.962578],[3.206643,41.962622],[3.206645,41.962625],[3.207144,41.962421],[3.207225,41.962388],[3.20721,41.962302],[3.207183,41.962155],[3.207149,41.961975],[3.207111,41.961795],[3.207058,41.961583],[3.207009,41.961405],[3.206999,41.961371]]]]}},{"type":"Feature","id":"170139_170139 AP16 BEM 3","properties":{"area_id":"170139_170139 AP16 BEM 3","nom":"el Mas Mató","codi_icgc":"170139 AP16 BEM 3","categoria":"Àrees de poblament","codi_municipi":"170139","municipi":"Begur","codi_comarca":"10","comarca":"Baix Empordà","provincia":"Girona","font":"ICGC Àrees de poblament v3r1 202602"},"geometry":{"type":"MultiPolygon","coordinates":[[[[3.20727,41.965319],[3.207069,41.965489],[3.206705,41.965707],[3.206709,41.96571],[3.206656,41.965736],[3.206627,41.96575],[3.20658,41.965773],[3.206456,41.965817],[3.206446,41.96582],[3.206254,41.965881],[3.206054,41.965954],[3.205999,41.965977],[3.205675,41.966098],[3.205492,41.966191],[3.20544,41.966215],[3.205076,41.966404],[3.204429,41.966723],[3.204313,41.96678],[3.20327,41.967295],[3.203205,41.967327],[3.203268,41.967373],[3.203278,41.967393],[3.203295,41.967466],[3.203312,41.967539],[3.203336,41.96764],[3.203366,41.967741],[3.203385,41.967778],[3.203418,41.967833],[3.20345,41.967889],[3.203488,41.967968],[3.203522,41.968048],[3.203556,41.968139],[3.203582,41.968217],[3.203587,41.968231],[3.203586,41.968234],[3.203586,41.96825],[3.203579,41.968297],[3.203602,41.968363],[3.203626,41.968428],[3.20364,41.968464],[3.203655,41.968499],[3.203669,41.968528],[3.203689,41.968569],[3.203725,41.968636],[3.203764,41.968702],[3.203792,41.968749],[3.203823,41.968795],[3.203835,41.968808],[3.203537,41.968868],[3.203114,41.968976],[3.20332,41.969271],[3.203607,41.969272],[3.203852,41.969202],[3.203906,41.969337],[3.203801,41.969717],[3.203775,41.969783],[3.203735,41.969869],[3.20367,41.970008],[3.203617,41.970121],[3.203628,41.970123],[3.203626,41.970129],[3.203947,41.970196],[3.203989,41.970204],[3.204003,41.970184],[3.204064,41.970193],[3.204099,41.970202],[3.204342,41.97026],[3.20438,41.970219],[3.204408,41.970189],[3.204431,41.970172],[3.204502,41.970113],[3.204678,41.969965],[3.204791,41.969993],[3.204889,41.970017],[3.204979,41.970039],[3.20502,41.970043],[3.205126,41.970052],[3.205378,41.969957],[3.205466,41.969881],[3.205482,41.969897],[3.205489,41.969907],[3.205496,41.969918],[3.205502,41.969941],[3.205503,41.96995],[3.205504,41.969975],[3.205509,41.969987],[3.205518,41.970003],[3.20553,41.970016],[3.205537,41.970021],[3.205553,41.970028],[3.205578,41.970032],[3.205602,41.970029],[3.205625,41.97002],[3.205642,41.970008],[3.20565,41.969997],[3.205657,41.969977],[3.205657,41.969957],[3.205648,41.969938],[3.205633,41.969922],[3.205585,41.969887],[3.205539,41.969848],[3.205789,41.969626],[3.205842,41.96958],[3.206004,41.969666],[3.206078,41.969698],[3.206203,41.969752],[3.206282,41.969786],[3.206321,41.969804],[3.206358,41.969822],[3.20641,41.96985],[3.206439,41.969866],[3.206461,41.969878],[3.206514,41.969912],[3.206578,41.969965],[3.206583,41.970046],[3.206563,41.970119],[3.207347,41.970353],[3.207563,41.970418],[3.207638,41.970464],[3.207613,41.970484],[3.207891,41.970677],[3.20796,41.970711],[3.208055,41.970773],[3.208252,41.970898],[3.208337,41.970982],[3.208471,41.970978],[3.208699,41.970909],[3.208922,41.970831],[3.209188,41.97072],[3.209408,41.970621],[3.2095,41.970571],[3.209567,41.970502],[3.209603,41.970427],[3.209631,41.970338],[3.209675,41.970269],[3.209746,41.970231],[3.20983,41.970198],[3.210121,41.97013],[3.209917,41.969657],[3.209961,41.969623],[3.209913,41.969498],[3.209834,41.969294],[3.209798,41.96919],[3.209765,41.969085],[3.209758,41.969061],[3.209796,41.969053],[3.20974,41.968869],[3.209706,41.968766],[3.209675,41.968661],[3.209665,41.968591],[3.209665,41.96858],[3.209664,41.968551],[3.20968,41.968431],[3.209682,41.968414],[3.209703,41.968277],[3.209721,41.968129],[3.209723,41.968112],[3.209739,41.967982],[3.209739,41.967953],[3.209737,41.967925],[3.209725,41.967869],[3.209714,41.967836],[3.209691,41.967782],[3.209662,41.967717],[3.209627,41.967646],[3.209589,41.967578],[3.209559,41.967534],[3.209522,41.96749],[3.209515,41.967483],[3.209469,41.967505],[3.20945,41.967515],[3.209332,41.967571],[3.209313,41.96758],[3.20933,41.967601],[3.209192,41.967681],[3.209183,41.967668],[3.209143,41.967617],[3.209121,41.967588],[3.209077,41.967536],[3.209,41.967455],[3.208956,41.967408],[3.208829,41.967282],[3.208778,41.967234],[3.208726,41.967186],[3.208704,41.967158],[3.208552,41.966961],[3.208241,41.96718],[3.208156,41.967138],[3.208055,41.967101],[3.208067,41.967087],[3.208093,41.967063],[3.208113,41.96704],[3.20813,41.967015],[3.208152,41.966968],[3.208162,41.966935],[3.208171,41.966893],[3.208179,41.966838],[3.208181,41.966781],[3.208178,41.966742],[3.208165,41.966691],[3.208152,41.966661],[3.208125,41.966614],[3.208096,41.966571],[3.208039,41.966488],[3.208007,41.966433],[3.207936,41.966293],[3.20787,41.966151],[3.207807,41.966002],[3.207761,41.965896],[3.207761,41.965892],[3.207762,41.965889],[3.207756,41.965868],[3.207749,41.965854],[3.207706,41.965769],[3.207663,41.965684],[3.20766,41.965655],[3.207663,41.965622],[3.207674,41.96559],[3.207691,41.965559],[3.207716,41.965547],[3.207716,41.965484],[3.207564,41.965427],[3.207364,41.965347],[3.20727,41.965319]]]]}},{"type":"Feature","id":"170139_170139 AP31 BEM 3","properties":{"area_id":"170139_170139 AP31 BEM 3","nom":"el Terme","codi_icgc":"170139 AP31 BEM 3","categoria":"Àrees de poblament","codi_municipi":"170139","municipi":"Begur","codi_comarca":"10","comarca":"Baix Empordà","provincia":"Girona","font":"ICGC Àrees de poblament v3r1 202602"},"geometry":{"type":"MultiPolygon","coordinates":[[[[3.16861,41.92452],[3.168625,41.924519],[3.168654,41.924522],[3.168699,41.924535],[3.168721,41.924541],[3.168743,41.924544],[3.168794,41.924549],[3.168844,41.924552],[3.168888,41.924554],[3.168931,41.924553],[3.168971,41.924547],[3.16899,41.924541],[3.169008,41.924532],[3.169044,41.924508],[3.169072,41.924479],[3.169091,41.924455],[3.169107,41.924437],[3.169133,41.924399],[3.169335,41.924128],[3.169499,41.923882],[3.169591,41.923599],[3.169598,41.923573],[3.169614,41.923495],[3.169264,41.923049],[3.168062,41.922981],[3.167892,41.922971],[3.167817,41.922967],[3.167811,41.92297],[3.16769,41.923416],[3.167862,41.923421],[3.168194,41.923443],[3.168315,41.923449],[3.168289,41.923647],[3.168292,41.92368],[3.168294,41.923703],[3.168381,41.923704],[3.168505,41.923705],[3.1686,41.923704],[3.168695,41.923703],[3.16873,41.923703],[3.168746,41.923705],[3.16876,41.923709],[3.168768,41.923714],[3.168777,41.923724],[3.168782,41.923735],[3.168782,41.923771],[3.168783,41.923809],[3.168787,41.923859],[3.168793,41.923909],[3.168796,41.923949],[3.168794,41.92399],[3.168788,41.924029],[3.168781,41.924069],[3.168774,41.924088],[3.168736,41.924127],[3.168725,41.924137],[3.168719,41.924142],[3.168714,41.924146],[3.168703,41.924154],[3.168688,41.924162],[3.16868,41.924167],[3.168672,41.924171],[3.168664,41.924174],[3.168657,41.924177],[3.168649,41.924179],[3.168643,41.92418],[3.168627,41.92418],[3.168619,41.92418],[3.16861,41.924179],[3.168591,41.924177],[3.168531,41.924168],[3.168513,41.924165],[3.168504,41.924165],[3.168497,41.924164],[3.168481,41.924164],[3.168463,41.924165],[3.168369,41.924172],[3.168251,41.92433],[3.168272,41.924401],[3.168253,41.924447],[3.168336,41.924527],[3.168357,41.92453],[3.168412,41.924535],[3.16852,41.92457],[3.168557,41.924548],[3.168594,41.924527],[3.16861,41.92452]]]]}},{"type":"Feature","id":"170139_170139 AP20 BEM 1","properties":{"area_id":"170139_170139 AP20 BEM 1","nom":"es Castellet","codi_icgc":"170139 AP20 BEM 1","categoria":"Àrees de poblament","codi_municipi":"170139","municipi":"Begur","codi_comarca":"10","comarca":"Baix Empordà","provincia":"Girona","font":"ICGC Àrees de poblament v3r1 202602"},"geometry":{"type":"MultiPolygon","coordinates":[[[[3.206622,41.938995],[3.206581,41.938994],[3.20654,41.938996],[3.2065,41.939003],[3.206462,41.939016],[3.206428,41.939034],[3.2064,41.939056],[3.206377,41.939082],[3.20636,41.939111],[3.20635,41.939141],[3.206348,41.939173],[3.206351,41.939232],[3.206351,41.939236],[3.206362,41.93932],[3.206374,41.939377],[3.20638,41.939403],[3.206405,41.939485],[3.206438,41.939566],[3.206474,41.939622],[3.206489,41.939646],[3.206522,41.939699],[3.206607,41.939838],[3.206679,41.93996],[3.20675,41.940082],[3.206773,41.940125],[3.206788,41.940168],[3.206791,41.940195],[3.206788,41.94021],[3.206768,41.940278],[3.206744,41.940348],[3.206734,41.940391],[3.206728,41.940436],[3.206733,41.940471],[3.206752,41.940489],[3.20676,41.940493],[3.20667,41.94049],[3.206546,41.940788],[3.206414,41.941014],[3.20675,41.941065],[3.206815,41.941069],[3.206928,41.941076],[3.207222,41.941133],[3.207659,41.941148],[3.207735,41.941119],[3.207735,41.941106],[3.207746,41.941053],[3.207772,41.940964],[3.20778,41.940945],[3.207796,41.940929],[3.207817,41.940917],[3.207842,41.940909],[3.207867,41.940908],[3.2079,41.940904],[3.207927,41.940894],[3.20796,41.940871],[3.208035,41.940798],[3.208081,41.940758],[3.208131,41.940723],[3.208152,41.940714],[3.208195,41.9407],[3.20827,41.940684],[3.20831,41.940674],[3.208349,41.940662],[3.208404,41.940641],[3.208481,41.940604],[3.208519,41.940582],[3.208557,41.940555],[3.208588,41.940527],[3.208733,41.940415],[3.208875,41.940237],[3.208657,41.939825],[3.208608,41.93983],[3.208353,41.939814],[3.208323,41.939816],[3.208323,41.939812],[3.208256,41.939808],[3.208347,41.939458],[3.208394,41.939232],[3.20828,41.939222],[3.208249,41.939111],[3.2082,41.938552],[3.208006,41.938547],[3.207828,41.938406],[3.207822,41.938414],[3.20778,41.938419],[3.207235,41.938768],[3.20724,41.938639],[3.207208,41.938553],[3.207275,41.938353],[3.207251,41.938272],[3.207175,41.938174],[3.206959,41.938076],[3.206863,41.938047],[3.206872,41.938154],[3.206869,41.938452],[3.206857,41.938568],[3.206818,41.938759],[3.206774,41.93892],[3.206765,41.939017],[3.206622,41.938995]]]]}},{"type":"Feature","id":"170139_170139 AP12 BEM 3","properties":{"area_id":"170139_170139 AP12 BEM 3","nom":"es Valls","codi_icgc":"170139 AP12 BEM 3","categoria":"Àrees de poblament","codi_municipi":"170139","municipi":"Begur","codi_comarca":"10","comarca":"Baix Empordà","provincia":"Girona","font":"ICGC Àrees de poblament v3r1 202602"},"geometry":{"type":"MultiPolygon","coordinates":[[[[3.203233,41.967304],[3.203259,41.967288],[3.20327,41.967295],[3.204313,41.96678],[3.204429,41.966723],[3.205076,41.966404],[3.20544,41.966215],[3.205422,41.966213],[3.205411,41.966212],[3.205478,41.966183],[3.205482,41.966181],[3.2056,41.966129],[3.205675,41.966098],[3.205749,41.966066],[3.205811,41.96604],[3.205954,41.965982],[3.205992,41.965967],[3.206049,41.965949],[3.206126,41.965922],[3.206254,41.965881],[3.206458,41.965808],[3.206625,41.965747],[3.206656,41.965736],[3.206705,41.965707],[3.207069,41.965489],[3.20727,41.965319],[3.207312,41.965284],[3.207352,41.965303],[3.207361,41.965296],[3.206894,41.965118],[3.206761,41.965068],[3.206508,41.964972],[3.206475,41.965064],[3.206318,41.965062],[3.20631,41.965056],[3.206307,41.96505],[3.206307,41.965042],[3.206322,41.964955],[3.206336,41.964898],[3.206352,41.964842],[3.206382,41.964729],[3.206383,41.964712],[3.20638,41.964695],[3.206365,41.964661],[3.20635,41.964638],[3.206328,41.964609],[3.206279,41.964555],[3.206225,41.964508],[3.206184,41.964478],[3.206085,41.964413],[3.205988,41.964348],[3.205971,41.964334],[3.205956,41.96432],[3.205947,41.964308],[3.205942,41.964295],[3.20594,41.96427],[3.205947,41.964251],[3.205952,41.964246],[3.205962,41.964234],[3.205969,41.96423],[3.205992,41.964218],[3.205996,41.964216],[3.206021,41.964207],[3.206042,41.964204],[3.20607,41.964203],[3.206147,41.964208],[3.206224,41.964217],[3.206275,41.964226],[3.20626,41.964217],[3.206208,41.964179],[3.206234,41.964182],[3.206288,41.964192],[3.20641,41.964218],[3.206531,41.964248],[3.20661,41.964272],[3.20674,41.964318],[3.206868,41.964363],[3.206904,41.964374],[3.206941,41.964382],[3.206961,41.964384],[3.206986,41.964383],[3.206991,41.964382],[3.206999,41.964377],[3.207008,41.964369],[3.207025,41.964347],[3.207031,41.964332],[3.207036,41.964309],[3.207036,41.964241],[3.207029,41.964172],[3.207023,41.964146],[3.207013,41.964104],[3.206997,41.964047],[3.206974,41.963966],[3.20696,41.963912],[3.206942,41.963835],[3.206924,41.963759],[3.206904,41.963669],[3.206898,41.963639],[3.206891,41.963593],[3.206884,41.963546],[3.206883,41.963525],[3.206887,41.963504],[3.206897,41.963463],[3.206903,41.963407],[3.20691,41.963352],[3.206913,41.963322],[3.206914,41.963316],[3.206919,41.963303],[3.206924,41.963291],[3.206926,41.963281],[3.20692,41.963282],[3.20691,41.963289],[3.206901,41.963298],[3.206866,41.963348],[3.206849,41.963377],[3.206854,41.963349],[3.20688,41.963262],[3.206912,41.963201],[3.206934,41.963163],[3.206979,41.963087],[3.207013,41.963053],[3.20709,41.962991],[3.207139,41.962953],[3.207167,41.96293],[3.207181,41.962902],[3.207181,41.962858],[3.207174,41.962825],[3.207151,41.962767],[3.20714,41.96274],[3.207099,41.96269],[3.206746,41.962754],[3.20677,41.962785],[3.206477,41.962854],[3.206467,41.962854],[3.206313,41.96285],[3.20627,41.962848],[3.20627,41.962839],[3.20627,41.962836],[3.206222,41.962836],[3.205622,41.96283],[3.205532,41.962787],[3.205354,41.962702],[3.205341,41.962691],[3.204962,41.962365],[3.204847,41.962425],[3.204607,41.962191],[3.204269,41.962061],[3.204256,41.962027],[3.20424,41.961984],[3.204177,41.961848],[3.204129,41.961753],[3.20405,41.961754],[3.204057,41.961768],[3.20365,41.961777],[3.203647,41.96173],[3.203641,41.961673],[3.203631,41.961615],[3.203618,41.961568],[3.203608,41.961546],[3.203595,41.961523],[3.203566,41.961486],[3.203473,41.961404],[3.203455,41.961391],[3.203397,41.961353],[3.203339,41.961315],[3.203264,41.961425],[3.203218,41.961493],[3.203211,41.961503],[3.203195,41.96153],[3.203086,41.961508],[3.202975,41.96149],[3.202922,41.961479],[3.2029,41.961516],[3.202887,41.961515],[3.202864,41.96151],[3.202832,41.961497],[3.2028,41.961481],[3.202766,41.961465],[3.202752,41.961455],[3.202749,41.96145],[3.202627,41.9615],[3.202451,41.961484],[3.202403,41.96148],[3.202351,41.961473],[3.202173,41.961447],[3.202157,41.961449],[3.202134,41.961452],[3.202021,41.961433],[3.201935,41.961416],[3.201921,41.961414],[3.201745,41.961369],[3.201735,41.961366],[3.201728,41.961365],[3.201527,41.961322],[3.201407,41.961296],[3.20131,41.961276],[3.201266,41.961267],[3.20117,41.961266],[3.200955,41.961258],[3.200762,41.961251],[3.200718,41.961249],[3.200803,41.961395],[3.200875,41.961426],[3.201059,41.961649],[3.200893,41.961799],[3.200883,41.961805],[3.200852,41.961828],[3.20082,41.961861],[3.200792,41.961894],[3.200741,41.961963],[3.200705,41.962015],[3.200678,41.962048],[3.200643,41.962079],[3.200618,41.96209],[3.200591,41.962096],[3.200562,41.962095],[3.200464,41.962207],[3.200463,41.962213],[3.200433,41.962276],[3.200425,41.962292],[3.200415,41.96232],[3.200406,41.962358],[3.200393,41.962452],[3.200379,41.962546],[3.200365,41.962645],[3.200353,41.962745],[3.20035,41.962803],[3.200346,41.96286],[3.200339,41.962975],[3.200331,41.963121],[3.200327,41.963179],[3.200322,41.963267],[3.200322,41.963318],[3.200326,41.963368],[3.200342,41.963469],[3.200365,41.963582],[3.200381,41.963663],[3.200388,41.963696],[3.200416,41.963836],[3.200444,41.963977],[3.200467,41.964104],[3.200489,41.964231],[3.200499,41.964277],[3.200509,41.964323],[3.200532,41.964399],[3.200555,41.964474],[3.200585,41.964579],[3.200608,41.964684],[3.200617,41.964711],[3.20064,41.964756],[3.200682,41.964814],[3.200726,41.964868],[3.200756,41.96491],[3.200763,41.964962],[3.2008,41.964998],[3.200807,41.965004],[3.200851,41.965035],[3.200972,41.965108],[3.201098,41.965177],[3.201217,41.965237],[3.201336,41.965297],[3.201385,41.96532],[3.201434,41.965344],[3.201533,41.965391],[3.201581,41.965417],[3.201644,41.965464],[3.201704,41.965513],[3.201763,41.965564],[3.201779,41.96558],[3.201812,41.965612],[3.201852,41.965647],[3.201938,41.965732],[3.201999,41.965791],[3.202024,41.965817],[3.202074,41.965867],[3.20212,41.965913],[3.202131,41.965924],[3.202196,41.965992],[3.202213,41.966009],[3.202241,41.966041],[3.202278,41.96609],[3.202302,41.96613],[3.202304,41.966133],[3.20231,41.96614],[3.202358,41.966249],[3.2024,41.966359],[3.202418,41.966413],[3.20244,41.966494],[3.202462,41.966556],[3.202467,41.966575],[3.202487,41.966616],[3.202524,41.966675],[3.202544,41.966705],[3.202564,41.966734],[3.202623,41.966814],[3.202634,41.966829],[3.202691,41.966888],[3.202821,41.967025],[3.202892,41.967093],[3.202931,41.967126],[3.202972,41.967158],[3.20312,41.967265],[3.203202,41.967325],[3.203233,41.967304]]]]}},{"type":"Feature","id":"170139_170139 AP08 BEM 3","properties":{"area_id":"170139_170139 AP08 BEM 3","nom":"la Borna","codi_icgc":"170139 AP08 BEM 3","categoria":"Àrees de poblament","codi_municipi":"170139","municipi":"Begur","codi_comarca":"10","comarca":"Baix Empordà","provincia":"Girona","font":"ICGC Àrees de poblament v3r1 202602"},"geometry":{"type":"MultiPolygon","coordinates":[[[[3.227753,41.956262],[3.227706,41.956198],[3.227552,41.955992],[3.227547,41.955985],[3.227654,41.955912],[3.227727,41.955859],[3.227799,41.955807],[3.227668,41.955714],[3.227591,41.95566],[3.227628,41.955675],[3.227666,41.955688],[3.227696,41.955696],[3.227727,41.955699],[3.227755,41.955698],[3.227762,41.955696],[3.227782,41.955692],[3.227861,41.955811],[3.228332,41.955727],[3.228196,41.955552],[3.228166,41.955556],[3.228041,41.955263],[3.228154,41.955238],[3.228062,41.955003],[3.228361,41.954929],[3.228427,41.954801],[3.228517,41.954662],[3.228508,41.954656],[3.228539,41.954626],[3.228559,41.954602],[3.228565,41.954595],[3.228574,41.954578],[3.228582,41.95456],[3.228555,41.954548],[3.228363,41.954466],[3.228145,41.954372],[3.228129,41.954361],[3.228118,41.954347],[3.228113,41.954326],[3.228118,41.954305],[3.228135,41.954273],[3.228158,41.954243],[3.228195,41.954208],[3.228232,41.954173],[3.228359,41.954072],[3.228545,41.953933],[3.228836,41.95412],[3.229016,41.953997],[3.229266,41.953829],[3.229255,41.953697],[3.229253,41.953614],[3.229254,41.953529],[3.229273,41.953443],[3.229215,41.953254],[3.229088,41.953249],[3.22898,41.953252],[3.22896,41.953252],[3.228959,41.953248],[3.228879,41.953248],[3.228878,41.953239],[3.228883,41.953122],[3.228898,41.953007],[3.228924,41.952886],[3.228929,41.952863],[3.228951,41.952766],[3.228959,41.952718],[3.228969,41.95268],[3.228975,41.952641],[3.228977,41.952601],[3.228975,41.952562],[3.22897,41.952528],[3.228961,41.952493],[3.228949,41.95246],[3.228935,41.952426],[3.228918,41.952394],[3.228898,41.952363],[3.228874,41.952333],[3.228852,41.952296],[3.22885,41.952299],[3.228849,41.952304],[3.2287,41.952305],[3.228593,41.952323],[3.228414,41.952457],[3.22834,41.952529],[3.228289,41.952576],[3.22822,41.952598],[3.227986,41.952691],[3.227935,41.95263],[3.227885,41.952569],[3.227856,41.952531],[3.227819,41.952471],[3.227779,41.952413],[3.227734,41.952361],[3.227681,41.952313],[3.2276,41.952249],[3.227518,41.952185],[3.227457,41.952139],[3.227428,41.952116],[3.227404,41.952089],[3.227363,41.952027],[3.227327,41.951964],[3.227288,41.951898],[3.227249,41.951831],[3.227431,41.951811],[3.227479,41.951592],[3.227362,41.951426],[3.226922,41.951211],[3.22685,41.951176],[3.226837,41.95117],[3.226735,41.951238],[3.226692,41.951326],[3.226656,41.95136],[3.226595,41.95134],[3.226512,41.951317],[3.226388,41.951287],[3.226327,41.951271],[3.226268,41.951254],[3.22624,41.951243],[3.226222,41.951232],[3.226196,41.951213],[3.226175,41.951191],[3.226149,41.951148],[3.226116,41.951077],[3.226091,41.951029],[3.226084,41.951003],[3.226083,41.950976],[3.226091,41.95095],[3.226106,41.950925],[3.226127,41.950904],[3.226154,41.950886],[3.226185,41.950873],[3.226231,41.950862],[3.226279,41.950857],[3.226328,41.950857],[3.226345,41.950791],[3.226384,41.95061],[3.226385,41.950564],[3.226389,41.950335],[3.226391,41.950185],[3.226418,41.950059],[3.226446,41.94993],[3.226528,41.949916],[3.226545,41.949833],[3.226599,41.949579],[3.22655,41.949566],[3.226031,41.949433],[3.225858,41.949495],[3.225652,41.949567],[3.225424,41.949567],[3.225323,41.949567],[3.225213,41.949615],[3.225165,41.949636],[3.225154,41.949683],[3.225134,41.949792],[3.225066,41.949831],[3.224963,41.949893],[3.224901,41.949927],[3.224805,41.949975],[3.224707,41.950022],[3.224658,41.950042],[3.224603,41.95006],[3.22463,41.950114],[3.22463,41.950117],[3.224606,41.950121],[3.224395,41.950153],[3.224377,41.950425],[3.224363,41.950639],[3.224362,41.950646],[3.224385,41.950746],[3.224496,41.950771],[3.224603,41.950829],[3.224615,41.950834],[3.224617,41.950839],[3.224614,41.950846],[3.224605,41.950858],[3.224596,41.95087],[3.224588,41.950887],[3.224584,41.950905],[3.224585,41.95092],[3.224591,41.950934],[3.224602,41.950947],[3.224615,41.950958],[3.224626,41.950966],[3.224639,41.950972],[3.22467,41.950981],[3.224702,41.950988],[3.224839,41.950998],[3.224976,41.951],[3.225067,41.950998],[3.22518,41.950992],[3.225294,41.950982],[3.225369,41.950972],[3.225467,41.950954],[3.225566,41.950937],[3.225701,41.950914],[3.225787,41.950903],[3.225826,41.950903],[3.225866,41.950908],[3.225891,41.950914],[3.225925,41.950928],[3.225953,41.950947],[3.225973,41.950965],[3.225988,41.950984],[3.225984,41.951146],[3.225977,41.95118],[3.225973,41.951201],[3.225952,41.951306],[3.225862,41.951461],[3.225772,41.951793],[3.225757,41.951883],[3.225716,41.952137],[3.225716,41.952184],[3.226134,41.952297],[3.226019,41.95254],[3.225998,41.952526],[3.225969,41.952511],[3.225947,41.952505],[3.22591,41.952497],[3.225873,41.95249],[3.225844,41.952488],[3.225797,41.952489],[3.225751,41.952494],[3.22572,41.9525],[3.22568,41.952512],[3.225587,41.95255],[3.225501,41.952592],[3.225447,41.952623],[3.225387,41.952659],[3.225376,41.952651],[3.224751,41.952454],[3.224716,41.952505],[3.224567,41.952602],[3.224554,41.952748],[3.224584,41.952811],[3.224562,41.952819],[3.224348,41.952894],[3.224001,41.952974],[3.223964,41.952983],[3.223798,41.952879],[3.223815,41.952862],[3.223832,41.952846],[3.223834,41.952838],[3.223829,41.95283],[3.22381,41.952814],[3.223779,41.952794],[3.223747,41.952777],[3.223728,41.952764],[3.223702,41.952739],[3.223676,41.952714],[3.22363,41.95267],[3.223563,41.95261],[3.223492,41.952552],[3.223436,41.952516],[3.223412,41.952507],[3.223388,41.952502],[3.223343,41.952497],[3.223271,41.952488],[3.223224,41.952481],[3.223317,41.952396],[3.223243,41.952339],[3.223209,41.952313],[3.223144,41.952256],[3.223098,41.95221],[3.223059,41.952171],[3.223019,41.952133],[3.222939,41.952057],[3.222885,41.952007],[3.222834,41.95196],[3.222779,41.951912],[3.222764,41.951903],[3.222744,41.951898],[3.22271,41.951899],[3.222686,41.951906],[3.222676,41.951912],[3.222662,41.951922],[3.222656,41.951928],[3.222645,41.95194],[3.222638,41.951957],[3.222641,41.952003],[3.222654,41.952046],[3.222678,41.952104],[3.222702,41.952159],[3.222711,41.952196],[3.222729,41.95232],[3.222746,41.952445],[3.222771,41.952581],[3.222771,41.952619],[3.22266,41.952576],[3.222611,41.952692],[3.222685,41.952872],[3.222768,41.952953],[3.222797,41.952982],[3.222827,41.95301],[3.222849,41.953029],[3.222876,41.953048],[3.222931,41.953081],[3.223019,41.953136],[3.223108,41.95319],[3.223213,41.953249],[3.22332,41.953308],[3.223348,41.953324],[3.223373,41.953342],[3.223389,41.953356],[3.223404,41.953378],[3.223408,41.953392],[3.223411,41.953401],[3.223417,41.953448],[3.223427,41.953479],[3.22345,41.953521],[3.223477,41.953563],[3.223498,41.95359],[3.223524,41.953617],[3.223554,41.953639],[3.223578,41.953652],[3.223614,41.953666],[3.223653,41.953675],[3.223681,41.953678],[3.22371,41.953677],[3.223727,41.953673],[3.223748,41.953663],[3.223769,41.95365],[3.22381,41.953626],[3.223825,41.953618],[3.22384,41.953612],[3.22385,41.95361],[3.223854,41.953611],[3.223866,41.953614],[3.22388,41.953624],[3.223887,41.953631],[3.223913,41.953669],[3.223938,41.953708],[3.224037,41.953862],[3.224222,41.953802],[3.224479,41.953718],[3.224563,41.953691],[3.224647,41.953664],[3.224674,41.953653],[3.224593,41.953506],[3.224469,41.953286],[3.224479,41.953283],[3.224493,41.953279],[3.224568,41.953252],[3.224616,41.95323],[3.224747,41.953159],[3.224878,41.953088],[3.22497,41.953028],[3.225034,41.952986],[3.225053,41.952974],[3.225345,41.953056],[3.225613,41.952889],[3.225747,41.952932],[3.225818,41.953027],[3.22585,41.953093],[3.22585,41.95317],[3.225831,41.953213],[3.225806,41.95327],[3.225761,41.953322],[3.225679,41.953437],[3.225619,41.953553],[3.225686,41.953582],[3.225684,41.953584],[3.225796,41.953612],[3.225636,41.954155],[3.22566,41.954336],[3.225676,41.954432],[3.225681,41.954447],[3.225685,41.954462],[3.225689,41.954527],[3.225693,41.954592],[3.225697,41.954619],[3.225704,41.954644],[3.225721,41.954695],[3.225731,41.954731],[3.225733,41.954737],[3.225746,41.954779],[3.225754,41.954797],[3.225766,41.954815],[3.2258,41.954847],[3.225836,41.954875],[3.225873,41.954899],[3.225906,41.954918],[3.225935,41.954937],[3.225965,41.954962],[3.225994,41.954986],[3.226059,41.955056],[3.226175,41.955117],[3.2262,41.9552],[3.225537,41.955203],[3.225506,41.955343],[3.225449,41.955383],[3.225409,41.955531],[3.225307,41.955741],[3.225212,41.955746],[3.224847,41.955594],[3.224609,41.955495],[3.224274,41.955358],[3.224088,41.955452],[3.22388,41.955557],[3.223585,41.955653],[3.223393,41.955716],[3.223349,41.955736],[3.223287,41.955759],[3.223263,41.955768],[3.223269,41.955783],[3.223201,41.955847],[3.223159,41.955954],[3.223108,41.956026],[3.223063,41.956083],[3.223015,41.956151],[3.222967,41.95615],[3.222948,41.956151],[3.222922,41.956161],[3.222899,41.956178],[3.222889,41.956191],[3.222885,41.956204],[3.222883,41.95622],[3.222887,41.956236],[3.222901,41.956257],[3.222915,41.956277],[3.222949,41.956324],[3.222984,41.956371],[3.22301,41.956401],[3.223038,41.956428],[3.22309,41.95648],[3.223161,41.956566],[3.223233,41.956653],[3.223314,41.956747],[3.223395,41.956841],[3.223434,41.956886],[3.223437,41.95689],[3.223505,41.95685],[3.223522,41.95684],[3.223683,41.956769],[3.223884,41.956693],[3.223938,41.956673],[3.22424,41.956544],[3.22425,41.956546],[3.224261,41.956548],[3.224277,41.956553],[3.2243,41.956564],[3.224322,41.956575],[3.224465,41.956637],[3.224607,41.956699],[3.224648,41.956715],[3.224713,41.956736],[3.22478,41.956754],[3.224858,41.956769],[3.224937,41.956776],[3.224994,41.956776],[3.225023,41.956774],[3.225051,41.956769],[3.225118,41.956751],[3.225182,41.956729],[3.225215,41.956715],[3.225248,41.9567],[3.225295,41.956678],[3.225341,41.956654],[3.22539,41.956626],[3.225438,41.956598],[3.225464,41.956581],[3.225488,41.956563],[3.225527,41.956532],[3.225566,41.956502],[3.225617,41.956462],[3.225668,41.956421],[3.22569,41.956404],[3.225725,41.956382],[3.225767,41.956361],[3.225792,41.956352],[3.22583,41.956344],[3.225868,41.956342],[3.225914,41.956345],[3.225937,41.95635],[3.22596,41.956357],[3.226012,41.956378],[3.22606,41.956401],[3.22613,41.956443],[3.2262,41.956484],[3.226258,41.956518],[3.22632,41.956551],[3.22634,41.956558],[3.226371,41.956563],[3.226403,41.956564],[3.226442,41.956561],[3.226462,41.956557],[3.226481,41.956551],[3.226496,41.956544],[3.226508,41.956536],[3.226518,41.956528],[3.226529,41.95652],[3.22654,41.956511],[3.226568,41.95648],[3.226581,41.956445],[3.226582,41.956417],[3.226572,41.956378],[3.226561,41.956359],[3.226547,41.95634],[3.22657,41.956315],[3.226594,41.956289],[3.226612,41.956271],[3.226636,41.95625],[3.226668,41.956228],[3.22677,41.956363],[3.22688,41.956301],[3.226963,41.956257],[3.226997,41.956307],[3.227013,41.95633],[3.227127,41.95644],[3.227284,41.956553],[3.22752,41.956762],[3.227635,41.956887],[3.22779,41.956992],[3.227898,41.956886],[3.228027,41.956829],[3.228001,41.956783],[3.227929,41.95674],[3.228016,41.956658],[3.22799,41.956434],[3.227803,41.956309],[3.227753,41.956262]]]]}},{"type":"Feature","id":"170139_170139 AP22 BEM 3","properties":{"area_id":"170139_170139 AP22 BEM 3","nom":"la Casa de Camp","codi_icgc":"170139 AP22 BEM 3","categoria":"Àrees de poblament","codi_municipi":"170139","municipi":"Begur","codi_comarca":"10","comarca":"Baix Empordà","provincia":"Girona","font":"ICGC Àrees de poblament v3r1 202602"},"geometry":{"type":"MultiPolygon","coordinates":[[[[3.188493,41.924366],[3.18807,41.924307],[3.187572,41.924393],[3.187521,41.924288],[3.186845,41.924661],[3.186641,41.924776],[3.18638,41.925117],[3.186389,41.925119],[3.186585,41.925192],[3.186793,41.925291],[3.186925,41.92535],[3.186933,41.925401],[3.186942,41.925451],[3.186941,41.925462],[3.186936,41.925472],[3.186923,41.925493],[3.186905,41.925525],[3.186888,41.925557],[3.186867,41.925589],[3.186851,41.925622],[3.186846,41.92564],[3.186841,41.925659],[3.186683,41.925578],[3.186651,41.92561],[3.186524,41.925761],[3.186621,41.925821],[3.186725,41.925881],[3.186678,41.925939],[3.186631,41.925998],[3.186579,41.926062],[3.186528,41.926127],[3.186498,41.926165],[3.186472,41.926205],[3.18646,41.926232],[3.18645,41.926268],[3.186443,41.926291],[3.186446,41.926303],[3.186446,41.926343],[3.18643,41.926447],[3.186414,41.926592],[3.186404,41.926712],[3.186404,41.926758],[3.186399,41.926909],[3.186399,41.926913],[3.186397,41.926958],[3.186458,41.926961],[3.18652,41.926965],[3.186568,41.926969],[3.186637,41.926984],[3.186703,41.927002],[3.186736,41.927013],[3.186759,41.92702],[3.186815,41.927039],[3.186885,41.927064],[3.186955,41.92709],[3.187006,41.927108],[3.187058,41.927127],[3.187098,41.927139],[3.18714,41.927147],[3.187203,41.927153],[3.187266,41.927157],[3.187327,41.927161],[3.187387,41.927161],[3.187448,41.927158],[3.187508,41.927155],[3.187569,41.927152],[3.187629,41.927149],[3.187664,41.927149],[3.187716,41.927152],[3.187767,41.927157],[3.187822,41.927165],[3.187877,41.927172],[3.187944,41.927178],[3.188011,41.927183],[3.188046,41.927184],[3.188077,41.927184],[3.188081,41.927184],[3.188102,41.927182],[3.188121,41.927177],[3.188141,41.92717],[3.188161,41.927163],[3.188168,41.927161],[3.188399,41.9271],[3.18857,41.927407],[3.188867,41.927677],[3.189002,41.927779],[3.189076,41.927822],[3.189128,41.927852],[3.189143,41.927839],[3.189201,41.927792],[3.189359,41.927817],[3.189709,41.927878],[3.189832,41.927902],[3.190065,41.927947],[3.190121,41.927958],[3.190276,41.927973],[3.19054,41.927985],[3.190555,41.927985],[3.190835,41.927948],[3.190843,41.927947],[3.190872,41.927942],[3.190905,41.927938],[3.191271,41.927885],[3.191895,41.927793],[3.191924,41.927784],[3.19182,41.927516],[3.191821,41.927511],[3.191819,41.927507],[3.191685,41.927178],[3.191877,41.927104],[3.191927,41.927085],[3.192098,41.927027],[3.192256,41.926973],[3.192269,41.926969],[3.192322,41.926955],[3.192405,41.926939],[3.192488,41.926922],[3.192645,41.926883],[3.192803,41.926844],[3.192824,41.926838],[3.192844,41.926832],[3.192902,41.926812],[3.192914,41.926808],[3.192944,41.926798],[3.192963,41.926805],[3.192981,41.926811],[3.192997,41.926815],[3.193024,41.926814],[3.193049,41.92681],[3.193134,41.926797],[3.193217,41.92678],[3.193278,41.926766],[3.193338,41.92675],[3.193369,41.926742],[3.193399,41.926733],[3.1934,41.926692],[3.193404,41.926652],[3.193412,41.926626],[3.193422,41.926601],[3.193381,41.926513],[3.19334,41.926425],[3.193292,41.926314],[3.193246,41.926203],[3.193212,41.926121],[3.193178,41.92604],[3.193144,41.925959],[3.193122,41.925908],[3.19311,41.925878],[3.192955,41.925918],[3.192855,41.925943],[3.192799,41.925957],[3.192607,41.926008],[3.192415,41.92606],[3.192355,41.926073],[3.192295,41.926085],[3.192269,41.926091],[3.192244,41.926097],[3.192228,41.926105],[3.192218,41.926116],[3.19221,41.926132],[3.192201,41.926147],[3.191631,41.926153],[3.191548,41.92599],[3.191622,41.925735],[3.191648,41.925644],[3.191617,41.925497],[3.191572,41.925287],[3.19157,41.925277],[3.191525,41.92503],[3.191523,41.925022],[3.19152,41.925012],[3.191438,41.924714],[3.191429,41.924705],[3.191393,41.924683],[3.191359,41.924675],[3.191322,41.92468],[3.191306,41.924682],[3.191142,41.924713],[3.191089,41.924724],[3.190991,41.924742],[3.191043,41.924935],[3.190642,41.92505],[3.190459,41.925101],[3.190134,41.925204],[3.189892,41.925274],[3.189764,41.925316],[3.189666,41.925356],[3.189598,41.925391],[3.189427,41.925478],[3.189376,41.925375],[3.189325,41.925272],[3.189275,41.92517],[3.189461,41.925106],[3.189941,41.924943],[3.190058,41.924905],[3.189844,41.924516],[3.189708,41.92427],[3.189704,41.924263],[3.189698,41.924253],[3.189682,41.924253],[3.189683,41.924263],[3.189684,41.924287],[3.189627,41.92432],[3.189542,41.92437],[3.189405,41.924435],[3.189326,41.924472],[3.188958,41.924425],[3.188727,41.924398],[3.188493,41.92437],[3.188493,41.924366]]]]}},{"type":"Feature","id":"170139_170139 AP14 BEM 1","properties":{"area_id":"170139_170139 AP14 BEM 1","nom":"la Coma","codi_icgc":"170139 AP14 BEM 1","categoria":"Àrees de poblament","codi_municipi":"170139","municipi":"Begur","codi_comarca":"10","comarca":"Baix Empordà","provincia":"Girona","font":"ICGC Àrees de poblament v3r1 202602"},"geometry":{"type":"MultiPolygon","coordinates":[[[[3.213465,41.965748],[3.213462,41.965726],[3.213448,41.965685],[3.213433,41.965644],[3.213422,41.965629],[3.213407,41.96562],[3.213381,41.965611],[3.213353,41.965606],[3.213259,41.965602],[3.213165,41.965603],[3.213139,41.965605],[3.213077,41.96545],[3.212993,41.965451],[3.212933,41.965452],[3.212864,41.965456],[3.212365,41.965542],[3.212183,41.965596],[3.212151,41.965611],[3.212106,41.965638],[3.212062,41.965665],[3.211919,41.965742],[3.211774,41.965817],[3.211726,41.965841],[3.211679,41.965864],[3.211768,41.965989],[3.211638,41.965992],[3.211475,41.966002],[3.211236,41.965976],[3.211154,41.965863],[3.211058,41.965738],[3.211011,41.965618],[3.211203,41.965532],[3.211226,41.965528],[3.211744,41.965342],[3.211924,41.965236],[3.211855,41.964892],[3.211726,41.964668],[3.211809,41.964649],[3.211832,41.964644],[3.21186,41.964637],[3.212065,41.964517],[3.212094,41.964489],[3.21224,41.964354],[3.212254,41.96434],[3.212361,41.96423],[3.212047,41.964239],[3.212003,41.964241],[3.21164,41.964235],[3.211509,41.964388],[3.211494,41.964403],[3.211454,41.964401],[3.211358,41.964387],[3.211294,41.964369],[3.211202,41.964303],[3.21111,41.964229],[3.211042,41.964265],[3.211004,41.964291],[3.210979,41.964308],[3.210941,41.964334],[3.210903,41.96436],[3.210882,41.964374],[3.210784,41.964439],[3.210666,41.964518],[3.210653,41.964529],[3.210638,41.964549],[3.210629,41.96457],[3.210629,41.964581],[3.210634,41.964603],[3.210646,41.964624],[3.210666,41.964646],[3.210709,41.964679],[3.210699,41.964695],[3.210693,41.964704],[3.210706,41.964714],[3.210725,41.964734],[3.210746,41.964768],[3.210756,41.964803],[3.210755,41.964831],[3.21075,41.964853],[3.210738,41.964884],[3.210726,41.964903],[3.210691,41.964943],[3.210673,41.964958],[3.210646,41.964983],[3.210624,41.965011],[3.210604,41.965042],[3.210596,41.965055],[3.21059,41.965063],[3.210572,41.965085],[3.210561,41.965099],[3.210546,41.965112],[3.210478,41.965163],[3.210449,41.965184],[3.210388,41.965221],[3.210361,41.965234],[3.210318,41.96525],[3.210272,41.965261],[3.210182,41.965275],[3.210095,41.965196],[3.210117,41.965064],[3.210157,41.96502],[3.209931,41.96499],[3.209926,41.96499],[3.209396,41.96492],[3.209359,41.96497],[3.209322,41.965019],[3.209311,41.965129],[3.209271,41.965225],[3.20904,41.965163],[3.209021,41.965184],[3.20899,41.965207],[3.208949,41.965182],[3.208928,41.965169],[3.208894,41.965153],[3.208861,41.965142],[3.208828,41.965138],[3.208779,41.965136],[3.208753,41.965132],[3.208718,41.965122],[3.208684,41.96511],[3.208665,41.9651],[3.208619,41.965071],[3.208574,41.965041],[3.208537,41.965015],[3.208507,41.964992],[3.208504,41.964987],[3.208502,41.964979],[3.208502,41.964954],[3.208519,41.964891],[3.20853,41.964847],[3.208544,41.964807],[3.208558,41.964784],[3.208569,41.964772],[3.208572,41.96477],[3.20856,41.964733],[3.208553,41.96471],[3.208544,41.964679],[3.208405,41.964686],[3.208184,41.964694],[3.208141,41.964685],[3.208074,41.964671],[3.208042,41.964557],[3.207992,41.964528],[3.207971,41.96429],[3.207901,41.964293],[3.207902,41.964306],[3.207821,41.964297],[3.207819,41.964448],[3.207854,41.964627],[3.207855,41.964632],[3.207973,41.965002],[3.207984,41.965036],[3.208015,41.965115],[3.208064,41.965253],[3.208083,41.965305],[3.208085,41.965314],[3.20809,41.965312],[3.208128,41.96542],[3.20818,41.965567],[3.208189,41.965593],[3.208205,41.965638],[3.208256,41.965685],[3.208297,41.965722],[3.208319,41.965751],[3.208323,41.965757],[3.208373,41.965825],[3.208378,41.965832],[3.208385,41.965846],[3.208395,41.965866],[3.208404,41.965885],[3.208421,41.965932],[3.208442,41.966016],[3.208447,41.96605],[3.208459,41.966193],[3.208478,41.966217],[3.208549,41.966306],[3.208567,41.966329],[3.20863,41.966408],[3.208641,41.966439],[3.20866,41.966485],[3.208695,41.966553],[3.208715,41.966583],[3.208738,41.966611],[3.208866,41.966733],[3.208999,41.966858],[3.209067,41.966927],[3.209081,41.966941],[3.209095,41.966956],[3.209142,41.967002],[3.209291,41.967148],[3.209381,41.967243],[3.209482,41.967349],[3.209558,41.967417],[3.209634,41.967498],[3.209721,41.967626],[3.209782,41.967764],[3.209831,41.967905],[3.209834,41.967995],[3.209809,41.968152],[3.209828,41.96819],[3.209797,41.968407],[3.209801,41.968647],[3.209824,41.968726],[3.209872,41.968754],[3.209929,41.968773],[3.210028,41.96879],[3.210114,41.968766],[3.210232,41.968692],[3.210309,41.968639],[3.210407,41.968553],[3.210525,41.968446],[3.210573,41.968398],[3.210719,41.968255],[3.210809,41.968171],[3.210891,41.968119],[3.211013,41.968059],[3.211139,41.967994],[3.211341,41.967906],[3.211433,41.967871],[3.211586,41.967791],[3.21168,41.967714],[3.211721,41.967668],[3.211741,41.967607],[3.21173,41.967544],[3.211738,41.967472],[3.211748,41.967436],[3.211863,41.967375],[3.212051,41.967298],[3.212159,41.96726],[3.212261,41.967238],[3.212365,41.967231],[3.21245,41.96725],[3.212578,41.967286],[3.2127,41.967308],[3.212757,41.967314],[3.212785,41.967308],[3.212792,41.967297],[3.212792,41.967281],[3.212777,41.96727],[3.212718,41.967251],[3.212613,41.967205],[3.212569,41.967183],[3.212508,41.967108],[3.212474,41.967059],[3.212459,41.967017],[3.212443,41.966975],[3.212438,41.966916],[3.21245,41.966826],[3.212455,41.966746],[3.212422,41.966727],[3.212368,41.966731],[3.212274,41.966746],[3.212157,41.966798],[3.212052,41.96685],[3.211988,41.966856],[3.21196,41.966842],[3.211955,41.966818],[3.212013,41.96677],[3.21208,41.966707],[3.212166,41.966594],[3.211869,41.966208],[3.211975,41.966152],[3.212061,41.966101],[3.212118,41.966055],[3.212172,41.966006],[3.212252,41.965949],[3.212319,41.965913],[3.212396,41.965883],[3.212484,41.965864],[3.212595,41.965854],[3.212783,41.965848],[3.212827,41.965848],[3.212867,41.965877],[3.212909,41.965879],[3.212945,41.965877],[3.21298,41.965857],[3.212999,41.965844],[3.213058,41.965823],[3.213135,41.96581],[3.21321,41.965802],[3.21329,41.965808],[3.213382,41.965822],[3.213466,41.965825],[3.213466,41.965761],[3.213465,41.965748]]]]}},{"type":"Feature","id":"170139_170139 AP04 BEM 2","properties":{"area_id":"170139_170139 AP04 BEM 2","nom":"la Vessana","codi_icgc":"170139 AP04 BEM 2","categoria":"Àrees de poblament","codi_municipi":"170139","municipi":"Begur","codi_comarca":"10","comarca":"Baix Empordà","provincia":"Girona","font":"ICGC Àrees de poblament v3r1 202602"},"geometry":{"type":"MultiPolygon","coordinates":[[[[3.186845,41.924661],[3.187521,41.924288],[3.187572,41.924393],[3.18807,41.924307],[3.188493,41.924366],[3.188504,41.924043],[3.188504,41.924039],[3.188497,41.923906],[3.18849,41.923879],[3.188422,41.923601],[3.1883,41.923589],[3.188295,41.923577],[3.188296,41.923562],[3.188298,41.923535],[3.188298,41.923512],[3.188297,41.92349],[3.188289,41.923467],[3.188274,41.923445],[3.188259,41.923427],[3.188239,41.923414],[3.188217,41.923407],[3.188195,41.923403],[3.188186,41.923401],[3.188129,41.923392],[3.188064,41.92338],[3.187971,41.923361],[3.187877,41.923342],[3.187825,41.92317],[3.187948,41.922943],[3.188043,41.922768],[3.188121,41.922639],[3.188185,41.922539],[3.187231,41.922342],[3.187148,41.922365],[3.187082,41.922383],[3.187029,41.922395],[3.18697,41.922406],[3.186913,41.922414],[3.186842,41.922422],[3.18679,41.922429],[3.186723,41.922436],[3.186644,41.922446],[3.186643,41.922492],[3.186653,41.922528],[3.186681,41.922628],[3.186707,41.92272],[3.186728,41.922802],[3.186742,41.922845],[3.186739,41.922889],[3.186715,41.922928],[3.186678,41.922973],[3.186631,41.923034],[3.186569,41.923132],[3.186493,41.923226],[3.186431,41.923317],[3.186428,41.923321],[3.186361,41.923409],[3.186298,41.923475],[3.186271,41.923519],[3.186223,41.923573],[3.186193,41.923617],[3.186143,41.923686],[3.186111,41.923749],[3.186066,41.923832],[3.185998,41.923949],[3.185943,41.924038],[3.185911,41.924087],[3.185889,41.924125],[3.185853,41.924195],[3.18581,41.924258],[3.185753,41.92434],[3.185716,41.924392],[3.18568,41.924453],[3.185665,41.924477],[3.185791,41.924515],[3.185806,41.924519],[3.185959,41.924565],[3.185692,41.924988],[3.185757,41.924997],[3.186084,41.92505],[3.186097,41.925053],[3.18638,41.925117],[3.186641,41.924776],[3.186845,41.924661]]]]}},{"type":"Feature","id":"170139_170139 AP05 BEM 2","properties":{"area_id":"170139_170139 AP05 BEM 2","nom":"les Arenes","codi_icgc":"170139 AP05 BEM 2","categoria":"Àrees de poblament","codi_municipi":"170139","municipi":"Begur","codi_comarca":"10","comarca":"Baix Empordà","provincia":"Girona","font":"ICGC Àrees de poblament v3r1 202602"},"geometry":{"type":"MultiPolygon","coordinates":[[[[3.197398,41.952559],[3.199008,41.952909],[3.199236,41.952279],[3.199439,41.951955],[3.199579,41.951821],[3.199643,41.951669],[3.199693,41.951392],[3.199653,41.950935],[3.199704,41.950696],[3.199729,41.950639],[3.199422,41.950544],[3.19927,41.950764],[3.199296,41.950945],[3.199118,41.951336],[3.19889,41.951889],[3.198789,41.952118],[3.198495,41.95208],[3.197817,41.951862],[3.197639,41.951968],[3.197398,41.952559]]]]}},{"type":"Feature","id":"170139_170139 AP07 BEM 1","properties":{"area_id":"170139_170139 AP07 BEM 1","nom":"les Argiles","codi_icgc":"170139 AP07 BEM 1","categoria":"Àrees de poblament","codi_municipi":"170139","municipi":"Begur","codi_comarca":"10","comarca":"Baix Empordà","provincia":"Girona","font":"ICGC Àrees de poblament v3r1 202602"},"geometry":{"type":"MultiPolygon","coordinates":[[[[3.168122,41.928401],[3.16812,41.928641],[3.16812,41.928853],[3.168105,41.928998],[3.168215,41.929009],[3.168488,41.929031],[3.168652,41.929033],[3.16881,41.929031],[3.168869,41.928987],[3.168894,41.928903],[3.168888,41.928808],[3.168893,41.928752],[3.169103,41.928748],[3.169124,41.928909],[3.169141,41.928923],[3.169192,41.929404],[3.169505,41.929377],[3.169511,41.929425],[3.169531,41.929475],[3.169584,41.929558],[3.169683,41.929624],[3.169779,41.929662],[3.169875,41.929677],[3.169812,41.929922],[3.169393,41.930015],[3.169118,41.930116],[3.169258,41.93028],[3.169458,41.930235],[3.169669,41.93019],[3.169821,41.930174],[3.170048,41.930186],[3.170172,41.930198],[3.170319,41.930174],[3.17057,41.930111],[3.170666,41.93009],[3.170533,41.929756],[3.170545,41.929753],[3.17123,41.929609],[3.171828,41.929484],[3.172144,41.929375],[3.172244,41.929341],[3.172332,41.929311],[3.172338,41.929301],[3.172563,41.929219],[3.172719,41.929164],[3.172828,41.929138],[3.172846,41.929136],[3.172883,41.929133],[3.172929,41.929133],[3.173001,41.929126],[3.17307,41.929115],[3.17332,41.929063],[3.173544,41.928984],[3.173666,41.928931],[3.173715,41.928803],[3.173776,41.928694],[3.173855,41.928694],[3.173936,41.928684],[3.174406,41.928583],[3.174313,41.928348],[3.174243,41.928257],[3.17406,41.92839],[3.173855,41.928526],[3.173748,41.928565],[3.173614,41.928578],[3.173532,41.928571],[3.173457,41.928524],[3.173288,41.928358],[3.173218,41.928253],[3.173217,41.928153],[3.173263,41.92803],[3.173296,41.927936],[3.173243,41.927811],[3.173272,41.927635],[3.173263,41.92751],[3.173116,41.927427],[3.172876,41.927305],[3.172776,41.92726],[3.172641,41.927287],[3.172601,41.927529],[3.172622,41.92768],[3.172618,41.927779],[3.172299,41.927851],[3.172327,41.927976],[3.172272,41.928062],[3.172292,41.928116],[3.172238,41.92815],[3.172188,41.928159],[3.172067,41.928174],[3.172062,41.928174],[3.171965,41.928185],[3.171821,41.928206],[3.171677,41.928224],[3.171503,41.928242],[3.171327,41.92826],[3.171167,41.928277],[3.171007,41.928294],[3.170855,41.928307],[3.170702,41.928315],[3.170558,41.92832],[3.170414,41.928325],[3.170251,41.928331],[3.170088,41.928337],[3.169896,41.928343],[3.169703,41.92835],[3.1695,41.928358],[3.169297,41.928365],[3.169133,41.928367],[3.16894,41.928425],[3.168835,41.928418],[3.168697,41.928416],[3.168469,41.928408],[3.168319,41.928399],[3.168124,41.928393],[3.168122,41.928401]]]]}},{"type":"Feature","id":"170139_170139 AP28 BEM 3","properties":{"area_id":"170139_170139 AP28 BEM 3","nom":"les Rajoleries","codi_icgc":"170139 AP28 BEM 3","categoria":"Àrees de poblament","codi_municipi":"170139","municipi":"Begur","codi_comarca":"10","comarca":"Baix Empordà","provincia":"Girona","font":"ICGC Àrees de poblament v3r1 202602"},"geometry":{"type":"MultiPolygon","coordinates":[[[[3.164493,41.932292],[3.164701,41.932299],[3.164832,41.932305],[3.165385,41.932329],[3.165572,41.933033],[3.16535,41.933068],[3.165186,41.933095],[3.16517,41.933098],[3.165164,41.933099],[3.164889,41.933109],[3.164889,41.933117],[3.164894,41.933119],[3.164911,41.933133],[3.164924,41.933152],[3.164936,41.933184],[3.164941,41.933217],[3.164938,41.933253],[3.164934,41.933291],[3.164934,41.933313],[3.164936,41.933331],[3.164947,41.933357],[3.164958,41.933369],[3.164972,41.933381],[3.165018,41.933402],[3.165028,41.933406],[3.165032,41.933437],[3.165033,41.933478],[3.164922,41.933479],[3.164926,41.933517],[3.165153,41.934073],[3.165268,41.934332],[3.165292,41.934324],[3.16562,41.934143],[3.165551,41.934021],[3.165537,41.933997],[3.165531,41.933987],[3.165907,41.933886],[3.165915,41.933883],[3.165839,41.933733],[3.165943,41.933701],[3.165949,41.9337],[3.165918,41.933642],[3.16582,41.93353],[3.165774,41.933478],[3.165728,41.933427],[3.165709,41.933398],[3.165698,41.933367],[3.165695,41.933345],[3.165691,41.9333],[3.165686,41.933255],[3.165678,41.933235],[3.165666,41.933217],[3.165644,41.933183],[3.165638,41.933161],[3.165639,41.933138],[3.165642,41.933113],[3.165643,41.933097],[3.165643,41.933067],[3.16564,41.933037],[3.165612,41.93292],[3.165579,41.932805],[3.165561,41.932728],[3.165542,41.932625],[3.165521,41.932523],[3.165511,41.932473],[3.165501,41.932424],[3.165497,41.932393],[3.165494,41.932368],[3.165558,41.932316],[3.165559,41.932163],[3.165534,41.931741],[3.165508,41.931639],[3.165488,41.931582],[3.16548,41.93159],[3.165406,41.931623],[3.165343,41.931628],[3.165285,41.931628],[3.165212,41.931611],[3.165106,41.931585],[3.165033,41.93155],[3.164967,41.931524],[3.164967,41.93148],[3.164965,41.931402],[3.164963,41.931329],[3.164963,41.931314],[3.164958,41.931118],[3.165314,41.931065],[3.165248,41.930857],[3.165238,41.930825],[3.165307,41.930829],[3.165327,41.930831],[3.165369,41.930836],[3.165502,41.930854],[3.165634,41.930873],[3.165769,41.930892],[3.165904,41.93091],[3.165996,41.930918],[3.166063,41.930923],[3.166112,41.930926],[3.166136,41.930927],[3.166163,41.930928],[3.166198,41.930929],[3.166226,41.93093],[3.166254,41.930935],[3.166284,41.930945],[3.166303,41.930956],[3.166314,41.930966],[3.166354,41.931],[3.166359,41.930997],[3.166436,41.931071],[3.166478,41.931107],[3.166566,41.931182],[3.166654,41.931256],[3.166656,41.931258],[3.16666,41.931261],[3.166855,41.93136],[3.166964,41.931474],[3.167091,41.931602],[3.167101,41.931601],[3.167749,41.931508],[3.167856,41.931497],[3.167891,41.93166],[3.168006,41.932187],[3.168007,41.93219],[3.168037,41.93233],[3.168163,41.932629],[3.168165,41.932634],[3.168198,41.932712],[3.168318,41.932997],[3.168343,41.933056],[3.168342,41.933063],[3.168341,41.933069],[3.168337,41.933074],[3.168331,41.933078],[3.168321,41.933081],[3.168309,41.933084],[3.168224,41.933095],[3.168139,41.933108],[3.168077,41.933146],[3.16804,41.933153],[3.168019,41.933158],[3.167969,41.933172],[3.167947,41.933185],[3.167932,41.933203],[3.167921,41.93323],[3.167926,41.93324],[3.167906,41.933253],[3.167973,41.933345],[3.167997,41.933399],[3.168024,41.933457],[3.16805,41.933514],[3.16807,41.93355],[3.168093,41.933584],[3.168118,41.933613],[3.168145,41.933641],[3.168174,41.933667],[3.168205,41.933691],[3.168232,41.93371],[3.168247,41.933794],[3.168294,41.933821],[3.168364,41.933855],[3.168319,41.934169],[3.168294,41.934342],[3.16825,41.934647],[3.168784,41.934667],[3.16906,41.934677],[3.169082,41.93466],[3.169105,41.93469],[3.169112,41.934706],[3.169173,41.934713],[3.169161,41.934676],[3.169001,41.934238],[3.168578,41.933077],[3.168574,41.933067],[3.169094,41.933008],[3.168572,41.931378],[3.168548,41.931302],[3.167914,41.931375],[3.167859,41.93122],[3.167651,41.931058],[3.16754,41.931075],[3.167485,41.931104],[3.167432,41.931154],[3.167283,41.931194],[3.167188,41.931194],[3.167125,41.93119],[3.167058,41.931187],[3.166991,41.931141],[3.166953,41.93108],[3.166828,41.930878],[3.16675,41.93086],[3.166781,41.93085],[3.166784,41.930829],[3.166752,41.930782],[3.16669,41.930742],[3.166607,41.930716],[3.166516,41.930687],[3.166383,41.930632],[3.166256,41.930593],[3.166179,41.930561],[3.166168,41.930557],[3.166158,41.930551],[3.16615,41.930545],[3.166138,41.930532],[3.166132,41.930523],[3.166122,41.930494],[3.166111,41.930443],[3.166107,41.930392],[3.166109,41.930358],[3.166102,41.930338],[3.166092,41.930183],[3.166082,41.930043],[3.166094,41.930004],[3.166095,41.929999],[3.166097,41.929992],[3.166122,41.929917],[3.166133,41.929901],[3.16614,41.92989],[3.166148,41.929879],[3.166151,41.929875],[3.166173,41.929848],[3.166194,41.929822],[3.166213,41.929801],[3.166242,41.929768],[3.16632,41.929683],[3.166399,41.929599],[3.166478,41.92952],[3.166536,41.929463],[3.166557,41.929442],[3.166616,41.929386],[3.166609,41.929358],[3.166632,41.929336],[3.166585,41.929265],[3.166356,41.928916],[3.166352,41.928909],[3.166324,41.928868],[3.166116,41.928969],[3.166138,41.929008],[3.166087,41.929031],[3.166074,41.929038],[3.166058,41.929056],[3.166041,41.929067],[3.166032,41.929067],[3.166023,41.929067],[3.16601,41.929067],[3.166001,41.929073],[3.165995,41.929087],[3.165989,41.929101],[3.165964,41.929129],[3.16594,41.929158],[3.165931,41.929171],[3.16592,41.929187],[3.1659,41.929215],[3.165881,41.929241],[3.165861,41.929267],[3.165836,41.929295],[3.165806,41.92932],[3.165778,41.92934],[3.16575,41.92936],[3.165706,41.929394],[3.165684,41.92941],[3.165659,41.929424],[3.1656,41.929454],[3.165563,41.929472],[3.165542,41.929483],[3.165388,41.929557],[3.165271,41.929611],[3.165344,41.929636],[3.165524,41.929717],[3.165601,41.929772],[3.165628,41.929798],[3.165584,41.929903],[3.165543,41.929984],[3.16544,41.929984],[3.165377,41.929986],[3.165287,41.929944],[3.165201,41.929901],[3.165121,41.929889],[3.165086,41.929895],[3.165019,41.929906],[3.164968,41.929906],[3.164898,41.929906],[3.16485,41.929916],[3.164808,41.929947],[3.164802,41.930018],[3.164821,41.930054],[3.164866,41.930104],[3.164886,41.930152],[3.164893,41.93016],[3.164889,41.930165],[3.164911,41.930182],[3.164994,41.930251],[3.165045,41.930284],[3.165046,41.930372],[3.165028,41.930789],[3.16498,41.93079],[3.164843,41.930797],[3.164698,41.930809],[3.164623,41.930819],[3.164554,41.930829],[3.164517,41.930838],[3.164468,41.930857],[3.164417,41.930941],[3.164371,41.931184],[3.164352,41.931243],[3.164322,41.931444],[3.164319,41.931465],[3.164315,41.93148],[3.164295,41.93163],[3.164256,41.931814],[3.164253,41.931821],[3.164231,41.931852],[3.164177,41.931942],[3.164175,41.931946],[3.164131,41.93202],[3.164085,41.932099],[3.164033,41.932185],[3.164025,41.932198],[3.164014,41.932231],[3.164005,41.932261],[3.163998,41.932281],[3.163997,41.932287],[3.164008,41.932286],[3.164055,41.932284],[3.164124,41.932281],[3.164215,41.932277],[3.164492,41.932292],[3.164493,41.932292]]]]}},{"type":"Feature","id":"170139_170139 AP11 BEM 3","properties":{"area_id":"170139_170139 AP11 BEM 3","nom":"los Olivos","codi_icgc":"170139 AP11 BEM 3","categoria":"Àrees de poblament","codi_municipi":"170139","municipi":"Begur","codi_comarca":"10","comarca":"Baix Empordà","provincia":"Girona","font":"ICGC Àrees de poblament v3r1 202602"},"geometry":{"type":"MultiPolygon","coordinates":[[[[3.212375,41.943817],[3.212558,41.943924],[3.212786,41.943673],[3.212986,41.943039],[3.212536,41.942851],[3.212686,41.942386],[3.212812,41.942016],[3.212858,41.941848],[3.212816,41.941846],[3.212593,41.941825],[3.21223,41.941792],[3.212206,41.941789],[3.212115,41.941778],[3.211972,41.941756],[3.211867,41.941738],[3.211876,41.941707],[3.211817,41.941697],[3.211781,41.941691],[3.211764,41.94169],[3.211754,41.94169],[3.211744,41.94169],[3.211731,41.941691],[3.211717,41.941692],[3.211697,41.941694],[3.211677,41.941697],[3.211664,41.941698],[3.211652,41.941698],[3.211625,41.941699],[3.2116,41.941697],[3.211519,41.941683],[3.211372,41.941661],[3.211333,41.941655],[3.211284,41.941647],[3.211109,41.941613],[3.211012,41.941597],[3.210961,41.941591],[3.210925,41.941592],[3.210888,41.941598],[3.210675,41.941644],[3.210463,41.941693],[3.210367,41.941716],[3.21027,41.941739],[3.210226,41.941756],[3.210205,41.941755],[3.210086,41.941756],[3.210004,41.941711],[3.209989,41.941712],[3.20995,41.941707],[3.209909,41.941695],[3.209881,41.94168],[3.209741,41.941581],[3.209599,41.941482],[3.209532,41.941439],[3.209425,41.94138],[3.209418,41.941377],[3.209384,41.941361],[3.209344,41.941342],[3.209313,41.941327],[3.209206,41.941279],[3.209166,41.941262],[3.209169,41.941311],[3.209169,41.941331],[3.209054,41.941676],[3.208992,41.941862],[3.208722,41.941912],[3.208627,41.94205],[3.208714,41.942079],[3.208951,41.942159],[3.209261,41.94228],[3.209331,41.942307],[3.209358,41.942317],[3.209396,41.942284],[3.209501,41.942192],[3.209667,41.942053],[3.209837,41.941916],[3.209893,41.941874],[3.209932,41.941845],[3.209944,41.941841],[3.209961,41.941835],[3.209993,41.94183],[3.210026,41.941831],[3.210058,41.941836],[3.210067,41.94184],[3.210081,41.941846],[3.210114,41.941859],[3.210151,41.941874],[3.210288,41.941929],[3.210519,41.94203],[3.210592,41.942066],[3.210685,41.942119],[3.210843,41.942231],[3.210998,41.942346],[3.211015,41.942359],[3.211193,41.942492],[3.211387,41.942639],[3.211412,41.942659],[3.211349,41.942841],[3.211274,41.943054],[3.211255,41.943114],[3.211069,41.943065],[3.21069,41.942967],[3.210652,41.942975],[3.210599,41.942966],[3.210585,41.943009],[3.21053,41.942999],[3.210501,41.943091],[3.210614,41.94311],[3.210573,41.943233],[3.21047,41.943504],[3.210429,41.943503],[3.210425,41.943502],[3.210389,41.943654],[3.210424,41.943658],[3.210335,41.943693],[3.210278,41.943715],[3.210243,41.943783],[3.210153,41.943959],[3.210431,41.944006],[3.210824,41.944006],[3.21115,41.944019],[3.211542,41.94409],[3.211725,41.94414],[3.211888,41.944247],[3.211955,41.944332],[3.212025,41.944402],[3.212029,41.944403],[3.212375,41.943817]]]]}},{"type":"Feature","id":"170139_170139 AP45 BEM 2","properties":{"area_id":"170139_170139 AP45 BEM 2","nom":"s'Antiga","codi_icgc":"170139 AP45 BEM 2","categoria":"Àrees de poblament","codi_municipi":"170139","municipi":"Begur","codi_comarca":"10","comarca":"Baix Empordà","provincia":"Girona","font":"ICGC Àrees de poblament v3r1 202602"},"geometry":{"type":"MultiPolygon","coordinates":[[[[3.220055,41.970605],[3.220106,41.970559],[3.220126,41.970458],[3.220159,41.970304],[3.220154,41.970143],[3.220098,41.970135],[3.219906,41.970229],[3.21967,41.970317],[3.21955,41.970423],[3.219457,41.970516],[3.219424,41.970637],[3.219385,41.97088],[3.219349,41.971026],[3.219349,41.971238],[3.219275,41.971334],[3.219276,41.971352],[3.219342,41.971615],[3.21949,41.972007],[3.219421,41.972025],[3.219496,41.972215],[3.219654,41.972767],[3.219654,41.972775],[3.219771,41.972962],[3.219788,41.972975],[3.21986,41.973021],[3.219986,41.973087],[3.220113,41.973149],[3.220189,41.973194],[3.220077,41.973385],[3.219988,41.973376],[3.219694,41.973347],[3.219162,41.973378],[3.218728,41.973395],[3.218591,41.973382],[3.218456,41.973299],[3.218408,41.973232],[3.218434,41.973122],[3.218556,41.972874],[3.218591,41.972782],[3.218584,41.97277],[3.218515,41.972658],[3.218504,41.97264],[3.218462,41.972614],[3.218431,41.972596],[3.218345,41.972547],[3.218345,41.972547],[3.218337,41.972543],[3.218329,41.972538],[3.218323,41.972553],[3.218304,41.972588],[3.218295,41.972601],[3.218285,41.972615],[3.218268,41.972636],[3.218265,41.972639],[3.21824,41.97267],[3.218202,41.972719],[3.218164,41.972766],[3.218139,41.972787],[3.218103,41.972816],[3.218054,41.972848],[3.218011,41.972878],[3.217979,41.972896],[3.217963,41.972905],[3.217919,41.972937],[3.217832,41.972982],[3.21783,41.973],[3.217826,41.973044],[3.217746,41.973077],[3.21773,41.973083],[3.217626,41.973118],[3.217677,41.973197],[3.217611,41.973224],[3.21734,41.973308],[3.217118,41.973478],[3.217131,41.973491],[3.217162,41.973507],[3.217259,41.97358],[3.217446,41.973554],[3.217631,41.973589],[3.217714,41.973614],[3.217838,41.973645],[3.217841,41.973646],[3.217981,41.973678],[3.218054,41.973693],[3.218112,41.973705],[3.218261,41.973703],[3.21828,41.973694],[3.218363,41.973655],[3.218576,41.973656],[3.218629,41.973657],[3.218662,41.973668],[3.218818,41.973723],[3.219075,41.973797],[3.219077,41.973798],[3.219366,41.973838],[3.219596,41.973835],[3.219772,41.973851],[3.219802,41.973872],[3.219895,41.973937],[3.220048,41.974031],[3.220117,41.974031],[3.220181,41.973997],[3.220219,41.973982],[3.220278,41.973982],[3.220469,41.974059],[3.220613,41.974092],[3.220716,41.974091],[3.220823,41.974071],[3.220914,41.974035],[3.221199,41.974018],[3.221234,41.973992],[3.221323,41.973979],[3.221381,41.973914],[3.221378,41.9739],[3.221373,41.973877],[3.221368,41.973826],[3.221423,41.973715],[3.221329,41.973479],[3.221372,41.973465],[3.221487,41.973506],[3.221693,41.973508],[3.221696,41.973508],[3.221676,41.973424],[3.221624,41.973225],[3.221549,41.973107],[3.221502,41.973032],[3.221369,41.973016],[3.221318,41.97298],[3.221328,41.972965],[3.221338,41.97295],[3.22135,41.972936],[3.221376,41.972892],[3.221389,41.97287],[3.221405,41.972848],[3.221462,41.97278],[3.221464,41.972779],[3.221465,41.972777],[3.221521,41.972713],[3.221577,41.972651],[3.221634,41.972589],[3.22167,41.972553],[3.221705,41.972515],[3.221715,41.9725],[3.221726,41.972473],[3.221731,41.97243],[3.221729,41.972388],[3.221726,41.972347],[3.221721,41.972305],[3.221718,41.972293],[3.221717,41.97228],[3.221721,41.972274],[3.221731,41.972269],[3.221743,41.972265],[3.221819,41.972246],[3.221895,41.972228],[3.221918,41.972223],[3.221927,41.972219],[3.221931,41.972212],[3.221929,41.972203],[3.221924,41.972193],[3.221904,41.972153],[3.221886,41.972112],[3.221866,41.972035],[3.221854,41.971958],[3.221848,41.971909],[3.221843,41.971859],[3.221841,41.971842],[3.221838,41.971818],[3.221833,41.971795],[3.221825,41.97178],[3.2218,41.97176],[3.221788,41.97175],[3.221779,41.971739],[3.221767,41.971716],[3.221756,41.97168],[3.221749,41.971662],[3.221738,41.971644],[3.22173,41.971637],[3.221724,41.971632],[3.221718,41.97163],[3.22171,41.97163],[3.221697,41.971633],[3.221684,41.971639],[3.221651,41.971656],[3.221641,41.971662],[3.221574,41.971634],[3.221595,41.971617],[3.221612,41.971606],[3.221633,41.971598],[3.221666,41.97159],[3.221699,41.971581],[3.221708,41.971579],[3.221716,41.971577],[3.22172,41.971571],[3.221718,41.971564],[3.221707,41.971534],[3.221694,41.971504],[3.221666,41.971444],[3.221636,41.971384],[3.221625,41.97136],[3.221584,41.971246],[3.221363,41.971111],[3.221105,41.971416],[3.221066,41.971462],[3.221053,41.971464],[3.221041,41.971469],[3.221036,41.971471],[3.221029,41.971475],[3.22102,41.971482],[3.221012,41.971491],[3.221007,41.971501],[3.221005,41.971512],[3.221005,41.971522],[3.220995,41.971525],[3.220992,41.971526],[3.220984,41.971535],[3.220983,41.971539],[3.220982,41.971547],[3.220966,41.971648],[3.220962,41.97168],[3.220957,41.971718],[3.220932,41.971718],[3.220835,41.971686],[3.22083,41.971685],[3.220681,41.971912],[3.220569,41.972014],[3.220456,41.97209],[3.220449,41.972113],[3.220389,41.97231],[3.220205,41.972324],[3.220118,41.972338],[3.220041,41.972353],[3.220034,41.97234],[3.219954,41.972208],[3.219937,41.97218],[3.219898,41.972114],[3.219872,41.972071],[3.219852,41.972039],[3.219813,41.971973],[3.219798,41.97195],[3.219768,41.971923],[3.219725,41.971796],[3.219725,41.971795],[3.219723,41.971791],[3.22,41.971642],[3.22008,41.971635],[3.220134,41.971611],[3.220287,41.971537],[3.220475,41.971441],[3.220449,41.971412],[3.220411,41.971351],[3.22041,41.971348],[3.220307,41.971258],[3.220206,41.971111],[3.220168,41.971068],[3.220139,41.970922],[3.220105,41.970825],[3.219975,41.970718],[3.219965,41.970679],[3.220047,41.970629],[3.220068,41.970615],[3.220055,41.970605]]]]}},{"type":"Feature","id":"170139_170139 AP25 BEM 1","properties":{"area_id":"170139_170139 AP25 BEM 1","nom":"sa Fontansa","codi_icgc":"170139 AP25 BEM 1","categoria":"Àrees de poblament","codi_municipi":"170139","municipi":"Begur","codi_comarca":"10","comarca":"Baix Empordà","provincia":"Girona","font":"ICGC Àrees de poblament v3r1 202602"},"geometry":{"type":"MultiPolygon","coordinates":[[[[3.19924,41.958446],[3.199624,41.958661],[3.199909,41.958827],[3.199962,41.958838],[3.200417,41.958776],[3.200542,41.958577],[3.200577,41.958528],[3.200595,41.958502],[3.200613,41.958479],[3.200633,41.958456],[3.200658,41.958425],[3.200701,41.958359],[3.200712,41.958343],[3.200765,41.958254],[3.200799,41.958202],[3.200836,41.958152],[3.200854,41.958133],[3.20089,41.958109],[3.200929,41.958091],[3.200957,41.958085],[3.200979,41.958085],[3.201013,41.958091],[3.201028,41.958096],[3.201041,41.958104],[3.201081,41.958134],[3.20112,41.958165],[3.201161,41.958201],[3.201203,41.958236],[3.201226,41.958249],[3.201267,41.95826],[3.201311,41.958266],[3.201377,41.95827],[3.201443,41.958272],[3.201498,41.958271],[3.201553,41.958266],[3.20158,41.958262],[3.201619,41.958251],[3.201656,41.958234],[3.201676,41.958221],[3.201682,41.95822],[3.201746,41.958359],[3.201776,41.958423],[3.201781,41.958433],[3.201865,41.958626],[3.201907,41.958744],[3.201959,41.958724],[3.202008,41.958699],[3.202052,41.95867],[3.202085,41.958642],[3.202177,41.95863],[3.202261,41.958657],[3.202291,41.958676],[3.202321,41.958695],[3.202331,41.958701],[3.202367,41.958726],[3.20237,41.958728],[3.202423,41.958759],[3.20246,41.958759],[3.202488,41.958729],[3.202515,41.95871],[3.202555,41.95868],[3.202575,41.958637],[3.202683,41.958524],[3.202685,41.958515],[3.202726,41.958359],[3.202742,41.958301],[3.202637,41.958292],[3.202663,41.958116],[3.202665,41.958105],[3.202587,41.958094],[3.202542,41.958087],[3.20256,41.957912],[3.202653,41.957897],[3.202684,41.957892],[3.202881,41.957682],[3.202825,41.957677],[3.202909,41.957517],[3.203051,41.957248],[3.203097,41.95716],[3.20325,41.957067],[3.203276,41.956888],[3.203275,41.956878],[3.203258,41.956713],[3.203151,41.956661],[3.203057,41.956615],[3.202913,41.956542],[3.202892,41.956565],[3.202913,41.956483],[3.202925,41.95646],[3.202948,41.956418],[3.203004,41.956313],[3.203019,41.956298],[3.203092,41.95615],[3.203115,41.956105],[3.203258,41.955757],[3.203217,41.955692],[3.203267,41.955557],[3.203295,41.95541],[3.203302,41.955346],[3.20331,41.955263],[3.203311,41.955251],[3.203315,41.955207],[3.203322,41.95513],[3.203324,41.955112],[3.203327,41.955065],[3.203329,41.954981],[3.203328,41.954871],[3.203324,41.95475],[3.203319,41.95465],[3.203316,41.954612],[3.203307,41.954569],[3.2033,41.954543],[3.203294,41.954527],[3.203285,41.954511],[3.203273,41.954489],[3.203255,41.954465],[3.203236,41.954445],[3.203478,41.954198],[3.203564,41.954083],[3.203563,41.954037],[3.203482,41.954003],[3.203335,41.953938],[3.203053,41.953829],[3.202522,41.953622],[3.202451,41.953662],[3.202349,41.953667],[3.202253,41.953667],[3.202189,41.953673],[3.20219,41.953676],[3.202187,41.953689],[3.202176,41.953718],[3.202158,41.953749],[3.202119,41.953801],[3.202092,41.953828],[3.202062,41.953852],[3.20203,41.953874],[3.201995,41.953893],[3.201715,41.953998],[3.201689,41.953956],[3.201164,41.954164],[3.201109,41.954189],[3.201056,41.954217],[3.200992,41.954256],[3.200995,41.954314],[3.200939,41.954346],[3.200926,41.95435],[3.200913,41.954351],[3.200899,41.95435],[3.200851,41.954349],[3.200844,41.954483],[3.200598,41.954689],[3.200216,41.955068],[3.200251,41.955299],[3.200258,41.955344],[3.200203,41.955439],[3.20018,41.955478],[3.200026,41.955744],[3.199876,41.955938],[3.199859,41.95596],[3.199287,41.955766],[3.199228,41.955836],[3.199208,41.955859],[3.19903,41.956068],[3.198826,41.956315],[3.198546,41.956654],[3.198498,41.956721],[3.198459,41.956777],[3.199332,41.95704],[3.199299,41.957107],[3.199277,41.957159],[3.199259,41.957212],[3.199237,41.957335],[3.199217,41.95752],[3.199204,41.957704],[3.199192,41.957935],[3.199183,41.958027],[3.199187,41.958051],[3.199205,41.958194],[3.19924,41.958446]]]]}},{"type":"Feature","id":"170139_170139 AP33 BEM 1","properties":{"area_id":"170139_170139 AP33 BEM 1","nom":"sa Nau Perduda","codi_icgc":"170139 AP33 BEM 1","categoria":"Àrees de poblament","codi_municipi":"170139","municipi":"Begur","codi_comarca":"10","comarca":"Baix Empordà","provincia":"Girona","font":"ICGC Àrees de poblament v3r1 202602"},"geometry":{"type":"MultiPolygon","coordinates":[[[[3.229669,41.969269],[3.229903,41.969218],[3.229975,41.969257],[3.230103,41.969151],[3.230075,41.969003],[3.229995,41.968736],[3.229968,41.968631],[3.229927,41.968469],[3.229902,41.968378],[3.229881,41.9683],[3.229775,41.968307],[3.229399,41.968453],[3.229311,41.968497],[3.229296,41.968504],[3.229081,41.968608],[3.229096,41.968481],[3.229091,41.968453],[3.229066,41.968309],[3.229216,41.968334],[3.229296,41.96831],[3.229319,41.968303],[3.229441,41.968215],[3.229512,41.968123],[3.2295,41.96805],[3.229419,41.967998],[3.229321,41.967934],[3.229296,41.967955],[3.2291,41.968119],[3.229108,41.96814],[3.229107,41.968161],[3.229106,41.968163],[3.229098,41.96818],[3.229083,41.968198],[3.229062,41.968211],[3.22905,41.968215],[3.229037,41.96822],[3.229006,41.968224],[3.228976,41.968219],[3.228956,41.968212],[3.228935,41.968199],[3.228919,41.968182],[3.22891,41.968162],[3.228772,41.968144],[3.228665,41.96813],[3.228634,41.968126],[3.228504,41.968104],[3.228447,41.968092],[3.2284,41.968083],[3.228268,41.968045],[3.228183,41.968018],[3.22808,41.967981],[3.228008,41.967951],[3.227981,41.96794],[3.227917,41.967909],[3.227835,41.967866],[3.227659,41.967763],[3.227601,41.967725],[3.227491,41.967654],[3.227315,41.967529],[3.227255,41.967492],[3.227219,41.967473],[3.227181,41.967454],[3.227174,41.967451],[3.227143,41.96744],[3.227108,41.967433],[3.227071,41.967432],[3.227036,41.967437],[3.227002,41.967447],[3.226972,41.967463],[3.226948,41.967482],[3.226937,41.967495],[3.226935,41.967502],[3.226931,41.967515],[3.226928,41.967535],[3.226924,41.96761],[3.226907,41.967784],[3.226888,41.967901],[3.226873,41.967966],[3.226853,41.968031],[3.226834,41.968074],[3.226801,41.96813],[3.226759,41.96818],[3.226717,41.968227],[3.226635,41.968318],[3.226588,41.968378],[3.226586,41.968382],[3.226564,41.968415],[3.226549,41.968447],[3.226545,41.968465],[3.226544,41.968473],[3.226544,41.968499],[3.226551,41.968524],[3.226565,41.968547],[3.226575,41.968556],[3.226596,41.968622],[3.226622,41.968635],[3.226644,41.968677],[3.226677,41.968748],[3.226693,41.9688],[3.226694,41.968824],[3.226689,41.968847],[3.226676,41.968874],[3.22667,41.968888],[3.22665,41.968915],[3.226621,41.968948],[3.226564,41.968996],[3.226557,41.969],[3.226557,41.969004],[3.226564,41.969],[3.226611,41.969041],[3.226679,41.969101],[3.2267,41.969119],[3.226742,41.969163],[3.226782,41.969202],[3.226811,41.969229],[3.226821,41.969237],[3.22685,41.969259],[3.22686,41.969253],[3.226897,41.969233],[3.226927,41.969217],[3.226944,41.96921],[3.226987,41.969194],[3.227048,41.969179],[3.227077,41.969174],[3.227106,41.96917],[3.227164,41.969165],[3.227197,41.969165],[3.227231,41.969164],[3.22728,41.969166],[3.227312,41.969169],[3.227344,41.969171],[3.227369,41.969171],[3.227376,41.96917],[3.227384,41.969171],[3.227411,41.969178],[3.227449,41.969194],[3.227475,41.969208],[3.227487,41.969216],[3.227504,41.969226],[3.227529,41.969236],[3.227565,41.969246],[3.227601,41.969251],[3.227642,41.969251],[3.227674,41.969246],[3.227695,41.96924],[3.227718,41.969232],[3.227741,41.96922],[3.227763,41.969204],[3.227784,41.969182],[3.227797,41.969163],[3.227809,41.969135],[3.22781,41.969105],[3.22779,41.969027],[3.227753,41.968914],[3.227745,41.968893],[3.227736,41.968864],[3.227699,41.968758],[3.227621,41.968604],[3.2276,41.968569],[3.227592,41.968552],[3.227584,41.968537],[3.227576,41.968512],[3.227575,41.968504],[3.227574,41.968494],[3.227576,41.968481],[3.227584,41.968461],[3.227599,41.968443],[3.227627,41.968424],[3.227649,41.968413],[3.227686,41.9684],[3.227724,41.968393],[3.227741,41.968392],[3.227789,41.968394],[3.22784,41.9684],[3.22786,41.968406],[3.22788,41.968415],[3.227885,41.968418],[3.228023,41.968497],[3.228168,41.96858],[3.228285,41.968646],[3.228372,41.968694],[3.228406,41.968712],[3.228478,41.968743],[3.228537,41.968762],[3.228626,41.968784],[3.228664,41.968791],[3.228718,41.968801],[3.228813,41.968813],[3.228914,41.968821],[3.228913,41.968879],[3.228856,41.968877],[3.2288,41.968881],[3.228745,41.968891],[3.228693,41.968906],[3.228644,41.968926],[3.228598,41.968951],[3.228574,41.968963],[3.228556,41.968979],[3.228543,41.968998],[3.228538,41.969019],[3.22854,41.969041],[3.22855,41.969061],[3.228567,41.969078],[3.228589,41.969091],[3.228616,41.9691],[3.228715,41.969126],[3.228832,41.969168],[3.228901,41.969168],[3.228922,41.969224],[3.228927,41.969239],[3.228946,41.969279],[3.228975,41.969284],[3.228993,41.969285],[3.229007,41.969284],[3.229062,41.969281],[3.229102,41.96928],[3.229116,41.969278],[3.229124,41.969276],[3.22913,41.969273],[3.22914,41.969264],[3.229146,41.969256],[3.229149,41.969238],[3.229152,41.969228],[3.229154,41.969221],[3.229162,41.969211],[3.229172,41.969202],[3.229179,41.969198],[3.229188,41.969195],[3.229296,41.969253],[3.229341,41.969277],[3.229473,41.969291],[3.229669,41.969269]]]]}},{"type":"Feature","id":"170139_170139 AP23 BEM 1","properties":{"area_id":"170139_170139 AP23 BEM 1","nom":"sa Punta","codi_icgc":"170139 AP23 BEM 1","categoria":"Àrees de poblament","codi_municipi":"170139","municipi":"Begur","codi_comarca":"10","comarca":"Baix Empordà","provincia":"Girona","font":"ICGC Àrees de poblament v3r1 202602"},"geometry":{"type":"MultiPolygon","coordinates":[[[[3.207135,41.975016],[3.207169,41.974951],[3.207245,41.974825],[3.207294,41.974736],[3.207107,41.974639],[3.207094,41.974638],[3.20712,41.97448],[3.20707,41.974316],[3.207073,41.974228],[3.206932,41.974071],[3.206804,41.974119],[3.206703,41.973923],[3.206634,41.973788],[3.206477,41.973807],[3.206394,41.973833],[3.206189,41.973605],[3.206067,41.973453],[3.205758,41.973522],[3.205459,41.973616],[3.205395,41.973485],[3.205275,41.973432],[3.205019,41.973403],[3.204708,41.973356],[3.204659,41.973177],[3.204667,41.973082],[3.204771,41.97301],[3.20501,41.972819],[3.205169,41.972604],[3.205383,41.972377],[3.205439,41.972258],[3.205367,41.972195],[3.205291,41.972209],[3.205266,41.972213],[3.205131,41.972269],[3.204852,41.972387],[3.204746,41.972428],[3.20474,41.972427],[3.204504,41.972396],[3.204388,41.972262],[3.204378,41.97225],[3.204245,41.972086],[3.204053,41.971892],[3.203782,41.97162],[3.203641,41.971702],[3.203584,41.971737],[3.20344,41.971833],[3.203389,41.971864],[3.203312,41.971906],[3.203247,41.971939],[3.203122,41.97199],[3.203017,41.971997],[3.203006,41.971987],[3.202999,41.971975],[3.203,41.971965],[3.203004,41.971955],[3.203015,41.971933],[3.203024,41.971912],[3.203053,41.971841],[3.203115,41.971739],[3.203142,41.971716],[3.203241,41.971556],[3.20334,41.971454],[3.203353,41.971409],[3.203343,41.971394],[3.203327,41.97138],[3.20332,41.971376],[3.203298,41.971348],[3.203275,41.97132],[3.203266,41.971302],[3.203262,41.97127],[3.203263,41.971239],[3.203268,41.971154],[3.203272,41.971069],[3.203273,41.970995],[3.203271,41.970885],[3.203268,41.970774],[3.203268,41.970746],[3.203265,41.970733],[3.203256,41.970719],[3.203241,41.970702],[3.203213,41.970682],[3.203199,41.970676],[3.203184,41.970673],[3.203173,41.970674],[3.203155,41.970682],[3.203138,41.970694],[3.203111,41.970719],[3.20308,41.970758],[3.203063,41.970777],[3.203044,41.970794],[3.202921,41.970877],[3.202908,41.970887],[3.202776,41.970972],[3.202697,41.971027],[3.202622,41.971085],[3.202573,41.971127],[3.202523,41.97117],[3.202524,41.971222],[3.202524,41.971228],[3.202535,41.971255],[3.202546,41.971283],[3.202553,41.971293],[3.202564,41.971298],[3.20259,41.971302],[3.202637,41.971299],[3.202661,41.971296],[3.202683,41.971295],[3.202692,41.971322],[3.202712,41.971375],[3.202727,41.971404],[3.202747,41.971432],[3.202765,41.971448],[3.202792,41.971465],[3.202835,41.971486],[3.202878,41.971508],[3.202971,41.971767],[3.202905,41.971768],[3.202706,41.971736],[3.202623,41.971725],[3.202539,41.971713],[3.202487,41.971705],[3.202436,41.971696],[3.202421,41.971695],[3.202397,41.971697],[3.202385,41.971701],[3.202373,41.971707],[3.202354,41.971725],[3.202347,41.971738],[3.202343,41.971759],[3.202342,41.971779],[3.202344,41.971807],[3.202353,41.971849],[3.202361,41.97187],[3.202373,41.971891],[3.202396,41.971922],[3.202416,41.971943],[3.20245,41.971971],[3.20247,41.971983],[3.202493,41.971995],[3.202533,41.972011],[3.202563,41.972021],[3.202609,41.97203],[3.202656,41.972031],[3.202824,41.97202],[3.202992,41.97201],[3.203019,41.972084],[3.203084,41.972259],[3.203125,41.972443],[3.203152,41.972441],[3.203212,41.972437],[3.203234,41.972435],[3.20332,41.972524],[3.203379,41.97259],[3.203376,41.972594],[3.203348,41.972621],[3.203182,41.972685],[3.203128,41.972705],[3.203173,41.972845],[3.203192,41.972942],[3.203199,41.972945],[3.203214,41.973273],[3.203217,41.973318],[3.203203,41.973318],[3.203208,41.973471],[3.203209,41.973501],[3.203245,41.973803],[3.203246,41.97381],[3.203269,41.974005],[3.203273,41.974027],[3.203332,41.97434],[3.20302,41.974375],[3.203011,41.974376],[3.202808,41.974397],[3.202811,41.97441],[3.202856,41.97462],[3.203037,41.974844],[3.203011,41.974875],[3.202977,41.974926],[3.202953,41.974979],[3.202944,41.975015],[3.202937,41.975082],[3.202922,41.975153],[3.202906,41.975189],[3.202404,41.975175],[3.202401,41.975427],[3.202403,41.975499],[3.20202,41.975517],[3.201959,41.975479],[3.201802,41.97556],[3.201798,41.975558],[3.201689,41.9756],[3.201609,41.975674],[3.201542,41.975773],[3.201349,41.976051],[3.201288,41.976182],[3.201288,41.976193],[3.201289,41.976339],[3.201404,41.97651],[3.201732,41.976822],[3.202051,41.977124],[3.201994,41.977154],[3.202189,41.977336],[3.20223,41.977361],[3.20233,41.977477],[3.202361,41.977616],[3.202381,41.977714],[3.202614,41.977685],[3.202644,41.977682],[3.202644,41.977684],[3.202659,41.977684],[3.202702,41.977683],[3.203116,41.977678],[3.203277,41.977596],[3.203219,41.977453],[3.203343,41.977381],[3.203266,41.977246],[3.203366,41.97719],[3.203861,41.976509],[3.203667,41.976341],[3.203646,41.976323],[3.203762,41.976252],[3.203783,41.976232],[3.203872,41.976149],[3.203922,41.976099],[3.203973,41.976049],[3.204032,41.975997],[3.204094,41.975946],[3.204147,41.975906],[3.204206,41.975871],[3.204252,41.975848],[3.204301,41.975828],[3.204361,41.975805],[3.204421,41.975783],[3.204504,41.975751],[3.204586,41.975717],[3.204662,41.975679],[3.204736,41.975639],[3.204829,41.975594],[3.204923,41.975551],[3.204949,41.975539],[3.204977,41.975529],[3.205001,41.975526],[3.205026,41.975528],[3.205044,41.975531],[3.205062,41.975537],[3.205076,41.975544],[3.205087,41.975554],[3.205095,41.975572],[3.205097,41.97559],[3.205098,41.975622],[3.205097,41.975654],[3.205094,41.975706],[3.205088,41.975758],[3.205075,41.975814],[3.205057,41.97587],[3.205043,41.975909],[3.205024,41.975946],[3.204999,41.975979],[3.204969,41.97601],[3.204929,41.976045],[3.204889,41.97608],[3.204854,41.976109],[3.204807,41.976152],[3.204723,41.976223],[3.204669,41.97627],[3.204617,41.976317],[3.204566,41.976366],[3.204518,41.976418],[3.20445,41.976501],[3.204388,41.976587],[3.204324,41.976684],[3.204261,41.976783],[3.204174,41.976924],[3.204087,41.977065],[3.203954,41.977284],[3.20382,41.977502],[3.203737,41.97764],[3.203654,41.977778],[3.203651,41.977782],[3.203637,41.977807],[3.203622,41.977832],[3.203566,41.977925],[3.203525,41.977999],[3.203486,41.978075],[3.203477,41.9781],[3.203471,41.978126],[3.203463,41.978162],[3.203456,41.978198],[3.203445,41.978272],[3.203434,41.978345],[3.203419,41.978415],[3.203398,41.978524],[3.203384,41.978577],[3.203359,41.97861],[3.20345,41.978653],[3.203449,41.978656],[3.203438,41.9787],[3.203431,41.978724],[3.203428,41.978744],[3.203428,41.978765],[3.203433,41.978805],[3.203438,41.978844],[3.203447,41.978883],[3.203457,41.978907],[3.203483,41.978956],[3.203506,41.978998],[3.203509,41.979004],[3.203517,41.97902],[3.203542,41.979072],[3.203592,41.979172],[3.203593,41.979175],[3.203596,41.979181],[3.203647,41.979283],[3.203688,41.979365],[3.203702,41.979395],[3.203748,41.979484],[3.203783,41.97955],[3.203795,41.979573],[3.203827,41.97962],[3.203856,41.979654],[3.203896,41.979693],[3.203906,41.979713],[3.204003,41.979784],[3.204051,41.979817],[3.204077,41.979834],[3.204154,41.979889],[3.204304,41.97995],[3.2044,41.979971],[3.204461,41.979961],[3.204868,41.979859],[3.205171,41.979757],[3.20529,41.979703],[3.205482,41.979584],[3.2058,41.97925],[3.205967,41.979095],[3.206102,41.978904],[3.206198,41.978761],[3.206277,41.978719],[3.206389,41.978701],[3.206493,41.97873],[3.206589,41.978825],[3.206717,41.978926],[3.206773,41.978944],[3.206813,41.978938],[3.20698,41.978825],[3.207132,41.978759],[3.207243,41.97861],[3.207402,41.978413],[3.207537,41.978085],[3.207736,41.977876],[3.207839,41.977787],[3.20791,41.977471],[3.208068,41.976887],[3.208162,41.976374],[3.208233,41.975918],[3.208228,41.975919],[3.208227,41.975906],[3.208222,41.975895],[3.208213,41.975889],[3.208199,41.975885],[3.20818,41.975881],[3.208167,41.975882],[3.208155,41.975883],[3.208132,41.975889],[3.208101,41.975901],[3.208057,41.975858],[3.207935,41.975639],[3.207537,41.975547],[3.207437,41.975538],[3.207439,41.97545],[3.207438,41.975252],[3.207439,41.975131],[3.207425,41.975116],[3.207135,41.975016]]]]}},{"type":"Feature","id":"170139_170139 AP36 BEM 3","properties":{"area_id":"170139_170139 AP36 BEM 3","nom":"sa Riera","codi_icgc":"170139 AP36 BEM 3","categoria":"Àrees de poblament","codi_municipi":"170139","municipi":"Begur","codi_comarca":"10","comarca":"Baix Empordà","provincia":"Girona","font":"ICGC Àrees de poblament v3r1 202602"},"geometry":{"type":"MultiPolygon","coordinates":[[[[3.210773,41.971852],[3.210877,41.971944],[3.210873,41.972002],[3.210845,41.972099],[3.2108,41.972269],[3.210948,41.972292],[3.211088,41.972274],[3.211137,41.972272],[3.211234,41.97227],[3.211234,41.972302],[3.211454,41.972325],[3.211561,41.972315],[3.211781,41.9723],[3.211778,41.972279],[3.211863,41.972273],[3.212002,41.972292],[3.212322,41.972427],[3.212389,41.972476],[3.212404,41.972489],[3.212419,41.972501],[3.212448,41.972527],[3.212529,41.972709],[3.212407,41.972719],[3.212407,41.972731],[3.212399,41.972741],[3.21238,41.972763],[3.212317,41.972768],[3.212325,41.972826],[3.212345,41.972956],[3.212387,41.973034],[3.212448,41.973075],[3.212514,41.973091],[3.212637,41.973107],[3.212705,41.973065],[3.212731,41.973049],[3.212759,41.973053],[3.212853,41.973067],[3.212944,41.97308],[3.213059,41.973097],[3.213126,41.973094],[3.213213,41.97309],[3.213302,41.973047],[3.213345,41.973008],[3.213407,41.973012],[3.213457,41.973006],[3.21349,41.972994],[3.213518,41.972978],[3.213555,41.972946],[3.213568,41.972893],[3.213565,41.97285],[3.213559,41.972808],[3.213545,41.972763],[3.213528,41.972732],[3.213513,41.972709],[3.213512,41.972706],[3.21346,41.972631],[3.213451,41.972594],[3.213451,41.972442],[3.21345,41.972212],[3.213462,41.97197],[3.213464,41.97193],[3.2135,41.971422],[3.213581,41.971145],[3.213595,41.9711],[3.213656,41.971044],[3.213737,41.97097],[3.213782,41.970929],[3.213525,41.970714],[3.213319,41.970657],[3.213184,41.970901],[3.213146,41.971036],[3.21313,41.971094],[3.213059,41.971249],[3.213009,41.971315],[3.212796,41.97137],[3.212687,41.971394],[3.212635,41.971359],[3.212606,41.97136],[3.212532,41.971207],[3.21251,41.971175],[3.212511,41.971164],[3.212523,41.971127],[3.212535,41.97109],[3.212561,41.971003],[3.212572,41.970959],[3.212583,41.970914],[3.212584,41.970901],[3.212581,41.970887],[3.212574,41.970872],[3.212563,41.970858],[3.212553,41.970846],[3.212541,41.970835],[3.21252,41.970826],[3.212497,41.97082],[3.212481,41.970816],[3.212475,41.97082],[3.212363,41.970811],[3.212274,41.970804],[3.212273,41.97081],[3.212268,41.97085],[3.212257,41.97094],[3.212269,41.970943],[3.212154,41.971013],[3.211876,41.971176],[3.211658,41.970997],[3.211588,41.971078],[3.211445,41.970994],[3.211447,41.971008],[3.211311,41.970913],[3.211178,41.970738],[3.211144,41.970752],[3.211109,41.970706],[3.211063,41.970725],[3.210971,41.970604],[3.210935,41.970598],[3.210902,41.970593],[3.210867,41.970547],[3.210831,41.970562],[3.210791,41.970504],[3.211033,41.970433],[3.211301,41.970409],[3.211676,41.970521],[3.211755,41.97031],[3.211608,41.970271],[3.211639,41.970164],[3.211879,41.970208],[3.21191,41.970065],[3.211647,41.970027],[3.211595,41.969985],[3.211474,41.969744],[3.211586,41.969702],[3.211708,41.969347],[3.211657,41.969233],[3.211548,41.969062],[3.211563,41.969025],[3.211583,41.968978],[3.21142,41.968913],[3.211288,41.968961],[3.211095,41.968619],[3.210936,41.968618],[3.210641,41.968721],[3.210545,41.968766],[3.210481,41.968831],[3.210402,41.968909],[3.210234,41.968972],[3.209938,41.969062],[3.210288,41.969505],[3.21046,41.969785],[3.21069,41.970276],[3.210688,41.970409],[3.210666,41.970414],[3.21046,41.970459],[3.210462,41.970498],[3.210458,41.970529],[3.210449,41.970556],[3.210421,41.970615],[3.210329,41.970651],[3.21028,41.970663],[3.210289,41.970783],[3.210404,41.970987],[3.210476,41.97114],[3.210569,41.971315],[3.210649,41.971563],[3.210677,41.97163],[3.210734,41.971788],[3.210773,41.971852]]]]}},{"type":"Feature","id":"170139_170139 AP34 BEM 3","properties":{"area_id":"170139_170139 AP34 BEM 3","nom":"sa Tuna","codi_icgc":"170139 AP34 BEM 3","categoria":"Àrees de poblament","codi_municipi":"170139","municipi":"Begur","codi_comarca":"10","comarca":"Baix Empordà","provincia":"Girona","font":"ICGC Àrees de poblament v3r1 202602"},"geometry":{"type":"MultiPolygon","coordinates":[[[[3.221651,41.957578],[3.221608,41.957526],[3.221576,41.957472],[3.221548,41.957413],[3.221548,41.957344],[3.221544,41.957262],[3.221728,41.957294],[3.222003,41.957085],[3.221796,41.956946],[3.221643,41.956844],[3.221479,41.956835],[3.221446,41.956838],[3.221397,41.956844],[3.221451,41.956971],[3.221505,41.957098],[3.221508,41.957112],[3.221508,41.957126],[3.221498,41.957158],[3.221484,41.957197],[3.221467,41.957236],[3.221459,41.957265],[3.221451,41.957338],[3.221452,41.957357],[3.221428,41.957372],[3.221163,41.957445],[3.221164,41.957475],[3.22126,41.957625],[3.221484,41.957532],[3.221503,41.957563],[3.221512,41.957576],[3.221537,41.957618],[3.221542,41.957627],[3.221555,41.957659],[3.221565,41.95768],[3.221585,41.957732],[3.221594,41.957758],[3.221611,41.957803],[3.221699,41.95798],[3.221794,41.958153],[3.221803,41.958169],[3.221899,41.958334],[3.221914,41.958359],[3.222006,41.958514],[3.222082,41.958647],[3.222156,41.95878],[3.222174,41.958821],[3.22218,41.958853],[3.222182,41.958902],[3.222181,41.958907],[3.222437,41.959134],[3.222535,41.959107],[3.222573,41.959176],[3.222538,41.959327],[3.222593,41.959591],[3.222622,41.959617],[3.222885,41.959662],[3.222855,41.959665],[3.222881,41.959804],[3.22307,41.960071],[3.223204,41.960163],[3.223273,41.960116],[3.2233,41.960098],[3.223513,41.960298],[3.223536,41.960319],[3.223595,41.960336],[3.223681,41.960327],[3.22372,41.960286],[3.223845,41.960308],[3.22385,41.960307],[3.223871,41.960308],[3.223946,41.960314],[3.224002,41.960322],[3.224056,41.960334],[3.224167,41.960366],[3.224265,41.960395],[3.224362,41.960426],[3.224416,41.960445],[3.224457,41.960461],[3.224477,41.960469],[3.224492,41.960474],[3.224506,41.960481],[3.224519,41.960489],[3.224531,41.960498],[3.224545,41.960514],[3.224554,41.960531],[3.224491,41.960579],[3.224323,41.960687],[3.224419,41.960814],[3.224571,41.960943],[3.224876,41.961227],[3.224977,41.961322],[3.224995,41.961339],[3.225143,41.96146],[3.225595,41.961618],[3.225813,41.961649],[3.225932,41.961622],[3.226401,41.961538],[3.226511,41.961497],[3.226541,41.961482],[3.226668,41.961322],[3.226701,41.961299],[3.226838,41.961205],[3.226892,41.961165],[3.227087,41.961134],[3.2274,41.961329],[3.227409,41.961362],[3.227577,41.961391],[3.2276,41.961395],[3.227667,41.961413],[3.227679,41.961409],[3.227753,41.96139],[3.227866,41.961368],[3.227981,41.961348],[3.228049,41.961338],[3.228152,41.961327],[3.228202,41.961326],[3.228251,41.961327],[3.228325,41.961335],[3.228435,41.961354],[3.228545,41.961378],[3.228686,41.961415],[3.228512,41.96167],[3.228564,41.961755],[3.228131,41.962095],[3.228086,41.96213],[3.228184,41.962179],[3.228212,41.962192],[3.228234,41.9622],[3.228278,41.962212],[3.228313,41.962218],[3.228343,41.962222],[3.228407,41.962225],[3.228424,41.962226],[3.228436,41.962234],[3.228476,41.96227],[3.228778,41.962527],[3.229069,41.962296],[3.229113,41.962191],[3.229164,41.962131],[3.229218,41.96209],[3.229271,41.962085],[3.229306,41.962083],[3.229369,41.962081],[3.229375,41.962081],[3.229531,41.962191],[3.229914,41.962335],[3.230045,41.962384],[3.230248,41.961983],[3.230252,41.961989],[3.230312,41.961926],[3.230336,41.961919],[3.230605,41.961861],[3.230735,41.961821],[3.230756,41.961812],[3.230559,41.961394],[3.230531,41.961346],[3.2305,41.961297],[3.230431,41.961237],[3.23039,41.961208],[3.230358,41.961129],[3.230348,41.961057],[3.230278,41.961038],[3.230182,41.961017],[3.230108,41.960998],[3.230038,41.960989],[3.229842,41.96089],[3.229796,41.960889],[3.229667,41.960821],[3.229632,41.960846],[3.22959,41.960802],[3.229498,41.960712],[3.229411,41.960644],[3.229348,41.960617],[3.229288,41.960574],[3.229254,41.960542],[3.229426,41.960376],[3.229479,41.960389],[3.229737,41.960128],[3.229829,41.960078],[3.229862,41.960048],[3.229881,41.960032],[3.229892,41.960022],[3.229943,41.959961],[3.229961,41.95994],[3.229962,41.959935],[3.229931,41.959912],[3.229869,41.959884],[3.229729,41.959806],[3.229684,41.959805],[3.22968,41.959807],[3.229657,41.959816],[3.229565,41.95982],[3.229492,41.959863],[3.22944,41.959892],[3.229262,41.959951],[3.228976,41.96004],[3.22896,41.960043],[3.228921,41.960057],[3.228687,41.960104],[3.228533,41.960145],[3.228528,41.960146],[3.228453,41.96018],[3.228348,41.960195],[3.22826,41.960215],[3.228214,41.96022],[3.22806,41.960249],[3.227902,41.960253],[3.227706,41.960271],[3.227486,41.960297],[3.227298,41.960291],[3.227164,41.960272],[3.227117,41.96028],[3.227004,41.960171],[3.226969,41.960137],[3.226958,41.960126],[3.226896,41.960087],[3.226787,41.960082],[3.226631,41.960018],[3.225891,41.959427],[3.225881,41.959418],[3.225655,41.959299],[3.225538,41.959275],[3.225458,41.959275],[3.225422,41.959271],[3.225376,41.959213],[3.225183,41.95897],[3.225091,41.958854],[3.225079,41.958821],[3.225005,41.958813],[3.225038,41.959086],[3.225044,41.959122],[3.22505,41.959162],[3.225066,41.959223],[3.225082,41.959286],[3.225049,41.95952],[3.225026,41.959683],[3.224892,41.96004],[3.224877,41.960083],[3.22484,41.960082],[3.224832,41.960075],[3.224797,41.960049],[3.224759,41.960025],[3.224711,41.960001],[3.224666,41.959981],[3.224581,41.959951],[3.224449,41.959909],[3.224394,41.95989],[3.224381,41.959886],[3.224315,41.95986],[3.224229,41.959822],[3.224186,41.959797],[3.224145,41.959766],[3.224118,41.959733],[3.224102,41.959708],[3.224086,41.959669],[3.224078,41.95963],[3.224078,41.959574],[3.224079,41.95956],[3.224084,41.959495],[3.224089,41.959417],[3.224089,41.959376],[3.224082,41.959315],[3.224065,41.959255],[3.224052,41.959231],[3.224037,41.959211],[3.224002,41.959175],[3.223943,41.959119],[3.223915,41.959088],[3.223897,41.959059],[3.223539,41.959143],[3.223526,41.959146],[3.223528,41.959124],[3.223523,41.959098],[3.223525,41.959073],[3.223529,41.959061],[3.223532,41.959045],[3.22354,41.959003],[3.223507,41.95879],[3.223505,41.958773],[3.223505,41.958715],[3.223497,41.958664],[3.223482,41.958613],[3.223467,41.95858],[3.223444,41.958537],[3.223427,41.958513],[3.223409,41.958491],[3.223364,41.958449],[3.223331,41.958425],[3.22332,41.958419],[3.223305,41.958415],[3.223262,41.958405],[3.223229,41.958394],[3.223209,41.95838],[3.223191,41.958358],[3.223182,41.958347],[3.22318,41.958342],[3.223156,41.958309],[3.223156,41.958275],[3.223163,41.958238],[3.22318,41.95821],[3.223203,41.958186],[3.223232,41.958166],[3.223266,41.95815],[3.223303,41.958139],[3.223327,41.958136],[3.223327,41.958085],[3.223254,41.957922],[3.223251,41.957916],[3.222924,41.958011],[3.222886,41.957975],[3.222836,41.957937],[3.222738,41.957891],[3.222625,41.957845],[3.222637,41.957793],[3.222528,41.95775],[3.222492,41.957788],[3.222362,41.95775],[3.221968,41.957931],[3.221959,41.957913],[3.221938,41.957861],[3.221934,41.957845],[3.221932,41.957814],[3.221936,41.957762],[3.221937,41.957733],[3.221933,41.957704],[3.221925,41.957674],[3.221914,41.957651],[3.221893,41.95762],[3.221862,41.957589],[3.221835,41.95757],[3.22181,41.957558],[3.221772,41.957547],[3.221749,41.957545],[3.221724,41.957547],[3.221686,41.957561],[3.221671,41.957569],[3.221651,41.957578]]]]}},{"type":"Feature","id":"170139_170139 AP15 BEM 1","properties":{"area_id":"170139_170139 AP15 BEM 1","nom":"ses Costes","codi_icgc":"170139 AP15 BEM 1","categoria":"Àrees de poblament","codi_municipi":"170139","municipi":"Begur","codi_comarca":"10","comarca":"Baix Empordà","provincia":"Girona","font":"ICGC Àrees de poblament v3r1 202602"},"geometry":{"type":"MultiPolygon","coordinates":[[[[3.209252,41.94815],[3.209371,41.947775],[3.209396,41.947694],[3.209396,41.947594],[3.209319,41.947461],[3.209248,41.947375],[3.209432,41.947041],[3.209496,41.946984],[3.209508,41.946994],[3.20956,41.946955],[3.209925,41.947298],[3.210334,41.947483],[3.210506,41.947526],[3.210535,41.947507],[3.21057,41.947516],[3.210672,41.947534],[3.210776,41.947545],[3.21097,41.947559],[3.211164,41.947568],[3.211274,41.94757],[3.211385,41.947571],[3.211461,41.947575],[3.211499,41.947583],[3.211535,41.947593],[3.211602,41.947616],[3.21172,41.947655],[3.211835,41.947696],[3.211913,41.947727],[3.21193,41.947738],[3.211939,41.947747],[3.212006,41.947757],[3.212034,41.947761],[3.212085,41.94777],[3.212136,41.947782],[3.21214,41.947783],[3.212291,41.947829],[3.212329,41.947841],[3.212394,41.947861],[3.212446,41.947877],[3.212684,41.947949],[3.212709,41.947957],[3.212927,41.948023],[3.213032,41.948058],[3.213271,41.947596],[3.213801,41.947736],[3.213582,41.948093],[3.214124,41.948278],[3.21451,41.947703],[3.214545,41.947665],[3.21455,41.947645],[3.2146,41.947429],[3.21458,41.947127],[3.214592,41.947066],[3.214607,41.947037],[3.21465,41.946992],[3.214647,41.946961],[3.214662,41.946925],[3.214793,41.946924],[3.215119,41.94696],[3.215201,41.946967],[3.215224,41.946987],[3.215319,41.946963],[3.215335,41.946954],[3.215466,41.946925],[3.21556,41.946869],[3.215575,41.946864],[3.215608,41.946847],[3.215712,41.946774],[3.215832,41.946702],[3.215907,41.946658],[3.216027,41.946569],[3.216206,41.946435],[3.216014,41.94624],[3.21613,41.946134],[3.216365,41.946054],[3.216711,41.946065],[3.21671,41.946116],[3.217115,41.946125],[3.217085,41.946045],[3.217025,41.945885],[3.217,41.945817],[3.21638,41.945788],[3.216376,41.945861],[3.216338,41.945859],[3.216329,41.945857],[3.21632,41.945852],[3.216299,41.945834],[3.216269,41.945813],[3.216241,41.945791],[3.216227,41.945776],[3.216216,41.94576],[3.216214,41.945752],[3.216215,41.945743],[3.216228,41.945733],[3.216249,41.945725],[3.216263,41.945722],[3.216317,41.94572],[3.216371,41.945723],[3.216431,41.945731],[3.216491,41.945739],[3.216533,41.945744],[3.216568,41.945743],[3.216605,41.945735],[3.216625,41.945722],[3.216637,41.945707],[3.21664,41.945694],[3.216637,41.945678],[3.21663,41.945664],[3.21661,41.945638],[3.216592,41.945622],[3.216557,41.945598],[3.216523,41.945577],[3.216452,41.945541],[3.216402,41.94552],[3.216288,41.945476],[3.216175,41.945432],[3.216008,41.945361],[3.215841,41.945289],[3.215705,41.945227],[3.215569,41.945165],[3.215543,41.945155],[3.215514,41.945148],[3.215496,41.945145],[3.215467,41.945145],[3.215448,41.945148],[3.215414,41.945153],[3.215497,41.945089],[3.215686,41.945057],[3.215971,41.945087],[3.215977,41.944968],[3.215676,41.944851],[3.215646,41.944765],[3.215588,41.9446],[3.215727,41.944519],[3.215748,41.944506],[3.21576,41.944498],[3.215555,41.944336],[3.215429,41.944145],[3.215344,41.94414],[3.215201,41.94414],[3.215095,41.944176],[3.214971,41.944191],[3.214885,41.944198],[3.21478,41.944241],[3.214675,41.94432],[3.214531,41.944442],[3.214283,41.944607],[3.214073,41.944714],[3.213862,41.944772],[3.213709,41.944822],[3.213671,41.944794],[3.21377,41.944278],[3.213496,41.944215],[3.213324,41.94413],[3.212962,41.943875],[3.212634,41.944067],[3.212433,41.943917],[3.212182,41.944346],[3.212119,41.944604],[3.211985,41.944718],[3.211214,41.944407],[3.211135,41.944528],[3.210936,41.944756],[3.210891,41.944786],[3.21088,41.944794],[3.210836,41.944765],[3.210498,41.945023],[3.210441,41.945009],[3.210052,41.945377],[3.210037,41.945492],[3.210033,41.945498],[3.209981,41.945583],[3.209902,41.945499],[3.209601,41.945181],[3.209455,41.945186],[3.209286,41.945121],[3.208922,41.945284],[3.208845,41.94531],[3.208816,41.945326],[3.20876,41.945257],[3.208737,41.945305],[3.208679,41.945403],[3.208669,41.94542],[3.208554,41.94562],[3.208769,41.945779],[3.209314,41.946011],[3.209426,41.946037],[3.20951,41.946038],[3.209446,41.946275],[3.209244,41.946189],[3.209208,41.946214],[3.208608,41.945994],[3.208449,41.946195],[3.208393,41.946257],[3.208348,41.946338],[3.208276,41.946625],[3.208261,41.946642],[3.208248,41.946656],[3.208246,41.946659],[3.208221,41.946689],[3.208199,41.946717],[3.208216,41.946713],[3.208241,41.946708],[3.208246,41.946707],[3.208275,41.946702],[3.208304,41.946712],[3.208332,41.946724],[3.208375,41.946747],[3.208413,41.946773],[3.208452,41.946803],[3.208469,41.946819],[3.208473,41.946825],[3.208482,41.946837],[3.208502,41.94687],[3.208526,41.946931],[3.208531,41.946951],[3.208536,41.947004],[3.208536,41.94701],[3.208535,41.947033],[3.208533,41.947069],[3.208529,41.947096],[3.208527,41.947108],[3.20851,41.947161],[3.208442,41.947386],[3.208292,41.947663],[3.208211,41.947673],[3.208178,41.947676],[3.207519,41.947796],[3.207373,41.947833],[3.207317,41.947847],[3.207271,41.948103],[3.207296,41.948109],[3.207563,41.948088],[3.207628,41.947969],[3.207667,41.947921],[3.207801,41.947897],[3.207909,41.947916],[3.207992,41.947978],[3.208107,41.947978],[3.20817,41.947957],[3.208234,41.947937],[3.208285,41.948031],[3.208294,41.94803],[3.208311,41.948054],[3.208346,41.948094],[3.208433,41.948181],[3.208525,41.948264],[3.208484,41.948308],[3.20845,41.948338],[3.208451,41.948366],[3.208238,41.94871],[3.208666,41.948697],[3.208813,41.948562],[3.208796,41.948415],[3.208868,41.94837],[3.209028,41.94827],[3.209048,41.948257],[3.20924,41.948155],[3.209252,41.94815]]]]}},{"type":"Feature","id":"170139_170139 AP18 BEM 1","properties":{"area_id":"170139_170139 AP18 BEM 1","nom":"ses Falugues","codi_icgc":"170139 AP18 BEM 1","categoria":"Àrees de poblament","codi_municipi":"170139","municipi":"Begur","codi_comarca":"10","comarca":"Baix Empordà","provincia":"Girona","font":"ICGC Àrees de poblament v3r1 202602"},"geometry":{"type":"MultiPolygon","coordinates":[[[[3.205745,41.937504],[3.205793,41.937503],[3.205818,41.937585],[3.205786,41.937925],[3.205879,41.937922],[3.205879,41.937928],[3.205929,41.937929],[3.205963,41.93793],[3.206346,41.93791],[3.206358,41.93791],[3.206773,41.937917],[3.206874,41.937924],[3.207117,41.937942],[3.207405,41.938011],[3.207463,41.938025],[3.207508,41.938035],[3.207559,41.938014],[3.2076,41.937996],[3.207593,41.937819],[3.207592,41.937814],[3.207591,41.937801],[3.207579,41.93767],[3.207572,41.937592],[3.207509,41.937021],[3.207504,41.937008],[3.207484,41.936911],[3.207473,41.936854],[3.207496,41.936852],[3.207692,41.936834],[3.207771,41.936831],[3.207889,41.936829],[3.207968,41.936827],[3.208007,41.936826],[3.208044,41.936824],[3.208099,41.93682],[3.208126,41.936816],[3.208151,41.936807],[3.208197,41.936788],[3.208242,41.936769],[3.208366,41.936706],[3.208507,41.936632],[3.208612,41.936583],[3.208719,41.936536],[3.208797,41.93651],[3.20884,41.936501],[3.208894,41.936489],[3.208899,41.936488],[3.20899,41.936473],[3.20915,41.936447],[3.209266,41.93643],[3.209311,41.936423],[3.209378,41.936414],[3.20946,41.936374],[3.209462,41.936337],[3.209462,41.936309],[3.209468,41.936271],[3.209475,41.936243],[3.209491,41.936203],[3.209503,41.936183],[3.209518,41.936164],[3.209552,41.936133],[3.20958,41.936113],[3.209626,41.936088],[3.209677,41.936066],[3.209736,41.936046],[3.209766,41.936039],[3.209797,41.936035],[3.209888,41.936028],[3.209955,41.936023],[3.209985,41.936021],[3.210037,41.936017],[3.210038,41.935944],[3.210191,41.93584],[3.210345,41.935735],[3.210453,41.935661],[3.210982,41.935301],[3.211078,41.935224],[3.211126,41.935183],[3.211175,41.935144],[3.211269,41.935067],[3.21128,41.93506],[3.2115,41.935025],[3.21158,41.935043],[3.211699,41.935042],[3.211851,41.934971],[3.211907,41.934917],[3.211927,41.934894],[3.211814,41.93467],[3.21174,41.934652],[3.211211,41.934522],[3.210721,41.934333],[3.210706,41.934327],[3.210559,41.934272],[3.210179,41.934129],[3.210072,41.934089],[3.210003,41.934063],[3.20995,41.934046],[3.209922,41.934041],[3.209894,41.93404],[3.20982,41.93404],[3.209746,41.934042],[3.209704,41.934043],[3.209663,41.934043],[3.209622,41.934042],[3.209581,41.934039],[3.209549,41.934036],[3.209518,41.934031],[3.209503,41.934026],[3.209485,41.934014],[3.209469,41.934],[3.209444,41.933977],[3.20942,41.933954],[3.209393,41.933934],[3.209363,41.933916],[3.209327,41.933899],[3.209289,41.933885],[3.209264,41.933879],[3.209239,41.933874],[3.209189,41.93387],[3.20914,41.933869],[3.20906,41.933873],[3.20898,41.933876],[3.208895,41.933879],[3.208809,41.933881],[3.208734,41.933879],[3.208659,41.933877],[3.208591,41.933874],[3.208524,41.933871],[3.208492,41.933871],[3.208461,41.933871],[3.208428,41.933875],[3.208396,41.933885],[3.208353,41.933905],[3.208316,41.93393],[3.208257,41.933983],[3.208231,41.93401],[3.208208,41.93404],[3.208173,41.93409],[3.208142,41.934142],[3.208127,41.934171],[3.208114,41.9342],[3.208089,41.934267],[3.208085,41.934277],[3.208064,41.934335],[3.208046,41.934379],[3.208036,41.9344],[3.208022,41.934421],[3.208003,41.934447],[3.207983,41.934472],[3.207961,41.934474],[3.207938,41.934476],[3.207915,41.934474],[3.207892,41.934467],[3.207835,41.934445],[3.20778,41.934422],[3.207721,41.934396],[3.207661,41.93437],[3.207622,41.934355],[3.207582,41.934342],[3.207501,41.934317],[3.207454,41.934303],[3.207407,41.934289],[3.207404,41.934278],[3.207387,41.934212],[3.207368,41.934134],[3.207346,41.934071],[3.207321,41.934009],[3.207304,41.93396],[3.207287,41.933912],[3.20727,41.933862],[3.207253,41.933813],[3.207242,41.933779],[3.20723,41.933744],[3.207204,41.933667],[3.207176,41.933591],[3.207137,41.933496],[3.207098,41.933401],[3.20699,41.933427],[3.206882,41.933453],[3.206795,41.933476],[3.206709,41.933499],[3.206652,41.933516],[3.206621,41.933525],[3.206591,41.933536],[3.206551,41.93355],[3.206513,41.933567],[3.206489,41.933581],[3.206466,41.9336],[3.206446,41.93362],[3.206406,41.93366],[3.206369,41.933686],[3.206334,41.933714],[3.206323,41.933728],[3.206315,41.933742],[3.206307,41.933773],[3.206305,41.933796],[3.206308,41.93382],[3.206317,41.93385],[3.206331,41.933879],[3.206355,41.93392],[3.206384,41.933959],[3.206397,41.93397],[3.206415,41.933979],[3.206454,41.933996],[3.206475,41.934008],[3.206483,41.934017],[3.206486,41.934029],[3.206486,41.93404],[3.206486,41.934052],[3.206488,41.934155],[3.206491,41.934258],[3.206494,41.934279],[3.206495,41.934284],[3.206505,41.93431],[3.206523,41.934332],[3.206548,41.93435],[3.206588,41.934368],[3.206627,41.934385],[3.206655,41.934399],[3.206682,41.934415],[3.206698,41.934427],[3.206726,41.934458],[3.206748,41.934491],[3.206762,41.934515],[3.206778,41.934539],[3.206751,41.934558],[3.206734,41.934558],[3.206717,41.934561],[3.206704,41.934566],[3.206692,41.934572],[3.206682,41.93458],[3.206674,41.934589],[3.206614,41.934619],[3.20655,41.934646],[3.206479,41.934671],[3.206406,41.934692],[3.205974,41.934799],[3.2055,41.93494],[3.205478,41.934948],[3.205453,41.934952],[3.205435,41.934952],[3.205417,41.93495],[3.205401,41.934946],[3.205386,41.934939],[3.205344,41.93492],[3.205302,41.9349],[3.205247,41.934873],[3.205193,41.934844],[3.205161,41.93483],[3.205128,41.934818],[3.205113,41.934815],[3.205097,41.934815],[3.205067,41.93482],[3.205006,41.934859],[3.204998,41.934873],[3.204988,41.934878],[3.204977,41.934882],[3.204956,41.934884],[3.204934,41.93488],[3.204915,41.934871],[3.204902,41.934858],[3.204784,41.93472],[3.20475,41.934697],[3.20471,41.934681],[3.204662,41.934668],[3.204613,41.934657],[3.204596,41.934618],[3.204572,41.93456],[3.204361,41.934408],[3.204298,41.934363],[3.204174,41.934274],[3.203899,41.93408],[3.203885,41.934072],[3.20387,41.934067],[3.203854,41.934063],[3.203837,41.934061],[3.203817,41.934062],[3.203798,41.934066],[3.20378,41.934073],[3.203764,41.934082],[3.203632,41.934242],[3.203535,41.934397],[3.203446,41.934511],[3.20341,41.934514],[3.203376,41.934523],[3.203358,41.93453],[3.203341,41.934538],[3.203326,41.934548],[3.203312,41.934559],[3.203194,41.934728],[3.20319,41.934741],[3.203191,41.934755],[3.203199,41.93477],[3.203213,41.934783],[3.203288,41.934836],[3.203522,41.935],[3.203552,41.935014],[3.203581,41.935029],[3.203617,41.935053],[3.203639,41.935048],[3.203677,41.935185],[3.204471,41.936833],[3.204687,41.936939],[3.204686,41.93694],[3.204679,41.936951],[3.204675,41.936963],[3.204673,41.936975],[3.204672,41.936987],[3.204682,41.937035],[3.204695,41.937083],[3.204706,41.937114],[3.204719,41.937145],[3.204734,41.937175],[3.204751,41.937205],[3.204775,41.937289],[3.204804,41.937346],[3.204811,41.937356],[3.204831,41.937378],[3.204853,41.937399],[3.204886,41.937425],[3.204924,41.937448],[3.204955,41.93746],[3.204986,41.937469],[3.205012,41.937475],[3.205039,41.937479],[3.20521,41.937517],[3.205306,41.937538],[3.205438,41.937529],[3.205692,41.937512],[3.205745,41.937504]]]]}}]}