{"type":"FeatureCollection","name":"ICGC Àrees de poblament - Alcanar","features":[{"type":"Feature","id":"430043_430043 AP01 MON 3","properties":{"area_id":"430043_430043 AP01 MON 3","nom":"Alcanar","codi_icgc":"430043 AP01 MON 3","categoria":"Àrees de poblament","codi_municipi":"430043","municipi":"Alcanar","codi_comarca":"22","comarca":"Montsià","provincia":"Tarragona","font":"ICGC Àrees de poblament v3r1 202602"},"geometry":{"type":"MultiPolygon","coordinates":[[[[0.486634,40.54279],[0.486313,40.542715],[0.486012,40.542623],[0.486154,40.542468],[0.485879,40.542312],[0.485875,40.542158],[0.48554,40.541972],[0.485384,40.542123],[0.48508,40.541995],[0.484632,40.541813],[0.484543,40.541936],[0.484368,40.541868],[0.484213,40.541795],[0.484247,40.541744],[0.484381,40.541541],[0.48428,40.541489],[0.484176,40.541515],[0.484087,40.54152],[0.483925,40.541477],[0.483902,40.541445],[0.483904,40.541413],[0.484027,40.541233],[0.484088,40.541131],[0.484075,40.541095],[0.483742,40.540977],[0.48369,40.540972],[0.483666,40.541004],[0.483609,40.541017],[0.48353,40.540993],[0.482956,40.540802],[0.482449,40.540598],[0.48237,40.540568],[0.482359,40.540492],[0.482377,40.540389],[0.482418,40.54029],[0.482354,40.540249],[0.482152,40.540134],[0.482305,40.540059],[0.482599,40.539833],[0.483195,40.540189],[0.483384,40.540032],[0.483561,40.539932],[0.483497,40.539888],[0.483012,40.539699],[0.482577,40.539561],[0.482195,40.539491],[0.481742,40.539435],[0.481489,40.539421],[0.481491,40.539401],[0.480968,40.53934],[0.47969,40.539201],[0.478519,40.539061],[0.478066,40.539008],[0.477306,40.538909],[0.475637,40.538724],[0.474608,40.538603],[0.473938,40.538544],[0.473778,40.53855],[0.473749,40.538607],[0.473774,40.538993],[0.47427,40.539062],[0.474261,40.539197],[0.474376,40.539236],[0.47436,40.539391],[0.47429,40.539576],[0.474197,40.539893],[0.474082,40.540138],[0.474065,40.540243],[0.473815,40.540743],[0.474794,40.540964],[0.474707,40.541115],[0.474532,40.541297],[0.474315,40.541638],[0.474042,40.542041],[0.474193,40.542089],[0.474159,40.542144],[0.473813,40.54264],[0.473935,40.542714],[0.474131,40.542738],[0.474363,40.542202],[0.474649,40.542292],[0.474606,40.542378],[0.474619,40.542452],[0.474636,40.542536],[0.475028,40.542589],[0.474954,40.542796],[0.474937,40.542827],[0.475328,40.542861],[0.475672,40.542895],[0.475946,40.542922],[0.476644,40.543039],[0.476597,40.54317],[0.476764,40.543206],[0.476726,40.543345],[0.476693,40.543369],[0.476511,40.543344],[0.476464,40.543353],[0.476427,40.543467],[0.476452,40.543782],[0.475687,40.543784],[0.475567,40.544153],[0.475548,40.544185],[0.475519,40.544228],[0.475463,40.54426],[0.475462,40.54426],[0.475422,40.543692],[0.47515,40.543692],[0.475179,40.543941],[0.474742,40.543935],[0.474745,40.543826],[0.474592,40.543824],[0.474572,40.543934],[0.473677,40.544013],[0.473252,40.544175],[0.473121,40.544215],[0.47307,40.544138],[0.47303,40.544122],[0.472973,40.544123],[0.47316,40.544488],[0.47309,40.544496],[0.473127,40.54484],[0.473708,40.544848],[0.473763,40.544877],[0.473938,40.544886],[0.474078,40.54447],[0.474269,40.544452],[0.474193,40.544664],[0.474398,40.544704],[0.474518,40.544428],[0.475314,40.544353],[0.475281,40.544662],[0.475519,40.544701],[0.475748,40.544733],[0.475907,40.544893],[0.475926,40.544973],[0.475989,40.544975],[0.476052,40.54538],[0.476051,40.54538],[0.47573,40.54548],[0.475585,40.545543],[0.475709,40.545757],[0.475913,40.546041],[0.476142,40.546305],[0.476187,40.546348],[0.476311,40.546363],[0.476756,40.546387],[0.476853,40.54639],[0.476997,40.546822],[0.477208,40.547243],[0.47733,40.547621],[0.477218,40.547649],[0.477223,40.547655],[0.477492,40.548209],[0.477838,40.548127],[0.477912,40.548132],[0.478062,40.548093],[0.478314,40.547834],[0.478493,40.547647],[0.478594,40.54756],[0.479036,40.547447],[0.479299,40.547387],[0.479575,40.547331],[0.479548,40.5472],[0.479592,40.547185],[0.479859,40.547138],[0.48006,40.547097],[0.480161,40.547085],[0.480236,40.547089],[0.480485,40.547114],[0.480737,40.547143],[0.480821,40.547145],[0.480922,40.547128],[0.481016,40.547113],[0.48106,40.547095],[0.481081,40.547053],[0.481079,40.547015],[0.481111,40.546977],[0.481147,40.546959],[0.481216,40.546948],[0.481263,40.546935],[0.481321,40.546896],[0.481477,40.546818],[0.481671,40.546715],[0.481792,40.546661],[0.481857,40.546605],[0.48193,40.546568],[0.482025,40.546537],[0.482069,40.546517],[0.482131,40.546454],[0.482149,40.546483],[0.482179,40.546514],[0.482215,40.546532],[0.482281,40.546538],[0.482353,40.546537],[0.482576,40.546502],[0.482652,40.546477],[0.482678,40.546447],[0.482693,40.546408],[0.482952,40.546388],[0.483228,40.546391],[0.483602,40.546409],[0.483623,40.546353],[0.483861,40.546379],[0.484025,40.546383],[0.484167,40.54635],[0.4842,40.546097],[0.484295,40.545177],[0.484002,40.545128],[0.483953,40.545048],[0.483849,40.544946],[0.483605,40.544719],[0.48341,40.544543],[0.483601,40.544561],[0.483739,40.544521],[0.483847,40.54452],[0.48403,40.54451],[0.484171,40.544481],[0.484211,40.544428],[0.484212,40.544385],[0.484148,40.544348],[0.483944,40.544297],[0.483511,40.544213],[0.483325,40.54418],[0.483299,40.544136],[0.483328,40.544108],[0.48338,40.544099],[0.483562,40.544099],[0.483956,40.54409],[0.484303,40.544097],[0.484355,40.544088],[0.484488,40.544034],[0.484646,40.543958],[0.484763,40.543961],[0.484922,40.543972],[0.484986,40.543991],[0.485191,40.543652],[0.48537,40.543627],[0.485537,40.543678],[0.485688,40.543763],[0.485862,40.543881],[0.486112,40.544087],[0.486156,40.544124],[0.486419,40.54393],[0.486655,40.54398],[0.486693,40.544019],[0.487194,40.544236],[0.487447,40.543988],[0.487606,40.544012],[0.487525,40.544226],[0.487723,40.544278],[0.487789,40.544047],[0.488013,40.544088],[0.488194,40.544119],[0.488313,40.544135],[0.488435,40.543994],[0.489016,40.544132],[0.489606,40.544259],[0.489681,40.544261],[0.489738,40.544241],[0.489763,40.544206],[0.489759,40.544177],[0.48967,40.544068],[0.489507,40.543907],[0.489321,40.543753],[0.489179,40.543664],[0.488817,40.543415],[0.488654,40.543256],[0.488352,40.543057],[0.488156,40.542924],[0.487712,40.542639],[0.487131,40.542247],[0.487049,40.542199],[0.486986,40.542258],[0.486776,40.542461],[0.486737,40.542514],[0.48664,40.542791],[0.486634,40.54279]]]]}},{"type":"Feature","id":"430043_430043 AP20 MON 2","properties":{"area_id":"430043_430043 AP20 MON 2","nom":"Alcanar Costa","codi_icgc":"430043 AP20 MON 2","categoria":"Àrees de poblament","codi_municipi":"430043","municipi":"Alcanar","codi_comarca":"22","comarca":"Montsià","provincia":"Tarragona","font":"ICGC Àrees de poblament v3r1 202602"},"geometry":{"type":"MultiPolygon","coordinates":[[[[0.534759,40.560425],[0.534816,40.560399],[0.534658,40.560048],[0.534614,40.559961],[0.534173,40.559039],[0.534104,40.558959],[0.533908,40.558776],[0.533397,40.559149],[0.533051,40.559404],[0.532822,40.559577],[0.53261,40.559747],[0.532128,40.560118],[0.532298,40.560229],[0.532982,40.560768],[0.533303,40.56103],[0.533645,40.560897],[0.533934,40.560774],[0.534324,40.560606],[0.534639,40.560475],[0.534759,40.560425]]]]}},{"type":"Feature","id":"430043_430043 AP04 MON 2","properties":{"area_id":"430043_430043 AP04 MON 2","nom":"Atzavara","codi_icgc":"430043 AP04 MON 2","categoria":"Àrees de poblament","codi_municipi":"430043","municipi":"Alcanar","codi_comarca":"22","comarca":"Montsià","provincia":"Tarragona","font":"ICGC Àrees de poblament v3r1 202602"},"geometry":{"type":"MultiPolygon","coordinates":[[[[0.579858,40.60315],[0.579902,40.603033],[0.57993,40.603001],[0.579968,40.602934],[0.579979,40.602856],[0.579959,40.602801],[0.579933,40.60278],[0.579773,40.60273],[0.579574,40.602673],[0.579543,40.602648],[0.57951,40.602621],[0.579498,40.602611],[0.579441,40.602537],[0.579241,40.602385],[0.579133,40.602303],[0.579011,40.60221],[0.579009,40.602208],[0.578923,40.602136],[0.578745,40.601985],[0.578741,40.601982],[0.57873,40.601976],[0.578659,40.601942],[0.578604,40.601905],[0.578519,40.601604],[0.578485,40.601487],[0.578432,40.601421],[0.578277,40.601292],[0.577653,40.60173],[0.577807,40.60186],[0.577975,40.602002],[0.578219,40.602208],[0.578295,40.602274],[0.578481,40.602437],[0.578575,40.602519],[0.578577,40.602521],[0.578606,40.602556],[0.578625,40.602572],[0.578761,40.602709],[0.578829,40.602772],[0.579003,40.602948],[0.579072,40.603019],[0.579095,40.603059],[0.579749,40.603719],[0.57978,40.603753],[0.579956,40.603936],[0.580072,40.603869],[0.580114,40.603845],[0.580109,40.603819],[0.580052,40.603638],[0.580001,40.603472],[0.580107,40.603388],[0.580102,40.603381],[0.57986,40.603163],[0.579858,40.60315]]]]}},{"type":"Feature","id":"430043_430043 AP25 MON 2","properties":{"area_id":"430043_430043 AP25 MON 2","nom":"Camí del Llop","codi_icgc":"430043 AP25 MON 2","categoria":"Àrees de poblament","codi_municipi":"430043","municipi":"Alcanar","codi_comarca":"22","comarca":"Montsià","provincia":"Tarragona","font":"ICGC Àrees de poblament v3r1 202602"},"geometry":{"type":"MultiPolygon","coordinates":[[[[0.569079,40.595548],[0.569084,40.595543],[0.569446,40.595227],[0.569331,40.595088],[0.569291,40.595042],[0.569153,40.59488],[0.569014,40.594719],[0.568906,40.594604],[0.568796,40.594489],[0.568724,40.594417],[0.568651,40.594345],[0.568635,40.594328],[0.56863,40.594319],[0.568631,40.594311],[0.568606,40.594215],[0.568589,40.594202],[0.567928,40.593577],[0.567869,40.593593],[0.567842,40.593596],[0.567808,40.59365],[0.567804,40.593652],[0.567687,40.593727],[0.567531,40.593829],[0.567454,40.593881],[0.567377,40.593932],[0.567343,40.593956],[0.567683,40.594243],[0.5681,40.594592],[0.567181,40.595184],[0.566938,40.595338],[0.566695,40.595491],[0.566588,40.595559],[0.566564,40.595536],[0.566527,40.595499],[0.566429,40.595405],[0.566332,40.59531],[0.566193,40.595179],[0.566052,40.59505],[0.566028,40.59503],[0.565999,40.595011],[0.565977,40.595002],[0.56595,40.594997],[0.565924,40.595],[0.565904,40.595007],[0.565977,40.594947],[0.565861,40.594839],[0.565681,40.594945],[0.565392,40.595117],[0.564945,40.595386],[0.564896,40.595339],[0.564863,40.595325],[0.564837,40.595373],[0.564825,40.595387],[0.564804,40.595402],[0.564736,40.595436],[0.564665,40.595472],[0.564696,40.595503],[0.564874,40.595687],[0.56517,40.595935],[0.565222,40.595982],[0.565246,40.595997],[0.565262,40.596011],[0.565489,40.596223],[0.565553,40.596281],[0.565817,40.596492],[0.565829,40.596491],[0.565905,40.596483],[0.56591,40.596473],[0.565934,40.596452],[0.565962,40.596434],[0.566013,40.596406],[0.566065,40.596378],[0.566087,40.596397],[0.566235,40.596357],[0.566369,40.596353],[0.566804,40.596281],[0.567072,40.596137],[0.567127,40.596102],[0.567225,40.596042],[0.567275,40.59601],[0.56731,40.595988],[0.567649,40.595774],[0.567774,40.595695],[0.567908,40.595611],[0.568041,40.595527],[0.568104,40.595489],[0.568137,40.595468],[0.568233,40.595399],[0.568291,40.595437],[0.568617,40.595681],[0.568739,40.595781],[0.568785,40.595812],[0.569079,40.595548]]]]}},{"type":"Feature","id":"430043_430043 SI01 MON 2","properties":{"area_id":"430043_430043 SI01 MON 2","nom":"Compañía Valenciana de Cementos Portland, SA","codi_icgc":"430043 SI01 MON 2","categoria":"Sector industrial","codi_municipi":"430043","municipi":"Alcanar","codi_comarca":"22","comarca":"Montsià","provincia":"Tarragona","font":"ICGC Àrees de poblament v3r1 202602"},"geometry":{"type":"MultiPolygon","coordinates":[[[[0.541362,40.578163],[0.54138,40.578162],[0.541457,40.578175],[0.54152,40.578215],[0.541594,40.578313],[0.541642,40.57838],[0.541706,40.578468],[0.541727,40.578501],[0.541807,40.578634],[0.54186,40.57869],[0.541875,40.578707],[0.5427,40.578276],[0.543031,40.578101],[0.543121,40.578041],[0.543182,40.578014],[0.543242,40.578007],[0.543303,40.578056],[0.543431,40.578207],[0.543541,40.578321],[0.543743,40.578443],[0.543618,40.578577],[0.543569,40.578582],[0.543489,40.578656],[0.543559,40.578701],[0.54362,40.578645],[0.543688,40.578689],[0.54384,40.578494],[0.543954,40.578512],[0.544017,40.578531],[0.544199,40.578612],[0.544415,40.578684],[0.54457,40.578809],[0.544581,40.578802],[0.544778,40.578608],[0.544733,40.578597],[0.544657,40.578555],[0.544973,40.57822],[0.545384,40.577832],[0.545565,40.577666],[0.54547,40.577655],[0.546274,40.576994],[0.546337,40.577032],[0.546774,40.57742],[0.546856,40.577348],[0.546976,40.577246],[0.547095,40.577143],[0.547146,40.577097],[0.547195,40.57705],[0.547202,40.577044],[0.547236,40.577011],[0.547249,40.576999],[0.547251,40.576997],[0.547252,40.576996],[0.547284,40.576975],[0.547388,40.576907],[0.547531,40.576834],[0.547581,40.57664],[0.547585,40.576597],[0.547595,40.576506],[0.547604,40.576381],[0.547604,40.576257],[0.5476,40.576232],[0.547584,40.576175],[0.547577,40.576149],[0.547505,40.576017],[0.547339,40.575866],[0.547267,40.575824],[0.547188,40.57579],[0.547087,40.575746],[0.54695,40.575686],[0.546948,40.575685],[0.546917,40.575661],[0.546892,40.575632],[0.546873,40.575601],[0.546857,40.575558],[0.546847,40.575529],[0.546846,40.575513],[0.546846,40.575498],[0.546852,40.575479],[0.546861,40.575466],[0.546689,40.575287],[0.546212,40.574772],[0.54615,40.574716],[0.546115,40.574693],[0.546095,40.574684],[0.546084,40.574681],[0.545734,40.574607],[0.545247,40.574512],[0.545245,40.574512],[0.544842,40.574435],[0.54484,40.574435],[0.54484,40.574435],[0.544754,40.574414],[0.544668,40.574393],[0.544546,40.574367],[0.54442,40.574346],[0.544362,40.574339],[0.544274,40.574332],[0.544185,40.57433],[0.544165,40.57433],[0.544122,40.574333],[0.544079,40.574336],[0.544011,40.574341],[0.543942,40.574348],[0.543855,40.574357],[0.543768,40.574369],[0.543696,40.574334],[0.543548,40.574327],[0.543339,40.574199],[0.543326,40.574191],[0.5431,40.574371],[0.543052,40.574411],[0.542867,40.574621],[0.542757,40.574717],[0.542419,40.575015],[0.54244,40.57506],[0.541947,40.575386],[0.54192,40.575405],[0.541737,40.575564],[0.541714,40.575713],[0.541651,40.57584],[0.541596,40.575869],[0.541538,40.575858],[0.541432,40.575869],[0.541006,40.57595],[0.540812,40.576037],[0.540567,40.576218],[0.540445,40.576336],[0.540346,40.576485],[0.540325,40.576541],[0.540289,40.576592],[0.54025,40.576642],[0.540206,40.57669],[0.540166,40.576728],[0.540124,40.576764],[0.54006,40.576813],[0.539992,40.576858],[0.539919,40.576898],[0.539842,40.576935],[0.539762,40.576967],[0.53968,40.576994],[0.53959,40.577004],[0.539269,40.577013],[0.53909,40.577005],[0.539082,40.577022],[0.538677,40.577907],[0.538612,40.577941],[0.538528,40.577996],[0.538488,40.578027],[0.53846,40.578053],[0.538423,40.578094],[0.53839,40.578139],[0.53836,40.578198],[0.538344,40.578244],[0.53833,40.578311],[0.538323,40.578379],[0.538328,40.578442],[0.538337,40.578489],[0.538362,40.578558],[0.538398,40.578627],[0.538435,40.578676],[0.538466,40.57871],[0.538521,40.578757],[0.538584,40.5788],[0.538634,40.578827],[0.538712,40.578858],[0.538796,40.578883],[0.53866,40.579188],[0.538269,40.579385],[0.538221,40.579425],[0.538149,40.579466],[0.538125,40.579479],[0.538123,40.57948],[0.538173,40.579571],[0.538266,40.579671],[0.538296,40.579695],[0.538313,40.579698],[0.538355,40.579708],[0.538368,40.57971],[0.538427,40.579695],[0.538441,40.579689],[0.538467,40.579676],[0.538475,40.579671],[0.538471,40.579653],[0.538504,40.579636],[0.538571,40.579601],[0.538663,40.579552],[0.538708,40.579526],[0.538752,40.5795],[0.538786,40.579475],[0.53879,40.579472],[0.538835,40.57943],[0.538905,40.579389],[0.539088,40.579282],[0.53947,40.579057],[0.539581,40.578993],[0.539798,40.578872],[0.540515,40.578472],[0.540819,40.578351],[0.540819,40.578351],[0.540961,40.578274],[0.541003,40.578262],[0.541089,40.578238],[0.541197,40.578206],[0.541306,40.578173],[0.541337,40.578166],[0.541362,40.578163]]]]}},{"type":"Feature","id":"430043_430043 AP07 MON 2","properties":{"area_id":"430043_430043 AP07 MON 2","nom":"Garbí","codi_icgc":"430043 AP07 MON 2","categoria":"Àrees de poblament","codi_municipi":"430043","municipi":"Alcanar","codi_comarca":"22","comarca":"Montsià","provincia":"Tarragona","font":"ICGC Àrees de poblament v3r1 202602"},"geometry":{"type":"MultiPolygon","coordinates":[[[[0.570235,40.60156],[0.570427,40.601667],[0.570565,40.601504],[0.570747,40.601597],[0.571078,40.601768],[0.571497,40.601988],[0.571609,40.602068],[0.571246,40.602452],[0.571221,40.602452],[0.570594,40.602052],[0.570088,40.601723],[0.57002,40.601792],[0.569549,40.602291],[0.569457,40.602221],[0.569318,40.60237],[0.569306,40.602382],[0.56926,40.602434],[0.56913,40.602573],[0.569,40.602712],[0.568979,40.602734],[0.56894,40.602775],[0.568878,40.602837],[0.568826,40.602889],[0.568801,40.602915],[0.56877,40.602945],[0.56873,40.602978],[0.568677,40.603016],[0.568638,40.603044],[0.568841,40.603231],[0.568866,40.603252],[0.568942,40.603326],[0.569099,40.603235],[0.569743,40.603773],[0.569795,40.60381],[0.569835,40.603779],[0.569932,40.603707],[0.570083,40.603602],[0.570234,40.603496],[0.570326,40.60343],[0.570551,40.603266],[0.570597,40.603238],[0.570705,40.603167],[0.571246,40.602601],[0.571279,40.602594],[0.572183,40.603175],[0.572246,40.603216],[0.572427,40.603052],[0.572707,40.602812],[0.572903,40.602638],[0.572868,40.60261],[0.572393,40.602392],[0.571746,40.602076],[0.572172,40.60163],[0.572449,40.601346],[0.572312,40.601247],[0.572001,40.601026],[0.571457,40.600628],[0.57137,40.600723],[0.571004,40.601241],[0.570807,40.601513],[0.570462,40.601323],[0.570235,40.60156]]]]}},{"type":"Feature","id":"430043_430043 AP14 MON 2","properties":{"area_id":"430043_430043 AP14 MON 2","nom":"Montecarlo","codi_icgc":"430043 AP14 MON 2","categoria":"Àrees de poblament","codi_municipi":"430043","municipi":"Alcanar","codi_comarca":"22","comarca":"Montsià","provincia":"Tarragona","font":"ICGC Àrees de poblament v3r1 202602"},"geometry":{"type":"MultiPolygon","coordinates":[[[[0.551948,40.58029],[0.551868,40.580326],[0.55181,40.580356],[0.551762,40.580378],[0.55175,40.580367],[0.551667,40.580288],[0.551586,40.580207],[0.551505,40.580128],[0.551467,40.580087],[0.551431,40.580043],[0.55142,40.580021],[0.551417,40.579999],[0.551419,40.579982],[0.551421,40.579976],[0.551426,40.57997],[0.55148,40.579932],[0.551539,40.579898],[0.55158,40.579876],[0.551554,40.579849],[0.551559,40.579823],[0.55155,40.579806],[0.551525,40.579768],[0.551499,40.579732],[0.551466,40.579689],[0.55143,40.579646],[0.551399,40.579613],[0.551362,40.579583],[0.551333,40.579566],[0.551267,40.579535],[0.551199,40.579506],[0.551157,40.579489],[0.551112,40.579472],[0.551089,40.579472],[0.551067,40.579479],[0.551028,40.579504],[0.551008,40.579527],[0.550997,40.57955],[0.550989,40.579594],[0.550984,40.579625],[0.550981,40.579648],[0.550956,40.579652],[0.550898,40.579675],[0.550845,40.579701],[0.550682,40.579789],[0.550519,40.579877],[0.550412,40.579934],[0.550305,40.57999],[0.550345,40.580044],[0.550618,40.580332],[0.550614,40.580353],[0.550604,40.580364],[0.550581,40.580382],[0.550523,40.580417],[0.550474,40.580448],[0.550407,40.580482],[0.550442,40.58054],[0.550571,40.580674],[0.550701,40.58081],[0.550712,40.580821],[0.550776,40.580886],[0.550829,40.580941],[0.550865,40.580975],[0.550926,40.581022],[0.550987,40.581069],[0.55105,40.58112],[0.551109,40.581164],[0.551169,40.58124],[0.551229,40.58128],[0.551335,40.581369],[0.551362,40.581384],[0.551396,40.581403],[0.551421,40.58142],[0.551453,40.581449],[0.551484,40.58148],[0.551503,40.5815],[0.551524,40.58152],[0.55153,40.581524],[0.551633,40.58158],[0.551744,40.581695],[0.551823,40.581782],[0.551858,40.581893],[0.551865,40.581923],[0.551972,40.581928],[0.552011,40.581907],[0.552051,40.581887],[0.552122,40.581851],[0.552194,40.581815],[0.552277,40.581772],[0.552359,40.581727],[0.552388,40.581708],[0.552414,40.581682],[0.552424,40.581659],[0.552424,40.581637],[0.55242,40.581622],[0.552413,40.581608],[0.552412,40.581602],[0.552414,40.581596],[0.552419,40.581591],[0.55243,40.581583],[0.552638,40.581416],[0.552711,40.581342],[0.553101,40.581004],[0.553439,40.580703],[0.553376,40.580656],[0.553316,40.580594],[0.553197,40.580536],[0.553094,40.58046],[0.5529,40.580336],[0.552818,40.580291],[0.552768,40.580319],[0.552718,40.580346],[0.552675,40.580369],[0.552624,40.580375],[0.552249,40.580141],[0.552102,40.580212],[0.551948,40.58029]]]]}},{"type":"Feature","id":"430043_430043 AP19 MON 2","properties":{"area_id":"430043_430043 AP19 MON 2","nom":"Montsià Costa","codi_icgc":"430043 AP19 MON 2","categoria":"Àrees de poblament","codi_municipi":"430043","municipi":"Alcanar","codi_comarca":"22","comarca":"Montsià","provincia":"Tarragona","font":"ICGC Àrees de poblament v3r1 202602"},"geometry":{"type":"MultiPolygon","coordinates":[[[[0.53501,40.56077],[0.534765,40.560856],[0.534198,40.561061],[0.533708,40.561229],[0.533612,40.561266],[0.533616,40.56127],[0.534142,40.561667],[0.534486,40.561503],[0.535084,40.561215],[0.535127,40.560992],[0.53501,40.56077]]]]}},{"type":"Feature","id":"430043_430043 AP11 MON 2","properties":{"area_id":"430043_430043 AP11 MON 2","nom":"Montsià Mar","codi_icgc":"430043 AP11 MON 2","categoria":"Àrees de poblament","codi_municipi":"430043","municipi":"Alcanar","codi_comarca":"22","comarca":"Montsià","provincia":"Tarragona","font":"ICGC Àrees de poblament v3r1 202602"},"geometry":{"type":"MultiPolygon","coordinates":[[[[0.567662,40.592598],[0.567673,40.592501],[0.567779,40.592315],[0.567775,40.592216],[0.567695,40.592137],[0.567582,40.592044],[0.567493,40.591913],[0.56711,40.591813],[0.566836,40.59161],[0.566766,40.591558],[0.566741,40.591389],[0.566695,40.591336],[0.566637,40.591148],[0.566593,40.591019],[0.566483,40.590873],[0.566398,40.590791],[0.566116,40.59063],[0.566024,40.590576],[0.565982,40.590539],[0.565973,40.590513],[0.566005,40.590495],[0.566059,40.590477],[0.566086,40.590436],[0.566101,40.590424],[0.566117,40.590412],[0.56613,40.590402],[0.566143,40.590393],[0.566159,40.590384],[0.566175,40.590375],[0.566186,40.590365],[0.566194,40.590354],[0.566205,40.590331],[0.566208,40.590316],[0.566205,40.5903],[0.566197,40.590289],[0.566189,40.590284],[0.56618,40.590282],[0.566169,40.590282],[0.566159,40.590284],[0.566138,40.590291],[0.566124,40.590291],[0.566109,40.590285],[0.566095,40.590275],[0.566069,40.590254],[0.566049,40.590244],[0.566009,40.590238],[0.565967,40.590236],[0.565939,40.590239],[0.565885,40.590249],[0.565869,40.590255],[0.565854,40.590266],[0.565851,40.590274],[0.565848,40.5903],[0.565845,40.590326],[0.565829,40.590353],[0.565802,40.590403],[0.565756,40.590445],[0.565706,40.590463],[0.565622,40.590456],[0.565492,40.590413],[0.565399,40.590377],[0.565347,40.590345],[0.565312,40.590287],[0.565296,40.590204],[0.565249,40.590128],[0.56525,40.590103],[0.565251,40.590077],[0.565257,40.590043],[0.565245,40.589997],[0.565203,40.589974],[0.565178,40.589962],[0.565167,40.589957],[0.565156,40.58995],[0.565133,40.589923],[0.565113,40.589883],[0.565097,40.589875],[0.565085,40.589873],[0.565054,40.589872],[0.565023,40.589872],[0.564988,40.589872],[0.564951,40.589872],[0.564889,40.589861],[0.564826,40.58985],[0.564777,40.589842],[0.564687,40.589837],[0.564656,40.589816],[0.564629,40.58978],[0.56461,40.589751],[0.564606,40.589701],[0.564615,40.58966],[0.564618,40.589623],[0.564611,40.589598],[0.564604,40.589569],[0.564579,40.589537],[0.564554,40.589505],[0.564522,40.589473],[0.564487,40.589444],[0.564461,40.589422],[0.56443,40.5894],[0.564415,40.589397],[0.564401,40.589398],[0.564385,40.589401],[0.564369,40.589405],[0.564336,40.589419],[0.564303,40.589433],[0.564277,40.589441],[0.564252,40.589446],[0.564236,40.589447],[0.564225,40.589445],[0.564214,40.58944],[0.564191,40.589425],[0.564161,40.589402],[0.564138,40.589385],[0.564132,40.589378],[0.56413,40.589369],[0.564133,40.589352],[0.564138,40.589341],[0.564153,40.589326],[0.56417,40.589308],[0.564184,40.589287],[0.564194,40.589265],[0.5642,40.589247],[0.564199,40.589228],[0.564193,40.589216],[0.564172,40.589196],[0.564146,40.589182],[0.564127,40.589176],[0.564078,40.589165],[0.56403,40.589154],[0.563992,40.589144],[0.563955,40.589134],[0.563944,40.589119],[0.563908,40.589065],[0.563871,40.589011],[0.563864,40.588987],[0.563858,40.588963],[0.563851,40.588951],[0.56384,40.588939],[0.563825,40.588923],[0.563811,40.588906],[0.563806,40.588895],[0.563803,40.588884],[0.563797,40.588861],[0.563785,40.588841],[0.563767,40.588823],[0.563729,40.5888],[0.563687,40.588781],[0.563659,40.588771],[0.563631,40.588763],[0.563612,40.588761],[0.563584,40.588763],[0.563556,40.588769],[0.56351,40.588782],[0.563464,40.588795],[0.56343,40.588793],[0.563386,40.588787],[0.563132,40.588697],[0.563087,40.588674],[0.563049,40.588654],[0.563011,40.588615],[0.562966,40.588567],[0.562773,40.58835],[0.562768,40.588304],[0.562765,40.588278],[0.562736,40.588297],[0.562731,40.588295],[0.562495,40.588447],[0.562453,40.588473],[0.562271,40.588586],[0.562166,40.58871],[0.56234,40.58882],[0.562495,40.588921],[0.562512,40.588932],[0.562559,40.588964],[0.562601,40.588999],[0.562608,40.589008],[0.562611,40.589018],[0.562609,40.589039],[0.562603,40.589052],[0.562581,40.589081],[0.562559,40.589109],[0.562495,40.589163],[0.562239,40.589381],[0.561899,40.589711],[0.561271,40.589144],[0.561057,40.589277],[0.561085,40.5893],[0.561029,40.589341],[0.561227,40.589508],[0.560917,40.589763],[0.560629,40.589527],[0.560553,40.589586],[0.560374,40.589704],[0.560605,40.589901],[0.560646,40.589924],[0.560412,40.590128],[0.560385,40.590109],[0.560126,40.589924],[0.560099,40.589921],[0.560077,40.58992],[0.560047,40.589924],[0.560036,40.589927],[0.560023,40.589931],[0.56,40.589942],[0.55998,40.589951],[0.559933,40.589978],[0.559887,40.590004],[0.559804,40.590056],[0.559722,40.590107],[0.559661,40.590144],[0.559601,40.59018],[0.559566,40.590196],[0.559618,40.590232],[0.559845,40.590395],[0.559936,40.590459],[0.560256,40.590685],[0.560529,40.590877],[0.560576,40.59091],[0.560685,40.590997],[0.56057,40.591105],[0.560942,40.591366],[0.561489,40.59175],[0.561578,40.591821],[0.561771,40.591976],[0.561916,40.592079],[0.56196,40.592164],[0.56192,40.592194],[0.561926,40.592238],[0.562032,40.59234],[0.562182,40.592485],[0.562237,40.592492],[0.562372,40.592503],[0.562386,40.592538],[0.562495,40.592606],[0.562662,40.59271],[0.562688,40.592725],[0.562723,40.592723],[0.562755,40.592693],[0.562807,40.592643],[0.562884,40.592569],[0.562934,40.592522],[0.563013,40.592565],[0.563103,40.592655],[0.563154,40.59263],[0.563212,40.592597],[0.563313,40.592545],[0.563322,40.592541],[0.563325,40.592543],[0.563366,40.592521],[0.563744,40.592304],[0.563787,40.592346],[0.563952,40.592262],[0.564105,40.592171],[0.564187,40.592123],[0.564206,40.592114],[0.564183,40.592086],[0.563927,40.591914],[0.563827,40.591999],[0.563583,40.591736],[0.563551,40.591706],[0.563525,40.591681],[0.563494,40.591649],[0.563281,40.591439],[0.563403,40.591349],[0.563438,40.591327],[0.563424,40.591314],[0.563501,40.591267],[0.563543,40.591238],[0.563923,40.591537],[0.563989,40.591629],[0.564061,40.591685],[0.564178,40.591775],[0.564356,40.591926],[0.564397,40.591972],[0.564409,40.592024],[0.564515,40.592189],[0.564652,40.592337],[0.564659,40.592344],[0.564774,40.592459],[0.564822,40.592501],[0.564831,40.592494],[0.56486,40.592539],[0.565071,40.592774],[0.565385,40.59263],[0.565464,40.592593],[0.565352,40.592444],[0.565362,40.592435],[0.565371,40.592422],[0.565377,40.592404],[0.565378,40.592387],[0.565376,40.592378],[0.565535,40.592311],[0.565562,40.592293],[0.56545,40.592156],[0.565168,40.59187],[0.56495,40.591672],[0.564752,40.591805],[0.564749,40.591805],[0.564744,40.591805],[0.564721,40.591804],[0.564699,40.591804],[0.564679,40.591802],[0.564662,40.591795],[0.564645,40.591784],[0.564628,40.591774],[0.564345,40.591537],[0.564595,40.591355],[0.564524,40.591291],[0.564406,40.591192],[0.564366,40.591156],[0.564066,40.590904],[0.564351,40.590686],[0.564471,40.590596],[0.564569,40.590522],[0.564384,40.590374],[0.564499,40.590295],[0.564535,40.590285],[0.564676,40.590169],[0.564695,40.590182],[0.564883,40.590305],[0.565146,40.590477],[0.565196,40.590512],[0.565246,40.590546],[0.565311,40.590588],[0.565342,40.590611],[0.565369,40.590635],[0.565421,40.590688],[0.565473,40.59074],[0.565849,40.591107],[0.565866,40.591121],[0.565916,40.591168],[0.566016,40.591269],[0.566043,40.591295],[0.566288,40.591537],[0.566321,40.591569],[0.566768,40.592009],[0.566857,40.592098],[0.566973,40.592212],[0.567328,40.592562],[0.567328,40.592568],[0.567332,40.592566],[0.567412,40.592645],[0.567807,40.593033],[0.567977,40.5932],[0.567984,40.593207],[0.568102,40.593324],[0.568315,40.593191],[0.568202,40.593081],[0.568186,40.593066],[0.568082,40.59302],[0.567969,40.59293],[0.567896,40.592852],[0.567734,40.592702],[0.567662,40.592598]]]]}},{"type":"Feature","id":"430043_430043 AP27 MON 2","properties":{"area_id":"430043_430043 AP27 MON 2","nom":"Morralla","codi_icgc":"430043 AP27 MON 2","categoria":"Àrees de poblament","codi_municipi":"430043","municipi":"Alcanar","codi_comarca":"22","comarca":"Montsià","provincia":"Tarragona","font":"ICGC Àrees de poblament v3r1 202602"},"geometry":{"type":"MultiPolygon","coordinates":[[[[0.539146,40.573915],[0.539252,40.573858],[0.539303,40.573875],[0.53935,40.573843],[0.539429,40.573795],[0.539508,40.573747],[0.539624,40.573677],[0.53974,40.573607],[0.539877,40.573529],[0.540014,40.573451],[0.540111,40.573396],[0.540207,40.57334],[0.540336,40.573265],[0.540464,40.573188],[0.540593,40.573113],[0.540722,40.573038],[0.540833,40.572977],[0.540944,40.572915],[0.541062,40.572846],[0.54118,40.572776],[0.5413,40.572706],[0.541421,40.572637],[0.541498,40.57259],[0.541559,40.572552],[0.541574,40.572542],[0.541745,40.572438],[0.541918,40.572334],[0.541919,40.572334],[0.54161,40.572012],[0.542141,40.571719],[0.542502,40.572002],[0.54256,40.571971],[0.54261,40.571946],[0.542659,40.57192],[0.542707,40.571888],[0.542747,40.571861],[0.542919,40.571736],[0.542931,40.571727],[0.542967,40.571699],[0.543021,40.571662],[0.543075,40.571622],[0.543123,40.571588],[0.543305,40.571487],[0.543698,40.57127],[0.543123,40.570879],[0.543024,40.570879],[0.542901,40.570989],[0.542524,40.570748],[0.542074,40.570429],[0.541759,40.570671],[0.542049,40.570865],[0.542007,40.570903],[0.541958,40.570947],[0.541855,40.571039],[0.541698,40.571227],[0.541657,40.571203],[0.541623,40.571238],[0.54129,40.571494],[0.541778,40.571793],[0.541786,40.571799],[0.541791,40.571804],[0.541793,40.57181],[0.541794,40.571816],[0.541793,40.571822],[0.541788,40.571827],[0.541647,40.57191],[0.541499,40.571998],[0.541344,40.572092],[0.541188,40.572185],[0.541163,40.572197],[0.541146,40.572204],[0.541119,40.572207],[0.541101,40.572207],[0.541079,40.572205],[0.540622,40.571981],[0.540537,40.572039],[0.540458,40.57209],[0.540353,40.572162],[0.540323,40.57218],[0.540166,40.57227],[0.540163,40.572267],[0.54008,40.572319],[0.53994,40.572399],[0.539689,40.572544],[0.539615,40.572585],[0.539521,40.572639],[0.539271,40.57278],[0.53926,40.572787],[0.539048,40.572913],[0.539022,40.572937],[0.5388,40.573088],[0.53861,40.573201],[0.538385,40.573353],[0.538381,40.573355],[0.538305,40.573401],[0.538296,40.573392],[0.538164,40.573479],[0.538176,40.573483],[0.538159,40.573497],[0.538064,40.573585],[0.538027,40.57363],[0.53835,40.573785],[0.538364,40.573798],[0.538366,40.573802],[0.538366,40.573808],[0.538365,40.573811],[0.538344,40.573827],[0.538267,40.573869],[0.538224,40.573896],[0.538191,40.573914],[0.538187,40.573916],[0.538177,40.573921],[0.538166,40.573926],[0.538154,40.573932],[0.538122,40.573948],[0.53806,40.574022],[0.538081,40.574023],[0.538021,40.57407],[0.537959,40.574191],[0.538096,40.574233],[0.538141,40.574252],[0.538186,40.574271],[0.538249,40.574297],[0.538312,40.574324],[0.53835,40.574339],[0.53839,40.57435],[0.538416,40.574353],[0.538433,40.574352],[0.538449,40.574347],[0.538479,40.574332],[0.538541,40.574291],[0.538601,40.57425],[0.53865,40.574216],[0.538674,40.5742],[0.538746,40.574149],[0.538786,40.574118],[0.538826,40.574086],[0.538854,40.574067],[0.538927,40.574029],[0.538946,40.57402],[0.539038,40.573973],[0.539092,40.573944],[0.539146,40.573915]]],[[[0.53685,40.574237],[0.536776,40.57419],[0.536691,40.574129],[0.536616,40.574065],[0.536409,40.573931],[0.536428,40.573895],[0.536462,40.573839],[0.536498,40.573784],[0.536524,40.573746],[0.536555,40.573711],[0.53657,40.573701],[0.536598,40.573689],[0.536628,40.573681],[0.536695,40.573672],[0.536763,40.573666],[0.536844,40.573663],[0.536926,40.573663],[0.536972,40.573665],[0.53698,40.573638],[0.536978,40.573638],[0.537019,40.573514],[0.537078,40.573331],[0.536701,40.573252],[0.536619,40.573654],[0.536583,40.573663],[0.536549,40.573678],[0.536528,40.573693],[0.536493,40.573732],[0.536465,40.573772],[0.536429,40.573827],[0.536395,40.573884],[0.536366,40.573939],[0.53634,40.573994],[0.536323,40.57404],[0.536311,40.574086],[0.536303,40.574131],[0.536296,40.574176],[0.536244,40.574194],[0.536209,40.574204],[0.536168,40.574221],[0.536136,40.57422],[0.536083,40.574221],[0.536043,40.574244],[0.53601,40.574255],[0.536043,40.574309],[0.536077,40.574357],[0.536118,40.574403],[0.536139,40.574423],[0.536175,40.574447],[0.536209,40.574469],[0.536229,40.574482],[0.536257,40.574496],[0.536284,40.574509],[0.536313,40.574519],[0.536326,40.574522],[0.536356,40.574529],[0.536362,40.574531],[0.536404,40.574542],[0.53642,40.574547],[0.536447,40.574554],[0.53647,40.574561],[0.536538,40.574572],[0.536607,40.574576],[0.536646,40.574576],[0.536685,40.574572],[0.536713,40.574567],[0.53674,40.574563],[0.536824,40.57453],[0.536883,40.574501],[0.536926,40.574465],[0.536953,40.57442],[0.536955,40.574367],[0.536936,40.574326],[0.536884,40.574268],[0.53685,40.574237]]],[[[0.534036,40.57425],[0.534357,40.574182],[0.534312,40.573954],[0.534371,40.573823],[0.534332,40.573729],[0.534244,40.57356],[0.534323,40.573518],[0.534413,40.573468],[0.534427,40.573463],[0.534442,40.573463],[0.534453,40.573467],[0.534461,40.573474],[0.534481,40.57351],[0.534498,40.573547],[0.534543,40.573651],[0.534589,40.573755],[0.534627,40.573839],[0.534667,40.573922],[0.53469,40.573962],[0.53472,40.574],[0.534745,40.574024],[0.53477,40.57404],[0.534799,40.574052],[0.534817,40.574057],[0.534844,40.574064],[0.534791,40.574265],[0.53479,40.574268],[0.534754,40.574423],[0.534737,40.574477],[0.534723,40.574522],[0.534775,40.574521],[0.534894,40.574524],[0.535012,40.574528],[0.53509,40.574532],[0.535169,40.574536],[0.535247,40.574544],[0.53529,40.574555],[0.53533,40.57457],[0.535407,40.574607],[0.535426,40.574617],[0.535471,40.57464],[0.535535,40.574673],[0.535556,40.57468],[0.535572,40.574682],[0.535583,40.574684],[0.535593,40.574681],[0.535617,40.574666],[0.53562,40.574664],[0.535627,40.574652],[0.535631,40.57464],[0.53563,40.574616],[0.535625,40.574582],[0.535618,40.574548],[0.535616,40.574541],[0.5356,40.57449],[0.535591,40.574461],[0.53556,40.574376],[0.535516,40.57427],[0.535471,40.574164],[0.535425,40.574046],[0.53538,40.573927],[0.535329,40.573784],[0.535303,40.573705],[0.535337,40.573693],[0.535723,40.57361],[0.535781,40.573565],[0.535725,40.573409],[0.535668,40.573266],[0.535613,40.573123],[0.535572,40.573005],[0.535531,40.572885],[0.535512,40.572831],[0.535509,40.572819],[0.535509,40.57281],[0.535511,40.572801],[0.535517,40.572795],[0.535534,40.572783],[0.535621,40.572731],[0.535706,40.57268],[0.53573,40.572666],[0.535671,40.572612],[0.535338,40.572311],[0.535103,40.572438],[0.535086,40.572411],[0.53505,40.572425],[0.534963,40.572292],[0.534955,40.572283],[0.534947,40.572275],[0.534935,40.572263],[0.534923,40.572251],[0.534893,40.572224],[0.53479,40.572279],[0.534826,40.572337],[0.534852,40.572381],[0.53488,40.572431],[0.534902,40.572474],[0.534921,40.572513],[0.534941,40.572553],[0.534971,40.572609],[0.535003,40.572665],[0.535042,40.572732],[0.535081,40.572799],[0.5351,40.57283],[0.53512,40.572862],[0.53515,40.572906],[0.535163,40.572924],[0.535038,40.573002],[0.535001,40.573025],[0.534992,40.573031],[0.534984,40.573036],[0.534951,40.573057],[0.534784,40.573161],[0.534599,40.572995],[0.534503,40.572909],[0.534466,40.572928],[0.534434,40.572944],[0.534397,40.572918],[0.534084,40.573101],[0.533895,40.572943],[0.533885,40.572941],[0.533853,40.572928],[0.533825,40.57291],[0.533803,40.572887],[0.533795,40.572873],[0.53336,40.573134],[0.533091,40.573303],[0.53334,40.573555],[0.533373,40.573596],[0.533294,40.573639],[0.533126,40.573745],[0.532975,40.573907],[0.532928,40.57396],[0.532885,40.574015],[0.532866,40.574042],[0.532843,40.574085],[0.532826,40.574129],[0.532822,40.57415],[0.532824,40.574166],[0.532835,40.57419],[0.532854,40.574213],[0.532874,40.574231],[0.532907,40.57425],[0.532944,40.574265],[0.532989,40.574281],[0.533034,40.574296],[0.533044,40.574299],[0.533055,40.574298],[0.533179,40.574267],[0.533232,40.574225],[0.533455,40.574523],[0.53367,40.574726],[0.533693,40.574748],[0.533733,40.574721],[0.533791,40.574678],[0.53385,40.574638],[0.533891,40.574615],[0.533932,40.574591],[0.533951,40.574582],[0.533939,40.574551],[0.533868,40.574358],[0.533843,40.574289],[0.533995,40.574257],[0.534036,40.57425]]]]}},{"type":"Feature","id":"430043_430043 AP21 MON 2","properties":{"area_id":"430043_430043 AP21 MON 2","nom":"Ona de Mar","codi_icgc":"430043 AP21 MON 2","categoria":"Àrees de poblament","codi_municipi":"430043","municipi":"Alcanar","codi_comarca":"22","comarca":"Montsià","provincia":"Tarragona","font":"ICGC Àrees de poblament v3r1 202602"},"geometry":{"type":"MultiPolygon","coordinates":[[[[0.523995,40.554378],[0.524476,40.554662],[0.524713,40.554807],[0.524874,40.554677],[0.525131,40.554485],[0.525316,40.554655],[0.525685,40.554964],[0.525865,40.554843],[0.526321,40.554686],[0.526338,40.554637],[0.525965,40.554257],[0.525522,40.553795],[0.525297,40.553563],[0.525056,40.553313],[0.525002,40.553257],[0.524989,40.553252],[0.524948,40.553258],[0.52425,40.554077],[0.524116,40.554229],[0.523995,40.554378]]]]}},{"type":"Feature","id":"430043_430043 SI02 MON 2","properties":{"area_id":"430043_430043 SI02 MON 2","nom":"Polígon industrial Alcanar","codi_icgc":"430043 SI02 MON 2","categoria":"Sector industrial","codi_municipi":"430043","municipi":"Alcanar","codi_comarca":"22","comarca":"Montsià","provincia":"Tarragona","font":"ICGC Àrees de poblament v3r1 202602"},"geometry":{"type":"MultiPolygon","coordinates":[[[[0.463335,40.538829],[0.463513,40.538093],[0.463655,40.537527],[0.463697,40.537364],[0.463697,40.537364],[0.463697,40.537361],[0.463729,40.537288],[0.463721,40.537278],[0.463587,40.537282],[0.463302,40.537294],[0.463104,40.53732],[0.462893,40.537365],[0.462645,40.537379],[0.462479,40.5374],[0.462225,40.53745],[0.461823,40.537539],[0.461634,40.537618],[0.461547,40.537662],[0.461545,40.537663],[0.461527,40.537673],[0.461529,40.537743],[0.461529,40.537762],[0.461545,40.538021],[0.461541,40.538299],[0.461563,40.538465],[0.461572,40.538559],[0.461588,40.538724],[0.461595,40.538792],[0.461871,40.538765],[0.461865,40.540213],[0.462098,40.540158],[0.462379,40.540109],[0.46239,40.540107],[0.462639,40.540039],[0.462873,40.539939],[0.462924,40.539908],[0.463068,40.539818],[0.463077,40.539813],[0.463085,40.539806],[0.463209,40.539323],[0.463321,40.538883],[0.463335,40.538829]]],[[[0.47228,40.540914],[0.472357,40.540796],[0.473066,40.540952],[0.473265,40.541],[0.473544,40.541054],[0.473925,40.540219],[0.473938,40.540194],[0.473298,40.539985],[0.473334,40.539892],[0.473369,40.539802],[0.473527,40.539424],[0.473186,40.539376],[0.473055,40.539776],[0.472783,40.539693],[0.472888,40.539335],[0.472834,40.539327],[0.472776,40.539296],[0.472003,40.539171],[0.471961,40.539113],[0.471962,40.539089],[0.472403,40.539079],[0.472499,40.538482],[0.472629,40.537701],[0.472645,40.537592],[0.47268,40.537357],[0.471931,40.537338],[0.471907,40.537516],[0.471792,40.53849],[0.471741,40.539006],[0.471279,40.538949],[0.471275,40.53869],[0.470809,40.538692],[0.470722,40.538657],[0.470548,40.538644],[0.470249,40.538666],[0.470247,40.538546],[0.470246,40.538514],[0.470232,40.537724],[0.47023,40.537699],[0.469946,40.537719],[0.469997,40.537685],[0.470041,40.537645],[0.470078,40.537602],[0.470108,40.537555],[0.47013,40.537506],[0.470144,40.537456],[0.47015,40.537404],[0.470157,40.537392],[0.470175,40.537377],[0.470223,40.537349],[0.470265,40.537342],[0.470278,40.537339],[0.470437,40.537327],[0.470548,40.537318],[0.470514,40.536407],[0.470104,40.536391],[0.470072,40.535933],[0.469979,40.535939],[0.469876,40.535962],[0.469725,40.535985],[0.46966,40.535991],[0.469597,40.535997],[0.469531,40.536017],[0.469467,40.536056],[0.469449,40.536084],[0.469432,40.536119],[0.469514,40.537155],[0.469546,40.537296],[0.46968,40.537423],[0.469698,40.537501],[0.4697,40.537516],[0.469707,40.537574],[0.469723,40.537692],[0.46977,40.537897],[0.469795,40.538042],[0.469842,40.538435],[0.469843,40.538671],[0.469803,40.538751],[0.468492,40.538321],[0.468492,40.53832],[0.466214,40.537574],[0.466085,40.537531],[0.46614,40.537421],[0.466167,40.537344],[0.466638,40.537472],[0.466803,40.536942],[0.466637,40.536708],[0.466574,40.536729],[0.466509,40.536743],[0.466462,40.536749],[0.46637,40.53678],[0.466166,40.53686],[0.466162,40.536858],[0.4661,40.536881],[0.465963,40.536931],[0.465891,40.536957],[0.465842,40.536977],[0.465645,40.537361],[0.46562,40.53741],[0.465566,40.537383],[0.465498,40.537343],[0.465435,40.537306],[0.465347,40.537263],[0.465333,40.537259],[0.465145,40.537603],[0.465114,40.537659],[0.465125,40.53766],[0.464756,40.5387],[0.465163,40.538746],[0.464693,40.540096],[0.465293,40.539995],[0.465961,40.538086],[0.466096,40.537591],[0.466675,40.53778],[0.466727,40.537797],[0.466761,40.537808],[0.466733,40.537882],[0.466519,40.538518],[0.466467,40.538667],[0.466457,40.5387],[0.466451,40.538719],[0.4662,40.53869],[0.46616,40.538688],[0.466152,40.538709],[0.466088,40.538964],[0.466379,40.539],[0.466417,40.538902],[0.466482,40.5387],[0.466771,40.538707],[0.466824,40.538708],[0.466883,40.53871],[0.466993,40.538371],[0.467083,40.538091],[0.467123,40.537926],[0.467382,40.53801],[0.467467,40.538043],[0.467494,40.538053],[0.467566,40.538137],[0.46757,40.538167],[0.467573,40.538186],[0.467583,40.538251],[0.467413,40.538322],[0.467411,40.538325],[0.467403,40.538333],[0.46738,40.538362],[0.467361,40.538392],[0.467346,40.538429],[0.467338,40.538466],[0.467336,40.538504],[0.467341,40.538542],[0.467378,40.538643],[0.467521,40.53914],[0.467602,40.539346],[0.467869,40.539293],[0.467916,40.539449],[0.468007,40.539741],[0.468023,40.539793],[0.468057,40.539791],[0.468125,40.539791],[0.468193,40.539794],[0.468304,40.539804],[0.468414,40.53982],[0.468443,40.539826],[0.468493,40.539841],[0.468546,40.539859],[0.468559,40.539862],[0.468607,40.539877],[0.46865,40.539887],[0.468658,40.539889],[0.468718,40.539897],[0.468788,40.539896],[0.468797,40.539896],[0.468843,40.539894],[0.469136,40.539878],[0.469199,40.539869],[0.469215,40.539866],[0.469243,40.539864],[0.469277,40.539858],[0.46931,40.539849],[0.469334,40.539842],[0.469358,40.539834],[0.46939,40.539827],[0.469423,40.539827],[0.469446,40.53983],[0.469484,40.539845],[0.469735,40.539924],[0.470029,40.539994],[0.470363,40.540085],[0.470398,40.539925],[0.470282,40.539664],[0.470435,40.539618],[0.470585,40.539568],[0.470733,40.539512],[0.470877,40.539453],[0.471019,40.539389],[0.471096,40.539352],[0.471253,40.539336],[0.47133,40.539614],[0.471282,40.539963],[0.471678,40.539998],[0.471689,40.53985],[0.471777,40.53985],[0.472357,40.539853],[0.472345,40.539908],[0.472327,40.539993],[0.472111,40.5408],[0.472105,40.540835],[0.472082,40.54098],[0.472153,40.541069],[0.472242,40.540961],[0.47228,40.540914]]]]}},{"type":"Feature","id":"430043_430043 AP28 MON 2","properties":{"area_id":"430043_430043 AP28 MON 2","nom":"Selma","codi_icgc":"430043 AP28 MON 2","categoria":"Àrees de poblament","codi_municipi":"430043","municipi":"Alcanar","codi_comarca":"22","comarca":"Montsià","provincia":"Tarragona","font":"ICGC Àrees de poblament v3r1 202602"},"geometry":{"type":"MultiPolygon","coordinates":[[[[0.550971,40.578306],[0.550498,40.578019],[0.550066,40.577745],[0.549818,40.577999],[0.549602,40.578223],[0.549811,40.578395],[0.549996,40.578173],[0.550023,40.578197],[0.550145,40.578268],[0.550251,40.578332],[0.550315,40.578374],[0.550387,40.57841],[0.550446,40.578448],[0.550663,40.578603],[0.550971,40.578306],[0.550971,40.578306]]]]}},{"type":"Feature","id":"430043_430043 AP08 MON 2","properties":{"area_id":"430043_430043 AP08 MON 2","nom":"Serramar","codi_icgc":"430043 AP08 MON 2","categoria":"Àrees de poblament","codi_municipi":"430043","municipi":"Alcanar","codi_comarca":"22","comarca":"Montsià","provincia":"Tarragona","font":"ICGC Àrees de poblament v3r1 202602"},"geometry":{"type":"MultiPolygon","coordinates":[[[[0.570998,40.599151],[0.57075,40.598955],[0.570838,40.598876],[0.570755,40.598823],[0.570879,40.59871],[0.57056,40.598481],[0.570469,40.598386],[0.570136,40.598161],[0.570369,40.597969],[0.570189,40.597849],[0.570333,40.597698],[0.570538,40.59783],[0.570631,40.597889],[0.570802,40.597726],[0.57084,40.59769],[0.570972,40.597575],[0.571272,40.597792],[0.571289,40.597798],[0.571315,40.597804],[0.571343,40.597803],[0.571369,40.597797],[0.571392,40.597786],[0.57141,40.59777],[0.571422,40.597751],[0.571427,40.597731],[0.571424,40.59771],[0.571417,40.597697],[0.571575,40.597571],[0.571403,40.597429],[0.57112,40.597204],[0.571083,40.59717],[0.570945,40.597062],[0.571204,40.596797],[0.571141,40.596711],[0.571147,40.596665],[0.571061,40.596584],[0.57096,40.596489],[0.570753,40.596295],[0.570708,40.596258],[0.570564,40.596122],[0.570414,40.595979],[0.570363,40.595934],[0.570214,40.595794],[0.570077,40.595666],[0.570052,40.595658],[0.570025,40.595656],[0.569998,40.595659],[0.569973,40.595668],[0.569882,40.595559],[0.569883,40.595553],[0.569883,40.595546],[0.569883,40.595534],[0.569883,40.59553],[0.569881,40.595521],[0.569869,40.595509],[0.56986,40.595497],[0.569817,40.595428],[0.569766,40.59538],[0.569739,40.595354],[0.569259,40.595692],[0.569295,40.595721],[0.569557,40.59593],[0.569507,40.59601],[0.569456,40.596087],[0.569392,40.596178],[0.569357,40.596222],[0.569319,40.596265],[0.569252,40.596328],[0.569179,40.596388],[0.56916,40.596404],[0.56914,40.596419],[0.569068,40.596469],[0.568996,40.596519],[0.568926,40.596567],[0.568856,40.596614],[0.568331,40.596218],[0.568288,40.596183],[0.567721,40.596688],[0.567593,40.596799],[0.567466,40.596911],[0.567396,40.59697],[0.567322,40.597029],[0.567305,40.597037],[0.567284,40.597039],[0.567271,40.597037],[0.567243,40.597028],[0.567217,40.597015],[0.567202,40.597003],[0.567155,40.596956],[0.56711,40.59691],[0.567076,40.59688],[0.567042,40.59685],[0.566999,40.596813],[0.566954,40.596775],[0.566923,40.596756],[0.566887,40.596742],[0.566861,40.596736],[0.566827,40.596733],[0.566762,40.596735],[0.566696,40.596744],[0.566651,40.596754],[0.566593,40.596769],[0.566555,40.596782],[0.566518,40.596797],[0.566446,40.596828],[0.566418,40.596894],[0.566268,40.596953],[0.566337,40.597065],[0.566157,40.597132],[0.565993,40.597187],[0.565801,40.597254],[0.565408,40.597395],[0.565194,40.597463],[0.565249,40.597583],[0.56505,40.597656],[0.564862,40.597386],[0.564859,40.597381],[0.565288,40.597229],[0.565224,40.597119],[0.565068,40.597172],[0.565003,40.597195],[0.56494,40.597089],[0.564724,40.597168],[0.564683,40.597103],[0.564591,40.597132],[0.564627,40.597191],[0.564443,40.597252],[0.564548,40.597393],[0.564582,40.597451],[0.564668,40.597567],[0.564694,40.597609],[0.564745,40.597674],[0.564768,40.597707],[0.5648,40.597752],[0.564949,40.597696],[0.564976,40.59771],[0.565,40.597725],[0.56502,40.597743],[0.565035,40.597762],[0.565081,40.597832],[0.565126,40.597902],[0.565217,40.598044],[0.565264,40.598115],[0.56531,40.598187],[0.56534,40.598237],[0.565347,40.598254],[0.56535,40.598267],[0.565356,40.598296],[0.565453,40.598461],[0.565464,40.598463],[0.565481,40.598466],[0.565493,40.598467],[0.565509,40.598468],[0.565533,40.598465],[0.565553,40.598458],[0.565589,40.598435],[0.565621,40.598413],[0.565712,40.598348],[0.565803,40.598282],[0.565917,40.598197],[0.566031,40.598114],[0.566109,40.598095],[0.566152,40.598103],[0.566291,40.598174],[0.566318,40.598182],[0.566346,40.598189],[0.566387,40.598209],[0.566397,40.598246],[0.566417,40.598294],[0.566451,40.598391],[0.566455,40.598436],[0.566387,40.598513],[0.566322,40.598591],[0.566293,40.59863],[0.566264,40.598668],[0.56624,40.598696],[0.566237,40.598719],[0.566233,40.59873],[0.566226,40.598742],[0.566195,40.59878],[0.566115,40.59888],[0.566028,40.598994],[0.565942,40.599107],[0.565813,40.59927],[0.56575,40.599353],[0.565691,40.599438],[0.565562,40.599643],[0.565432,40.599847],[0.565589,40.599916],[0.566117,40.600086],[0.566413,40.600196],[0.566385,40.600257],[0.566363,40.600319],[0.566363,40.600322],[0.566349,40.600382],[0.566343,40.600446],[0.566344,40.60051],[0.566353,40.600574],[0.566369,40.600637],[0.566392,40.600698],[0.566423,40.600758],[0.56646,40.600815],[0.566502,40.600867],[0.566504,40.60087],[0.566589,40.60092],[0.566717,40.600804],[0.566725,40.600798],[0.566732,40.600793],[0.566739,40.600791],[0.566746,40.60079],[0.566752,40.600791],[0.566826,40.600846],[0.566846,40.600869],[0.566931,40.600924],[0.566976,40.600939],[0.566999,40.600934],[0.567042,40.60091],[0.567128,40.600853],[0.56721,40.600799],[0.56731,40.600737],[0.567406,40.600671],[0.567482,40.600725],[0.567523,40.600757],[0.567777,40.600957],[0.568075,40.601186],[0.56834,40.601393],[0.568354,40.601404],[0.568433,40.601471],[0.568687,40.601685],[0.568865,40.601821],[0.568696,40.601933],[0.568654,40.601966],[0.568581,40.602019],[0.568451,40.602111],[0.569007,40.602566],[0.569121,40.602446],[0.569351,40.602204],[0.569356,40.602199],[0.569478,40.602081],[0.569591,40.601973],[0.569686,40.601882],[0.569869,40.601677],[0.569958,40.601591],[0.569961,40.601587],[0.570093,40.601447],[0.570219,40.601313],[0.570228,40.601302],[0.570318,40.601203],[0.570327,40.601194],[0.570459,40.601007],[0.570462,40.601002],[0.570051,40.600667],[0.569751,40.600423],[0.569562,40.600269],[0.569725,40.600139],[0.569187,40.599724],[0.569028,40.599844],[0.569004,40.599824],[0.568953,40.599776],[0.568775,40.599606],[0.569048,40.599476],[0.569187,40.599409],[0.569194,40.599404],[0.569375,40.599535],[0.569521,40.599641],[0.569666,40.599746],[0.569807,40.599848],[0.569905,40.599919],[0.569728,40.600046],[0.569906,40.600182],[0.570095,40.600056],[0.570203,40.600135],[0.570328,40.600225],[0.570463,40.600323],[0.570619,40.600436],[0.570659,40.60046],[0.570723,40.600505],[0.570786,40.600542],[0.570818,40.600511],[0.570908,40.600368],[0.570911,40.600364],[0.570923,40.600339],[0.570928,40.600313],[0.571064,40.600172],[0.571186,40.599937],[0.571303,40.599704],[0.571365,40.599593],[0.571401,40.599539],[0.571445,40.599473],[0.571515,40.599367],[0.571622,40.599271],[0.571633,40.599262],[0.571444,40.599122],[0.571443,40.599115],[0.57134,40.599043],[0.571254,40.599106],[0.571045,40.599143],[0.570998,40.599151]]]]}},{"type":"Feature","id":"430043_430043 AP13 MON 2","properties":{"area_id":"430043_430043 AP13 MON 2","nom":"Solimar","codi_icgc":"430043 AP13 MON 2","categoria":"Àrees de poblament","codi_municipi":"430043","municipi":"Alcanar","codi_comarca":"22","comarca":"Montsià","provincia":"Tarragona","font":"ICGC Àrees de poblament v3r1 202602"},"geometry":{"type":"MultiPolygon","coordinates":[[[[0.554491,40.586631],[0.554786,40.586441],[0.554715,40.586357],[0.554565,40.586229],[0.554541,40.586208],[0.554393,40.586082],[0.554326,40.586026],[0.554302,40.586007],[0.554547,40.585791],[0.554578,40.585762],[0.554766,40.585591],[0.554787,40.585572],[0.554878,40.585492],[0.555122,40.585275],[0.555253,40.585162],[0.55527,40.585147],[0.555359,40.585069],[0.555529,40.585177],[0.555717,40.585029],[0.555831,40.584942],[0.555892,40.584862],[0.555955,40.584812],[0.556241,40.584546],[0.556267,40.584525],[0.556379,40.584429],[0.556435,40.58438],[0.556612,40.58423],[0.556512,40.584032],[0.55645,40.583968],[0.556331,40.583777],[0.556299,40.583682],[0.55629,40.58365],[0.556275,40.583619],[0.556193,40.583473],[0.556156,40.583406],[0.555801,40.58376],[0.555765,40.583804],[0.55574,40.583834],[0.555736,40.58384],[0.555644,40.583978],[0.555638,40.583987],[0.555558,40.584142],[0.555462,40.584244],[0.555344,40.584372],[0.555314,40.5844],[0.555273,40.584375],[0.5551,40.584237],[0.555052,40.584232],[0.555026,40.584268],[0.554983,40.584323],[0.554936,40.584377],[0.554898,40.584415],[0.554859,40.584451],[0.554814,40.584488],[0.554766,40.584522],[0.554693,40.584568],[0.554619,40.584614],[0.554545,40.58466],[0.554471,40.584705],[0.554421,40.584739],[0.554369,40.584771],[0.554326,40.584791],[0.554281,40.58481],[0.554228,40.584834],[0.554175,40.584859],[0.554134,40.58488],[0.554097,40.584904],[0.554013,40.58496],[0.553928,40.585015],[0.55388,40.585046],[0.553832,40.585076],[0.553735,40.585135],[0.553658,40.585181],[0.553604,40.585218],[0.553553,40.585257],[0.553455,40.585338],[0.553386,40.585389],[0.553303,40.585443],[0.553218,40.585495],[0.5531,40.585566],[0.552983,40.585638],[0.552938,40.585668],[0.552948,40.585689],[0.552955,40.585704],[0.553129,40.585934],[0.553179,40.585953],[0.553198,40.585959],[0.553211,40.585943],[0.55323,40.58593],[0.553248,40.585918],[0.553289,40.585897],[0.553373,40.585855],[0.553458,40.585812],[0.55352,40.585781],[0.553536,40.585766],[0.553541,40.585755],[0.553547,40.585731],[0.553549,40.585722],[0.55361,40.585775],[0.553694,40.585851],[0.55382,40.585969],[0.55388,40.58603],[0.553937,40.586091],[0.55403,40.586206],[0.554121,40.586322],[0.554161,40.58637],[0.554203,40.586417],[0.554224,40.586436],[0.554247,40.586447],[0.554274,40.586454],[0.55428,40.586454],[0.554293,40.586453],[0.554305,40.586447],[0.554317,40.586442],[0.554491,40.586631]]]]}},{"type":"Feature","id":"430043_430043 AP10 MON 2","properties":{"area_id":"430043_430043 AP10 MON 2","nom":"Sota Montsià","codi_icgc":"430043 AP10 MON 2","categoria":"Àrees de poblament","codi_municipi":"430043","municipi":"Alcanar","codi_comarca":"22","comarca":"Montsià","provincia":"Tarragona","font":"ICGC Àrees de poblament v3r1 202602"},"geometry":{"type":"MultiPolygon","coordinates":[[[[0.559719,40.59482],[0.560072,40.594663],[0.560288,40.594697],[0.560335,40.594677],[0.560455,40.594617],[0.560593,40.59457],[0.560695,40.594502],[0.560728,40.594479],[0.560751,40.594473],[0.560775,40.594467],[0.560823,40.594453],[0.560872,40.59444],[0.560905,40.594436],[0.560986,40.594429],[0.561067,40.594422],[0.561077,40.594422],[0.561087,40.594421],[0.561249,40.594388],[0.561585,40.594331],[0.561741,40.594336],[0.562029,40.594312],[0.562087,40.594287],[0.562201,40.594244],[0.562495,40.594193],[0.562501,40.594192],[0.562512,40.594191],[0.562934,40.594164],[0.562941,40.594164],[0.562949,40.594164],[0.562976,40.594159],[0.562769,40.593965],[0.562753,40.593949],[0.562623,40.593826],[0.562677,40.593796],[0.562635,40.593755],[0.562918,40.593597],[0.562904,40.59358],[0.563221,40.593426],[0.563419,40.593628],[0.563527,40.593591],[0.563662,40.593516],[0.563754,40.593465],[0.563806,40.593436],[0.56384,40.593414],[0.563843,40.593409],[0.56381,40.593371],[0.563797,40.593355],[0.563589,40.593145],[0.563556,40.593112],[0.56346,40.593015],[0.563393,40.592947],[0.563312,40.592865],[0.563255,40.592808],[0.563202,40.592755],[0.563103,40.592655],[0.563013,40.592565],[0.562801,40.592765],[0.562781,40.592786],[0.562661,40.592845],[0.562617,40.592799],[0.562495,40.592725],[0.562261,40.592582],[0.562195,40.592599],[0.562067,40.592479],[0.561879,40.5923],[0.561817,40.592241],[0.561808,40.592232],[0.5618,40.592223],[0.561791,40.592214],[0.561787,40.592203],[0.561788,40.592196],[0.561797,40.592178],[0.561805,40.592159],[0.561823,40.592147],[0.561833,40.592139],[0.561715,40.592024],[0.561504,40.591884],[0.56141,40.591836],[0.561206,40.59169],[0.561025,40.591561],[0.560716,40.591341],[0.560489,40.591183],[0.560397,40.591117],[0.560525,40.590988],[0.560325,40.590848],[0.560291,40.590824],[0.5602,40.59076],[0.560091,40.590684],[0.560045,40.590651],[0.559903,40.59055],[0.559781,40.590464],[0.559727,40.590427],[0.559463,40.590249],[0.559429,40.590228],[0.559388,40.590251],[0.559335,40.590284],[0.559224,40.590353],[0.559215,40.590359],[0.559231,40.590379],[0.559711,40.590715],[0.559874,40.590828],[0.559746,40.590916],[0.559412,40.591146],[0.559012,40.591393],[0.559004,40.591398],[0.55827,40.59187],[0.558262,40.591874],[0.558124,40.591955],[0.55783,40.591631],[0.557575,40.59135],[0.557557,40.591313],[0.557426,40.591389],[0.557271,40.591484],[0.557117,40.591581],[0.556955,40.591679],[0.556834,40.59175],[0.556862,40.591784],[0.557157,40.592048],[0.557427,40.592288],[0.557515,40.592361],[0.557533,40.592374],[0.557492,40.592393],[0.557267,40.592545],[0.557195,40.592596],[0.557032,40.592731],[0.556997,40.59276],[0.556939,40.592801],[0.557162,40.593053],[0.557194,40.593091],[0.557359,40.593288],[0.557685,40.593653],[0.557715,40.593675],[0.557736,40.593656],[0.557767,40.593624],[0.5578,40.593593],[0.557851,40.593543],[0.557903,40.593494],[0.557987,40.593428],[0.558045,40.593381],[0.558067,40.593376],[0.558092,40.593372],[0.558121,40.59337],[0.558146,40.593373],[0.558113,40.593406],[0.558336,40.593601],[0.558539,40.593778],[0.558754,40.593965],[0.558871,40.594067],[0.558925,40.594113],[0.559333,40.594467],[0.559404,40.594528],[0.559503,40.594618],[0.559519,40.594633],[0.559559,40.59467],[0.559635,40.594737],[0.559719,40.59482]]]]}},{"type":"Feature","id":"430043_430043 AP09 MON 2","properties":{"area_id":"430043_430043 AP09 MON 2","nom":"Torre Codonyol","codi_icgc":"430043 AP09 MON 2","categoria":"Àrees de poblament","codi_municipi":"430043","municipi":"Alcanar","codi_comarca":"22","comarca":"Montsià","provincia":"Tarragona","font":"ICGC Àrees de poblament v3r1 202602"},"geometry":{"type":"MultiPolygon","coordinates":[[[[0.563187,40.597339],[0.563325,40.597293],[0.563466,40.59725],[0.563614,40.597206],[0.56369,40.597184],[0.563658,40.59715],[0.563556,40.596969],[0.563373,40.597008],[0.562886,40.596482],[0.562759,40.596537],[0.562733,40.596552],[0.562495,40.596689],[0.562381,40.596755],[0.562361,40.596764],[0.562341,40.596772],[0.562325,40.596776],[0.562308,40.596778],[0.562285,40.59678],[0.562262,40.596778],[0.56225,40.596773],[0.562234,40.596762],[0.562218,40.59675],[0.561997,40.596523],[0.561989,40.596513],[0.561983,40.596506],[0.561967,40.596513],[0.561883,40.596555],[0.561798,40.596613],[0.561461,40.596787],[0.56172,40.597104],[0.561636,40.597143],[0.561674,40.597195],[0.561435,40.597301],[0.561413,40.597267],[0.561376,40.597281],[0.561416,40.597342],[0.561482,40.597437],[0.561539,40.597513],[0.56175,40.597806],[0.561785,40.597832],[0.561819,40.597821],[0.561992,40.597767],[0.562166,40.597712],[0.562341,40.597653],[0.562495,40.597597],[0.562514,40.597591],[0.562551,40.597577],[0.562687,40.597526],[0.562859,40.597462],[0.563023,40.5974],[0.563187,40.597339]]]]}},{"type":"Feature","id":"430043_430043 AP26 MON 2","properties":{"area_id":"430043_430043 AP26 MON 2","nom":"Torres","codi_icgc":"430043 AP26 MON 2","categoria":"Àrees de poblament","codi_municipi":"430043","municipi":"Alcanar","codi_comarca":"22","comarca":"Montsià","provincia":"Tarragona","font":"ICGC Àrees de poblament v3r1 202602"},"geometry":{"type":"MultiPolygon","coordinates":[[[[0.571678,40.596711],[0.573094,40.598002],[0.573333,40.597836],[0.573367,40.597842],[0.573441,40.597856],[0.573497,40.597841],[0.573741,40.59799],[0.573812,40.598016],[0.573854,40.598031],[0.573946,40.597972],[0.573983,40.597968],[0.574033,40.597971],[0.574065,40.597978],[0.574118,40.597989],[0.574399,40.59771],[0.574165,40.597496],[0.573972,40.59732],[0.573831,40.597417],[0.573703,40.597421],[0.573606,40.597417],[0.573501,40.597374],[0.57344,40.597335],[0.573405,40.597218],[0.572718,40.596824],[0.572024,40.59648],[0.571678,40.596711]]]]}},{"type":"Feature","id":"430043_430043 AP16 MON 2","properties":{"area_id":"430043_430043 AP16 MON 2","nom":"el Camp de Tir","codi_icgc":"430043 AP16 MON 2","categoria":"Àrees de poblament","codi_municipi":"430043","municipi":"Alcanar","codi_comarca":"22","comarca":"Montsià","provincia":"Tarragona","font":"ICGC Àrees de poblament v3r1 202602"},"geometry":{"type":"MultiPolygon","coordinates":[[[[0.535697,40.57212],[0.536059,40.572463],[0.53617,40.572393],[0.536289,40.572319],[0.53641,40.572247],[0.536545,40.572166],[0.536681,40.572086],[0.536783,40.572025],[0.536885,40.571965],[0.536941,40.57193],[0.537053,40.57186],[0.537221,40.571755],[0.537409,40.571642],[0.5376,40.571531],[0.537751,40.571444],[0.537902,40.571356],[0.538092,40.571241],[0.53828,40.571126],[0.538483,40.571005],[0.538649,40.570906],[0.538659,40.5709],[0.538669,40.570894],[0.538687,40.570884],[0.538828,40.570799],[0.538863,40.570783],[0.538894,40.570769],[0.53893,40.570758],[0.538952,40.570753],[0.53934,40.571019],[0.53939,40.571051],[0.539684,40.570878],[0.539618,40.570832],[0.539217,40.570589],[0.539224,40.570576],[0.539243,40.570557],[0.539288,40.570525],[0.539482,40.570414],[0.539677,40.570303],[0.539841,40.570204],[0.540002,40.570102],[0.539953,40.570055],[0.539644,40.569757],[0.539476,40.569861],[0.53877,40.569482],[0.538415,40.569841],[0.538961,40.57018],[0.538526,40.570437],[0.5385,40.570453],[0.538189,40.570635],[0.538105,40.570685],[0.538012,40.570739],[0.537716,40.570912],[0.537712,40.570914],[0.53741,40.571096],[0.537381,40.571114],[0.537006,40.571344],[0.53698,40.57136],[0.536717,40.571514],[0.536479,40.571654],[0.536318,40.571749],[0.536175,40.571836],[0.536065,40.571903],[0.535901,40.572004],[0.535803,40.572064],[0.535697,40.57212]]]]}},{"type":"Feature","id":"430043_430043 AP24 MON 2","properties":{"area_id":"430043_430043 AP24 MON 2","nom":"el Marjal","codi_icgc":"430043 AP24 MON 2","categoria":"Àrees de poblament","codi_municipi":"430043","municipi":"Alcanar","codi_comarca":"22","comarca":"Montsià","provincia":"Tarragona","font":"ICGC Àrees de poblament v3r1 202602"},"geometry":{"type":"MultiPolygon","coordinates":[[[[0.522641,40.544077],[0.522384,40.543772],[0.521134,40.543946],[0.521229,40.544244],[0.52166,40.544192],[0.522305,40.544124],[0.522483,40.544097],[0.522583,40.54409],[0.522641,40.544077]]],[[[0.518178,40.542398],[0.518094,40.54235],[0.518064,40.542251],[0.51808,40.542196],[0.518693,40.542117],[0.518734,40.542095],[0.518754,40.541774],[0.517885,40.541841],[0.517872,40.542246],[0.517901,40.542488],[0.517908,40.543378],[0.517979,40.544358],[0.518123,40.545725],[0.518065,40.545825],[0.517444,40.545734],[0.517443,40.545758],[0.51749,40.545956],[0.517764,40.545938],[0.517827,40.546142],[0.518173,40.54609],[0.51818,40.545875],[0.51832,40.54589],[0.518282,40.54608],[0.518799,40.546055],[0.518818,40.545955],[0.519176,40.545992],[0.519187,40.546106],[0.519491,40.546136],[0.519588,40.546037],[0.520765,40.545957],[0.522446,40.545843],[0.522409,40.545874],[0.521189,40.546945],[0.521455,40.547133],[0.521473,40.54719],[0.521669,40.547337],[0.520604,40.548321],[0.520291,40.548339],[0.520283,40.548112],[0.520193,40.548015],[0.51996,40.547998],[0.519428,40.547581],[0.518983,40.547798],[0.518674,40.547344],[0.519461,40.546997],[0.519463,40.54693],[0.51944,40.546872],[0.519253,40.546859],[0.518496,40.547083],[0.518464,40.547036],[0.517082,40.547233],[0.516962,40.547117],[0.516931,40.547087],[0.516753,40.547142],[0.517308,40.547736],[0.518106,40.548541],[0.518075,40.548545],[0.517928,40.548562],[0.517461,40.548615],[0.51841,40.549384],[0.518481,40.549333],[0.518652,40.549211],[0.518733,40.549164],[0.518814,40.549105],[0.51939,40.549609],[0.520291,40.550237],[0.520166,40.550379],[0.520188,40.550392],[0.520448,40.550561],[0.520387,40.550618],[0.520346,40.550658],[0.520485,40.550736],[0.52095,40.550967],[0.521034,40.551009],[0.521111,40.551049],[0.520345,40.551697],[0.520272,40.551763],[0.520371,40.551827],[0.520551,40.551946],[0.520765,40.552084],[0.520871,40.552156],[0.521014,40.552037],[0.52109,40.551979],[0.521438,40.551694],[0.521953,40.551303],[0.522084,40.551365],[0.522609,40.550999],[0.522956,40.550837],[0.522773,40.5507],[0.522959,40.550399],[0.522175,40.549995],[0.522448,40.549683],[0.523124,40.549993],[0.523136,40.549995],[0.523305,40.549766],[0.52377,40.549975],[0.523854,40.549856],[0.523707,40.549761],[0.52275,40.549343],[0.522832,40.549239],[0.52295,40.549089],[0.523273,40.548717],[0.523616,40.548945],[0.52394,40.548654],[0.523941,40.548606],[0.523992,40.548506],[0.523863,40.548402],[0.523893,40.548331],[0.523689,40.548232],[0.523504,40.548161],[0.523372,40.548311],[0.523192,40.548515],[0.523053,40.548673],[0.522808,40.548576],[0.522397,40.548837],[0.522229,40.548726],[0.522231,40.548682],[0.522496,40.548397],[0.522145,40.548147],[0.522082,40.548043],[0.52379,40.546448],[0.523866,40.546491],[0.524231,40.546165],[0.524174,40.546089],[0.524202,40.546063],[0.524026,40.545738],[0.523888,40.545675],[0.523835,40.545682],[0.523768,40.545587],[0.523664,40.545436],[0.523572,40.54538],[0.52264,40.545468],[0.522487,40.544946],[0.522354,40.544961],[0.522314,40.5448],[0.522291,40.544711],[0.522037,40.54474],[0.52213,40.545522],[0.52211,40.545523],[0.522083,40.545524],[0.522101,40.545637],[0.522117,40.545823],[0.521164,40.545889],[0.521131,40.545709],[0.519471,40.545823],[0.519434,40.545357],[0.518438,40.545467],[0.518409,40.545186],[0.518511,40.54517],[0.518502,40.544992],[0.51833,40.545],[0.518274,40.544826],[0.518454,40.544818],[0.518431,40.544579],[0.518527,40.544539],[0.518464,40.544341],[0.518444,40.54424],[0.518465,40.544079],[0.51833,40.543725],[0.518528,40.543651],[0.518464,40.543489],[0.518275,40.543515],[0.518211,40.543365],[0.51836,40.543326],[0.518299,40.543081],[0.518966,40.543011],[0.518909,40.542765],[0.518418,40.542848],[0.51834,40.542402],[0.518178,40.542398]]]]}},{"type":"Feature","id":"430043_430043 AP29 MON 4","properties":{"area_id":"430043_430043 AP29 MON 4","nom":"l'Estanyet","codi_icgc":"430043 AP29 MON 4","categoria":"Àrees de poblament","codi_municipi":"430043","municipi":"Alcanar","codi_comarca":"22","comarca":"Montsià","provincia":"Tarragona","font":"ICGC Àrees de poblament v3r1 202602"},"geometry":{"type":"MultiPolygon","coordinates":[[[[0.519457,40.538112],[0.519391,40.538131],[0.51931,40.538154],[0.519401,40.53835],[0.51944,40.538435],[0.519532,40.538662],[0.519376,40.538711],[0.519355,40.538718],[0.518475,40.538996],[0.518359,40.539025],[0.518216,40.53906],[0.518083,40.53903],[0.518052,40.538888],[0.518049,40.538874],[0.517929,40.538887],[0.517874,40.538893],[0.517835,40.538897],[0.517839,40.539029],[0.517839,40.539029],[0.517844,40.539142],[0.517851,40.539301],[0.517854,40.539453],[0.517856,40.539606],[0.517861,40.539707],[0.5179,40.539703],[0.517927,40.5397],[0.517927,40.5397],[0.517996,40.539693],[0.518084,40.539677],[0.518172,40.53966],[0.518395,40.539617],[0.518617,40.539575],[0.518802,40.539536],[0.518944,40.539507],[0.51897,40.539536],[0.518999,40.539569],[0.519062,40.539639],[0.519128,40.539708],[0.519154,40.539728],[0.519186,40.539744],[0.519196,40.539742],[0.519295,40.539722],[0.519333,40.539715],[0.519374,40.539707],[0.519391,40.539704],[0.51941,40.539648],[0.519337,40.539429],[0.51955,40.539384],[0.519762,40.539337],[0.519947,40.5393],[0.520067,40.539572],[0.520152,40.539556],[0.520283,40.53953],[0.521728,40.539212],[0.521677,40.539068],[0.521633,40.538943],[0.521347,40.539003],[0.520847,40.539107],[0.52047,40.538841],[0.520449,40.538793],[0.520379,40.538809],[0.520221,40.538845],[0.519988,40.538898],[0.519858,40.538599],[0.519924,40.538576],[0.519835,40.538393],[0.519829,40.53838],[0.51972,40.538153],[0.519715,40.538142],[0.519678,40.53815],[0.519503,40.538201],[0.519496,40.538191],[0.519457,40.538112]]]]}},{"type":"Feature","id":"430043_430043 AP15 MON 2","properties":{"area_id":"430043_430043 AP15 MON 2","nom":"la Dorada","codi_icgc":"430043 AP15 MON 2","categoria":"Àrees de poblament","codi_municipi":"430043","municipi":"Alcanar","codi_comarca":"22","comarca":"Montsià","provincia":"Tarragona","font":"ICGC Àrees de poblament v3r1 202602"},"geometry":{"type":"MultiPolygon","coordinates":[[[[0.550076,40.57753],[0.550207,40.577609],[0.550345,40.577714],[0.550719,40.57792],[0.551129,40.578156],[0.55143,40.578334],[0.551449,40.578345],[0.551649,40.578464],[0.55185,40.578583],[0.551999,40.578679],[0.55207,40.57873],[0.552101,40.578754],[0.552137,40.578783],[0.552193,40.578831],[0.552248,40.578879],[0.552416,40.579026],[0.552584,40.579173],[0.552706,40.579281],[0.552829,40.579388],[0.552939,40.579479],[0.553112,40.579608],[0.553292,40.579736],[0.553365,40.579791],[0.553403,40.579814],[0.553422,40.579822],[0.553441,40.579828],[0.553454,40.579827],[0.553472,40.579817],[0.553491,40.579804],[0.553576,40.579758],[0.553612,40.579733],[0.553626,40.57972],[0.553636,40.579705],[0.553638,40.579698],[0.553636,40.579683],[0.553621,40.579661],[0.553603,40.57964],[0.553561,40.579592],[0.55352,40.579545],[0.553439,40.57945],[0.553359,40.579356],[0.553304,40.579289],[0.55325,40.579223],[0.553196,40.579163],[0.553139,40.579105],[0.553096,40.579066],[0.553053,40.579027],[0.553024,40.578999],[0.552996,40.578971],[0.552943,40.578905],[0.552897,40.578836],[0.552834,40.578734],[0.552772,40.578632],[0.552713,40.57854],[0.552649,40.57845],[0.552627,40.578425],[0.552616,40.578412],[0.552559,40.578359],[0.552538,40.578341],[0.552499,40.578307],[0.552424,40.578243],[0.552384,40.578213],[0.552342,40.578185],[0.552256,40.57814],[0.552168,40.578097],[0.552087,40.578053],[0.552008,40.578005],[0.55199,40.57799],[0.551974,40.577971],[0.551907,40.577847],[0.551877,40.577816],[0.551857,40.577803],[0.551798,40.577785],[0.551735,40.577765],[0.551651,40.577738],[0.551624,40.577733],[0.551591,40.577733],[0.551527,40.577741],[0.551485,40.577743],[0.551437,40.57774],[0.551395,40.577721],[0.551375,40.577701],[0.551342,40.577644],[0.551273,40.577414],[0.551263,40.577382],[0.551254,40.577328],[0.551294,40.577312],[0.551295,40.577302],[0.551296,40.577267],[0.551289,40.577214],[0.551278,40.577161],[0.551266,40.577126],[0.551247,40.577092],[0.551231,40.577074],[0.551202,40.57705],[0.551166,40.577031],[0.551109,40.57701],[0.551079,40.577002],[0.551048,40.576996],[0.551,40.576991],[0.550953,40.576986],[0.550883,40.576978],[0.550813,40.576968],[0.550787,40.576963],[0.550749,40.57695],[0.550711,40.576934],[0.550651,40.576903],[0.550596,40.576868],[0.550558,40.576836],[0.55052,40.576802],[0.550476,40.57677],[0.550427,40.57674],[0.550383,40.576721],[0.550344,40.57674],[0.550117,40.576869],[0.549934,40.576974],[0.549761,40.577072],[0.549822,40.577108],[0.549938,40.577195],[0.54996,40.57721],[0.549929,40.577243],[0.5499,40.577264],[0.549869,40.577286],[0.549839,40.577311],[0.549831,40.577323],[0.54983,40.577342],[0.549835,40.57736],[0.549846,40.577379],[0.549861,40.577395],[0.549894,40.577418],[0.549927,40.577439],[0.550076,40.57753]]]]}},{"type":"Feature","id":"430043_430043 AP18 MON 2","properties":{"area_id":"430043_430043 AP18 MON 2","nom":"la Fonda","codi_icgc":"430043 AP18 MON 2","categoria":"Àrees de poblament","codi_municipi":"430043","municipi":"Alcanar","codi_comarca":"22","comarca":"Montsià","provincia":"Tarragona","font":"ICGC Àrees de poblament v3r1 202602"},"geometry":{"type":"MultiPolygon","coordinates":[[[[0.535241,40.566544],[0.53528,40.566528],[0.535352,40.566506],[0.535365,40.566541],[0.53539,40.566601],[0.535414,40.566661],[0.535424,40.566685],[0.535435,40.56671],[0.535445,40.566715],[0.535459,40.566716],[0.535563,40.566683],[0.535597,40.566677],[0.53566,40.566652],[0.535817,40.566608],[0.535684,40.566314],[0.535669,40.566281],[0.535647,40.566282],[0.535619,40.566281],[0.535596,40.56628],[0.535574,40.566052],[0.535573,40.566047],[0.535568,40.566035],[0.535563,40.566022],[0.535551,40.566004],[0.535536,40.565986],[0.535521,40.565966],[0.535506,40.565946],[0.535482,40.565915],[0.535457,40.565885],[0.535427,40.565851],[0.53542,40.565843],[0.535397,40.565817],[0.535364,40.565774],[0.535331,40.56573],[0.535278,40.565655],[0.535225,40.56558],[0.535185,40.565526],[0.535144,40.565473],[0.535112,40.565437],[0.535079,40.565403],[0.535004,40.565339],[0.53495,40.565299],[0.534904,40.565267],[0.534862,40.565237],[0.534832,40.565247],[0.534744,40.565291],[0.534387,40.565465],[0.534346,40.565491],[0.534313,40.565511],[0.534263,40.56554],[0.534194,40.565567],[0.53379,40.565757],[0.533831,40.565871],[0.533718,40.565917],[0.533676,40.565935],[0.533649,40.565916],[0.533632,40.565893],[0.533586,40.565828],[0.533529,40.565747],[0.533472,40.565665],[0.533438,40.565617],[0.53342,40.565594],[0.533328,40.565448],[0.533307,40.565467],[0.533275,40.565496],[0.532991,40.565617],[0.533311,40.56603],[0.533317,40.566037],[0.533487,40.566272],[0.533517,40.566308],[0.533555,40.566293],[0.533769,40.566211],[0.533777,40.56625],[0.533979,40.566541],[0.534043,40.56669],[0.534099,40.566783],[0.534088,40.566801],[0.534081,40.566811],[0.534065,40.566825],[0.534021,40.566846],[0.533986,40.566858],[0.533951,40.566869],[0.533794,40.566931],[0.533646,40.566989],[0.533627,40.566997],[0.533608,40.567006],[0.533601,40.567012],[0.533596,40.56702],[0.533595,40.567038],[0.5336,40.567049],[0.533614,40.567066],[0.533628,40.567084],[0.533674,40.56714],[0.53372,40.567195],[0.533727,40.567206],[0.533733,40.567218],[0.533734,40.567224],[0.533733,40.56723],[0.533731,40.567235],[0.533824,40.567267],[0.533848,40.567298],[0.533931,40.567269],[0.533998,40.567246],[0.534099,40.567214],[0.533924,40.566932],[0.534315,40.566785],[0.534386,40.566903],[0.534485,40.567074],[0.534513,40.567064],[0.534494,40.567031],[0.534537,40.567017],[0.534581,40.567003],[0.534662,40.566976],[0.534744,40.566948],[0.534802,40.566931],[0.534839,40.566921],[0.534861,40.566912],[0.535043,40.566831],[0.53497,40.566674],[0.534972,40.566664],[0.534974,40.566654],[0.534978,40.566647],[0.534984,40.56664],[0.535004,40.566629],[0.53505,40.566612],[0.535098,40.566595],[0.53515,40.566577],[0.535203,40.566559],[0.535241,40.566544]]]]}},{"type":"Feature","id":"430043_430043 AP12 MON 2","properties":{"area_id":"430043_430043 AP12 MON 2","nom":"la Martinenca","codi_icgc":"430043 AP12 MON 2","categoria":"Àrees de poblament","codi_municipi":"430043","municipi":"Alcanar","codi_comarca":"22","comarca":"Montsià","provincia":"Tarragona","font":"ICGC Àrees de poblament v3r1 202602"},"geometry":{"type":"MultiPolygon","coordinates":[[[[0.559432,40.586563],[0.559307,40.586454],[0.559309,40.586425],[0.559984,40.586031],[0.56011,40.585967],[0.560245,40.585927],[0.560272,40.585953],[0.560319,40.585998],[0.560447,40.585912],[0.56064,40.586094],[0.560703,40.586059],[0.560822,40.585998],[0.560848,40.585983],[0.561031,40.585875],[0.561016,40.58586],[0.560996,40.585839],[0.560979,40.585816],[0.560952,40.585753],[0.56095,40.585751],[0.560935,40.585711],[0.560927,40.585691],[0.560887,40.585585],[0.560845,40.58548],[0.560839,40.585466],[0.56083,40.585444],[0.560814,40.585408],[0.560632,40.585122],[0.560628,40.585115],[0.560527,40.584948],[0.5605,40.584893],[0.56038,40.584704],[0.560227,40.584604],[0.560194,40.584566],[0.560176,40.584567],[0.560153,40.584559],[0.56016,40.584554],[0.560163,40.584549],[0.560158,40.58454],[0.560149,40.584531],[0.560126,40.584513],[0.560085,40.584484],[0.560044,40.584454],[0.560036,40.584446],[0.560031,40.584437],[0.560031,40.584433],[0.559506,40.584758],[0.55917,40.584976],[0.559117,40.584937],[0.558959,40.58479],[0.558933,40.584806],[0.558838,40.584842],[0.558769,40.584859],[0.558685,40.58488],[0.558533,40.58462],[0.558816,40.584412],[0.558819,40.584414],[0.559111,40.584596],[0.559212,40.584504],[0.559417,40.584295],[0.559177,40.584039],[0.559125,40.584001],[0.559083,40.583914],[0.559062,40.583898],[0.559041,40.583884],[0.559081,40.583851],[0.559284,40.583681],[0.559281,40.583675],[0.559003,40.583458],[0.558973,40.583421],[0.558964,40.583407],[0.558938,40.583386],[0.558935,40.583384],[0.558905,40.583367],[0.558866,40.583333],[0.558827,40.583298],[0.55877,40.583254],[0.558709,40.583213],[0.558665,40.583187],[0.558628,40.583166],[0.558617,40.583177],[0.558472,40.583286],[0.558767,40.583534],[0.558459,40.583767],[0.55817,40.583513],[0.558128,40.583545],[0.557996,40.583644],[0.557954,40.583612],[0.557797,40.583493],[0.557757,40.583419],[0.557719,40.583385],[0.55734,40.583038],[0.557324,40.582993],[0.55736,40.58297],[0.557386,40.582951],[0.557434,40.582917],[0.557478,40.582885],[0.557534,40.582836],[0.557723,40.582685],[0.557678,40.582654],[0.557657,40.582637],[0.557638,40.582618],[0.557606,40.582578],[0.557562,40.582522],[0.557518,40.582466],[0.557484,40.582424],[0.557448,40.582383],[0.557418,40.582354],[0.557384,40.582327],[0.557308,40.582278],[0.557238,40.58224],[0.557163,40.582207],[0.557098,40.582182],[0.557031,40.582162],[0.556985,40.582153],[0.556906,40.582141],[0.556827,40.582129],[0.556745,40.582117],[0.556711,40.582112],[0.556599,40.582095],[0.556545,40.582086],[0.5565,40.582078],[0.556456,40.58207],[0.556413,40.582057],[0.556373,40.582036],[0.556361,40.582026],[0.556353,40.582015],[0.556346,40.582],[0.556341,40.581985],[0.556335,40.581964],[0.556334,40.581943],[0.55634,40.581922],[0.556347,40.581902],[0.556356,40.581866],[0.556362,40.581831],[0.556361,40.58181],[0.556355,40.581789],[0.556336,40.581747],[0.556315,40.581707],[0.556289,40.58167],[0.556266,40.581647],[0.556245,40.581631],[0.556222,40.581617],[0.556173,40.581593],[0.556126,40.581577],[0.556105,40.581571],[0.556078,40.581563],[0.55605,40.581549],[0.55601,40.581516],[0.55597,40.581483],[0.555919,40.581438],[0.555867,40.581393],[0.555848,40.581377],[0.555825,40.581362],[0.555813,40.581357],[0.5558,40.581355],[0.555773,40.581354],[0.555753,40.581359],[0.555732,40.581367],[0.555719,40.581367],[0.555688,40.581355],[0.555658,40.581338],[0.555577,40.581281],[0.555498,40.581225],[0.555443,40.581188],[0.555379,40.581147],[0.555314,40.581107],[0.55509,40.580958],[0.555028,40.580878],[0.555003,40.580872],[0.554952,40.580895],[0.554891,40.580926],[0.554986,40.581065],[0.555302,40.581602],[0.555535,40.582004],[0.55564,40.582186],[0.555767,40.582404],[0.555856,40.582557],[0.555958,40.582734],[0.556094,40.582977],[0.55622,40.583199],[0.556244,40.583238],[0.556329,40.583238],[0.556425,40.583385],[0.556514,40.58352],[0.556522,40.583659],[0.556522,40.583687],[0.556547,40.583733],[0.556573,40.583779],[0.556641,40.583892],[0.556708,40.584006],[0.556759,40.584094],[0.55681,40.584182],[0.556836,40.584195],[0.556917,40.584243],[0.557113,40.584588],[0.557079,40.584623],[0.557141,40.584727],[0.557193,40.584798],[0.557581,40.584511],[0.557724,40.584635],[0.558044,40.584911],[0.558067,40.584936],[0.558275,40.585153],[0.558653,40.584981],[0.558979,40.585285],[0.558995,40.585274],[0.558992,40.585301],[0.558991,40.585307],[0.55899,40.585313],[0.558986,40.585317],[0.558981,40.585321],[0.558967,40.585327],[0.558874,40.585382],[0.55878,40.585438],[0.558675,40.5855],[0.558568,40.58556],[0.558478,40.585604],[0.558387,40.585648],[0.558284,40.585698],[0.558181,40.585749],[0.558129,40.585772],[0.558075,40.585792],[0.558064,40.585794],[0.557997,40.585808],[0.557931,40.585816],[0.557848,40.585805],[0.557762,40.585739],[0.557735,40.585716],[0.557662,40.585655],[0.557539,40.585538],[0.55741,40.585569],[0.557327,40.585607],[0.55701,40.58575],[0.556851,40.585766],[0.556673,40.585862],[0.556685,40.585898],[0.556772,40.586029],[0.556834,40.586111],[0.556857,40.586142],[0.556913,40.586222],[0.556934,40.586252],[0.55699,40.586271],[0.557008,40.586261],[0.55704,40.586252],[0.557074,40.586248],[0.557385,40.586444],[0.557431,40.586483],[0.557557,40.586586],[0.557652,40.586652],[0.558008,40.586895],[0.558711,40.586461],[0.559321,40.586849],[0.559438,40.586945],[0.559445,40.58695],[0.559415,40.586953],[0.559334,40.586981],[0.559136,40.587051],[0.558861,40.587147],[0.558622,40.587291],[0.558592,40.587315],[0.558661,40.587367],[0.5587,40.587397],[0.558979,40.587336],[0.559171,40.587258],[0.559266,40.587204],[0.55931,40.587193],[0.559577,40.587037],[0.559615,40.586982],[0.559658,40.58692],[0.559605,40.586871],[0.559581,40.586842],[0.559546,40.586798],[0.559476,40.586751],[0.559406,40.586703],[0.55955,40.586681],[0.559542,40.586642],[0.559519,40.586607],[0.559432,40.586563]]]]}},{"type":"Feature","id":"430043_430043 AP03 MON 2","properties":{"area_id":"430043_430043 AP03 MON 2","nom":"la Pau","codi_icgc":"430043 AP03 MON 2","categoria":"Àrees de poblament","codi_municipi":"430043","municipi":"Alcanar","codi_comarca":"22","comarca":"Montsià","provincia":"Tarragona","font":"ICGC Àrees de poblament v3r1 202602"},"geometry":{"type":"MultiPolygon","coordinates":[[[[0.579819,40.604033],[0.579735,40.604056],[0.579705,40.604064],[0.579624,40.604136],[0.579526,40.604218],[0.5795,40.60424],[0.579376,40.604346],[0.579218,40.604486],[0.579063,40.604628],[0.578884,40.6048],[0.578705,40.604972],[0.578503,40.605162],[0.578288,40.605338],[0.578117,40.605171],[0.577987,40.605044],[0.577877,40.604936],[0.577585,40.605143],[0.577535,40.605181],[0.577324,40.605331],[0.576856,40.605661],[0.576806,40.605696],[0.576663,40.605776],[0.576755,40.605864],[0.576773,40.605882],[0.576773,40.605895],[0.576775,40.605904],[0.576781,40.605916],[0.576791,40.605928],[0.576809,40.605953],[0.576829,40.605978],[0.576911,40.606062],[0.576995,40.606143],[0.577035,40.606178],[0.577076,40.606212],[0.577102,40.606236],[0.577114,40.606252],[0.577123,40.606268],[0.577131,40.60629],[0.577158,40.606282],[0.57717,40.606308],[0.577193,40.60633],[0.577222,40.606339],[0.577261,40.60634],[0.577292,40.606336],[0.577288,40.606342],[0.577343,40.606381],[0.577472,40.606472],[0.577559,40.606533],[0.577832,40.606728],[0.577902,40.606777],[0.577927,40.606773],[0.578117,40.60674],[0.578538,40.606486],[0.579012,40.606349],[0.579052,40.606347],[0.579094,40.606347],[0.579123,40.606354],[0.579138,40.606359],[0.579162,40.606371],[0.579228,40.606423],[0.5793,40.606475],[0.579374,40.606527],[0.579405,40.606544],[0.579422,40.606551],[0.57944,40.606555],[0.579464,40.606557],[0.579487,40.606555],[0.579536,40.606552],[0.579576,40.606547],[0.579863,40.606503],[0.579866,40.606502],[0.580012,40.606481],[0.580117,40.606466],[0.580304,40.606353],[0.580401,40.606283],[0.580535,40.606187],[0.580606,40.606111],[0.580578,40.606102],[0.580518,40.606084],[0.580455,40.606053],[0.580685,40.605856],[0.580762,40.605862],[0.580916,40.605624],[0.580963,40.605518],[0.581014,40.605367],[0.581014,40.605366],[0.581012,40.605232],[0.579819,40.604033]]]]}},{"type":"Feature","id":"430043_430043 AP22 MON 3","properties":{"area_id":"430043_430043 AP22 MON 3","nom":"la Selleta","codi_icgc":"430043 AP22 MON 3","categoria":"Àrees de poblament","codi_municipi":"430043","municipi":"Alcanar","codi_comarca":"22","comarca":"Montsià","provincia":"Tarragona","font":"ICGC Àrees de poblament v3r1 202602"},"geometry":{"type":"MultiPolygon","coordinates":[[[[0.503067,40.565544],[0.503173,40.565523],[0.503175,40.565495],[0.503192,40.565464],[0.503238,40.56544],[0.503328,40.565437],[0.503459,40.565446],[0.503626,40.565442],[0.503756,40.565438],[0.503866,40.565426],[0.504011,40.565406],[0.504065,40.565397],[0.50411,40.565363],[0.504192,40.565326],[0.504279,40.56529],[0.504346,40.56526],[0.504423,40.565222],[0.504447,40.565201],[0.504483,40.565156],[0.504462,40.565142],[0.504439,40.565127],[0.5044,40.565118],[0.504349,40.565123],[0.50429,40.565142],[0.50418,40.565167],[0.50407,40.565164],[0.503912,40.565128],[0.503699,40.565073],[0.503529,40.565027],[0.503239,40.564947],[0.503018,40.564888],[0.50297,40.564875],[0.502924,40.564873],[0.502871,40.564893],[0.502755,40.565013],[0.502765,40.56507],[0.50272,40.565141],[0.502615,40.565234],[0.502457,40.565368],[0.502398,40.565375],[0.502298,40.565355],[0.502207,40.565371],[0.502143,40.565405],[0.502143,40.565406],[0.50214,40.56544],[0.50215,40.565489],[0.502164,40.565515],[0.502173,40.565525],[0.50217,40.565537],[0.502193,40.565543],[0.502302,40.565574],[0.502387,40.565534],[0.50251,40.565547],[0.502679,40.565551],[0.502792,40.565551],[0.502822,40.565558],[0.503067,40.565544]]]]}},{"type":"Feature","id":"430043_430043 AP02 MON 2","properties":{"area_id":"430043_430043 AP02 MON 2","nom":"la Unió","codi_icgc":"430043 AP02 MON 2","categoria":"Àrees de poblament","codi_municipi":"430043","municipi":"Alcanar","codi_comarca":"22","comarca":"Montsià","provincia":"Tarragona","font":"ICGC Àrees de poblament v3r1 202602"},"geometry":{"type":"MultiPolygon","coordinates":[[[[0.577018,40.606382],[0.576894,40.606411],[0.576751,40.606451],[0.57661,40.606496],[0.576535,40.606523],[0.576459,40.606552],[0.576444,40.606556],[0.576428,40.606557],[0.576415,40.606556],[0.576395,40.606549],[0.576378,40.606538],[0.576354,40.606511],[0.576333,40.606484],[0.576293,40.606439],[0.576248,40.606395],[0.576201,40.60636],[0.576124,40.606315],[0.576044,40.606273],[0.57598,40.60624],[0.575915,40.60621],[0.57585,40.606185],[0.575781,40.606167],[0.575739,40.606162],[0.575697,40.606163],[0.575649,40.606169],[0.575626,40.606174],[0.575605,40.606182],[0.575556,40.606209],[0.575508,40.606236],[0.575437,40.606274],[0.575365,40.606312],[0.575307,40.606344],[0.575251,40.606379],[0.57519,40.606429],[0.575131,40.60648],[0.575058,40.606535],[0.574986,40.60659],[0.574905,40.606655],[0.574823,40.60672],[0.57466,40.606853],[0.574554,40.606935],[0.57457,40.606964],[0.574649,40.607012],[0.574729,40.607059],[0.574781,40.60709],[0.574834,40.607121],[0.574858,40.607132],[0.574884,40.60714],[0.574901,40.607142],[0.574919,40.60714],[0.574938,40.607136],[0.574958,40.607132],[0.574983,40.607127],[0.574917,40.607161],[0.575085,40.60737],[0.575164,40.607337],[0.575245,40.60731],[0.575254,40.607307],[0.57557,40.607217],[0.575686,40.607185],[0.576085,40.607093],[0.57616,40.607069],[0.576177,40.6071],[0.576244,40.607091],[0.576407,40.607055],[0.576514,40.607029],[0.576723,40.607008],[0.576888,40.606969],[0.57719,40.606899],[0.577198,40.606897],[0.577281,40.606887],[0.577408,40.606865],[0.577486,40.606851],[0.577645,40.606828],[0.577081,40.606369],[0.577018,40.606382]]]]}},{"type":"Feature","id":"430043_430043 AP23 MON 3","properties":{"area_id":"430043_430043 AP23 MON 3","nom":"les Cases d'Alcanar","codi_icgc":"430043 AP23 MON 3","categoria":"Àrees de poblament","codi_municipi":"430043","municipi":"Alcanar","codi_comarca":"22","comarca":"Montsià","provincia":"Tarragona","font":"ICGC Àrees de poblament v3r1 202602"},"geometry":{"type":"MultiPolygon","coordinates":[[[[0.531798,40.555338],[0.531913,40.555271],[0.532666,40.554853],[0.532701,40.55483],[0.532762,40.554774],[0.532779,40.554737],[0.532778,40.554689],[0.532755,40.554636],[0.532726,40.554569],[0.532606,40.554447],[0.532485,40.55432],[0.532487,40.554273],[0.532529,40.554247],[0.532539,40.554226],[0.532455,40.554134],[0.532368,40.554041],[0.532337,40.55401],[0.532208,40.553874],[0.531914,40.553596],[0.53151,40.553251],[0.531046,40.552881],[0.530627,40.552539],[0.530309,40.552296],[0.53014,40.552054],[0.53009,40.551978],[0.529912,40.551729],[0.529837,40.551644],[0.529755,40.551504],[0.529877,40.55136],[0.529756,40.551205],[0.529673,40.551091],[0.529604,40.551006],[0.529538,40.550921],[0.529483,40.550829],[0.529391,40.550682],[0.529322,40.550566],[0.529252,40.550436],[0.52919,40.550326],[0.529113,40.550225],[0.529007,40.550126],[0.528884,40.550011],[0.52869,40.549839],[0.528625,40.549774],[0.528515,40.549841],[0.528286,40.550009],[0.528174,40.550085],[0.528394,40.550277],[0.528397,40.550286],[0.527872,40.550639],[0.527805,40.550681],[0.527546,40.550528],[0.527202,40.550753],[0.527118,40.550691],[0.52698,40.550795],[0.52684,40.550712],[0.527498,40.550232],[0.526941,40.549868],[0.526283,40.550361],[0.526186,40.550397],[0.525974,40.550311],[0.526377,40.54991],[0.526193,40.549801],[0.526349,40.549642],[0.526126,40.54958],[0.526502,40.549258],[0.526689,40.549016],[0.526974,40.549029],[0.527203,40.548826],[0.527217,40.548803],[0.525488,40.547565],[0.525163,40.547234],[0.524357,40.548084],[0.524344,40.548092],[0.524518,40.548208],[0.523975,40.54875],[0.523729,40.549082],[0.523892,40.54917],[0.52396,40.549119],[0.524737,40.54845],[0.524769,40.548417],[0.524948,40.548325],[0.525045,40.548404],[0.52462,40.548747],[0.525127,40.549216],[0.524999,40.549362],[0.525365,40.549602],[0.525471,40.549706],[0.5255,40.549772],[0.525273,40.549993],[0.525042,40.549911],[0.524562,40.550328],[0.524401,40.550553],[0.524517,40.550555],[0.52538,40.550576],[0.525924,40.550653],[0.526157,40.550741],[0.527168,40.551205],[0.527229,40.551261],[0.527404,40.551392],[0.527411,40.551412],[0.527439,40.55143],[0.527468,40.55144],[0.527483,40.551445],[0.527635,40.551558],[0.527728,40.551625],[0.527777,40.551661],[0.527847,40.551746],[0.527892,40.551797],[0.527857,40.55183],[0.527959,40.55195],[0.527984,40.551988],[0.527657,40.552232],[0.527443,40.552053],[0.527375,40.552102],[0.527135,40.552275],[0.527333,40.552475],[0.527267,40.552524],[0.527161,40.552605],[0.526978,40.552458],[0.526906,40.552385],[0.526927,40.552314],[0.526883,40.552234],[0.526624,40.552129],[0.526111,40.551817],[0.525964,40.551743],[0.525702,40.551458],[0.525538,40.551598],[0.525643,40.551807],[0.525777,40.551967],[0.526292,40.552243],[0.526857,40.552608],[0.526704,40.552754],[0.526865,40.552855],[0.526945,40.552913],[0.526958,40.552935],[0.526945,40.552964],[0.526705,40.553285],[0.526558,40.553446],[0.526317,40.553731],[0.526188,40.553881],[0.52612,40.553829],[0.525675,40.553428],[0.525524,40.553256],[0.525805,40.553005],[0.525145,40.552597],[0.524999,40.552751],[0.524761,40.552582],[0.524848,40.552505],[0.524701,40.552423],[0.524695,40.552337],[0.523851,40.55184],[0.523736,40.551902],[0.524638,40.552622],[0.52543,40.553469],[0.525837,40.553868],[0.526217,40.554263],[0.52651,40.554588],[0.526547,40.554631],[0.526553,40.554681],[0.526537,40.554714],[0.526224,40.554823],[0.525948,40.554898],[0.525939,40.554921],[0.526357,40.555353],[0.526664,40.5557],[0.526743,40.555788],[0.526807,40.555898],[0.526791,40.555906],[0.526558,40.555975],[0.526025,40.556128],[0.525847,40.556169],[0.525536,40.556234],[0.525387,40.556262],[0.52512,40.55606],[0.525079,40.555901],[0.524826,40.555663],[0.52463,40.555796],[0.524489,40.555897],[0.524488,40.555933],[0.524503,40.555951],[0.524629,40.556016],[0.524852,40.556125],[0.525162,40.556293],[0.52532,40.556347],[0.525418,40.556365],[0.525464,40.556384],[0.525764,40.556513],[0.525937,40.556588],[0.526092,40.556627],[0.526212,40.556653],[0.526277,40.556687],[0.526395,40.556782],[0.526503,40.556826],[0.526783,40.556963],[0.527108,40.556723],[0.527425,40.556489],[0.527234,40.556389],[0.527197,40.556418],[0.527174,40.556406],[0.526988,40.556157],[0.52737,40.555981],[0.527238,40.555853],[0.52754,40.555806],[0.527789,40.556038],[0.528121,40.555872],[0.528086,40.555847],[0.528017,40.55581],[0.52794,40.555779],[0.528191,40.555686],[0.528248,40.555642],[0.528272,40.555591],[0.52844,40.555513],[0.528606,40.555432],[0.528756,40.555355],[0.528937,40.55526],[0.529141,40.555156],[0.529192,40.55518],[0.529231,40.555222],[0.529271,40.555273],[0.529298,40.555285],[0.529362,40.555263],[0.529384,40.555273],[0.529446,40.555345],[0.529468,40.555365],[0.5295,40.555369],[0.529579,40.555335],[0.529768,40.55523],[0.529848,40.555171],[0.529993,40.555088],[0.530264,40.554951],[0.530254,40.555014],[0.530205,40.555144],[0.530179,40.555189],[0.530145,40.555255],[0.530097,40.555385],[0.530062,40.555556],[0.530008,40.555826],[0.529964,40.556173],[0.529926,40.556356],[0.529922,40.556406],[0.529905,40.556496],[0.529815,40.556552],[0.529786,40.556675],[0.529695,40.557111],[0.53017,40.557446],[0.530868,40.556832],[0.531356,40.557133],[0.531556,40.55697],[0.531782,40.557118],[0.531843,40.557153],[0.532068,40.556976],[0.532055,40.556885],[0.531826,40.55673],[0.531633,40.556893],[0.531624,40.556888],[0.531148,40.556573],[0.532091,40.555745],[0.532048,40.555706],[0.532107,40.55565],[0.53187,40.555444],[0.531798,40.555338]]]]}},{"type":"Feature","id":"430043_430043 AP06 MON 2","properties":{"area_id":"430043_430043 AP06 MON 2","nom":"les Flors","codi_icgc":"430043 AP06 MON 2","categoria":"Àrees de poblament","codi_municipi":"430043","municipi":"Alcanar","codi_comarca":"22","comarca":"Montsià","provincia":"Tarragona","font":"ICGC Àrees de poblament v3r1 202602"},"geometry":{"type":"MultiPolygon","coordinates":[[[[0.571755,40.599888],[0.571698,40.599943],[0.572758,40.600708],[0.572868,40.600788],[0.572904,40.600814],[0.572978,40.600867],[0.572983,40.600877],[0.572983,40.600889],[0.572976,40.600901],[0.572728,40.601065],[0.572472,40.601227],[0.572572,40.601325],[0.572845,40.601522],[0.5731,40.601332],[0.572976,40.601239],[0.572998,40.601221],[0.57321,40.601048],[0.573984,40.601601],[0.574086,40.601661],[0.574128,40.601624],[0.574636,40.601184],[0.574775,40.60129],[0.574555,40.601469],[0.574568,40.601504],[0.574573,40.601533],[0.574887,40.60177],[0.574894,40.601764],[0.574955,40.601719],[0.575051,40.601639],[0.575138,40.601566],[0.575197,40.601536],[0.575451,40.601338],[0.57531,40.601233],[0.575593,40.601007],[0.575639,40.600973],[0.575338,40.600744],[0.575808,40.600457],[0.575733,40.600391],[0.575527,40.600226],[0.57545,40.600159],[0.575223,40.599976],[0.574669,40.600326],[0.574611,40.600332],[0.574571,40.600305],[0.574384,40.600177],[0.574953,40.599764],[0.574812,40.599658],[0.574775,40.599616],[0.574647,40.599516],[0.574404,40.599325],[0.574178,40.599147],[0.573714,40.599567],[0.573556,40.599459],[0.573517,40.59948],[0.5734,40.599398],[0.573074,40.599168],[0.573121,40.599129],[0.5733,40.598999],[0.573509,40.599152],[0.573703,40.599],[0.573784,40.598937],[0.573852,40.598884],[0.573668,40.598735],[0.573525,40.59862],[0.573446,40.598545],[0.573053,40.59823],[0.572709,40.598546],[0.572703,40.598551],[0.572508,40.598738],[0.572504,40.598742],[0.572317,40.598921],[0.572315,40.598923],[0.572197,40.599024],[0.572174,40.599043],[0.572162,40.599054],[0.5721,40.599109],[0.571797,40.599356],[0.571737,40.599407],[0.571666,40.599481],[0.571606,40.599573],[0.571893,40.599775],[0.571755,40.599888]]]]}},{"type":"Feature","id":"430043_430043 AP17 MON 2","properties":{"area_id":"430043_430043 AP17 MON 2","nom":"les Oliveres","codi_icgc":"430043 AP17 MON 2","categoria":"Àrees de poblament","codi_municipi":"430043","municipi":"Alcanar","codi_comarca":"22","comarca":"Montsià","provincia":"Tarragona","font":"ICGC Àrees de poblament v3r1 202602"},"geometry":{"type":"MultiPolygon","coordinates":[[[[0.537863,40.56835],[0.537999,40.568261],[0.538001,40.568263],[0.538071,40.568315],[0.538141,40.568368],[0.538279,40.568457],[0.538284,40.568459],[0.538366,40.568507],[0.538509,40.568593],[0.538623,40.568659],[0.538927,40.568845],[0.538966,40.568869],[0.539005,40.568893],[0.53908,40.568939],[0.5391,40.568951],[0.539098,40.568933],[0.539095,40.568915],[0.539093,40.568893],[0.539098,40.568872],[0.539107,40.568857],[0.539127,40.568839],[0.539151,40.568823],[0.539205,40.568793],[0.539259,40.568763],[0.539305,40.568739],[0.539328,40.568727],[0.539338,40.568721],[0.53935,40.568715],[0.539361,40.568707],[0.539369,40.568702],[0.539374,40.568694],[0.539373,40.568688],[0.539359,40.568678],[0.539345,40.568668],[0.539297,40.568631],[0.539249,40.568593],[0.539215,40.568568],[0.539183,40.56854],[0.539156,40.568509],[0.539129,40.568477],[0.539073,40.568416],[0.539037,40.568404],[0.539001,40.568391],[0.538939,40.568366],[0.538911,40.568351],[0.538885,40.568333],[0.538809,40.568274],[0.538737,40.568214],[0.538606,40.5681],[0.538479,40.567988],[0.538477,40.567986],[0.538514,40.567957],[0.538231,40.567688],[0.538116,40.567578],[0.538036,40.567501],[0.537962,40.567439],[0.537835,40.567262],[0.53781,40.567216],[0.537787,40.567171],[0.537767,40.567124],[0.537751,40.56705],[0.537743,40.567001],[0.537738,40.566975],[0.537728,40.566917],[0.537718,40.566859],[0.537709,40.566829],[0.537689,40.566786],[0.537663,40.566744],[0.537626,40.566699],[0.537605,40.566679],[0.53758,40.566661],[0.537561,40.566648],[0.537542,40.566636],[0.537405,40.566659],[0.537363,40.566667],[0.537267,40.566687],[0.537265,40.566681],[0.537242,40.566553],[0.537219,40.566426],[0.53719,40.566264],[0.537161,40.566102],[0.537131,40.565964],[0.53711,40.565883],[0.537096,40.565827],[0.537073,40.565741],[0.537044,40.565655],[0.537025,40.565611],[0.537001,40.565569],[0.536951,40.565485],[0.53692,40.565429],[0.536881,40.565346],[0.536847,40.565262],[0.536823,40.565182],[0.536821,40.565174],[0.536812,40.565128],[0.536805,40.565086],[0.5368,40.565027],[0.536801,40.564969],[0.536801,40.564949],[0.536804,40.564871],[0.536803,40.564812],[0.536796,40.564753],[0.536785,40.564718],[0.53677,40.564683],[0.536734,40.564616],[0.536709,40.564572],[0.536697,40.564552],[0.536657,40.564488],[0.536579,40.564375],[0.536501,40.564262],[0.536441,40.564171],[0.536385,40.564078],[0.536357,40.564019],[0.536337,40.563959],[0.53633,40.563919],[0.536325,40.563863],[0.536322,40.563808],[0.53632,40.563771],[0.536319,40.563757],[0.536331,40.563754],[0.536282,40.56364],[0.536271,40.563643],[0.53625,40.563605],[0.536215,40.563541],[0.536181,40.563476],[0.536165,40.563433],[0.536153,40.563389],[0.536142,40.56336],[0.536122,40.563328],[0.536098,40.563298],[0.536042,40.56324],[0.535989,40.563191],[0.53593,40.563147],[0.53587,40.563116],[0.53583,40.563106],[0.535798,40.563103],[0.535779,40.563109],[0.535759,40.563119],[0.535502,40.563245],[0.535482,40.56326],[0.535473,40.563271],[0.535405,40.563288],[0.535361,40.563299],[0.53529,40.563317],[0.535189,40.563342],[0.535172,40.563347],[0.53514,40.563355],[0.535067,40.563185],[0.535001,40.563033],[0.53494,40.562919],[0.534875,40.562796],[0.53481,40.562675],[0.53471,40.562712],[0.534532,40.562779],[0.533852,40.563013],[0.533569,40.563117],[0.533584,40.563121],[0.533655,40.563175],[0.533691,40.563201],[0.533926,40.563484],[0.534091,40.563686],[0.534142,40.563757],[0.534215,40.563845],[0.53424,40.563858],[0.534256,40.563867],[0.534288,40.563852],[0.534355,40.563819],[0.534421,40.56379],[0.534487,40.563762],[0.534563,40.563727],[0.534638,40.563691],[0.534718,40.563651],[0.534781,40.56362],[0.534786,40.563618],[0.53479,40.563616],[0.534795,40.563614],[0.534799,40.563613],[0.534803,40.563613],[0.534809,40.563613],[0.534888,40.563789],[0.534918,40.5638],[0.535012,40.563777],[0.535035,40.563826],[0.535022,40.56383],[0.535056,40.563904],[0.53525,40.563839],[0.535358,40.563811],[0.535379,40.563805],[0.535484,40.563779],[0.535635,40.56374],[0.535755,40.564054],[0.535935,40.564488],[0.536055,40.564781],[0.536075,40.564826],[0.53621,40.56516],[0.536534,40.565966],[0.536549,40.566032],[0.536737,40.566471],[0.536797,40.566619],[0.536858,40.566767],[0.536866,40.566785],[0.536944,40.566975],[0.53698,40.567059],[0.537031,40.567183],[0.537055,40.567234],[0.537082,40.567283],[0.537143,40.56738],[0.537167,40.567413],[0.537222,40.567491],[0.537278,40.56757],[0.53731,40.567612],[0.537345,40.567653],[0.537393,40.567703],[0.537441,40.567746],[0.537477,40.567801],[0.537609,40.567998],[0.537568,40.568114],[0.537105,40.568889],[0.537043,40.569036],[0.537146,40.569091],[0.537445,40.569252],[0.537477,40.569271],[0.537513,40.569306],[0.537547,40.569279],[0.537635,40.569228],[0.537722,40.569178],[0.537838,40.569113],[0.537954,40.56905],[0.538014,40.569016],[0.538074,40.568981],[0.538101,40.568971],[0.538113,40.568966],[0.538115,40.568962],[0.538115,40.568958],[0.538105,40.568937],[0.538093,40.568916],[0.537666,40.568699],[0.537863,40.56835]]]]}},{"type":"Feature","id":"430043_430043 AP05 MON 2","properties":{"area_id":"430043_430043 AP05 MON 2","nom":"les Tres Palmeres","codi_icgc":"430043 AP05 MON 2","categoria":"Àrees de poblament","codi_municipi":"430043","municipi":"Alcanar","codi_comarca":"22","comarca":"Montsià","provincia":"Tarragona","font":"ICGC Àrees de poblament v3r1 202602"},"geometry":{"type":"MultiPolygon","coordinates":[[[[0.577253,40.601215],[0.57774,40.600887],[0.577852,40.601003],[0.578007,40.600909],[0.578,40.600887],[0.577986,40.600864],[0.57797,40.600851],[0.577925,40.600823],[0.577879,40.600793],[0.577698,40.600669],[0.577574,40.600643],[0.577543,40.600622],[0.57754,40.60062],[0.577356,40.600435],[0.577236,40.600291],[0.577208,40.600212],[0.577243,40.600163],[0.577285,40.600121],[0.577055,40.599973],[0.576835,40.599958],[0.576413,40.600014],[0.576385,40.599964],[0.576378,40.599924],[0.576339,40.599928],[0.576331,40.599885],[0.576116,40.599741],[0.575787,40.599454],[0.575759,40.599434],[0.575701,40.59938],[0.575668,40.599363],[0.575806,40.5992],[0.575971,40.59897],[0.575963,40.598874],[0.575993,40.598807],[0.575885,40.598708],[0.575794,40.598628],[0.575647,40.598499],[0.575598,40.598457],[0.575578,40.59845],[0.57554,40.598421],[0.575316,40.598301],[0.575285,40.598281],[0.574955,40.598613],[0.574784,40.598584],[0.574554,40.598812],[0.574658,40.598912],[0.574451,40.599121],[0.574775,40.599381],[0.574852,40.599451],[0.575016,40.599577],[0.575314,40.59981],[0.57532,40.599815],[0.575926,40.60031],[0.575932,40.600315],[0.576486,40.600769],[0.576871,40.601086],[0.577127,40.6013],[0.577253,40.601215]]]]}}]}