{"type":"FeatureCollection","name":"ICGC Àrees de poblament - l'Ametlla de Mar","features":[{"type":"Feature","id":"430136_430136 AP10 BEB 3","properties":{"area_id":"430136_430136 AP10 BEB 3","nom":"Calafat","codi_icgc":"430136 AP10 BEB 3","categoria":"Àrees de poblament","codi_municipi":"430136","municipi":"l'Ametlla de Mar","codi_comarca":"09","comarca":"Baix Ebre","provincia":"Tarragona","font":"ICGC Àrees de poblament v3r1 202602"},"geometry":{"type":"MultiPolygon","coordinates":[[[[0.850149,40.929258],[0.849786,40.928953],[0.849695,40.928873],[0.849565,40.928644],[0.849423,40.928529],[0.849281,40.928415],[0.849232,40.928403],[0.848739,40.928324],[0.84874,40.928269],[0.848774,40.92811],[0.848912,40.92791],[0.849313,40.927656],[0.849737,40.927406],[0.849757,40.927376],[0.849605,40.927248],[0.849604,40.927195],[0.849542,40.927181],[0.849483,40.927111],[0.849369,40.927151],[0.849306,40.927084],[0.849278,40.927097],[0.849066,40.92689],[0.848876,40.927008],[0.848803,40.926933],[0.848633,40.926757],[0.848428,40.926873],[0.848402,40.926888],[0.848298,40.9268],[0.848197,40.926706],[0.848089,40.92674],[0.847986,40.926772],[0.847955,40.92678],[0.847906,40.926787],[0.847864,40.926794],[0.847827,40.926798],[0.847775,40.926804],[0.847709,40.926802],[0.847668,40.926801],[0.847624,40.926802],[0.847578,40.926803],[0.847564,40.926803],[0.847552,40.926804],[0.847523,40.926805],[0.847464,40.926811],[0.847451,40.926813],[0.847431,40.926816],[0.847389,40.926824],[0.847342,40.926833],[0.847324,40.926837],[0.847296,40.926844],[0.847236,40.926858],[0.847192,40.926869],[0.847108,40.92689],[0.8471,40.926892],[0.847057,40.926903],[0.847017,40.926913],[0.846966,40.926926],[0.846915,40.926874],[0.846916,40.92685],[0.846744,40.926881],[0.846697,40.92689],[0.846776,40.926835],[0.846929,40.926731],[0.847066,40.926637],[0.847094,40.926618],[0.847198,40.926544],[0.847317,40.926459],[0.847394,40.926404],[0.847431,40.926387],[0.847523,40.926345],[0.847604,40.926308],[0.84766,40.926295],[0.847675,40.926287],[0.8477,40.926275],[0.847724,40.926264],[0.847743,40.926256],[0.84781,40.926224],[0.847896,40.926177],[0.847935,40.926151],[0.847969,40.926121],[0.848013,40.926072],[0.848032,40.926049],[0.848056,40.926022],[0.8481,40.925973],[0.848144,40.925925],[0.848161,40.925905],[0.848174,40.925888],[0.848181,40.925875],[0.848185,40.925857],[0.848182,40.925849],[0.848176,40.925842],[0.848149,40.925824],[0.848119,40.925808],[0.847997,40.925744],[0.847876,40.925678],[0.847819,40.925641],[0.847737,40.925582],[0.847658,40.92552],[0.847622,40.925489],[0.847587,40.925458],[0.847568,40.925444],[0.847546,40.925434],[0.847481,40.925414],[0.847381,40.925392],[0.847282,40.925368],[0.847199,40.92534],[0.847115,40.925312],[0.847094,40.925308],[0.847077,40.925307],[0.847051,40.925311],[0.847039,40.925316],[0.847026,40.925324],[0.847016,40.925333],[0.847009,40.925349],[0.847,40.925374],[0.847003,40.925406],[0.847015,40.925435],[0.847034,40.92546],[0.846942,40.925383],[0.846855,40.925313],[0.846753,40.925237],[0.846699,40.925202],[0.846638,40.925173],[0.846566,40.925148],[0.846511,40.925132],[0.846427,40.925114],[0.846342,40.925098],[0.846196,40.925074],[0.846051,40.925051],[0.845959,40.925032],[0.845869,40.92501],[0.845842,40.925003],[0.845806,40.924987],[0.845789,40.924976],[0.845773,40.924963],[0.845759,40.924948],[0.845746,40.924924],[0.845741,40.924898],[0.845741,40.92485],[0.845742,40.924802],[0.845745,40.924744],[0.845748,40.924686],[0.845746,40.924647],[0.845737,40.924589],[0.84572,40.924532],[0.845701,40.924487],[0.845666,40.924423],[0.845624,40.92436],[0.845565,40.924286],[0.845499,40.924215],[0.845432,40.924151],[0.84538,40.924105],[0.845298,40.924039],[0.845255,40.924008],[0.845209,40.923978],[0.845088,40.923905],[0.844966,40.923833],[0.844711,40.923685],[0.844455,40.923537],[0.844199,40.923393],[0.843941,40.923252],[0.843856,40.923206],[0.843724,40.923142],[0.843588,40.923081],[0.843504,40.923047],[0.843439,40.923025],[0.84334,40.922995],[0.843239,40.92297],[0.843148,40.922951],[0.843012,40.922928],[0.842999,40.922926],[0.84307,40.922905],[0.84314,40.922884],[0.843169,40.922874],[0.843207,40.922852],[0.84324,40.922823],[0.843253,40.922807],[0.843258,40.922794],[0.843261,40.922774],[0.843256,40.922755],[0.843196,40.922655],[0.843137,40.922555],[0.843069,40.922427],[0.843002,40.922299],[0.84295,40.922194],[0.842927,40.92214],[0.842909,40.922086],[0.842903,40.922046],[0.842908,40.921986],[0.84291,40.921926],[0.842905,40.921871],[0.842895,40.921816],[0.842888,40.9218],[0.84287,40.921773],[0.842833,40.921735],[0.842817,40.921716],[0.842805,40.921695],[0.842801,40.92168],[0.842801,40.921655],[0.84281,40.921632],[0.84282,40.921622],[0.842841,40.921608],[0.842869,40.921582],[0.842882,40.921552],[0.842889,40.921531],[0.842891,40.92151],[0.842888,40.921489],[0.842883,40.921473],[0.842869,40.921451],[0.842858,40.921442],[0.842844,40.921436],[0.842809,40.921426],[0.842777,40.92142],[0.842723,40.921418],[0.84264,40.921421],[0.842557,40.921425],[0.842445,40.921421],[0.842389,40.921421],[0.842333,40.921427],[0.842327,40.921429],[0.842316,40.921433],[0.842296,40.921449],[0.842279,40.921467],[0.842188,40.921569],[0.842146,40.92162],[0.842106,40.921673],[0.842074,40.921722],[0.842024,40.921809],[0.841952,40.921941],[0.841913,40.922006],[0.841863,40.922066],[0.841816,40.922116],[0.841758,40.922191],[0.841677,40.922285],[0.841591,40.922363],[0.841507,40.922432],[0.841431,40.922495],[0.841351,40.92256],[0.841492,40.92308],[0.841346,40.923145],[0.841241,40.923213],[0.84114,40.923299],[0.841025,40.92341],[0.840932,40.923511],[0.840913,40.923535],[0.840846,40.923616],[0.8408,40.923673],[0.840705,40.923794],[0.840687,40.923817],[0.840564,40.923972],[0.840551,40.923987],[0.840441,40.924133],[0.840403,40.924182],[0.840311,40.924306],[0.840258,40.924377],[0.84022,40.924425],[0.840115,40.924558],[0.840097,40.92458],[0.839971,40.924739],[0.839909,40.924826],[0.839881,40.924871],[0.839855,40.924915],[0.83984,40.924948],[0.839831,40.924981],[0.839817,40.92505],[0.839802,40.925068],[0.839777,40.925089],[0.839747,40.925105],[0.839713,40.925116],[0.839677,40.925122],[0.839641,40.925122],[0.839605,40.925117],[0.839571,40.925106],[0.839541,40.92509],[0.839516,40.925069],[0.839505,40.925061],[0.83947,40.925036],[0.839411,40.924991],[0.839364,40.924948],[0.839345,40.924928],[0.839322,40.924904],[0.83928,40.924858],[0.839234,40.924806],[0.839196,40.924764],[0.839178,40.924744],[0.839153,40.924717],[0.839215,40.924599],[0.839265,40.924505],[0.839308,40.924426],[0.839332,40.924357],[0.839342,40.924329],[0.839337,40.924322],[0.839252,40.924364],[0.839232,40.924341],[0.839125,40.924217],[0.839206,40.924147],[0.839443,40.923892],[0.839503,40.923665],[0.839536,40.92345],[0.83952,40.923455],[0.839452,40.92332],[0.839429,40.923275],[0.839375,40.92319],[0.839265,40.923042],[0.839254,40.923048],[0.839121,40.922902],[0.839505,40.922608],[0.839523,40.922592],[0.839367,40.922376],[0.839245,40.922248],[0.839198,40.922202],[0.83913,40.922135],[0.839054,40.922056],[0.839021,40.922021],[0.838979,40.921976],[0.838827,40.921815],[0.838763,40.921755],[0.838698,40.921695],[0.838562,40.92158],[0.838377,40.921441],[0.838233,40.921351],[0.837997,40.921225],[0.837874,40.921182],[0.837826,40.921262],[0.837783,40.921336],[0.837719,40.921431],[0.83762,40.92158],[0.837485,40.921784],[0.837414,40.921877],[0.837342,40.92197],[0.837266,40.922065],[0.837223,40.922117],[0.837188,40.922158],[0.837102,40.922257],[0.837014,40.922355],[0.836978,40.922393],[0.836942,40.922432],[0.836923,40.922436],[0.836916,40.922445],[0.83687,40.922507],[0.836912,40.92253],[0.836987,40.92258],[0.837062,40.922636],[0.837134,40.922694],[0.837201,40.922752],[0.837264,40.922813],[0.837403,40.922964],[0.837541,40.923117],[0.837609,40.923189],[0.837636,40.923217],[0.837725,40.923306],[0.837812,40.923395],[0.83787,40.923456],[0.838014,40.923608],[0.838217,40.923821],[0.83836,40.923966],[0.838456,40.924065],[0.838502,40.924111],[0.838594,40.924209],[0.838676,40.9243],[0.838759,40.924392],[0.838818,40.924453],[0.838876,40.924513],[0.839032,40.924679],[0.839072,40.92472],[0.839088,40.924737],[0.839103,40.924753],[0.839142,40.924794],[0.839225,40.924886],[0.839292,40.924959],[0.839311,40.92498],[0.839314,40.924982],[0.839334,40.925001],[0.839377,40.925039],[0.839424,40.925073],[0.83947,40.925106],[0.839481,40.925113],[0.839502,40.925134],[0.839516,40.925157],[0.839524,40.925182],[0.839525,40.925219],[0.839519,40.925265],[0.839526,40.925317],[0.839554,40.925357],[0.83957,40.925373],[0.839597,40.925389],[0.839631,40.925395],[0.839667,40.925409],[0.839371,40.925571],[0.839076,40.925733],[0.838878,40.925841],[0.839244,40.926241],[0.839495,40.926085],[0.839785,40.926373],[0.840017,40.926634],[0.840054,40.926677],[0.839791,40.926814],[0.840133,40.92716],[0.840137,40.927164],[0.840166,40.927196],[0.840573,40.927647],[0.840703,40.927792],[0.840752,40.927845],[0.840947,40.928062],[0.840973,40.928089],[0.841036,40.928155],[0.841107,40.928225],[0.841179,40.928296],[0.841197,40.928314],[0.841269,40.928389],[0.841309,40.928431],[0.841419,40.928547],[0.841515,40.928649],[0.841539,40.928675],[0.841671,40.928815],[0.84172,40.928868],[0.841903,40.929069],[0.841926,40.929092],[0.841997,40.929168],[0.842064,40.929233],[0.842087,40.929255],[0.842127,40.929291],[0.842163,40.929325],[0.842359,40.929501],[0.842385,40.929525],[0.842518,40.929645],[0.842623,40.929739],[0.842648,40.929753],[0.842871,40.929965],[0.842891,40.929983],[0.842995,40.93008],[0.843047,40.930131],[0.843096,40.930178],[0.843132,40.930217],[0.843178,40.930272],[0.843224,40.930327],[0.843269,40.930382],[0.843315,40.930437],[0.843361,40.930494],[0.843401,40.930543],[0.843453,40.930607],[0.843502,40.930667],[0.843542,40.930716],[0.843602,40.93079],[0.843653,40.93085],[0.843704,40.930905],[0.843789,40.930997],[0.843845,40.931059],[0.843877,40.931093],[0.844076,40.931312],[0.844281,40.931535],[0.844481,40.931755],[0.844685,40.931975],[0.844909,40.932216],[0.845102,40.932434],[0.845294,40.93266],[0.84536,40.932733],[0.845395,40.932775],[0.845431,40.932817],[0.845491,40.932881],[0.845553,40.932944],[0.845599,40.932988],[0.845641,40.933029],[0.845699,40.933084],[0.845741,40.933124],[0.845807,40.933186],[0.845846,40.933224],[0.845956,40.933328],[0.846015,40.933384],[0.846065,40.933432],[0.846125,40.933494],[0.846164,40.933552],[0.846171,40.933562],[0.846201,40.933632],[0.84622,40.933692],[0.846454,40.933669],[0.846446,40.93361],[0.846506,40.933608],[0.8465,40.933548],[0.846495,40.933494],[0.846695,40.933477],[0.846684,40.933369],[0.846677,40.933331],[0.846676,40.933281],[0.846742,40.933237],[0.846897,40.933143],[0.846901,40.933131],[0.847069,40.933023],[0.846915,40.932883],[0.846985,40.93283],[0.847018,40.932805],[0.847053,40.932776],[0.847078,40.932755],[0.847096,40.932738],[0.847134,40.932704],[0.847138,40.932698],[0.847142,40.932692],[0.847182,40.932713],[0.847221,40.932734],[0.847233,40.932742],[0.847264,40.932762],[0.847386,40.93284],[0.847405,40.932852],[0.847472,40.932894],[0.847544,40.932939],[0.847612,40.932982],[0.847657,40.93301],[0.847708,40.933041],[0.847803,40.933099],[0.847911,40.933166],[0.847922,40.933173],[0.84801,40.933228],[0.848067,40.933264],[0.848136,40.933309],[0.848181,40.933338],[0.848222,40.933365],[0.848274,40.933404],[0.848347,40.933477],[0.848379,40.93352],[0.848436,40.933605],[0.84849,40.933684],[0.848509,40.933715],[0.848571,40.933813],[0.848594,40.933851],[0.848628,40.933909],[0.848705,40.934038],[0.848747,40.934109],[0.848815,40.934221],[0.848772,40.934246],[0.848246,40.934539],[0.848198,40.934561],[0.848437,40.934786],[0.848478,40.934763],[0.848588,40.934877],[0.848609,40.934899],[0.848558,40.934904],[0.84835,40.935022],[0.848762,40.935458],[0.848695,40.935499],[0.848581,40.93556],[0.84855,40.935577],[0.848518,40.93559],[0.84839,40.935655],[0.848426,40.935691],[0.848535,40.935801],[0.848585,40.935851],[0.84864,40.935907],[0.848703,40.93597],[0.848745,40.936014],[0.848796,40.936067],[0.848851,40.936125],[0.848872,40.936148],[0.848927,40.936207],[0.848956,40.936237],[0.848977,40.936258],[0.849,40.936278],[0.849034,40.936306],[0.849089,40.93634],[0.849114,40.936347],[0.84914,40.936351],[0.849184,40.936352],[0.849226,40.936344],[0.849265,40.936327],[0.849559,40.936172],[0.8497,40.936096],[0.849763,40.936062],[0.849859,40.93601],[0.849943,40.935965],[0.850239,40.936277],[0.850474,40.936147],[0.850495,40.936141],[0.850599,40.936118],[0.850729,40.936125],[0.850859,40.936128],[0.850868,40.936128],[0.850996,40.936122],[0.851132,40.936113],[0.851136,40.936134],[0.851416,40.93611],[0.851583,40.936029],[0.85165,40.935998],[0.851673,40.935986],[0.851714,40.935963],[0.851772,40.935923],[0.851826,40.93588],[0.851874,40.935833],[0.851984,40.935796],[0.852094,40.935759],[0.852138,40.935746],[0.852219,40.935731],[0.852343,40.935715],[0.852405,40.935706],[0.852466,40.935694],[0.852842,40.935603],[0.853029,40.935556],[0.853216,40.935507],[0.853586,40.935406],[0.853954,40.935303],[0.854086,40.935263],[0.854173,40.935235],[0.854215,40.935221],[0.854197,40.935197],[0.854173,40.93517],[0.853885,40.93484],[0.853889,40.934833],[0.853897,40.934818],[0.853923,40.934795],[0.854094,40.934705],[0.854155,40.934676],[0.854173,40.934669],[0.854255,40.934639],[0.854359,40.934607],[0.85441,40.934595],[0.85449,40.934579],[0.854571,40.934567],[0.85462,40.934563],[0.854694,40.934561],[0.854769,40.934563],[0.854836,40.93457],[0.854938,40.934586],[0.85504,40.934609],[0.855173,40.934645],[0.855236,40.934588],[0.855226,40.93454],[0.855217,40.934492],[0.855213,40.934459],[0.855212,40.934418],[0.855214,40.934377],[0.855218,40.934295],[0.855092,40.934039],[0.854882,40.933709],[0.854877,40.933705],[0.854707,40.933571],[0.854173,40.933508],[0.853953,40.933482],[0.853524,40.933433],[0.853463,40.933129],[0.853446,40.933046],[0.853446,40.933043],[0.85298,40.932513],[0.852976,40.93251],[0.852731,40.932311],[0.852719,40.932301],[0.852707,40.932296],[0.852696,40.93229],[0.852669,40.932284],[0.852642,40.932283],[0.852615,40.932288],[0.852592,40.932298],[0.852572,40.932313],[0.852559,40.932332],[0.852469,40.932518],[0.852446,40.932566],[0.852435,40.932527],[0.852429,40.932517],[0.852424,40.932511],[0.852413,40.932502],[0.852403,40.932497],[0.852391,40.932492],[0.852367,40.932486],[0.852341,40.932486],[0.852316,40.932492],[0.852295,40.932503],[0.852279,40.932519],[0.852269,40.932537],[0.852267,40.932556],[0.852272,40.932575],[0.852285,40.932593],[0.852303,40.932606],[0.852326,40.932615],[0.852351,40.932619],[0.852365,40.932625],[0.852422,40.932675],[0.852353,40.932704],[0.852117,40.933099],[0.852012,40.933273],[0.851996,40.933301],[0.851911,40.933442],[0.851816,40.9336],[0.851752,40.933707],[0.851745,40.933711],[0.851592,40.933788],[0.851272,40.93395],[0.851261,40.933955],[0.851091,40.934017],[0.850887,40.93409],[0.850911,40.934145],[0.850696,40.934226],[0.850594,40.934063],[0.850822,40.933982],[0.851017,40.933912],[0.851029,40.933908],[0.851221,40.933819],[0.851455,40.933683],[0.8516,40.933497],[0.851604,40.933492],[0.851743,40.933309],[0.851745,40.933307],[0.851793,40.933139],[0.851795,40.93313],[0.851853,40.932964],[0.851911,40.9328],[0.851914,40.932791],[0.851993,40.93264],[0.852141,40.932357],[0.852242,40.932218],[0.852349,40.932071],[0.852322,40.932041],[0.852295,40.932011],[0.852259,40.931968],[0.852228,40.931923],[0.852212,40.931892],[0.852189,40.931842],[0.852183,40.931826],[0.85217,40.931792],[0.852169,40.931789],[0.852158,40.931758],[0.852142,40.931712],[0.852129,40.931671],[0.852127,40.931667],[0.851642,40.931335],[0.85156,40.931212],[0.851413,40.930991],[0.851404,40.930967],[0.851395,40.930944],[0.851386,40.93093],[0.851369,40.93092],[0.851357,40.930917],[0.851327,40.930917],[0.851297,40.930919],[0.851269,40.93092],[0.851227,40.930917],[0.851191,40.930908],[0.851154,40.930888],[0.851117,40.930867],[0.851089,40.930853],[0.851061,40.930838],[0.85092,40.930771],[0.850895,40.930755],[0.850884,40.930745],[0.850859,40.930717],[0.850835,40.930689],[0.850922,40.930004],[0.850799,40.929913],[0.85062,40.929827],[0.850491,40.929781],[0.850413,40.929787],[0.850267,40.929472],[0.850149,40.929258]]]]}},{"type":"Feature","id":"430136_430136 AP13 BEB 2","properties":{"area_id":"430136_430136 AP13 BEB 2","nom":"Carretillana","codi_icgc":"430136 AP13 BEB 2","categoria":"Àrees de poblament","codi_municipi":"430136","municipi":"l'Ametlla de Mar","codi_comarca":"09","comarca":"Baix Ebre","provincia":"Tarragona","font":"ICGC Àrees de poblament v3r1 202602"},"geometry":{"type":"MultiPolygon","coordinates":[[[[0.754579,40.853618],[0.754384,40.853564],[0.754253,40.853496],[0.754085,40.853379],[0.753841,40.853163],[0.753708,40.853015],[0.753611,40.853004],[0.753561,40.853074],[0.753463,40.853194],[0.75331,40.853209],[0.753141,40.853438],[0.753269,40.853482],[0.753174,40.853618],[0.753527,40.853958],[0.753561,40.854],[0.753455,40.854013],[0.753403,40.854048],[0.75333,40.854112],[0.7533,40.854192],[0.753288,40.85432],[0.753671,40.854369],[0.753615,40.854508],[0.753751,40.854534],[0.753742,40.854597],[0.753661,40.854767],[0.75373,40.854793],[0.753709,40.854857],[0.753723,40.854882],[0.753637,40.855035],[0.753731,40.855051],[0.753849,40.855049],[0.753827,40.855142],[0.753835,40.855185],[0.753943,40.855191],[0.753933,40.855219],[0.753916,40.855301],[0.753847,40.855392],[0.753931,40.855416],[0.754095,40.85544],[0.754327,40.855496],[0.75447,40.855525],[0.754601,40.855539],[0.754708,40.85553],[0.754791,40.855507],[0.754845,40.855475],[0.75488,40.855452],[0.754937,40.855358],[0.755077,40.855122],[0.755181,40.854918],[0.755281,40.854739],[0.755421,40.854489],[0.755518,40.854306],[0.755571,40.854146],[0.755605,40.853972],[0.755665,40.853737],[0.755706,40.85362],[0.755821,40.853443],[0.756019,40.853136],[0.756119,40.852954],[0.756135,40.852932],[0.756148,40.852924],[0.756183,40.852919],[0.756202,40.852895],[0.756261,40.85278],[0.755735,40.852594],[0.755614,40.852534],[0.755517,40.852506],[0.75539,40.852477],[0.75519,40.85259],[0.755112,40.852654],[0.755077,40.852751],[0.75502,40.852824],[0.754827,40.852719],[0.754759,40.852983],[0.754911,40.85303],[0.754881,40.853083],[0.754868,40.853128],[0.754902,40.853167],[0.754999,40.853196],[0.754995,40.853327],[0.755075,40.853394],[0.755032,40.853506],[0.754968,40.853648],[0.754936,40.85366],[0.75486,40.853657],[0.754579,40.853618]]]]}},{"type":"Feature","id":"430136_430136 AP09 BEB 1","properties":{"area_id":"430136_430136 AP09 BEB 1","nom":"Marina de Sant Jordi","codi_icgc":"430136 AP09 BEB 1","categoria":"Àrees de poblament","codi_municipi":"430136","municipi":"l'Ametlla de Mar","codi_comarca":"09","comarca":"Baix Ebre","provincia":"Tarragona","font":"ICGC Àrees de poblament v3r1 202602"},"geometry":{"type":"MultiPolygon","coordinates":[[[[0.834424,40.919908],[0.835131,40.919687],[0.835326,40.919619],[0.835508,40.919536],[0.835351,40.918704],[0.834786,40.91877],[0.834743,40.918669],[0.834641,40.918477],[0.83455,40.918303],[0.834483,40.918175],[0.834367,40.917955],[0.834357,40.917935],[0.83432,40.917881],[0.834302,40.91782],[0.834299,40.917778],[0.834301,40.917759],[0.834303,40.917736],[0.834315,40.917696],[0.834335,40.917656],[0.834368,40.917578],[0.835312,40.917453],[0.835273,40.91719],[0.83448,40.917311],[0.83453,40.917194],[0.834598,40.91704],[0.834607,40.917021],[0.834587,40.916807],[0.834586,40.916782],[0.83458,40.916735],[0.834566,40.916717],[0.834553,40.916708],[0.834546,40.916703],[0.834521,40.916694],[0.834494,40.91669],[0.834467,40.916692],[0.834441,40.916699],[0.834417,40.916708],[0.834376,40.916723],[0.834173,40.916796],[0.833901,40.916894],[0.833747,40.91695],[0.833551,40.917021],[0.833382,40.917082],[0.833141,40.917163],[0.833132,40.917165],[0.832973,40.917224],[0.832617,40.917357],[0.832123,40.917493],[0.832093,40.917501],[0.83207,40.917511],[0.832051,40.917525],[0.832038,40.917543],[0.832034,40.917583],[0.832043,40.917602],[0.832058,40.917619],[0.832081,40.917705],[0.832165,40.917729],[0.832246,40.917754],[0.832323,40.917783],[0.8324,40.917819],[0.832474,40.91786],[0.832523,40.917887],[0.832559,40.917909],[0.832592,40.917932],[0.832644,40.917976],[0.832693,40.918022],[0.832787,40.918117],[0.832979,40.918321],[0.833056,40.918401],[0.833063,40.918409],[0.833071,40.918417],[0.833103,40.918451],[0.833172,40.918523],[0.833375,40.918731],[0.833564,40.918925],[0.833577,40.918939],[0.833632,40.918996],[0.833687,40.919053],[0.833738,40.919109],[0.833783,40.919166],[0.833792,40.919181],[0.833864,40.919295],[0.83394,40.919427],[0.83399,40.919519],[0.834039,40.919611],[0.834089,40.919711],[0.834126,40.919801],[0.834132,40.919814],[0.834147,40.919858],[0.834166,40.919912],[0.834182,40.919956],[0.834287,40.919954],[0.83432,40.91994],[0.834424,40.919908]]]]}},{"type":"Feature","id":"430136_430136 SI01 BEB 2","properties":{"area_id":"430136_430136 SI01 BEB 2","nom":"Polígon industrial Les Creuetes","codi_icgc":"430136 SI01 BEB 2","categoria":"Sector industrial","codi_municipi":"430136","municipi":"l'Ametlla de Mar","codi_comarca":"09","comarca":"Baix Ebre","provincia":"Tarragona","font":"ICGC Àrees de poblament v3r1 202602"},"geometry":{"type":"MultiPolygon","coordinates":[[[[0.781604,40.897165],[0.781637,40.897176],[0.782366,40.897516],[0.782856,40.89731],[0.78294,40.897282],[0.782988,40.897267],[0.7832,40.897264],[0.783269,40.897261],[0.783333,40.897237],[0.783378,40.897215],[0.783617,40.897043],[0.782481,40.896456],[0.781858,40.896147],[0.78197,40.895909],[0.78199,40.895875],[0.782076,40.895724],[0.782095,40.895626],[0.782099,40.895419],[0.782197,40.895307],[0.782285,40.895186],[0.782422,40.894998],[0.782589,40.894846],[0.782642,40.894797],[0.782938,40.894504],[0.782955,40.894491],[0.783047,40.894534],[0.783148,40.894581],[0.783155,40.894585],[0.783195,40.894594],[0.78321,40.894597],[0.783213,40.894598],[0.783229,40.894583],[0.783245,40.894569],[0.783249,40.894563],[0.783272,40.894527],[0.783308,40.894473],[0.783436,40.894332],[0.783513,40.89417],[0.783515,40.894166],[0.783603,40.893958],[0.783637,40.893661],[0.783642,40.893561],[0.783641,40.893548],[0.783627,40.893439],[0.783562,40.893421],[0.783495,40.89341],[0.783427,40.893406],[0.783358,40.893408],[0.78332,40.893413],[0.783282,40.893419],[0.783262,40.893424],[0.783219,40.893435],[0.782904,40.893727],[0.782756,40.893709],[0.781983,40.893578],[0.781547,40.893483],[0.781407,40.893451],[0.781284,40.893487],[0.781171,40.893461],[0.781029,40.893474],[0.780946,40.893481],[0.780822,40.89352],[0.780772,40.893574],[0.780666,40.893686],[0.779344,40.893787],[0.779388,40.893715],[0.779431,40.893642],[0.779455,40.893577],[0.779424,40.89356],[0.779324,40.893504],[0.779295,40.893487],[0.779265,40.893491],[0.778456,40.893599],[0.77842,40.893604],[0.778385,40.893612],[0.778353,40.893619],[0.778418,40.89379],[0.778712,40.893818],[0.778846,40.894254],[0.778859,40.894325],[0.778808,40.894376],[0.778811,40.894379],[0.778788,40.894397],[0.778787,40.894398],[0.778772,40.894408],[0.778765,40.894419],[0.778709,40.894506],[0.778636,40.894618],[0.778629,40.894629],[0.778701,40.894691],[0.778716,40.894704],[0.778729,40.894721],[0.77881,40.894808],[0.779033,40.895001],[0.779034,40.895004],[0.77904,40.895008],[0.779152,40.895157],[0.779153,40.895159],[0.779492,40.895278],[0.779972,40.895421],[0.780001,40.895497],[0.78,40.895531],[0.78,40.895535],[0.779999,40.895585],[0.779997,40.895635],[0.779994,40.895738],[0.779993,40.895774],[0.779985,40.895875],[0.779979,40.895893],[0.779967,40.895926],[0.77994,40.895974],[0.779901,40.896026],[0.779875,40.89606],[0.779854,40.896086],[0.779823,40.896117],[0.779776,40.896155],[0.779744,40.89617],[0.779699,40.896181],[0.779615,40.896193],[0.779544,40.89621],[0.779491,40.896226],[0.779467,40.896237],[0.779433,40.896265],[0.779383,40.896309],[0.779327,40.896353],[0.77929,40.896376],[0.779509,40.896519],[0.779803,40.896691],[0.780277,40.896949],[0.780498,40.896738],[0.78068,40.896821],[0.780882,40.896896],[0.781002,40.896941],[0.781604,40.897165]]]]}},{"type":"Feature","id":"430136_430136 AP02 BEB 3","properties":{"area_id":"430136_430136 AP02 BEB 3","nom":"Racons","codi_icgc":"430136 AP02 BEB 3","categoria":"Àrees de poblament","codi_municipi":"430136","municipi":"l'Ametlla de Mar","codi_comarca":"09","comarca":"Baix Ebre","provincia":"Tarragona","font":"ICGC Àrees de poblament v3r1 202602"},"geometry":{"type":"MultiPolygon","coordinates":[[[[0.764823,40.85672],[0.764735,40.856721],[0.764715,40.856736],[0.764677,40.856752],[0.764641,40.856774],[0.764629,40.856786],[0.76459,40.856814],[0.76454,40.856849],[0.7645,40.85686],[0.764462,40.856855],[0.764434,40.856836],[0.764395,40.856807],[0.764352,40.856773],[0.764293,40.856719],[0.764234,40.856663],[0.764167,40.856599],[0.7641,40.856535],[0.764037,40.856465],[0.763976,40.856392],[0.763924,40.856333],[0.76387,40.856275],[0.76383,40.856236],[0.76379,40.856198],[0.76374,40.856146],[0.763684,40.85609],[0.763688,40.856068],[0.763675,40.856057],[0.763636,40.856026],[0.7636,40.855996],[0.763554,40.855948],[0.76341,40.855792],[0.763384,40.855763],[0.763343,40.855783],[0.763334,40.855787],[0.763199,40.855821],[0.763133,40.855838],[0.76306,40.855863],[0.762882,40.855925],[0.762991,40.856085],[0.763049,40.856187],[0.76307,40.856223],[0.762848,40.856272],[0.76289,40.856346],[0.762641,40.856404],[0.762517,40.856448],[0.762476,40.856463],[0.76252,40.856499],[0.762587,40.856555],[0.762631,40.85659],[0.762741,40.85668],[0.762811,40.856736],[0.762852,40.856768],[0.762893,40.856799],[0.762895,40.85682],[0.762671,40.856951],[0.76273,40.857135],[0.762814,40.857246],[0.76286,40.857295],[0.763079,40.857602],[0.763259,40.857894],[0.763583,40.858157],[0.763639,40.858179],[0.763678,40.858217],[0.763884,40.858435],[0.763908,40.858463],[0.763904,40.858472],[0.7639,40.85848],[0.763891,40.858491],[0.763879,40.858499],[0.763853,40.858507],[0.763826,40.858513],[0.763799,40.85852],[0.763787,40.858524],[0.763773,40.858532],[0.763763,40.858541],[0.763759,40.858548],[0.763759,40.858555],[0.763762,40.858561],[0.763777,40.858575],[0.763761,40.858583],[0.763772,40.858595],[0.763988,40.858901],[0.764006,40.858925],[0.763865,40.858995],[0.763752,40.859082],[0.763827,40.85916],[0.764142,40.859027],[0.764099,40.858977],[0.7643,40.858882],[0.764347,40.858937],[0.764685,40.858783],[0.764535,40.858628],[0.764558,40.85861],[0.764583,40.858597],[0.764522,40.858558],[0.764458,40.858506],[0.764577,40.858394],[0.764656,40.858344],[0.764665,40.858349],[0.764703,40.858298],[0.764602,40.858208],[0.764616,40.858188],[0.764639,40.858182],[0.764691,40.858182],[0.764823,40.858196],[0.764922,40.858211],[0.765034,40.85823],[0.765065,40.858209],[0.765128,40.858174],[0.765194,40.858142],[0.76526,40.85811],[0.765402,40.858041],[0.765497,40.857997],[0.765584,40.857957],[0.765654,40.857926],[0.765766,40.857881],[0.765784,40.857876],[0.765864,40.857811],[0.765886,40.85779],[0.765891,40.857776],[0.765889,40.857761],[0.765883,40.857744],[0.765871,40.857728],[0.765824,40.857694],[0.765589,40.857533],[0.765569,40.857521],[0.765557,40.857518],[0.765537,40.857525],[0.765519,40.857535],[0.765444,40.857583],[0.765416,40.857558],[0.765412,40.85756],[0.765403,40.857542],[0.765381,40.857523],[0.765362,40.857507],[0.765321,40.857472],[0.765253,40.857414],[0.765185,40.857356],[0.765158,40.857332],[0.765117,40.8573],[0.765091,40.8573],[0.765121,40.857276],[0.765167,40.85725],[0.765215,40.857223],[0.765239,40.857204],[0.765271,40.857154],[0.765218,40.857112],[0.765163,40.857069],[0.765107,40.857029],[0.765045,40.856984],[0.764982,40.856939],[0.765039,40.856904],[0.764823,40.85672]]]]}},{"type":"Feature","id":"430136_430136 AP08 BEB 3","properties":{"area_id":"430136_430136 AP08 BEB 3","nom":"Sant Jordi d'Alfama","codi_icgc":"430136 AP08 BEB 3","categoria":"Àrees de poblament","codi_municipi":"430136","municipi":"l'Ametlla de Mar","codi_comarca":"09","comarca":"Baix Ebre","provincia":"Tarragona","font":"ICGC Àrees de poblament v3r1 202602"},"geometry":{"type":"MultiPolygon","coordinates":[[[[0.831823,40.916893],[0.832049,40.916788],[0.832208,40.916972],[0.83253,40.917072],[0.832615,40.91724],[0.832662,40.917224],[0.832712,40.917205],[0.832957,40.917115],[0.833202,40.917025],[0.833405,40.916954],[0.833423,40.916948],[0.833608,40.916883],[0.833771,40.916827],[0.833806,40.916815],[0.833817,40.916811],[0.833829,40.916807],[0.833933,40.916771],[0.834057,40.916727],[0.834109,40.916708],[0.834138,40.916697],[0.834179,40.916682],[0.834215,40.916667],[0.834239,40.916654],[0.834586,40.916589],[0.834916,40.916478],[0.835135,40.916405],[0.835193,40.916385],[0.83557,40.916251],[0.835835,40.916157],[0.836078,40.91607],[0.83617,40.916035],[0.836232,40.916025],[0.836159,40.915872],[0.836203,40.915861],[0.8361,40.915702],[0.836047,40.915605],[0.836025,40.915517],[0.836004,40.915413],[0.835986,40.915348],[0.835976,40.915335],[0.83596,40.915333],[0.835946,40.915335],[0.835931,40.91534],[0.835885,40.915359],[0.83584,40.915366],[0.835817,40.915367],[0.835798,40.915363],[0.835749,40.915362],[0.835632,40.915381],[0.835383,40.915419],[0.835101,40.915461],[0.835032,40.915468],[0.834947,40.915463],[0.83486,40.915439],[0.834733,40.9154],[0.83469,40.915398],[0.834665,40.915402],[0.834657,40.915408],[0.834652,40.915428],[0.83466,40.915451],[0.834677,40.915459],[0.834698,40.915469],[0.834752,40.915495],[0.834781,40.915514],[0.834786,40.915514],[0.834794,40.915522],[0.83481,40.915536],[0.834835,40.915565],[0.834838,40.915571],[0.834846,40.915589],[0.834845,40.915619],[0.834839,40.915637],[0.834834,40.915654],[0.834832,40.915657],[0.834778,40.91575],[0.834755,40.915788],[0.834693,40.915896],[0.834677,40.91592],[0.834664,40.915939],[0.834649,40.915976],[0.834646,40.915984],[0.834625,40.916037],[0.834561,40.91619],[0.834498,40.916319],[0.834444,40.91642],[0.834402,40.9165],[0.834391,40.916502],[0.834371,40.916506],[0.83387,40.91622],[0.833797,40.916267],[0.833688,40.916336],[0.833508,40.916468],[0.833303,40.916334],[0.833267,40.916276],[0.833181,40.916235],[0.833229,40.916209],[0.83335,40.916141],[0.833402,40.916077],[0.833459,40.91599],[0.833696,40.915649],[0.833896,40.915361],[0.834055,40.915125],[0.833942,40.915096],[0.834287,40.914934],[0.834614,40.914788],[0.834645,40.914637],[0.834329,40.914376],[0.834352,40.914287],[0.834358,40.914184],[0.834363,40.914109],[0.834015,40.913941],[0.83386,40.913856],[0.833799,40.913774],[0.83368,40.91357],[0.833653,40.913554],[0.833563,40.913547],[0.833282,40.913494],[0.833122,40.913467],[0.833081,40.913362],[0.83293,40.913342],[0.832758,40.913321],[0.83264,40.913298],[0.83252,40.913279],[0.832428,40.913266],[0.832309,40.913221],[0.832249,40.913199],[0.832196,40.913198],[0.832057,40.913142],[0.832019,40.913088],[0.831988,40.913044],[0.831942,40.912986],[0.831941,40.912948],[0.831941,40.912942],[0.832319,40.912832],[0.832326,40.912829],[0.832371,40.912738],[0.832405,40.91267],[0.832407,40.912665],[0.831879,40.912525],[0.831817,40.91257],[0.831803,40.912699],[0.831792,40.912737],[0.831786,40.912742],[0.831703,40.912825],[0.831692,40.91289],[0.831675,40.913066],[0.831674,40.91308],[0.831666,40.9131],[0.831651,40.913116],[0.831631,40.91313],[0.831487,40.913179],[0.830402,40.913561],[0.829606,40.913846],[0.829344,40.913934],[0.82886,40.914105],[0.827981,40.914415],[0.827842,40.91447],[0.827939,40.914574],[0.82803,40.914665],[0.828114,40.914745],[0.828198,40.914826],[0.828317,40.914949],[0.828537,40.91518],[0.828813,40.915473],[0.829091,40.915766],[0.829328,40.916011],[0.829564,40.916255],[0.829833,40.916534],[0.829999,40.916708],[0.830101,40.916813],[0.830384,40.917108],[0.830667,40.917403],[0.830679,40.917413],[0.830689,40.91742],[0.830701,40.917428],[0.830726,40.917439],[0.830739,40.917442],[0.830752,40.917442],[0.830758,40.917441],[0.830796,40.917429],[0.830822,40.917416],[0.830924,40.917361],[0.831024,40.917307],[0.831117,40.917261],[0.831164,40.917239],[0.831212,40.917219],[0.831283,40.91719],[0.831354,40.91716],[0.83143,40.917132],[0.831468,40.917098],[0.831518,40.917066],[0.831619,40.917003],[0.831678,40.916967],[0.831788,40.91691],[0.831823,40.916893]]],[[[0.800504,40.929925],[0.800616,40.929851],[0.800731,40.929781],[0.800824,40.929729],[0.800968,40.929655],[0.801039,40.929617],[0.801107,40.929576],[0.80116,40.929537],[0.80121,40.929568],[0.80135,40.929818],[0.801636,40.930248],[0.801753,40.93015],[0.801857,40.930071],[0.802007,40.930074],[0.802137,40.930129],[0.802242,40.930002],[0.802249,40.929993],[0.802343,40.929824],[0.802191,40.929769],[0.802195,40.929174],[0.802192,40.929124],[0.802189,40.929083],[0.802705,40.928664],[0.803182,40.928692],[0.803829,40.928523],[0.804343,40.92819],[0.804536,40.928032],[0.804775,40.928036],[0.805407,40.927915],[0.805663,40.927796],[0.805355,40.92759],[0.805701,40.927396],[0.805787,40.927237],[0.805957,40.927258],[0.806292,40.927035],[0.806358,40.926903],[0.806813,40.926691],[0.806894,40.926628],[0.806595,40.926137],[0.807301,40.925693],[0.808302,40.925445],[0.808531,40.925354],[0.809031,40.925449],[0.808888,40.92621],[0.808479,40.926685],[0.808439,40.92671],[0.808386,40.926736],[0.80833,40.92676],[0.808109,40.926847],[0.807887,40.926931],[0.807736,40.926985],[0.806786,40.927469],[0.806688,40.927547],[0.806376,40.927796],[0.805848,40.928219],[0.805826,40.928247],[0.805816,40.928275],[0.805816,40.928302],[0.805827,40.928345],[0.805839,40.928385],[0.805856,40.928436],[0.805873,40.928483],[0.805875,40.928509],[0.805863,40.928535],[0.805855,40.928546],[0.805843,40.928557],[0.805789,40.928598],[0.805728,40.928633],[0.805652,40.928671],[0.805575,40.92871],[0.805456,40.92876],[0.80415,40.929364],[0.80418,40.929443],[0.804428,40.929783],[0.804664,40.929883],[0.805547,40.929385],[0.805647,40.929519],[0.806166,40.929292],[0.806086,40.929209],[0.80656,40.928885],[0.806603,40.928878],[0.80663,40.928877],[0.806657,40.928879],[0.806687,40.928889],[0.806742,40.928914],[0.806796,40.928935],[0.806797,40.928935],[0.806824,40.928945],[0.80685,40.928955],[0.80685,40.928955],[0.806901,40.92897],[0.806952,40.928984],[0.807009,40.928998],[0.807037,40.929003],[0.807066,40.929005],[0.807128,40.929],[0.807189,40.928994],[0.807252,40.928989],[0.807316,40.928986],[0.807347,40.928991],[0.807369,40.928998],[0.807399,40.929014],[0.807424,40.929036],[0.807446,40.929067],[0.807475,40.929116],[0.807498,40.929166],[0.807537,40.929268],[0.807556,40.929319],[0.807577,40.929369],[0.807586,40.929387],[0.807604,40.929423],[0.807611,40.929453],[0.807616,40.929483],[0.807616,40.929518],[0.807614,40.929553],[0.807577,40.929609],[0.807555,40.929641],[0.80799,40.929568],[0.808001,40.929582],[0.809832,40.92905],[0.810307,40.928906],[0.810348,40.928894],[0.810489,40.928855],[0.810632,40.928815],[0.810735,40.928785],[0.810841,40.928756],[0.810901,40.928737],[0.81096,40.928715],[0.811016,40.92869],[0.811072,40.928665],[0.811122,40.928637],[0.811166,40.928602],[0.811192,40.928574],[0.811218,40.928535],[0.811242,40.928497],[0.811279,40.92842],[0.811313,40.928337],[0.811347,40.928255],[0.811428,40.928092],[0.811495,40.927927],[0.811563,40.927759],[0.811632,40.927592],[0.811675,40.927496],[0.811704,40.927387],[0.81171,40.927346],[0.811719,40.927293],[0.811736,40.927228],[0.811754,40.927189],[0.811776,40.927148],[0.8118,40.927114],[0.811828,40.927081],[0.811891,40.927012],[0.811928,40.926978],[0.811975,40.926928],[0.812045,40.926821],[0.812117,40.926712],[0.812143,40.926665],[0.812161,40.926614],[0.812168,40.92658],[0.812182,40.926475],[0.812196,40.926373],[0.812209,40.926291],[0.812227,40.926211],[0.812245,40.926161],[0.812263,40.926112],[0.812299,40.926008],[0.812315,40.92597],[0.812327,40.925925],[0.812353,40.92586],[0.812374,40.925809],[0.812386,40.925784],[0.811362,40.92527],[0.811367,40.925233],[0.81153,40.924777],[0.811539,40.924715],[0.811568,40.924633],[0.811581,40.924609],[0.811596,40.924583],[0.811678,40.92452],[0.811689,40.924511],[0.81177,40.924448],[0.811873,40.92441],[0.812005,40.924513],[0.812088,40.924595],[0.812126,40.924632],[0.812165,40.924667],[0.812195,40.924698],[0.812224,40.924728],[0.812256,40.924764],[0.812272,40.924782],[0.812288,40.924799],[0.812316,40.924829],[0.812344,40.924857],[0.812406,40.924913],[0.812436,40.92494],[0.812462,40.924969],[0.812477,40.924989],[0.812505,40.925021],[0.812537,40.925054],[0.812587,40.925099],[0.812625,40.925126],[0.812675,40.925156],[0.812724,40.925185],[0.812889,40.925266],[0.812882,40.925261],[0.812888,40.925247],[0.812962,40.925126],[0.813163,40.924826],[0.813367,40.924527],[0.813449,40.924407],[0.813574,40.924227],[0.8137,40.924048],[0.813735,40.924001],[0.813793,40.923933],[0.813858,40.923869],[0.813881,40.92385],[0.813929,40.923822],[0.814005,40.923784],[0.814041,40.923763],[0.814074,40.92374],[0.8142,40.923629],[0.81432,40.923514],[0.814383,40.923449],[0.81444,40.923381],[0.814472,40.923333],[0.814518,40.923247],[0.814579,40.923114],[0.814613,40.923049],[0.814653,40.922986],[0.814837,40.92274],[0.814893,40.922665],[0.813758,40.922353],[0.814503,40.921476],[0.815504,40.921728],[0.815562,40.921645],[0.815724,40.92143],[0.815853,40.921261],[0.815245,40.921014],[0.815476,40.92056],[0.815824,40.9203],[0.816472,40.920026],[0.816398,40.919907],[0.81614,40.919663],[0.816101,40.919626],[0.816075,40.919601],[0.815817,40.919736],[0.815824,40.919746],[0.81589,40.919836],[0.815974,40.919935],[0.815825,40.919979],[0.815938,40.920149],[0.815915,40.920159],[0.815826,40.920181],[0.815647,40.920165],[0.815334,40.920214],[0.815297,40.920212],[0.815256,40.920209],[0.815315,40.920334],[0.815333,40.920459],[0.815326,40.920508],[0.815313,40.920566],[0.815288,40.920651],[0.815257,40.920736],[0.815249,40.920755],[0.815104,40.92102],[0.815076,40.921058],[0.815028,40.921112],[0.814971,40.921161],[0.814921,40.921194],[0.814838,40.921237],[0.814753,40.921277],[0.814727,40.921287],[0.814621,40.921311],[0.814568,40.921327],[0.814541,40.92134],[0.814518,40.921355],[0.814446,40.921412],[0.814431,40.921421],[0.814411,40.921427],[0.814389,40.921431],[0.813667,40.921115],[0.813391,40.921327],[0.8132,40.921476],[0.813137,40.921553],[0.813124,40.921585],[0.813,40.921756],[0.813041,40.921789],[0.813359,40.922042],[0.813143,40.922335],[0.813034,40.92238],[0.812858,40.922386],[0.812694,40.922412],[0.812562,40.92261],[0.812277,40.922852],[0.811616,40.923459],[0.811435,40.923627],[0.811972,40.923956],[0.811757,40.924285],[0.811707,40.924362],[0.811661,40.924431],[0.811648,40.924441],[0.811631,40.924446],[0.811613,40.92445],[0.811596,40.924447],[0.811554,40.92443],[0.811513,40.924412],[0.811496,40.924406],[0.811415,40.924379],[0.811316,40.924347],[0.81122,40.924319],[0.811124,40.924293],[0.811043,40.924284],[0.810962,40.924274],[0.81091,40.92427],[0.810885,40.924271],[0.81086,40.924275],[0.810827,40.924283],[0.810795,40.92429],[0.810754,40.924298],[0.810698,40.924313],[0.810645,40.92433],[0.810611,40.924344],[0.810553,40.92437],[0.810496,40.924397],[0.810491,40.924399],[0.810438,40.924431],[0.810392,40.924468],[0.810365,40.924497],[0.810353,40.924515],[0.810304,40.924572],[0.810264,40.92463],[0.810242,40.924668],[0.810216,40.924726],[0.810203,40.924753],[0.810185,40.924778],[0.81017,40.924796],[0.810154,40.924815],[0.810121,40.92482],[0.810109,40.924821],[0.810089,40.924824],[0.81008,40.924825],[0.810059,40.924827],[0.810049,40.924826],[0.810028,40.924824],[0.80998,40.924814],[0.809931,40.924804],[0.809817,40.924758],[0.809704,40.924711],[0.809578,40.924656],[0.809451,40.924601],[0.809402,40.924584],[0.809355,40.924564],[0.809316,40.924547],[0.809261,40.924535],[0.809243,40.924525],[0.809184,40.924495],[0.809142,40.924477],[0.809071,40.924451],[0.809034,40.924437],[0.809034,40.924437],[0.809005,40.924401],[0.808934,40.924333],[0.808907,40.924307],[0.808992,40.924185],[0.809099,40.924031],[0.809256,40.923804],[0.809413,40.923577],[0.809536,40.923394],[0.809659,40.923211],[0.809714,40.923133],[0.809745,40.923096],[0.809778,40.923059],[0.809837,40.923],[0.809896,40.92294],[0.809954,40.922891],[0.810011,40.922841],[0.810103,40.922766],[0.810148,40.922741],[0.81018,40.922726],[0.810221,40.922713],[0.81025,40.922709],[0.810613,40.922909],[0.81075,40.92294],[0.810855,40.922809],[0.810998,40.922659],[0.811127,40.922576],[0.811293,40.922502],[0.810797,40.922265],[0.810937,40.922088],[0.811028,40.922015],[0.811244,40.92184],[0.811387,40.921725],[0.811599,40.92155],[0.81181,40.921374],[0.811972,40.921237],[0.812135,40.921101],[0.812791,40.920553],[0.812895,40.920532],[0.813253,40.920721],[0.813828,40.920143],[0.813841,40.92013],[0.813893,40.920078],[0.813745,40.920031],[0.813547,40.919996],[0.813426,40.92001],[0.813417,40.920004],[0.813481,40.919643],[0.813435,40.919618],[0.813251,40.919421],[0.813163,40.919348],[0.813097,40.919323],[0.813056,40.919268],[0.812905,40.919188],[0.812649,40.9191],[0.812592,40.919286],[0.812833,40.919359],[0.812883,40.919418],[0.812835,40.919482],[0.812823,40.919583],[0.812782,40.919652],[0.812663,40.919636],[0.812529,40.919875],[0.812423,40.920016],[0.812109,40.920179],[0.811981,40.920215],[0.811628,40.920265],[0.811324,40.920295],[0.811333,40.920343],[0.811345,40.920404],[0.81136,40.920485],[0.811515,40.920508],[0.811651,40.920534],[0.811724,40.920583],[0.811828,40.920654],[0.812057,40.920923],[0.812069,40.921035],[0.811993,40.921095],[0.811299,40.920858],[0.810987,40.921136],[0.811176,40.921255],[0.811093,40.921275],[0.811006,40.921288],[0.810919,40.92131],[0.810847,40.921332],[0.81071,40.921446],[0.81055,40.921288],[0.810427,40.921351],[0.81008,40.921151],[0.810138,40.921042],[0.810451,40.920666],[0.810427,40.920678],[0.810346,40.920719],[0.810012,40.920605],[0.809675,40.921076],[0.809418,40.920957],[0.808859,40.92139],[0.809359,40.921847],[0.809332,40.921904],[0.808667,40.922635],[0.808337,40.922343],[0.807556,40.922766],[0.807327,40.922476],[0.806474,40.922035],[0.806006,40.922511],[0.805893,40.922518],[0.805576,40.92298],[0.805395,40.923304],[0.805383,40.923304],[0.805357,40.923296],[0.805339,40.923285],[0.805248,40.92321],[0.805151,40.923127],[0.805021,40.92301],[0.804892,40.922892],[0.804856,40.922858],[0.804845,40.922845],[0.804841,40.922835],[0.804841,40.922819],[0.80502,40.922683],[0.806048,40.921997],[0.806112,40.921598],[0.805863,40.921525],[0.805539,40.921354],[0.805275,40.921357],[0.804866,40.921485],[0.804744,40.921447],[0.80513,40.921196],[0.805338,40.920904],[0.805331,40.920897],[0.804938,40.920622],[0.805226,40.920422],[0.804896,40.920105],[0.804613,40.920187],[0.803983,40.920595],[0.803687,40.920684],[0.804161,40.921135],[0.804047,40.921169],[0.803978,40.921246],[0.803918,40.921345],[0.803874,40.92153],[0.80374,40.921885],[0.802944,40.921002],[0.802262,40.921334],[0.801895,40.921301],[0.801817,40.921375],[0.801818,40.921434],[0.801825,40.921516],[0.801828,40.921596],[0.801821,40.92177],[0.801813,40.921945],[0.801807,40.922115],[0.801801,40.922285],[0.801801,40.922355],[0.801806,40.92246],[0.801791,40.922504],[0.801778,40.922547],[0.801837,40.922758],[0.801374,40.922785],[0.801284,40.92264],[0.801225,40.922535],[0.801206,40.922498],[0.801181,40.922467],[0.801154,40.922437],[0.801091,40.92242],[0.800982,40.922402],[0.800873,40.922384],[0.800823,40.922371],[0.800715,40.922374],[0.800628,40.92239],[0.800454,40.922434],[0.800448,40.922435],[0.800424,40.922442],[0.800381,40.922453],[0.800313,40.922469],[0.800245,40.922482],[0.800162,40.922495],[0.800077,40.922507],[0.799984,40.92252],[0.79989,40.922534],[0.799808,40.922545],[0.799797,40.922547],[0.799789,40.922542],[0.799783,40.922536],[0.79978,40.92252],[0.799781,40.922502],[0.799846,40.922475],[0.799912,40.922448],[0.800034,40.922393],[0.800151,40.92233],[0.800216,40.922292],[0.800296,40.922244],[0.800375,40.922197],[0.800457,40.922144],[0.800535,40.922086],[0.800582,40.922043],[0.800649,40.921973],[0.800637,40.921966],[0.800602,40.921944],[0.800571,40.921925],[0.800563,40.921922],[0.800558,40.921917],[0.800547,40.921905],[0.800511,40.921873],[0.800474,40.921841],[0.800428,40.921783],[0.800384,40.921725],[0.800343,40.921667],[0.800302,40.921609],[0.800275,40.921565],[0.800264,40.921537],[0.800258,40.921537],[0.799905,40.921525],[0.799875,40.921533],[0.799866,40.921534],[0.79982,40.921541],[0.799794,40.921549],[0.799772,40.921559],[0.799749,40.921572],[0.799728,40.921583],[0.799718,40.921597],[0.799699,40.921624],[0.799669,40.921653],[0.799612,40.921713],[0.799564,40.921778],[0.799518,40.921848],[0.799473,40.921918],[0.799432,40.921993],[0.799385,40.922066],[0.799346,40.922124],[0.799305,40.92218],[0.799279,40.922213],[0.799218,40.922291],[0.79917,40.92235],[0.799123,40.92241],[0.799091,40.92245],[0.799041,40.922484],[0.799027,40.922502],[0.798932,40.922429],[0.798831,40.922336],[0.798793,40.922295],[0.798791,40.922299],[0.798696,40.922212],[0.798561,40.92252],[0.798513,40.922636],[0.79851,40.922643],[0.79838,40.922761],[0.798358,40.922781],[0.79825,40.922837],[0.798059,40.922936],[0.798178,40.923039],[0.798283,40.923123],[0.798319,40.923161],[0.79835,40.923194],[0.798419,40.92313],[0.79842,40.923129],[0.798446,40.923117],[0.798475,40.923103],[0.79847,40.9231],[0.798459,40.923093],[0.798491,40.923062],[0.7986,40.922957],[0.798701,40.922861],[0.798804,40.922766],[0.798857,40.922717],[0.798937,40.922645],[0.798962,40.922623],[0.799129,40.922467],[0.799161,40.922427],[0.799209,40.922368],[0.799256,40.922308],[0.799344,40.922197],[0.799386,40.92214],[0.799425,40.922081],[0.799471,40.922023],[0.799483,40.922018],[0.799609,40.922126],[0.799896,40.922359],[0.799857,40.922386],[0.799802,40.922418],[0.799774,40.922433],[0.799578,40.922552],[0.799656,40.922623],[0.800056,40.922565],[0.800056,40.922565],[0.80009,40.92256],[0.800092,40.922559],[0.800175,40.922547],[0.80026,40.922534],[0.800332,40.922521],[0.800403,40.922504],[0.800409,40.922502],[0.800439,40.922494],[0.800463,40.922488],[0.800471,40.922486],[0.800528,40.922471],[0.80054,40.922468],[0.800609,40.922451],[0.800697,40.922449],[0.800625,40.922477],[0.800543,40.922544],[0.800459,40.922667],[0.800345,40.92283],[0.800225,40.922906],[0.800154,40.922951],[0.799792,40.923118],[0.79971,40.923162],[0.799635,40.923202],[0.799569,40.923462],[0.79949,40.923774],[0.799579,40.92379],[0.799378,40.924186],[0.799343,40.924344],[0.799545,40.924358],[0.799543,40.924398],[0.799542,40.924438],[0.799539,40.924468],[0.79954,40.924497],[0.799548,40.924515],[0.799557,40.924525],[0.799571,40.924537],[0.799587,40.924546],[0.799617,40.924562],[0.799664,40.924591],[0.79971,40.92462],[0.799732,40.92464],[0.79975,40.92466],[0.799759,40.924687],[0.799764,40.924715],[0.799762,40.924736],[0.799761,40.924756],[0.799757,40.924776],[0.79975,40.924795],[0.799733,40.924835],[0.799724,40.924863],[0.799724,40.924863],[0.799723,40.924864],[0.799717,40.924906],[0.799718,40.92495],[0.799728,40.924987],[0.799749,40.925022],[0.799767,40.925025],[0.799772,40.925044],[0.799791,40.925349],[0.80032,40.92532],[0.800273,40.92512],[0.800321,40.92513],[0.800355,40.925132],[0.800383,40.925132],[0.800411,40.925132],[0.800441,40.925143],[0.800469,40.925155],[0.800486,40.925169],[0.800508,40.925191],[0.800532,40.925224],[0.800539,40.925258],[0.800556,40.925326],[0.800579,40.925395],[0.800607,40.925463],[0.800628,40.925505],[0.800665,40.925567],[0.80071,40.925626],[0.800781,40.925697],[0.800856,40.925764],[0.800935,40.925829],[0.801014,40.925893],[0.801047,40.925922],[0.80109,40.92597],[0.801125,40.926022],[0.801143,40.926057],[0.801162,40.926109],[0.801177,40.926163],[0.801187,40.926212],[0.801197,40.926285],[0.801197,40.926359],[0.801196,40.926365],[0.801191,40.926399],[0.801187,40.926421],[0.801177,40.926453],[0.801168,40.926483],[0.801135,40.926559],[0.801124,40.926583],[0.8011,40.926634],[0.801089,40.926662],[0.801078,40.926705],[0.801078,40.926726],[0.801082,40.926747],[0.801095,40.926788],[0.801101,40.926816],[0.801099,40.926824],[0.801121,40.926995],[0.801243,40.927312],[0.801285,40.927463],[0.801172,40.927739],[0.801043,40.927923],[0.80095,40.928185],[0.800804,40.928318],[0.800817,40.928497],[0.80068,40.928938],[0.800726,40.92896],[0.800606,40.92918],[0.799922,40.929038],[0.799652,40.929219],[0.799461,40.929153],[0.799311,40.92957],[0.799189,40.929825],[0.798508,40.929046],[0.798432,40.92911],[0.797971,40.929575],[0.797926,40.929614],[0.797951,40.929639],[0.798054,40.929718],[0.798175,40.929823],[0.798241,40.929886],[0.798317,40.929959],[0.798383,40.930003],[0.798425,40.930039],[0.798437,40.930062],[0.798451,40.93009],[0.79848,40.93014],[0.798501,40.930169],[0.798539,40.930208],[0.798583,40.930244],[0.798617,40.930266],[0.79863,40.930273],[0.798655,40.930284],[0.798656,40.930285],[0.798684,40.930293],[0.798693,40.930296],[0.798732,40.930302],[0.798796,40.930306],[0.798861,40.93031],[0.798919,40.930312],[0.798978,40.930314],[0.799052,40.930321],[0.799126,40.930333],[0.799195,40.930349],[0.799296,40.93038],[0.799346,40.930394],[0.799397,40.930405],[0.799411,40.930409],[0.799416,40.930412],[0.799421,40.930417],[0.799425,40.930421],[0.799427,40.930427],[0.799427,40.930434],[0.799426,40.930437],[0.799426,40.930437],[0.79951,40.930436],[0.799543,40.930421],[0.799559,40.930415],[0.799583,40.930406],[0.799606,40.930399],[0.799674,40.930387],[0.799767,40.930367],[0.799836,40.930349],[0.799937,40.930318],[0.800036,40.930281],[0.800101,40.93025],[0.800147,40.930224],[0.800212,40.930183],[0.800275,40.930138],[0.800334,40.930086],[0.800415,40.930003],[0.800458,40.929963],[0.800504,40.929925]]]]}},{"type":"Feature","id":"430136_430136 SI02 BEB 2","properties":{"area_id":"430136_430136 SI02 BEB 2","nom":"Sector industial de Calafat","codi_icgc":"430136 SI02 BEB 2","categoria":"Sector industrial","codi_municipi":"430136","municipi":"l'Ametlla de Mar","codi_comarca":"09","comarca":"Baix Ebre","provincia":"Tarragona","font":"ICGC Àrees de poblament v3r1 202602"},"geometry":{"type":"MultiPolygon","coordinates":[[[[0.834425,40.928669],[0.834318,40.928553],[0.833554,40.928905],[0.833052,40.929172],[0.83307,40.929183],[0.833148,40.929228],[0.834549,40.930044],[0.835271,40.930465],[0.835439,40.93055],[0.835495,40.930579],[0.835515,40.930564],[0.835813,40.930343],[0.836012,40.930138],[0.835691,40.929825],[0.83549,40.929629],[0.835455,40.929624],[0.835355,40.929539],[0.834776,40.929049],[0.834425,40.928669]]]]}},{"type":"Feature","id":"430136_430136 AP12 BEB 2","properties":{"area_id":"430136_430136 AP12 BEB 2","nom":"el Moro","codi_icgc":"430136 AP12 BEB 2","categoria":"Àrees de poblament","codi_municipi":"430136","municipi":"l'Ametlla de Mar","codi_comarca":"09","comarca":"Baix Ebre","provincia":"Tarragona","font":"ICGC Àrees de poblament v3r1 202602"},"geometry":{"type":"MultiPolygon","coordinates":[[[[0.756657,40.848725],[0.756715,40.848652],[0.756534,40.848577],[0.756484,40.848653],[0.756461,40.848643],[0.756371,40.848606],[0.756321,40.848592],[0.756298,40.848585],[0.756278,40.848573],[0.756273,40.848563],[0.756273,40.848551],[0.756284,40.848497],[0.756296,40.848443],[0.756311,40.848388],[0.756323,40.848346],[0.756324,40.848311],[0.756378,40.84828],[0.756431,40.848266],[0.756363,40.848134],[0.756341,40.848093],[0.756675,40.848026],[0.757142,40.848117],[0.757387,40.848133],[0.757403,40.847946],[0.757701,40.847885],[0.758019,40.847885],[0.75804,40.847885],[0.758146,40.847885],[0.758142,40.847738],[0.75814,40.84769],[0.758115,40.847685],[0.758101,40.847687],[0.758025,40.847703],[0.757987,40.847712],[0.75795,40.847723],[0.757803,40.847772],[0.757656,40.847822],[0.757612,40.847835],[0.757568,40.847847],[0.757545,40.847848],[0.757528,40.847845],[0.757503,40.847835],[0.757478,40.847823],[0.757464,40.847814],[0.757449,40.847792],[0.757434,40.847757],[0.757423,40.847742],[0.757405,40.84773],[0.75737,40.847718],[0.757352,40.847716],[0.757334,40.847718],[0.75728,40.847728],[0.757043,40.847774],[0.756925,40.847786],[0.756734,40.847773],[0.756587,40.847778],[0.756445,40.847832],[0.756319,40.84783],[0.756296,40.847826],[0.756126,40.847796],[0.755799,40.848037],[0.756023,40.848374],[0.756297,40.848275],[0.756297,40.848311],[0.756296,40.848346],[0.756296,40.848347],[0.756296,40.848348],[0.756286,40.848384],[0.756271,40.848439],[0.756258,40.848494],[0.756247,40.84855],[0.756247,40.848567],[0.756257,40.848586],[0.756285,40.848602],[0.756312,40.848611],[0.756361,40.848624],[0.756449,40.848661],[0.756538,40.848698],[0.756632,40.848737],[0.756644,40.848742],[0.756657,40.848725]]]]}},{"type":"Feature","id":"430136_430136 AP01 BEB 3","properties":{"area_id":"430136_430136 AP01 BEB 3","nom":"l'Ametlla de Mar","codi_icgc":"430136 AP01 BEB 3","categoria":"Àrees de poblament","codi_municipi":"430136","municipi":"l'Ametlla de Mar","codi_comarca":"09","comarca":"Baix Ebre","provincia":"Tarragona","font":"ICGC Àrees de poblament v3r1 202602"},"geometry":{"type":"MultiPolygon","coordinates":[[[[0.804776,40.883179],[0.804732,40.883182],[0.804639,40.883193],[0.804527,40.883216],[0.804416,40.88324],[0.804341,40.883252],[0.804278,40.883259],[0.804215,40.883266],[0.804158,40.883266],[0.804131,40.883269],[0.804029,40.883245],[0.804004,40.883234],[0.803926,40.883179],[0.803907,40.883152],[0.803888,40.883124],[0.803872,40.883097],[0.803859,40.88307],[0.803838,40.883015],[0.803801,40.882909],[0.803766,40.882802],[0.803745,40.882749],[0.803718,40.882696],[0.803696,40.882666],[0.803667,40.882641],[0.803643,40.882628],[0.803595,40.882606],[0.803547,40.882584],[0.803476,40.882567],[0.803427,40.882562],[0.803386,40.882565],[0.8032,40.88258],[0.802925,40.882604],[0.802739,40.882618],[0.802628,40.882628],[0.802577,40.882642],[0.802529,40.882672],[0.802313,40.882814],[0.802053,40.88299],[0.801938,40.882969],[0.801866,40.882939],[0.801802,40.88289],[0.801738,40.882839],[0.801712,40.882805],[0.801694,40.882751],[0.801603,40.882698],[0.801735,40.882574],[0.801693,40.882503],[0.801672,40.882524],[0.80163,40.882492],[0.80144,40.882456],[0.801361,40.882436],[0.801314,40.882416],[0.801256,40.882346],[0.801213,40.882277],[0.801186,40.882186],[0.801185,40.882114],[0.801192,40.882078],[0.801228,40.882054],[0.801226,40.882029],[0.801227,40.882012],[0.801238,40.881959],[0.801261,40.881946],[0.801248,40.881905],[0.801218,40.881876],[0.801184,40.881862],[0.801146,40.881856],[0.801092,40.881838],[0.801045,40.881806],[0.800988,40.881767],[0.80095,40.881721],[0.80092,40.881625],[0.800906,40.881539],[0.800934,40.881449],[0.800951,40.881379],[0.800987,40.881365],[0.801,40.881342],[0.801003,40.881314],[0.800983,40.881246],[0.800946,40.881145],[0.800926,40.881087],[0.800925,40.881043],[0.800913,40.881011],[0.800891,40.880991],[0.800832,40.880948],[0.800745,40.880914],[0.800676,40.880894],[0.800561,40.880868],[0.800542,40.880803],[0.800466,40.88063],[0.800438,40.880553],[0.800466,40.880518],[0.800479,40.880479],[0.800497,40.880414],[0.800502,40.880349],[0.800492,40.880199],[0.800455,40.880067],[0.800391,40.879925],[0.800302,40.87978],[0.800196,40.879645],[0.800112,40.879538],[0.800054,40.879475],[0.800006,40.879424],[0.799929,40.879373],[0.799812,40.879313],[0.799697,40.879258],[0.799628,40.879219],[0.799607,40.879195],[0.799626,40.879109],[0.799658,40.879021],[0.79956,40.878993],[0.799519,40.878942],[0.799475,40.878889],[0.799523,40.878605],[0.799581,40.878575],[0.799585,40.878521],[0.799316,40.8785],[0.799152,40.878519],[0.798996,40.878538],[0.798858,40.87852],[0.798661,40.878404],[0.798644,40.878393],[0.798576,40.878349],[0.798632,40.878297],[0.798664,40.878276],[0.798699,40.878258],[0.798736,40.878243],[0.798779,40.878225],[0.798809,40.87821],[0.798857,40.87818],[0.798892,40.878153],[0.798916,40.87813],[0.798973,40.878056],[0.798987,40.878029],[0.799006,40.877974],[0.799012,40.877945],[0.798962,40.877918],[0.798865,40.877863],[0.798773,40.877805],[0.798648,40.87779],[0.79849,40.877787],[0.798105,40.877693],[0.798059,40.87762],[0.7979,40.877249],[0.797922,40.877141],[0.798114,40.876971],[0.79817,40.876901],[0.798097,40.876864],[0.797885,40.876695],[0.798015,40.876554],[0.798032,40.876503],[0.797916,40.876462],[0.797553,40.876373],[0.797429,40.876329],[0.797213,40.876251],[0.796736,40.876097],[0.796362,40.87637],[0.79629,40.876437],[0.795985,40.876649],[0.795428,40.877159],[0.795409,40.877151],[0.79512,40.877425],[0.795089,40.877412],[0.794894,40.877564],[0.794814,40.877521],[0.794856,40.877407],[0.794872,40.877365],[0.794922,40.877259],[0.794945,40.877226],[0.794971,40.877194],[0.794998,40.877162],[0.795051,40.877098],[0.795099,40.87704],[0.79512,40.877012],[0.795144,40.87698],[0.795166,40.876946],[0.795184,40.876917],[0.795222,40.876854],[0.795263,40.876783],[0.795286,40.876749],[0.795312,40.876717],[0.795349,40.876681],[0.795386,40.876645],[0.795428,40.876604],[0.795471,40.876518],[0.795405,40.876391],[0.79534,40.876269],[0.795094,40.87596],[0.795009,40.876018],[0.794966,40.876016],[0.794905,40.87608],[0.794836,40.876148],[0.794779,40.876194],[0.794754,40.876221],[0.794709,40.876273],[0.794644,40.876311],[0.794575,40.87635],[0.794476,40.876401],[0.794087,40.876543],[0.794152,40.8766],[0.794257,40.876699],[0.794311,40.87675],[0.794372,40.876811],[0.794404,40.876842],[0.794439,40.876876],[0.794452,40.8769],[0.794467,40.876926],[0.794483,40.876954],[0.794492,40.876988],[0.7945,40.877021],[0.7945,40.877118],[0.794487,40.8772],[0.794455,40.87741],[0.794455,40.877481],[0.794421,40.877551],[0.794362,40.87762],[0.794334,40.877608],[0.794254,40.877693],[0.793986,40.877886],[0.793865,40.87797],[0.793842,40.877997],[0.793958,40.878063],[0.793991,40.878063],[0.794033,40.878051],[0.794088,40.878025],[0.79422,40.877929],[0.794247,40.877907],[0.794254,40.87794],[0.794257,40.877984],[0.794252,40.877994],[0.794216,40.878064],[0.794167,40.878156],[0.794131,40.878212],[0.794083,40.878276],[0.794033,40.878346],[0.794015,40.878385],[0.794004,40.878417],[0.793996,40.878459],[0.793989,40.878555],[0.793982,40.878582],[0.793905,40.878645],[0.793808,40.878691],[0.793689,40.878797],[0.793639,40.878939],[0.793679,40.879024],[0.793697,40.879064],[0.793759,40.879163],[0.793842,40.879328],[0.794082,40.879523],[0.794325,40.879393],[0.79407,40.879188],[0.794332,40.879024],[0.79433,40.879038],[0.794336,40.879045],[0.794342,40.879052],[0.794349,40.879059],[0.79436,40.879071],[0.794471,40.879188],[0.794583,40.879303],[0.794713,40.879445],[0.794758,40.879494],[0.794844,40.879588],[0.795004,40.879761],[0.795168,40.879933],[0.795312,40.88008],[0.795329,40.880097],[0.795082,40.880267],[0.795259,40.880453],[0.795535,40.880307],[0.795579,40.880351],[0.795703,40.880475],[0.795804,40.880581],[0.795905,40.880687],[0.795931,40.880713],[0.795698,40.880887],[0.795697,40.880911],[0.796259,40.881433],[0.796687,40.881842],[0.796716,40.881823],[0.797124,40.882171],[0.797338,40.882389],[0.797619,40.882695],[0.798049,40.883178],[0.798086,40.883187],[0.798119,40.883214],[0.798147,40.883259],[0.79817,40.883288],[0.79822,40.883344],[0.798273,40.883401],[0.79837,40.883504],[0.798467,40.883607],[0.798511,40.883659],[0.798558,40.883712],[0.798593,40.883743],[0.798628,40.883773],[0.798665,40.883804],[0.798704,40.883836],[0.798729,40.883851],[0.798754,40.883866],[0.798807,40.883892],[0.798872,40.883921],[0.79894,40.883945],[0.79898,40.883961],[0.798987,40.883965],[0.799006,40.883987],[0.799007,40.883995],[0.799007,40.884001],[0.799003,40.884012],[0.79896,40.884077],[0.79891,40.884154],[0.798895,40.884176],[0.798939,40.884223],[0.798947,40.88421],[0.798954,40.884206],[0.79896,40.884202],[0.798969,40.884199],[0.798981,40.884198],[0.79899,40.884199],[0.799008,40.884203],[0.799017,40.884207],[0.799031,40.884216],[0.799038,40.884222],[0.79906,40.884248],[0.799162,40.884371],[0.799262,40.884493],[0.799347,40.884603],[0.799429,40.884714],[0.799461,40.884754],[0.7995,40.884793],[0.799529,40.88481],[0.79956,40.884819],[0.799608,40.884827],[0.79962,40.884829],[0.799655,40.884835],[0.799685,40.884841],[0.799681,40.88488],[0.799654,40.884886],[0.79965,40.884888],[0.799629,40.884897],[0.799612,40.884905],[0.799598,40.884912],[0.799549,40.884938],[0.799531,40.884947],[0.799512,40.884957],[0.799503,40.884962],[0.799499,40.884965],[0.799433,40.885004],[0.799398,40.885028],[0.799382,40.885038],[0.799336,40.885073],[0.799294,40.885111],[0.799268,40.88514],[0.79924,40.885183],[0.799223,40.885228],[0.799216,40.885259],[0.799214,40.885296],[0.799218,40.885334],[0.799221,40.885354],[0.799221,40.885365],[0.79922,40.885382],[0.799216,40.885413],[0.79921,40.885434],[0.799199,40.885454],[0.799187,40.885471],[0.799211,40.885603],[0.799255,40.885617],[0.799284,40.885631],[0.799298,40.88564],[0.799326,40.885658],[0.799365,40.885689],[0.799388,40.885714],[0.799406,40.885743],[0.799421,40.885776],[0.799438,40.885828],[0.799451,40.885881],[0.799457,40.885937],[0.799457,40.885992],[0.799453,40.886023],[0.79945,40.886033],[0.799658,40.886211],[0.799913,40.886459],[0.800341,40.886857],[0.800535,40.887032],[0.800845,40.887354],[0.800881,40.887334],[0.801091,40.887537],[0.800889,40.887772],[0.801307,40.888135],[0.801449,40.888034],[0.80152,40.888089],[0.801683,40.887967],[0.801863,40.887851],[0.802031,40.88776],[0.802198,40.887526],[0.802354,40.88747],[0.802537,40.8874],[0.802698,40.887336],[0.802873,40.887273],[0.802899,40.887256],[0.80304,40.887116],[0.803389,40.886821],[0.803793,40.886645],[0.804141,40.886475],[0.804032,40.886346],[0.804253,40.88624],[0.804425,40.886273],[0.80451,40.886276],[0.80464,40.886285],[0.804727,40.886295],[0.804814,40.886303],[0.805033,40.886299],[0.805127,40.886304],[0.805249,40.886318],[0.805423,40.886288],[0.805787,40.886217],[0.805995,40.886193],[0.806212,40.886192],[0.80631,40.8862],[0.806393,40.886214],[0.806479,40.886247],[0.806541,40.886293],[0.806649,40.886484],[0.806683,40.886519],[0.806971,40.886535],[0.80733,40.886388],[0.807539,40.886389],[0.80771,40.88633],[0.807714,40.886276],[0.807792,40.886256],[0.807804,40.886071],[0.8078,40.886008],[0.807783,40.885944],[0.807736,40.885864],[0.80769,40.885813],[0.807616,40.885779],[0.807495,40.885748],[0.807389,40.885717],[0.807263,40.885731],[0.807143,40.88566],[0.806989,40.88555],[0.806901,40.885472],[0.806862,40.885407],[0.806799,40.885336],[0.80669,40.885213],[0.806614,40.885194],[0.806613,40.885154],[0.806353,40.884939],[0.806252,40.884954],[0.806,40.884983],[0.80577,40.885007],[0.805652,40.884955],[0.805545,40.884893],[0.805407,40.884783],[0.805301,40.884669],[0.805239,40.884539],[0.805241,40.884306],[0.805208,40.883957],[0.805154,40.883789],[0.805207,40.883498],[0.805114,40.883331],[0.805013,40.883234],[0.80492,40.883189],[0.804826,40.883176],[0.804776,40.883179]]]]}},{"type":"Feature","id":"430136_430136 AP05 BEB 3","properties":{"area_id":"430136_430136 AP05 BEB 3","nom":"l'Estany","codi_icgc":"430136 AP05 BEB 3","categoria":"Àrees de poblament","codi_municipi":"430136","municipi":"l'Ametlla de Mar","codi_comarca":"09","comarca":"Baix Ebre","provincia":"Tarragona","font":"ICGC Àrees de poblament v3r1 202602"},"geometry":{"type":"MultiPolygon","coordinates":[[[[0.791233,40.869692],[0.791234,40.869717],[0.791239,40.869751],[0.791244,40.8698],[0.791249,40.869851],[0.79126,40.869903],[0.791281,40.869955],[0.791308,40.869999],[0.791335,40.870042],[0.791353,40.870077],[0.791366,40.870113],[0.791372,40.870156],[0.791466,40.870255],[0.791733,40.870438],[0.792056,40.870167],[0.792094,40.870137],[0.792121,40.870132],[0.792203,40.870154],[0.792223,40.870132],[0.792289,40.87006],[0.792344,40.870005],[0.792432,40.869926],[0.79252,40.869845],[0.792606,40.869761],[0.792645,40.869716],[0.792682,40.869669],[0.792698,40.869643],[0.792716,40.869604],[0.792732,40.869565],[0.792749,40.869518],[0.792754,40.869493],[0.792754,40.869467],[0.792737,40.869425],[0.79272,40.869385],[0.792698,40.86932],[0.792682,40.869253],[0.792677,40.869204],[0.792677,40.869128],[0.792676,40.869089],[0.792671,40.86905],[0.792663,40.869021],[0.792646,40.868979],[0.792622,40.868938],[0.792566,40.868865],[0.792506,40.868795],[0.792443,40.86873],[0.79238,40.868667],[0.792344,40.868627],[0.792299,40.868563],[0.792262,40.868495],[0.792219,40.868402],[0.792179,40.868308],[0.792154,40.868245],[0.79213,40.868181],[0.792097,40.868094],[0.792064,40.868007],[0.792053,40.867972],[0.792042,40.867919],[0.792034,40.867865],[0.792032,40.867828],[0.792036,40.867791],[0.792055,40.867732],[0.792076,40.867671],[0.792087,40.867635],[0.792091,40.867599],[0.792086,40.86755],[0.792073,40.867503],[0.792026,40.867364],[0.791978,40.867226],[0.79193,40.867092],[0.791881,40.866958],[0.791841,40.866827],[0.791803,40.866694],[0.791794,40.866667],[0.791785,40.866647],[0.791782,40.866638],[0.791777,40.866628],[0.79176,40.866602],[0.791746,40.86659],[0.791729,40.866578],[0.791701,40.866567],[0.791658,40.866559],[0.791615,40.866558],[0.791578,40.866563],[0.791558,40.86657],[0.791542,40.866579],[0.791504,40.866611],[0.791467,40.866642],[0.791356,40.866734],[0.791286,40.866791],[0.791329,40.866861],[0.791089,40.867086],[0.791125,40.867118],[0.791002,40.8674],[0.790984,40.867442],[0.790876,40.867707],[0.790846,40.867781],[0.790987,40.867848],[0.791084,40.867883],[0.791408,40.868019],[0.791419,40.868026],[0.791428,40.868033],[0.791432,40.868045],[0.791433,40.86805],[0.791432,40.868058],[0.791397,40.868134],[0.791343,40.868249],[0.79129,40.868351],[0.791234,40.868452],[0.791201,40.868522],[0.791179,40.868576],[0.791173,40.868591],[0.791144,40.868659],[0.791116,40.868716],[0.791087,40.868773],[0.791059,40.868834],[0.791034,40.868897],[0.791027,40.868924],[0.791024,40.868951],[0.79102,40.869002],[0.791014,40.869034],[0.790984,40.869141],[0.790954,40.869248],[0.790938,40.8693],[0.790934,40.869316],[0.790925,40.86935],[0.790988,40.8694],[0.79106,40.869457],[0.791121,40.869507],[0.791182,40.869556],[0.791204,40.869578],[0.791222,40.869604],[0.791231,40.869624],[0.791234,40.869659],[0.791233,40.869692]]]]}},{"type":"Feature","id":"430136_430136 AP03 BEB 3","properties":{"area_id":"430136_430136 AP03 BEB 3","nom":"l'Hidalgo","codi_icgc":"430136 AP03 BEB 3","categoria":"Àrees de poblament","codi_municipi":"430136","municipi":"l'Ametlla de Mar","codi_comarca":"09","comarca":"Baix Ebre","provincia":"Tarragona","font":"ICGC Àrees de poblament v3r1 202602"},"geometry":{"type":"MultiPolygon","coordinates":[[[[0.773953,40.860502],[0.77402,40.860519],[0.774163,40.860567],[0.77423,40.860628],[0.774291,40.860691],[0.774327,40.860725],[0.774368,40.860735],[0.774419,40.860717],[0.774457,40.860687],[0.774507,40.860619],[0.774562,40.860567],[0.774822,40.860218],[0.774926,40.860043],[0.775341,40.85949],[0.775265,40.859442],[0.77508,40.859363],[0.774908,40.859259],[0.774816,40.859164],[0.774604,40.858993],[0.773896,40.85909],[0.773712,40.859095],[0.773548,40.85908],[0.773419,40.859072],[0.773332,40.859073],[0.773301,40.859075],[0.773249,40.859089],[0.773225,40.859107],[0.773168,40.859159],[0.773043,40.859273],[0.772934,40.859375],[0.772877,40.859437],[0.772852,40.859479],[0.772784,40.859538],[0.772758,40.859561],[0.772698,40.859606],[0.772665,40.859631],[0.772437,40.85955],[0.772328,40.859524],[0.772285,40.859524],[0.77221,40.859537],[0.772173,40.859563],[0.77215,40.859611],[0.772132,40.859656],[0.772117,40.859703],[0.772063,40.859713],[0.772018,40.859698],[0.771988,40.859689],[0.771958,40.859682],[0.771826,40.859642],[0.771767,40.859758],[0.771813,40.859777],[0.77157,40.86029],[0.771782,40.860483],[0.771818,40.860515],[0.77189,40.860433],[0.771994,40.860341],[0.772005,40.86033],[0.77214,40.860225],[0.772263,40.860129],[0.772325,40.860086],[0.772368,40.860056],[0.77241,40.860047],[0.772478,40.860038],[0.772565,40.860059],[0.77269,40.860094],[0.772869,40.860134],[0.772891,40.860145],[0.772919,40.860127],[0.772937,40.860091],[0.772973,40.859996],[0.772982,40.859949],[0.772989,40.859909],[0.772984,40.859897],[0.772949,40.859891],[0.772874,40.859878],[0.772767,40.859841],[0.772701,40.859815],[0.772612,40.859767],[0.772722,40.85966],[0.772917,40.85949],[0.773229,40.859581],[0.773624,40.859714],[0.77381,40.859777],[0.773928,40.859815],[0.774012,40.859846],[0.77389,40.86009],[0.773807,40.860245],[0.773697,40.860435],[0.773953,40.860502]]]]}},{"type":"Feature","id":"430136_430136 AP11 BEB 3","properties":{"area_id":"430136_430136 AP11 BEB 3","nom":"l'Àlia","codi_icgc":"430136 AP11 BEB 3","categoria":"Àrees de poblament","codi_municipi":"430136","municipi":"l'Ametlla de Mar","codi_comarca":"09","comarca":"Baix Ebre","provincia":"Tarragona","font":"ICGC Àrees de poblament v3r1 202602"},"geometry":{"type":"MultiPolygon","coordinates":[[[[0.762451,40.850149],[0.762301,40.849903],[0.762241,40.849889],[0.762093,40.849705],[0.761985,40.849727],[0.761968,40.8497],[0.761748,40.849149],[0.761819,40.849132],[0.761794,40.849046],[0.761755,40.848976],[0.76174,40.848949],[0.761706,40.848906],[0.761684,40.848878],[0.761659,40.84887],[0.761727,40.848831],[0.762472,40.848547],[0.762699,40.848848],[0.762901,40.849133],[0.762923,40.849148],[0.762949,40.849159],[0.763007,40.849176],[0.763047,40.849185],[0.763095,40.849196],[0.763138,40.849208],[0.763228,40.849186],[0.763341,40.849138],[0.763562,40.849071],[0.763823,40.848967],[0.763651,40.848655],[0.763691,40.848626],[0.763697,40.848609],[0.763688,40.848589],[0.76367,40.848565],[0.763619,40.848494],[0.763551,40.84847],[0.763538,40.848444],[0.763492,40.848384],[0.763449,40.848314],[0.763416,40.848257],[0.763394,40.848225],[0.763381,40.848206],[0.763367,40.848188],[0.763257,40.847971],[0.763285,40.847917],[0.763259,40.847855],[0.763295,40.847726],[0.763213,40.847684],[0.762681,40.847785],[0.762801,40.848013],[0.762588,40.848083],[0.762542,40.848098],[0.762486,40.848116],[0.762443,40.848127],[0.76239,40.848136],[0.762328,40.848146],[0.762279,40.848153],[0.76216,40.84817],[0.762019,40.848189],[0.761949,40.848199],[0.761851,40.848212],[0.761736,40.848229],[0.761687,40.848236],[0.761607,40.848247],[0.761549,40.848255],[0.761479,40.848264],[0.761444,40.848269],[0.761407,40.848262],[0.761369,40.84824],[0.761347,40.848218],[0.761318,40.848141],[0.761311,40.84812],[0.761305,40.848103],[0.761307,40.848084],[0.761318,40.848052],[0.761341,40.848032],[0.761429,40.847985],[0.761676,40.847854],[0.761766,40.847804],[0.761829,40.847763],[0.761853,40.847747],[0.761894,40.847703],[0.762,40.847572],[0.762102,40.847453],[0.762259,40.847299],[0.762228,40.847287],[0.762501,40.846975],[0.762372,40.846757],[0.762302,40.846749],[0.761992,40.846877],[0.761829,40.846944],[0.761496,40.847123],[0.761391,40.847158],[0.761142,40.84724],[0.76102,40.847422],[0.760963,40.847622],[0.760929,40.847772],[0.761177,40.848067],[0.761196,40.848089],[0.761218,40.848089],[0.761239,40.848093],[0.761258,40.848101],[0.761273,40.848113],[0.761277,40.848126],[0.761301,40.8482],[0.761316,40.84823],[0.761328,40.848245],[0.761345,40.84826],[0.76139,40.848286],[0.761417,40.848294],[0.761446,40.848295],[0.761558,40.848281],[0.761254,40.848448],[0.760893,40.848647],[0.760981,40.848828],[0.761107,40.84904],[0.760836,40.849149],[0.760715,40.849197],[0.760595,40.849248],[0.760502,40.849299],[0.760438,40.849329],[0.760381,40.849346],[0.760188,40.849174],[0.759842,40.848978],[0.759807,40.848967],[0.759753,40.848932],[0.759705,40.84889],[0.759625,40.848837],[0.75947,40.848984],[0.759453,40.848977],[0.75943,40.848967],[0.759401,40.848953],[0.759356,40.848929],[0.759325,40.84891],[0.759207,40.84883],[0.75909,40.84875],[0.758975,40.848672],[0.758872,40.848602],[0.758903,40.84857],[0.758975,40.848503],[0.759052,40.848439],[0.759088,40.848412],[0.759106,40.848403],[0.759127,40.848397],[0.7592,40.848385],[0.759275,40.848373],[0.759525,40.848337],[0.759776,40.848301],[0.759866,40.848287],[0.759862,40.848261],[0.759856,40.848231],[0.759868,40.848213],[0.759831,40.84805],[0.759798,40.847903],[0.759793,40.847902],[0.759784,40.847856],[0.759777,40.847815],[0.759769,40.847812],[0.759755,40.847769],[0.759414,40.847642],[0.759304,40.847819],[0.759201,40.848],[0.759039,40.848304],[0.759023,40.848334],[0.759036,40.848372],[0.759037,40.848373],[0.759066,40.848392],[0.758996,40.848447],[0.758949,40.848486],[0.758876,40.848554],[0.758831,40.848601],[0.758786,40.848652],[0.758745,40.848705],[0.75867,40.848812],[0.758621,40.848876],[0.758649,40.84889],[0.75902,40.849075],[0.759111,40.848934],[0.759391,40.849029],[0.759458,40.849018],[0.760128,40.849424],[0.760128,40.849465],[0.760112,40.84948],[0.760104,40.849467],[0.760002,40.849593],[0.759845,40.849688],[0.759816,40.849756],[0.759868,40.849796],[0.759888,40.849812],[0.760238,40.850084],[0.760284,40.850054],[0.760303,40.850068],[0.760541,40.850312],[0.760654,40.850307],[0.760979,40.850226],[0.761004,40.850217],[0.761012,40.850214],[0.761019,40.850211],[0.761024,40.850208],[0.761098,40.850186],[0.761104,40.850186],[0.761114,40.850184],[0.761368,40.850107],[0.761431,40.850421],[0.761566,40.850394],[0.762041,40.850269],[0.762325,40.850186],[0.762366,40.850174],[0.762451,40.850149]]]]}},{"type":"Feature","id":"430136_430136 AP06 BEB 3","properties":{"area_id":"430136_430136 AP06 BEB 3","nom":"la Cala Nova","codi_icgc":"430136 AP06 BEB 3","categoria":"Àrees de poblament","codi_municipi":"430136","municipi":"l'Ametlla de Mar","codi_comarca":"09","comarca":"Baix Ebre","provincia":"Tarragona","font":"ICGC Àrees de poblament v3r1 202602"},"geometry":{"type":"MultiPolygon","coordinates":[[[[0.817736,40.893472],[0.81768,40.893392],[0.817589,40.893362],[0.817434,40.893323],[0.817297,40.893296],[0.817273,40.893292],[0.817221,40.893283],[0.81719,40.893281],[0.817159,40.893284],[0.817117,40.893288],[0.817075,40.893294],[0.817008,40.893311],[0.816943,40.893331],[0.816899,40.893346],[0.816857,40.893363],[0.816822,40.89338],[0.816792,40.893401],[0.816775,40.893417],[0.816727,40.893471],[0.816679,40.893526],[0.816611,40.893592],[0.816545,40.89366],[0.816487,40.893732],[0.816431,40.893804],[0.816384,40.893867],[0.816343,40.893932],[0.816337,40.893947],[0.816323,40.893982],[0.816308,40.894033],[0.816288,40.894104],[0.81627,40.894175],[0.816267,40.894215],[0.816271,40.894255],[0.816277,40.89428],[0.816287,40.894304],[0.816303,40.894328],[0.816322,40.894349],[0.816368,40.894391],[0.816421,40.894429],[0.816491,40.89447],[0.816559,40.894512],[0.816597,40.89454],[0.816633,40.894569],[0.816664,40.894595],[0.816691,40.894624],[0.816702,40.894645],[0.816712,40.894666],[0.816731,40.894707],[0.816747,40.894749],[0.816764,40.894821],[0.81678,40.894893],[0.816788,40.894919],[0.8168,40.894945],[0.816812,40.894961],[0.816824,40.894971],[0.816828,40.894975],[0.816845,40.894987],[0.816856,40.894996],[0.817095,40.895191],[0.817122,40.895218],[0.817168,40.895242],[0.817192,40.895243],[0.817215,40.895244],[0.817232,40.895242],[0.817257,40.895233],[0.817281,40.895222],[0.81733,40.895205],[0.817378,40.895188],[0.817423,40.895174],[0.817467,40.89516],[0.817522,40.895145],[0.817577,40.895131],[0.817616,40.895121],[0.817656,40.895111],[0.817672,40.895106],[0.817693,40.895093],[0.81771,40.895077],[0.81773,40.895057],[0.817749,40.895037],[0.817801,40.894984],[0.817851,40.894931],[0.817906,40.89487],[0.817931,40.894838],[0.817955,40.894806],[0.818011,40.894726],[0.818034,40.894692],[0.81805,40.894669],[0.818114,40.894582],[0.818183,40.894498],[0.818176,40.894379],[0.818145,40.894323],[0.818186,40.894225],[0.818182,40.89419],[0.818061,40.894133],[0.817918,40.894054],[0.817873,40.894026],[0.817798,40.893956],[0.817734,40.893827],[0.817671,40.893704],[0.817713,40.893562],[0.817737,40.893485],[0.817736,40.893472]]]]}},{"type":"Feature","id":"430136_430136 AP04 BEB 3","properties":{"area_id":"430136_430136 AP04 BEB 3","nom":"les Roques Daurades","codi_icgc":"430136 AP04 BEB 3","categoria":"Àrees de poblament","codi_municipi":"430136","municipi":"l'Ametlla de Mar","codi_comarca":"09","comarca":"Baix Ebre","provincia":"Tarragona","font":"ICGC Àrees de poblament v3r1 202602"},"geometry":{"type":"MultiPolygon","coordinates":[[[[0.792951,40.87604],[0.793003,40.876005],[0.793033,40.876042],[0.793125,40.876088],[0.793194,40.876117],[0.793306,40.876143],[0.793377,40.87607],[0.793519,40.875954],[0.793555,40.875982],[0.793656,40.876062],[0.793757,40.876141],[0.793919,40.876137],[0.793996,40.876129],[0.794072,40.876121],[0.794134,40.876115],[0.79419,40.876099],[0.794239,40.876074],[0.794288,40.876049],[0.794328,40.876027],[0.794408,40.875996],[0.794446,40.875981],[0.794488,40.875965],[0.794523,40.875963],[0.794557,40.876023],[0.794763,40.875939],[0.794731,40.875897],[0.794765,40.875877],[0.794837,40.875855],[0.794892,40.875833],[0.794931,40.875811],[0.794981,40.875775],[0.795027,40.875736],[0.795114,40.875653],[0.795153,40.875607],[0.795192,40.875555],[0.795235,40.875486],[0.795267,40.875428],[0.795318,40.875347],[0.79537,40.875266],[0.795433,40.875174],[0.795477,40.875112],[0.795485,40.875101],[0.795379,40.875034],[0.79512,40.874751],[0.795101,40.874732],[0.795017,40.87464],[0.794952,40.874604],[0.794933,40.874594],[0.794881,40.874585],[0.794868,40.874486],[0.794817,40.874373],[0.794788,40.874345],[0.79473,40.87434],[0.79488,40.873925],[0.794944,40.873749],[0.794965,40.873727],[0.794993,40.873708],[0.795021,40.873696],[0.795065,40.873682],[0.79511,40.87367],[0.795126,40.873669],[0.795139,40.873664],[0.795162,40.873632],[0.795265,40.87348],[0.79538,40.873242],[0.795351,40.873232],[0.795385,40.873104],[0.795363,40.872937],[0.795434,40.872925],[0.795419,40.872806],[0.795365,40.872813],[0.795276,40.872373],[0.795402,40.87229],[0.795361,40.872035],[0.795217,40.87204],[0.795095,40.87166],[0.795001,40.871386],[0.795251,40.871371],[0.795256,40.871319],[0.795024,40.871002],[0.794966,40.870985],[0.7947,40.870777],[0.794901,40.870698],[0.794508,40.870342],[0.794757,40.870217],[0.794789,40.8702],[0.794802,40.870173],[0.794801,40.870154],[0.794796,40.870135],[0.794785,40.870103],[0.79477,40.870072],[0.794756,40.870057],[0.794741,40.870042],[0.794733,40.870027],[0.794727,40.870011],[0.794717,40.869979],[0.794703,40.86996],[0.794577,40.869875],[0.794466,40.869805],[0.794378,40.869748],[0.794274,40.869648],[0.79403,40.869506],[0.794036,40.869435],[0.793942,40.869368],[0.793878,40.869236],[0.793783,40.869201],[0.793759,40.869208],[0.793703,40.869202],[0.793693,40.869234],[0.793668,40.869295],[0.793639,40.869356],[0.793622,40.869399],[0.793613,40.869443],[0.793611,40.869487],[0.793614,40.869521],[0.79362,40.869554],[0.793631,40.869596],[0.793639,40.869636],[0.793632,40.869665],[0.793602,40.869724],[0.793567,40.869785],[0.793504,40.869895],[0.793415,40.870047],[0.793363,40.870132],[0.7933,40.870231],[0.793222,40.870338],[0.793139,40.870443],[0.793058,40.870544],[0.792978,40.870644],[0.792916,40.87072],[0.792826,40.870828],[0.79273,40.870915],[0.792718,40.870924],[0.792706,40.870932],[0.792702,40.870933],[0.792686,40.870927],[0.792574,40.870884],[0.792503,40.870941],[0.792439,40.870904],[0.792043,40.871007],[0.791553,40.871116],[0.791389,40.871201],[0.791103,40.871318],[0.79104,40.871389],[0.79076,40.871417],[0.790508,40.871483],[0.790645,40.871687],[0.790716,40.871818],[0.790611,40.872092],[0.790604,40.872112],[0.790592,40.872138],[0.790575,40.872176],[0.790555,40.872219],[0.790535,40.872265],[0.790527,40.872287],[0.790518,40.872321],[0.79051,40.872372],[0.790508,40.872395],[0.790514,40.872439],[0.790535,40.872493],[0.790561,40.872544],[0.790591,40.872604],[0.790673,40.872787],[0.790681,40.872803],[0.790705,40.872844],[0.790744,40.8729],[0.790786,40.872957],[0.790852,40.873048],[0.790923,40.873137],[0.791004,40.87323],[0.791052,40.873284],[0.791111,40.87335],[0.791209,40.87346],[0.791332,40.873597],[0.7914,40.873683],[0.791495,40.873822],[0.791569,40.873944],[0.791599,40.873982],[0.791646,40.874015],[0.79173,40.874081],[0.791781,40.874123],[0.791813,40.874153],[0.791844,40.874227],[0.791867,40.874471],[0.79188,40.874644],[0.791887,40.874709],[0.791899,40.874772],[0.79192,40.874854],[0.791923,40.874855],[0.791925,40.874872],[0.791949,40.874965],[0.791986,40.875096],[0.792097,40.875103],[0.792127,40.875129],[0.792176,40.875123],[0.792206,40.875124],[0.792257,40.875129],[0.792307,40.875141],[0.792348,40.875155],[0.792404,40.875181],[0.792439,40.8752],[0.792493,40.875232],[0.792543,40.875263],[0.792646,40.875342],[0.792767,40.875401],[0.792536,40.875456],[0.79251,40.87547],[0.79253,40.875532],[0.792211,40.875655],[0.792104,40.875696],[0.79212,40.875762],[0.792163,40.875819],[0.792176,40.875874],[0.79215,40.875916],[0.792083,40.875931],[0.791971,40.875938],[0.791918,40.876002],[0.791858,40.876007],[0.791817,40.876022],[0.791773,40.876065],[0.791767,40.876095],[0.791781,40.876135],[0.791762,40.876148],[0.791805,40.876181],[0.791841,40.876195],[0.791873,40.876221],[0.791894,40.876238],[0.791921,40.876244],[0.791974,40.87623],[0.792032,40.876199],[0.792092,40.876137],[0.792108,40.876137],[0.792202,40.876139],[0.792324,40.876138],[0.792364,40.87613],[0.792443,40.87611],[0.792498,40.876102],[0.792552,40.876112],[0.792626,40.876156],[0.792653,40.876171],[0.792708,40.876169],[0.792763,40.876164],[0.792831,40.87613],[0.792951,40.87604]]]]}},{"type":"Feature","id":"430136_430136 AP07 BEB 3","properties":{"area_id":"430136_430136 AP07 BEB 3","nom":"les Tres Cales","codi_icgc":"430136 AP07 BEB 3","categoria":"Àrees de poblament","codi_municipi":"430136","municipi":"l'Ametlla de Mar","codi_comarca":"09","comarca":"Baix Ebre","provincia":"Tarragona","font":"ICGC Àrees de poblament v3r1 202602"},"geometry":{"type":"MultiPolygon","coordinates":[[[[0.825183,40.907708],[0.825037,40.907417],[0.824978,40.907123],[0.825089,40.907114],[0.825155,40.907105],[0.825251,40.907084],[0.825345,40.907057],[0.825477,40.907014],[0.825549,40.907308],[0.826054,40.907157],[0.826003,40.9069],[0.825958,40.906872],[0.825869,40.906799],[0.825894,40.906779],[0.825914,40.906739],[0.825938,40.90671],[0.825964,40.906682],[0.825995,40.906648],[0.826055,40.906591],[0.826065,40.906588],[0.82606,40.906586],[0.826076,40.906572],[0.826091,40.906555],[0.826094,40.906551],[0.826094,40.906544],[0.826084,40.906515],[0.82607,40.906471],[0.826056,40.906427],[0.826047,40.906401],[0.826039,40.906375],[0.826039,40.906364],[0.826039,40.906353],[0.826037,40.906344],[0.826031,40.90633],[0.826029,40.906317],[0.826034,40.906307],[0.826047,40.906294],[0.826054,40.906288],[0.82606,40.906281],[0.826106,40.906233],[0.826151,40.906185],[0.826203,40.906131],[0.826256,40.906077],[0.826284,40.906052],[0.826316,40.906031],[0.826379,40.906004],[0.826443,40.905978],[0.826506,40.905946],[0.826569,40.905915],[0.826634,40.905888],[0.826698,40.90586],[0.826774,40.90582],[0.826844,40.905775],[0.826893,40.905738],[0.826942,40.905702],[0.826974,40.905677],[0.827006,40.905653],[0.826854,40.905525],[0.826486,40.905217],[0.826241,40.905161],[0.826247,40.905038],[0.826111,40.904966],[0.826165,40.904856],[0.826086,40.904779],[0.826065,40.904758],[0.825996,40.90469],[0.82591,40.904535],[0.825658,40.904241],[0.825644,40.904225],[0.825863,40.90414],[0.825966,40.904118],[0.826061,40.904172],[0.826157,40.90419],[0.826173,40.904193],[0.826191,40.904194],[0.826232,40.904196],[0.826292,40.904193],[0.826351,40.904184],[0.826407,40.90417],[0.826418,40.904166],[0.826456,40.9041],[0.826494,40.904033],[0.826518,40.903983],[0.826532,40.903939],[0.826547,40.903859],[0.82657,40.903615],[0.826583,40.903547],[0.826587,40.903513],[0.826593,40.903474],[0.826598,40.903435],[0.826604,40.903405],[0.826602,40.903395],[0.826591,40.903381],[0.826582,40.903376],[0.826573,40.903372],[0.826554,40.903371],[0.826542,40.903374],[0.826491,40.903388],[0.826414,40.903398],[0.826338,40.903407],[0.826276,40.903413],[0.826214,40.903421],[0.826173,40.903429],[0.826149,40.903439],[0.826129,40.903454],[0.826091,40.903484],[0.826048,40.903514],[0.826004,40.903542],[0.82597,40.903555],[0.82583,40.903586],[0.82569,40.903617],[0.825596,40.903558],[0.825503,40.903498],[0.825485,40.903484],[0.825474,40.903469],[0.825463,40.903438],[0.825449,40.903339],[0.825441,40.903304],[0.825436,40.903281],[0.825429,40.903251],[0.825419,40.903222],[0.825411,40.903206],[0.82539,40.903179],[0.825371,40.903161],[0.825338,40.903137],[0.825303,40.903115],[0.82528,40.903103],[0.825271,40.903095],[0.825211,40.903037],[0.825202,40.903029],[0.825182,40.90302],[0.825143,40.903009],[0.825105,40.902997],[0.825008,40.90296],[0.82496,40.90294],[0.824913,40.902917],[0.824881,40.902898],[0.82484,40.902872],[0.824798,40.902845],[0.824756,40.902821],[0.824708,40.902803],[0.824675,40.902796],[0.824582,40.902786],[0.824523,40.902779],[0.824414,40.902822],[0.824346,40.902853],[0.824278,40.902877],[0.824266,40.902881],[0.824153,40.902922],[0.824108,40.902943],[0.824037,40.90297],[0.823981,40.902995],[0.823967,40.903001],[0.823872,40.90305],[0.823829,40.903077],[0.823793,40.90311],[0.823755,40.903154],[0.823718,40.903197],[0.823698,40.90322],[0.82367,40.903254],[0.823642,40.903287],[0.823629,40.903304],[0.823616,40.903299],[0.823593,40.90333],[0.823604,40.903334],[0.82357,40.903373],[0.823549,40.903389],[0.823534,40.903398],[0.823528,40.903401],[0.823486,40.903416],[0.823416,40.903433],[0.823382,40.903442],[0.823349,40.903452],[0.823261,40.903487],[0.823237,40.903496],[0.823126,40.903544],[0.823099,40.903559],[0.823082,40.903573],[0.82306,40.903595],[0.823043,40.90362],[0.823035,40.903646],[0.823011,40.903633],[0.822988,40.903617],[0.822963,40.903587],[0.822935,40.903546],[0.822923,40.903531],[0.822899,40.903511],[0.822875,40.903495],[0.822847,40.903477],[0.822817,40.90346],[0.822744,40.903419],[0.822637,40.903366],[0.822563,40.903334],[0.822499,40.903308],[0.822459,40.903281],[0.822431,40.903258],[0.822427,40.903253],[0.822429,40.903244],[0.822443,40.90323],[0.822461,40.903218],[0.822561,40.903163],[0.822663,40.90311],[0.822719,40.903081],[0.822775,40.903053],[0.822807,40.90304],[0.82282,40.903032],[0.822826,40.903022],[0.822828,40.903013],[0.822829,40.903004],[0.823147,40.902835],[0.823074,40.902748],[0.823069,40.902742],[0.822996,40.902656],[0.82311,40.902597],[0.822806,40.902283],[0.822841,40.902261],[0.822876,40.902238],[0.822904,40.902221],[0.822946,40.902194],[0.822964,40.902179],[0.82298,40.902162],[0.823005,40.90213],[0.823029,40.902097],[0.823145,40.902124],[0.82326,40.902152],[0.823404,40.902188],[0.823549,40.902223],[0.823662,40.90218],[0.823838,40.902155],[0.823873,40.902234],[0.824132,40.902132],[0.824512,40.901983],[0.824623,40.901867],[0.824626,40.901865],[0.824696,40.901647],[0.824646,40.901518],[0.824453,40.901328],[0.824435,40.901307],[0.824373,40.901233],[0.824163,40.900983],[0.823979,40.900765],[0.823942,40.900724],[0.823807,40.900576],[0.82367,40.900426],[0.823678,40.900394],[0.823685,40.900361],[0.823687,40.90034],[0.823683,40.900325],[0.823671,40.900302],[0.823653,40.900279],[0.82362,40.900251],[0.823593,40.900234],[0.823549,40.900214],[0.823501,40.900197],[0.823457,40.900184],[0.823423,40.900177],[0.823371,40.900172],[0.823346,40.900173],[0.823321,40.900176],[0.823281,40.900186],[0.823251,40.900196],[0.823209,40.900216],[0.823169,40.90024],[0.823152,40.900253],[0.823129,40.900278],[0.823098,40.900317],[0.823081,40.900335],[0.823059,40.90035],[0.823023,40.900368],[0.82301,40.900374],[0.822967,40.900391],[0.822907,40.900406],[0.822833,40.900417],[0.822726,40.900429],[0.822722,40.90043],[0.822666,40.900437],[0.822611,40.900446],[0.822465,40.900475],[0.822393,40.900492],[0.822366,40.9005],[0.822283,40.900526],[0.822267,40.900506],[0.822211,40.900533],[0.822221,40.900546],[0.822146,40.900567],[0.822014,40.900604],[0.821922,40.900628],[0.821898,40.900634],[0.821826,40.900648],[0.821716,40.90066],[0.821694,40.900663],[0.821662,40.900668],[0.82161,40.900682],[0.821543,40.900705],[0.821489,40.900724],[0.821352,40.900742],[0.821215,40.90076],[0.821061,40.900779],[0.820908,40.900798],[0.820849,40.900792],[0.820712,40.900773],[0.820587,40.900757],[0.820575,40.900755],[0.82055,40.900754],[0.820506,40.900757],[0.820441,40.900767],[0.820408,40.900771],[0.820375,40.900772],[0.820339,40.900769],[0.820323,40.900768],[0.820245,40.900758],[0.820166,40.900751],[0.820091,40.900755],[0.820078,40.900755],[0.820033,40.900758],[0.819989,40.900758],[0.819938,40.900754],[0.819887,40.900748],[0.819839,40.900737],[0.819815,40.900731],[0.819812,40.90073],[0.819791,40.900728],[0.819737,40.900727],[0.819703,40.90073],[0.819656,40.900733],[0.819575,40.900738],[0.819525,40.900736],[0.819498,40.90071],[0.819477,40.90069],[0.819457,40.900672],[0.819433,40.900658],[0.819415,40.900651],[0.819393,40.900645],[0.819364,40.900639],[0.819343,40.900643],[0.819206,40.900668],[0.819048,40.900697],[0.81899,40.90071],[0.818905,40.900733],[0.818819,40.900754],[0.818781,40.900762],[0.818743,40.90077],[0.818703,40.900776],[0.818571,40.900813],[0.818521,40.900826],[0.818339,40.900877],[0.818265,40.900896],[0.818133,40.900923],[0.817731,40.900993],[0.817542,40.901029],[0.817352,40.901065],[0.817277,40.901081],[0.817168,40.901111],[0.817059,40.901145],[0.816999,40.901164],[0.816912,40.901198],[0.816826,40.901236],[0.81677,40.901263],[0.81673,40.901286],[0.816702,40.901305],[0.816665,40.901337],[0.816634,40.901373],[0.816609,40.901418],[0.816595,40.901453],[0.816581,40.901505],[0.816573,40.901558],[0.816552,40.90173],[0.816534,40.901901],[0.816532,40.901921],[0.816523,40.902019],[0.816514,40.902136],[0.816513,40.902158],[0.816516,40.902168],[0.816521,40.902177],[0.816536,40.902193],[0.816545,40.902203],[0.816554,40.902213],[0.816607,40.902271],[0.816693,40.902362],[0.816897,40.90258],[0.817102,40.902798],[0.817346,40.903053],[0.817592,40.903307],[0.817606,40.903323],[0.817613,40.90333],[0.81762,40.903338],[0.817818,40.90355],[0.81785,40.903584],[0.817856,40.90359],[0.818118,40.903874],[0.81819,40.903948],[0.818262,40.904021],[0.81833,40.904091],[0.818424,40.904057],[0.818559,40.904006],[0.81879,40.903914],[0.81902,40.90382],[0.819288,40.90372],[0.81942,40.903668],[0.819485,40.90364],[0.819548,40.90361],[0.819567,40.903601],[0.819586,40.903591],[0.819614,40.903617],[0.819648,40.903637],[0.819687,40.903654],[0.819728,40.903665],[0.819771,40.90367],[0.819815,40.90367],[0.819848,40.903666],[0.819858,40.903664],[0.81986,40.903668],[0.819882,40.903711],[0.819904,40.903753],[0.819956,40.903864],[0.819981,40.903921],[0.820007,40.903977],[0.820053,40.904073],[0.820099,40.904169],[0.820103,40.904176],[0.820156,40.904272],[0.820167,40.904293],[0.820182,40.904322],[0.820202,40.904374],[0.820222,40.904446],[0.820231,40.904494],[0.820231,40.904503],[0.820232,40.904513],[0.820231,40.904521],[0.819938,40.904635],[0.819933,40.904627],[0.819871,40.904649],[0.819834,40.904672],[0.819838,40.904674],[0.819826,40.904679],[0.81982,40.904668],[0.819779,40.904681],[0.819786,40.904694],[0.819652,40.904752],[0.819628,40.904731],[0.819587,40.904759],[0.819594,40.904806],[0.819596,40.904836],[0.819598,40.904869],[0.819596,40.904885],[0.819589,40.904901],[0.819561,40.904933],[0.819554,40.904941],[0.819532,40.904963],[0.819504,40.904998],[0.819473,40.905033],[0.819403,40.905099],[0.819342,40.905158],[0.819291,40.905182],[0.819276,40.905164],[0.819256,40.905174],[0.819246,40.905162],[0.81918,40.905194],[0.819189,40.905205],[0.819155,40.905221],[0.819165,40.905233],[0.819141,40.905244],[0.819156,40.905262],[0.819122,40.905279],[0.819026,40.905333],[0.819645,40.90603],[0.819668,40.906052],[0.82042,40.906814],[0.820849,40.906611],[0.820889,40.906664],[0.82091,40.906693],[0.820928,40.906716],[0.820951,40.906741],[0.820983,40.906758],[0.821003,40.90676],[0.821036,40.906754],[0.821097,40.906734],[0.821164,40.90671],[0.821257,40.906677],[0.821561,40.90696],[0.821909,40.906807],[0.822228,40.907078],[0.822262,40.907112],[0.822293,40.907144],[0.8223,40.907152],[0.822309,40.907162],[0.822356,40.907209],[0.822402,40.907256],[0.822909,40.907787],[0.822927,40.907807],[0.822946,40.907827],[0.823103,40.907755],[0.823427,40.907615],[0.823752,40.907474],[0.823908,40.907407],[0.824149,40.907715],[0.823755,40.907883],[0.823996,40.908205],[0.824041,40.908266],[0.824322,40.908142],[0.824505,40.908059],[0.824645,40.907992],[0.82477,40.90793],[0.824944,40.907851],[0.824969,40.907844],[0.825041,40.907833],[0.825204,40.907794],[0.825183,40.907708]]],[[[0.829847,40.909989],[0.829811,40.909958],[0.829746,40.909941],[0.829643,40.90994],[0.829398,40.90995],[0.829245,40.909957],[0.829129,40.909947],[0.829062,40.909932],[0.829012,40.909939],[0.828758,40.909688],[0.828735,40.909699],[0.828489,40.909475],[0.828308,40.909307],[0.828219,40.909206],[0.828077,40.909086],[0.827884,40.908907],[0.827702,40.908791],[0.827566,40.9087],[0.827401,40.908692],[0.827165,40.908683],[0.827014,40.908696],[0.827089,40.908922],[0.827114,40.909012],[0.827172,40.909002],[0.82724,40.909001],[0.827302,40.909014],[0.827362,40.909034],[0.827406,40.909058],[0.82747,40.909108],[0.827524,40.909165],[0.827577,40.909221],[0.827033,40.909402],[0.827367,40.909782],[0.827855,40.909534],[0.828032,40.90973],[0.827688,40.909927],[0.828045,40.910305],[0.827892,40.910388],[0.828328,40.910812],[0.828791,40.910553],[0.828823,40.910494],[0.828819,40.910464],[0.829179,40.910375],[0.829563,40.910296],[0.829651,40.910231],[0.829703,40.910188],[0.829784,40.910142],[0.829852,40.910077],[0.829846,40.910022],[0.829847,40.909989]]],[[[0.792297,40.920615],[0.792451,40.920588],[0.792606,40.920563],[0.79283,40.920529],[0.793055,40.920498],[0.793317,40.920471],[0.793579,40.920445],[0.793769,40.920427],[0.793959,40.920409],[0.794034,40.9204],[0.79409,40.920389],[0.794171,40.920367],[0.794246,40.920336],[0.79434,40.920286],[0.794411,40.920248],[0.794536,40.920182],[0.794577,40.920161],[0.794717,40.920092],[0.794777,40.920084],[0.795052,40.920418],[0.795684,40.920087],[0.795897,40.920349],[0.796336,40.920199],[0.796303,40.920147],[0.797569,40.919616],[0.797603,40.919602],[0.798924,40.919031],[0.799003,40.919002],[0.799954,40.918601],[0.800207,40.918907],[0.800432,40.918819],[0.800713,40.919187],[0.800948,40.919088],[0.801254,40.918959],[0.800711,40.918286],[0.801956,40.917747],[0.802013,40.917722],[0.802385,40.917561],[0.802529,40.918347],[0.80259,40.918387],[0.803325,40.918073],[0.803324,40.918071],[0.803005,40.917635],[0.802817,40.917386],[0.803381,40.917146],[0.803856,40.916951],[0.803974,40.917132],[0.804321,40.916995],[0.804229,40.91682],[0.804278,40.916755],[0.804387,40.916708],[0.804499,40.91666],[0.804603,40.916616],[0.804563,40.916562],[0.804268,40.916168],[0.803956,40.916294],[0.803776,40.916388],[0.802848,40.916872],[0.80264,40.916559],[0.802785,40.916495],[0.802752,40.916424],[0.802595,40.916101],[0.802222,40.91623],[0.802219,40.916215],[0.802197,40.916108],[0.802175,40.916001],[0.802166,40.915954],[0.802161,40.915907],[0.802163,40.915894],[0.802166,40.91588],[0.8022,40.91584],[0.802226,40.915822],[0.802265,40.915805],[0.802329,40.915786],[0.802435,40.915756],[0.802607,40.91571],[0.802734,40.915677],[0.802832,40.915652],[0.802967,40.915616],[0.802925,40.915576],[0.803056,40.915593],[0.803326,40.91552],[0.803597,40.915446],[0.80392,40.915356],[0.804243,40.915266],[0.804432,40.915213],[0.8045,40.915194],[0.804596,40.915168],[0.804757,40.915123],[0.804876,40.915089],[0.804968,40.915063],[0.805144,40.915013],[0.805198,40.915002],[0.805133,40.914916],[0.805068,40.91483],[0.805014,40.914749],[0.805022,40.914724],[0.805396,40.914577],[0.805384,40.914461],[0.805132,40.914285],[0.80504,40.914221],[0.804906,40.914181],[0.805071,40.914096],[0.805217,40.914207],[0.805603,40.914284],[0.805702,40.914222],[0.805902,40.914148],[0.805918,40.914142],[0.806117,40.914058],[0.806122,40.914056],[0.806217,40.914015],[0.806239,40.914038],[0.806237,40.914075],[0.806248,40.914091],[0.80625,40.914094],[0.806257,40.914098],[0.806279,40.914109],[0.806331,40.914114],[0.806371,40.914099],[0.806396,40.914081],[0.806406,40.914073],[0.806417,40.914066],[0.806566,40.914036],[0.806738,40.914011],[0.806912,40.91399],[0.807029,40.913979],[0.807222,40.913964],[0.807415,40.913949],[0.807483,40.913938],[0.80755,40.913922],[0.807593,40.913909],[0.807649,40.913889],[0.807789,40.913829],[0.807927,40.913767],[0.808118,40.913682],[0.808308,40.913596],[0.808396,40.913557],[0.808485,40.913518],[0.808499,40.913518],[0.808511,40.913524],[0.808585,40.913619],[0.808657,40.913713],[0.808739,40.913818],[0.808822,40.913923],[0.808857,40.913966],[0.808872,40.913985],[0.808881,40.913996],[0.808888,40.914005],[0.80894,40.91407],[0.808966,40.914108],[0.808986,40.914148],[0.808988,40.914161],[0.808985,40.914175],[0.80898,40.914183],[0.808964,40.914195],[0.808948,40.914205],[0.808913,40.914219],[0.808825,40.914249],[0.808737,40.914278],[0.808637,40.914308],[0.808537,40.914337],[0.808237,40.914424],[0.807937,40.914508],[0.807649,40.914584],[0.80736,40.914656],[0.807185,40.914699],[0.807011,40.914742],[0.806915,40.914772],[0.806854,40.914796],[0.806887,40.914874],[0.806896,40.914887],[0.806904,40.914901],[0.806918,40.914932],[0.806932,40.914956],[0.806963,40.915008],[0.806989,40.915052],[0.807028,40.915118],[0.807059,40.915171],[0.807122,40.915279],[0.807173,40.915368],[0.807184,40.915387],[0.807191,40.915401],[0.807194,40.915413],[0.807257,40.915496],[0.807365,40.915456],[0.807516,40.915407],[0.807706,40.915348],[0.807897,40.91529],[0.807925,40.915282],[0.808127,40.91522],[0.808288,40.915171],[0.808368,40.915146],[0.808501,40.915105],[0.808678,40.915051],[0.808838,40.915001],[0.808878,40.914989],[0.808952,40.914967],[0.809025,40.914946],[0.809127,40.915132],[0.809611,40.914964],[0.809642,40.914932],[0.809592,40.914866],[0.809543,40.914803],[0.809477,40.914699],[0.809437,40.914647],[0.809369,40.914548],[0.809345,40.914513],[0.809295,40.914439],[0.809266,40.914396],[0.809963,40.914079],[0.81027,40.913941],[0.810791,40.913712],[0.811043,40.914036],[0.811088,40.914091],[0.811448,40.913929],[0.811464,40.913922],[0.811484,40.913919],[0.811503,40.913922],[0.811519,40.91393],[0.811539,40.913943],[0.811574,40.913958],[0.811601,40.913965],[0.811613,40.913967],[0.81163,40.913969],[0.811652,40.913971],[0.811692,40.913969],[0.81171,40.913966],[0.811731,40.913962],[0.811746,40.913957],[0.811759,40.913952],[0.811772,40.913946],[0.811817,40.913918],[0.811767,40.913853],[0.811738,40.913818],[0.811722,40.913794],[0.81169,40.913746],[0.811655,40.913698],[0.811636,40.913681],[0.81161,40.913669],[0.811577,40.91366],[0.81154,40.913651],[0.811475,40.913566],[0.811411,40.91348],[0.811294,40.913327],[0.811177,40.913173],[0.811071,40.913033],[0.810964,40.912893],[0.810901,40.912817],[0.810883,40.912795],[0.810877,40.912788],[0.810869,40.912778],[0.810852,40.912758],[0.810791,40.912685],[0.810738,40.912613],[0.810722,40.912587],[0.810709,40.912556],[0.810701,40.912532],[0.810683,40.912508],[0.81062,40.91243],[0.810486,40.912256],[0.810416,40.912161],[0.810285,40.912],[0.810236,40.911938],[0.810188,40.911875],[0.810175,40.911859],[0.81014,40.91181],[0.810113,40.911783],[0.810109,40.911778],[0.810101,40.911766],[0.810093,40.911755],[0.810091,40.911752],[0.810048,40.91169],[0.810004,40.911627],[0.809877,40.911461],[0.80975,40.911296],[0.809622,40.911129],[0.80959,40.911086],[0.809429,40.910877],[0.809279,40.910685],[0.809152,40.910523],[0.809129,40.910493],[0.80905,40.910385],[0.809014,40.910329],[0.809,40.910301],[0.80896,40.910224],[0.808937,40.910176],[0.808914,40.910136],[0.80891,40.910129],[0.808889,40.910095],[0.808841,40.910055],[0.808811,40.910025],[0.808779,40.909984],[0.808768,40.909966],[0.808759,40.909928],[0.808785,40.909693],[0.80885,40.909297],[0.808902,40.909037],[0.808915,40.908977],[0.808927,40.908922],[0.808953,40.908886],[0.809011,40.908852],[0.809072,40.908823],[0.809175,40.908782],[0.809328,40.908732],[0.809439,40.908696],[0.809531,40.908668],[0.809619,40.908641],[0.809924,40.908493],[0.810645,40.908137],[0.81093,40.908011],[0.81132,40.907838],[0.811584,40.907721],[0.811749,40.907648],[0.811946,40.907903],[0.811973,40.907938],[0.812371,40.907753],[0.812484,40.907891],[0.812458,40.907904],[0.812164,40.908044],[0.811934,40.908149],[0.811704,40.908259],[0.811519,40.908356],[0.811248,40.908475],[0.811525,40.908802],[0.811108,40.909],[0.811147,40.909062],[0.811379,40.909366],[0.8115,40.909314],[0.811509,40.909331],[0.811777,40.90968],[0.811666,40.90973],[0.811737,40.909795],[0.812008,40.910107],[0.812177,40.910037],[0.812448,40.910385],[0.812493,40.910433],[0.812507,40.910447],[0.81275,40.910755],[0.813168,40.910563],[0.813375,40.910469],[0.813573,40.910373],[0.813771,40.910286],[0.814023,40.910611],[0.813632,40.910792],[0.813924,40.911157],[0.814116,40.911058],[0.814326,40.910964],[0.814534,40.910863],[0.814821,40.911244],[0.815302,40.911877],[0.815243,40.911909],[0.815074,40.912],[0.814963,40.91206],[0.814939,40.912071],[0.814983,40.912128],[0.815128,40.912323],[0.815223,40.912445],[0.815353,40.912391],[0.815372,40.912383],[0.815389,40.912375],[0.815403,40.912366],[0.815424,40.912357],[0.815443,40.912349],[0.815188,40.912033],[0.815532,40.911876],[0.815604,40.911843],[0.815681,40.911808],[0.815739,40.911782],[0.815792,40.911758],[0.816036,40.912061],[0.816144,40.912039],[0.816397,40.911915],[0.816627,40.912213],[0.816675,40.912265],[0.816878,40.912173],[0.81699,40.912121],[0.817107,40.912068],[0.817219,40.912017],[0.817356,40.911954],[0.817461,40.911907],[0.817685,40.911805],[0.817925,40.911697],[0.818226,40.91156],[0.818402,40.911481],[0.818594,40.911394],[0.818759,40.911318],[0.818957,40.911229],[0.819009,40.911205],[0.819077,40.911229],[0.819105,40.911262],[0.819149,40.911312],[0.819197,40.911368],[0.819253,40.911433],[0.819303,40.911491],[0.81935,40.911464],[0.819369,40.911456],[0.819419,40.911437],[0.819562,40.911373],[0.819707,40.911311],[0.819862,40.911245],[0.819876,40.911239],[0.820045,40.911168],[0.820169,40.911115],[0.820228,40.91109],[0.820328,40.911048],[0.8205,40.910971],[0.820585,40.910931],[0.820635,40.910909],[0.820749,40.910856],[0.820784,40.91084],[0.820917,40.910778],[0.821008,40.910734],[0.820951,40.910657],[0.820865,40.910525],[0.820782,40.910392],[0.82073,40.910302],[0.820653,40.91016],[0.820578,40.910018],[0.820523,40.909924],[0.820483,40.909866],[0.820441,40.909809],[0.82035,40.909698],[0.820285,40.909627],[0.820195,40.909534],[0.820149,40.909489],[0.820104,40.909443],[0.820045,40.909382],[0.819987,40.90932],[0.819764,40.909088],[0.819541,40.908856],[0.819507,40.908821],[0.819294,40.908603],[0.819047,40.90835],[0.818876,40.90817],[0.818703,40.907991],[0.818634,40.907924],[0.818525,40.907826],[0.818449,40.907763],[0.818432,40.907746],[0.818417,40.907732],[0.818399,40.907713],[0.818389,40.907702],[0.818382,40.907694],[0.81837,40.907678],[0.818358,40.90766],[0.818336,40.907625],[0.818303,40.907591],[0.818231,40.907498],[0.81821,40.90747],[0.818117,40.907348],[0.81802,40.907228],[0.818363,40.907059],[0.818149,40.90691],[0.818173,40.906897],[0.818074,40.906803],[0.818041,40.906771],[0.817975,40.906708],[0.817917,40.906655],[0.81786,40.906602],[0.817814,40.906553],[0.817749,40.906476],[0.817684,40.906402],[0.817631,40.906348],[0.817596,40.906313],[0.817581,40.906297],[0.817593,40.906286],[0.817502,40.906197],[0.81741,40.906108],[0.817399,40.906096],[0.817373,40.906068],[0.817331,40.906034],[0.817317,40.906028],[0.817273,40.906007],[0.817236,40.905997],[0.817182,40.905993],[0.81715,40.905998],[0.817141,40.906],[0.817135,40.906002],[0.817122,40.906009],[0.817026,40.906069],[0.816921,40.906137],[0.816839,40.906191],[0.816779,40.906147],[0.816575,40.905962],[0.816505,40.905996],[0.816274,40.9061],[0.816526,40.90633],[0.816267,40.906504],[0.815996,40.906243],[0.815778,40.906368],[0.815551,40.906487],[0.815472,40.9065],[0.815181,40.906628],[0.814782,40.90682],[0.814582,40.906911],[0.814853,40.907237],[0.814354,40.907473],[0.81414,40.907574],[0.81389,40.907691],[0.813713,40.907772],[0.813309,40.907959],[0.813064,40.908072],[0.812803,40.908192],[0.81219,40.907441],[0.812619,40.907252],[0.813237,40.90698],[0.813526,40.906853],[0.814784,40.90629],[0.814786,40.906215],[0.814796,40.906186],[0.814858,40.906147],[0.814921,40.906107],[0.815022,40.906046],[0.8151,40.905998],[0.815234,40.905913],[0.815346,40.90584],[0.815469,40.905758],[0.815563,40.905695],[0.815662,40.905629],[0.815781,40.905556],[0.815852,40.905514],[0.815941,40.905465],[0.816003,40.905485],[0.816199,40.905645],[0.81679,40.905375],[0.816573,40.90515],[0.816445,40.905012],[0.816258,40.904849],[0.816087,40.904695],[0.815885,40.904511],[0.815748,40.904634],[0.815647,40.904556],[0.815562,40.904607],[0.815447,40.904538],[0.815138,40.904736],[0.815073,40.904685],[0.815479,40.904408],[0.815341,40.904295],[0.815176,40.904159],[0.815011,40.904027],[0.814864,40.903899],[0.814666,40.903689],[0.814133,40.903353],[0.814025,40.903345],[0.813695,40.903055],[0.81351,40.903181],[0.81345,40.903146],[0.813353,40.903216],[0.81326,40.903252],[0.812939,40.902982],[0.812504,40.903248],[0.812348,40.90334],[0.81213,40.903491],[0.811835,40.903655],[0.8119,40.903714],[0.811678,40.903863],[0.811493,40.903992],[0.811481,40.903985],[0.81131,40.904107],[0.811084,40.904278],[0.811233,40.904465],[0.811101,40.904532],[0.810797,40.904675],[0.810492,40.904818],[0.810472,40.904828],[0.810443,40.904834],[0.810421,40.90485],[0.810409,40.904867],[0.810405,40.904901],[0.810447,40.90496],[0.809895,40.90547],[0.809954,40.905566],[0.809777,40.905645],[0.809736,40.90566],[0.80966,40.905692],[0.809588,40.905728],[0.80952,40.905769],[0.809457,40.905815],[0.809381,40.905879],[0.809303,40.90594],[0.809251,40.905979],[0.80917,40.906041],[0.809103,40.906092],[0.809056,40.906129],[0.808986,40.906183],[0.808941,40.906217],[0.808881,40.906263],[0.808847,40.906289],[0.808788,40.906329],[0.808763,40.90636],[0.808761,40.906378],[0.808767,40.906396],[0.808797,40.906424],[0.80882,40.906432],[0.808818,40.906444],[0.809244,40.906828],[0.809291,40.906868],[0.809398,40.906978],[0.809529,40.907145],[0.809381,40.907288],[0.809003,40.907481],[0.808773,40.907587],[0.808541,40.90771],[0.808473,40.90776],[0.808388,40.907853],[0.808354,40.90792],[0.808332,40.907974],[0.80832,40.908007],[0.808302,40.90805],[0.808291,40.908067],[0.808285,40.908074],[0.80828,40.908081],[0.808273,40.90809],[0.808263,40.908103],[0.807845,40.90781],[0.807709,40.907952],[0.807705,40.907956],[0.807593,40.9081],[0.807458,40.908253],[0.807122,40.908399],[0.807029,40.908431],[0.807147,40.908587],[0.807141,40.908588],[0.807137,40.908589],[0.807129,40.908589],[0.807121,40.90859],[0.807098,40.908591],[0.807064,40.908592],[0.807033,40.908593],[0.80694,40.908591],[0.806846,40.908588],[0.806778,40.90859],[0.80671,40.908597],[0.806665,40.908605],[0.806606,40.908619],[0.80644,40.908669],[0.806279,40.908724],[0.805971,40.908836],[0.805664,40.90895],[0.805379,40.909063],[0.805098,40.90918],[0.805015,40.909217],[0.804933,40.909256],[0.804775,40.90934],[0.80472,40.909376],[0.804673,40.909418],[0.804647,40.909449],[0.804634,40.909471],[0.804619,40.909497],[0.80461,40.90953],[0.804603,40.909569],[0.804599,40.909629],[0.804597,40.909692],[0.804595,40.909729],[0.804594,40.909745],[0.804594,40.909761],[0.804593,40.909777],[0.804593,40.90979],[0.804477,40.909804],[0.804441,40.9099],[0.804404,40.909996],[0.804382,40.910042],[0.804341,40.910109],[0.8043,40.910175],[0.804247,40.910271],[0.804194,40.910368],[0.804159,40.910424],[0.804153,40.910433],[0.804106,40.910496],[0.804037,40.910565],[0.804043,40.91057],[0.804031,40.91057],[0.804004,40.91059],[0.80398,40.910604],[0.803954,40.910617],[0.803833,40.910667],[0.803785,40.910687],[0.803635,40.910748],[0.803616,40.910756],[0.803446,40.910823],[0.803418,40.910834],[0.803277,40.910891],[0.803268,40.910895],[0.803103,40.910963],[0.803011,40.911002],[0.80293,40.911035],[0.802771,40.911],[0.802671,40.910982],[0.802635,40.910915],[0.80241,40.910936],[0.802221,40.910939],[0.802119,40.911018],[0.80214,40.911194],[0.80214,40.911209],[0.802136,40.911224],[0.802122,40.911232],[0.802115,40.911232],[0.802089,40.911233],[0.802059,40.91123],[0.802025,40.911227],[0.801963,40.911222],[0.801867,40.911214],[0.801772,40.911207],[0.801544,40.911188],[0.801317,40.911166],[0.801175,40.911149],[0.801031,40.91113],[0.800933,40.911118],[0.800836,40.911107],[0.800771,40.9111],[0.800719,40.911098],[0.80069,40.9111],[0.800677,40.9111],[0.800666,40.911101],[0.800561,40.911112],[0.80046,40.911127],[0.800361,40.911146],[0.800255,40.911173],[0.80015,40.911205],[0.800082,40.911229],[0.799969,40.911273],[0.799957,40.911278],[0.799628,40.911378],[0.799383,40.911468],[0.799289,40.91151],[0.799194,40.911552],[0.799096,40.911596],[0.798998,40.911641],[0.798857,40.911694],[0.798701,40.911753],[0.798676,40.911764],[0.798654,40.911778],[0.798615,40.911811],[0.798547,40.911885],[0.798468,40.911969],[0.798393,40.912055],[0.798332,40.912132],[0.798275,40.912211],[0.798243,40.912267],[0.798217,40.912324],[0.798204,40.912363],[0.798189,40.912435],[0.798181,40.912507],[0.79818,40.912544],[0.79818,40.912581],[0.79818,40.912584],[0.798181,40.912598],[0.798184,40.912612],[0.798185,40.912627],[0.798187,40.912639],[0.79819,40.912653],[0.798073,40.912703],[0.797993,40.912737],[0.797899,40.912778],[0.797647,40.912902],[0.797343,40.913054],[0.797123,40.913153],[0.797021,40.913216],[0.797122,40.913259],[0.797463,40.913429],[0.797483,40.913438],[0.79753,40.913462],[0.797297,40.91358],[0.797272,40.913599],[0.797165,40.91346],[0.79689,40.913613],[0.796577,40.913786],[0.796475,40.913843],[0.796298,40.913929],[0.796188,40.914007],[0.796091,40.914076],[0.796096,40.91409],[0.796094,40.914092],[0.795998,40.914163],[0.795889,40.914237],[0.795756,40.914308],[0.795601,40.91439],[0.795537,40.914427],[0.795311,40.914557],[0.79508,40.914689],[0.795094,40.914703],[0.795114,40.914728],[0.794739,40.914848],[0.794329,40.914989],[0.794016,40.915067],[0.794005,40.91507],[0.793979,40.915076],[0.793749,40.915126],[0.793656,40.915132],[0.793596,40.915136],[0.793502,40.915142],[0.793488,40.915137],[0.793471,40.915132],[0.793456,40.915128],[0.793439,40.915124],[0.793418,40.915119],[0.793373,40.915112],[0.793237,40.915093],[0.793101,40.915076],[0.792932,40.915057],[0.792762,40.915041],[0.792699,40.915038],[0.792693,40.915037],[0.792651,40.91504],[0.792623,40.915042],[0.792605,40.915044],[0.792577,40.915048],[0.792471,40.915073],[0.79237,40.915102],[0.792293,40.915125],[0.792218,40.915152],[0.792149,40.915184],[0.792093,40.915211],[0.792081,40.915216],[0.792061,40.915226],[0.791938,40.915286],[0.791794,40.915354],[0.791615,40.915437],[0.791435,40.91552],[0.791391,40.915545],[0.791353,40.915575],[0.791332,40.915598],[0.791318,40.915626],[0.791311,40.915653],[0.791309,40.91571],[0.791312,40.915827],[0.791314,40.915945],[0.791311,40.916138],[0.79131,40.916264],[0.791308,40.916335],[0.791303,40.916457],[0.791295,40.916542],[0.791288,40.916583],[0.791282,40.916609],[0.791259,40.916631],[0.791239,40.91664],[0.791207,40.916656],[0.791119,40.916691],[0.791079,40.916709],[0.79104,40.916726],[0.79088,40.916799],[0.790751,40.916856],[0.790545,40.916949],[0.790328,40.917044],[0.790008,40.917182],[0.789708,40.917316],[0.789477,40.917413],[0.78922,40.917519],[0.789048,40.917601],[0.78889,40.917678],[0.788903,40.917691],[0.788817,40.91771],[0.788798,40.917719],[0.788743,40.917743],[0.788764,40.917815],[0.789062,40.918165],[0.789279,40.91807],[0.789538,40.91847],[0.789563,40.918515],[0.789585,40.918533],[0.789625,40.91855],[0.789675,40.918558],[0.789726,40.91855],[0.790138,40.918926],[0.790313,40.919072],[0.790316,40.919094],[0.790327,40.919115],[0.790343,40.919133],[0.790366,40.919147],[0.790392,40.919157],[0.790421,40.919161],[0.790451,40.919159],[0.790491,40.919146],[0.79069,40.919391],[0.790837,40.919353],[0.791081,40.919679],[0.791055,40.919716],[0.791052,40.919737],[0.791057,40.919758],[0.791069,40.919777],[0.791087,40.919793],[0.79111,40.919805],[0.791158,40.919812],[0.791182,40.919809],[0.791214,40.919799],[0.791226,40.919777],[0.791237,40.919758],[0.791249,40.919737],[0.791279,40.919724],[0.791616,40.919578],[0.79185,40.919871],[0.79199,40.919807],[0.792199,40.92012],[0.792071,40.920174],[0.791947,40.920226],[0.791863,40.920262],[0.791781,40.920298],[0.791756,40.920313],[0.791743,40.920337],[0.791746,40.920353],[0.79177,40.920379],[0.79179,40.920386],[0.791855,40.920399],[0.791895,40.920398],[0.791935,40.920475],[0.791951,40.9205],[0.791981,40.920546],[0.792012,40.920591],[0.791997,40.920591],[0.791964,40.92059],[0.791951,40.920592],[0.791939,40.920596],[0.791929,40.920601],[0.791917,40.920617],[0.791918,40.920642],[0.79192,40.920658],[0.791923,40.920665],[0.791936,40.920677],[0.791952,40.92068],[0.791968,40.920684],[0.792297,40.920615]]]]}}]}